0,0,-105.8217,-104.7203,-104.0112,-2.924514,-104.8811,-112.5562,-100.8185,-34.60939,17.59011,31.99825,-9.739253,-81.44547,-124.6381,-111.1261,-108.6294,-111.1329,24,24,24,24,24,24,24,24,24,24,24,24,24,24,24,24,0,0,-106.6842,-108.1964,32.21283,-37.96597,0.2609915,0.2454136,0.2611665,-1.303744,0.5177578,0.1301466,-0.1313979,0.4040906,0.1279513,-1.002252,1.203984E-06,0.112969,24,24,24,24,24,24,24,24,24,24,24,24,24,24,24,24
1,10,-109.1887,-109.6782,-111.2731,-1.949696,-114.295,-122.676,-107.0717,-35.98866,17.09464,32.12132,-11.75676,-84.59735,-132.3747,-112.9164,-110.2987,-109.5661,24,24,24,24,24,24,24,24,24,24,24,24,24,24,24,24,1,10,-104.4002,-104.7746,31.03431,-38.61145,-0.001649457,-1.227228,0.2611665,1.043045,-0.6470464,0.2589166,-0.7883748,-0.2694451,0.2559332,0.2227498,-0.1204465,-0.6782023,24,24,24,24,24,24,24,24,24,24,24,24,24,24,24,24
2,20,-113.8784,-114.2536,-114.3501,-2.680809,-109.3467,-114.5308,-104.1365,-35.11094,17.21851,32.98281,-10.09528,-81.3194,-125.3522,-111.7229,-110.6563,-113.6639,24,24,24,24,24,24,24,24,24,24,24,24,24,24,24,24,2,20,-112.1926,-111.6182,32.08188,-39.90241,-0.9208933,-0.1227485,-0.5224293,2.88956E-05,0.2589127,-0.7712445,-0.7883748,0.5387971,0.7678589,-0.1113412,-0.1204465,-0.3391284,24,24,24,24,24,24,24,24,24,24,24,24,24,24,24,24
3,30,-112.1949,-111.3519,-109.4269,-2.924514,-112.6053,-122.4292,-107.965,-36.99176,17.46624,31.50597,-10.92602,-86.11025,-132.0176,-116.6164,-112.4448,-111.4945,24,24,24,24,24,24,24,24,24,24,24,24,24,24,24,24,3,30,-110.8491,-113.4608,32.08188,-38.99874,0.1296714,0.6135725,-0.3918292,-0.1303513,-0.2587778,-1.028785,0.1313947,0.134676,-2.88956E-05,0.2227498,1.203984E-06,0.3390193,24,24,24,24,24,24,24,24,24,24,24,24,24,24,24,24
4,40,-109.9101,-111.8355,-112.3808,-2.071548,-111.0364,-115.8883,-103.6261,-33.60629,18.82877,32.85974,-11.63808,-84.47128,-129.042,-109.4551,-107.3179,-106.6736,24,24,24,24,24,24,24,24,24,24,24,24,24,24,24,24,4,40,-118.9103,-119.778,32.21283,-38.74054,-0.001649457,0.3681332,-3.210623E-05,-1.173367,0.3883345,0.2589166,-0.1313979,0.4040906,-0.3839728,-0.6681595,-1.324925,-5.458059E-05,24,24,24,24,24,24,24,24,24,24,24,24,24,24,24,24
5,50,-106.3027,-110.8683,-111.8885,-2.315253,-108.8639,-114.6542,-104.5194,-36.11404,16.35145,31.50597,-10.68867,-83.46267,-127.9708,-112.6777,-111.014,-112.0971,24,24,24,24,24,24,24,24,24,24,24,24,24,24,24,24,5,50,-115.8202,-113.724,33.2604,-38.09505,0.5236325,-0.2454682,-0.3918292,2.88956E-05,0.7766031,0.2589166,-3.210623E-06,-3.050092E-05,-0.7679183,-0.2227048,0.240897,0.452046,24,24,24,24,24,24,24,24,24,24,24,24,24,24,24,24
6,60,-111.8341,-110.7474,-109.0576,-2.193401,-109.226,-117.1225,-104.647,-35.36172,18.58103,32.36745,-9.620577,-83.46267,-127.7327,-113.7519,-110.4179,-109.3251,24,24,24,24,24,24,24,24,24,24,24,24,24,24,24,24,6,60,-108.8338,-109.9073,32.34377,-39.77331,-0.1329695,-0.8590181,0.2611665,0.9126677,-0.5176246,0.3876867,-0.6569801,-0.8082727,-0.1280107,0.3341134,-0.9635817,-0.9042526,24,24,24,24,24,24,24,24,24,24,24,24,24,24,24,24
7,70,-107.0241,-108.9338,-114.7194,-2.193401,-110.9157,-114.6542,-104.1177,-33.85707,18.08557,32.73667,-11.63808,-84.3452,-128.923,-110.8874,-108.1525,-108.6019,24,24,24,24,24,24,24,24,24,24,24,24,24,24,24,24,7,70,-107.3559,-108.0648,32.21283,-39.64421,-0.7895724,0.3681846,0.2611665,0.3911598,0.3883345,-0.2561635,-0.1313979,0.134676,-0.3839728,0.1113861,-0.2408946,0.6780931,24,24,24,24,24,24,24,24,24,24,24,24,24,24,24,24
8,80,-113.1569,-111.4728,-111.2731,-2.071548,-110.1915,-115.3947,-106.542,-35.73788,16.84691,32.49053,-9.264546,-82.07584,-128.923,-117.3325,-114.9487,-118.0027,24,24,24,24,24,24,24,24,24,24,24,24,24,24,24,24,8,80,-107.4903,-105.4326,32.47472,-39.38602,0.5236325,-0.2454168,0.130568,-2.247436E-05,6.742308E-05,0.001376554,0.2627895,-0.4041516,-0.1280107,0.7795697,0.240897,0.9041435,24,24,24,24,24,24,24,24,24,24,24,24,24,24,24,24
9,90,-115.3214,-115.4626,-117.181,-2.071548,-119.3641,-129.834,-112.4112,-38.62179,17.71397,32.36745,-9.739253,-85.60595,-132.8508,-115.5422,-111.3717,-110.8919,24,24,24,24,24,24,24,24,24,24,24,24,24,24,24,24,9,90,-105.7437,-106.8803,32.34377,-38.48235,-0.001649457,0.3681846,-3.210623E-05,-1.303792,0.3883345,0.3876867,-0.5255854,0.2693825,-2.88956E-05,-0.7795247,-0.6022382,-0.3391284,24,24,24,24,24,24,24,24,24,24,24,24,24,24,24,24
10,100,-106.5432,-115.0999,-114.5963,-2.68081,-108.9846,-111.5689,-101.9487,-34.35862,18.7049,32.85973,-9.264546,-80.8151,-124.5191,-107.9035,-105.8871,-108.9635,24,24,24,24,24,24,24,24,24,24,24,24,24,24,24,24,10,100,-107.6246,-104.5113,33.2604,-40.2897,0.1296714,-0.2454168,-1.044827,-0.5215303,0.1294892,-0.5137045,0.2627895,-0.5388581,-0.2559926,0.1113861,-0.6022382,0.3390193,24,24,24,24,24,24,24,24,24,24,24,24,24,24,24,24
11,110,-112.1949,-110.1429,-109.9192,-1.705991,-110.4329,-117.3693,-108.8386,-38.74718,15.48439,32.85973,-8.78984,-82.328,-133.684,-122.8228,-120.314,-121.4978,24,24,24,24,24,24,24,24,24,24,24,24,24,24,24,24,11,110,-108.2964,-107.9332,31.5581,-38.09505,0.1296714,-0.1226972,-0.1306306,0.3911116,-0.129356,0.001376554,-0.2627413,0.134676,-2.88956E-05,0.3341134,-0.1204465,-1.356353,24,24,24,24,24,24,24,24,24,24,24,24,24,24,24,24
12,120,-118.8086,-117.397,-118.7811,-2.071548,-119.1227,-127.3657,-111.518,-38.24564,17.21851,32.24438,-10.56999,-86.99276,-134.8742,-118.2874,-114.114,-114.0254,24,24,24,24,24,24,24,24,24,24,24,24,24,24,24,24,12,120,-108.162,-109.3809,31.5581,-41.45157,-0.3956113,0.1227453,-3.210623E-05,0.6518655,6.742308E-05,-0.7712445,0.1314461,0.134676,-0.5119547,0.3341134,0.1204489,-0.2261049,24,24,24,24,24,24,24,24,24,24,24,24,24,24,24,24
13,130,-115.4416,-114.8581,-114.5963,-2.924515,-111.6398,-117.4927,-105.1385,-33.98245,18.7049,33.96737,-9.739255,-83.08443,-127.6137,-110.1712,-109.5833,-109.8072,24,24,24,24,24,24,24,24,24,24,24,24,24,24,24,24,13,130,-106.9529,-106.6171,30.90336,-39.12783,-0.001649457,0.3681846,0.5223651,-2.247436E-05,-0.3882012,0.1301466,0.3942356,-3.050092E-05,-2.729029E-05,0.2227498,0.3613448,-0.1130781,24,24,24,24,24,24,24,24,24,24,24,24,24,24,24,24
14,140,-110.1507,-107.7248,-107.2114,-1.949696,-107.7777,-114.6542,-105.0109,-35.48711,16.35145,33.10588,-9.620577,-82.07584,-127.6137,-113.0358,-111.6102,-112.0971,24,24,24,24,24,24,24,24,24,24,24,24,24,24,24,24,14,140,-106.8185,-107.2751,31.68904,-39.38602,-0.1329695,0.1227453,-0.2612307,-0.9126613,-0.129356,0.5164576,-0.1313466,0.5387971,-0.6399333,-0.2227048,-0.3613423,-5.458059E-05,24,24,24,24,24,24,24,24,24,24,24,24,24,24,24,24
15,150,-109.7899,-110.1429,-112.0116,-1.949696,-114.7778,-120.9483,-107.4351,-35.98866,18.45717,33.22895,-10.21396,-84.34518,-127.3757,-108.6196,-105.5294,-104.2631,24,24,24,24,24,24,24,24,24,24,24,24,24,24,24,24,15,150,-111.3865,-111.6182,32.86756,-40.1606,0.2609915,-1.227177,-0.1306306,0.6518655,-0.129356,-0.1273935,-0.394136,-0.5388581,0.2559364,0.5568408,-0.9635817,-0.3391284,24,24,24,24,24,24,24,24,24,24,24,24,24,24,24,24
16,160,-108.3469,-110.022,-109.3038,-2.437105,-106.5708,-112.4328,-102.3315,-33.98245,19.20036,32.9828,-10.21396,-82.2019,-124.6381,-109.5745,-108.0333,-109.9277,24,24,24,24,24,24,24,24,24,24,24,24,24,24,24,24,16,160,-115.5514,-113.9872,31.5581,-38.99873,-0.001649457,-0.3681364,0.6529652,0.3911116,0.2589127,0.001376554,-0.9197182,-0.4041516,-2.729029E-05,-0.2227048,0.240897,0.2260471,24,24,24,24,24,24,24,24,24,24,24,24,24,24,24,24
17,170,-111.1126,-109.7802,-110.1654,-1.949696,-111.2777,-118.2332,-107.3075,-35.11094,17.34237,33.47509,-9.620577,-83.2105,-130.3513,-115.5422,-113.2794,-113.0613,24,24,24,24,24,24,24,24,24,24,24,24,24,24,24,24,17,170,-109.6399,-111.0918,31.42715,-41.58066,-0.1329695,0.3681846,-0.6530278,0.5214886,0.3883345,-1.157555,0.3942356,-0.134737,-0.6399333,0.4454771,0.7226883,0.565121,24,24,24,24,24,24,24,24,24,24,24,24,24,24,24,24
18,180,-111.5936,-111.9564,-114.8425,-1.462287,-117.3123,-125.2677,-107.9455,-35.36172,18.7049,32.73666,-11.28205,-86.36239,-131.1845,-112.9164,-109.2256,-110.1687,24,24,24,24,24,24,24,24,24,24,24,24,24,24,24,24,18,180,-107.759,-107.67,30.37958,-39.12783,0.3923124,-0.2454168,0.3917666,-0.6519073,-0.3882012,-0.3849344,-0.2627413,-0.134737,-2.729029E-05,-0.2227048,-0.1204465,-0.3390771,24,24,24,24,24,24,24,24,24,24,24,24,24,24,24,24
19,190,-113.3974,-114.1327,-113.4886,-3.046367,-105.9673,-108.9772,-99.77963,-32.22703,20.06742,33.72123,-9.620577,-80.81509,-122.9718,-106.1132,-105.5294,-106.312,24,24,24,24,24,24,24,24,24,24,24,24,24,24,24,24,19,190,-108.162,-106.0906,30.77242,-39.51512,-0.001649457,0.3681846,-0.9142264,-0.3911534,0.9060249,0.001376554,-0.394136,0.2693825,-1.279841,-0.3340685,-0.2408946,0.7911713,24,24,24,24,24,24,24,24,24,24,24,24,24,24,24,24
20,200,-107.5051,-106.1531,-105.9805,-1.949696,-105.2432,-109.8411,-102.9694,-34.10784,17.71397,32.9828,-9.264546,-80.31078,-123.5669,-107.5455,-105.5294,-105.9504,24,24,24,24,24,24,24,24,24,24,24,24,24,24,24,24,20,200,-106.5498,-108.0648,32.47472,-39.25693,0.5236325,-0.8590181,0.130568,-2.247436E-05,-0.5176246,0.7739977,-1.182511,-0.4041516,0.5118985,0.2227498,-0.7226863,-0.7911777,24,24,24,24,24,24,24,24,24,24,24,24,24,24,24,24
21,210,-104.1382,-103.735,-104.5035,-2.558957,-106.2087,-111.5689,-102.5866,-34.23323,18.95263,32.73666,-9.027193,-81.94976,-124.5191,-108.739,-105.1717,-106.1915,24,24,24,24,24,24,24,24,24,24,24,24,24,24,24,24,21,210,-106.1468,-106.8803,31.81999,-40.2897,0.3922602,2.568498E-05,0.3917666,-0.5215303,0.2589127,-1.157555,-0.525534,-3.050092E-05,-0.3839712,-0.3340685,-0.1204465,-0.2260535,24,24,24,24,24,24,24,24,24,24,24,24,24,24,24,24
22,220,-108.8279,-109.901,-110.5346,-2.924514,-108.1397,-112.5562,-102.2039,-34.35862,18.45717,32.73666,-9.85793,-82.2019,-125.5903,-110.41,-108.1525,-109.8072,24,24,24,24,24,24,24,24,24,24,24,24,24,24,24,24,22,220,-113.5362,-112.6711,30.64147,-40.54789,-0.2643426,0.1226939,-3.210623E-05,-0.5215303,-0.5176246,-0.3849344,0.9198177,0.4040906,-0.7679151,-0.1113412,1.203984E-06,0.2260471,24,24,24,24,24,24,24,24,24,24,24,24,24,24,24,24
23,230,-111.3531,-109.4174,-108.6883,-1.705991,-109.4673,-117.2459,-106.9441,-36.11404,16.35145,32.73666,-10.21396,-84.59733,-131.7796,-116.8551,-115.664,-116.4359,24,24,24,24,24,24,24,24,24,24,24,24,24,24,24,24,23,230,-111.2522,-112.2763,30.37957,-41.32248,0.6549012,-0.1227485,0.1305696,-1.303792,-0.5176246,-0.2561643,-0.2627413,-3.050092E-05,-0.6399333,-0.8908884,-0.4817901,-0.3390771,24,24,24,24,24,24,24,24,24,24,24,24,24,24,24,24
24,240,-116.2834,-114.3745,-117.0579,-2.315252,-115.9847,-123.1697,-109.1135,-36.23943,17.83784,33.22895,-12.35014,-87.87528,-136.1835,-118.8841,-115.4256,-115.8333,24,24,24,24,24,24,24,24,24,24,24,24,24,24,24,24,24,240,-111.2522,-110.9602,29.98673,-40.2897,0.2609394,-2.568498E-05,-0.7836247,2.88956E-05,0.2589127,0.2589166,0.6570283,-0.5388581,-0.6399333,0.2227498,1.203984E-06,0.565121,24,24,24,24,24,24,24,24,24,24,24,24,24,24,24,24
25,250,-118.4479,-120.7823,-119.7658,-3.411924,-113.9329,-119.4673,-107.3269,-35.98866,17.21856,32.49052,-10.21396,-83.46265,-128.5659,-112.439,-110.8948,-111.0124,24,24,24,24,24,24,24,24,24,24,24,24,24,24,24,24,25,250,-109.7743,-105.301,30.11768,-41.06428,0.5235803,-0.6136271,-0.130629,0.391163,-0.129356,0.001376554,-0.2627413,-0.4041516,0.1279546,-0.1113412,-0.9635817,-0.9042013,24,24,24,24,24,24,24,24,24,24,24,24,24,24,24,24
26,260,-110.9924,-110.8683,-109.9192,-2.802662,-109.7087,-115.3947,-106.0508,-35.61249,17.46629,33.72123,-9.85793,-82.07584,-128.3279,-111.8422,-111.1333,-109.9277,24,24,24,24,24,24,24,24,24,24,24,24,24,24,24,24,26,260,-106.8185,-105.959,30.77242,-40.67699,-0.3956635,0.2454136,0.5223683,-0.2607251,0.7766031,-0.7712445,-0.525534,-0.2694451,0.2559364,-0.6681595,0.3613448,-0.2260535,24,24,24,24,24,24,24,24,24,24,24,24,24,24,24,24
27,270,-109.9101,-109.5383,-110.4115,-2.924514,-109.226,-114.1605,-103.4985,-34.23323,18.95268,33.35202,-9.976606,-81.69761,-124.281,-106.2326,-104.814,-105.1068,24,24,24,24,24,24,24,24,24,24,24,24,24,24,24,24,27,270,-108.0277,-107.0119,30.11768,-42.09705,-0.00170163,0.4908528,-0.130629,-0.1303481,-0.7764698,-0.2561643,0.2628408,0.2693825,0.1279546,0.2227498,-0.1204465,0.1130203,24,24,24,24,24,24,24,24,24,24,24,24,24,24,24,24
28,280,-106.7837,-108.3293,-107.2113,-2.924514,-105.7259,-111.8157,-102.2223,-34.86016,17.59016,31.50597,-9.976606,-81.82369,-123.924,-108.6196,-106.841,-108.6019,24,24,24,24,24,24,24,24,24,24,24,24,24,24,24,24,28,280,-108.4308,-108.9861,29.59389,-40.67699,0.5235803,0.2454136,0.5223683,-0.7822329,-0.2587778,-0.2561643,0.3942356,-0.1346856,-2.729029E-05,-0.2227048,0.1204489,-0.3390771,24,24,24,24,24,24,24,24,24,24,24,24,24,24,24,24
29,290,-106.6634,-106.8785,-106.2267,-2.437105,-106.9328,-112.803,-103.1156,-33.4809,18.82882,33.59816,-9.857929,-82.58015,-125.3522,-108.1422,-106.9602,-106.7941,24,24,24,24,24,24,24,24,24,24,24,24,24,24,24,24,29,290,-110.7147,-109.3809,30.51052,-41.58067,-0.2643426,-0.2454682,-0.9142248,0.260786,0.6471797,-0.1273935,-0.6569287,-0.4041002,-0.8959018,-0.1113412,1.203984E-06,0.4520974,24,24,24,24,24,24,24,24,24,24,24,24,24,24,24,24
30,300,-107.1444,-106.6367,-107.7037,-2.558957,-107.0535,-111.0752,-101.9671,-33.10474,18.33335,32.73667,-10.68867,-81.82369,-123.6859,-105.3971,-103.5025,-104.5042,24,24,24,24,24,24,24,24,24,24,24,24,24,24,24,24,30,300,-109.6399,-110.3021,30.24863,-41.19338,0.3922602,-1.349948,-2.88956E-05,0.1304059,-0.9058917,0.2589166,-0.394136,-0.4041002,0.6398755,0.2227498,-1.08403,-0.9042013,24,24,24,24,24,24,24,24,24,24,24,24,24,24,24,24
31,310,-105.1002,-106.8785,-105.3651,-3.290071,-103.5535,-109.9645,-101.5842,-34.60939,17.59016,31.62904,-10.09528,-82.07584,-124.6381,-110.41,-109.4641,-111.7355,24,24,24,24,24,24,24,24,24,24,24,24,24,24,24,24,31,310,-109.5056,-108.4596,30.37957,-41.70977,-0.7896253,-2.568498E-05,0.6529668,2.88956E-05,0.2589127,-0.6424745,0.2628408,-0.4041002,-3.210623E-05,-0.2227048,-0.6021864,-0.2260535,24,24,24,24,24,24,24,24,24,24,24,24,24,24,24,24
32,320,-111.9544,-111.3519,-112.3808,-2.802662,-110.9156,-119.4673,-106.1784,-35.73788,18.08562,33.72123,-9.264544,-81.94977,-126.7806,-109.9325,-108.2718,-106.9146,24,24,24,24,24,24,24,24,24,24,24,24,24,24,24,24,32,320,-106.6842,-105.959,30.64147,-42.74253,0.2609394,0.4908528,-0.130629,0.52154,-0.6470464,-0.5137045,0.2628408,0.404142,-0.6399397,-0.2227048,0.2409484,0.452046,24,24,24,24,24,24,24,24,24,24,24,24,24,24,24,24
33,330,-107.6254,-108.5711,-109.1807,-2.802662,-108.0191,-111.9391,-103.1156,-34.35861,18.45722,32.85974,-11.0447,-82.83229,-124.7571,-106.8293,-104.9333,-105.7094,24,24,24,24,24,24,24,24,24,24,24,24,24,24,24,24,33,330,-103.4597,-103.8533,29.59389,-41.19338,0.2609394,-0.4909074,0.1305696,-0.7822329,0.7766031,-0.2561643,-0.525534,0.2694339,0.2559316,-0.1113412,-0.3612906,-0.3391284,24,24,24,24,24,24,24,24,24,24,24,24,24,24,24,24
34,340,-107.8659,-107.2597,-106.2267,-2.680809,-102.95,-110.0879,-101.0738,-34.73478,18.70495,32.6136,-8.315131,-79.55435,-122.9718,-110.41,-108.7487,-111.9766,24,24,24,24,24,24,24,24,24,24,24,24,24,24,24,24,34,340,-106.8185,-107.1435,30.37957,-41.45157,-0.3956635,-0.3681878,-0.7836247,0.52154,0.3883345,-0.3849344,-0.2627413,-0.1346856,-1.151864,-0.1113412,0.1205007,0.452046,24,24,24,24,24,24,24,24,24,24,24,24,24,24,24,24
35,350,-110.7519,-111.2502,-110.1653,-2.924514,-109.226,-116.6288,-106.306,-37.74408,16.59923,31.62904,-10.56999,-83.71481,-130.1133,-113.7519,-112.0871,-110.6508,24,24,24,24,24,24,24,24,24,24,24,24,24,24,24,24,35,350,-111.1178,-110.3022,29.72484,-41.19338,0.2609394,-0.9817892,-2.88956E-05,0.1304059,-0.9058917,-0.1273935,-0.394136,-0.1346856,0.3839118,0.1113861,-0.7226341,-0.4521552,24,24,24,24,24,24,24,24,24,24,24,24,24,24,24,24
36,360,-113.6379,-114.5152,-115.8271,-2.315253,-113.9329,-116.6288,-105.2851,-34.98555,18.33335,33.22895,-10.68867,-84.72343,-129.042,-111.1261,-109.2256,-109.6866,24,24,24,24,24,24,24,24,24,24,24,24,24,24,24,24,36,360,-108.2964,-108.8545,31.16525,-40.93518,-0.2643426,-0.3681878,-2.88956E-05,0.391163,0.6471797,-0.900015,-0.525534,2.086905E-05,0.2559316,0.1113861,0.3613965,-0.1130781,24,24,24,24,24,24,24,24,24,24,24,24,24,24,24,24
37,370,-112.7961,-111.9758,-110.1653,-2.193401,-108.8639,-115.8883,-105.5403,-36.61559,17.46629,31.50597,-9.857929,-83.21052,-127.7327,-114.8261,-112.2064,-114.9896,24,24,24,24,24,24,24,24,24,24,24,24,24,24,24,24,37,370,-111.9239,-111.7499,30.64147,-41.83886,0.1296714,0.1226939,-0.7836247,0.52154,-0.5176246,-0.2561643,4.815934E-05,0.1347274,-0.128014,0.1113861,0.4818442,-5.458059E-05,24,24,24,24,24,24,24,24,24,24,24,24,24,24,24,24
38,380,-111.3531,-110.4038,-110.4115,-2.558958,-113.3295,-121.4419,-106.8164,-35.4871,18.58109,33.59816,-9.976606,-83.84089,-128.4469,-111.1261,-108.2718,-107.2762,24,24,24,24,24,24,24,24,24,24,24,24,24,24,24,24,38,380,-110.043,-109.2493,30.24863,-40.54789,-0.2642904,-2.568498E-05,0.1305696,-0.7822329,0.2589127,0.2589166,-0.394136,0.5388485,-0.2559942,-0.2227048,0.1205007,-5.458059E-05,24,24,24,24,24,24,24,24,24,24,24,24,24,24,24,24
39,390,-107.0241,-109.5573,-110.7807,-2.558958,-108.8639,-112.3093,-103.3708,-34.86016,18.08562,32.98281,-9.620576,-81.3194,-123.8049,-105.8745,-104.8141,-106.0709,24,24,24,24,24,24,24,24,24,24,24,24,24,24,24,24,39,390,-106.2811,-106.4855,31.55809,-41.06428,-0.1329695,-0.6136271,-0.6529765,2.88956E-05,0.3883345,-0.5137045,0.2628408,-0.8082213,-0.128014,0.3341134,-0.3612906,-0.1130781,24,24,24,24,24,24,24,24,24,24,24,24,24,24,24,24
40,400,-108.5874,-108.8317,-107.8268,-2.558958,-106.088,-112.1859,-102.6051,-35.73788,17.34243,31.50597,-9.976606,-80.94117,-121.7815,-107.1874,-104.9333,-107.7583,24,24,24,24,24,24,24,24,24,24,24,24,24,24,24,24,40,400,-106.1468,-104.3797,30.51052,-41.06428,-0.001649457,-0.8590695,1.926374E-05,0.7822907,-0.3882012,0.7739977,-0.7883235,2.086905E-05,0.3839118,-0.4454322,-1.083978,-0.6782023,24,24,24,24,24,24,24,24,24,24,24,24,24,24,24,24
41,410,-107.3849,-106.6551,-105.4882,-2.315253,-107.4156,-114.6542,-104.1365,-35.48711,17.9617,32.6136,-10.33264,-82.95837,-126.3044,-110.5293,-108.1525,-108.1198,24,24,24,24,24,24,24,24,24,24,24,24,24,24,24,24,41,410,-109.5056,-108.1964,30.37957,-41.58066,-0.3956113,-0.3681878,-0.2611793,-0.2607282,0.3883345,-1.028785,4.815934E-05,-0.1346856,-0.2559942,-0.2227048,5.297528E-05,-0.3391284,24,24,24,24,24,24,24,24,24,24,24,24,24,24,24,24
42,420,-108.3469,-109.6782,-111.8885,-2.193401,-111.3984,-115.6415,-106.1784,-35.98866,16.97078,32.12132,-11.28205,-84.8495,-129.1611,-111.3648,-109.2256,-111.2534,24,24,24,24,24,24,24,24,24,24,24,24,24,24,24,24,42,420,-106.5498,-105.8274,30.64147,-40.1606,0.2609915,0.2454136,0.2612179,2.88956E-05,-1.164737,0.001376554,1.314005,2.086905E-05,-0.128014,-0.1113412,0.2409484,0.112969,24,24,24,24,24,24,24,24,24,24,24,24,24,24,24,24
43,430,-113.9986,-113.0641,-111.7654,-2.193401,-109.588,-114.901,-105.6679,-37.11715,16.47531,30.02913,-11.40073,-84.47128,-129.3991,-115.4228,-112.8025,-114.8691,24,24,24,24,24,24,24,24,24,24,24,24,24,24,24,24,43,430,-109.2369,-109.5125,31.55809,-40.2897,0.3923124,0.7362953,0.2612179,-0.7822361,0.3883345,0.7739977,-0.2627413,0.673555,-0.76792,-0.2227048,5.297528E-05,-0.6782023,24,24,24,24,24,24,24,24,24,24,24,24,24,24,24,24
44,440,-112.5556,-110.8874,-111.3961,-2.437105,-113.3295,-119.5907,-108.2202,-37.61869,16.97078,31.75211,-10.80734,-84.34518,-129.7562,-112.0809,-109.4641,-107.5172,24,24,24,24,24,24,24,24,24,24,24,24,24,24,24,24,44,440,-115.1484,-113.4608,31.81999,-40.93518,0.3923124,-0.4909074,-0.522378,-0.1303513,-0.129356,-0.5137045,0.3942356,-1.212341,-0.128014,0.4454771,5.297528E-05,-0.1130781,24,24,24,24,24,24,24,24,24,24,24,24,24,24,24,24
45,450,-105.1001,-108.2271,-111.7654,-2.437105,-107.8984,-111.1986,-102.8604,-34.98555,17.71397,31.13676,-13.0622,-85.60593,-126.6615,-109.2164,-107.4371,-107.8788,24,24,24,24,24,24,24,24,24,24,24,24,24,24,24,24,45,450,-108.4308,-107.2751,30.37957,-40.03151,0.1296714,-0.3681878,0.391818,0.3911598,-0.2587778,-0.7712445,-0.6569287,0.1347274,0.6398755,-0.4454322,5.297528E-05,-0.4521552,24,24,24,24,24,24,24,24,24,24,24,24,24,24,24,24
46,460,-107.7456,-107.9853,-108.9345,-2.558958,-105.2431,-110.4581,-101.5842,-34.98555,17.83784,31.13676,-9.85793,-81.69761,-123.3288,-110.0519,-107.6756,-109.8072,24,24,24,24,24,24,24,24,24,24,24,24,24,24,24,24,46,460,-105.3406,-104.9062,31.68904,-40.4188,-0.1329695,0.4908528,0.5224165,0.5215368,0.5177578,-0.6424745,4.815934E-05,0.2694339,-0.6399397,0.4455349,5.297528E-05,-0.3391284,24,24,24,24,24,24,24,24,24,24,24,24,24,24,24,24
47,470,-109.4291,-109.1945,-108.5653,-2.924515,-109.588,-116.7522,-105.7955,-36.74098,17.09464,31.75211,-10.45131,-83.33658,-126.8996,-110.768,-108.6294,-107.2762,24,24,24,24,24,24,24,24,24,24,24,24,24,24,24,24,47,470,-107.2216,-107.0119,29.98673,-40.03151,-0.1329695,-2.568498E-05,1.926374E-05,-0.2607282,-0.5176246,0.2589166,0.1314461,2.086905E-05,0.8958376,-0.8908306,-0.6022382,0.5650696,24,24,24,24,24,24,24,24,24,24,24,24,24,24,24,24
48,480,-106.0621,-106.0505,-107.5806,-2.68081,-108.0191,-110.9518,-103.6261,-35.73788,16.47531,30.76755,-11.75676,-84.59733,-126.6615,-109.8132,-107.0794,-105.9504,24,24,24,24,24,24,24,24,24,24,24,24,24,24,24,24,48,480,-107.8933,-108.0648,30.64147,-39.12783,0.3923124,0.3681332,0.2612179,-0.7822361,0.1294892,0.1301466,-0.394136,1.347091,-0.128014,-0.5567396,-0.1204465,-0.2261049,24,24,24,24,24,24,24,24,24,24,24,24,24,24,24,24
49,490,-107.5051,-109.6782,-109.3037,-2.68081,-107.8984,-113.9137,-103.2432,-35.73788,17.09464,31.13676,-11.28205,-84.09303,-125.5903,-110.6487,-107.7948,-110.0482,24,24,24,24,24,24,24,24,24,24,24,24,24,24,24,24,49,490,-108.0277,-108.1964,32.60566,-39.38602,0.3923124,-0.6136271,-0.6529765,0.1304059,0.2589127,-0.1273935,0.3942356,-0.4041002,-0.8959018,8.026557E-05,-0.4817901,-0.1130781,24,24,24,24,24,24,24,24,24,24,24,24,24,24,24,24
50,500,-110.0304,-108.8129,-107.9498,-2.315253,-109.4673,-116.382,-106.5612,-37.74408,15.48439,30.5214,-11.51941,-84.2191,-129.8752,-114.3487,-111.1333,-110.6508,24,24,24,24,24,24,24,24,24,24,24,24,24,24,24,24,50,500,-105.7437,-105.959,32.08188,-39.12783,-0.3956113,-1.104509,-0.1305792,0.5215368,-0.2587778,0.1301466,-0.9197182,-0.1346856,-3.210623E-05,8.026557E-05,-0.4817901,-0.5651788,24,24,24,24,24,24,24,24,24,24,24,24,24,24,24,24
51,510,-110.5114,-110.3847,-112.9962,-2.071548,-111.0363,-115.7649,-105.2851,-36.23943,16.22758,30.89062,-12.23147,-84.59733,-126.8996,-108.3809,-106.4833,-105.9504,24,24,24,24,24,24,24,24,24,24,24,24,24,24,24,24,51,510,-106.6842,-105.5642,32.47472,-40.4188,-0.5269314,-0.3681878,1.926374E-05,2.88956E-05,0.2589127,-1.157555,4.815934E-05,0.404142,-0.2559942,8.026557E-05,-0.3613423,-0.2261049,24,24,24,24,24,24,24,24,24,24,24,24,24,24,24,24
52,520,-106.6634,-106.9994,-106.719,-2.680809,-104.519,-109.1006,-100.9461,-35.23633,16.97078,29.90606,-10.80734,-83.08443,-122.4957,-106.3519,-104.2179,-105.8299,24,24,24,24,24,24,24,24,24,24,24,24,24,24,24,24,52,520,-103.7284,-102.5372,31.81999,-39.64421,0.1296714,0.4908528,-0.522378,0.3911598,-0.7764698,-0.1273935,0.1314461,2.086905E-05,0.2559316,-0.5567396,1.203984E-06,0.452046,24,24,24,24,24,24,24,24,24,24,24,24,24,24,24,24
53,530,-105.1002,-104.8231,-103.2727,-3.290071,-102.3465,-107.6196,-100.9461,-34.86017,16.84691,31.50597,-11.16337,-81.82368,-122.0196,-107.3067,-106.1256,-106.1915,24,24,24,24,24,24,24,24,24,24,24,24,24,24,24,24,53,530,-106.0124,-106.6171,32.73662,-38.48235,0.1296714,0.6135725,0.6530166,-0.7822361,0.1294892,0.2589166,-0.2627413,0.5388485,-0.5119579,-0.3340123,0.3613448,0.3390193,24,24,24,24,24,24,24,24,24,24,24,24,24,24,24,24
54,540,-107.1444,-105.0649,-105.6113,-2.315252,-106.8121,-111.5689,-104.1365,-36.23943,15.23665,30.15219,-12.23147,-85.73201,-127.7328,-111.3648,-108.5102,-107.6378,24,24,24,24,24,24,24,24,24,24,24,24,24,24,24,24,54,540,-112.1927,-111.2234,32.47472,-39.12783,0.3923124,-0.7362953,-0.7835765,0.5215368,0.7766031,0.001376554,4.815934E-05,-1.077634,-3.210623E-05,0.2228076,0.1204489,0.112969,24,24,24,24,24,24,24,24,24,24,24,24,24,24,24,24
55,550,-107.0241,-109.4174,-111.7654,-2.680809,-108.0191,-112.1859,-102.988,-34.60939,17.09464,30.64448,-11.99411,-84.2191,-125.4713,-109.3358,-106.4833,-107.2762,24,24,24,24,24,24,24,24,24,24,24,24,24,24,24,24,55,550,-111.3865,-112.4079,32.60567,-39.38602,0.1296714,-1.104457,0.6530166,0.5215368,-0.3882012,0.2589166,-0.2627413,0.404142,0.7678573,0.7796259,-0.7226859,-0.4521552,24,24,24,24,24,24,24,24,24,24,24,24,24,24,24,24
56,560,-109.3089,-108.3293,-106.9652,-3.290071,-106.8121,-112.1859,-104.5194,-36.86636,16.35145,31.13676,-10.45131,-83.08443,-127.7328,-113.0358,-111.014,-113.4229,24,24,24,24,24,24,24,24,24,24,24,24,24,24,24,24,56,560,-112.7301,-112.8027,32.99851,-38.74054,0.1296714,0.245465,0.7836151,-0.521479,0.7766031,-0.7712445,0.2628408,2.086905E-05,-0.76792,0.4455349,-0.6022382,-0.4521552,24,24,24,24,24,24,24,24,24,24,24,24,24,24,24,24
57,570,-113.1569,-110.9892,-112.8732,-2.924514,-113.9329,-118.8502,-108.7307,-37.61869,15.9799,30.76755,-12.82485,-85.98416,-131.4225,-114.7067,-111.7294,-111.0124,24,24,24,24,24,24,24,24,24,24,24,24,24,24,24,24,57,570,-109.5056,-108.4596,31.2962,-40.03151,0.3923124,2.568498E-05,-0.1305792,2.88956E-05,-1.294212,0.001376554,0.3942356,-0.1346856,0.5118936,0.3341712,0.6022406,0.7911199,24,24,24,24,24,24,24,24,24,24,24,24,24,24,24,24
58,580,-110.1507,-111.231,-112.1347,-2.558957,-110.6743,-115.3947,-105.7955,-36.23943,16.84696,31.50597,-10.45131,-82.70621,-125.2332,-108.739,-106.364,-107.9993,24,24,24,24,24,24,24,24,24,24,24,24,24,24,24,24,58,580,-108.1621,-106.6171,31.95094,-38.35325,0.2609915,-0.1226972,-0.2611793,-1.042987,0.6471283,0.001376554,0.2628408,0.2694339,-0.128014,-0.445376,-0.2408946,-0.2261049,24,24,24,24,24,24,24,24,24,24,24,24,24,24,24,24
59,590,-108.5874,-108.692,-107.0883,-3.046366,-106.6914,-113.0498,-102.8604,-36.23943,17.21856,31.25983,-9.85793,-81.69761,-123.3288,-108.6196,-106.4833,-107.7583,24,24,24,24,24,24,24,24,24,24,24,24,24,24,24,24,59,590,-111.3865,-109.6441,32.73662,-38.86964,-0.001649457,-0.2454168,-0.914175,-0.2607251,0.7765517,-0.2561643,0.5256335,0.1347274,-0.8959018,-0.3340123,0.240897,-0.1130781,24,24,24,24,24,24,24,24,24,24,24,24,24,24,24,24
60,600,-108.2266,-107.8457,-109.0576,-2.315252,-111.0363,-116.7522,-105.9231,-35.86327,17.46629,31.87518,-12.23146,-85.60595,-127.4947,-108.5003,-106.841,-106.7941,24,24,24,24,24,24,24,24,24,24,24,24,24,24,24,24,60,600,-105.7437,-106.4855,32.47472,-38.86964,-0.2642904,-1.227177,0.2612179,0.9126709,-0.6470978,0.3876867,0.6570283,-0.1346856,-0.2559942,-0.1112834,-1.324925,-0.7912291,24,24,24,24,24,24,24,24,24,24,24,24,24,24,24,24
61,610,-107.0241,-109.6592,-111.0269,-2.437105,-107.2949,-111.322,-101.7118,-34.35861,17.71403,31.25983,-10.68867,-83.08444,-122.9718,-106.9487,-104.5756,-105.3478,24,24,24,24,24,24,24,24,24,24,24,24,24,24,24,24,61,610,-107.759,-107.9332,32.60567,-40.03151,-0.5269314,0.8590663,0.6530166,2.88956E-05,0.6471283,-0.7712445,-0.1313466,-0.2693937,-0.5119531,0.6682622,-0.2408946,-5.458059E-05,24,24,24,24,24,24,24,24,24,24,24,24,24,24,24,24
62,620,-108.1064,-107.6039,-106.3498,-2.802662,-105.0018,-110.5816,-101.0738,-33.60629,18.20949,32.85974,-8.077778,-79.68043,-119.7581,-106.1132,-104.4564,-108.6019,24,24,24,24,24,24,24,24,24,24,24,24,24,24,24,24,62,620,-115.0141,-113.066,30.77242,-40.03151,0.2609915,0.3681846,-0.2611793,0.260786,-0.3882526,-0.2561643,0.3942356,0.2694339,-0.2559894,8.026557E-05,0.3613448,0.452046,24,24,24,24,24,24,24,24,24,24,24,24,24,24,24,24
63,630,-106.4229,-103.3723,-105.9805,-2.437105,-108.3811,-114.284,-105.6679,-37.36792,15.73217,31.3829,-11.5194,-84.59735,-130.2323,-115.5422,-112.4448,-111.2534,24,24,24,24,24,24,24,24,24,24,24,24,24,24,24,24,63,630,-109.3712,-110.0389,30.77242,-39.38602,0.1296714,0.245465,0.6530166,-1.564495,-0.1294074,0.001376554,0.2628408,0.808263,-0.5119531,-0.1112834,0.1204489,-5.458059E-05,24,24,24,24,24,24,24,24,24,24,24,24,24,24,24,24
64,640,-113.6379,-114.3745,-115.581,-2.437105,-113.3295,-118.2332,-105.6679,-35.4871,18.58109,31.25983,-11.87543,-85.98418,-128.6849,-112.0809,-109.3448,-112.4586,24,24,24,24,24,24,24,24,24,24,24,24,24,24,24,24,64,640,-108.4308,-110.4338,31.81999,-38.99873,0.3923124,2.568498E-05,-0.6529765,0.1304059,0.2588613,0.001376554,0.6570283,-0.9429278,-0.5119531,0.4455349,-0.1204465,-0.1130268,24,24,24,24,24,24,24,24,24,24,24,24,24,24,24,24
65,650,-112.1949,-111.4728,-111.0269,-3.046366,-108.9846,-117.2459,-104.0089,-34.35861,19.57201,34.70579,-8.315131,-80.8151,-124.043,-109.0971,-107.7948,-108.3609,24,24,24,24,24,24,24,24,24,24,24,24,24,24,24,24,65,650,-108.1621,-105.5642,31.5581,-38.35325,0.3923124,-0.8590181,0.2612179,0.260786,1.605311E-05,0.001376554,-1.051116,-0.8082213,0.3839166,-0.1112834,-0.3613423,-1.356302,24,24,24,24,24,24,24,24,24,24,24,24,24,24,24,24
66,660,-108.1064,-106.6551,-105.9805,-2.558957,-106.3294,-110.9518,-103.1156,-35.98866,16.3515,31.87518,-9.620576,-81.19332,-124.043,-107.5455,-105.5294,-104.3836,24,24,24,24,24,24,24,24,24,24,24,24,24,24,24,24,66,660,-106.6842,-109.3809,33.12946,-38.09505,-0.3956113,-0.1226972,-0.2611793,-0.9126099,0.2588613,-0.7712445,4.815934E-05,0.404142,0.2559364,-0.445376,0.1204489,-0.3390771,24,24,24,24,24,24,24,24,24,24,24,24,24,24,24,24
67,670,-104.8597,-105.5668,-107.3344,-2.680809,-107.0535,-112.1859,-102.2223,-33.60629,18.82882,31.75211,-10.21396,-83.08444,-122.9718,-105.8745,-103.1448,-103.6605,24,24,24,24,24,24,24,24,24,24,24,24,24,24,24,24,67,670,-115.4171,-113.4608,32.08183,-40.2897,0.1296714,0.4909042,-0.2611793,0.391163,-0.1294074,0.1301466,0.1314461,0.9429695,0.3839166,8.026557E-05,1.203984E-06,0.4520974,24,24,24,24,24,24,24,24,24,24,24,24,24,24,24,24
68,680,-106.3027,-106.776,-105.1189,-2.924515,-102.1052,-106.5089,-98.7767,-32.60319,18.58109,32.12132,-11.0447,-82.20192,-124.9952,-109.4551,-108.1525,-110.2892,24,24,24,24,24,24,24,24,24,24,24,24,24,24,24,24,68,680,-110.9835,-108.8545,31.4271,-38.61145,0.3923124,0.245465,-0.1305792,-1.434118,-0.1294074,0.2589166,-0.1313466,0.404142,0.2559364,-0.6681033,-0.9635817,-0.1130268,24,24,24,24,24,24,24,24,24,24,24,24,24,24,24,24
69,690,-111.1126,-109.3154,-108.4422,-2.558958,-108.5018,-115.3947,-104.7746,-34.73478,18.08562,32.98281,-8.671163,-80.94117,-124.5191,-109.3358,-107.4371,-108.1198,24,24,24,24,24,24,24,24,24,24,24,24,24,24,24,24,69,690,-106.1468,-106.8803,31.29615,-39.51512,-0.001649457,-0.2454168,-0.6529765,2.88956E-05,-0.1294074,-0.2561643,0.3942356,-0.4041002,-0.5119531,0.5568985,0.240897,-0.1130268,24,24,24,24,24,24,24,24,24,24,24,24,24,24,24,24
70,700,-105.8217,-105.8086,-104.7497,-2.437105,-107.1742,-115.1479,-103.6261,-35.11094,18.45722,31.99825,-10.09528,-83.46267,-125.3522,-109.3358,-105.8871,-106.1915,24,24,24,24,24,24,24,24,24,24,24,24,24,24,24,24,70,700,-104.5345,-105.0378,32.60562,-38.99874,-0.001649457,-0.9817378,0.391818,1.043048,0.3882831,0.2589166,-0.2627413,0.1347274,-2.729029E-05,8.026557E-05,-0.2408946,-0.678151,24,24,24,24,24,24,24,24,24,24,24,24,24,24,24,24
71,710,-106.6634,-107.0179,-107.2114,-2.558958,-105.6052,-109.9645,-100.928,-33.23013,18.82882,32.73667,-9.620576,-80.3108,-121.6625,-102.5326,-102.5487,-102.4553,24,24,24,24,24,24,24,24,24,24,24,24,24,24,24,24,71,710,-106.6842,-106.4855,33.12941,-38.86964,-1.446175,-0.8590181,0.5224165,0.52154,0.5177065,-0.5137045,-0.394136,0.673555,0.6398803,-0.1112834,0.4817924,0.3390706,24,24,24,24,24,24,24,24,24,24,24,24,24,24,24,24
72,720,-103.8977,-103.0274,-103.2727,-2.558958,-101.9845,-107.7431,-99.90723,-32.60319,19.20042,33.72123,-7.959102,-78.29359,-119.9961,-105.5164,-104.3371,-106.0709,24,24,24,24,24,24,24,24,24,24,24,24,24,24,24,24,72,720,-108.0277,-107.2751,32.08183,-40.4188,0.1296714,0.3681846,-0.2611793,0.3911116,-0.905943,-0.6424745,-0.2627413,0.1347274,-2.729029E-05,0.1114439,-0.1204465,0.4520974,24,24,24,24,24,24,24,24,24,24,24,24,24,24,24,24
73,730,-104.3787,-104.9622,-105.1189,-3.046367,-107.657,-115.1479,-103.8626,-35.4871,17.59016,31.99825,-9.5019,-82.07584,-125.1142,-108.1422,-107.4371,-108.3609,24,24,24,24,24,24,24,24,24,24,24,24,24,24,24,24,73,730,-112.7301,-113.1976,31.55804,-39.90241,-0.2642904,-0.1226972,1.926374E-05,-1.8253,0.2589127,0.2589166,-0.525534,1.212383,0.3839166,-0.3340123,-0.4817901,-0.2260535,24,24,24,24,24,24,24,24,24,24,24,24,24,24,24,24
74,740,-109.3089,-106.6551,-108.8114,-2.315253,-108.8639,-114.1606,-103.735,-34.35861,18.45722,33.8443,-9.85793,-81.57155,-127.0186,-109.3358,-108.7487,-110.4098,24,24,24,24,24,24,24,24,24,24,24,24,24,24,24,24,74,740,-114.4767,-112.4079,31.55804,-39.77332,0.1296714,-0.2454168,-1.044775,-0.1303994,0.3883345,0.001376554,0.5256335,-0.9429278,-0.5119531,0.2228076,-0.1204465,-0.4521038,24,24,24,24,24,24,24,24,24,24,24,24,24,24,24,24
75,750,-112.5556,-111.9758,-110.5346,-3.168219,-109.5881,-116.6288,-105.2661,-35.11094,18.20949,33.96737,-9.027193,-82.07584,-129.9942,-116.0196,-112.9218,-115.1101,24,24,24,24,24,24,24,24,24,24,24,24,24,24,24,24,75,750,-107.2216,-108.7228,31.81994,-39.77332,0.6549534,-0.9817378,1.926374E-05,0.7822425,-0.6470464,0.001376554,-0.525534,0.5388485,-0.5119531,-0.3340123,-0.1204465,-0.7911777,24,24,24,24,24,24,24,24,24,24,24,24,24,24,24,24
76,760,-110.6317,-111.4921,-111.2731,-3.655629,-112.4847,-120.2078,-106.9248,-35.61249,18.70495,32.9828,-11.28205,-85.60595,-130.2323,-113.2745,-110.4179,-110.0482,24,24,24,24,24,24,24,24,24,24,24,24,24,24,24,24,76,760,-106.4155,-107.0119,32.34372,-39.77332,-0.1329695,2.568498E-05,0.391818,-2.247436E-05,0.7766031,-1.286326,4.815934E-05,0.5388485,0.1279546,0.1114439,-0.2408946,-3.210623E-06,24,24,24,24,24,24,24,24,24,24,24,24,24,24,24,24
77,770,-111.4734,-111.8548,-111.3961,-2.558958,-108.6225,-113.7903,-103.6074,-33.73167,18.45722,33.72123,-9.976606,-82.07584,-125.7093,-107.4261,-108.1525,-108.6019,24,24,24,24,24,24,24,24,24,24,24,24,24,24,24,24,77,770,-110.3117,-109.3809,31.81994,-40.4188,-0.5269314,0.245465,1.926374E-05,0.2607347,6.742308E-05,0.2589166,4.815934E-05,0.1347274,0.3839166,-0.1112834,0.3613448,0.2260471,24,24,24,24,24,24,24,24,24,24,24,24,24,24,24,24
78,780,-109.1887,-108.8317,-108.4422,-3.290071,-109.7087,-116.5054,-104.6281,-34.35861,18.58109,34.09044,-9.739253,-84.72343,-129.1611,-112.797,-110.2987,-109.4456,24,24,24,24,24,24,24,24,24,24,24,24,24,24,24,24,78,780,-108.9682,-111.0918,32.21278,-39.64422,-0.001649457,0.245465,0.1306194,-0.3911534,0.3883345,0.2589166,-0.2627413,0.1347274,-0.3839712,-1.002249,-0.6022382,-3.210623E-06,24,24,24,24,24,24,24,24,24,24,24,24,24,24,24,24
79,790,-108.8279,-110.2828,-109.0576,-3.168219,-107.8984,-113.4201,-101.8211,-32.60319,19.57201,32.9828,-10.09528,-81.44547,-121.9005,-104.0842,-102.3102,-104.9862,24,24,24,24,24,24,24,24,24,24,24,24,24,24,24,24,79,790,-110.8491,-110.5654,31.29615,-39.51512,0.7862743,0.245465,-0.1305792,-0.3911534,0.1294892,-0.5137045,-0.1313466,2.086905E-05,-0.7679151,2.568498E-05,-0.1204465,-3.210623E-06,24,24,24,24,24,24,24,24,24,24,24,24,24,24,24,24
80,800,-104.7394,-105.4459,-106.719,-2.193401,-105.0018,-111.1986,-101.8211,-33.4809,18.33335,33.72123,-8.78984,-79.68043,-121.7815,-106.8293,-106.9602,-109.8072,24,24,24,24,24,24,24,24,24,24,24,24,24,24,24,24,80,800,-109.7743,-109.7757,31.81994,-40.03151,0.2609915,-0.4908561,0.2612179,0.2607347,0.3883345,0.2589166,-0.6569287,-0.5388067,-0.1280075,2.568498E-05,-0.4817901,-0.5651338,24,24,24,24,24,24,24,24,24,24,24,24,24,24,24,24
81,810,-106.0621,-105.5668,-106.5959,-2.68081,-108.6225,-115.8883,-105.2661,-35.23633,18.58109,34.33657,-8.671163,-81.94977,-127.2567,-112.9164,-109.4641,-108.9635,24,24,24,24,24,24,24,24,24,24,24,24,24,24,24,24,81,810,-104.5345,-103.7217,31.55804,-38.99874,-0.3956113,0.1227453,0.1306194,0.3911116,0.1294892,-1.286326,-0.6569287,0.2694339,0.3839166,-0.111338,0.1204489,-0.1130332,24,24,24,24,24,24,24,24,24,24,24,24,24,24,24,24
82,820,-110.1506,-111.613,-112.1346,-3.046367,-110.1915,-115.2713,-104.7557,-34.86016,17.96176,32.49052,-11.28205,-84.3452,-128.2088,-112.2003,-110.7756,-114.0255,24,24,24,24,24,24,24,24,24,24,24,24,24,24,24,24,82,820,-111.5209,-109.9073,31.95088,-40.93518,0.3923124,0.981786,-0.1305792,0.5214886,-0.3882012,-0.7712445,0.2628408,0.404142,-0.2559894,2.568498E-05,0.240897,0.2260407,24,24,24,24,24,24,24,24,24,24,24,24,24,24,24,24
83,830,-115.5619,-114.2733,-113.3655,-2.802663,-111.7605,-118.2332,-106.6696,-35.36171,17.34243,33.22895,-9.85793,-82.20192,-128.0898,-112.5583,-111.8487,-112.6997,24,24,24,24,24,24,24,24,24,24,24,24,24,24,24,24,83,830,-109.9086,-110.3021,31.42715,-39.90241,0.1296714,-0.2454168,0.1306194,-1.303792,0.3883345,-0.5137045,0.1314461,-0.1346856,0.6398803,-0.6681579,-0.1204465,-9.631868E-06,24,24,24,24,24,24,24,24,24,24,24,24,24,24,24,24
84,840,-111.7139,-111.9758,-111.8885,-2.558958,-111.3984,-118.9737,-106.2868,-35.4871,18.33335,33.22895,-8.78984,-82.95837,-128.5659,-111.1261,-108.0333,-107.1557,24,24,24,24,24,24,24,24,24,24,24,24,24,24,24,24,84,840,-107.2216,-108.328,31.95093,-38.74054,-0.1329695,0.245465,-0.7835765,-0.3911534,0.1294892,0.1301466,-0.2627413,2.086905E-05,-0.3839712,0.556844,0.3613448,-0.3390835,24,24,24,24,24,24,24,24,24,24,24,24,24,24,24,24
85,850,-107.6254,-109.1945,-109.1807,-3.290071,-105.2431,-109.5943,-100.5452,-32.10164,18.95268,32.49052,-9.264546,-81.3194,-123.0908,-106.1132,-103.9794,-104.9863,24,24,24,24,24,24,24,24,24,24,24,24,24,24,24,24,85,850,-111.6552,-110.4337,31.55809,-38.61145,-0.00170163,-1.349897,0.5224165,0.6518655,6.742308E-05,0.1301466,-0.6569287,-0.2693937,-2.729029E-05,2.568498E-05,-0.8431336,-0.9042076,24,24,24,24,24,24,24,24,24,24,24,24,24,24,24,24
86,860,-107.1444,-105.4459,-106.4729,-2.071548,-105.1225,-111.0752,-103.4798,-34.484,17.46629,33.8443,-9.85793,-82.328,-128.4469,-115.7809,-113.7563,-114.387,24,24,24,24,24,24,24,24,24,24,24,24,24,24,24,24,86,860,-103.8628,-105.4326,31.55809,-39.25693,-1.052266,-0.1226972,-0.1305792,0.1303545,6.742308E-05,-0.900015,-1.051116,-0.1346856,0.2559364,-0.2227016,-0.1204465,-0.3390835,24,24,24,24,24,24,24,24,24,24,24,24,24,24,24,24
87,870,-113.6379,-112.8222,-114.9656,-2.071548,-117.0709,-122.7994,-109.6042,-37.36792,17.96176,31.75211,-10.09528,-85.3538,-130.4703,-112.797,-108.6294,-109.084,24,24,24,24,24,24,24,24,24,24,24,24,24,24,24,24,87,870,-107.2216,-107.0119,32.21283,-40.2897,-0.1330225,0.4909042,-0.2612275,0.6518655,0.3883345,-0.7712445,0.1314461,-0.1346856,-2.729029E-05,0.556844,0.7226883,-9.631868E-06,24,24,24,24,24,24,24,24,24,24,24,24,24,24,24,24
88,880,-111.1126,-113.9106,-112.9962,-2.924515,-109.588,-114.6542,-103.6074,-34.73478,18.45722,32.61359,-9.5019,-81.57155,-123.8049,-108.1422,-107.0794,-108.6019,24,24,24,24,24,24,24,24,24,24,24,24,24,24,24,24,88,880,-112.0583,-110.8286,31.03431,-39.77332,0.3922602,0.4909042,0.3917682,-0.7822843,0.1294892,0.3876867,0.2628408,-1.077634,0.1279546,-0.2227016,-0.2408946,0.3390642,24,24,24,24,24,24,24,24,24,24,24,24,24,24,24,24
89,890,-107.7456,-107.3807,-108.4422,-2.558958,-106.9328,-112.0625,-103.9902,-34.73478,17.21851,33.35202,-9.264546,-80.8151,-124.281,-108.6196,-107.1987,-107.8788,24,24,24,24,24,24,24,24,24,24,24,24,24,24,24,24,89,890,-109.5056,-111.6182,31.2962,-39.38602,-0.9209455,0.4909042,-1.044823,-0.6519073,6.742308E-05,0.001376554,-0.394136,0.808263,-2.729029E-05,-0.2227016,0.1204489,-9.631868E-06,24,24,24,24,24,24,24,24,24,24,24,24,24,24,24,24
90,900,-106.3026,-104.7203,-105.4882,-3.046367,-106.3294,-113.6669,-103.2246,-35.73788,17.71398,31.99824,-9.027193,-81.69762,-124.4001,-109.8132,-105.8871,-105.9504,24,24,24,24,24,24,24,24,24,24,24,24,24,24,24,24,90,900,-115.5515,-113.8556,31.2962,-40.03151,0.7862221,-0.9817378,-0.2612275,0.3911116,0.5177578,-0.2561643,0.2628408,-0.4041002,0.3839166,0.3341167,-0.2408946,-0.2260599,24,24,24,24,24,24,24,24,24,24,24,24,24,24,24,24
91,910,-105.3406,-107.0179,-107.0883,-2.924515,-106.2087,-110.5816,-100.928,-33.60629,18.7049,32.9828,-9.264546,-80.3108,-122.1386,-104.2035,-102.3102,-103.4195,24,24,24,24,24,24,24,24,24,24,24,24,24,24,24,24,91,910,-115.014,-114.9085,31.2962,-38.74054,-0.7896253,-0.4908561,0.3917682,0.2607347,-0.129356,-0.3849344,-0.5255372,2.086905E-05,0.2559364,-0.3340653,0.4817924,-0.7911841,24,24,24,24,24,24,24,24,24,24,24,24,24,24,24,24
92,920,-106.1824,-105.9296,-107.2114,-3.168219,-103.7948,-107.8665,-102.3315,-35.11094,17.46624,32.36745,-9.383223,-80.68901,-125.1142,-111.0067,-109.7025,-112.3382,24,24,24,24,24,24,24,24,24,24,24,24,24,24,24,24,92,920,-112.0583,-111.8814,32.73661,-40.03151,0.2609394,0.1227453,0.1305696,-0.1303994,6.742308E-05,-0.7712445,-0.2627477,-3.050092E-05,-2.729029E-05,0.3341167,-0.1204465,-0.2260599,24,24,24,24,24,24,24,24,24,24,24,24,24,24,24,24
93,930,-112.3151,-111.2502,-110.5346,-2.802663,-112.1226,-119.4673,-108.0731,-37.74408,17.21851,31.75211,-9.976606,-84.97556,-129.7562,-114.1099,-110.5371,-113.5434,24,24,24,24,24,24,24,24,24,24,24,24,24,24,24,24,93,930,-109.2369,-109.7757,32.21283,-38.22416,-0.5269836,0.981786,0.1305696,-0.2607764,-0.6470464,0.001376554,0.1314397,0.2693825,0.2559364,-0.3340653,-0.2408946,0.2260407,24,24,24,24,24,24,24,24,24,24,24,24,24,24,24,24
94,940,-112.9164,-113.4269,-113.7347,-2.802663,-110.9156,-115.0244,-103.6074,-35.23633,18.33331,32.36745,-11.87543,-84.47127,-128.2088,-109.097,-107.7948,-108.2404,24,24,24,24,24,24,24,24,24,24,24,24,24,24,24,24,94,940,-106.6842,-108.7228,32.47472,-38.86964,0.5235803,-0.1226972,0.1305696,-1.434169,0.1294892,0.001376554,-0.2627477,0.134676,-0.1280075,-0.1113412,1.203984E-06,-9.631868E-06,24,24,24,24,24,24,24,24,24,24,24,24,24,24,24,24
95,950,-110.3911,-110.1619,-109.3038,-3.046367,-107.657,-112.9264,-103.3522,-34.73478,18.33331,32.9828,-9.383223,-80.68901,-124.9952,-108.739,-107.3179,-108.843,24,24,24,24,24,24,24,24,24,24,24,24,24,24,24,24,95,950,-114.0736,-114.5136,31.68904,-39.25693,0.6549012,-1.227177,-0.6530262,0.1303545,0.5177578,-0.1273935,4.494872E-05,-0.2694451,-0.1280075,-0.1113412,-0.2408946,0.1130171,24,24,24,24,24,24,24,24,24,24,24,24,24,24,24,24
96,960,-109.9101,-108.8317,-107.5806,-3.168219,-107.657,-114.0371,-104.3729,-36.11404,17.21851,30.76754,-10.33264,-83.71481,-127.0186,-111.0067,-108.0333,-108.2404,24,24,24,24,24,24,24,24,24,24,24,24,24,24,24,24,96,960,-107.6246,-107.9332,30.11768,-39.38602,-0.2643426,-0.7362953,-0.3918276,-0.2607764,-0.129356,-0.1273935,-0.5255372,-0.2694451,0.1279546,2.247436E-05,-0.4817901,-0.9042076,24,24,24,24,24,24,24,24,24,24,24,24,24,24,24,24
97,970,-107.7456,-109.6782,-109.1807,-2.315253,-108.2604,-114.1605,-102.4591,-33.60629,18.82877,33.22895,-10.92602,-82.83229,-124.8762,-105.9938,-105.5294,-106.071,24,24,24,24,24,24,24,24,24,24,24,24,24,24,24,24,97,970,-110.043,-109.6441,32.08188,-38.86964,-0.3956635,-0.1226972,0.6529668,-2.247436E-05,0.6471797,-1.543866,-0.7883299,0.4040906,0.1279546,-0.3340685,0.1204489,0.452091,24,24,24,24,24,24,24,24,24,24,24,24,24,24,24,24
98,980,-107.9861,-109.2965,-109.3038,-3.533776,-108.2604,-114.1605,-104.7557,-35.11094,18.08558,33.35202,-10.21396,-83.21052,-126.8996,-111.4841,-109.3448,-110.4098,24,24,24,24,24,24,24,24,24,24,24,24,24,24,24,24,98,980,-108.9682,-107.5383,32.08188,-38.99874,-0.1330225,0.3681846,-0.3918276,0.9126195,-0.7764698,0.2589166,0.2628344,-0.134737,-2.729029E-05,-0.2227048,0.240897,0.452091,24,24,24,24,24,24,24,24,24,24,24,24,24,24,24,24
99,990,-110.6316,-110.7474,-109.7961,-2.802663,-109.226,-116.8756,-104.6281,-35.23633,18.20944,32.24438,-9.976606,-83.71481,-126.8996,-111.2454,-108.391,-110.2893,24,24,24,24,24,24,24,24,24,24,24,24,24,24,24,24,99,990,-108.0277,-108.4596,32.73662,-38.74054,0.2609394,0.1227453,0.1305696,-0.9126613,0.2589127,0.9027677,-0.5255372,-3.050092E-05,0.5118985,-0.3340685,0.240897,-0.2260599,24,24,24,24,24,24,24,24,24,24,24,24,24,24,24,24
100,1000,-108.2266,-108.5711,-108.4422,-2.924514,-107.8984,-114.4074,-103.735,-34.23323,19.32423,33.72123,-9.739253,-81.69761,-123.5669,-105.3971,-104.9333,-105.5889,24,24,24,24,24,24,24,24,24,24,24,24,24,24,24,24,100,1000,-109.5056,-108.328,32.34377,-38.74054,0.9175422,0.3681846,-1.175423,0.1303545,0.6471797,-0.5137045,0.2628344,-0.5388581,-0.895897,-0.4454322,0.240897,0.2260407,24,24,24,24,24,24,24,24,24,24,24,24,24,24,24,24
101,1010,-106.0621,-105.5485,-107.3344,-2.680809,-103.5535,-107.4962,-102.0763,-34.73478,17.83784,32.9828,-8.433809,-78.41966,-122.1386,-107.068,-105.5294,-105.9504,24,24,24,24,24,24,24,24,24,24,24,24,24,24,24,24,101,1010,-105.3406,-106.6171,32.47472,-39.25693,0.9175422,-0.7362953,-0.2612275,0.1303545,6.742308E-05,0.5164576,-0.2627477,-0.4041516,1.023824,0.3341134,-1.08403,-0.9042076,24,24,24,24,24,24,24,24,24,24,24,24,24,24,24,24
102,1020,-106.4229,-106.7576,-109.4269,-2.437105,-110.1915,-117.9863,-105.7764,-36.61559,17.59011,31.38289,-10.21396,-84.84949,-128.0898,-112.5583,-109.941,-110.2893,24,24,24,24,24,24,24,24,24,24,24,24,24,24,24,24,102,1020,-115.014,-112.4079,31.03431,-38.35325,-0.6583045,0.3681846,0.1305696,-0.3911534,6.742308E-05,-0.5137045,4.494872E-05,0.134676,0.3839166,-0.5567958,0.1204489,-9.631868E-06,24,24,24,24,24,24,24,24,24,24,24,24,24,24,24,24
103,1030,-108.8279,-109.7802,-109.3038,-2.315252,-109.1053,-115.2713,-103.9902,-35.23633,17.96171,32.24438,-10.68867,-83.46267,-127.3757,-111.6035,-110.5371,-111.374,24,24,24,24,24,24,24,24,24,24,24,24,24,24,24,24,103,1030,-109.2369,-108.5912,30.77242,-39.64421,1.180183,0.7363467,-0.3918276,0.7822425,-0.3882012,-0.1273935,0.9198145,0.2693825,-0.2559894,0.2227498,0.240897,-0.2260599,24,24,24,24,24,24,24,24,24,24,24,24,24,24,24,24
104,1040,-110.3911,-110.2638,-111.0269,-3.533776,-109.7087,-114.6542,-106.1592,-35.73788,18.45717,33.96737,-7.959102,-80.81509,-125.8283,-108.1422,-106.1256,-104.9863,24,24,24,24,24,24,24,24,24,24,24,24,24,24,24,24,104,1040,-104.1315,-106.4855,30.77242,-37.83686,0.9175422,-0.1226972,-0.5224261,-1.434118,6.742308E-05,0.001376554,0.2628344,0.6735036,-2.729029E-05,-0.5567958,-0.6022382,-9.631868E-06,24,24,24,24,24,24,24,24,24,24,24,24,24,24,24,24
105,1050,-107.0241,-108.5711,-107.7037,-3.411924,-107.1742,-112.803,-103.3522,-35.4871,18.33335,31.50597,-10.33264,-82.83229,-125.3522,-109.4551,-108.1525,-108.7225,24,24,24,24,24,24,24,24,24,24,24,24,24,24,24,24,105,1050,-103.4597,-104.2481,33.2604,-38.09505,-0.6583045,0.245465,-0.6530262,-0.521479,0.5177578,0.6452276,-0.5255372,0.2693825,-0.3839712,-0.3340685,0.1204489,0.3390642,24,24,24,24,24,24,24,24,24,24,24,24,24,24,24,24
106,1060,-109.4291,-108.0875,-107.0883,-2.558957,-104.8811,-110.4581,-101.1831,-34.23323,18.08562,33.22895,-7.840425,-78.04144,-119.9961,-104.0842,-105.1717,-106.312,24,24,24,24,24,24,24,24,24,24,24,24,24,24,24,24,106,1060,-105.3406,-104.1165,32.73662,-37.83686,-0.00170163,-0.8590181,0.5223683,0.260786,-0.129356,-0.2561643,-0.2627477,-0.5388581,0.6398803,0.4454771,-0.1204465,-0.7911841,24,24,24,24,24,24,24,24,24,24,24,24,24,24,24,24
107,1070,-106.3026,-106.1531,-105.8575,-2.802662,-107.657,-114.4074,-105.6488,-35.73788,18.20949,34.09044,-9.145869,-82.20192,-129.2801,-113.9906,-110.2987,-109.3251,24,24,24,24,24,24,24,24,24,24,24,24,24,24,24,24,107,1070,-106.9529,-107.9332,32.21283,-39.25693,-0.2643426,-0.3681364,-0.130629,0.7822939,0.7766031,-0.7712445,-1.4453,0.134676,0.3839166,-0.7795247,0.3613448,-0.2260599,24,24,24,24,24,24,24,24,24,24,24,24,24,24,24,24
108,1080,-110.7519,-111.9564,-111.2731,-3.168219,-108.3811,-112.3094,-102.3315,-35.36171,17.46629,30.89061,-10.92602,-83.71481,-125.9474,-108.1422,-107.3179,-107.3967,24,24,24,24,24,24,24,24,24,24,24,24,24,24,24,24,108,1080,-110.446,-110.4337,31.95094,-37.19138,0.1296193,0.6136239,-0.2612275,-0.2607251,0.2589127,-1.028785,-0.1313466,0.4040906,0.2559364,0.4454771,0.6022406,-0.6781574,24,24,24,24,24,24,24,24,24,24,24,24,24,24,24,24
109,1090,-109.6696,-110.2638,-109.3038,-2.680809,-108.5018,-115.6415,-104.8833,-35.11094,17.83789,33.47509,-9.85793,-81.94977,-127.3757,-111.8422,-111.3717,-112.2176,24,24,24,24,24,24,24,24,24,24,24,24,24,24,24,24,109,1090,-104.4002,-103.7217,30.64147,-39.12783,0.5235803,0.4909042,0.6529668,-0.2607251,-0.9058917,-0.3849344,0.1314461,0.134676,0.8957911,2.247436E-05,1.203984E-06,0.452091,24,24,24,24,24,24,24,24,24,24,24,24,24,24,24,24
110,1100,-112.6759,-111.5937,-110.6577,-2.802662,-112.364,-119.8375,-107.5627,-35.4871,17.46629,32.49052,-11.0447,-85.8581,-132.8508,-116.6164,-113.2794,-112.4587,24,24,24,24,24,24,24,24,24,24,24,24,24,24,24,24,110,1100,-99.96653,-100.8263,31.68904,-36.675,-0.00170163,0.245465,-2.88956E-05,-0.2607251,0.6471797,0.7739977,4.815934E-05,0.9429181,-0.6399847,-0.3340653,0.4817924,-9.631868E-06,24,24,24,24,24,24,24,24,24,24,24,24,24,24,24,24
111,1110,-112.9164,-115.7044,-116.3195,-3.533776,-114.6571,-121.4419,-106.0316,-34.73478,18.20949,31.50597,-12.35014,-86.48847,-130.4703,-112.5583,-109.8217,-111.2534,24,24,24,24,24,24,24,24,24,24,24,24,24,24,24,24,111,1110,-101.4444,-102.0107,32.60567,-37.44957,0.5235803,-0.9817378,-0.3918276,0.391163,-0.129356,-0.3849344,0.3942356,-0.8082727,-0.1280589,0.3341167,-0.6022382,-0.6781574,24,24,24,24,24,24,24,24,24,24,24,24,24,24,24,24
112,1120,-112.1949,-113.0445,-111.3962,-2.437105,-110.3122,-117.2459,-104.7557,-33.85706,18.08562,33.72123,-9.620576,-80.68903,-125.8283,-107.9035,-108.6294,-109.9277,24,24,24,24,24,24,24,24,24,24,24,24,24,24,24,24,112,1120,-103.191,-102.932,32.99851,-37.44957,-0.1330225,-0.1226972,0.2611697,0.260786,0.1294892,0.2589166,-1.051116,0.2693825,0.255885,-0.111338,-0.1204465,-0.9042076,24,24,24,24,24,24,24,24,24,24,24,24,24,24,24,24
113,1130,-109.0684,-106.6367,-106.3498,-2.924514,-108.3811,-115.3947,-104.6281,-35.11094,18.45722,33.22895,-8.908516,-82.20192,-126.1854,-110.6487,-107.3179,-106.6736,24,24,24,24,24,24,24,24,24,24,24,24,24,24,24,24,113,1130,-108.0277,-107.0119,33.39135,-37.83686,0.2609394,0.245465,-2.88956E-05,0.7822939,-0.129356,-1.157555,0.5256335,0.4040906,-0.3840226,0.222753,0.1204489,-9.631868E-06,24,24,24,24,24,24,24,24,24,24,24,24,24,24,24,24
114,1140,-107.9861,-107.6225,-107.3344,-3.533776,-107.4156,-111.9391,-103.097,-34.484,18.45722,33.35202,-9.739253,-82.07584,-125.9474,-109.3358,-106.364,-108.4814,24,24,24,24,24,24,24,24,24,24,24,24,24,24,24,24,114,1140,-108.5651,-107.8016,32.60567,-37.83686,1.048863,2.568498E-05,-2.88956E-05,-0.9126099,-0.3882012,-0.3849344,0.2628408,0.2693825,-0.1280589,-0.7795215,-0.4817901,0.2260407,24,24,24,24,24,24,24,24,24,24,24,24,24,24,24,24
115,1150,-110.1506,-109.9201,-109.673,-2.437105,-110.0708,-116.6288,-106.542,-35.11094,17.71402,33.96737,-9.739253,-81.82369,-130.7084,-115.4228,-113.6371,-116.0743,24,24,24,24,24,24,24,24,24,24,24,24,24,24,24,24,115,1150,-108.6995,-108.986,32.21283,-37.83686,-0.2643426,0.4909042,-0.6530262,2.88956E-05,0.1294892,-0.2561643,0.2628408,0.4040906,-1.535854,-0.111338,0.6022406,0.452091,24,24,24,24,24,24,24,24,24,24,24,24,24,24,24,24
116,1160,-114.7201,-113.5478,-113.6117,-2.315253,-114.7778,-122.3058,-107.9455,-35.61249,18.20949,34.09044,-9.5019,-82.83229,-127.9708,-111.7229,-108.0333,-107.1557,24,24,24,24,24,24,24,24,24,24,24,24,24,24,24,24,116,1160,-113.9392,-112.4079,33.12945,-38.74054,0.2609394,-0.4908561,0.1305696,0.52154,6.742308E-05,0.3876867,-0.394136,-0.8082727,0.1279032,0.556844,-0.2408946,0.1130171,24,24,24,24,24,24,24,24,24,24,24,24,24,24,24,24
117,1170,-106.5431,-108.348,-109.0576,-3.290072,-108.8639,-113.1732,-103.6074,-34.23323,18.33335,32.73666,-10.21396,-83.33659,-126.7806,-109.097,-107.1987,-107.9993,24,24,24,24,24,24,24,24,24,24,24,24,24,24,24,24,117,1170,-110.8491,-111.355,32.34377,-37.32048,-0.00170163,-0.1226972,0.2611697,-0.1303481,6.742308E-05,-1.157555,-1.051116,-0.134737,-7.866025E-05,-0.4454289,1.203984E-06,0.2260407,24,24,24,24,24,24,24,24,24,24,24,24,24,24,24,24
118,1180,-110.0304,-109.0736,-108.5653,-2.437106,-109.1053,-114.4074,-103.4798,-33.85706,18.45722,33.22895,-9.739253,-81.44547,-125.2332,-110.1712,-110.0602,-111.2534,24,24,24,24,24,24,24,24,24,24,24,24,24,24,24,24,118,1180,-109.6399,-110.0389,33.91513,-38.99874,0.2609394,-2.568498E-05,-0.7836247,2.88956E-05,-0.2587778,-0.1273935,0.6570283,0.2693825,-7.866025E-05,1.113664,0.240897,0.1130171,24,24,24,24,24,24,24,24,24,24,24,24,24,24,24,24
119,1190,-111.2329,-110.2828,-109.1807,-1.949696,-108.7432,-115.5181,-104.6281,-34.10784,19.20041,33.47509,-9.5019,-83.71481,-128.4469,-112.3196,-109.1063,-109.3251,24,24,24,24,24,24,24,24,24,24,24,24,24,24,24,24,119,1190,-111.3865,-110.4337,32.73661,-37.06229,0.3922602,-0.4909074,0.2611697,-0.6518559,6.742308E-05,-0.5137045,0.2628408,-0.134737,0.5118471,-0.3340653,-0.3613423,-0.1130332,24,24,24,24,24,24,24,24,24,24,24,24,24,24,24,24
120,1200,-110.7519,-112.2176,-112.1347,-3.655629,-109.3467,-113.5435,-102.8418,-33.60629,19.20041,33.59816,-8.908516,-81.44547,-123.3288,-106.71,-104.0987,-105.3478,24,24,24,24,24,24,24,24,24,24,24,24,24,24,24,24,120,1200,-108.2964,-109.7757,34.17702,-37.44958,-0.6583045,0.3681332,-0.2612275,-0.521479,-0.3882012,0.3876867,-0.394136,0.134676,-0.8959484,-0.2227016,-0.6022382,0.1130171,24,24,24,24,24,24,24,24,24,24,24,24,24,24,24,24
121,1210,-105.4609,-103.9948,-105.4882,-2.071549,-104.2776,-109.1006,-101.4383,-33.23013,18.08562,32.9828,-9.620576,-80.94117,-125.3522,-111.8422,-110.2987,-112.2176,24,24,24,24,24,24,24,24,24,24,24,24,24,24,24,24,121,1210,-106.4155,-107.1435,32.47472,-37.57867,0.6549012,-1.104509,-0.5224261,2.88956E-05,6.581777E-05,-0.1273935,0.2628408,-0.2694451,0.255885,-0.111338,-0.4817901,-0.6781574,24,24,24,24,24,24,24,24,24,24,24,24,24,24,24,24
122,1220,-111.8341,-111.1293,-112.8732,-2.315253,-113.3295,-122.059,-106.4144,-35.48711,19.20042,33.10588,-10.21396,-85.47987,-131.4225,-114.5874,-110.6563,-110.6508,24,24,24,24,24,24,24,24,24,24,24,24,24,24,24,24,122,1220,-108.5651,-107.5383,32.9985,-38.48235,-0.6583045,-0.6136271,0.5223683,-0.1303481,0.3883328,-1.415096,-1.051116,0.134676,0.255885,-0.2227016,-0.6022382,-0.7911841,24,24,24,24,24,24,24,24,24,24,24,24,24,24,24,24
123,1230,-112.9164,-111.9758,-110.7808,-3.046368,-107.0535,-110.705,-100.8004,-32.72858,19.57201,33.96737,-7.840425,-78.41966,-122.4957,-106.5906,-104.5756,-106.6736,24,24,24,24,24,24,24,24,24,24,24,24,24,24,24,24,123,1230,-108.2964,-108.5912,33.39134,-36.93319,-0.1330225,0.6135725,-0.3918276,0.6519169,6.581777E-05,-0.900015,0.3941842,0.4040906,-0.1280589,-0.111338,0.1204489,-9.631868E-06,24,24,24,24,24,24,24,24,24,24,24,24,24,24,24,24
124,1240,-104.6191,-105.0831,-106.4729,-2.68081,-106.5708,-112.5562,-102.3315,-33.4809,18.95268,34.09044,-7.128365,-78.67181,-123.2098,-108.2616,-106.7217,-106.4325,24,24,24,24,24,24,24,24,24,24,24,24,24,24,24,24,124,1240,-108.5651,-108.7228,32.47472,-38.22416,-0.00170163,-0.1227485,1.175364,2.88956E-05,-0.2587794,-0.2561643,0.3941842,-0.134737,0.255885,-1.002249,-0.2408946,0.2260407,24,24,24,24,24,24,24,24,24,24,24,24,24,24,24,24
125,1250,-104.0179,-102.6646,-103.3958,-2.437106,-103.6742,-110.705,-100.6728,-34.10784,19.32428,32.73666,-8.671163,-80.56295,-122.8527,-105.8745,-102.6679,-101.9732,24,24,24,24,24,24,24,24,24,24,24,24,24,24,24,24,125,1250,-110.043,-109.5125,33.39134,-37.06229,0.1296193,0.1226939,-0.9142248,-0.1303481,0.5177563,0.2589166,0.2627895,-0.2694451,-0.7679183,0.1113893,0.240897,-0.2260599,24,24,24,24,24,24,24,24,24,24,24,24,24,24,24,24
126,1260,-103.1762,-104.3575,-104.1343,-2.68081,-102.1052,-106.7558,-97.86577,-30.34621,20.56294,34.45964,-8.671163,-78.92397,-121.1864,-104.3229,-103.1448,-104.9862,24,24,24,24,24,24,24,24,24,24,24,24,24,24,24,24,126,1260,-107.759,-105.959,34.04607,-37.44958,-0.3956635,-0.8590695,-2.88956E-05,0.52154,0.258911,0.001376554,-0.2627927,-0.6735646,0.2559332,0.5568922,-1.084029,-1.017231,24,24,24,24,24,24,24,24,24,24,24,24,24,24,24,24
127,1270,-108.2266,-106.8969,-107.5806,-2.924515,-107.7777,-114.4074,-102.9694,-33.85707,18.45722,34.45964,-7.603072,-79.93257,-124.281,-110.2906,-108.7487,-110.2892,24,24,24,24,24,24,24,24,24,24,24,24,24,24,24,24,127,1270,-111.2522,-109.9073,32.9985,-37.57867,-0.9209455,-0.4909074,0.2611697,2.88956E-05,0.5177563,-1.157555,-0.6569801,0.4040906,0.5118968,-0.4453808,-0.3613423,-0.452107,24,24,24,24,24,24,24,24,24,24,24,24,24,24,24,24
128,1280,-108.4671,-108.348,-109.3038,-3.290072,-110.6743,-118.2332,-104.6281,-35.48711,18.58109,32.36745,-9.620576,-83.96696,-127.6137,-110.8874,-106.4833,-107.2762,24,24,24,24,24,24,24,24,24,24,24,24,24,24,24,24,128,1280,-106.8185,-106.4855,33.2604,-38.48235,0.1296193,0.7362953,-0.130629,0.6519169,-0.6470481,-0.3849344,0.3941842,0.2693825,0.1279513,0.4455285,1.203984E-06,-5.458059E-05,24,24,24,24,24,24,24,24,24,24,24,24,24,24,24,24
129,1290,-107.0241,-107.7434,-107.8268,-2.924515,-104.3983,-108.607,-99.14168,-30.34621,20.31521,34.95193,-7.840425,-77.41106,-119.0439,-100.981,-99.92558,-99.68327,24,24,24,24,24,24,24,24,24,24,24,24,24,24,24,24,129,1290,-108.6995,-109.6441,33.39134,-37.06229,0.7862221,0.2454136,0.2611697,-0.9126099,-0.2587794,0.1301466,-3.210623E-06,-3.050092E-05,0.1279513,-0.7794734,-0.3613423,-0.1130781,24,24,24,24,24,24,24,24,24,24,24,24,24,24,24,24
130,1300,-103.1762,-103.2514,-101.1803,-3.16822,-99.81203,-104.4109,-96.71745,-32.22703,19.81975,33.10588,-7.484396,-77.15892,-116.3064,-102.0551,-100.164,-102.5758,24,24,24,24,24,24,24,24,24,24,24,24,24,24,24,24,130,1300,-117.7011,-115.4349,34.17702,-37.83687,-0.1330225,-0.1227485,-0.9142248,2.88956E-05,0.6471781,0.001376554,0.1313947,-0.5388581,-0.2559926,-0.1112898,-0.2408946,0.112969,24,24,24,24,24,24,24,24,24,24,24,24,24,24,24,24
131,1310,-100.8914,-99.14067,-99.45718,-3.16822,-98.36373,-105.028,-96.58985,-32.35241,19.32428,32.49052,-8.077778,-78.29359,-119.6391,-104.3229,-101.8333,-102.4553,24,24,24,24,24,24,24,24,24,24,24,24,24,24,24,24,131,1310,-108.5651,-109.1177,33.91513,-37.19138,0.2609394,-1.472668,0.1305696,-0.1303481,-0.6470481,0.5164576,-0.1313979,-0.5388581,0.1279513,0.3341648,-0.9635817,-0.3391284,24,24,24,24,24,24,24,24,24,24,24,24,24,24,24,24
132,1320,-102.4547,-102.2842,-103.0266,-2.924514,-102.8293,-107.126,-99.14168,-32.35241,18.33335,33.10588,-8.908516,-79.05005,-121.0674,-104.6809,-103.5025,-102.6963,24,24,24,24,24,24,24,24,24,24,24,24,24,24,24,24,132,1320,-104.5345,-104.9062,32.9985,-38.22416,-0.3956635,0.1226939,-0.130629,-0.521479,0.7766015,-1.157555,-1.313957,-3.050092E-05,0.383915,-0.3340171,0.4817924,-0.1130781,24,24,24,24,24,24,24,24,24,24,24,24,24,24,24,24
133,1330,-104.6192,-104.8231,-106.1036,-2.802662,-106.3294,-111.9391,-101.6935,-32.35241,18.95268,34.2135,-9.5019,-80.8151,-124.6381,-108.2616,-105.4102,-106.7941,24,24,24,24,24,24,24,24,24,24,24,24,24,24,24,24,133,1330,-108.6995,-106.8803,33.52229,-37.44957,-0.2642904,0.8590149,0.1305696,0.7822939,-0.3882028,0.1301466,0.3941842,0.134676,-0.1280107,0.5568922,0.240897,0.2259957,24,24,24,24,24,24,24,24,24,24,24,24,24,24,24,24
134,1340,-107.9861,-108.2084,-106.719,-3.168219,-107.0535,-114.0371,-103.6074,-35.6125,17.21856,32.61359,-9.264546,-80.56295,-124.6381,-110.0519,-107.914,-109.5661,24,24,24,24,24,24,24,24,24,24,24,24,24,24,24,24,134,1340,-102.5192,-105.9591,33.12945,-38.48235,-0.2642904,-2.568498E-05,0.6529668,-0.6518559,0.7766015,0.2589166,-0.1313979,0.8082117,-0.2559926,7.384432E-05,-0.3613423,-0.4521552,24,24,24,24,24,24,24,24,24,24,24,24,24,24,24,24
135,1350,-109.4291,-108.3293,-108.4422,-2.1934,-111.2777,-117.9864,-106.8164,-36.11404,17.0947,33.22895,-10.21396,-83.58875,-129.5181,-112.0809,-109.2256,-108.4814,24,24,24,24,24,24,24,24,24,24,24,24,24,24,24,24,135,1350,-107.0872,-106.0907,33.39134,-38.99873,-0.001649457,-0.4909074,-0.6529765,0.1304059,6.581777E-05,-0.2561643,-3.210623E-06,-0.5388581,-0.5119547,0.3341648,0.3613448,0.452046,24,24,24,24,24,24,24,24,24,24,24,24,24,24,24,24
136,1360,-108.2266,-109.7801,-111.3962,-2.558957,-108.9846,-113.5435,-102.3499,-32.72857,19.07655,33.47509,-10.33264,-83.58875,-127.7327,-112.9164,-109.7025,-112.4587,24,24,24,24,24,24,24,24,24,24,24,24,24,24,24,24,136,1360,-109.5056,-107.4068,32.9985,-36.93319,0.3923124,-1.227228,-0.6529765,2.88956E-05,-0.2587794,0.3876867,-3.210623E-06,0.4040906,0.383915,0.6682558,-0.8431336,-1.243327,24,24,24,24,24,24,24,24,24,24,24,24,24,24,24,24
137,1370,-112.5556,-112.0773,-110.6577,-3.168219,-108.9846,-116.999,-104.2641,-33.73167,19.07655,33.96737,-8.196456,-81.3194,-127.3757,-113.6325,-112.2063,-112.4587,24,24,24,24,24,24,24,24,24,24,24,24,24,24,24,24,137,1370,-102.7879,-104.9062,33.52229,-39.25693,-0.3956113,0.1226939,-0.522378,-0.1303513,-0.1294074,-1.286326,0.1313947,-3.050092E-05,-0.2559926,0.1114375,0.6022406,0.3390193,24,24,24,24,24,24,24,24,24,24,24,24,24,24,24,24
138,1380,-110.8721,-108.4502,-111.0269,-2.680809,-112.8467,-119.8375,-106.6888,-34.98555,17.83789,32.49053,-11.5194,-84.47128,-130.2323,-112.0809,-108.1525,-107.6378,24,24,24,24,24,24,24,24,24,24,24,24,24,24,24,24,138,1380,-101.8475,-101.6159,31.55809,-37.70776,-0.3956113,0.4908528,1.926374E-05,0.1304059,-0.6470978,-0.3849344,0.7883716,0.134676,0.2559332,-0.1112898,0.240897,0.112969,24,24,24,24,24,24,24,24,24,24,24,24,24,24,24,24
139,1390,-109.3089,-109.5383,-109.7961,-2.437105,-105.8466,-110.2113,-99.15955,-31.72547,21.43,34.21351,-8.671163,-81.69762,-124.4001,-109.5745,-108.0333,-111.1329,24,24,24,24,24,24,24,24,24,24,24,24,24,24,24,24,139,1390,-103.8628,-103.9849,32.86756,-38.09505,-0.1329695,-2.568498E-05,0.2612179,-0.6518592,0.2588613,0.1301466,-0.5255854,0.4040906,-0.1280107,-0.2226535,1.203984E-06,-0.9042526,24,24,24,24,24,24,24,24,24,24,24,24,24,24,24,24
140,1400,-113.5176,-110.6265,-107.9499,-2.437105,-107.8984,-116.999,-104.0089,-34.86016,18.58109,32.85974,-8.671163,-81.44546,-125.2332,-111.7229,-109.3448,-110.0482,24,24,24,24,24,24,24,24,24,24,24,24,24,24,24,24,140,1400,-107.0872,-107.67,32.9985,-38.74054,0.3923124,-0.4909074,-0.914175,0.1304059,0.5177065,0.001376554,1.051164,-0.2693937,-0.2559926,7.384432E-05,-0.2408946,-0.1130781,24,24,24,24,24,24,24,24,24,24,24,24,24,24,24,24
141,1410,-104.6192,-106.5158,-106.9652,-3.046366,-109.7087,-116.382,-104.5194,-34.35861,19.07655,33.96737,-9.5019,-82.95836,-127.7328,-111.1261,-108.0333,-107.7583,24,24,24,24,24,24,24,24,24,24,24,24,24,24,24,24,141,1410,-110.1773,-109.6441,32.47472,-38.09505,-0.7895724,-0.6136271,0.391818,2.88956E-05,-0.2588292,0.5164568,-0.6569801,-0.5388067,0.1279497,0.2228012,-0.4817901,-0.4521552,24,24,24,24,24,24,24,24,24,24,24,24,24,24,24,24
142,1420,-108.4671,-109.0547,-108.9345,-2.437105,-106.088,-111.8157,-101.8395,-33.35551,19.20041,33.47509,-7.959102,-80.94116,-123.6859,-107.6648,-105.0525,-106.4325,24,24,24,24,24,24,24,24,24,24,24,24,24,24,24,24,142,1420,-110.8491,-112.2763,32.9985,-40.4188,0.2609915,0.3681332,0.1306194,0.3911598,1.605311E-05,-1.157555,0.3941842,-0.8082213,-0.383976,-0.1112834,0.1204489,-5.458059E-05,24,24,24,24,24,24,24,24,24,24,24,24,24,24,24,24
143,1430,-106.5432,-107.6039,-105.7344,-2.680809,-106.088,-113.6669,-102.6051,-33.4809,19.44815,33.8443,-8.077778,-81.31938,-126.8996,-112.2003,-110.5371,-110.5303,24,24,24,24,24,24,24,24,24,24,24,24,24,24,24,24,143,1430,-106.5498,-107.67,31.68904,-39.25693,0.1296714,0.4908528,0.391818,0.3911598,-0.2588292,-0.5137045,-3.210623E-06,-0.8082213,1.407763,-0.1112834,1.203984E-06,0.3390193,24,24,24,24,24,24,24,24,24,24,24,24,24,24,24,24
144,1440,-109.6696,-109.901,-112.627,-2.924514,-113.2088,-117.9864,-105.4127,-33.85706,20.43908,34.58272,-8.908516,-82.45406,-127.6137,-108.2616,-105.6487,-105.9504,24,24,24,24,24,24,24,24,24,24,24,24,24,24,24,24,144,1440,-109.7743,-111.2234,32.73661,-38.74054,-0.001649457,-0.1227485,-0.2611793,-0.9126131,-0.2588292,0.001376554,-0.6569801,0.1347274,-0.128014,0.3341712,0.1204489,-0.1130781,24,24,24,24,24,24,24,24,24,24,24,24,24,24,24,24
145,1450,-108.7076,-109.1756,-107.4575,-3.168219,-104.0362,-111.0752,-101.4566,-34.484,18.20949,32.24438,-8.908516,-80.43686,-122.8527,-108.8583,-107.3179,-109.4456,24,24,24,24,24,24,24,24,24,24,24,24,24,24,24,24,145,1450,-110.7148,-110.1706,32.21283,-40.2897,0.5236325,-1.472668,0.391818,0.1304059,0.3882831,0.001376554,-0.2627927,-0.8082213,-3.210623E-05,-0.1112834,-0.7226859,-0.4521552,24,24,24,24,24,24,24,24,24,24,24,24,24,24,24,24
146,1460,-105.4609,-104.944,-105.3651,-2.558957,-106.088,-113.7903,-104.1365,-33.23012,19.32428,35.075,-8.315131,-81.57153,-128.3279,-113.5132,-111.7294,-110.1687,24,24,24,24,24,24,24,24,24,24,24,24,24,24,24,24,146,1460,-108.2964,-107.9332,31.81999,-38.86964,-0.001649457,-0.4909074,1.926374E-05,0.5215368,-0.517676,-0.5137045,-0.3941874,1.212383,0.5118936,8.026557E-05,0.1204489,-0.4521552,24,24,24,24,24,24,24,24,24,24,24,24,24,24,24,24
147,1470,-104.7394,-109.9011,-111.0269,-3.411924,-112.8467,-116.5054,-104.647,-33.10473,19.57201,35.32114,-7.959102,-80.31078,-126.0664,-108.0229,-105.1717,-105.2273,24,24,24,24,24,24,24,24,24,24,24,24,24,24,24,24,147,1470,-106.8185,-107.67,31.5581,-42.48434,0.3923124,0.3681332,-0.522378,0.5215368,0.1294379,-1.286326,0.3941842,0.2694339,-0.8959018,0.7796259,-0.1204465,0.2259957,24,24,24,24,24,24,24,24,24,24,24,24,24,24,24,24
148,1480,-104.8597,-106.8785,-105.7344,-2.80261,-104.3983,-110.8284,-102.6051,-34.98555,18.08562,33.96737,-6.534981,-77.78928,-124.6381,-113.3938,-111.7294,-113.6639,24,24,24,24,24,24,24,24,24,24,24,24,24,24,24,24,148,1480,-112.7301,-111.7499,30.90336,-39.51512,0.2609915,-0.1227485,0.6530166,-0.7822361,-0.1294074,0.001376554,0.1313947,-0.1346856,0.3839118,-1.113558,-0.1204465,0.452046,24,24,24,24,24,24,24,24,24,24,24,24,24,24,24,24
149,1490,-111.1126,-107.9666,-107.5806,-2.193349,-108.9846,-114.901,-103.3708,-32.97935,18.95268,34.33658,-11.0447,-84.84948,-130.8274,-111.9616,-109.1063,-109.3251,24,24,24,24,24,24,24,24,24,24,24,24,24,24,24,24,149,1490,-115.6858,-117.4091,31.03431,-40.54789,-0.1329695,-0.4909074,-0.2611793,-0.7822361,-0.1294074,-0.900015,-0.2627927,-0.1346856,-1.279846,8.026557E-05,0.1204489,0.452046,24,24,24,24,24,24,24,24,24,24,24,24,24,24,24,24
150,1500,-113.6379,-114.7372,-114.4732,-2.80261,-110.6743,-115.3946,-103.1156,-31.72547,20.56294,34.95193,-9.85793,-83.58873,-128.5659,-112.6777,-109.7025,-111.2534,24,24,24,24,24,24,24,24,24,24,24,24,24,24,24,24,150,1500,-119.7164,-118.3303,31.03431,-42.09705,0.3923124,-1.104457,1.926374E-05,0.1304059,0.5177065,-0.5137045,-3.210623E-06,-1.347049,0.1279497,8.026557E-05,-0.9635817,-0.2261049,24,24,24,24,24,24,24,24,24,24,24,24,24,24,24,24
151,1510,-112.0746,-111.8355,-108.9345,-3.046315,-106.3294,-114.1605,-103.7537,-33.98245,18.82882,34.58272,-8.196456,-81.44546,-127.3757,-112.439,-110.1794,-110.4098,24,24,24,24,24,24,24,24,24,24,24,24,24,24,24,24,151,1510,-111.1178,-111.4866,29.72485,-40.1606,-0.9208933,-0.3681364,0.5224165,0.5215368,0.7765517,-0.3849344,-0.5255854,0.673555,-3.210623E-05,-0.1112834,-0.1204465,-0.4521552,24,24,24,24,24,24,24,24,24,24,24,24,24,24,24,24
152,1520,-109.1887,-107.483,-107.2114,-2.193349,-108.6225,-113.0498,-104.2641,-33.85707,18.95268,34.95193,-8.671163,-81.19331,-127.1376,-108.5003,-105.8871,-104.6247,24,24,24,24,24,24,24,24,24,24,24,24,24,24,24,24,152,1520,-114.0736,-114.2504,30.51052,-42.87163,0.3923124,0.7363467,-0.7835765,0.3911116,0.1294379,-0.7712445,-0.6569801,0.5388485,-0.8959018,0.6682622,-0.1204465,0.2259957,24,24,24,24,24,24,24,24,24,24,24,24,24,24,24,24
153,1530,-105.1002,-107.6039,-107.4575,-1.949644,-106.088,-109.1006,-100.4357,-32.85397,18.95263,32.98281,-8.78984,-80.05864,-122.1386,-105.8745,-103.5025,-104.7452,24,24,24,24,24,24,24,24,24,24,24,24,24,24,24,24,153,1530,-117.1637,-117.0142,29.85579,-40.80609,0.9175944,-0.1226972,0.6530166,-0.9126613,0.2588613,-0.2561635,0.5255821,-0.1346856,-3.210623E-05,-0.445376,-0.6022382,-0.4521552,24,24,24,24,24,24,24,24,24,24,24,24,24,24,24,24
154,1540,-107.0241,-106.0322,-105.6113,-2.924463,-103.5535,-109.8411,-99.92523,-31.85086,20.31516,34.95193,-6.060241,-77.6632,-119.8771,-105.3971,-103.5025,-105.2273,24,24,24,24,24,24,24,24,24,24,24,24,24,24,24,24,154,1540,-117.2981,-118.4619,30.77242,-41.96795,0.2609915,0.4909042,-0.914175,-0.6519073,0.1294379,-0.1273935,-0.1313979,0.5388485,-0.8959018,0.2228076,-0.1204465,0.112969,24,24,24,24,24,24,24,24,24,24,24,24,24,24,24,24
155,1550,-104.9799,-103.9768,-105.9805,-1.827792,-108.0191,-112.6796,-104.7746,-34.60939,17.59011,33.10588,-9.5019,-81.19331,-125.7093,-106.9487,-103.8602,-102.0937,24,24,24,24,24,24,24,24,24,24,24,24,24,24,24,24,155,1550,-116.6263,-114.5136,29.5939,-42.74253,0.6549534,-1.104457,0.5224165,-0.1303994,-0.3882526,0.5164576,0.1314461,-1.077634,-0.5119579,0.2228076,-0.6022382,-0.4521552,24,24,24,24,24,24,24,24,24,24,24,24,24,24,24,24
156,1560,-106.4229,-107.1203,-105.9805,-2.80261,-103.9155,-108.2367,-99.92523,-32.4778,20.31516,33.72123,-7.484396,-80.05864,-122.3766,-109.2164,-106.7217,-110.2893,24,24,24,24,24,24,24,24,24,24,24,24,24,24,24,24,156,1560,-111.1178,-109.7757,28.67727,-42.22615,-1.052214,-0.2454168,0.391818,-0.1303994,0.3882831,-1.028785,-0.9197182,0.2694339,0.5118936,-0.445376,-0.1204465,-0.2261049,24,24,24,24,24,24,24,24,24,24,24,24,24,24,24,24
157,1570,-108.5874,-107.7248,-108.0729,-3.533725,-107.8984,-114.1605,-102.6051,-33.73168,19.20036,33.96737,-7.365718,-78.67181,-121.1864,-104.5616,-103.0256,-102.4553,24,24,24,24,24,24,24,24,24,24,24,24,24,24,24,24,157,1570,-109.6399,-110.4338,28.54633,-43.38802,0.2609915,2.568498E-05,-1.828371,0.6518655,-0.7765212,-0.7712445,0.1314461,-0.1346856,-0.6399847,0.3341712,-0.1204465,-5.458059E-05,24,24,24,24,24,24,24,24,24,24,24,24,24,24,24,24
158,1580,-101.0117,-100.9542,-102.165,-2.193349,-103.6742,-108.4835,-100.3081,-32.85397,18.82877,33.47509,-8.908517,-80.68901,-121.4244,-103.1293,-101.3564,-100.4064,24,24,24,24,24,24,24,24,24,24,24,24,24,24,24,24,158,1580,-106.8185,-106.3539,28.54633,-41.58066,0.9175944,-0.3681364,0.391818,-0.6519073,-0.7765212,0.3876867,0.2628408,-0.2693937,0.255885,-0.8908852,-0.3613423,-0.2261049,24,24,24,24,24,24,24,24,24,24,24,24,24,24,24,24
159,1590,-101.2522,-103.6141,-103.2727,-3.046315,-101.1396,-107.0026,-96.47962,-31.4747,20.19129,33.22895,-8.07778,-78.92397,-119.6391,-104.3229,-102.0717,-103.299,24,24,24,24,24,24,24,24,24,24,24,24,24,24,24,24,159,1590,-115.9545,-115.6981,29.5939,-42.35524,-0.1329695,0.7363467,-0.522378,-1.043038,1.605311E-05,0.2589166,4.815934E-05,0.1347274,-0.5120044,0.1113893,0.3613448,-5.458059E-05,24,24,24,24,24,24,24,24,24,24,24,24,24,24,24,24
160,1600,-104.3787,-103.9768,-102.9035,-2.680758,-103.1914,-109.4708,-101.0738,-32.85397,18.20943,33.47509,-9.027193,-80.05864,-125.5903,-110.2906,-108.9871,-109.3251,24,24,24,24,24,24,24,24,24,24,24,24,24,24,24,24,160,1600,-116.6263,-115.8298,29.20106,-43.64621,0.1296714,-1.104457,0.2612179,0.6518655,-0.7765212,0.1301466,-0.2627413,-0.9429278,-0.2560408,0.556844,-0.9635817,-0.7911873,24,24,24,24,24,24,24,24,24,24,24,24,24,24,24,24
161,1610,-108.9481,-109.2965,-110.4115,-3.046315,-111.7605,-117.4927,-104.1365,-33.85707,19.4481,33.72123,-9.85793,-83.33659,-128.2088,-110.0519,-107.5564,-107.9993,24,24,24,24,24,24,24,24,24,24,24,24,24,24,24,24,161,1610,-116.3576,-115.8298,28.93917,-42.48434,-0.6582523,-0.2454168,0.2612179,-0.5215303,0.1294379,-0.6424745,0.1314461,-0.1346856,-0.1280589,-0.5567942,0.240897,-1.284249E-05,24,24,24,24,24,24,24,24,24,24,24,24,24,24,24,24
162,1620,-113.2771,-114.3943,-112.2577,-3.411872,-109.7087,-115.8883,-104.1365,-35.23633,17.9617,33.10588,-9.383224,-81.82368,-125.5903,-109.4551,-107.7948,-109.5661,24,24,24,24,24,24,24,24,24,24,24,24,24,24,24,24,162,1620,-120.7912,-118.8568,28.41538,-45.32446,0.6549534,0.245465,-0.6529765,-2.247436E-05,-0.2588292,-1.157555,0.2628408,2.086905E-05,-0.5120044,2.568498E-05,0.3613448,0.339061,24,24,24,24,24,24,24,24,24,24,24,24,24,24,24,24
163,1630,-109.0684,-107.5016,-104.7497,-2.80261,-106.2087,-113.1732,-104.1365,-34.98555,16.72305,32.98281,-9.739255,-81.57153,-127.6137,-113.2745,-110.8948,-110.1687,24,24,24,24,24,24,24,24,24,24,24,24,24,24,24,24,163,1630,-112.0583,-115.0401,28.80822,-42.35524,0.3923124,-0.1226972,0.391818,-0.2607764,0.1294379,0.001376554,0.1314461,0.2694339,0.6398289,-0.5567942,0.1204489,0.1130107,24,24,24,24,24,24,24,24,24,24,24,24,24,24,24,24
164,1640,-110.0304,-109.6782,-110.4115,-1.705992,-109.9501,-116.382,-104.7746,-33.85707,18.82877,32.6136,-9.976608,-82.70622,-125.9474,-108.739,-106.364,-107.0351,24,24,24,24,24,24,24,24,24,24,24,24,24,24,24,24,164,1640,-112.327,-113.724,29.5939,-42.87163,0.2609915,0.1227453,-0.6529765,-0.6519073,0.1294379,0.1301466,-0.2627413,0.808263,-0.8959484,0.222753,-0.1204465,-1.284249E-05,24,24,24,24,24,24,24,24,24,24,24,24,24,24,24,24
165,1650,-107.1444,-109.9201,-109.3037,-3.899334,-107.0535,-112.803,-103.2432,-35.36172,17.34237,32.24438,-10.45131,-81.69761,-124.281,-108.0229,-106.7217,-107.7583,24,24,24,24,24,24,24,24,24,24,24,24,24,24,24,24,165,1650,-115.2828,-113.9872,29.5939,-43.38802,0.9175422,-1.104457,-0.6529765,0.1303545,0.5177065,0.001376554,0.1314461,-0.8082213,-0.2560408,0.3341167,-0.4817901,-0.2260632,24,24,24,24,24,24,24,24,24,24,24,24,24,24,24,24
166,1660,-109.4291,-108.2271,-108.4422,-2.802663,-107.8984,-113.7903,-104.2641,-34.60939,16.97078,32.6136,-10.92602,-82.95837,-127.2567,-110.5293,-109.1063,-109.5661,24,24,24,24,24,24,24,24,24,24,24,24,24,24,24,24,166,1660,-113.8049,-113.724,28.15349,-42.35525,-0.7896253,-0.8590181,0.2612179,0.1303545,0.1294379,0.001376554,-1.4453,0.1347274,-0.1280589,-0.111338,-0.3613423,-0.5651402,24,24,24,24,24,24,24,24,24,24,24,24,24,24,24,24
167,1670,-107.5051,-107.1388,-106.8421,-2.802663,-106.4501,-112.1859,-103.097,-34.23323,17.83784,31.3829,-11.40073,-83.96696,-126.1854,-109.5745,-106.1256,-106.7941,24,24,24,24,24,24,24,24,24,24,24,24,24,24,24,24,167,1670,-115.2828,-114.6452,28.54633,-44.1626,0.7862221,2.568498E-05,-0.5224261,-0.1303994,-0.3882526,-1.028785,0.9198177,0.2694339,-0.1280589,0.3341167,1.203984E-06,0.2260343,24,24,24,24,24,24,24,24,24,24,24,24,24,24,24,24
168,1680,-110.2709,-110.7665,-111.2731,-2.68081,-108.2605,-113.7903,-103.8626,-34.35861,17.21851,30.76755,-11.51941,-83.71481,-127.4947,-114.9454,-113.7563,-118.1232,24,24,24,24,24,24,24,24,24,24,24,24,24,24,24,24,168,1680,-116.895,-116.8826,27.76065,-41.96796,0.2609394,-0.3681364,0.6529668,-2.247436E-05,-0.7765212,-0.5137045,4.815934E-05,0.1347274,0.255885,-0.2227016,-0.3613423,0.6781349,24,24,24,24,24,24,24,24,24,24,24,24,24,24,24,24
169,1690,-116.1631,-112.8222,-111.7654,-2.558958,-116.9502,-125.3911,-112.794,-38.99796,15.48444,31.99825,-11.63808,-87.8753,-137.3738,-122.1067,-116.9756,-115.9538,24,24,24,24,24,24,24,24,24,24,24,24,24,24,24,24,169,1690,-113.1331,-116.4878,29.33201,-43.00073,-0.9209455,0.245465,-0.130629,-0.9126613,6.742308E-05,0.2589166,-0.1313466,0.2694339,-0.5120044,-0.2227016,0.1204489,-0.1130396,24,24,24,24,24,24,24,24,24,24,24,24,24,24,24,24
170,1700,-117.3656,-118.2638,-119.2734,-2.315253,-116.2261,-122.3058,-109.349,-37.61869,16.47536,30.15219,-12.70617,-87.37099,-131.5415,-113.5132,-110.6563,-112.6997,24,24,24,24,24,24,24,24,24,24,24,24,24,24,24,24,170,1700,-116.3576,-115.8297,30.64147,-41.58067,0.7862221,-0.7362953,-0.2612275,0.9126195,-0.3882012,0.1301466,0.3942356,-0.2693937,-0.2560408,0.4454803,-0.4817901,-0.5651402,24,24,24,24,24,24,24,24,24,24,24,24,24,24,24,24
171,1710,-113.5176,-112.5804,-112.3808,-2.315253,-109.3467,-116.6288,-105.7764,-36.36481,16.84696,31.50597,-10.45131,-83.08444,-128.6849,-112.6777,-112.9217,-114.0254,24,24,24,24,24,24,24,24,24,24,24,24,24,24,24,24,171,1710,-114.8797,-115.0401,30.64147,-41.58067,-0.6583045,-0.3681364,0.6529668,-0.1303994,0.3883345,-0.6424745,-1.182514,0.1347274,0.6398289,-0.2227016,-0.1204465,-1.017238,24,24,24,24,24,24,24,24,24,24,24,24,24,24,24,24
172,1720,-113.8784,-113.5478,-115.2117,-2.924515,-115.6226,-122.4292,-111.0077,-39.37412,15.36057,30.64447,-12.46882,-86.61453,-133.922,-115.6616,-113.2794,-112.2176,24,24,24,24,24,24,24,24,24,24,24,24,24,24,24,24,172,1720,-111.9239,-112.8027,30.24863,-42.48434,0.3922602,0.1227453,-0.2612275,0.1303545,-0.6470464,-0.7712445,-0.1313498,0.2693825,-0.3840226,0.4454803,0.1204489,0.5651113,24,24,24,24,24,24,24,24,24,24,24,24,24,24,24,24
173,1730,-114.1189,-116.2081,-115.704,-3.290072,-113.8123,-119.961,-107.8179,-37.99485,15.73217,30.15219,-13.0622,-86.36239,-131.1845,-116.0196,-114.591,-116.918,24,24,24,24,24,24,24,24,24,24,24,24,24,24,24,24,173,1730,-115.1484,-114.9085,30.11769,-40.80609,-0.1330225,-0.3681364,0.3917682,-0.1303994,0.3883345,-0.1273935,0.2628344,-0.6735646,0.6398771,-0.2227016,-0.7226859,-0.2260632,24,24,24,24,24,24,24,24,24,24,24,24,24,24,24,24
174,1740,-116.4036,-115.6035,-115.2117,-2.315253,-115.9847,-124.0336,-111.2629,-38.24563,14.98898,31.87518,-12.46882,-85.60593,-134.1601,-118.8841,-117.8102,-117.4001,24,24,24,24,24,24,24,24,24,24,24,24,24,24,24,24,174,1740,-115.2828,-115.9613,31.42715,-40.93518,-0.1330225,2.568498E-05,-1.436622,-2.247436E-05,6.742308E-05,0.2589166,0.2628344,1.077625,-0.6399365,-0.4454322,-0.3613423,0.339061,24,24,24,24,24,24,24,24,24,24,24,24,24,24,24,24
175,1750,-113.5176,-114.1524,-117.7964,-2.558958,-116.1054,-121.9356,-110.6249,-39.12334,14.98898,30.27526,-13.29955,-86.99276,-132.2557,-113.0358,-110.1794,-110.6508,24,24,24,24,24,24,24,24,24,24,24,24,24,24,24,24,175,1750,-112.1926,-112.6711,31.68904,-41.58067,0.9175422,-1.472616,-2.88956E-05,-2.247436E-05,-0.2587778,0.2589166,-0.3941425,-1.212392,0.1279513,0.2227498,-0.3613423,-1.017238,24,24,24,24,24,24,24,24,24,24,24,24,24,24,24,24
176,1760,-113.2771,-114.878,-112.0116,-3.533777,-107.7777,-112.1859,-104.2453,-37.11714,14.61738,29.04456,-12.94353,-83.84088,-125.7093,-108.9777,-108.9871,-110.2893,24,24,24,24,24,24,24,24,24,24,24,24,24,24,24,24,176,1760,-120.6569,-118.0671,31.81999,-39.90241,-0.3956635,0.245465,0.6529668,0.3911116,0.6471797,-0.7712445,-0.6569319,-0.2694451,-0.6399365,-0.1113412,1.203984E-06,-0.2260535,24,24,24,24,24,24,24,24,24,24,24,24,24,24,24,24
177,1770,-110.9924,-109.5573,-110.1653,-2.437106,-110.1915,-116.5054,-106.2868,-37.61869,14.98898,30.5214,-12.23146,-83.96696,-127.7327,-112.3196,-110.4179,-111.615,24,24,24,24,24,24,24,24,24,24,24,24,24,24,24,24,177,1770,-120.6568,-119.12,32.08188,-41.70977,0.2609394,0.8590663,-2.88956E-05,0.5214886,-1.29416,-0.900015,0.5256271,0.5387971,-0.2559926,0.4454771,0.3613448,0.565121,24,24,24,24,24,24,24,24,24,24,24,24,24,24,24,24
178,1780,-109.9101,-106.7576,-106.8421,-2.315253,-107.7777,-113.4201,-105.3937,-37.4933,15.9799,30.02912,-12.11279,-86.11024,-127.6137,-111.0067,-107.3179,-107.3967,24,24,24,24,24,24,24,24,24,24,24,24,24,24,24,24,178,1780,-112.5957,-113.3292,31.2962,-40.2897,0.2609394,2.568498E-05,0.6529668,-0.7822843,-0.5176246,-0.5137045,0.3942324,-0.4041516,0.383915,-0.7795247,1.203984E-06,0.1130203,24,24,24,24,24,24,24,24,24,24,24,24,24,24,24,24
179,1790,-109.0684,-112.3191,-113.6116,-3.290072,-109.7087,-112.9264,-104.1177,-36.74098,15.73217,30.02912,-12.70617,-85.22771,-127.4947,-111.9616,-108.9871,-111.374,24,24,24,24,24,24,24,24,24,24,24,24,24,24,24,24,179,1790,-113.8048,-112.4079,31.68904,-40.67699,-0.2643426,-0.1226972,-0.3918276,-0.5215303,6.742308E-05,0.3876867,-0.5255372,0.2693825,-0.1280107,-0.1113412,0.8431364,0.3390706,24,24,24,24,24,24,24,24,24,24,24,24,24,24,24,24
180,1800,-114.7201,-113.5281,-114.3501,-2.1934,-113.5709,-117.8629,-110.3697,-40.62799,13.00712,28.92149,-12.70617,-86.99276,-133.922,-118.8841,-116.0217,-115.9538,24,24,24,24,24,24,24,24,24,24,24,24,24,24,24,24,180,1800,-107.2216,-107.67,31.55809,-40.67699,0.5235803,-0.9817378,0.5223683,-0.1303994,-0.129356,0.001376554,-0.3941425,-1.077686,0.383915,0.4454771,-0.7226859,-0.678151,24,24,24,24,24,24,24,24,24,24,24,24,24,24,24,24
181,1810,-113.9986,-113.7699,-114.9655,-2.558957,-116.2261,-122.9229,-112.4112,-41.38032,14.12191,28.55228,-13.41823,-89.13603,-134.6362,-117.8099,-113.9948,-115.5923,24,24,24,24,24,24,24,24,24,24,24,24,24,24,24,24,181,1810,-107.4903,-107.9332,30.64147,-41.06428,-0.9208933,-0.7362953,0.9141654,0.3911116,-0.129356,0.001376554,-1.313912,0.2693825,0.1279513,2.247436E-05,-0.2408946,-0.4521038,24,24,24,24,24,24,24,24,24,24,24,24,24,24,24,24
182,1820,-120.2516,-121.145,-119.2734,-2.680809,-114.8985,-121.0717,-109.0938,-39.24873,13.62645,29.16763,-13.53691,-85.98416,-131.3035,-115.1841,-115.1871,-117.4001,24,24,24,24,24,24,24,24,24,24,24,24,24,24,24,24,182,1820,-106.5498,-106.2223,31.03431,-42.22615,0.5236325,0.4908528,-2.88956E-05,0.7822425,-0.129356,-1.543866,0.6570218,0.134676,-2.88956E-05,0.2227498,-0.2408946,-3.210623E-06,24,24,24,24,24,24,24,24,24,24,24,24,24,24,24,24
183,1830,-118.3276,-113.0445,-111.6423,-3.777481,-111.3984,-117.3693,-108.9859,-39.87567,13.62645,29.16763,-13.53691,-86.86668,-131.5415,-116.3777,-113.7563,-114.6281,24,24,24,24,24,24,24,24,24,24,24,24,24,24,24,24,183,1830,-102.1162,-102.4056,29.98673,-40.4188,0.5236325,-2.568498E-05,0.1305696,-0.3911534,6.742308E-05,-0.2561643,0.3942324,-0.4041516,0.7678589,-0.2227048,-0.2408946,-0.2260535,24,24,24,24,24,24,24,24,24,24,24,24,24,24,24,24
184,1840,-113.2771,-114.4954,-114.5963,-3.046366,-113.9329,-120.8248,-108.3478,-38.74718,15.6083,29.90605,-13.29955,-87.87528,-131.5415,-115.1841,-112.3256,-112.8202,24,24,24,24,24,24,24,24,24,24,24,24,24,24,24,24,184,1840,-103.191,-104.7746,30.77242,-40.1606,0.2609915,0.3681332,-0.2612275,-1.042987,0.3883345,0.5164576,-0.3941425,0.4040906,-0.5119547,0.1113861,0.240897,0.1130203,24,24,24,24,24,24,24,24,24,24,24,24,24,24,24,24
185,1850,-113.3974,-113.649,-113.6116,-2.924514,-112.1226,-118.1097,-108.2202,-39.24873,14.24573,29.2907,-14.01162,-85.85809,-130.2323,-114.8261,-114.4717,-116.0743,24,24,24,24,24,24,24,24,24,24,24,24,24,24,24,24,185,1850,-116.3576,-115.1717,31.16525,-41.19337,0.5236325,-1.227228,-0.2612275,0.1304059,0.3883328,0.001376554,-0.2627477,-1.077686,-2.88956E-05,2.247436E-05,-1.204477,-0.5651274,24,24,24,24,24,24,24,24,24,24,24,24,24,24,24,24
186,1860,-115.8024,-113.7699,-112.2577,-3.046366,-114.8985,-122.059,-110.9001,-38.12025,15.73212,31.62903,-13.0622,-87.74921,-134.3981,-118.7648,-115.5448,-114.5076,24,24,24,24,24,24,24,24,24,24,24,24,24,24,24,24,186,1860,-114.8797,-114.382,30.64147,-40.67699,-0.7895724,-0.1227485,0.3917682,0.7822939,0.258911,-0.5137045,-1.445307,0.5387971,0.2559332,0.1113861,-0.2408946,-0.4521038,24,24,24,24,24,24,24,24,24,24,24,24,24,24,24,24
187,1870,-114.1189,-116.9134,-117.181,-3.533776,-116.7088,-121.1951,-109.1135,-38.74718,14.98892,29.65991,-13.89294,-87.74921,-131.3035,-111.8422,-108.8679,-108.4814,24,24,24,24,24,24,24,24,24,24,24,24,24,24,24,24,187,1870,-110.1773,-110.8286,31.03431,-41.96795,0.2609915,0.4908528,-0.5224261,0.260786,-0.2587794,-0.7712445,4.815934E-05,0.134676,-0.6399365,-0.1113412,0.1204489,0.4520974,24,24,24,24,24,24,24,24,24,24,24,24,24,24,24,24
188,1880,-110.9924,-112.3191,-111.6423,-2.680809,-109.9501,-114.0371,-105.6679,-36.36482,15.85598,31.87517,-13.29956,-86.36239,-131.6606,-116.497,-116.0217,-118.2438,24,24,24,24,24,24,24,24,24,24,24,24,24,24,24,24,188,1880,-113.1331,-112.8027,30.37957,-40.67699,0.2609915,-0.3681878,0.6529668,-0.521479,-0.6470481,-0.1273935,0.2628408,-0.5388581,0.5118968,-0.3340685,0.240897,-0.1130268,24,24,24,24,24,24,24,24,24,24,24,24,24,24,24,24
189,1890,-116.7644,-115.3417,-113.8578,-2.071548,-114.6571,-122.1824,-110.7725,-39.75028,14.98892,30.5214,-12.11279,-87.11884,-133.446,-117.9293,-115.0679,-115.8333,24,24,24,24,24,24,24,24,24,24,24,24,24,24,24,24,189,1890,-108.4307,-109.9073,32.08188,-41.19337,-0.6582523,0.2454136,-0.3918276,-0.1303481,0.5177563,0.5164576,-0.1313466,-0.2694451,-0.6399333,-0.2227048,0.6022406,0.565121,24,24,24,24,24,24,24,24,24,24,24,24,24,24,24,24
190,1900,-115.4416,-117.0343,-118.4118,-3.168219,-116.4675,-121.9355,-110.0068,-37.99486,16.59918,31.62903,-11.63808,-86.86668,-133.2079,-113.9906,-111.7294,-111.8561,24,24,24,24,24,24,24,24,24,24,24,24,24,24,24,24,190,1900,-108.5651,-107.8016,31.2962,-41.83886,0.5236325,-0.7363467,-0.3918276,0.391163,-0.2587794,0.001376554,-0.525534,-0.4041516,-0.2559894,0.2228012,-1.324925,-0.2260535,24,24,24,24,24,24,24,24,24,24,24,24,24,24,24,24
191,1910,-115.9226,-115.7044,-113.6116,-3.411924,-110.795,-116.7522,-107.8374,-38.12025,15.48439,30.89061,-11.51941,-84.47127,-130.4703,-117.2132,-116.2602,-119.0874,24,24,24,24,24,24,24,24,24,24,24,24,24,24,24,24,191,1910,-117.4324,-115.5665,30.51052,-40.93518,-1.183534,-0.1227485,0.2611697,0.1304059,0.258911,-0.900015,-0.6569287,0.8082117,0.7678621,-0.2226535,0.7226883,-0.678151,24,24,24,24,24,24,24,24,24,24,24,24,24,24,24,24
192,1920,-118.0871,-115.5835,-114.8425,-2.315252,-116.5882,-126.7487,-111.4106,-39.4995,17.21851,31.25982,-11.16337,-86.61453,-131.0654,-115.0648,-113.1602,-113.1818,24,24,24,24,24,24,24,24,24,24,24,24,24,24,24,24,192,1920,-111.5209,-113.0659,30.51052,-42.61344,0.6549534,0.7362953,-0.130629,0.391163,-0.1293576,-1.028785,0.2628408,0.134676,-0.3839712,0.4455285,-0.2408946,0.9041435,24,24,24,24,24,24,24,24,24,24,24,24,24,24,24,24
193,1930,-111.7139,-113.8908,-115.3348,-2.802662,-114.4157,-118.48,-107.8374,-37.99486,16.84691,31.87517,-11.99411,-85.98416,-131.7796,-112.6777,-111.6102,-111.8561,24,24,24,24,24,24,24,24,24,24,24,24,24,24,24,24,193,1930,-109.2369,-109.6441,30.24863,-40.2897,0.1296714,-0.4909074,-0.130629,-0.521479,-0.5176262,0.001376554,0.5256335,-0.134737,0.6398803,0.1114375,-0.3613423,-5.458059E-05,24,24,24,24,24,24,24,24,24,24,24,24,24,24,24,24
194,1940,-116.5239,-116.9134,-115.9502,-3.533776,-111.8812,-116.382,-107.3269,-36.49021,17.09464,32.12132,-11.40073,-85.10164,-131.0654,-114.7067,-114.3525,-115.3512,24,24,24,24,24,24,24,24,24,24,24,24,24,24,24,24,194,1940,-113.1331,-113.3292,31.55809,-41.19337,-0.1329695,0.2454136,-0.3918276,-0.2607251,0.258911,0.001376554,-0.7883235,-3.050092E-05,-1.151859,0.1114375,1.203984E-06,0.112969,24,24,24,24,24,24,24,24,24,24,24,24,24,24,24,24
195,1950,-113.9986,-112.9236,-112.2578,-2.802662,-112.4846,-120.2078,-108.4754,-37.74408,16.97078,30.76754,-12.11279,-88.63174,-134.6362,-118.7648,-115.0679,-115.1102,24,24,24,24,24,24,24,24,24,24,24,24,24,24,24,24,195,1950,-111.1178,-110.5654,30.90336,-41.70976,0.7862743,0.1226939,-0.2612275,0.1304059,-0.1293576,-0.1273935,0.1314461,-0.134737,0.2559364,0.2228012,-0.6022382,-0.4521552,24,24,24,24,24,24,24,24,24,24,24,24,24,24,24,24
196,1960,-115.9226,-117.6389,-118.1657,-3.046366,-115.864,-119.5907,-106.0507,-34.86017,18.20943,33.10587,-13.53691,-87.62315,-132.8508,-114.5874,-114.3525,-116.7975,24,24,24,24,24,24,24,24,24,24,24,24,24,24,24,24,196,1960,-108.6995,-109.3809,30.11768,-40.67699,-0.7895724,-0.4909074,0.3917682,0.1304059,0.258911,0.001376554,-0.7883235,-0.134737,-0.1280075,-0.4453808,-0.2408946,-1.017279,24,24,24,24,24,24,24,24,24,24,24,24,24,24,24,24
197,1970,-123.2578,-121.145,-119.3965,-3.655628,-114.1743,-122.4292,-110.0068,-37.49331,16.97078,32.49052,-10.92602,-86.74061,-135.3503,-122.3454,-120.4333,-119.8106,24,24,24,24,24,24,24,24,24,24,24,24,24,24,24,24,197,1970,-110.9835,-110.697,30.11768,-43.38802,0.1296714,1.104454,-0.2612275,0.6519169,-0.2587794,-0.6424745,4.815934E-05,0.5387971,-0.3839712,0.7796211,0.240897,-0.1130781,24,24,24,24,24,24,24,24,24,24,24,24,24,24,24,24
198,1980,-115.8024,-117.397,-118.2888,-3.533776,-115.3812,-121.9356,-109.1135,-37.86947,16.97078,31.50596,-12.35014,-87.8753,-133.3269,-113.5132,-110.1794,-109.8072,24,24,24,24,24,24,24,24,24,24,24,24,24,24,24,24,198,1980,-106.1468,-104.643,29.332,-40.93518,0.3923124,0.1226939,0.6529668,-0.9126099,0.1294876,0.1301466,0.2628408,-0.6735646,-0.6399333,-0.7794734,-0.4817901,0.112969,24,24,24,24,24,24,24,24,24,24,24,24,24,24,24,24
199,1990,-112.7961,-113.77,-113.8578,-2.802662,-109.8294,-115.0245,-104.0089,-34.23323,18.08557,33.22894,-11.51941,-84.21912,-127.8518,-108.8583,-108.2718,-108.9635,24,24,24,24,24,24,24,24,24,24,24,24,24,24,24,24,199,1990,-109.2369,-109.3809,30.37957,-41.58066,-0.7895724,-0.1227485,-1.044823,2.88956E-05,-0.1293576,0.2589166,-0.1313466,-3.050092E-05,-0.3839712,0.2228012,0.6022406,0.2259957,24,24,24,24,24,24,24,24,24,24,24,24,24,24,24,24
200,2000,-110.5114,-107.6039,-108.4422,-2.680809,-107.657,-113.6669,-105.4127,-35.86326,16.72305,32.61359,-8.78984,-82.07584,-126.4235,-111.0067,-109.2256,-110.4098,24,24,24,24,24,24,24,24,24,24,24,24,24,24,24,24,200,2000,-105.0719,-104.9062,30.37957,-41.83886,0.9175944,-0.4909074,0.2611697,2.88956E-05,6.581777E-05,0.001376554,4.815934E-05,-0.8082727,-0.3839712,0.2228012,-1.204477,-0.2261049,24,24,24,24,24,24,24,24,24,24,24,24,24,24,24,24
201,2010,-108.2266,-108.2084,-107.9499,-3.533776,-109.1053,-115.1479,-105.5403,-35.73787,18.08562,32.24438,-10.09528,-83.08444,-125.3522,-108.3809,-106.2448,-106.312,24,24,24,24,24,24,24,24,24,24,24,24,24,24,24,24,201,2010,-106.5498,-106.6171,29.07011,-42.09705,-0.7895724,-2.568498E-05,-2.88956E-05,-0.2607251,0.2589127,-0.3849344,-0.394136,0.4040906,-2.729029E-05,7.384432E-05,0.3613448,-0.7912291,24,24,24,24,24,24,24,24,24,24,24,24,24,24,24,24
202,2020,-106.3026,-106.9994,-107.3345,-2.924514,-106.6914,-110.4582,-102.988,-33.98245,17.83789,32.49053,-11.0447,-82.95837,-123.8049,-105.6358,-103.5025,-102.8169,24,24,24,24,24,24,24,24,24,24,24,24,24,24,24,24,202,2020,-109.1025,-108.0648,27.49875,-44.29169,0.3923124,0.6135725,-0.3918276,0.9126709,-0.9058917,-0.900015,4.815934E-05,0.2693825,-0.895897,0.1114375,0.1204489,0.5650696,24,24,24,24,24,24,24,24,24,24,24,24,24,24,24,24
203,2030,-103.0559,-102.7678,-102.7804,-2.315252,-100.8982,-105.2748,-98.7767,-32.85396,18.95268,32.12132,-8.78984,-80.05864,-119.0439,-104.5616,-102.191,-104.0221,24,24,24,24,24,24,24,24,24,24,24,24,24,24,24,24,203,2030,-110.8491,-112.5395,26.97497,-42.22615,0.5236325,0.4908528,0.6529668,-0.7822329,-0.129356,0.3876867,0.2627895,0.2693825,0.3839166,-0.4453808,-0.6022382,-5.458059E-05,24,24,24,24,24,24,24,24,24,24,24,24,24,24,24,24
204,2040,-103.6572,-103.735,-103.1497,-3.046366,-103.4328,-108.9772,-101.8394,-34.86016,17.59016,32.6136,-8.908516,-80.94116,-123.3288,-108.9777,-106.2448,-106.7941,24,24,24,24,24,24,24,24,24,24,24,24,24,24,24,24,204,2040,-113.9392,-113.5924,28.54632,-41.96795,-0.1329695,-0.1227485,-1.175423,-1.042987,0.3883345,0.2589166,-3.210623E-06,0.5387971,-1.279841,-0.3340171,-0.1204465,0.3390193,24,24,24,24,24,24,24,24,24,24,24,24,24,24,24,24
205,2050,-108.1064,-110.022,-113.2424,-3.899333,-112.9674,-117.3693,-105.7955,-35.4871,17.34243,31.62904,-13.89294,-86.86668,-130.7084,-111.2454,-109.3448,-111.2534,24,24,24,24,24,24,24,24,24,24,24,24,24,24,24,24,205,2050,-113.8049,-112.8027,29.332,-42.61344,0.9175944,-0.9817892,-0.130629,1.043048,0.6471797,0.7739977,-0.3941874,-1.077686,-0.2559942,0.3341648,-0.7226859,-0.5651788,24,24,24,24,24,24,24,24,24,24,24,24,24,24,24,24
206,2060,-117.8466,-118.2434,-115.2117,-3.290071,-111.8812,-119.3439,-106.8164,-36.36481,17.46629,32.12132,-11.63808,-85.85809,-130.8274,-114.9454,-112.6833,-114.2665,24,24,24,24,24,24,24,24,24,24,24,24,24,24,24,24,206,2060,-107.0872,-108.8545,28.41538,-42.87163,-0.5269314,-0.2454682,0.2611697,0.391163,0.2589127,-0.2561635,-0.6569801,0.134676,0.2559316,-0.2227016,1.203984E-06,-0.2261049,24,24,24,24,24,24,24,24,24,24,24,24,24,24,24,24
207,2070,-111.8341,-110.8683,-110.0423,-2.558957,-112.8467,-118.3566,-108.8583,-37.24252,16.22763,32.73667,-10.56999,-83.2105,-128.6849,-110.1713,-108.2718,-105.7094,24,24,24,24,24,24,24,24,24,24,24,24,24,24,24,24,207,2070,-111.5209,-110.5654,28.15348,-44.93718,-0.1329695,0.2454136,-2.88956E-05,0.52154,-0.3882012,-0.6424745,0.1313947,0.6735036,-0.76792,0.3341167,0.2409484,0.7911199,24,24,24,24,24,24,24,24,24,24,24,24,24,24,24,24
208,2080,-105.7014,-105.6695,-109.4269,-2.680809,-107.7777,-110.8284,-103.6261,-34.86016,16.7231,31.50597,-12.70617,-85.73201,-127.9708,-109.8132,-107.6756,-109.6866,24,24,24,24,24,24,24,24,24,24,24,24,24,24,24,24,208,2080,-112.8644,-113.1976,26.45118,-42.87163,0.3923124,0.1226939,0.6529668,-0.6518559,0.1294892,0.001376554,0.3941842,0.4040906,-0.128014,-0.4454289,0.3613965,-0.3391284,24,24,24,24,24,24,24,24,24,24,24,24,24,24,24,24
209,2090,-111.9544,-113.1654,-110.6577,-3.777481,-109.7087,-115.1479,-105.5403,-35.98865,16.84696,31.87518,-10.56999,-82.58013,-125.8283,-111.8422,-109.5833,-110.7713,24,24,24,24,24,24,24,24,24,24,24,24,24,24,24,24,209,2090,-111.9239,-112.5395,27.36781,-43.9044,0.5236325,-0.1227485,-0.5224261,-0.2607251,0.5177578,0.001376554,0.5255821,-0.134737,-3.210623E-05,0.4454803,5.297528E-05,-5.458059E-05,24,24,24,24,24,24,24,24,24,24,24,24,24,24,24,24
210,2100,-109.5494,-108.5711,-109.7961,-2.315252,-111.7605,-117.7395,-109.1135,-38.24562,15.36057,31.3829,-12.11279,-85.60593,-129.5181,-112.2003,-110.7756,-108.4814,24,24,24,24,24,24,24,24,24,24,24,24,24,24,24,24,210,2100,-119.4477,-119.2516,27.6297,-42.74253,0.1296714,-0.6136271,-2.88956E-05,0.52154,-0.7764698,-0.5137045,-1.051167,-0.134737,0.1279497,2.568498E-05,-1.324873,-0.9042526,24,24,24,24,24,24,24,24,24,24,24,24,24,24,24,24
211,2110,-108.1064,-109.4174,-112.3808,-2.437105,-112.726,-117.1225,-106.9441,-36.74097,16.97083,31.25983,-12.23146,-88.37959,-133.2079,-117.4519,-114.2333,-115.5922,24,24,24,24,24,24,24,24,24,24,24,24,24,24,24,24,211,2110,-111.3865,-110.3022,28.02254,-43.7753,-0.6582523,0.6135725,0.1305696,0.1304059,0.2589127,-0.6424745,-0.6569801,-3.050092E-05,-3.210623E-05,-0.5567942,-0.1203951,0.3390193,24,24,24,24,24,24,24,24,24,24,24,24,24,24,24,24
212,2120,-116.8846,-116.0671,-115.2117,-3.046366,-112.8467,-119.7141,-107.4545,-36.61559,17.21856,32.24438,-11.5194,-85.47987,-129.1611,-112.3196,-111.3717,-111.7355,24,24,24,24,24,24,24,24,24,24,24,24,24,24,24,24,212,2120,-114.4766,-114.6453,27.49876,-44.16259,-0.5269314,0.6135725,0.1305696,-0.1303481,-0.5176246,-0.5137045,-3.210623E-06,0.2693825,0.2559316,2.568498E-05,0.6022919,0.5650696,24,24,24,24,24,24,24,24,24,24,24,24,24,24,24,24
213,2130,-112.0746,-111.5937,-112.8731,-3.411924,-114.4157,-120.4546,-109.2411,-37.74408,16.59923,32.36745,-11.0447,-85.47987,-129.1611,-112.9164,-110.6564,-110.5303,24,24,24,24,24,24,24,24,24,24,24,24,24,24,24,24,213,2130,-115.014,-116.3562,25.53456,-44.03349,0.5236325,0.2454136,0.5223683,-1.825249,0.2589127,1.031538,-0.2627927,0.5387971,-0.2559942,-0.3340653,-0.8430822,-0.6782023,24,24,24,24,24,24,24,24,24,24,24,24,24,24,24,24
214,2140,-108.9482,-112.0773,-112.8731,-2.680809,-111.5191,-116.999,-105.6679,-35.98865,18.20949,31.25983,-11.87543,-86.99276,-128.923,-111.8422,-108.8679,-110.1687,24,24,24,24,24,24,24,24,24,24,24,24,24,24,24,24,214,2140,-117.1637,-115.6982,26.05835,-44.16259,-0.1329695,-0.8590181,-0.6530262,-0.1303481,1.035448,0.1301466,0.2627895,-0.5388581,-0.76792,0.4454803,0.1205007,-5.458059E-05,24,24,24,24,24,24,24,24,24,24,24,24,24,24,24,24
215,2150,-112.3151,-111.5937,-110.4115,-3.168219,-108.7432,-115.1479,-104.7557,-35.86326,17.21856,31.75211,-11.16337,-84.09303,-128.0898,-113.3938,-112.8025,-113.3023,24,24,24,24,24,24,24,24,24,24,24,24,24,24,24,24,215,2150,-109.7743,-109.5125,27.10592,-43.7753,-0.1329695,-1.349897,0.391818,0.7822939,-0.6470464,0.001376554,-1.051167,0.134676,-3.210623E-05,0.222753,-0.7226341,-0.6782023,24,24,24,24,24,24,24,24,24,24,24,24,24,24,24,24
216,2160,-112.5556,-111.4728,-112.2577,-3.168219,-111.7605,-119.3439,-107.4351,-36.11404,17.46629,32.85974,-10.80734,-85.35379,-130.5893,-113.6325,-111.2525,-110.1687,24,24,24,24,24,24,24,24,24,24,24,24,24,24,24,24,216,2160,-119.9851,-119.2516,27.23687,-43.51711,-0.001649457,0.245465,0.2612179,0.260786,0.9060249,-1.028785,-3.210623E-06,-0.2694451,-0.383976,0.556844,0.3613965,0.3390193,24,24,24,24,24,24,24,24,24,24,24,24,24,24,24,24
217,2170,-104.6192,-109.1756,-111.2731,-3.168219,-111.1571,-116.7522,-104.8833,-36.36481,16.97083,30.89062,-11.99411,-84.84948,-126.1854,-108.2616,-106.0064,-105.1068,24,24,24,24,24,24,24,24,24,24,24,24,24,24,24,24,217,2170,-119.4477,-118.3303,26.58213,-44.42078,0.2609915,-0.1226972,-0.2611793,-0.1303481,1.605311E-05,0.001376554,0.6569769,-0.134737,0.2559316,2.568498E-05,0.2409484,0.2259957,24,24,24,24,24,24,24,24,24,24,24,24,24,24,24,24
218,2180,-107.3849,-106.8785,-105.242,-2.680809,-102.8293,-106.7558,-100.6728,-34.10784,16.47536,31.13675,-10.80734,-81.44546,-122.6147,-106.1132,-104.5756,-106.1915,24,24,24,24,24,24,24,24,24,24,24,24,24,24,24,24,218,2180,-110.7148,-111.4866,27.10592,-42.61343,0.3923124,0.4909042,1.926374E-05,-0.9126099,-0.1294074,0.5164576,-0.6569801,0.9429181,-0.8959018,-0.5567942,-0.3612906,0.112969,24,24,24,24,24,24,24,24,24,24,24,24,24,24,24,24
219,2190,-106.6634,-106.7576,-107.0883,-3.168219,-107.4156,-113.6669,-105.2661,-37.36792,15.9799,31.13675,-10.56999,-82.07584,-125.2332,-109.0971,-107.4371,-106.7941,24,24,24,24,24,24,24,24,24,24,24,24,24,24,24,24,219,2190,-118.3729,-115.6982,27.10592,-43.51711,0.2609915,-0.3681364,-0.3917778,-0.2607251,0.3882831,-0.3849344,0.2628408,-0.134737,0.1279497,-0.111338,-0.6021864,0.452046,24,24,24,24,24,24,24,24,24,24,24,24,24,24,24,24
220,2200,-105.8217,-106.1531,-104.7497,-3.290071,-104.8811,-110.9518,-103.2246,-36.86636,15.85604,30.27526,-11.28205,-82.328,-124.162,-108.1422,-105.4102,-105.4683,24,24,24,24,24,24,24,24,24,24,24,24,24,24,24,24,220,2200,-111.1178,-113.3292,27.23687,-42.48434,-0.9208933,-0.3681364,0.9142152,0.9126709,0.5177065,-0.1273935,-0.525534,0.5387955,0.6398755,-0.4454289,-0.2408428,-0.6782023,24,24,24,24,24,24,24,24,24,24,24,24,24,24,24,24
221,2210,-105.4609,-105.7904,-106.4729,-3.046366,-106.088,-110.0879,-103.4798,-35.36171,15.48444,31.13675,-11.99411,-82.20192,-124.043,-106.3519,-105.7679,-106.1915,24,24,24,24,24,24,24,24,24,24,24,24,24,24,24,24,221,2210,-113.5362,-114.9085,27.76065,-43.25891,0.2609915,0.6136239,-0.522378,0.6519169,1.605311E-05,-1.157555,0.2628408,0.5387955,-0.6399333,0.7795713,0.1205007,0.3390193,24,24,24,24,24,24,24,24,24,24,24,24,24,24,24,24
222,2220,-108.2266,-107.8457,-107.7037,-2.924514,-106.6915,-111.9391,-103.6074,-35.98866,15.23671,30.64447,-11.63808,-82.83229,-124.043,-109.8132,-108.0333,-110.6508,24,24,24,24,24,24,24,24,24,24,24,24,24,24,24,24,222,2220,-115.014,-115.3033,27.76065,-42.61343,0.1296714,0.1227453,1.926374E-05,-0.9126099,1.605311E-05,0.1301466,0.5256335,0.2693809,-0.1280075,-1.113613,-0.3612906,0.112969,24,24,24,24,24,24,24,24,24,24,24,24,24,24,24,24
223,2230,-108.4671,-109.4174,-108.3191,-4.143038,-111.6398,-120.9483,-109.349,-39.37412,13.50258,28.30614,-13.65558,-88.00137,-132.7318,-117.5712,-114.7102,-114.0254,24,24,24,24,24,24,24,24,24,24,24,24,24,24,24,24,223,2230,-113.9392,-115.9614,29.33201,-40.80608,-0.5269314,0.245465,-0.1305792,-0.521479,-0.1294074,1.031538,0.2628408,-0.8082743,-0.895897,2.568498E-05,0.4817924,0.452046,24,24,24,24,24,24,24,24,24,24,24,24,24,24,24,24
224,2240,-112.0746,-112.44,-112.627,-2.437105,-112.9674,-117.8629,-107.6903,-37.11714,14.98898,30.02912,-14.96103,-87.37099,-132.1367,-112.439,-110.4179,-108.9635,24,24,24,24,24,24,24,24,24,24,24,24,24,24,24,24,224,2240,-115.4171,-113.9872,28.67727,-42.61343,0.3923124,-0.7362953,0.1306194,0.1304059,-0.6470978,0.6452276,-0.525534,-0.1347402,-0.1280075,-0.3340653,-1.084029,-0.452107,24,24,24,24,24,24,24,24,24,24,24,24,24,24,24,24
225,2250,-111.8341,-113.2863,-112.7501,-2.071548,-110.6743,-115.0244,-106.1592,-36.99175,14.86511,28.92149,-14.13029,-86.48847,-128.923,-113.1551,-111.491,-112.3381,24,24,24,24,24,24,24,24,24,24,24,24,24,24,24,24,225,2250,-108.6995,-109.5125,28.41538,-42.35524,-0.6582523,-0.1226972,-0.2611793,-0.1303481,0.7765517,-0.7712445,-0.6569287,-0.1347402,-0.2559894,-0.2227016,0.240897,-0.1130332,24,24,24,24,24,24,24,24,24,24,24,24,24,24,24,24
226,2260,-110.9924,-111.1293,-108.6883,-3.655628,-108.7432,-116.382,-106.9248,-38.24563,14.24578,28.67535,-12.82485,-84.21913,-128.0898,-113.3938,-111.2525,-111.0124,24,24,24,24,24,24,24,24,24,24,24,24,24,24,24,24,226,2260,-111.2522,-112.2763,27.8916,-42.61343,-0.1329695,0.7363467,-1.305974,1.043048,0.1294379,-0.900015,4.815934E-05,0.1346744,-0.5119531,-0.111338,0.3613448,0.3390642,24,24,24,24,24,24,24,24,24,24,24,24,24,24,24,24
227,2270,-109.7899,-111.4921,-112.8732,-2.680809,-114.5364,-118.7268,-108.9662,-38.87257,13.25485,28.79842,-15.55441,-86.8667,-130.5893,-110.8874,-109.4641,-107.7583,24,24,24,24,24,24,24,24,24,24,24,24,24,24,24,24,227,2270,-114.611,-113.724,29.46295,-41.58066,-0.1329695,0.1227453,0.5224165,-0.9126099,0.2588613,-0.3849344,-0.1313466,-3.210623E-05,0.5118985,-0.8908852,-1.084029,0.452091,24,24,24,24,24,24,24,24,24,24,24,24,24,24,24,24
228,2280,-110.5114,-112.4595,-112.0116,-2.802663,-110.3122,-114.7776,-106.0316,-36.86636,14.12191,29.04456,-14.48632,-86.61455,-127.6137,-111.3648,-109.5833,-111.856,24,24,24,24,24,24,24,24,24,24,24,24,24,24,24,24,228,2280,-108.9682,-108.4596,29.46295,-41.58067,0.5236325,0.3681846,-0.2611793,0.1304059,0.2588613,-0.3849344,4.815934E-05,-0.5388613,-0.1280075,0.1113893,-0.1204465,-0.1130332,24,24,24,24,24,24,24,24,24,24,24,24,24,24,24,24
229,2290,-112.3151,-111.3711,-111.3962,-3.411924,-110.6743,-118.48,-108.3282,-39.87567,13.13098,28.06,-14.24897,-86.99277,-130.9464,-117.5712,-115.7833,-116.7975,24,24,24,24,24,24,24,24,24,24,24,24,24,24,24,24,229,2290,-109.3712,-109.7757,28.15349,-41.45157,-0.2643426,-1.227177,-0.3917778,0.1304059,-0.7765212,0.3876867,-1.313906,0.1346744,0.1279546,0.1113893,-0.9635817,-0.9042076,24,24,24,24,24,24,24,24,24,24,24,24,24,24,24,24
230,2300,-116.0429,-117.4174,-119.1504,-2.924515,-118.7606,-125.3911,-112.5388,-39.62489,12.88325,28.55228,-16.38515,-90.14465,-136.6596,-117.5712,-116.0217,-114.7486,24,24,24,24,24,24,24,24,24,24,24,24,24,24,24,24,230,2300,-110.9835,-111.2234,29.72485,-41.19338,-0.3956635,0.1226939,0.1306194,-0.1303481,1.164819,-0.6424745,0.2628408,0.2693809,0.1279546,0.4454803,0.240897,-0.1130332,24,24,24,24,24,24,24,24,24,24,24,24,24,24,24,24
231,2310,-114.3594,-116.329,-115.3348,-2.802663,-111.3984,-114.1605,-106.0316,-38.4964,14.12191,28.55228,-13.41823,-84.8495,-127.3757,-110.768,-109.4641,-111.4945,24,24,24,24,24,24,24,24,24,24,24,24,24,24,24,24,231,2310,-106.4155,-105.0378,29.07011,-41.32248,0.3922602,-2.568498E-05,0.1305696,-0.1303481,-0.905943,-0.3849344,0.3942356,-0.4041532,0.6398803,-0.4454289,-0.2408946,-0.1130332,24,24,24,24,24,24,24,24,24,24,24,24,24,24,24,24
232,2320,-112.0746,-113.7896,-112.1347,-3.411924,-112.4847,-119.4673,-110.1145,-41.6311,11.76846,27.56772,-14.36765,-87.49707,-133.803,-119.839,-117.5717,-117.5206,24,24,24,24,24,24,24,24,24,24,24,24,24,24,24,24,232,2320,-105.072,-106.6171,29.72485,-41.58067,-0.2643426,0.4908528,-0.6530262,-1.043038,0.3882831,0.6452276,-1.313906,-0.5388613,-1.407821,-0.2227016,-0.2408946,-0.2260599,24,24,24,24,24,24,24,24,24,24,24,24,24,24,24,24
233,2330,-116.2834,-114.3943,-113.6117,-2.558958,-114.6571,-118.9736,-109.349,-38.37102,13.37872,29.04456,-15.91044,-89.00998,-134.6362,-116.0196,-114.114,-113.0613,24,24,24,24,24,24,24,24,24,24,24,24,24,24,24,24,233,2330,-110.043,-108.8544,30.24863,-41.06428,0.2609394,-0.9817892,0.3917682,0.5214886,6.581777E-05,-0.5137045,4.815934E-05,-1.347102,0.5118985,0.3341167,0.3613448,-0.1130332,24,24,24,24,24,24,24,24,24,24,24,24,24,24,24,24
234,2340,-116.0429,-114.0315,-114.2271,-2.558958,-111.6398,-117.1224,-107.5627,-38.37102,14.12191,28.79847,-14.84235,-87.24492,-131.0655,-115.3035,-113.5179,-114.5075,24,24,24,24,24,24,24,24,24,24,24,24,24,24,24,24,234,2340,-110.9835,-108.8544,29.98674,-40.03151,-0.6583045,-0.7363467,-0.2612275,0.3911116,0.1294876,-0.1273935,-1.182511,0.1346744,-2.729029E-05,-0.6681579,0.240897,-0.452107,24,24,24,24,24,24,24,24,24,24,24,24,24,24,24,24
235,2350,-112.5556,-113.7896,-112.8732,-3.411924,-111.6398,-118.3566,-108.0731,-40.12644,13.00712,27.8139,-14.605,-86.61455,-129.7562,-116.139,-113.6371,-113.7844,24,24,24,24,24,24,24,24,24,24,24,24,24,24,24,24,235,2350,-107.2216,-107.6699,30.64147,-40.93518,0.7862221,0.4908528,-0.2612275,-0.5215303,-0.3882028,-1.543866,0.3942356,-3.210623E-05,-0.2559894,0.556844,0.1204489,0.1130171,24,24,24,24,24,24,24,24,24,24,24,24,24,24,24,24
236,2360,-114.1189,-113.7896,-116.5656,-2.802663,-117.9158,-123.2931,-110.7525,-39.12334,13.25485,28.06005,-16.38515,-89.00997,-133.565,-112.5583,-112.3256,-114.146,24,24,24,24,24,24,24,24,24,24,24,24,24,24,24,24,236,2360,-106.0124,-104.3797,29.85579,-40.4188,-0.00170163,-0.6136271,0.7835669,-0.3911534,-0.1293576,-0.1273935,0.3942356,-0.2694451,0.5118985,-0.4454289,-0.1204465,0.1130171,24,24,24,24,24,24,24,24,24,24,24,24,24,24,24,24
237,2370,-116.2834,-115.1198,-116.9349,-2.558958,-114.0536,-121.0717,-109.6042,-40.00106,12.63552,28.30618,-14.605,-88.50567,-134.7552,-119.3615,-116.2602,-117.159,24,24,24,24,24,24,24,24,24,24,24,24,24,24,24,24,237,2370,-108.2964,-108.328,31.16526,-39.64422,-0.1330225,-0.1227485,-0.3918276,-0.3911534,0.1294876,0.6452276,-0.1313466,0.134676,-0.2559894,-0.111338,1.203984E-06,-0.1130332,24,24,24,24,24,24,24,24,24,24,24,24,24,24,24,24
238,2380,-114.3594,-115.8454,-114.5963,-3.533776,-115.9847,-123.6633,-111.7732,-41.38032,12.75939,27.8139,-13.89294,-87.49707,-132.9698,-116.7357,-113.8756,-112.2176,24,24,24,24,24,24,24,24,24,24,24,24,24,24,24,24,238,2380,-106.8185,-106.2222,30.51052,-41.06428,0.3922602,-1.104509,0.3917682,-0.1303994,-0.1293576,0.5164576,4.815934E-05,-1.3471,-0.5119531,0.5568408,-0.3613423,-0.452107,24,24,24,24,24,24,24,24,24,24,24,24,24,24,24,24
239,2390,-116.0429,-116.5709,-119.1504,-3.046367,-116.7089,-120.3312,-108.8386,-37.99486,14.12191,28.92154,-15.19839,-87.37099,-130.7084,-111.4841,-110.6564,-111.7355,24,24,24,24,24,24,24,24,24,24,24,24,24,24,24,24,239,2390,-106.9529,-107.8016,30.51052,-40.2897,-0.7896253,-0.1227485,-0.2612275,0.2607347,6.581777E-05,-0.6424745,-0.2627413,0.5387971,1.023824,-0.4454322,-0.6022382,-0.5651338,24,24,24,24,24,24,24,24,24,24,24,24,24,24,24,24
240,2400,-110.6316,-111.8548,-111.15,-2.315253,-110.5536,-117.4927,-107.9455,-38.37102,13.87418,29.16768,-13.53691,-86.99276,-132.0176,-118.7648,-116.141,-119.3284,24,24,24,24,24,24,24,24,24,24,24,24,24,24,24,24,240,2400,-110.5804,-108.7228,30.37958,-41.06428,-0.1330225,0.3681332,-0.130629,0.6518655,0.1294876,-0.7712445,0.1314461,0.2693825,-0.6399333,0.1113861,0.3613448,0.3390193,24,24,24,24,24,24,24,24,24,24,24,24,24,24,24,24
241,2410,-117.8466,-116.8127,-114.8425,-3.290071,-116.2261,-122.676,-110.8801,-40.62799,13.50258,28.92154,-12.70617,-86.99276,-132.4937,-115.5422,-112.8025,-110.1687,24,24,24,24,24,24,24,24,24,24,24,24,24,24,24,24,241,2410,-104.1315,-105.0378,30.11769,-40.4188,0.5235803,-0.2454682,0.1305696,-2.247436E-05,-0.2587794,-0.5137045,0.1314461,-0.134737,0.8958424,-0.6681595,-0.8431336,-5.458059E-05,24,24,24,24,24,24,24,24,24,24,24,24,24,24,24,24
242,2420,-114.7201,-115.4626,-115.8271,-2.924515,-114.6571,-119.2205,-109.2214,-38.87257,13.50258,29.65996,-12.94353,-84.09304,-131.1845,-117.6906,-117.214,-120.6542,24,24,24,24,24,24,24,24,24,24,24,24,24,24,24,24,242,2420,-106.4155,-107.8016,29.85579,-40.1606,-0.6583045,0.3681332,-0.6530262,-2.247436E-05,0.6471781,0.3876867,-0.2627413,0.4040906,-0.895897,-0.2227048,0.7226883,0.112969,24,24,24,24,24,24,24,24,24,24,24,24,24,24,24,24
243,2430,-118.3276,-116.0671,-114.4732,-2.193401,-115.9847,-123.6633,-110.8801,-39.37412,14.74124,29.41382,-13.18088,-88.25352,-134.3981,-119.4809,-115.664,-114.8691,24,24,24,24,24,24,24,24,24,24,24,24,24,24,24,24,243,2430,-109.7743,-107.67,30.11768,-40.03151,0.6549012,-1.227228,-2.88956E-05,0.5214886,0.1294876,-0.1273935,-0.7883235,-0.9429792,0.5118985,0.3341134,-0.3613423,-0.9042526,24,24,24,24,24,24,24,24,24,24,24,24,24,24,24,24
244,2440,-114.3594,-114.4954,-114.8425,-3.899333,-116.7089,-122.1824,-109.4766,-37.86947,14.86511,29.9061,-14.13029,-88.00137,-131.4225,-112.9164,-110.0602,-110.2892,24,24,24,24,24,24,24,24,24,24,24,24,24,24,24,24,244,2440,-108.6995,-109.1177,30.51052,-40.93518,-0.6583045,0.2454136,0.2611697,-0.3911534,0.6471781,-0.3849344,-0.7883235,0.4040906,0.7678621,-0.6681595,-0.6022382,-0.1130781,24,24,24,24,24,24,24,24,24,24,24,24,24,24,24,24
245,2450,-110.6317,-110.8683,-110.1653,-2.071548,-107.7777,-111.9391,-105.5212,-37.11715,14.49351,30.64452,-12.82485,-82.95837,-126.7806,-111.7229,-111.7294,-113.7844,24,24,24,24,24,24,24,24,24,24,24,24,24,24,24,24,245,2450,-108.6995,-109.7757,29.72484,-42.35524,0.5236325,0.2454136,-0.3918276,0.1303545,-0.2587794,-0.5137045,-0.1313466,-3.050092E-05,-0.2559894,-0.2227048,0.240897,0.452046,24,24,24,24,24,24,24,24,24,24,24,24,24,24,24,24
246,2460,-112.7961,-110.3847,-110.7807,-2.558957,-112.7261,-120.0843,-109.6042,-38.62179,15.11284,30.76759,-12.11279,-85.85809,-131.8986,-116.9745,-113.3987,-112.8202,24,24,24,24,24,24,24,24,24,24,24,24,24,24,24,24,246,2460,-112.327,-110.4338,28.80822,-39.90241,0.3923124,-0.2454682,1.175364,-0.5215303,-0.2587794,0.1301466,0.1314461,0.4040906,-0.2559894,-0.4454322,-0.2408946,0.5650696,24,24,24,24,24,24,24,24,24,24,24,24,24,24,24,24
247,2470,-113.2771,-115.7044,-115.3348,-3.411924,-113.2088,-117.7395,-107.6903,-37.74408,15.36057,29.53689,-13.89294,-85.85809,-128.2088,-110.8874,-108.391,-108.843,24,24,24,24,24,24,24,24,24,24,24,24,24,24,24,24,247,2470,-107.2216,-106.2223,31.03431,-40.54789,0.3923124,0.2454136,-0.3918292,-0.2607764,0.3883328,0.6452276,4.815934E-05,0.2693825,-0.3839712,-0.1113412,0.1204489,-0.1130781,24,24,24,24,24,24,24,24,24,24,24,24,24,24,24,24
248,2480,-108.8279,-108.9338,-108.6883,-2.924514,-107.2949,-112.5562,-103.8626,-35.48711,15.73217,31.01373,-11.51941,-82.20192,-124.7571,-109.0971,-109.3448,-111.2534,24,24,24,24,24,24,24,24,24,24,24,24,24,24,24,24,248,2480,-109.6399,-109.9073,30.24863,-41.45157,0.2609915,-0.7363467,0.2611665,2.88956E-05,-0.5176262,0.001376554,0.2628408,-0.9429792,0.5118985,0.1113861,-0.3613423,-0.4521552,24,24,24,24,24,24,24,24,24,24,24,24,24,24,24,24
249,2490,-110.7519,-108.5711,-110.4115,-3.290071,-109.5881,-116.382,-105.904,-37.11715,15.36052,30.39838,-11.87543,-83.46267,-126.7806,-110.0519,-108.6294,-108.4814,24,24,24,24,24,24,24,24,24,24,24,24,24,24,24,24,249,2490,-111.6552,-111.4866,28.93916,-41.19337,-1.052214,-0.8590695,-0.5224293,0.5215368,-0.6470464,0.001376554,4.815934E-05,-0.134737,-0.2559894,-0.3340685,-0.1204465,-1.130303,24,24,24,24,24,24,24,24,24,24,24,24,24,24,24,24
250,2500,-107.0241,-109.1756,-109.0576,-3.899333,-106.6915,-112.4327,-103.8626,-36.49021,15.60825,31.25988,-11.16337,-82.45407,-125.9474,-108.739,-106.9602,-107.5172,24,24,24,24,24,24,24,24,24,24,24,24,24,24,24,24,250,2500,-107.759,-107.8016,30.37957,-41.70976,0.1296714,0.6135725,-0.2612307,2.88956E-05,0.1294892,-0.6424745,0.3942356,0.4040906,-0.5119531,0.3341134,-0.3613423,-0.1130781,24,24,24,24,24,24,24,24,24,24,24,24,24,24,24,24
251,2510,-109.9101,-110.2638,-108.5653,-2.680809,-106.4501,-109.1006,-103.9902,-36.74098,14.49346,31.13681,-10.09528,-79.30219,-122.1386,-105.3971,-104.0987,-104.5042,24,24,24,24,24,24,24,24,24,24,24,24,24,24,24,24,251,2510,-106.5498,-107.9332,29.59389,-40.4188,0.6549534,0.1226939,0.9141638,2.88956E-05,0.1294892,-0.2561635,0.1313947,-0.5388581,0.5118985,-0.4454322,1.203984E-06,0.5650696,24,24,24,24,24,24,24,24,24,24,24,24,24,24,24,24
252,2520,-106.3027,-105.4276,-105.7344,-2.437105,-106.088,-110.8284,-103.735,-36.49021,16.10371,31.87523,-8.78984,-77.91535,-121.1864,-108.5003,-106.0064,-106.7941,24,24,24,24,24,24,24,24,24,24,24,24,24,24,24,24,252,2520,-116.4919,-115.8298,29.72484,-41.58066,-0.001649457,-2.568498E-05,-0.5224293,-0.9126131,0.5177578,0.7739977,-0.5255854,-3.050092E-05,-1.023879,0.1113861,0.4817924,0.5650696,24,24,24,24,24,24,24,24,24,24,24,24,24,24,24,24
253,2530,-107.0241,-107.9666,-108.0729,-3.899333,-109.5881,-116.6288,-105.3937,-36.61559,16.84691,30.52145,-12.94353,-85.85808,-128.3279,-111.6035,-108.2718,-107.8788,24,24,24,24,24,24,24,24,24,24,24,24,24,24,24,24,253,2530,-117.5667,-117.6723,31.03431,-41.58066,-0.1329695,-0.7363467,0.130568,2.88956E-05,-0.3882012,0.3876867,0.5255821,-0.6735646,0.1279497,0.7795697,1.203984E-06,0.2259957,24,24,24,24,24,24,24,24,24,24,24,24,24,24,24,24
254,2540,-111.4734,-111.8355,-111.7654,-2.802662,-109.5881,-114.7776,-104.5005,-35.86327,15.73212,31.50602,-11.51941,-82.95834,-127.4947,-110.1712,-109.5833,-109.5661,24,24,24,24,24,24,24,24,24,24,24,24,24,24,24,24,254,2540,-110.1773,-111.4866,29.20106,-40.54789,-0.3956113,-0.3681878,0.3917666,0.2607828,-0.3882012,-0.3849344,-0.7883748,0.134676,0.8958376,2.247436E-05,-0.2408946,-0.4521552,24,24,24,24,24,24,24,24,24,24,24,24,24,24,24,24
255,2550,-109.3089,-108.4502,-106.9652,-3.290071,-106.4501,-112.1859,-104.3729,-36.61559,16.22758,31.38295,-10.68867,-81.57152,-125.1142,-110.1712,-108.2717,-107.9993,24,24,24,24,24,24,24,24,24,24,24,24,24,24,24,24,255,2550,-111.2522,-110.8286,30.51052,-42.61344,0.6549534,0.4908528,-0.1306306,0.6519137,0.3883345,0.001376554,-0.2627927,0.6735036,-1.023884,0.8909333,0.240897,0.112969,24,24,24,24,24,24,24,24,24,24,24,24,24,24,24,24
256,2560,-106.3027,-108.0875,-107.5806,-3.411924,-108.2605,-115.7649,-104.7557,-36.36482,16.59918,30.89067,-10.56999,-83.08443,-126.1854,-109.8132,-107.3179,-106.7941,24,24,24,24,24,24,24,24,24,24,24,24,24,24,24,24,256,2560,-110.1773,-110.0389,28.93916,-40.93518,0.3923124,0.4908528,-0.2612307,-0.6518592,-0.7764698,-0.1273935,0.2627895,-0.5388581,1.407763,-0.3340685,0.1204493,0.2259957,24,24,24,24,24,24,24,24,24,24,24,24,24,24,24,24
257,2570,-104.2584,-106.274,-107.4575,-3.046366,-107.0535,-109.5942,-102.0763,-33.85707,16.47531,31.13681,-11.63808,-82.58012,-124.6381,-106.2326,-105.7679,-105.2273,24,24,24,24,24,24,24,24,24,24,24,24,24,24,24,24,257,2570,-113.8049,-115.3033,29.98673,-41.32247,-0.5269314,-2.568498E-05,0.130568,-1.434121,0.2589127,0.3876867,-1.313957,0.5387971,-0.383976,-0.3340685,1.605311E-06,-0.3391284,24,24,24,24,24,24,24,24,24,24,24,24,24,24,24,24
258,2580,-106.1824,-105.7903,-105.3651,-2.802662,-103.9156,-108.8538,-101.4383,-34.10784,17.21851,31.87523,-10.45131,-81.1933,-123.4479,-108.0229,-106.364,-108.6019,24,24,24,24,24,24,24,24,24,24,24,24,24,24,24,24,258,2580,-118.7759,-117.6723,29.98673,-41.96795,0.7862743,-0.8590695,-0.9142264,-0.3911052,0.5177578,0.2589166,0.5255821,-0.6735646,0.1279497,0.2227498,-0.6022378,0.112969,24,24,24,24,24,24,24,24,24,24,24,24,24,24,24,24
259,2590,-107.1444,-108.2084,-107.2114,-4.143038,-108.7432,-116.382,-105.5212,-36.99176,16.22758,30.27531,-11.63808,-84.84948,-128.2088,-111.9616,-109.941,-108.7225,24,24,24,24,24,24,24,24,24,24,24,24,24,24,24,24,259,2590,-110.043,-110.8286,29.46295,-41.45157,-0.7895724,0.2454136,0.2611665,-0.1303513,0.2589127,-0.1273935,-1.313957,-0.2694451,-0.383976,-0.5567958,-0.8431336,-0.6782023,24,24,24,24,24,24,24,24,24,24,24,24,24,24,24,24
260,2600,-108.5874,-108.3293,-108.4422,-3.046367,-107.0535,-110.4581,-102.9694,-34.60939,17.21851,32.12137,-11.16337,-81.94975,-125.4713,-106.8293,-105.6487,-105.1068,24,24,24,24,24,24,24,24,24,24,24,24,24,24,24,24,260,2600,-106.1468,-107.9332,30.90336,-41.32247,-0.1329695,-0.2454682,0.3917666,0.5215368,0.5177578,-0.2561635,-0.1313979,0.4040906,-3.210623E-05,0.6682044,1.605311E-06,0.112969,24,24,24,24,24,24,24,24,24,24,24,24,24,24,24,24
261,2610,-106.7837,-106.6367,-105.9806,-3.290071,-102.5879,-107.2494,-100.928,-34.23323,17.34237,31.75216,-9.739253,-80.31078,-120.7103,-106.71,-106.2448,-108.843,24,24,24,24,24,24,24,24,24,24,24,24,24,24,24,24,261,2610,-107.3559,-105.8274,29.20106,-40.41879,-0.001649457,0.4908528,0.130568,-0.2607282,-1.035315,0.1301466,0.6569769,-0.2694451,0.5118936,-0.3340685,1.605311E-06,0.452046,24,24,24,24,24,24,24,24,24,24,24,24,24,24,24,24
262,2620,-105.7014,-107.7248,-106.3498,-3.533776,-107.7777,-115.7649,-104.5005,-36.49021,16.47531,30.52145,-11.16337,-83.2105,-126.6615,-110.2906,-108.0333,-107.2762,24,24,24,24,24,24,24,24,24,24,24,24,24,24,24,24,262,2620,-107.3559,-107.8016,30.77242,-40.67698,-0.001649457,0.6135725,-0.2612307,-0.6518592,1.035448,0.9027677,-0.5255854,0.2693825,-0.5119579,-0.4454322,1.605311E-06,0.452046,24,24,24,24,24,24,24,24,24,24,24,24,24,24,24,24
263,2630,-106.1824,-107.6039,-109.4269,-3.411924,-109.1053,-113.9137,-103.3522,-34.484,16.84691,30.7676,-12.5875,-84.59733,-125.8283,-106.2326,-105.0525,-104.6247,24,24,24,24,24,24,24,24,24,24,24,24,24,24,24,24,263,2630,-112.327,-113.1976,31.2962,-40.54789,0.3923124,-0.7363467,0.1306194,0.5215368,-0.129356,-0.2561635,-3.210623E-06,-0.9429792,0.1279497,0.5568408,0.1204493,-0.4521552,24,24,24,24,24,24,24,24,24,24,24,24,24,24,24,24
264,2640,-109.0684,-108.9338,-108.073,-3.533776,-104.6397,-108.4836,-100.928,-33.85706,17.59011,32.24444,-10.21396,-81.44544,-123.2098,-107.5455,-106.364,-107.2762,24,24,24,24,24,24,24,24,24,24,24,24,24,24,24,24,264,2640,-116.6263,-114.1188,31.42715,-40.2897,-0.2642904,-0.3681878,0.7836151,0.391163,-0.2587778,-0.1273935,-1.313957,0.134676,0.2559316,2.247436E-05,-0.8431336,-0.5651788,24,24,24,24,24,24,24,24,24,24,24,24,24,24,24,24
265,2650,-108.7076,-108.2084,-105.9806,-3.046367,-105.4845,-113.2967,-103.4798,-37.11713,15.2367,29.16768,-12.70617,-85.47985,-129.3991,-114.9454,-111.9679,-112.0971,24,24,24,24,24,24,24,24,24,24,24,24,24,24,24,24,265,2650,-115.5514,-117.4091,31.5581,-40.67698,-0.1329695,-0.1227485,-0.2611793,0.1304059,0.2588613,-0.5137045,-3.210623E-06,-3.050092E-05,-0.383976,0.4454771,-0.2408942,-5.458059E-05,24,24,24,24,24,24,24,24,24,24,24,24,24,24,24,24
266,2660,-110.9924,-111.4728,-112.7501,-2.68081,-109.9501,-115.1479,-104.6281,-35.11094,17.46629,31.38289,-11.63808,-83.2105,-126.3044,-107.5455,-106.2448,-106.4325,24,24,24,24,24,24,24,24,24,24,24,24,24,24,24,24,266,2660,-111.9239,-110.9602,30.90336,-39.64421,0.2609915,-2.568498E-05,0.391818,-0.391102,-0.6470978,0.5164568,-3.210623E-06,-0.134737,1.023819,-0.5567958,1.605311E-06,-0.2261049,24,24,24,24,24,24,24,24,24,24,24,24,24,24,24,24
267,2670,-108.5874,-108.8129,-107.5806,-3.046367,-106.6915,-109.8411,-102.9694,-35.86326,17.09469,32.36745,-8.78984,-77.78928,-119.401,-103.4874,-102.6679,-104.6247,24,24,24,24,24,24,24,24,24,24,24,24,24,24,24,24,267,2670,-109.2369,-111.2234,32.08188,-40.1606,-0.9208933,0.1226939,-0.522378,-1.042987,1.605311E-05,0.5164568,-0.2627413,-0.134737,-0.383976,0.1113861,-0.1204465,-0.1130781,24,24,24,24,24,24,24,24,24,24,24,24,24,24,24,24
268,2680,-107.1444,-106.2739,-105.8575,-3.168219,-106.9328,-115.3947,-105.904,-38.4964,15.2367,29.65991,-11.40073,-83.58875,-127.2567,-113.9906,-110.8948,-112.4587,24,24,24,24,24,24,24,24,24,24,24,24,24,24,24,24,268,2680,-107.2216,-104.9062,32.86756,-39.77331,0.6549534,-0.2454682,-1.044775,0.1304059,1.035397,0.001376554,-0.2627413,0.2694339,-0.2559942,2.247436E-05,-0.2408942,0.112969,24,24,24,24,24,24,24,24,24,24,24,24,24,24,24,24
269,2690,-111.5936,-112.0773,-112.1347,-2.558958,-112.6053,-119.3439,-106.9248,-37.36791,15.85603,31.13675,-11.63808,-83.58875,-126.4235,-108.0229,-106.841,-107.5172,24,24,24,24,24,24,24,24,24,24,24,24,24,24,24,24,269,2690,-105.3406,-105.959,31.95094,-38.74054,-0.1329695,-0.6136271,-0.3917778,1.043048,-0.3882526,0.001376554,-0.6569287,-0.4041002,0.1279497,-0.6681595,-0.6022378,-0.5651788,24,24,24,24,24,24,24,24,24,24,24,24,24,24,24,24
270,2700,-108.8279,-108.5711,-109.673,-3.046367,-108.6225,-112.5562,-103.9902,-35.4871,16.59923,30.5214,-11.0447,-82.20192,-122.7337,-106.5906,-106.841,-107.8788,24,24,24,24,24,24,24,24,24,24,24,24,24,24,24,24,270,2700,-110.7147,-110.697,32.47472,-40.2897,-0.1329695,-0.4909074,0.1306194,0.391163,1.605311E-05,-1.028785,1.051216,0.5388485,0.1279497,0.556844,0.240897,0.452046,24,24,24,24,24,24,24,24,24,24,24,24,24,24,24,24
271,2710,-107.6254,-108.4502,-106.3498,-3.290071,-106.8121,-113.6669,-103.097,-36.61559,16.22763,29.78298,-10.68867,-83.58875,-127.0186,-113.3938,-110.6563,-111.4945,24,24,24,24,24,24,24,24,24,24,24,24,24,24,24,24,271,2710,-108.2964,-107.2751,31.16526,-38.99873,0.1296714,-0.1227485,0.391818,-0.391102,-0.2588292,-0.5137045,0.5256335,-0.2693937,0.1279497,-0.4454289,0.6022406,-0.4521552,24,24,24,24,24,24,24,24,24,24,24,24,24,24,24,24
272,2720,-109.6696,-110.6265,-112.7501,-3.411924,-112.6053,-116.6288,-105.904,-36.74097,16.3515,30.02912,-13.65558,-86.3624,-129.042,-109.2164,-108.8679,-111.1329,24,24,24,24,24,24,24,24,24,24,24,24,24,24,24,24,272,2720,-105.2063,-106.7487,32.34377,-39.25692,-0.5269314,-2.568498E-05,-0.2611793,-1.173364,0.1294379,0.1301466,-0.1313466,2.086905E-05,-0.8959018,0.1113893,0.3613448,-0.2260535,24,24,24,24,24,24,24,24,24,24,24,24,24,24,24,24
273,2730,-112.9164,-114.0118,-114.7194,-3.290071,-113.8123,-122.059,-109.349,-38.62179,14.61737,30.39833,-11.5194,-85.73203,-130.8274,-115.7809,-114.114,-115.1101,24,24,24,24,24,24,24,24,24,24,24,24,24,24,24,24,273,2730,-115.4171,-115.8298,32.47472,-39.51512,1.311556,-0.8590695,0.1306194,0.52154,1.605311E-05,0.1301466,-0.2627413,-0.8082213,0.3839118,0.1113893,-0.7226859,-0.678151,24,24,24,24,24,24,24,24,24,24,24,24,24,24,24,24
274,2740,-112.7961,-112.44,-110.9038,-3.411924,-112.0019,-119.961,-108.0731,-39.37411,15.36057,30.39833,-11.63808,-84.97558,-129.5181,-114.7067,-111.491,-111.0124,24,24,24,24,24,24,24,24,24,24,24,24,24,24,24,24,274,2740,-112.8644,-112.0131,32.34377,-38.74054,-0.2642904,0.1226939,0.6530166,0.7822939,0.5177065,-0.5137045,-1.576698,-0.2693937,0.5118936,-0.7795215,-0.6022382,-0.4521038,24,24,24,24,24,24,24,24,24,24,24,24,24,24,24,24
275,2750,-110.8721,-111.5937,-112.5039,-2.924515,-110.9157,-115.2713,-104.8833,-36.74097,15.73217,30.89061,-12.11279,-84.21913,-126.8996,-108.5003,-106.9602,-107.2762,24,24,24,24,24,24,24,24,24,24,24,24,24,24,24,24,275,2750,-106.6842,-107.4067,33.12941,-39.64421,-0.001649457,-0.2454682,-0.1305792,0.9126709,0.2588613,-0.7712445,0.6570283,0.5388485,-0.383976,0.1113893,-0.1204465,-0.4521038,24,24,24,24,24,24,24,24,24,24,24,24,24,24,24,24
276,2760,-110.0304,-109.2965,-108.196,-3.533776,-107.0535,-110.9518,-104.1178,-36.11403,15.6083,30.5214,-12.11279,-83.08444,-126.6615,-113.2745,-112.0871,-113.5434,24,24,24,24,24,24,24,24,24,24,24,24,24,24,24,24,276,2760,-105.072,-106.0907,32.08183,-39.51512,0.5236325,-0.2454682,0.5224165,-0.7822329,-0.517676,-0.2561635,0.1314461,-0.9429278,0.3839118,-0.4454289,-0.1204465,0.4520974,24,24,24,24,24,24,24,24,24,24,24,24,24,24,24,24
277,2770,-112.7961,-112.9236,-113.2424,-3.046366,-114.6571,-125.3911,-110.2421,-38.99795,15.85603,29.78298,-12.70617,-89.64036,-136.3025,-119.7196,-114.4717,-113.4228,24,24,24,24,24,24,24,24,24,24,24,24,24,24,24,24,277,2770,-109.9086,-109.7757,32.86751,-39.64421,-0.7895724,0.6135725,-0.3917778,-0.7822329,0.2588613,0.5164568,0.3942356,0.1347274,-0.5119579,-0.2227016,0.3613448,-3.210623E-06,24,24,24,24,24,24,24,24,24,24,24,24,24,24,24,24
278,2780,-113.9986,-116.0671,-116.3195,-2.802662,-113.2088,-117.1224,-106.1592,-36.11403,16.3515,30.39833,-13.65558,-86.61455,-131.0655,-113.1551,-112.4448,-114.387,24,24,24,24,24,24,24,24,24,24,24,24,24,24,24,24,278,2780,-108.4308,-107.5384,33.12941,-39.38602,-0.1329695,-0.9817378,0.1306194,2.88956E-05,-0.3882526,0.6452276,0.2628408,-1.347049,0.1279497,0.222753,-0.7226859,-0.4521038,24,24,24,24,24,24,24,24,24,24,24,24,24,24,24,24
279,2790,-118.2074,-115.7044,-114.8425,-3.533776,-112.0019,-118.3566,-106.4144,-36.74097,16.47536,31.50596,-10.45131,-82.95837,-126.8996,-110.8874,-109.941,-109.8072,24,24,24,24,24,24,24,24,24,24,24,24,24,24,24,24,279,2790,-108.6995,-108.7228,32.86751,-39.12783,-0.3956113,-0.2454168,0.1306194,-0.1303481,0.3882831,-0.7712445,-1.576698,-0.1346856,0.6398755,-0.111338,0.1204489,-0.1130268,24,24,24,24,24,24,24,24,24,24,24,24,24,24,24,24
280,2800,-108.8279,-108.0875,-105.9805,-3.046366,-108.2605,-115.3947,-105.1385,-36.99176,16.59923,30.64447,-10.21396,-83.21052,-125.2332,-110.6487,-107.4371,-107.1557,24,24,24,24,24,24,24,24,24,24,24,24,24,24,24,24,280,2800,-112.0583,-111.4866,32.34372,-40.03151,0.1296714,0.245465,-0.522378,-0.2607764,0.2588613,-0.2561635,0.3942356,0.1347274,-0.5119579,0.4454803,0.240897,0.7911713,24,24,24,24,24,24,24,24,24,24,24,24,24,24,24,24
281,2810,-105.3407,-106.1531,-106.3498,-2.680809,-106.088,-110.2113,-102.4591,-34.35862,17.21851,31.38289,-10.92602,-82.45407,-123.5669,-105.2777,-103.9794,-103.1784,24,24,24,24,24,24,24,24,24,24,24,24,24,24,24,24,281,2810,-108.6995,-109.6441,32.73656,-39.12783,0.1296714,-0.1226972,0.391818,-0.9126613,0.7766031,-0.3849344,-0.1313466,0.2694339,-0.128014,-0.2227016,-0.4817901,-0.678151,24,24,24,24,24,24,24,24,24,24,24,24,24,24,24,24
282,2820,-106.1824,-105.0649,-105.6113,-3.777481,-104.1569,-108.4835,-102.2039,-34.73478,16.72305,31.01368,-10.80734,-81.19332,-123.5669,-109.9325,-108.9871,-112.5792,24,24,24,24,24,24,24,24,24,24,24,24,24,24,24,24,282,2820,-108.4308,-108.1964,33.26035,-39.38602,-0.001649457,-0.3681364,-0.6529765,0.1303545,-0.2587778,0.2589166,-0.2627413,-0.2693937,-0.6399397,0.556844,-0.1204465,0.565121,24,24,24,24,24,24,24,24,24,24,24,24,24,24,24,24
283,2830,-111.8341,-110.3847,-110.9038,-2.802662,-113.2088,-122.059,-108.2007,-37.11715,17.34237,31.01368,-11.75676,-88.00137,-133.446,-116.497,-111.7294,-111.1329,24,24,24,24,24,24,24,24,24,24,24,24,24,24,24,24,283,2830,-109.3712,-108.8545,32.73656,-39.51512,-0.1329695,-0.6135757,0.2612179,-0.1303994,-0.129356,1.160309,-0.6569287,-0.2693937,0.1279497,0.1113893,-0.9635817,-0.9042013,24,24,24,24,24,24,24,24,24,24,24,24,24,24,24,24
284,2840,-113.2771,-114.979,-114.8425,-3.046366,-111.0364,-114.1605,-104.2453,-35.48711,17.34237,31.62904,-11.51941,-83.46265,-126.0664,-109.0971,-108.391,-111.3739,24,24,24,24,24,24,24,24,24,24,24,24,24,24,24,24,284,2840,-107.0872,-108.8545,33.52224,-39.51512,-0.3956113,2.568498E-05,0.5224165,-0.5215303,0.2589127,-1.028785,0.2628408,-0.2693937,-0.5119579,0.1113893,0.4817924,-3.210623E-06,24,24,24,24,24,24,24,24,24,24,24,24,24,24,24,24
285,2850,-114.3594,-114.6163,-112.9962,-3.411924,-111.0364,-118.3566,-108.3283,-38.24564,16.59918,31.99824,-10.68867,-84.2191,-132.1367,-119.7196,-118.1679,-118.6053,24,24,24,24,24,24,24,24,24,24,24,24,24,24,24,24,285,2850,-110.8491,-109.6441,32.60562,-40.4188,0.1296714,0.6136239,0.1306194,-0.3911534,-0.3882012,0.2589166,0.3942356,0.1347274,0.1279546,-0.111338,-0.1204465,0.565121,24,24,24,24,24,24,24,24,24,24,24,24,24,24,24,24
286,2860,-116.7644,-115.9462,-117.5503,-3.411924,-115.0192,-123.2931,-108.3283,-37.24253,17.46624,32.12132,-10.45131,-85.98415,-131.1845,-115.6616,-111.9679,-111.615,24,24,24,24,24,24,24,24,24,24,24,24,24,24,24,24,286,2860,-115.2828,-115.6981,32.60562,-39.77331,-0.2642904,0.245465,-0.2611793,-1.434169,-0.129356,0.3876867,-0.7883235,-0.2693937,-2.729029E-05,2.247436E-05,-0.2408946,-0.3390771,24,24,24,24,24,24,24,24,24,24,24,24,24,24,24,24
287,2870,-115.5619,-117.397,-117.181,-2.924514,-112.4847,-116.8756,-104.7557,-34.86017,18.3333,32.85973,-10.45131,-82.2019,-123.6859,-105.7551,-104.9333,-104.5042,24,24,24,24,24,24,24,24,24,24,24,24,24,24,24,24,287,2870,-112.5957,-112.8027,33.12941,-40.03151,0.6549534,-0.6135757,-0.914175,0.3911116,0.1294892,-0.7712445,4.815934E-05,-0.4041002,-0.1280075,0.1113861,-0.3613423,-0.3390771,24,24,24,24,24,24,24,24,24,24,24,24,24,24,24,24
288,2880,-107.2646,-106.8785,-104.9959,-2.680809,-104.8811,-109.224,-102.7142,-34.23323,17.21851,32.24438,-9.85793,-80.81507,-122.1386,-106.71,-106.1256,-106.7941,24,24,24,24,24,24,24,24,24,24,24,24,24,24,24,24,288,2880,-114.3423,-113.1976,32.99846,-38.61145,0.1296714,-0.7362953,0.2612179,0.6518655,-1.035315,0.3876867,-0.525534,0.5388485,0.5118985,2.247436E-05,-0.4817901,-1.356308,24,24,24,24,24,24,24,24,24,24,24,24,24,24,24,24
289,2890,-104.1382,-105.3067,-105.4882,-3.411924,-106.3294,-112.5562,-103.4798,-35.98866,18.82877,32.9828,-7.603072,-81.31937,-125.1142,-111.1261,-108.7487,-108.9635,24,24,24,24,24,24,24,24,24,24,24,24,24,24,24,24,289,2890,-111.7896,-110.3022,33.52224,-40.4188,-0.001649457,0.1227453,-0.1305792,-0.1303994,-0.7764698,-1.543866,0.788423,0.404142,-0.6399333,0.4454771,0.3613448,0.2260407,24,24,24,24,24,24,24,24,24,24,24,24,24,24,24,24
290,2900,-107.5051,-106.8785,-107.4575,-2.680809,-107.2949,-113.5435,-104.3729,-36.23943,17.71397,32.9828,-9.383224,-82.58012,-127.6137,-110.2906,-107.5564,-106.7941,24,24,24,24,24,24,24,24,24,24,24,24,24,24,24,24,290,2900,-110.9835,-110.3021,30.90331,-40.1606,0.7862743,0.4909042,0.391818,-0.2607764,-0.2587778,0.001376554,0.2628408,-0.5388067,0.6398803,0.3341134,-0.2408946,0.5651146,24,24,24,24,24,24,24,24,24,24,24,24,24,24,24,24
291,2910,-109.7899,-109.0547,-109.1807,-2.802662,-106.6915,-110.8284,-103.097,-34.86017,17.46624,32.61359,-9.5019,-81.69759,-124.5191,-107.5455,-106.6025,-107.9993,24,24,24,24,24,24,24,24,24,24,24,24,24,24,24,24,291,2910,-119.582,-119.9096,31.95093,-39.38602,0.3923124,0.4909042,0.1306194,-0.9126613,0.3883345,0.6452276,-0.394136,1.212383,-0.6399333,0.1113861,0.240897,-0.452107,24,24,24,24,24,24,24,24,24,24,24,24,24,24,24,24
292,2920,-106.4229,-106.6367,-106.719,-2.558958,-106.3294,-111.8157,-105.1385,-37.36792,17.46624,32.61359,-7.959102,-80.81507,-126.8996,-114.9454,-111.1333,-112.8202,24,24,24,24,24,24,24,24,24,24,24,24,24,24,24,24,292,2920,-113.2675,-112.4079,31.95093,-40.67699,0.5236325,-0.9817378,0.5224165,0.1303545,0.2589127,-0.1273935,0.2628408,-0.4041002,0.5118985,0.2227498,-0.3613423,-0.5651338,24,24,24,24,24,24,24,24,24,24,24,24,24,24,24,24
293,2930,-110.0304,-110.6265,-112.8732,-3.046367,-116.4675,-124.157,-109.4766,-37.49331,17.71397,32.61359,-11.28205,-86.48845,-134.0411,-116.497,-112.564,-113.0613,24,24,24,24,24,24,24,24,24,24,24,24,24,24,24,24,293,2930,-108.4308,-109.6441,31.03431,-39.64422,-0.3956635,2.568498E-05,0.7836151,-2.247436E-05,6.742308E-05,-0.1273935,-0.9197182,0.2694339,0.5118985,0.2227498,-0.7226859,-0.6781574,24,24,24,24,24,24,24,24,24,24,24,24,24,24,24,24
294,2940,-114.8404,-115.7044,-117.058,-2.315253,-113.2088,-117.8629,-106.6696,-34.23323,18.08557,33.59816,-10.92602,-83.71481,-127.1376,-108.739,-107.914,-107.7583,24,24,24,24,24,24,24,24,24,24,24,24,24,24,24,24,294,2940,-106.0124,-108.7228,31.42715,-41.45157,-0.7896253,0.7362953,0.5224165,-0.1303994,0.1294892,-1.028785,-0.2627413,0.9429695,-0.2559894,2.247436E-05,1.203984E-06,0.1130171,24,24,24,24,24,24,24,24,24,24,24,24,24,24,24,24
295,2950,-107.3849,-106.7576,-105.7344,-2.68081,-105.1225,-112.0625,-103.4798,-34.86017,17.9617,33.59816,-7.721749,-80.43685,-124.5191,-110.41,-107.914,-109.5661,24,24,24,24,24,24,24,24,24,24,24,24,24,24,24,24,295,2950,-106.5498,-105.8274,30.90336,-40.2897,-0.00170163,-2.568498E-05,0.3917682,0.1303545,0.2589127,0.001376554,-0.2627413,-0.5388067,0.6398803,-0.3340685,-0.8431336,0.2260407,24,24,24,24,24,24,24,24,24,24,24,24,24,24,24,24
296,2960,-108.3469,-107.8457,-107.5806,-3.533776,-107.5363,-112.9264,-103.3522,-34.60939,18.7049,34.09044,-8.315133,-80.81507,-123.924,-106.8293,-105.1717,-105.1068,24,24,24,24,24,24,24,24,24,24,24,24,24,24,24,24,296,2960,-108.8338,-109.9073,31.95093,-40.54789,-0.1330225,0.4908528,-0.6530262,-0.521479,0.2589127,0.1301466,-0.6569287,2.086905E-05,-0.6399333,0.2227498,-0.1204465,-0.2260599,24,24,24,24,24,24,24,24,24,24,24,24,24,24,24,24
297,2970,-104.8597,-106.274,-107.0883,-2.558958,-107.2949,-111.0752,-103.735,-34.60939,17.21856,32.61359,-9.976606,-83.08443,-125.3522,-108.6196,-106.6025,-107.8788,24,24,24,24,24,24,24,24,24,24,24,24,24,24,24,24,297,2970,-108.2964,-108.4596,32.47472,-41.83886,0.7862221,-0.7363467,-0.2612275,0.52154,-0.1293576,0.5164576,-0.394136,-1.077634,-0.3839712,-0.1113412,-0.6022382,-0.3390835,24,24,24,24,24,24,24,24,24,24,24,24,24,24,24,24
298,2980,-107.3849,-106.5158,-106.4729,-2.315253,-106.2087,-111.6923,-103.735,-35.61249,17.59016,33.22895,-9.383224,-82.2019,-127.2567,-113.1551,-111.2525,-112.0971,24,24,24,24,24,24,24,24,24,24,24,24,24,24,24,24,298,2980,-112.0583,-111.0918,30.51052,-40.54789,-1.183586,-0.4909074,-2.88956E-05,0.52154,0.1294876,0.1301466,-1.051116,-0.5388067,0.1279546,-0.6681595,0.1204489,-0.452107,24,24,24,24,24,24,24,24,24,24,24,24,24,24,24,24
299,2990,-111.4734,-111.1101,-111.15,-3.290071,-110.4329,-116.6288,-106.2868,-36.74098,17.71403,33.35202,-9.145869,-82.95834,-128.0898,-112.9164,-110.2987,-110.1687,24,24,24,24,24,24,24,24,24,24,24,24,24,24,24,24,299,2990,-114.3423,-115.6981,30.51052,-41.96796,0.7862221,1.104454,0.1305696,1.434179,-0.1293576,-1.415096,0.2627895,2.086905E-05,-0.1280075,0.4454771,-0.1204465,0.7911649,24,24,24,24,24,24,24,24,24,24,24,24,24,24,24,24
300,3000,-110.6317,-110.8683,-112.2578,-2.802663,-112.6053,-117.2459,-107.9455,-35.86327,17.21856,32.24438,-10.68867,-85.47987,-131.4225,-113.3938,-111.1333,-109.9277,24,24,24,24,24,24,24,24,24,24,24,24,24,24,24,24,300,3000,-112.73,-112.2763,30.24863,-41.58067,0.5235803,-0.4909074,1.175364,-1.042987,-0.1293576,-0.2561643,0.5255821,-0.6735646,0.2559364,-0.4454322,-0.1204465,0.1130171,24,24,24,24,24,24,24,24,24,24,24,24,24,24,24,24
301,3010,-111.9544,-111.9564,-112.627,-2.68081,-109.7087,-115.8883,-105.5212,-35.4871,19.20042,33.59816,-7.959102,-82.07584,-125.8283,-110.6487,-108.1525,-109.4456,24,24,24,24,24,24,24,24,24,24,24,24,24,24,24,24,301,3010,-111.3865,-111.355,32.60566,-40.03151,0.6549012,-2.568498E-05,-0.7836247,-0.521479,0.3883328,0.1301466,0.1313947,0.134676,-3.210623E-05,0.5568408,0.4817924,0.2260407,24,24,24,24,24,24,24,24,24,24,24,24,24,24,24,24
302,3020,-108.3469,-109.9011,-107.8268,-3.411924,-108.0191,-112.803,-104.7557,-35.98866,18.08562,33.10588,-8.908516,-82.70622,-126.7806,-111.2454,-108.8679,-108.6019,24,24,24,24,24,24,24,24,24,24,24,24,24,24,24,24,302,3020,-110.1773,-109.9073,31.68904,-42.61344,0.5235803,-1.595391,-0.5224261,-0.1303481,6.581777E-05,0.1301466,-0.1313979,-1.077686,-0.128014,2.247436E-05,-0.8431336,-9.631868E-06,24,24,24,24,24,24,24,24,24,24,24,24,24,24,24,24
303,3030,-109.7899,-109.4174,-109.9192,-2.437105,-109.1053,-113.9137,-105.3937,-34.10784,18.95268,33.72123,-10.09528,-83.21052,-126.4235,-108.3809,-107.1987,-107.8788,24,24,24,24,24,24,24,24,24,24,24,24,24,24,24,24,303,3030,-114.2079,-115.0401,30.24863,-40.4188,-0.3956635,0.3681332,0.1305696,0.260786,6.581777E-05,-0.5137045,-0.3941874,0.5387971,0.8958376,-0.3340685,-0.1204465,-0.6781574,24,24,24,24,24,24,24,24,24,24,24,24,24,24,24,24
304,3040,-107.8659,-107.9666,-106.719,-2.193401,-106.9328,-113.2967,-104.6281,-35.23633,18.82882,33.8443,-7.247041,-80.8151,-125.5903,-112.6777,-109.3448,-111.9766,24,24,24,24,24,24,24,24,24,24,24,24,24,24,24,24,304,3040,-115.2827,-112.4079,30.37957,-42.87163,0.2609394,0.3681332,-0.3918276,0.52154,-0.9058933,-0.6424745,0.5255821,0.2693825,-1.151864,0.1113861,-0.1204465,-5.458059E-05,24,24,24,24,24,24,24,24,24,24,24,24,24,24,24,24
305,3050,-109.4291,-109.2965,-109.9192,-3.168219,-109.1053,-115.3947,-106.2868,-36.99175,17.59016,33.47509,-8.78984,-82.70622,-127.8518,-111.3648,-108.7487,-108.4814,24,24,24,24,24,24,24,24,24,24,24,24,24,24,24,24,305,3050,-112.9987,-114.2504,29.72484,-41.70977,0.6549012,-0.2454682,0.1305696,-0.521479,-0.1293576,0.001376554,0.1313947,0.134676,-3.210623E-05,-1.002252,-0.6022382,0.3390193,24,24,24,24,24,24,24,24,24,24,24,24,24,24,24,24
306,3060,-112.7961,-112.7013,-112.9962,-2.802663,-108.0191,-110.5816,-103.097,-33.60629,18.82882,32.85973,-11.40073,-83.21052,-124.162,-105.7551,-105.8871,-109.8072,24,24,24,24,24,24,24,24,24,24,24,24,24,24,24,24,306,3060,-116.2232,-115.6981,30.24863,-41.06428,-0.00170163,0.3681332,-2.88956E-05,-0.521479,0.7766015,0.001376554,0.1313947,-0.6735646,-1.023884,-0.1113412,0.3613448,0.5650696,24,24,24,24,24,24,24,24,24,24,24,24,24,24,24,24
307,3070,-113.9986,-113.6687,-111.8885,-2.437105,-108.5018,-116.6288,-105.7764,-35.36171,18.20949,32.61359,-8.908516,-83.46267,-128.4469,-114.7067,-111.9679,-112.8202,24,24,24,24,24,24,24,24,24,24,24,24,24,24,24,24,307,3070,-113.2675,-113.066,29.85579,-41.96796,0.3922602,-0.9817892,0.2611697,0.260786,-0.3882028,0.5164576,-0.3941874,-0.2694451,-0.128014,0.1113861,-0.4817901,-1.017279,24,24,24,24,24,24,24,24,24,24,24,24,24,24,24,24
308,3080,-111.4734,-111.613,-111.5192,-3.290071,-113.0881,-119.5907,-106.6696,-34.98555,19.44815,32.85973,-11.28205,-86.61455,-130.4703,-112.2003,-109.4641,-110.8919,24,24,24,24,24,24,24,24,24,24,24,24,24,24,24,24,308,3080,-120.9256,-120.4361,31.2962,-40.93518,-0.1330225,0.1226939,-0.5224261,-0.1303481,0.258911,-1.028785,-0.7883748,0.6735036,-0.383976,-0.3340685,0.3613448,-5.458059E-05,24,24,24,24,24,24,24,24,24,24,24,24,24,24,24,24
309,3090,-114.1189,-114.0315,-113.7347,-3.411924,-110.9157,-115.0244,-105.1385,-33.98245,18.33335,33.22895,-9.5019,-82.95837,-126.0664,-110.41,-109.7025,-112.8202,24,24,24,24,24,24,24,24,24,24,24,24,24,24,24,24,309,3090,-117.9698,-116.3562,30.11768,-41.58066,0.3923124,0.7362953,-0.2612275,-0.1303481,-0.6470481,0.3876867,1.051164,-0.2694451,0.5118936,-0.1113412,0.3613448,-5.458059E-05,24,24,24,24,24,24,24,24,24,24,24,24,24,24,24,24
310,3100,-113.7581,-111.7339,-110.2884,-2.437105,-112.4847,-120.8248,-109.349,-38.4964,17.46629,33.22895,-9.145869,-83.46267,-129.7562,-116.139,-113.041,-113.7844,24,24,24,24,24,24,24,24,24,24,24,24,24,24,24,24,310,3100,-115.2827,-116.3562,30.77242,-41.32247,0.2609915,-0.2454682,-0.130629,-0.7822329,6.581777E-05,0.001376554,-0.3941874,0.4040906,-0.2559942,-0.6681595,-0.3613423,-0.4521552,24,24,24,24,24,24,24,24,24,24,24,24,24,24,24,24
311,3110,-111.8341,-112.0967,-114.7194,-2.924515,-116.1054,-121.8121,-107.9455,-35.11094,19.44815,33.22895,-12.11279,-88.37959,-135.1123,-114.7067,-111.9679,-111.0124,24,24,24,24,24,24,24,24,24,24,24,24,24,24,24,24,311,3110,-118.3729,-115.8298,31.03431,-40.67699,0.6549534,-0.3681878,-0.6530278,-0.521479,-0.1293576,-0.900015,-3.210623E-06,-0.2694451,-0.128014,2.247436E-05,-0.1204465,-5.458059E-05,24,24,24,24,24,24,24,24,24,24,24,24,24,24,24,24
312,3120,-116.6441,-116.2081,-116.9349,-2.558958,-111.6398,-116.6288,-106.0316,-34.35862,18.70495,32.9828,-11.75676,-84.8495,-128.0898,-111.4841,-110.5371,-111.7355,24,24,24,24,24,24,24,24,24,24,24,24,24,24,24,24,312,3120,-110.9835,-108.5912,29.72484,-41.32247,-0.2642904,-0.6136271,-3.210623E-05,0.6519137,-0.2587794,-0.3849344,-1.313957,-0.4041516,-0.2559942,-0.6681595,-0.9635817,-0.5651788,24,24,24,24,24,24,24,24,24,24,24,24,24,24,24,24
313,3130,-111.3531,-110.7665,-109.673,-2.802663,-110.9157,-117.8629,-106.542,-36.11404,18.3333,33.59816,-8.78984,-83.46267,-126.8996,-111.6035,-109.1064,-109.6866,24,24,24,24,24,24,24,24,24,24,24,24,24,24,24,24,313,3130,-106.0124,-107.4067,31.16525,-40.80609,-0.3956113,0.3681332,0.130568,-0.3911052,0.3882831,-1.415096,-0.1313979,-3.050092E-05,-3.210623E-05,-0.1113412,-0.3613423,0.112969,24,24,24,24,24,24,24,24,24,24,24,24,24,24,24,24
314,3140,-109.3089,-109.3154,-108.8114,-3.290071,-108.8639,-113.4201,-103.3522,-34.484,19.0765,32.36745,-9.739253,-82.328,-124.9952,-107.068,-105.0525,-104.7452,24,24,24,24,24,24,24,24,24,24,24,24,24,24,24,24,314,3140,-113.1331,-111.6182,30.37957,-41.58066,0.2609915,0.3681332,-3.210623E-05,2.88956E-05,-0.905943,-0.6424745,0.1313947,-3.050092E-05,-3.210623E-05,-0.2227048,-0.1204465,0.112969,24,24,24,24,24,24,24,24,24,24,24,24,24,24,24,24
315,3150,-105.1002,-106.2923,-107.9498,-2.315253,-105.1225,-107.8665,-102.0763,-34.35862,17.59011,32.73666,-9.620577,-80.8151,-121.4244,-104.6809,-103.3833,-104.2631,24,24,24,24,24,24,24,24,24,24,24,24,24,24,24,24,315,3150,-113.6705,-113.3292,31.42715,-40.67699,0.1296714,0.6135725,-0.5224293,-0.3911052,0.2588613,0.3876867,-0.1313466,0.6735036,-0.383976,2.247436E-05,1.203984E-06,0.112969,24,24,24,24,24,24,24,24,24,24,24,24,24,24,24,24
316,3160,-106.9039,-107.0179,-106.5959,-2.924515,-105.6052,-111.1986,-103.3522,-35.6125,17.83784,31.87518,-9.383224,-82.45406,-124.4001,-110.2906,-107.7948,-110.1687,24,24,24,24,24,24,24,24,24,24,24,24,24,24,24,24,316,3160,-108.4308,-108.1964,31.81999,-41.19337,0.5236325,-1.227228,-0.2612307,0.3911598,-0.7765212,0.001376554,-0.2627413,-0.4041002,-0.2559942,0.6682044,-0.3613423,-0.3391284,24,24,24,24,24,24,24,24,24,24,24,24,24,24,24,24
317,3170,-109.5494,-108.9527,-109.673,-3.168219,-109.8294,-115.8883,-105.904,-36.23943,17.59011,32.12132,-10.92602,-84.84948,-127.2567,-110.6487,-108.1525,-107.9993,24,24,24,24,24,24,24,24,24,24,24,24,24,24,24,24,317,3170,-113.8049,-112.9343,31.2962,-41.19337,-0.2642904,-0.1227485,0.2611665,-0.5214822,-0.2588292,0.001376554,-0.9197182,0.404142,-2.88956E-05,-0.6681595,-0.7226859,-0.3391284,24,24,24,24,24,24,24,24,24,24,24,24,24,24,24,24
318,3180,-109.5494,-108.9527,-110.6577,-2.924515,-110.9157,-114.0371,-106.2868,-36.11404,16.35145,31.75211,-11.63808,-84.09303,-128.923,-111.2454,-109.7025,-111.1329,24,24,24,24,24,24,24,24,24,24,24,24,24,24,24,24,318,3180,-114.0736,-114.5136,30.77242,-40.2897,-0.001649457,0.8590149,-0.6530278,0.5215368,-0.517676,-0.6424745,0.2628408,-0.1346856,-0.3839728,0.3341712,0.9635841,-5.458059E-05,24,24,24,24,24,24,24,24,24,24,24,24,24,24,24,24
319,3190,-112.4354,-111.1293,-110.1653,-2.071548,-110.4329,-117.3693,-107.9455,-37.74408,16.35145,31.87518,-9.5019,-85.22771,-132.3747,-119.839,-115.7833,-117.2796,24,24,24,24,24,24,24,24,24,24,24,24,24,24,24,24,319,3190,-119.3133,-122.0154,31.03431,-41.32247,0.9175944,-2.568498E-05,0.2611665,-1.04299,0.6471283,0.3876867,-0.525534,2.086905E-05,-0.1280107,-0.445376,-0.6022382,-0.3391284,24,24,24,24,24,24,24,24,24,24,24,24,24,24,24,24
320,3200,-114.5999,-114.9989,-117.6734,-2.802663,-118.1572,-123.4165,-110.3697,-38.12025,17.34237,32.12132,-11.40073,-86.74061,-131.6606,-112.2003,-110.0602,-107.6377,24,24,24,24,24,24,24,24,24,24,24,24,24,24,24,24,320,3200,-118.5072,-116.8826,31.55809,-41.06428,0.2609915,-0.6136271,-1.044827,-0.1303513,0.6471283,-0.3849344,-0.1313466,-0.1346856,-0.5119547,-0.3340123,0.4817924,0.2260471,24,24,24,24,24,24,24,24,24,24,24,24,24,24,24,24
321,3210,-112.7961,-111.7339,-110.5346,-2.558958,-108.8639,-112.4328,-105.5212,-35.48711,17.09464,32.24438,-11.40073,-83.46265,-126.6615,-109.5745,-108.6294,-109.084,24,24,24,24,24,24,24,24,24,24,24,24,24,24,24,24,321,3210,-108.9682,-109.7757,32.08188,-40.80609,-0.001649457,-0.8590695,0.2611665,0.3911598,-0.3882526,0.001376554,-0.2627413,0.2694339,0.2559332,-0.1112834,-0.7226859,-0.5651274,24,24,24,24,24,24,24,24,24,24,24,24,24,24,24,24
322,3220,-108.5874,-109.1756,-108.9345,-2.558958,-108.0191,-114.4074,-106.1592,-36.74098,16.35145,31.01368,-11.75676,-85.35379,-127.8518,-113.8712,-111.3717,-112.9407,24,24,24,24,24,24,24,24,24,24,24,24,24,24,24,24,322,3220,-110.1774,-111.355,31.68904,-41.19337,-0.5269314,-2.568498E-05,0.2611665,-0.6518592,0.2588613,-0.7712445,4.815934E-05,0.673555,-0.5119547,0.1114439,1.203984E-06,-0.2260535,24,24,24,24,24,24,24,24,24,24,24,24,24,24,24,24
323,3230,-113.0366,-113.1654,-113.9809,-3.046367,-115.5019,-121.9356,-109.6042,-36.86637,17.59011,32.24438,-11.63808,-87.49706,-133.684,-117.8099,-113.8756,-113.6639,24,24,24,24,24,24,24,24,24,24,24,24,24,24,24,24,323,3230,-114.2079,-111.6182,30.37958,-40.93518,0.1296714,0.3681332,0.2611665,0.7822907,-0.2588292,0.3876867,0.2628408,-0.2693937,0.6398771,-0.5567396,0.3613448,-0.1130268,24,24,24,24,24,24,24,24,24,24,24,24,24,24,24,24
324,3240,-116.5239,-116.9134,-116.9349,-2.802662,-115.0192,-118.6034,-108.8386,-38.12025,15.97985,31.75211,-11.51941,-85.73201,-131.4225,-115.4229,-114.114,-114.7486,24,24,24,24,24,24,24,24,24,24,24,24,24,24,24,24,324,3240,-112.8644,-115.3033,30.37958,-41.06428,-0.1329695,0.7362953,-0.3918292,-1.173367,0.2588613,0.1301466,-0.2627413,1.077676,-0.2559926,0.3341712,-0.2408946,-0.5651274,24,24,24,24,24,24,24,24,24,24,24,24,24,24,24,24
325,3250,-111.4734,-114.0118,-114.104,-2.437105,-113.9329,-120.8248,-110.2421,-38.4964,16.22758,31.25982,-11.0447,-86.11024,-131.5415,-115.6616,-112.564,-113.5434,24,24,24,24,24,24,24,24,24,24,24,24,24,24,24,24,325,3250,-114.2079,-112.6711,31.03431,-40.93518,0.7862743,-0.1227485,-0.3918292,0.2607828,-0.2588292,0.001376554,0.788423,-0.5388067,-0.1280107,-0.1112834,-0.2408946,-3.210623E-06,24,24,24,24,24,24,24,24,24,24,24,24,24,24,24,24
326,3260,-112.5556,-112.9236,-113.6116,-3.777481,-113.8122,-119.961,-107.8179,-36.61559,17.9617,32.61359,-11.87544,-87.24491,-131.0655,-113.9906,-111.3717,-113.5434,24,24,24,24,24,24,24,24,24,24,24,24,24,24,24,24,326,3260,-113.9392,-112.5395,30.77242,-40.1606,-0.9208933,-0.7362953,0.2611665,0.6519137,-0.3882526,0.001376554,-1.182511,-0.2693937,-0.5119547,0.2228076,-0.3613423,-0.678151,24,24,24,24,24,24,24,24,24,24,24,24,24,24,24,24
327,3270,-114.1189,-114.0118,-114.3501,-2.924514,-110.1915,-114.901,-107.5821,-36.86637,14.86506,31.01368,-12.46882,-85.47987,-132.7318,-119.2422,-118.0486,-119.9311,24,24,24,24,24,24,24,24,24,24,24,24,24,24,24,24,327,3270,-111.5209,-112.5395,30.64147,-41.83886,0.9175944,2.568498E-05,-0.130629,0.3911598,-0.1294074,-0.900015,0.6570283,2.086905E-05,-0.3839728,0.1114439,1.203984E-06,-3.210623E-06,24,24,24,24,24,24,24,24,24,24,24,24,24,24,24,24
328,3280,-117.9669,-116.188,-118.5349,-2.1934,-121.0537,-128.5999,-114.4733,-40.62799,15.23665,31.25982,-13.41823,-92.03576,-141.3016,-122.2261,-116.9756,-117.159,24,24,24,24,24,24,24,24,24,24,24,24,24,24,24,24,328,3280,-110.7148,-111.7498,30.37958,-40.67699,0.5236325,0.1227453,0.3917682,-0.5215303,1.605311E-05,-0.6424745,-0.2627413,-0.1346856,-2.88956E-05,-0.1112834,-0.2408946,-0.3390771,24,24,24,24,24,24,24,24,24,24,24,24,24,24,24,24
329,3290,-122.6566,-123.4422,-121.7351,-3.655628,-118.6399,-125.0209,-110.5173,-37.74408,16.35145,31.87518,-11.40073,-87.24491,-135.1123,-119.839,-117.3333,-119.3284,24,24,24,24,24,24,24,24,24,24,24,24,24,24,24,24,329,3290,-113.5362,-114.382,30.24863,-41.19337,0.1296714,-0.1226972,-0.5224261,-0.9126613,0.3883345,0.3876867,-0.525534,0.9429695,-0.5119547,-0.445376,0.1204489,-3.210623E-06,24,24,24,24,24,24,24,24,24,24,24,24,24,24,24,24
330,3300,-119.2896,-117.397,-116.3195,-2.802662,-117.7951,-124.4038,-115.239,-42.13264,13.50253,31.87518,-10.09528,-84.59733,-137.1357,-120.6745,-116.4986,-113.9049,24,24,24,24,24,24,24,24,24,24,24,24,24,24,24,24,330,3300,-113.1331,-113.724,30.90336,-41.58066,0.2609915,-0.7362953,-0.3918276,-0.5215303,-0.129356,0.1301466,0.6570283,-0.1346856,0.383915,-0.1112834,-0.1204465,-0.2260535,24,24,24,24,24,24,24,24,24,24,24,24,24,24,24,24
331,3310,-113.7581,-116.3089,-117.5503,-2.558957,-115.3812,-118.2332,-107.965,-37.4933,16.47531,31.25983,-12.46882,-86.61453,-131.5415,-113.2745,-109.941,-110.5303,24,24,24,24,24,24,24,24,24,24,24,24,24,24,24,24,331,3310,-114.4767,-112.8027,30.77242,-40.67699,-0.3956113,-0.7362953,-0.130629,0.3911116,0.5177578,-0.3849344,-1.182511,2.086905E-05,0.7678589,-0.7794669,-0.7226859,-0.5651274,24,24,24,24,24,24,24,24,24,24,24,24,24,24,24,24
332,3320,-113.9986,-113.649,-110.5346,-4.143038,-107.4156,-113.0498,-104.5194,-36.11403,15.85598,31.01369,-10.80734,-82.58013,-125.9474,-110.2906,-108.5102,-109.4456,24,24,24,24,24,24,24,24,24,24,24,24,24,24,24,24,332,3320,-118.6416,-117.8039,30.77242,-42.35524,0.7862743,0.7363467,-2.88956E-05,0.2607347,-0.2587778,-1.157555,0.1314461,0.2693825,-0.3839728,0.5568985,0.3613448,0.3390706,24,24,24,24,24,24,24,24,24,24,24,24,24,24,24,24
333,3330,-107.5051,-106.8785,-107.0883,-2.802662,-107.4156,-113.5435,-106.1784,-36.86636,16.22758,32.85974,-9.145869,-81.82368,-128.2089,-112.439,-110.6563,-109.9277,24,24,24,24,24,24,24,24,24,24,24,24,24,24,24,24,333,3330,-117.0294,-119.6464,28.93917,-41.19337,0.2609915,2.568498E-05,1.175364,-0.2607764,-0.129356,0.3876867,0.1314461,-0.4041516,-2.729029E-05,-0.3340123,0.1204489,0.2260471,24,24,24,24,24,24,24,24,24,24,24,24,24,24,24,24
334,3340,-109.6696,-109.2965,-111.8885,-2.315252,-112.4846,-117.1225,-106.0508,-35.98865,17.59011,32.6136,-11.28205,-84.34518,-128.3279,-111.7229,-108.8679,-111.9766,24,24,24,24,24,24,24,24,24,24,24,24,24,24,24,24,334,3340,-120.9256,-118.8568,29.20106,-42.48434,-0.1329695,0.1227453,-0.6530262,-0.1303994,-0.3882012,-0.1273935,4.815934E-05,-0.134737,-1.023879,-0.2227048,0.1204489,0.3390706,24,24,24,24,24,24,24,24,24,24,24,24,24,24,24,24
335,3350,-115.3214,-114.4954,-112.7501,-4.021185,-112.8467,-120.8248,-107.4545,-37.36791,15.97985,30.89062,-11.40073,-83.96696,-126.8996,-111.4841,-110.7756,-112.8202,24,24,24,24,24,24,24,24,24,24,24,24,24,24,24,24,335,3350,-117.2981,-116.8826,29.72485,-41.32247,0.1296714,-1.718059,0.1305696,0.3911116,-0.129356,0.9027677,-0.9197182,-0.6735646,-0.3839712,0.2227498,-0.6022382,-1.243275,24,24,24,24,24,24,24,24,24,24,24,24,24,24,24,24
336,3360,-111.1126,-110.5056,-109.9192,-2.437105,-109.4673,-115.8883,-106.5612,-35.61248,17.71397,33.35202,-10.33264,-84.2191,-128.5659,-111.2454,-110.1794,-109.5661,24,24,24,24,24,24,24,24,24,24,24,24,24,24,24,24,336,3360,-113.6705,-114.382,29.98674,-41.58066,-1.577496,-0.2454168,0.2611697,0.2607347,0.6471797,-0.7712445,-0.525534,0.8082117,-0.2559894,-0.1113412,-0.1204465,-0.2260535,24,24,24,24,24,24,24,24,24,24,24,24,24,24,24,24
337,3370,-108.5874,-110.8683,-111.2731,-2.558957,-110.795,-114.7776,-104.9022,-35.36171,16.97078,31.99825,-12.11279,-85.35379,-128.0898,-111.3648,-109.2256,-110.7713,24,24,24,24,24,24,24,24,24,24,24,24,24,24,24,24,337,3370,-114.8797,-112.6711,29.5939,-41.45157,0.1296714,0.8590663,-0.9142248,-0.1303994,-0.7764698,-0.3849344,0.1314461,0.5387971,0.1279546,0.1113861,0.4817924,-0.3390771,24,24,24,24,24,24,24,24,24,24,24,24,24,24,24,24
338,3380,-112.5556,-112.2176,-109.7961,-3.899333,-109.226,-117.4927,-106.9441,-37.4933,16.35145,32.24438,-10.21396,-84.84948,-132.9699,-121.3906,-119.4794,-122.1005,24,24,24,24,24,24,24,24,24,24,24,24,24,24,24,24,338,3380,-108.4307,-110.1705,29.20106,-41.32247,-0.1329695,0.3681846,0.3917682,-1.434169,0.1294892,0.001376554,-0.1313466,0.4040906,0.2559364,-0.5567958,-0.3613423,-0.678151,24,24,24,24,24,24,24,24,24,24,24,24,24,24,24,24
339,3390,-120.8528,-120.1986,-120.6273,-2.924514,-123.9503,-131.5618,-114.0905,-37.86946,17.34237,33.35202,-13.53691,-90.01855,-140.3494,-120.5551,-117.214,-114.9896,24,24,24,24,24,24,24,24,24,24,24,24,24,24,24,24,339,3390,-122.8065,-120.1728,30.37957,-40.80609,-0.2642904,-0.9817378,-0.3918276,-0.1303994,-0.129356,-0.6424745,0.1314461,-0.2694451,-0.3839712,0.3341134,0.6022406,-0.4521038,24,24,24,24,24,24,24,24,24,24,24,24,24,24,24,24
340,3400,-116.7644,-120.1986,-118.2888,-3.046368,-113.6916,-117.6161,-106.6888,-36.23942,17.34237,32.6136,-11.28205,-84.59733,-131.1845,-115.5422,-113.041,-114.7486,24,24,24,24,24,24,24,24,24,24,24,24,24,24,24,24,340,3400,-115.6858,-114.2504,29.59389,-41.45157,-0.1329695,-1.104457,-0.5224261,0.2607347,-0.6470464,0.1301466,-0.525534,-0.134737,0.3839166,0.3341134,-0.9635817,-0.678151,24,24,24,24,24,24,24,24,24,24,24,24,24,24,24,24
341,3410,-114.2391,-113.7896,-112.5039,-3.290072,-109.7087,-116.999,-106.0508,-36.61559,16.84691,32.36745,-9.5019,-82.45406,-126.1854,-111.4841,-110.1794,-111.7355,24,24,24,24,24,24,24,24,24,24,24,24,24,24,24,24,341,3410,-110.446,-112.0131,29.98673,-40.93518,-0.5269836,0.4909042,-2.88956E-05,-0.1303994,0.3883345,-0.3849344,0.1314461,0.4040906,-0.5119531,-0.2227048,0.240897,0.1130203,24,24,24,24,24,24,24,24,24,24,24,24,24,24,24,24
342,3420,-108.4671,-108.1062,-107.5806,-3.046368,-110.795,-116.6288,-106.9441,-36.99175,16.72305,32.85974,-12.11279,-85.22771,-130.5894,-112.6777,-110.7756,-109.6866,24,24,24,24,24,24,24,24,24,24,24,24,24,24,24,24,342,3420,-114.8797,-114.9085,30.24863,-41.45157,0.6549012,0.6135725,-0.5224261,0.6518655,-1.423582,-0.7712445,0.2628408,-0.134737,-0.1280075,0.1113861,-0.6022382,0.2260471,24,24,24,24,24,24,24,24,24,24,24,24,24,24,24,24
343,3430,-112.4354,-112.9432,-113.8578,-2.802663,-111.1571,-115.2713,-105.3937,-34.86016,17.9617,32.49053,-11.63808,-84.09303,-126.6615,-109.6938,-108.0333,-110.8919,24,24,24,24,24,24,24,24,24,24,24,24,24,24,24,24,343,3430,-114.4766,-115.8297,31.95093,-39.64421,-0.7896253,0.4908528,0.1305696,-0.9126613,0.3883345,0.2589166,0.1314461,0.8082117,-0.3839712,-0.6681595,-0.2408946,-0.2260535,24,24,24,24,24,24,24,24,24,24,24,24,24,24,24,24
344,3440,-111.7139,-111.9758,-110.1654,-3.655629,-110.5536,-119.5907,-108.2007,-37.36792,16.72305,32.24438,-11.0447,-85.60593,-132.9699,-120.3164,-117.691,-118.2438,24,24,24,24,24,24,24,24,24,24,24,24,24,24,24,24,344,3440,-115.2827,-115.8297,31.16525,-41.19337,0.1296193,-0.8590695,-1.436622,-0.2607251,0.5177578,-0.6424745,0.3942356,-0.134737,-0.2559894,0.3341134,1.203984E-06,0.1130203,24,24,24,24,24,24,24,24,24,24,24,24,24,24,24,24
345,3450,-116.7644,-115.6035,-117.3041,-3.290072,-118.2779,-124.8975,-111.518,-37.74408,16.7231,33.22895,-11.99411,-86.48846,-134.1601,-114.8261,-111.7294,-110.8919,24,24,24,24,24,24,24,24,24,24,24,24,24,24,24,24,345,3450,-108.6994,-107.2751,30.11768,-40.54789,-0.00170163,-0.2454682,-2.88956E-05,0.1304059,-0.6470464,0.001376554,-1.576698,0.5387971,-2.729029E-05,0.3341134,-1.324925,-0.7911777,24,24,24,24,24,24,24,24,24,24,24,24,24,24,24,24
346,3460,-113.1569,-113.5478,-113.8578,-2.68081,-110.795,-113.0498,-105.5212,-36.23943,17.46629,31.99824,-10.68867,-83.08443,-125.2332,-108.5003,-107.4371,-109.8072,24,24,24,24,24,24,24,24,24,24,24,24,24,24,24,24,346,3460,-106.0124,-106.0906,30.77242,-41.19337,-0.3956635,0.2454136,0.3917682,0.260786,0.1294892,-0.900015,4.815934E-05,0.5387971,-0.2559894,0.2227498,0.3613448,0.1130203,24,24,24,24,24,24,24,24,24,24,24,24,24,24,24,24
347,3470,-108.4671,-110.5247,-109.0576,-3.655629,-109.3467,-116.382,-107.0523,-36.86637,16.22763,31.01368,-10.45131,-83.46265,-129.042,-113.9906,-111.1333,-112.3382,24,24,24,24,24,24,24,24,24,24,24,24,24,24,24,24,347,3470,-108.2964,-107.5383,30.64147,-40.54789,0.1296193,0.2454136,0.3917682,-0.521479,-0.2587778,0.001376554,0.3941842,-0.2694451,0.7678621,2.247436E-05,0.1204489,0.1130203,24,24,24,24,24,24,24,24,24,24,24,24,24,24,24,24
348,3480,-112.0746,-110.7665,-111.2731,-2.802663,-111.7605,-116.999,-108.4558,-37.11715,16.10377,31.87517,-12.70617,-84.97556,-130.7084,-112.5583,-110.7756,-109.4456,24,24,24,24,24,24,24,24,24,24,24,24,24,24,24,24,348,3480,-112.5957,-113.4608,31.81999,-39.90241,0.2609394,0.6135725,0.5223683,-1.434118,-0.129356,0.1301466,-0.5255854,0.8082133,-0.1280075,-0.3340685,1.203984E-06,-0.3390771,24,24,24,24,24,24,24,24,24,24,24,24,24,24,24,24
349,3490,-111.4734,-112.3385,-112.3808,-2.193401,-110.1915,-113.9137,-105.3937,-35.98866,16.84696,31.25982,-10.92602,-83.96696,-127.8518,-113.2745,-111.2525,-113.7844,24,24,24,24,24,24,24,24,24,24,24,24,24,24,24,24,349,3490,-113.2674,-111.4866,32.21283,-40.67699,0.5235803,-0.7363467,-2.88956E-05,0.52154,1.035448,-0.3849344,-0.1313979,-0.4041484,-3.210623E-05,0.5568408,-1.084029,-0.3390771,24,24,24,24,24,24,24,24,24,24,24,24,24,24,24,24
350,3500,-114.7201,-114.3943,-113.1193,-3.046368,-114.295,-122.1824,-109.8593,-38.99796,15.36057,31.50596,-11.16337,-86.11024,-133.2079,-119.2422,-116.3794,-114.9896,24,24,24,24,24,24,24,24,24,24,24,24,24,24,24,24,350,3500,-114.0736,-113.8556,30.64147,-39.90241,-0.00170163,-0.1227485,-0.3918276,0.52154,0.5177578,0.001376554,-1.051167,-2.88956E-05,0.2559316,2.247436E-05,-0.3613423,-0.678151,24,24,24,24,24,24,24,24,24,24,24,24,24,24,24,24
351,3510,-114.2391,-115.1198,-117.5503,-2.802663,-116.2261,-120.9483,-109.8593,-37.36792,16.59923,32.9828,-12.46882,-86.99276,-132.8508,-113.1551,-110.5371,-110.5303,24,24,24,24,24,24,24,24,24,24,24,24,24,24,24,24,351,3510,-111.5209,-112.1447,32.21283,-40.54789,-0.6583045,0.1226939,-0.130629,0.1304059,0.7766031,-0.6424745,0.3941842,-0.2694419,-0.2559942,-0.3340685,0.2409484,-3.210623E-06,24,24,24,24,24,24,24,24,24,24,24,24,24,24,24,24
352,3520,-115.6821,-116.6918,-117.6734,-3.046368,-111.2777,-115.0244,-106.6696,-37.49331,15.6083,30.39833,-11.16337,-85.10164,-130.3513,-117.2132,-114.591,-118.7258,24,24,24,24,24,24,24,24,24,24,24,24,24,24,24,24,352,3520,-106.5498,-106.0906,30.77242,-40.54789,0.5235803,0.1226939,0.1305696,-0.2607251,-0.129356,0.001376554,-0.1313979,0.1346792,0.3839118,-0.1113412,0.8431878,0.2259957,24,24,24,24,24,24,24,24,24,24,24,24,24,24,24,24
353,3530,-119.0491,-118.6266,-117.3041,-3.411924,-119.002,-128.353,-113.3043,-40.00106,16.3515,31.62903,-12.23146,-88.63174,-137.8498,-122.4648,-119.8371,-119.2079,24,24,24,24,24,24,24,24,24,24,24,24,24,24,24,24,353,3530,-108.0277,-109.7757,32.34377,-39.51512,-0.1330225,0.7362953,-2.88956E-05,-0.391102,0.1294892,0.5164568,-0.2627927,0.6735068,-0.2559942,2.247436E-05,0.2409484,-0.1130781,24,24,24,24,24,24,24,24,24,24,24,24,24,24,24,24
354,3540,-118.2074,-121.6497,-122.9659,-2.315253,-118.8813,-122.676,-111.0077,-37.24253,15.73217,31.13675,-13.89294,-88.8839,-134.5172,-115.6616,-113.9948,-115.9538,24,24,24,24,24,24,24,24,24,24,24,24,24,24,24,24,354,3540,-109.6399,-108.9861,32.9985,-40.67699,-0.00170163,-0.7363467,-0.6530262,2.88956E-05,-0.129356,-0.3849344,0.2627895,-0.8082694,0.1279497,0.4454771,-0.6021864,-0.2261049,24,24,24,24,24,24,24,24,24,24,24,24,24,24,24,24
355,3550,-117.8466,-115.6035,-115.704,-2.437106,-112.8467,-119.8375,-108.2007,-37.49331,16.3515,31.25982,-11.16337,-86.48846,-133.803,-121.5099,-118.8833,-121.4978,24,24,24,24,24,24,24,24,24,24,24,24,24,24,24,24,355,3550,-112.327,-111.8815,31.81999,-39.90241,0.6549012,-0.2454682,-2.88956E-05,0.6519169,-0.3882012,0.2589166,-0.6569801,0.9429197,0.3839118,2.247436E-05,-0.8430822,-0.7912291,24,24,24,24,24,24,24,24,24,24,24,24,24,24,24,24
356,3560,-118.3276,-118.2638,-118.4118,-3.655628,-118.5192,-126.7487,-111.3904,-38.4964,16.10377,31.01368,-12.94353,-87.8753,-133.565,-115.5422,-112.4448,-112.0971,24,24,24,24,24,24,24,24,24,24,24,24,24,24,24,24,356,3560,-111.6552,-112.9344,32.47472,-39.64421,-0.00170163,-2.568498E-05,-0.130629,-0.521479,0.3883345,-0.900015,-0.5255854,0.1346792,0.2559316,0.5568408,0.2409484,-5.458059E-05,24,24,24,24,24,24,24,24,24,24,24,24,24,24,24,24
357,3570,-112.0746,-113.5478,-114.7194,-2.071548,-113.3295,-115.6415,-107.1799,-35.98866,15.9799,31.01368,-13.41823,-85.73201,-128.804,-110.768,-110.5371,-109.3251,24,24,24,24,24,24,24,24,24,24,24,24,24,24,24,24,357,3570,-116.4919,-114.5137,31.16525,-40.54789,0.6549534,0.1226939,0.3917682,-0.7822329,-1.423582,0.001376554,0.7883716,-0.8082694,-0.128014,0.1113861,0.2409484,-0.1130781,24,24,24,24,24,24,24,24,24,24,24,24,24,24,24,24
358,3580,-109.1886,-110.7665,-111.3961,-1.949696,-108.6225,-114.4073,-106.542,-37.36792,15.48444,31.13675,-10.21396,-83.46267,-128.6849,-116.7357,-113.7564,-116.1948,24,24,24,24,24,24,24,24,24,24,24,24,24,24,24,24,358,3580,-112.8644,-115.5665,32.86756,-38.61144,-0.6582523,0.9817346,-0.130629,-0.521479,0.5177578,0.9027677,-0.6569801,0.6735068,-0.2559942,-0.3340685,-0.3612906,-0.5651788,24,24,24,24,24,24,24,24,24,24,24,24,24,24,24,24
359,3590,-116.0429,-116.8127,-118.658,-3.046366,-120.2089,-128.8466,-113.8147,-40.00106,15.23671,30.64447,-14.24897,-90.90109,-139.7543,-119.2422,-115.1871,-114.8691,24,24,24,24,24,24,24,24,24,24,24,24,24,24,24,24,359,3590,-109.7743,-110.5654,34.30797,-39.9024,0.1296714,-0.6136271,-0.6529765,2.88956E-05,0.1294892,-0.2561635,0.7883716,-1.077684,-0.128014,-0.2227048,-0.6021864,-0.3391284,24,24,24,24,24,24,24,24,24,24,24,24,24,24,24,24
360,3600,-116.8846,-117.2964,-117.4272,-2.437105,-112.9674,-116.7522,-106.6696,-36.23943,16.3515,31.7521,-11.75676,-83.96696,-129.8752,-113.7519,-113.1602,-115.4717,24,24,24,24,24,24,24,24,24,24,24,24,24,24,24,24,360,3600,-116.895,-115.4349,32.47472,-39.64421,0.2609915,-0.6136271,0.2612179,0.7822907,0.1294892,-0.3849344,-0.9197696,-0.2694419,0.5118936,0.1113861,-0.6021864,-0.4521552,24,24,24,24,24,24,24,24,24,24,24,24,24,24,24,24
361,3610,-114.3594,-113.3059,-109.7961,-2.924514,-109.5881,-115.8883,-107.1799,-37.36792,15.97985,31.13675,-11.40073,-83.84089,-129.9942,-113.9906,-112.0871,-112.4586,24,24,24,24,24,24,24,24,24,24,24,24,24,24,24,24,361,3610,-109.9086,-111.7499,32.9985,-40.54789,0.1296714,0.3681332,-0.1305792,0.1304059,0.1294379,-1.543866,-0.2627927,0.2693857,-0.2559942,0.4454771,5.297528E-05,0.5650696,24,24,24,24,24,24,24,24,24,24,24,24,24,24,24,24
362,3620,-111.9544,-112.4595,-113.3655,-3.777481,-115.3813,-122.5526,-109.4766,-37.86946,16.47531,31.99825,-11.75676,-86.61453,-132.3747,-114.3487,-111.014,-110.4098,24,24,24,24,24,24,24,24,24,24,24,24,24,24,24,24,362,3620,-118.5072,-119.6464,32.21283,-40.1606,0.3923124,0.1226939,0.1306194,-0.5214822,-0.517676,-0.2561643,0.3941842,-0.9429759,0.6398755,-0.8908884,0.3613965,0.112969,24,24,24,24,24,24,24,24,24,24,24,24,24,24,24,24
363,3630,-113.9986,-113.5478,-112.9962,-2.680809,-110.6743,-115.8883,-105.904,-35.86327,16.97078,31.50597,-12.82485,-85.73201,-131.1845,-115.4229,-114.8294,-116.4359,24,24,24,24,24,24,24,24,24,24,24,24,24,24,24,24,363,3630,-113.5362,-113.724,32.08188,-39.51512,0.3923124,0.9817346,-0.3917778,-0.7822361,1.605311E-05,0.001376554,-0.7883748,0.5387987,0.2559316,-0.1113412,0.4818442,0.452046,24,24,24,24,24,24,24,24,24,24,24,24,24,24,24,24
364,3640,-116.6441,-115.3616,-114.5963,-2.924514,-115.9847,-123.5399,-109.9869,-37.36792,16.35145,32.73667,-11.40073,-85.60593,-132.4937,-115.1841,-111.9679,-110.8919,24,24,24,24,24,24,24,24,24,24,24,24,24,24,24,24,364,3640,-111.7896,-112.0131,32.9985,-40.54789,0.2609915,-0.9817892,-0.522378,0.3911598,0.9059735,-0.2561643,-0.1313979,-0.5388613,0.2559316,0.1113861,-0.4817387,-0.2261049,24,24,24,24,24,24,24,24,24,24,24,24,24,24,24,24
365,3650,-110.7519,-112.9432,-112.9962,-3.411924,-111.8812,-117.6161,-105.904,-36.23943,16.47531,31.50597,-11.87543,-84.59733,-126.5425,-108.5003,-105.8871,-106.0709,24,24,24,24,24,24,24,24,24,24,24,24,24,24,24,24,365,3650,-104.6689,-104.7746,31.16525,-39.77331,-0.7895724,-0.4909074,-0.2611793,0.1304059,0.6471283,-1.157555,-1.57675,0.4040874,0.3839118,-0.2227048,-0.1203951,-5.458059E-05,24,24,24,24,24,24,24,24,24,24,24,24,24,24,24,24
366,3660,-106.1824,-107.5016,-106.5959,-3.290071,-103.4328,-107.743,-100.6728,-33.60629,17.34237,32.49053,-10.33264,-81.1933,-123.0908,-105.2777,-105.291,-106.0709,24,24,24,24,24,24,24,24,24,24,24,24,24,24,24,24,366,3660,-114.0736,-111.6183,32.60566,-40.93518,-0.1329695,0.3681332,-0.1305792,1.173422,1.605311E-05,-0.2561643,-3.210623E-06,0.673502,-0.128014,0.222753,0.2409484,0.2259957,24,24,24,24,24,24,24,24,24,24,24,24,24,24,24,24
367,3670,-107.9861,-107.2597,-107.3344,-3.168219,-106.9328,-112.5562,-104.3729,-35.4871,16.35145,32.12132,-10.92602,-83.2105,-125.3522,-110.2906,-109.1063,-110.6508,24,24,24,24,24,24,24,24,24,24,24,24,24,24,24,24,367,3670,-115.1484,-117.8039,31.03431,-40.2897,0.5236325,-0.2454682,0.2612179,-0.3911052,-0.3882526,0.001376554,0.3941842,-0.1347402,-0.2559942,-0.8908852,-0.3613423,0.2259957,24,24,24,24,24,24,24,24,24,24,24,24,24,24,24,24
368,3680,-109.1886,-110.2828,-109.3037,-3.411924,-110.1915,-117.4927,-105.7764,-36.36481,17.59011,31.50597,-12.23147,-86.61452,-131.4225,-114.5874,-111.8487,-112.0971,24,24,24,24,24,24,24,24,24,24,24,24,24,24,24,24,368,3680,-112.9987,-113.3292,32.08188,-39.38602,-0.6582523,0.6135725,-0.1305792,0.1304059,0.2588613,0.3876867,0.5255821,0.1346744,-0.383976,-0.2227016,0.3613448,-0.4521552,24,24,24,24,24,24,24,24,24,24,24,24,24,24,24,24
369,3690,-110.3912,-110.4037,-111.0269,-2.924514,-108.9846,-113.0498,-103.6074,-34.73478,17.71397,33.22895,-11.28205,-84.2191,-128.804,-111.8422,-111.3717,-112.2176,24,24,24,24,24,24,24,24,24,24,24,24,24,24,24,24,369,3690,-105.7437,-105.4326,32.34377,-39.51512,-0.2642904,-0.8590695,1.926374E-05,0.7822907,0.2588613,0.001376554,0.2627895,-0.1347402,-3.210623E-05,0.8909349,-0.8431336,-0.4521552,24,24,24,24,24,24,24,24,24,24,24,24,24,24,24,24
370,3700,-113.2771,-111.7146,-111.6423,-3.655628,-113.5709,-120.7014,-108.711,-37.36792,16.97078,32.12132,-11.0447,-86.48845,-133.803,-117.5712,-114.7102,-113.7844,24,24,24,24,24,24,24,24,24,24,24,24,24,24,24,24,370,3700,-103.191,-103.4585,31.42715,-39.77331,-0.6582523,-0.1227485,0.391818,0.6519137,0.3882831,-0.1273935,-1.445352,-3.210623E-05,0.1279497,-0.3340653,0.240897,-0.1130781,24,24,24,24,24,24,24,24,24,24,24,24,24,24,24,24
371,3710,-113.6379,-114.7372,-114.2271,-3.655628,-112.2433,-116.8756,-105.1385,-35.98866,17.71397,31.50597,-11.75676,-84.84948,-126.6615,-108.1422,-106.0063,-106.6736,24,24,24,24,24,24,24,24,24,24,24,24,24,24,24,24,371,3710,-103.9971,-103.9849,30.90331,-40.54789,0.2609915,0.8590149,-0.2611793,0.5215368,-0.517676,-0.900015,0.6569769,0.4040874,-0.5119579,2.568498E-05,0.4817924,0.2259957,24,24,24,24,24,24,24,24,24,24,24,24,24,24,24,24
372,3720,-106.0622,-106.5158,-105.6113,-2.924515,-102.7086,-107.6196,-100.6728,-32.60319,18.58103,33.59816,-9.620577,-80.94115,-122.7337,-106.2326,-106.4833,-106.5531,24,24,24,24,24,24,24,24,24,24,24,24,24,24,24,24,372,3720,-106.2811,-106.0907,31.55804,-40.1606,0.5236325,0.1226939,0.391818,-0.5214822,0.1294379,0.001376554,-0.5255854,-3.210623E-05,-0.128014,-0.4454289,-0.1204465,-0.4521552,24,24,24,24,24,24,24,24,24,24,24,24,24,24,24,24
373,3730,-107.2646,-106.2739,-106.3498,-3.655629,-106.3294,-112.9264,-104.1177,-34.86016,17.46624,32.98281,-10.21396,-83.08443,-126.8996,-112.0809,-110.0602,-110.4098,24,24,24,24,24,24,24,24,24,24,24,24,24,24,24,24,373,3730,-106.4155,-106.6171,31.55804,-38.48235,0.2609915,-0.8590695,-1.044775,2.88956E-05,0.5177065,-0.1273935,0.1313947,-0.2694467,-1.151864,0.222753,0.4817924,0.452046,24,24,24,24,24,24,24,24,24,24,24,24,24,24,24,24
374,3740,-109.9101,-110.2637,-109.0576,-3.411924,-107.2949,-113.2967,-104.1177,-35.11094,18.45717,32.49053,-10.21396,-84.84948,-128.5659,-112.0809,-109.1063,-109.084,24,24,24,24,24,24,24,24,24,24,24,24,24,24,24,24,374,3740,-109.6399,-110.1706,32.86751,-39.51512,0.1296714,-1.472616,1.926374E-05,0.1304059,-0.517676,0.2589166,-0.1313979,-0.8082743,-0.128014,0.222753,-0.6022382,-0.2261049,24,24,24,24,24,24,24,24,24,24,24,24,24,24,24,24
375,3750,-110.8721,-111.1101,-110.2884,-3.411924,-108.2604,-112.5562,-103.8626,-34.98555,18.3333,33.96737,-9.976606,-82.2019,-129.6371,-114.7067,-114.591,-115.3512,24,24,24,24,24,24,24,24,24,24,24,24,24,24,24,24,375,3750,-107.6247,-107.67,32.34372,-38.74054,-0.7895724,-0.4908561,-0.3917778,-0.1303513,0.1294379,-0.2561643,-0.2627927,0.673502,0.1279497,-0.111338,0.240897,-0.6782023,24,24,24,24,24,24,24,24,24,24,24,24,24,24,24,24
376,3760,-114.2391,-112.44,-112.7501,-3.411924,-114.6571,-122.676,-109.4766,-36.4902,18.20943,34.33658,-9.85793,-84.97555,-132.4937,-116.0196,-112.3256,-111.1329,24,24,24,24,24,24,24,24,24,24,24,24,24,24,24,24,376,3760,-103.4597,-103.1952,31.29615,-40.1606,0.2609915,0.3681846,-0.7835765,-2.247436E-05,0.1294379,0.001376554,0.2627895,-0.2694467,-0.2559942,-0.2227016,-0.1204465,0.452046,24,24,24,24,24,24,24,24,24,24,24,24,24,24,24,24
377,3770,-110.5114,-112.6818,-113.9809,-4.021186,-111.8812,-114.6542,-105.1385,-35.73787,17.21856,31.62904,-12.70617,-85.98415,-129.6371,-111.6035,-110.1794,-111.7355,24,24,24,24,24,24,24,24,24,24,24,24,24,24,24,24,377,3770,-102.1162,-103.9849,31.68899,-39.51512,0.1296714,-0.3681364,0.2612179,-1.043038,0.1294892,0.1301466,0.1313947,0.8082085,0.1279497,-0.5567942,-0.1204465,-0.1130781,24,24,24,24,24,24,24,24,24,24,24,24,24,24,24,24
378,3780,-115.5619,-114.0117,-112.627,-2.802663,-111.8812,-118.8502,-107.4351,-35.86326,17.71402,33.96737,-9.739253,-82.58012,-128.923,-114.3487,-114.4717,-114.387,24,24,24,24,24,24,24,24,24,24,24,24,24,24,24,24,378,3780,-109.3712,-110.0389,32.08183,-38.48235,-0.001649457,0.4909042,-0.2611793,0.3911116,0.6471797,0.1301466,-0.1313979,-0.1347402,-1.023884,-0.2227016,0.3613448,-0.3391284,24,24,24,24,24,24,24,24,24,24,24,24,24,24,24,24
379,3790,-112.5556,-110.8683,-110.4115,-2.802663,-112.9674,-119.961,-107.6903,-36.4902,18.58109,33.8443,-9.145869,-83.96696,-130.9464,-114.5874,-111.2525,-111.7355,24,24,24,24,24,24,24,24,24,24,24,24,24,24,24,24,379,3790,-107.6247,-105.6958,32.21278,-39.12783,-0.1329695,-0.8590181,0.1306194,0.2607347,-0.2587778,0.3876867,-0.1313466,-0.4041532,0.1279497,-0.111338,-0.8431336,-0.3391284,24,24,24,24,24,24,24,24,24,24,24,24,24,24,24,24
380,3800,-112.0746,-115.2208,-115.4579,-3.168219,-113.8122,-120.3312,-107.4351,-35.23632,17.96176,31.75211,-12.82485,-87.24492,-132.0176,-113.9906,-111.491,-112.5792,24,24,24,24,24,24,24,24,24,24,24,24,24,24,24,24,380,3800,-105.475,-106.6171,32.08183,-38.74054,-0.7895724,-0.2454168,0.7836151,0.2607347,0.7766031,-0.3849344,-0.394136,-0.5388067,0.5118936,0.3341167,1.203984E-06,-0.1130781,24,24,24,24,24,24,24,24,24,24,24,24,24,24,24,24
381,3810,-113.3974,-112.1982,-110.2884,-2.924515,-109.3467,-115.1479,-105.5212,-34.86016,18.70495,34.58272,-9.145869,-83.58875,-130.7084,-116.2583,-115.5448,-116.4359,24,24,24,24,24,24,24,24,24,24,24,24,24,24,24,24,381,3810,-111.2522,-109.6441,31.4271,-40.4188,0.7862743,0.4909042,1.926374E-05,-0.1303994,-0.5176246,-0.6424745,0.788423,0.673555,0.2559364,0.4454803,0.6022406,0.112969,24,24,24,24,24,24,24,24,24,24,24,24,24,24,24,24
382,3820,-114.7201,-114.1326,-115.7041,-3.411924,-119.1227,-127.2423,-111.6456,-36.4902,17.71402,33.47509,-11.87543,-88.12744,-136.8977,-116.2583,-113.6371,-111.374,24,24,24,24,24,24,24,24,24,24,24,24,24,24,24,24,382,3820,-104.9376,-105.301,31.03426,-38.86964,1.048915,2.568498E-05,0.2612179,-1.8253,0.1294892,0.001376554,4.815934E-05,0.673555,-0.2559894,-0.6681579,-0.8431336,0.7911199,24,24,24,24,24,24,24,24,24,24,24,24,24,24,24,24
383,3830,-111.4734,-114.0117,-113.3655,-3.655629,-108.9846,-113.9137,-103.6074,-34.35861,19.07655,32.85974,-10.80734,-84.21913,-126.8996,-111.2454,-109.5833,-111.615,24,24,24,24,24,24,24,24,24,24,24,24,24,24,24,24,383,3830,-106.8185,-106.4855,31.95088,-39.38602,0.7862743,0.1227453,-0.522378,-0.3911534,-0.3882012,-0.2561643,0.6570283,-0.1346856,-0.895897,-0.111338,-0.1204465,0.112969,24,24,24,24,24,24,24,24,24,24,24,24,24,24,24,24
384,3840,-113.9986,-112.1982,-110.2884,-3.046367,-109.1053,-114.7776,-105.5212,-34.86016,17.96176,33.96737,-10.33264,-83.33659,-129.042,-112.3196,-110.8948,-110.4098,24,24,24,24,24,24,24,24,24,24,24,24,24,24,24,24,384,3840,-104.6689,-103.9849,32.08183,-37.57867,-0.2642904,-1.472616,0.5224165,0.2607347,-1.29416,0.3876867,-0.394136,0.1347274,0.3839166,0.556844,-0.6022382,-0.6781574,24,24,24,24,24,24,24,24,24,24,24,24,24,24,24,24
385,3850,-108.9481,-109.2965,-109.3038,-2.802663,-109.3467,-114.5308,-104.3729,-34.73477,19.32428,34.09044,-9.739253,-82.328,-125.3522,-107.6648,-105.0525,-103.9015,24,24,24,24,24,24,24,24,24,24,24,24,24,24,24,24,385,3850,-104.2658,-104.643,33.52224,-39.25693,-0.6582523,-0.4908561,0.391818,-2.247436E-05,0.9060249,-1.157555,-0.2627413,0.1347274,0.3839166,0.3341167,0.3613448,0.2260407,24,24,24,24,24,24,24,24,24,24,24,24,24,24,24,24
386,3860,-105.2204,-108.5899,-109.673,-3.899333,-106.8121,-111.8157,-102.2039,-33.73167,19.07655,32.98281,-10.68867,-84.3452,-127.8518,-112.797,-110.5371,-113.3023,24,24,24,24,24,24,24,24,24,24,24,24,24,24,24,24,386,3860,-108.4308,-109.6441,31.95088,-39.25693,0.2609915,0.4909042,0.5224165,0.2607347,-0.3882012,-0.7712445,0.3942356,0.5388485,-0.5119531,2.568498E-05,0.3613448,0.452091,24,24,24,24,24,24,24,24,24,24,24,24,24,24,24,24
387,3870,-115.6821,-114.3943,-113.4886,-2.437105,-113.9329,-121.1951,-109.4766,-37.11713,17.34243,33.8443,-9.976606,-85.47987,-136.4216,-121.1519,-118.4063,-116.5564,24,24,24,24,24,24,24,24,24,24,24,24,24,24,24,24,387,3870,-112.8644,-112.0131,31.68904,-39.38602,0.7862743,-0.1226972,0.1306194,-1.173415,-0.129356,0.001376554,-0.525534,0.1347274,-0.1280075,-0.7795215,-0.6022382,-0.2260599,24,24,24,24,24,24,24,24,24,24,24,24,24,24,24,24
388,3880,-114.7201,-115.1198,-116.8118,-2.924515,-116.8295,-123.1697,-108.2007,-34.98555,19.44815,34.09044,-10.09528,-84.72343,-128.804,-108.2616,-107.3179,-106.1915,24,24,24,24,24,24,24,24,24,24,24,24,24,24,24,24,388,3880,-107.6246,-107.5383,32.9985,-38.48235,-0.001649457,-0.8590181,-0.522378,0.2607347,6.742308E-05,0.2589166,4.815934E-05,-0.4041002,-0.2559894,-0.2227016,0.1204489,-9.631868E-06,24,24,24,24,24,24,24,24,24,24,24,24,24,24,24,24
389,3890,-108.3469,-109.7991,-108.196,-3.16822,-104.6397,-109.8411,-100.6728,-32.60318,19.57201,33.22895,-9.264544,-81.19332,-122.1386,-106.1132,-104.3371,-105.7094,24,24,24,24,24,24,24,24,24,24,24,24,24,24,24,24,389,3890,-107.0872,-108.0648,33.39134,-38.61145,-0.5269836,-0.9817378,1.926374E-05,0.2607347,-1.29416,0.001376554,-0.6569287,-0.5388067,0.1279546,0.3341167,-0.7226859,-1.017231,24,24,24,24,24,24,24,24,24,24,24,24,24,24,24,24
390,3900,-102.9356,-102.5437,-102.6573,-2.68081,-103.9155,-109.7177,-102.8418,-34.73477,17.96176,33.35202,-8.552485,-80.05865,-125.3522,-109.8132,-109.1063,-108.843,24,24,24,24,24,24,24,24,24,24,24,24,24,24,24,24,390,3900,-108.4308,-107.5383,32.60566,-38.48235,-1.052266,0.3681846,-0.1305792,-0.1303994,0.6471797,-1.157555,-0.6569287,-0.4041002,0.2559364,0.4454803,0.7226883,0.3390642,24,24,24,24,24,24,24,24,24,24,24,24,24,24,24,24
391,3910,-106.7836,-107.9853,-108.0729,-2.924515,-107.657,-113.5435,-103.3522,-33.4809,19.44815,33.8443,-8.789838,-80.68903,-123.4479,-104.8003,-103.264,-101.8527,24,24,24,24,24,24,24,24,24,24,24,24,24,24,24,24,391,3910,-108.2964,-107.4067,32.34377,-38.61145,0.3922602,0.6136239,-0.130629,0.3911116,-0.7764698,-0.2561643,0.1314461,0.1347274,0.2559364,-0.111338,-0.1204465,0.452091,24,24,24,24,24,24,24,24,24,24,24,24,24,24,24,24
392,3920,-102.2141,-104.4785,-103.8881,-3.533777,-103.4328,-108.4835,-100.0348,-33.85707,18.20949,32.12132,-9.857929,-81.06725,-122.9718,-106.2325,-103.741,-105.1068,24,24,24,24,24,24,24,24,24,24,24,24,24,24,24,24,392,3920,-103.191,-106.3539,33.52229,-37.83686,0.1296193,2.568498E-05,-0.7836247,-1.173364,0.2589127,0.001376554,-0.2627413,0.1347274,-0.2559894,-0.5567942,-0.8431336,-0.1130332,24,24,24,24,24,24,24,24,24,24,24,24,24,24,24,24
393,3930,-106.0621,-105.9296,-105.4882,-2.924515,-104.6397,-110.4581,-101.8211,-33.85707,18.33335,34.09044,-8.908516,-80.68903,-124.6381,-110.0519,-109.4641,-111.4945,24,24,24,24,24,24,24,24,24,24,24,24,24,24,24,24,393,3930,-109.9086,-108.8544,33.65324,-37.96597,-0.00170163,-0.1226972,-0.9142248,-0.2607251,0.5177578,0.5164576,4.815934E-05,2.086905E-05,-0.7679151,2.568498E-05,0.240897,-9.631868E-06,24,24,24,24,24,24,24,24,24,24,24,24,24,24,24,24
394,3940,-109.0684,-108.348,-107.9498,-3.16822,-110.4329,-116.2586,-105.904,-35.36172,18.45722,34.2135,-9.857929,-83.08444,-128.804,-111.9616,-108.8679,-108.843,24,24,24,24,24,24,24,24,24,24,24,24,24,24,24,24,394,3940,-103.8628,-102.8004,33.39134,-37.96597,-0.1330225,-1.349897,-0.2612275,0.6519169,-0.5176246,0.3876867,-0.525534,2.086905E-05,0.3839166,0.3341167,-1.084029,-0.9042076,24,24,24,24,24,24,24,24,24,24,24,24,24,24,24,24
395,3950,-109.6696,-110.2828,-109.0576,-3.655629,-107.5363,-112.9264,-103.097,-34.35862,18.82882,32.9828,-9.85793,-82.07584,-123.5669,-106.2325,-104.4564,-104.6247,24,24,24,24,24,24,24,24,24,24,24,24,24,24,24,24,395,3950,-99.96654,-100.563,33.2604,-38.61145,-0.6583045,-0.1226972,-0.130629,0.1304059,0.5177578,-1.028785,0.3942356,0.673555,-2.729029E-05,-0.7795215,-0.1204465,0.2260407,24,24,24,24,24,24,24,24,24,24,24,24,24,24,24,24
396,3960,-104.8596,-104.7203,-104.9959,-3.533777,-102.8293,-108.2367,-100.8004,-33.35551,18.82882,34.82885,-7.009689,-77.41106,-119.9961,-104.2035,-103.6217,-104.8657,24,24,24,24,24,24,24,24,24,24,24,24,24,24,24,24,396,3960,-103.9971,-103.9849,32.47472,-38.35325,-0.00170163,0.7363467,-0.2612275,0.391163,-0.3882012,0.001376554,-0.2627413,-2.88956E-05,0.3839166,0.1113893,0.240897,0.452091,24,24,24,24,24,24,24,24,24,24,24,24,24,24,24,24
397,3970,-104.4989,-104.9622,-104.1343,-3.16822,-104.0362,-108.6069,-101.5659,-33.98245,17.59016,33.35201,-8.671163,-79.80649,-122.0195,-107.3067,-106.0063,-105.8299,24,24,24,24,24,24,24,24,24,24,24,24,24,24,24,24,397,3970,-114.0736,-114.382,31.42715,-38.35325,-0.2643426,0.1227453,0.7835669,-0.7822329,-0.2587778,0.001376554,-0.2627413,-2.88956E-05,-2.729029E-05,-0.7795215,-0.9635817,-0.2260599,24,24,24,24,24,24,24,24,24,24,24,24,24,24,24,24
398,3980,-104.6191,-106.8969,-109.3037,-3.290072,-108.1398,-114.4074,-102.2039,-34.10784,19.32428,32.49052,-10.56999,-83.33658,-126.1854,-107.5455,-105.6487,-105.3478,24,24,24,24,24,24,24,24,24,24,24,24,24,24,24,24,398,3980,-112.0583,-113.4608,32.60566,-37.57867,-0.00170163,-0.2454168,-1.436622,0.52154,0.1294892,-0.1273935,0.5256335,-0.1347354,-0.3839712,0.2227498,-0.1204465,0.452091,24,24,24,24,24,24,24,24,24,24,24,24,24,24,24,24
399,3990,-108.1064,-107.9853,-107.4575,-2.802663,-104.6397,-108.9772,-101.1831,-33.10474,18.20949,33.96737,-8.78984,-79.80649,-122.0195,-104.9197,-104.2179,-104.8657,24,24,24,24,24,24,24,24,24,24,24,24,24,24,24,24,399,3990,-111.3865,-110.697,31.95093,-38.09505,0.2609394,-0.4908561,0.3917682,0.52154,-0.6470464,-0.2561643,-0.2627413,-0.2694419,0.2559364,0.2227498,-1.084029,-0.5651338,24,24,24,24,24,24,24,24,24,24,24,24,24,24,24,24
400,4000,-104.8596,-103.2692,-102.4111,-3.411924,-103.4328,-110.0879,-101.9487,-33.10474,19.44815,34.82885,-8.671163,-81.44546,-126.3044,-111.0068,-109.2256,-108.843,24,24,24,24,24,24,24,24,24,24,24,24,24,24,24,24,400,4000,-108.6995,-108.328,32.9985,-38.35325,0.2609394,0.4909042,0.5223683,-0.2607251,1.16487,-1.286326,-0.2627413,0.4040922,-0.1280075,-0.1113412,1.203984E-06,0.2260471,24,24,24,24,24,24,24,24,24,24,24,24,24,24,24,24
401,4010,-108.4671,-108.8317,-109.9192,-3.655629,-109.4674,-115.1478,-103.735,-35.6125,17.59016,32.12132,-9.976606,-82.95836,-125.4713,-106.4713,-104.5756,-105.4683,24,24,24,24,24,24,24,24,24,24,24,24,24,24,24,24,401,4010,-105.7437,-105.6958,32.47472,-38.86964,0.3922602,0.6136239,-0.2612275,0.9126709,-0.5176246,-0.6424745,0.1314461,0.6735068,0.1279546,0.2227498,-0.1204465,0.9041948,24,24,24,24,24,24,24,24,24,24,24,24,24,24,24,24
402,4020,-104.8597,-106.3949,-105.9805,-2.558958,-102.2259,-106.3855,-99.39686,-31.60009,19.32428,34.58271,-7.959102,-78.54573,-120.7103,-104.5616,-104.8141,-106.553,24,24,24,24,24,24,24,24,24,24,24,24,24,24,24,24,402,4020,-112.9987,-114.1188,31.03431,-38.74054,0.5235803,0.245465,-0.5224261,-0.9126099,6.742308E-05,0.001376554,0.2628408,0.6735068,-0.2559894,-0.8908884,-0.7226859,-0.3390771,24,24,24,24,24,24,24,24,24,24,24,24,24,24,24,24
403,4030,-106.5432,-105.1858,-104.2574,-2.68081,-105.3639,-111.0752,-103.4798,-34.86017,17.59016,33.10587,-8.78984,-80.18471,-124.281,-109.5745,-107.0794,-107.0351,24,24,24,24,24,24,24,24,24,24,24,24,24,24,24,24,403,4030,-107.6246,-107.67,32.47472,-37.70776,0.1296193,-0.3681364,-0.5224261,-0.1303481,0.7766031,-0.3849344,0.2628408,-0.8082694,-0.2559894,-0.1113412,0.1204489,0.565121,24,24,24,24,24,24,24,24,24,24,24,24,24,24,24,24
404,4040,-105.4609,-106.5158,-106.1036,-4.021134,-105.6052,-112.0625,-101.4383,-33.85707,19.07655,33.59815,-9.14587,-79.93256,-121.9005,-104.4423,-102.9064,-102.6963,24,24,24,24,24,24,24,24,24,24,24,24,24,24,24,24,404,4040,-111.1178,-112.2763,32.60566,-38.61145,0.5235803,-0.8590181,0.1305696,0.260786,0.2589127,0.5164576,4.815934E-05,0.1346792,0.6398803,2.247436E-05,-1.084029,-0.678151,24,24,24,24,24,24,24,24,24,24,24,24,24,24,24,24
405,4050,-103.1762,-104.4604,-104.6266,-2.193349,-102.4672,-106.1387,-99.01409,-31.60009,18.58109,33.59815,-9.976606,-80.05864,-122.2576,-106.4713,-106.1256,-107.5172,24,24,24,24,24,24,24,24,24,24,24,24,24,24,24,24,405,4050,-111.1178,-111.2234,32.08188,-38.48235,-0.3956113,0.3681846,0.2611697,-0.2607251,6.742308E-05,-1.157555,-0.6569287,-2.88956E-05,-0.1280075,0.1113861,-0.4817901,0.2260471,24,24,24,24,24,24,24,24,24,24,24,24,24,24,24,24
406,4060,-107.6254,-106.3949,-106.5959,-2.680758,-109.5881,-117.4927,-105.2661,-34.98555,18.08562,33.96737,-8.908516,-82.95836,-129.8752,-118.0487,-113.3987,-113.6639,24,24,24,24,24,24,24,24,24,24,24,24,24,24,24,24,406,4060,-109.2369,-107.4067,31.68904,-38.86964,0.5236325,0.368191,0.1305696,0.52154,-0.9058917,-0.2561643,0.1314461,0.1346792,0.3839166,2.247436E-05,-0.1204465,0.6781445,24,24,24,24,24,24,24,24,24,24,24,24,24,24,24,24
407,4070,-112.9164,-113.77,-114.3501,-3.655577,-113.4502,-118.48,-105.3937,-34.98555,18.82882,33.47508,-10.09528,-82.58013,-126.7805,-107.7842,-105.7679,-105.5889,24,24,24,24,24,24,24,24,24,24,24,24,24,24,24,24,407,4070,-112.0583,-114.5136,32.34377,-38.61145,-0.001649457,0.4909106,-0.1306306,-0.6518559,0.1294892,0.5164576,-0.525534,0.5387987,-0.5119531,-0.3340685,-0.2408946,-0.1130268,24,24,24,24,24,24,24,24,24,24,24,24,24,24,24,24
408,4080,-107.3849,-108.5711,-107.4575,-2.315201,-104.7604,-109.224,-101.3107,-32.85397,18.82882,33.8443,-8.671163,-79.30218,-122.4956,-106.1132,-105.291,-107.2762,24,24,24,24,24,24,24,24,24,24,24,24,24,24,24,24,408,4080,-122.4034,-120.4361,33.12945,-38.99874,0.7862743,-0.4908496,-0.6530278,-0.5214822,0.1294892,0.001376554,-0.1313466,-2.88956E-05,-0.2559894,-0.2227048,-0.2408946,0.3390706,24,24,24,24,24,24,24,24,24,24,24,24,24,24,24,24
409,4090,-105.9419,-106.1531,-106.4729,-2.193349,-107.2949,-114.7776,-103.4798,-33.73168,18.95263,33.72123,-9.14587,-82.95836,-127.8518,-112.5584,-108.9871,-108.4814,24,24,24,24,24,24,24,24,24,24,24,24,24,24,24,24,409,4090,-112.0583,-112.4079,30.77242,-39.25693,0.2609915,-0.9817314,0.6529652,0.5215368,-0.129356,0.2589166,-0.9197182,-0.2694419,0.3839166,0.8909333,-0.6022382,-0.9042013,24,24,24,24,24,24,24,24,24,24,24,24,24,24,24,24
410,4100,-107.0241,-109.1756,-110.9038,-3.655577,-108.6225,-112.4327,-101.9487,-32.35241,19.44809,33.47509,-9.976606,-82.32798,-123.8049,-106.8293,-104.0987,-105.4683,24,24,24,24,24,24,24,24,24,24,24,24,24,24,24,24,410,4100,-107.6246,-109.5125,31.68904,-39.51512,-0.6582523,0.1227517,-0.1306306,-0.2607282,0.6471797,-1.415096,-0.394136,-0.2694419,-2.729029E-05,0.6682044,0.1204489,0.2260471,24,24,24,24,24,24,24,24,24,24,24,24,24,24,24,24
411,4110,-108.9482,-108.5711,-108.9345,-2.924463,-107.1742,-113.1732,-103.2246,-33.35551,18.7049,34.95193,-7.840426,-79.55432,-123.3288,-108.2616,-107.3179,-108.4814,24,24,24,24,24,24,24,24,24,24,24,24,24,24,24,24,411,4110,-115.6858,-112.1447,31.2962,-38.35326,0.3923124,0.6136303,0.6529652,2.88956E-05,-0.5176246,0.3876867,0.5255821,-0.2694419,0.1279546,2.247436E-05,-0.1204465,0.4520974,24,24,24,24,24,24,24,24,24,24,24,24,24,24,24,24
412,4120,-107.1444,-105.4276,-103.8881,-2.680758,-105.2432,-111.322,-103.2246,-34.35862,18.3333,33.59816,-8.196456,-79.93256,-121.7815,-106.1132,-105.0525,-106.4325,24,24,24,24,24,24,24,24,24,24,24,24,24,24,24,24,412,4120,-112.1926,-112.1447,31.95093,-39.25693,-0.2642904,-0.4908496,0.3917666,-1.303744,0.1294892,0.001376554,0.2627895,0.2693825,-0.3839712,-0.5567958,-0.2408946,-0.3390771,24,24,24,24,24,24,24,24,24,24,24,24,24,24,24,24
413,4130,-107.6254,-109.0547,-109.9192,-3.655577,-107.2949,-111.9391,-101.6935,-33.10474,19.57196,33.59816,-9.5019,-81.57153,-122.7337,-104.8003,-102.0717,-102.6963,24,24,24,24,24,24,24,24,24,24,24,24,24,24,24,24,413,4130,-112.0583,-113.4608,31.95093,-38.48235,0.2609915,-0.6135693,-0.5224293,0.2607828,0.3883345,-0.7712445,-0.2627927,-0.8082727,-0.383976,0.5568408,1.203984E-06,-0.3390771,24,24,24,24,24,24,24,24,24,24,24,24,24,24,24,24
414,4140,-104.0179,-104.8231,-104.3805,-2.437053,-101.9845,-105.1514,-99.14169,-31.72548,19.20036,33.8443,-8.671164,-78.29358,-119.282,-103.01,-102.191,-102.9374,24,24,24,24,24,24,24,24,24,24,24,24,24,24,24,24,414,4140,-112.8644,-111.4866,31.55809,-39.25693,-0.1329695,-1.227171,0.130568,0.5215368,-0.5176246,0.001376554,-0.7883748,0.4040906,0.2559316,-0.2227048,-0.9635817,-0.5651274,24,24,24,24,24,24,24,24,24,24,24,24,24,24,24,24
415,4150,-103.0559,-102.0424,-101.6726,-2.437053,-100.0534,-104.9045,-97.73819,-30.97315,20.19129,33.96737,-6.653658,-78.29358,-118.3298,-104.0842,-101.9525,-103.1784,24,24,24,24,24,24,24,24,24,24,24,24,24,24,24,24,415,4150,-105.475,-106.3539,32.21283,-40.1606,-0.6582523,2.88956E-05,0.130568,-0.3911052,0.1294892,-0.7712445,-0.2627927,0.4040906,-0.76792,0.3341134,0.1205007,0.2260471,24,24,24,24,24,24,24,24,24,24,24,24,24,24,24,24
416,4160,-102.0939,-103.4932,-104.5035,-4.508543,-104.8811,-109.9645,-101.0556,-33.73168,17.9617,33.10588,-8.908517,-80.94116,-123.3288,-106.3519,-103.8602,-105.7094,24,24,24,24,24,24,24,24,24,24,24,24,24,24,24,24,416,4160,-106.1468,-106.0906,30.90336,-37.44958,0.1296714,0.2454714,0.5223651,0.1304059,-0.3882012,0.1301466,0.5255821,-0.2694451,0.3839118,-0.1113412,-0.1203951,0.2259957,24,24,24,24,24,24,24,24,24,24,24,24,24,24,24,24
417,4170,-109.0684,-109.9011,-110.9038,-2.558906,-109.4674,-113.4201,-102.7142,-32.60319,19.0765,33.8443,-10.45131,-82.95836,-128.0898,-112.9164,-111.8487,-114.146,24,24,24,24,24,24,24,24,24,24,24,24,24,24,24,24,417,4170,-106.5498,-106.4855,31.95093,-39.12783,-0.001649457,0.368191,-0.1306306,-1.04299,0.2589127,0.001376554,-3.210623E-06,0.9429181,-0.6399397,-0.8908884,-0.2408428,-5.458059E-05,24,24,24,24,24,24,24,24,24,24,24,24,24,24,24,24
418,4180,-115.3214,-112.3191,-111.7654,-3.046315,-112.9674,-122.5526,-108.5834,-35.36172,18.7049,34.21351,-9.027193,-85.35379,-132.9698,-120.3164,-115.7833,-114.7486,24,24,24,24,24,24,24,24,24,24,24,24,24,24,24,24,418,4180,-105.6093,-104.9062,33.12945,-37.96597,0.2609915,-0.1226907,-0.5224293,0.2607828,0.6471797,0.001376554,0.6569769,0.4040906,-3.210623E-05,0.4454771,-0.3612906,-0.4521552,24,24,24,24,24,24,24,24,24,24,24,24,24,24,24,24
419,4190,-110.5114,-112.5609,-113.3655,-3.533725,-113.2088,-119.097,-105.7764,-33.98245,19.94356,34.33658,-10.09528,-84.34518,-129.7562,-110.8874,-106.7217,-106.4325,24,24,24,24,24,24,24,24,24,24,24,24,24,24,24,24,419,4190,-104.8032,-106.6171,32.47472,-38.22416,-0.5269314,-0.4908496,0.130568,0.1304059,0.3883345,0.001376554,-1.57675,0.4040906,-3.210623E-05,-0.1113412,-0.8430822,-0.6782023,24,24,24,24,24,24,24,24,24,24,24,24,24,24,24,24
420,4200,-109.3089,-109.7801,-111.2731,-2.924514,-107.0535,-111.0752,-101.5659,-31.60009,19.44809,34.70579,-9.264546,-80.68901,-124.281,-106.71,-106.7217,-106.6736,24,24,24,24,24,24,24,24,24,24,24,24,24,24,24,24,420,4200,-113.4018,-113.1976,32.86756,-39.25693,-0.001649457,0.6136303,0.5223651,-0.3911052,-0.129356,-1.157555,0.2627895,0.8082117,0.5118936,0.3341134,-0.1203951,-0.2261049,24,24,24,24,24,24,24,24,24,24,24,24,24,24,24,24
421,4210,-105.7014,-103.9768,-103.2727,-2.558957,-103.1914,-108.9772,-101.6935,-33.35551,18.3333,33.59816,-8.315133,-80.56293,-125.5903,-111.2454,-108.6294,-110.1687,24,24,24,24,24,24,24,24,24,24,24,24,24,24,24,24,421,4210,-108.8338,-106.7487,31.16525,-38.09505,0.1296714,0.1227517,0.3917666,-0.7822361,-0.3882012,0.001376554,0.2627895,0.4040906,0.5118936,0.2227498,5.297528E-05,0.3390193,24,24,24,24,24,24,24,24,24,24,24,24,24,24,24,24
422,4220,-108.8279,-109.5383,-111.6423,-3.290071,-112.8467,-119.3439,-106.9248,-35.86327,17.9617,32.98281,-10.33264,-84.09303,-130.2323,-111.6035,-107.7948,-107.7583,24,24,24,24,24,24,24,24,24,24,24,24,24,24,24,24,422,4220,-101.5788,-104.5114,33.12945,-37.96597,-0.2642904,0.2454168,0.2611665,-0.7822361,0.6471797,0.2589166,0.1313947,0.134676,-1.023884,-0.3340685,-0.4817387,0.3390193,24,24,24,24,24,24,24,24,24,24,24,24,24,24,24,24
423,4230,-110.7519,-111.3519,-109.1807,-3.046366,-108.2604,-114.284,-103.1156,-33.85707,17.71397,34.09044,-8.07778,-78.6718,-122.7337,-106.8293,-107.3179,-109.5661,24,24,24,24,24,24,24,24,24,24,24,24,24,24,24,24,423,4230,-114.0736,-111.6183,33.12945,-38.48235,0.5236325,-1.104506,-0.2611793,-0.5214822,0.2589127,-0.2561635,0.5255821,-0.6735646,-3.210623E-05,2.247436E-05,0.3613965,-0.2261049,24,24,24,24,24,24,24,24,24,24,24,24,24,24,24,24
424,4240,-111.1126,-109.6592,-107.0883,-2.680809,-109.588,-119.3439,-107.5821,-36.74097,17.21851,33.96737,-8.433809,-82.2019,-130.2323,-116.139,-112.2063,-111.1329,24,24,24,24,24,24,24,24,24,24,24,24,24,24,24,24,424,4240,-105.0719,-104.643,33.12945,-37.19138,0.3923124,-0.245465,1.926374E-05,0.52154,-0.2587778,-0.1273935,-0.9197696,0.8082117,-0.128014,-0.2227048,-0.3612906,-0.4521552,24,24,24,24,24,24,24,24,24,24,24,24,24,24,24,24
425,4250,-110.8721,-112.8027,-113.3655,-3.290071,-113.6916,-119.8375,-107.7097,-36.99175,17.21856,32.73667,-9.264546,-82.32798,-128.6849,-110.8874,-107.7948,-106.6736,24,24,24,24,24,24,24,24,24,24,24,24,24,24,24,24,425,4250,-106.9529,-108.328,32.86756,-39.51512,0.3923124,0.2454168,-0.522378,0.6519169,-0.3882526,-1.930177,0.2627895,0.2693825,-3.210623E-05,-0.4454322,-0.1203951,0.2259957,24,24,24,24,24,24,24,24,24,24,24,24,24,24,24,24
426,4260,-109.1887,-109.0547,-109.0576,-2.558957,-104.3983,-107.7431,-100.1805,-31.97625,18.45722,33.96737,-9.620577,-79.6804,-123.8049,-108.739,-108.2717,-111.856,24,24,24,24,24,24,24,24,24,24,24,24,24,24,24,24,426,4260,-103.3253,-103.0636,31.68904,-37.70776,0.3923124,-0.1227453,0.7836151,-0.2607251,-0.7765212,-0.1273935,-0.1313979,-0.4041516,-0.383976,-0.3340685,0.4818442,-5.458059E-05,24,24,24,24,24,24,24,24,24,24,24,24,24,24,24,24
427,4270,-109.9101,-107.483,-108.196,-2.315252,-111.0363,-118.2332,-107.7097,-36.61559,17.71402,34.2135,-7.840425,-81.69761,-131.1845,-119.2422,-115.7833,-116.1948,24,24,24,24,24,24,24,24,24,24,24,24,24,24,24,24,427,4270,-105.878,-106.3539,32.86756,-38.74054,-0.3956113,0.1226972,-0.2611793,-1.173364,0.1294379,0.001376554,-3.210623E-06,0.6735036,0.1279497,-0.3340685,-0.4817387,-0.1130781,24,24,24,24,24,24,24,24,24,24,24,24,24,24,24,24
428,4280,-114.4796,-115.5835,-115.9502,-3.899333,-116.1054,-122.676,-108.7307,-37.11713,16.3515,31.87518,-11.63808,-84.97558,-130.5893,-111.7229,-110.2987,-112.0971,24,24,24,24,24,24,24,24,24,24,24,24,24,24,24,24,428,4280,-103.191,-103.4585,32.47472,-37.96597,0.3923124,-0.1227453,-0.2611793,0.391163,0.5177065,-1.028785,0.6569769,2.086905E-05,-3.210623E-05,0.4454771,-0.4817387,-0.3391284,24,24,24,24,24,24,24,24,24,24,24,24,24,24,24,24
429,4290,-113.2771,-115.2208,-112.5039,-2.924514,-107.4156,-112.6796,-104.0089,-34.484,17.59016,33.22895,-10.21396,-81.69762,-127.8518,-112.3196,-112.0871,-114.6281,24,24,24,24,24,24,24,24,24,24,24,24,24,24,24,24,429,4290,-107.2216,-105.8274,31.95093,-37.70776,-0.6582523,-0.4909042,0.391818,0.9126709,-0.6470978,0.2589166,-1.182562,0.2694339,0.8958376,-0.1113412,-0.8430822,-1.017279,24,24,24,24,24,24,24,24,24,24,24,24,24,24,24,24
430,4300,-112.7961,-110.3847,-109.1807,-2.558957,-111.6398,-120.4546,-107.3269,-35.61248,17.71402,33.47509,-9.976606,-84.72343,-129.9942,-113.7519,-110.6563,-108.9635,24,24,24,24,24,24,24,24,24,24,24,24,24,24,24,24,430,4300,-102.7879,-103.0636,33.39134,-39.25693,0.2609915,0.3681364,-0.2611793,0.391163,-0.6470978,-1.286326,0.2627895,0.2694339,-0.5119579,0.4455349,0.1205007,0.6780931,24,24,24,24,24,24,24,24,24,24,24,24,24,24,24,24
431,4310,-103.8977,-113.7699,-116.1964,-4.021185,-113.8122,-117.6161,-105.6679,-35.4871,17.71402,31.50597,-12.23146,-85.47987,-130.1133,-111.6035,-108.6294,-109.8072,24,24,24,24,24,24,24,24,24,24,24,24,24,24,24,24,431,4310,-100.5039,-99.64181,31.55809,-37.06228,0.5236325,-2.247436E-05,0.1306194,-0.2607251,-0.2588292,0.001376554,0.9197664,-0.4041002,0.5118936,-0.5567396,-0.2408428,0.112969,24,24,24,24,24,24,24,24,24,24,24,24,24,24,24,24
432,4320,-112.7961,-113.4072,-113.4886,-2.437105,-112.726,-118.7268,-105.9231,-35.11094,16.97083,33.10588,-9.620576,-82.328,-128.6849,-114.9454,-114.9487,-117.2796,24,24,24,24,24,24,24,24,24,24,24,24,24,24,24,24,432,4320,-107.6246,-107.9332,32.60566,-38.74054,-0.7895724,0.4908561,-0.1305792,-0.2607251,0.9059735,0.2589166,0.1313947,0.673555,-1.023884,-0.1112834,0.4818442,0.5650696,24,24,24,24,24,24,24,24,24,24,24,24,24,24,24,24
433,4330,-114.9606,-111.7146,-112.0116,-2.924514,-113.5709,-123.0463,-107.3269,-35.23632,17.71402,32.85973,-10.92602,-85.98418,-132.8508,-117.9293,-114.2333,-112.8202,24,24,24,24,24,24,24,24,24,24,24,24,24,24,24,24,433,4330,-105.8781,-105.8274,31.68904,-38.22416,0.3923124,-1.104506,0.391818,0.391163,-0.1294074,0.3876867,-0.3941874,-0.4041002,-0.128014,0.1114439,-0.9635299,-0.3391284,24,24,24,24,24,24,24,24,24,24,24,24,24,24,24,24
434,4340,-111.3531,-114.5152,-113.7347,-3.777481,-112.3639,-118.6034,-104.5194,-33.60629,19.57201,33.59816,-10.56999,-82.95837,-127.1376,-108.5003,-106.0063,-105.5889,24,24,24,24,24,24,24,24,24,24,24,24,24,24,24,24,434,4340,-103.8628,-105.4326,32.34377,-37.19138,-0.3956113,-2.247436E-05,0.2612179,0.52154,0.5177065,-0.3849344,-1.445352,0.1347274,-3.210623E-05,-0.6681033,-0.3612906,0.112969,24,24,24,24,24,24,24,24,24,24,24,24,24,24,24,24
435,4350,-107.0241,-107.2597,-105.3651,-2.1934,-103.0707,-107.8665,-100.5633,-33.23012,17.83789,34.2135,-9.027191,-78.16752,-122.6147,-106.8293,-106.1256,-107.2762,24,24,24,24,24,24,24,24,24,24,24,24,24,24,24,24,435,4350,-105.475,-105.959,34.17698,-38.99873,-0.3956113,0.3681364,1.926374E-05,-0.2607251,-0.3882526,-0.900015,0.1313947,0.673555,-3.210623E-05,0.4455349,5.297528E-05,0.5650696,24,24,24,24,24,24,24,24,24,24,24,24,24,24,24,24
436,4360,-107.0241,-105.9296,-105.9805,-3.046368,-107.7777,-115.6415,-103.4985,-33.85706,18.70495,33.96737,-7.840425,-80.68903,-125.5903,-110.1712,-107.6756,-107.5172,24,24,24,24,24,24,24,24,24,24,24,24,24,24,24,24,436,4360,-107.2216,-107.0119,33.12941,-37.44957,-0.1329695,0.2454168,1.926374E-05,-0.2607251,-1.035366,-0.5137045,0.7883716,-0.6735132,0.5118936,0.4455349,0.3613965,-0.1130781,24,24,24,24,24,24,24,24,24,24,24,24,24,24,24,24
437,4370,-106.6634,-107.8643,-108.3191,-3.777481,-107.0535,-114.0371,-101.9671,-33.98245,17.46629,31.62904,-10.56999,-81.19332,-123.3288,-104.9196,-102.5487,-102.0937,24,24,24,24,24,24,24,24,24,24,24,24,24,24,24,24,437,4370,-105.475,-106.6171,34.30792,-38.09505,-0.001649457,-2.247436E-05,1.926374E-05,-1.434118,0.6471283,0.1301466,-0.9197696,0.404142,-0.5119579,0.4455349,-0.1203951,0.5650696,24,24,24,24,24,24,24,24,24,24,24,24,24,24,24,24
438,4380,-102.9356,-104.8412,-103.5189,-3.533777,-102.3465,-107.743,-98.39384,-31.97625,19.81974,33.47509,-9.027191,-79.05005,-119.9961,-103.8454,-103.264,-106.4325,24,24,24,24,24,24,24,24,24,24,24,24,24,24,24,24,438,4380,-109.2369,-107.4067,33.26035,-38.35325,0.6549534,-0.3681878,-0.522378,-0.1303481,1.605311E-05,-0.7712445,0.1313947,-0.6735132,0.5118936,0.7796259,0.2409484,-0.6782023,24,24,24,24,24,24,24,24,24,24,24,24,24,24,24,24
439,4390,-106.4229,-104.3575,-103.7651,-3.046368,-104.8811,-111.9391,-102.5866,-33.60629,18.70495,33.47509,-8.433809,-81.3194,-124.5191,-111.0067,-108.7487,-109.9277,24,24,24,24,24,24,24,24,24,24,24,24,24,24,24,24,439,4390,-106.8185,-106.6171,32.60562,-38.22416,-0.1329695,-0.4909074,-0.6529765,0.260786,-0.1294074,-0.2561635,-0.1313979,-0.2693937,0.1279497,0.2228076,-0.8430822,-0.6782023,24,24,24,24,24,24,24,24,24,24,24,24,24,24,24,24
440,4400,-109.7899,-110.4038,-109.673,-3.411924,-110.6743,-119.7141,-105.0109,-35.23633,18.82882,32.49052,-11.87543,-86.23632,-131.4225,-115.3035,-111.6102,-111.9766,24,24,24,24,24,24,24,24,24,24,24,24,24,24,24,24,440,4400,-104.8033,-105.4326,33.52224,-38.35325,0.1296714,0.1226939,0.7836151,-0.1303994,0.5177065,-1.028785,0.1313947,0.404142,-0.2559942,0.3341712,5.297528E-05,-5.458059E-05,24,24,24,24,24,24,24,24,24,24,24,24,24,24,24,24
441,4410,-113.6379,-112.9432,-112.9962,-3.046368,-110.0708,-116.7522,-104.6281,-34.23323,17.71397,33.96737,-8.433809,-79.3022,-123.3288,-106.3519,-105.7679,-105.3478,24,24,24,24,24,24,24,24,24,24,24,24,24,24,24,24,441,4410,-108.4308,-107.67,32.73656,-38.35325,0.3923124,0.2454136,-0.1305792,-2.247436E-05,-0.517676,-0.1273935,0.5255821,-0.4041002,0.5118936,-0.1112834,0.1205007,-0.1130781,24,24,24,24,24,24,24,24,24,24,24,24,24,24,24,24
442,4420,-103.4166,-102.4228,-104.2574,-3.290072,-105.7259,-111.4454,-102.9694,-35.23633,17.83784,34.09044,-7.247041,-79.8065,-123.0908,-109.3358,-107.3179,-106.7941,24,24,24,24,24,24,24,24,24,24,24,24,24,24,24,24,442,4420,-106.5498,-106.7487,31.95088,-38.61145,0.2609915,-2.568498E-05,0.1306194,-0.6519073,0.9059735,-0.3849344,0.6569769,0.1347274,0.8958376,-0.1112834,-0.7226341,-0.3391284,24,24,24,24,24,24,24,24,24,24,24,24,24,24,24,24
443,4430,-108.7076,-110.2828,-112.627,-3.290072,-111.0364,-116.5054,-103.735,-34.86017,19.20036,32.73666,-9.620577,-83.46267,-127.0186,-109.3358,-106.364,-106.553,24,24,24,24,24,24,24,24,24,24,24,24,24,24,24,24,443,4430,-105.2063,-107.1435,33.12941,-37.57867,-0.001649457,-0.1227485,-0.7835765,-0.6519073,0.3882831,0.1301466,-0.394136,-0.1346856,-0.8959018,0.2228076,0.3613965,0.5650696,24,24,24,24,24,24,24,24,24,24,24,24,24,24,24,24
444,4440,-107.7456,-107.7434,-106.2267,-2.315253,-101.8638,-106.2621,-99.14168,-32.85397,19.94356,33.8443,-7.840425,-78.04143,-119.6391,-104.9196,-104.4564,-106.7941,24,24,24,24,24,24,24,24,24,24,24,24,24,24,24,24,444,4440,-109.3712,-108.8545,32.21278,-38.61145,-0.2642904,-0.9817892,-0.1305792,0.3911116,1.605311E-05,0.1301466,4.815934E-05,-0.8082213,0.6398755,0.3341712,-1.083978,-0.5651788,24,24,24,24,24,24,24,24,24,24,24,24,24,24,24,24
445,4450,-105.2204,-105.0831,-105.3651,-3.777481,-106.4501,-113.6669,-104.1177,-35.48711,17.46624,33.22895,-9.027193,-81.31937,-126.4235,-112.2003,-109.2256,-108.843,24,24,24,24,24,24,24,24,24,24,24,24,24,24,24,24,445,4450,-110.5804,-110.697,32.86751,-38.48235,-0.5269314,-0.6136271,0.1306194,-0.3911534,0.2588613,-0.5137045,-0.525534,2.086905E-05,0.8958408,-0.3340123,-0.4817387,-5.458059E-05,24,24,24,24,24,24,24,24,24,24,24,24,24,24,24,24
446,4460,-107.7456,-107.1388,-108.6884,-2.802663,-109.7087,-115.5181,-102.7142,-34.10785,19.20036,33.96737,-7.840425,-80.689,-122.0195,-104.5616,-102.0717,-103.54,24,24,24,24,24,24,24,24,24,24,24,24,24,24,24,24,446,4460,-106.5498,-106.8803,32.86751,-38.86964,0.1296714,0.6135725,-0.2611793,0.5214886,0.2588613,-1.415096,4.815934E-05,-0.1346856,-0.5119547,0.4455349,0.1205007,-5.458059E-05,24,24,24,24,24,24,24,24,24,24,24,24,24,24,24,24
447,4470,-105.4609,-105.6877,-106.719,-3.046368,-104.519,-108.6069,-100.1624,-33.35552,19.4481,33.8443,-7.603072,-78.29358,-120.8293,-104.8003,-103.0256,-102.9374,24,24,24,24,24,24,24,24,24,24,24,24,24,24,24,24,447,4470,-106.2811,-106.8803,31.03426,-38.48235,0.1296714,-0.3681878,0.6530166,-0.9126613,0.2588613,0.1301466,0.3942356,-0.1346856,0.5118968,-0.2226471,-0.2408946,0.2259957,24,24,24,24,24,24,24,24,24,24,24,24,24,24,24,24
448,4480,-103.1761,-102.5437,-102.6573,-3.290072,-103.4328,-108.8538,-101.0555,-33.35552,18.7049,33.96737,-8.433809,-79.42825,-121.3054,-106.1132,-104.814,-105.3478,24,24,24,24,24,24,24,24,24,24,24,24,24,24,24,24,448,4480,-104.9376,-105.959,32.60562,-38.22416,-0.2642904,0.6135725,-0.6529765,-0.6519073,1.605311E-05,0.3876867,0.1314461,0.1347274,-1.02388,0.1114439,0.240897,-0.2261049,24,24,24,24,24,24,24,24,24,24,24,24,24,24,24,24
449,4490,-105.2204,-105.6877,-104.9959,-3.16822,-105.3639,-110.8284,-100.5452,-32.22703,20.81062,34.09044,-7.603072,-80.31078,-122.1386,-105.8745,-103.5025,-104.2631,24,24,24,24,24,24,24,24,24,24,24,24,24,24,24,24,449,4490,-103.0567,-100.9579,31.81994,-38.61145,-0.1329695,-1.595391,0.2612179,-0.2607764,-0.3882526,0.2589166,0.1314461,-0.6735132,-2.88956E-05,-0.1112834,-0.2408946,-0.2261049,24,24,24,24,24,24,24,24,24,24,24,24,24,24,24,24
450,4500,-104.7394,-105.7904,-105.3651,-3.290072,-103.5535,-109.1006,-99.26927,-31.85087,20.06742,34.33657,-6.416305,-77.03281,-117.8537,-101.1003,-100.0448,-101.7321,24,24,24,24,24,24,24,24,24,24,24,24,24,24,24,24,450,4500,-107.2216,-107.0119,32.08183,-38.61145,-0.5269314,0.1226939,0.6530166,0.5214886,0.1294379,0.3876867,-0.394136,0.2694339,0.7678589,8.026557E-05,-0.8431336,-0.2261049,24,24,24,24,24,24,24,24,24,24,24,24,24,24,24,24
451,4510,-101.6129,-100.5915,-101.6727,-2.802663,-101.1396,-107.4962,-99.01409,-31.97626,18.82877,32.9828,-7.959102,-78.41965,-118.9249,-105.1584,-103.9794,-104.5042,24,24,24,24,24,24,24,24,24,24,24,24,24,24,24,24,451,4510,-102.5193,-102.5372,32.86756,-39.25693,-0.001649457,-0.1227485,-0.3917778,0.3911116,1.605311E-05,-0.6424745,4.815934E-05,0.404142,-0.3839728,0.2228076,-0.1204465,0.2259957,24,24,24,24,24,24,24,24,24,24,24,24,24,24,24,24
452,4520,-102.5749,-102.4051,-104.1343,-2.924515,-106.2087,-113.6669,-101.6935,-33.23013,20.19129,33.72123,-8.908516,-83.08443,-125.9474,-109.6938,-105.4102,-105.2273,24,24,24,24,24,24,24,24,24,24,24,24,24,24,24,24,452,4520,-109.7743,-110.3022,31.5581,-38.09505,0.2609915,0.3681332,0.1306194,-0.1303994,-0.6470978,0.001376554,0.5256335,-0.2693937,0.2559332,-0.445376,-0.8431336,0.112969,24,24,24,24,24,24,24,24,24,24,24,24,24,24,24,24
453,4530,-106.9039,-108.2084,-108.073,-3.168219,-105.4845,-109.7177,-99.77963,-32.10164,19.94356,33.22895,-8.552486,-80.56292,-122.1386,-106.3519,-104.0987,-104.8657,24,24,24,24,24,24,24,24,24,24,24,24,24,24,24,24,453,4530,-109.5056,-109.5125,33.52229,-38.48235,0.1296714,0.3681332,-0.2611793,-0.9126613,-0.1294074,0.3876867,-0.2627413,0.2694339,-0.5119547,0.1114439,0.3613448,0.2259957,24,24,24,24,24,24,24,24,24,24,24,24,24,24,24,24
454,4540,-106.1824,-105.5485,-105.119,-2.315253,-105.1225,-109.224,-102.0763,-33.98246,18.3333,33.59816,-6.653658,-78.04143,-122.2576,-106.3519,-105.0525,-105.5889,24,24,24,24,24,24,24,24,24,24,24,24,24,24,24,24,454,4540,-108.4308,-105.301,32.08188,-38.99873,0.9175944,-0.4908561,-0.522378,0.1303545,0.7765517,-0.7712445,-0.1313466,-0.5388067,-0.2559926,8.026557E-05,-0.7226859,-5.458059E-05,24,24,24,24,24,24,24,24,24,24,24,24,24,24,24,24
455,4550,-105.1002,-105.4276,-106.2267,-2.924515,-106.4501,-112.5562,-101.6935,-34.98556,18.95263,33.47509,-7.959102,-80.43685,-122.3766,-106.71,-103.264,-104.6247,24,24,24,24,24,24,24,24,24,24,24,24,24,24,24,24,455,4550,-106.2811,-106.4855,31.42715,-38.22416,-0.5269314,-0.4908561,-0.1305792,0.2607347,1.605311E-05,-0.6424745,-0.525534,0.404142,0.6398771,0.5568985,-0.6022382,-0.5651788,24,24,24,24,24,24,24,24,24,24,24,24,24,24,24,24
456,4560,-105.2204,-105.9113,-105.119,-3.168219,-104.519,-109.4708,-100.29,-32.97935,19.57196,33.35202,-8.07778,-79.30218,-121.4244,-106.1132,-105.0525,-106.6736,24,24,24,24,24,24,24,24,24,24,24,24,24,24,24,24,456,4560,-106.8185,-107.9332,31.95094,-39.12783,-0.1329695,0.3681846,-0.3917778,-2.247436E-05,-0.2588292,-0.6424745,-0.1313466,2.086905E-05,-0.5119547,0.3341712,-0.3613423,0.112969,24,24,24,24,24,24,24,24,24,24,24,24,24,24,24,24
457,4570,-106.1824,-104.5813,-106.1036,-2.558958,-107.1742,-113.9137,-102.9694,-34.10784,18.20949,33.35202,-8.433809,-80.31078,-123.2098,-107.5455,-106.1256,-106.6736,24,24,24,24,24,24,24,24,24,24,24,24,24,24,24,24,457,4570,-108.2964,-108.0648,30.64147,-38.48235,0.5236325,-0.2454168,0.1306194,-0.1303994,-0.3882526,-0.1273935,-0.1313466,-0.1346856,0.383915,-0.2226471,1.203984E-06,-0.1130781,24,24,24,24,24,24,24,24,24,24,24,24,24,24,24,24
458,4580,-104.1382,-103.3723,-105.3651,-3.168219,-105.4845,-111.6923,-102.2039,-34.23323,19.07655,32.85973,-9.85793,-83.33658,-126.1854,-109.3358,-105.6487,-106.1915,24,24,24,24,24,24,24,24,24,24,24,24,24,24,24,24,458,4580,-104.5345,-106.3539,31.81999,-38.22416,0.1296714,2.568498E-05,-0.1305792,-1.434169,1.605311E-05,-0.1273935,-0.6569287,1.077676,-0.6399365,-0.2226471,-0.3613423,0.112969,24,24,24,24,24,24,24,24,24,24,24,24,24,24,24,24
459,4590,-108.9482,-108.692,-109.5499,-3.411924,-105.3638,-110.2113,-99.77963,-31.85086,20.68681,35.075,-7.959102,-79.93255,-122.3766,-106.1132,-104.814,-106.7941,24,24,24,24,24,24,24,24,24,24,24,24,24,24,24,24,459,4590,-107.759,-107.5384,32.08188,-38.09505,-0.001649457,-0.1226972,-0.6529765,-0.3911534,0.2588613,0.001376554,0.3942356,-0.5388067,-1.151862,8.026557E-05,-0.3613423,-0.2261049,24,24,24,24,24,24,24,24,24,24,24,24,24,24,24,24
460,4600,-108.5874,-107.2412,-107.5806,-2.315253,-104.8811,-109.4708,-102.4591,-34.484,17.59016,32.61359,-9.027193,-81.06724,-124.6381,-108.8583,-107.914,-108.3609,24,24,24,24,24,24,24,24,24,24,24,24,24,24,24,24,460,4600,-107.6247,-106.2223,30.51052,-38.99873,-0.2642904,-1.349897,0.5224165,0.3911116,-0.2588292,0.1301466,-0.525534,-0.4041532,0.383915,0.2228076,-1.084029,-1.017279,24,24,24,24,24,24,24,24,24,24,24,24,24,24,24,24
461,4610,-106.9039,-105.7904,-107.4575,-2.802663,-108.8639,-113.4201,-102.9694,-33.35551,19.69588,34.58272,-7.721749,-81.82368,-125.7093,-108.0229,-104.5756,-104.5042,24,24,24,24,24,24,24,24,24,24,24,24,24,24,24,24,461,4610,-103.8628,-105.1694,30.90336,-38.48235,-0.5269314,-0.1226972,0.6530166,-0.5215303,0.6471283,-0.5137045,-0.2627413,-0.5388613,-2.729029E-05,-0.2226471,-0.1204465,0.3390193,24,24,24,24,24,24,24,24,24,24,24,24,24,24,24,24
462,4620,-106.6634,-107.9666,-107.2114,-3.290071,-104.8811,-108.3601,-100.29,-32.4778,19.69588,33.8443,-7.603072,-79.30219,-120.8293,-105.5164,-104.2179,-105.7094,24,24,24,24,24,24,24,24,24,24,24,24,24,24,24,24,462,4620,-102.2505,-101.3527,30.64147,-39.12783,0.2609915,0.3681846,-0.1305792,0.7822425,-1.035366,-0.5137045,4.815934E-05,0.8082085,-0.2559894,-0.3340123,0.3613448,0.2259957,24,24,24,24,24,24,24,24,24,24,24,24,24,24,24,24
463,4630,-106.1824,-105.3067,-104.6266,-2.315253,-104.7604,-111.0752,-103.8626,-35.36171,17.0947,33.10588,-8.433809,-79.80649,-124.5191,-111.7229,-109.5833,-110.5303,24,24,24,24,24,24,24,24,24,24,24,24,24,24,24,24,463,4630,-106.9529,-105.959,30.64147,-38.22416,0.2609915,-0.3681364,0.1306194,-0.5215303,0.1294379,0.1301466,-0.1313466,0.2693809,-0.3839712,0.1114439,-1.204477,-0.1130781,24,24,24,24,24,24,24,24,24,24,24,24,24,24,24,24
464,4640,-106.4229,-105.6695,-108.4422,-2.558958,-109.9501,-116.382,-104.6281,-34.484,19.20042,33.8443,-8.908516,-82.70622,-127.9708,-111.1261,-106.841,-107.1557,24,24,24,24,24,24,24,24,24,24,24,24,24,24,24,24,464,4640,-102.2505,-99.7734,31.2962,-37.70776,-0.5269314,-0.3681364,-1.044775,-0.1303994,0.2588613,0.001376554,4.815934E-05,0.2693809,-0.7679151,0.3341712,0.3613448,-0.2260535,24,24,24,24,24,24,24,24,24,24,24,24,24,24,24,24
465,4650,-108.7076,-110.022,-109.3038,-3.655629,-107.657,-113.5435,-103.735,-34.23323,18.08562,32.73666,-9.620576,-80.94116,-126.1854,-111.6035,-109.3448,-111.4945,24,24,24,24,24,24,24,24,24,24,24,24,24,24,24,24,465,4650,-107.8933,-106.7487,32.21283,-38.22416,0.1296714,-0.9817378,1.926374E-05,0.2607347,1.605311E-05,0.001376554,-0.394136,-0.8082743,0.3839166,0.4455349,-0.4817901,-0.5651274,24,24,24,24,24,24,24,24,24,24,24,24,24,24,24,24
466,4660,-110.3911,-109.1945,-107.9499,-2.924515,-108.7432,-116.2586,-105.904,-35.61249,17.83789,34.45964,-7.247041,-79.17612,-126.6615,-110.41,-107.9141,-106.553,24,24,24,24,24,24,24,24,24,24,24,24,24,24,24,24,466,4660,-110.3117,-108.4596,31.16526,-36.93319,-0.3956113,0.1227453,-0.1305792,-0.2607764,-0.1294074,0.2589166,-1.051116,0.4040874,1.023824,-0.1112834,-0.4817901,-0.3390771,24,24,24,24,24,24,24,24,24,24,24,24,24,24,24,24
467,4670,-103.8977,-107.6225,-110.4115,-3.046367,-108.7432,-112.1859,-103.6074,-34.484,17.96176,33.47509,-8.196456,-79.93256,-123.924,-106.3519,-103.741,-104.1426,24,24,24,24,24,24,24,24,24,24,24,24,24,24,24,24,467,4670,-103.7284,-105.1694,30.64147,-39.25693,-0.5269314,0.3681846,-0.3917778,0.9126195,-0.2588292,-0.900015,0.3942356,0.2693809,-0.7679151,-0.2226471,0.1204489,-0.2260535,24,24,24,24,24,24,24,24,24,24,24,24,24,24,24,24
468,4680,-105.5811,-106.6551,-105.1189,-3.899282,-102.5879,-107.7431,-99.90723,-33.35551,17.96176,31.99824,-8.908516,-79.05004,-120.8293,-105.039,-103.0256,-105.3478,24,24,24,24,24,24,24,24,24,24,24,24,24,24,24,24,468,4680,-106.0124,-106.4855,30.24863,-37.32048,0.1296714,2.568498E-05,1.175414,-1.303792,-0.3882526,0.1301466,0.1314461,0.2693809,0.6398803,-0.7794669,0.1204489,0.4520974,24,24,24,24,24,24,24,24,24,24,24,24,24,24,24,24
469,4690,-104.0179,-102.9064,-102.6573,-3.046315,-102.8293,-108.2367,-100.8004,-33.85706,17.96176,34.2135,-8.077778,-76.90677,-120.4722,-103.8455,-104.2179,-104.9862,24,24,24,24,24,24,24,24,24,24,24,24,24,24,24,24,469,4690,-108.2964,-109.5125,31.42715,-38.48235,-0.1329695,0.245465,1.926374E-05,-1.173415,0.7765517,0.6452276,0.3942356,-3.210623E-05,-1.663785,-0.5567396,-0.1204465,-0.4521038,24,24,24,24,24,24,24,24,24,24,24,24,24,24,24,24
470,4700,-105.2204,-106.776,-107.5806,-2.437053,-106.088,-110.5815,-101.4383,-32.72858,19.20042,33.8443,-8.315131,-80.56293,-122.4957,-104.5616,-102.5487,-101.25,24,24,24,24,24,24,24,24,24,24,24,24,24,24,24,24,470,4700,-108.0277,-107.67,32.08188,-37.44957,0.2609915,-1.104457,-0.6529765,0.1303545,0.9059735,-0.2561643,4.815934E-05,-0.9429808,0.5118985,-0.445376,-0.3613423,0.1130203,24,24,24,24,24,24,24,24,24,24,24,24,24,24,24,24
471,4710,-100.8914,-103.8738,-102.6573,-3.533725,-98.12234,-102.5597,-96.0795,-31.34931,18.45722,31.99824,-10.09528,-80.56293,-119.163,-104.3229,-103.1448,-105.4683,24,24,24,24,24,24,24,24,24,24,24,24,24,24,24,24,471,4710,-108.9682,-108.9861,31.16526,-37.57867,-0.3956113,-0.6135757,-0.2611793,0.5214886,1.605311E-05,-0.1273935,-0.2627413,0.673502,-2.729029E-05,8.026557E-05,0.1204489,-0.678151,24,24,24,24,24,24,24,24,24,24,24,24,24,24,24,24
472,4720,-105.9419,-105.4459,-104.9959,-2.924463,-105.3639,-112.5562,-101.9487,-33.35551,18.45722,33.96737,-9.264546,-81.19331,-127.0186,-110.768,-110.0602,-110.6508,24,24,24,24,24,24,24,24,24,24,24,24,24,24,24,24,472,4720,-111.6552,-110.9602,31.03431,-37.96597,-0.001649457,0.3681846,-0.2611793,0.7822425,-0.2588292,-1.028785,0.6570283,0.2693809,-0.1280075,0.2228076,0.4817924,-0.2260535,24,24,24,24,24,24,24,24,24,24,24,24,24,24,24,24
473,4730,-109.3089,-108.7108,-108.5653,-3.655577,-109.8294,-115.2712,-105.0109,-35.23633,17.9617,32.85973,-9.620576,-83.58875,-127.9708,-109.4551,-106.9602,-105.8299,24,24,24,24,24,24,24,24,24,24,24,24,24,24,24,24,473,4730,-109.5056,-108.8544,31.42715,-38.09505,0.9175944,0.8590663,0.1306194,0.2607347,-1.035315,-0.2561643,-0.394136,0.1346744,0.1279546,-0.445376,0.240897,0.6781445,24,24,24,24,24,24,24,24,24,24,24,24,24,24,24,24
474,4740,-106.7836,-107.9853,-107.4575,-3.29002,-104.2776,-109.224,-99.26928,-32.60319,18.45717,32.73672,-8.077778,-78.92397,-121.5434,-106.2326,-104.9333,-107.0351,24,24,24,24,24,24,24,24,24,24,24,24,24,24,24,24,474,4740,-104.5345,-106.8803,31.81999,-37.44957,0.6549534,0.6136239,0.5224165,-0.7822843,-0.6470464,0.001376554,4.815934E-05,0.4040874,-0.3839712,-0.7794669,-0.1204465,0.1130203,24,24,24,24,24,24,24,24,24,24,24,24,24,24,24,24
475,4750,-102.9357,-104.2366,-103.765,-2.558906,-104.3983,-111.6923,-101.3107,-33.60629,18.95263,34.33663,-8.077778,-78.79789,-124.5191,-109.9325,-108.5102,-109.5661,24,24,24,24,24,24,24,24,24,24,24,24,24,24,24,24,475,4750,-107.0872,-105.5642,31.2962,-38.74054,0.2609915,-0.3681364,-0.7835765,-0.2607764,-0.3882012,-0.5137045,0.1314461,-0.6735678,-0.3839712,-0.3340123,-0.3613423,0.2260471,24,24,24,24,24,24,24,24,24,24,24,24,24,24,24,24
476,4760,-109.7899,-107.5016,-108.196,-2.924463,-109.226,-115.7649,-104.8833,-34.60939,17.9617,32.85979,-9.739253,-81.82368,-125.7093,-108.0229,-105.1718,-103.9015,24,24,24,24,24,24,24,24,24,24,24,24,24,24,24,24,476,4760,-104.2658,-104.6429,31.16526,-36.15861,0.2609915,-0.8590181,0.391818,0.5214886,-0.2587778,0.001376554,-0.7883235,-0.1347402,0.5118985,-0.3340123,-0.8431336,-0.7911777,24,24,24,24,24,24,24,24,24,24,24,24,24,24,24,24
477,4770,-105.3406,-106.5342,-105.9805,-3.29002,-105.0018,-110.5815,-100.4176,-33.98245,19.20036,32.36751,-9.145869,-80.94116,-123.6859,-108.1422,-105.1718,-106.312,24,24,24,24,24,24,24,24,24,24,24,24,24,24,24,24,477,4770,-102.1162,-101.8791,31.5581,-37.83686,-0.3956113,-0.2454168,0.1306194,-2.247436E-05,0.5177578,-1.028785,-0.6569287,0.4040874,0.1279546,-0.445376,0.1204489,0.3390706,24,24,24,24,24,24,24,24,24,24,24,24,24,24,24,24
478,4780,-105.4609,-106.6551,-106.4728,-3.168167,-105.1225,-111.6923,-101.1831,-33.73168,18.7049,33.35207,-8.552486,-79.55432,-123.0908,-107.6648,-106.841,-108.1198,24,24,24,24,24,24,24,24,24,24,24,24,24,24,24,24,478,4780,-106.5498,-105.959,32.34377,-38.22416,0.2609915,0.245465,0.1306194,0.9126195,0.1294892,-0.3849344,-0.394136,-0.2694467,-0.1280075,0.7796259,1.203984E-06,0.565121,24,24,24,24,24,24,24,24,24,24,24,24,24,24,24,24
479,4790,-106.0621,-103.8738,-104.1343,-3.533725,-106.088,-110.5815,-101.5659,-33.60629,18.3333,33.229,-9.85793,-81.94976,-125.2332,-106.5906,-104.3371,-102.8168,24,24,24,24,24,24,24,24,24,24,24,24,24,24,24,24,479,4790,-108.162,-108.5912,31.68904,-37.19138,0.5236325,-0.1226972,0.5224165,-1.303792,6.742308E-05,-0.5137045,4.815934E-05,-0.1347402,0.5118985,-1.113558,-0.3613423,-0.3390771,24,24,24,24,24,24,24,24,24,24,24,24,24,24,24,24
480,4800,-106.3026,-107.6225,-107.2113,-3.533725,-103.4328,-108.1133,-99.14169,-33.23013,19.20036,32.73672,-8.315131,-79.1761,-120.7103,-105.5164,-103.6217,-106.312,24,24,24,24,24,24,24,24,24,24,24,24,24,24,24,24,480,4800,-109.7743,-109.2493,32.60567,-37.57867,-1.052214,0.8590663,-0.1305792,-0.1303994,6.742308E-05,0.6452276,-0.394136,0.1346744,-0.895897,0.2228076,1.203984E-06,0.2260471,24,24,24,24,24,24,24,24,24,24,24,24,24,24,24,24
481,4810,-105.5811,-104.4785,-104.1343,-2.680758,-103.9155,-110.7049,-101.6935,-34.35862,18.82877,34.4597,-6.178952,-77.78928,-121.7815,-107.5454,-105.291,-105.7094,24,24,24,24,24,24,24,24,24,24,24,24,24,24,24,24,481,4810,-108.0277,-107.2751,31.68904,-37.70776,0.7862743,-1.227177,0.6530166,0.2607347,-0.129356,-0.1273935,-0.394136,-0.9429808,-2.729029E-05,1.113717,-0.4817901,-3.210623E-06,24,24,24,24,24,24,24,24,24,24,24,24,24,24,24,24
482,4820,-104.2584,-103.632,-104.1343,-3.046315,-105.1225,-110.5815,-101.8211,-34.484,18.08557,32.61365,-9.5019,-80.31078,-122.8527,-105.3971,-102.3102,-101.8527,24,24,24,24,24,24,24,24,24,24,24,24,24,24,24,24,482,4820,-104.5345,-106.4855,32.21283,-37.83686,-0.9208933,2.568498E-05,0.1306194,-2.247436E-05,0.3883345,-1.157555,-0.394136,0.2693809,-2.729029E-05,-0.6681033,-0.1204465,-0.1130268,24,24,24,24,24,24,24,24,24,24,24,24,24,24,24,24
483,4830,-104.4989,-104.9622,-106.3498,-3.411872,-103.4328,-107.3728,-97.61059,-31.72548,18.3333,31.01374,-10.21396,-81.31938,-120.7103,-104.0842,-101.714,-103.0579,24,24,24,24,24,24,24,24,24,24,24,24,24,24,24,24,483,4830,-107.4903,-104.9062,31.95088,-37.70776,0.2609915,0.4909042,-0.914175,0.7822425,-1.035315,-0.3849344,-0.1313466,-0.4041532,-0.2559894,0.2228076,1.203984E-06,-0.2260535,24,24,24,24,24,24,24,24,24,24,24,24,24,24,24,24
484,4840,-101.1319,-101.3344,-101.7957,-3.046367,-100.8982,-107.126,-99.0141,-31.60009,19.57196,34.58277,-7.247041,-77.6632,-119.282,-105.2777,-104.6948,-106.6736,24,24,24,24,24,24,24,24,24,24,24,24,24,24,24,24,484,4840,-106.6842,-106.2223,32.34372,-37.06228,0.9175944,2.568498E-05,0.391818,-0.5215303,0.2589127,-0.2561635,0.6570283,-0.4041532,-0.1280075,-0.8908306,-0.6022382,-3.210623E-06,24,24,24,24,24,24,24,24,24,24,24,24,24,24,24,24
485,4850,-106.5431,-105.0831,-105.3651,-3.290071,-108.0191,-114.5308,-104.6281,-34.86017,17.09464,32.12137,-10.33264,-82.83228,-127.2567,-111.1261,-107.5564,-106.9146,24,24,24,24,24,24,24,24,24,24,24,24,24,24,24,24,485,4850,-104.9376,-106.4855,33.12941,-37.06228,-0.5269314,-0.2454168,-0.914175,-2.247436E-05,0.6471797,0.001376554,-0.2627413,0.1346744,-0.2559894,-0.2226471,0.1204489,0.4520974,24,24,24,24,24,24,24,24,24,24,24,24,24,24,24,24
486,4860,-108.1064,-109.3154,-110.1653,-2.68081,-108.9846,-115.1478,-101.5659,-32.22703,18.95263,32.73672,-9.976606,-82.2019,-123.4479,-107.9035,-106.4833,-108.843,24,24,24,24,24,24,24,24,24,24,24,24,24,24,24,24,486,4860,-106.8185,-107.67,33.12941,-37.57867,0.6549534,-0.6135757,0.391818,0.5214886,6.742308E-05,0.2589166,-0.1313466,-0.8082743,-0.2559894,0.3341712,-0.8431336,-0.9042013,24,24,24,24,24,24,24,24,24,24,24,24,24,24,24,24
487,4870,-107.9861,-106.5342,-104.3805,-3.046367,-104.1569,-110.705,-100.928,-33.10474,19.0765,33.229,-8.908516,-79.6804,-121.7815,-107.4261,-107.0794,-108.4814,24,24,24,24,24,24,24,24,24,24,24,24,24,24,24,24,487,4870,-108.8338,-108.0648,31.81994,-37.44957,-0.6582523,-0.2454168,-3.210623E-05,-2.247436E-05,0.1294892,-0.3849344,-0.525534,-3.210623E-05,0.2559364,-0.5567396,-0.6022382,-0.4521038,24,24,24,24,24,24,24,24,24,24,24,24,24,24,24,24
488,4880,-107.9861,-107.1388,-107.4575,-2.437105,-108.8639,-114.6542,-102.9694,-32.85397,18.7049,33.35207,-10.21396,-82.45406,-126.1854,-109.2164,-106.9602,-105.8299,24,24,24,24,24,24,24,24,24,24,24,24,24,24,24,24,488,4880,-106.2811,-107.2751,31.68899,-38.61145,-0.2642904,0.7363467,-0.5224293,0.7822425,0.2589127,-1.157555,4.815934E-05,0.5387955,-0.3839712,0.3341712,-0.3613423,0.4520974,24,24,24,24,24,24,24,24,24,24,24,24,24,24,24,24
489,4890,-107.3849,-108.348,-110.1653,-2.315253,-107.1742,-112.803,-101.6935,-32.85397,19.0765,32.49058,-9.145869,-80.56293,-122.3766,-106.2325,-104.814,-105.9504,24,24,24,24,24,24,24,24,24,24,24,24,24,24,24,24,489,4890,-101.8475,-102.6688,31.55804,-36.675,0.5236325,-0.2454168,0.2611665,-0.6519073,-0.517676,-0.3849344,0.1314461,-0.4041532,-2.729029E-05,-0.3340123,-0.3613423,-0.1130268,24,24,24,24,24,24,24,24,24,24,24,24,24,24,24,24
490,4900,-108.4671,-108.1062,-107.5806,-4.143038,-105.1225,-111.8157,-101.5659,-33.35551,18.45716,32.73667,-9.145869,-80.94116,-123.6859,-109.9325,-107.6756,-109.4456,24,24,24,24,24,24,24,24,24,24,24,24,24,24,24,24,490,4900,-110.9835,-110.3022,32.47467,-37.44957,-0.001649457,2.568498E-05,-0.7836279,-2.247436E-05,-0.1294074,-0.2561635,0.1314461,-3.210623E-05,-1.023879,8.026557E-05,0.3613448,0.2260471,24,24,24,24,24,24,24,24,24,24,24,24,24,24,24,24
491,4910,-109.5494,-108.348,-110.1653,-3.046367,-110.9157,-117.9863,-107.0523,-36.23943,17.09464,32.73667,-10.21396,-83.46265,-130.9464,-116.3777,-112.6833,-111.9766,24,24,24,24,24,24,24,24,24,24,24,24,24,24,24,24,491,4910,-105.3407,-106.4855,32.86751,-36.5459,0.3923124,-0.7362953,0.3917666,0.2607347,0.1294379,-0.2561635,-0.2627413,-0.8082743,0.2559364,0.4455349,-0.3613423,-1.017228,24,24,24,24,24,24,24,24,24,24,24,24,24,24,24,24
492,4920,-112.0746,-113.185,-113.8578,-2.802663,-114.0537,-119.097,-106.4144,-34.98555,17.71397,33.8443,-8.433809,-80.689,-127.2567,-111.1261,-108.0333,-108.4814,24,24,24,24,24,24,24,24,24,24,24,24,24,24,24,24,492,4920,-102.5193,-102.8004,32.86751,-36.675,-0.9208933,-0.3681364,0.5223651,0.1303545,0.5177065,-0.1273935,-1.313906,-0.1346856,0.1279546,-0.445376,0.1204489,-0.7911777,24,24,24,24,24,24,24,24,24,24,24,24,24,24,24,24
493,4930,-110.1506,-110.2828,-108.196,-3.777481,-106.9328,-113.4201,-103.2246,-35.36172,17.83784,31.99825,-9.976608,-80.94115,-124.6381,-108.9777,-106.7217,-107.3967,24,24,24,24,24,24,24,24,24,24,24,24,24,24,24,24,493,4930,-103.0567,-101.6159,32.08183,-37.44957,0.1296714,0.4909042,-3.210623E-05,0.5214886,0.1294379,-1.028785,-0.525534,0.5388485,-0.5119531,0.6682622,0.1204489,0.3390706,24,24,24,24,24,24,24,24,24,24,24,24,24,24,24,24
494,4940,-105.9419,-106.1714,-105.7344,-3.168219,-105.2432,-109.9645,-100.928,-32.97935,18.58103,33.96737,-9.027193,-79.80647,-124.9952,-109.5745,-108.2717,-108.1199,24,24,24,24,24,24,24,24,24,24,24,24,24,24,24,24,494,4940,-99.29478,-100.0366,30.90331,-37.19138,-0.1329695,0.3681846,0.6529652,-0.9126613,0.1294379,-0.1273935,0.2628408,-1.077634,0.6398803,-0.2226471,-0.6022382,0.4520974,24,24,24,24,24,24,24,24,24,24,24,24,24,24,24,24
495,4950,-106.6634,-107.8643,-108.5653,-3.899333,-108.1398,-112.803,-102.5866,-34.73478,17.71397,32.6136,-9.264546,-79.42825,-123.4479,-108.5003,-106.0063,-106.071,24,24,24,24,24,24,24,24,24,24,24,24,24,24,24,24,495,4950,-102.5193,-104.1165,33.26035,-36.93319,-0.3956113,0.1227453,-0.7836279,-0.1303994,0.1294379,-0.1273935,-0.1313466,0.673555,-1.023879,0.2228076,1.203984E-06,0.3390706,24,24,24,24,24,24,24,24,24,24,24,24,24,24,24,24
496,4960,-105.4609,-106.8969,-106.1036,-3.411924,-104.2776,-111.5689,-100.1624,-33.23013,18.58103,32.49053,-8.671164,-79.80647,-121.9005,-105.6358,-102.9063,-102.9374,24,24,24,24,24,24,24,24,24,24,24,24,24,24,24,24,496,4960,-106.2811,-105.6958,34.70076,-36.4168,0.2609915,-0.7362953,-3.210623E-05,-2.247436E-05,1.605311E-05,-0.5137045,-0.1313466,-0.6735132,-2.729029E-05,0.2228076,-0.4817901,-0.4521038,24,24,24,24,24,24,24,24,24,24,24,24,24,24,24,24
497,4970,-101.4927,-101.3344,-101.0572,-2.802663,-100.6569,-105.5216,-97.48299,-31.4747,18.7049,32.73667,-9.027193,-78.1675,-120.4722,-104.5616,-102.7871,-104.0221,24,24,24,24,24,24,24,24,24,24,24,24,24,24,24,24,497,4970,-109.2369,-108.8545,34.17698,-37.06228,-0.5269314,-0.2454168,0.3917666,0.3911116,0.1294379,0.001376554,-0.6569287,0.2694339,0.3839166,8.026557E-05,-0.1204465,-0.4521038,24,24,24,24,24,24,24,24,24,24,24,24,24,24,24,24
498,4980,-106.3027,-105.1858,-105.6113,-3.899333,-104.8811,-110.705,-100.1624,-32.10164,18.58103,33.10588,-9.976608,-79.80647,-122.2576,-107.1874,-105.5294,-107.2762,24,24,24,24,24,24,24,24,24,24,24,24,24,24,24,24,498,4980,-104.6689,-106.6171,33.52224,-38.48235,-0.5269314,0.4909042,0.5223651,0.1303545,0.2588613,-1.157555,0.1314461,-0.1346856,0.1279546,0.4455349,-0.1204465,-3.210623E-06,24,24,24,24,24,24,24,24,24,24,24,24,24,24,24,24
499,4990,-106.0622,-106.7576,-106.719,-3.411924,-108.2605,-117.1224,-102.4591,-34.10784,19.0765,32.6136,-9.264546,-82.70619,-126.8996,-112.6777,-108.391,-109.4456,24,24,24,24,24,24,24,24,24,24,24,24,24,24,24,24,499,4990,-107.2216,-106.0906,32.21283,-37.83686,0.1296714,0.6136239,0.2611665,-0.2607764,-0.3882526,0.1301466,-0.525534,0.2694339,0.2559364,0.1114439,-0.2408946,0.3390706,24,24,24,24,24,24,24,24,24,24,24,24,24,24,24,24
500,5000,-105.3407,-106.8785,-107.3344,-3.777481,-107.5363,-113.9137,-101.0555,-32.4778,19.32423,33.35202,-10.56999,-81.82367,-125.7093,-106.2326,-104.2179,-103.299,24,24,24,24,24,24,24,24,24,24,24,24,24,24,24,24,500,5000,-106.4155,-106.6171,31.95094,-38.61145,0.1296714,-0.1226972,-3.210623E-05,-1.434169,0.5177065,0.9027677,4.815934E-05,0.2694339,-0.7679151,-1.002194,-0.8431336,-0.2260535,24,24,24,24,24,24,24,24,24,24,24,24,24,24,24,24
501,5010,-108.3469,-107.7248,-106.719,-4.264891,-103.0707,-108.2367,-98.50372,-31.4747,19.57196,32.6136,-8.552486,-78.92395,-121.7815,-106.5906,-106.0063,-106.7941,24,24,24,24,24,24,24,24,24,24,24,24,24,24,24,24,501,5010,-107.3559,-107.6699,32.99851,-37.44957,0.3922602,-0.7362953,-1.044827,0.3911116,0.2588613,-0.3849344,0.3942356,2.086905E-05,-0.2559894,0.2228076,1.203984E-06,0.1130203,24,24,24,24,24,24,24,24,24,24,24,24,24,24,24,24
502,5020,-107.8659,-107.3621,-105.119,-3.533776,-105.9673,-114.7776,-102.0763,-34.86017,18.20943,31.62904,-8.433809,-80.56292,-124.6381,-110.6487,-107.4371,-106.4325,24,24,24,24,24,24,24,24,24,24,24,24,24,24,24,24,502,5020,-107.6247,-106.4855,32.86756,-36.5459,0.3922602,-1.227177,0.3917666,0.2607347,-0.6470978,0.001376554,-0.7883235,-0.1346856,0.1279546,0.2228076,-0.2408946,-0.5651274,24,24,24,24,24,24,24,24,24,24,24,24,24,24,24,24
503,5030,-104.9799,-107.2412,-108.3191,-3.168219,-108.5018,-114.6542,-100.928,-32.22703,19.81969,33.72123,-8.908517,-80.56292,-122.8527,-105.2777,-102.7871,-102.3348,24,24,24,24,24,24,24,24,24,24,24,24,24,24,24,24,503,5030,-103.7284,-103.3268,33.78418,-37.96597,-0.7896253,-0.1226972,-3.210623E-05,-0.3911534,0.5177065,-0.2561635,-0.394136,-0.5388067,-0.1280075,-0.2226471,-0.2408946,0.1130203,24,24,24,24,24,24,24,24,24,24,24,24,24,24,24,24
504,5040,-107.3849,-105.9112,-108.073,-2.193401,-104.2776,-108.3601,-99.26927,-31.97625,18.58103,32.85974,-9.264546,-78.92395,-120.9483,-105.039,-103.9794,-105.9504,24,24,24,24,24,24,24,24,24,24,24,24,24,24,24,24,504,5040,-104.5345,-103.5901,31.81999,-38.48235,-0.00170163,0.4909042,-0.6530278,0.3911116,-0.517676,-0.1273935,0.2628408,0.9429695,0.1279546,0.1114439,-0.1204465,0.565121,24,24,24,24,24,24,24,24,24,24,24,24,24,24,24,24
505,5050,-106.1824,-104.0977,-103.3958,-2.924515,-104.1569,-111.8157,-101.0555,-34.73478,18.82882,31.99825,-7.365718,-79.05003,-122.6147,-109.4551,-106.4833,-107.1557,24,24,24,24,24,24,24,24,24,24,24,24,24,24,24,24,505,5050,-106.1468,-107.6699,31.42715,-38.74054,-0.00170163,-0.7362953,-0.3918292,-0.912658,6.742308E-05,0.3876867,-0.394136,0.1347274,-0.3839712,-0.445376,-0.6022382,-0.2260535,24,24,24,24,24,24,24,24,24,24,24,24,24,24,24,24
506,5060,-105.9419,-105.7903,-108.9345,-3.655629,-107.657,-113.7903,-101.0555,-32.97935,18.82882,32.49052,-9.620577,-81.69759,-123.6859,-105.3971,-102.7871,-101.7321,24,24,24,24,24,24,24,24,24,24,24,24,24,24,24,24,506,5060,-106.9529,-105.8274,31.42715,-37.32048,0.1296193,2.568498E-05,-0.7836279,-0.1303962,6.742308E-05,-0.2561643,0.6570283,0.2694339,-0.3839712,0.6682622,1.203984E-06,0.2260471,24,24,24,24,24,24,24,24,24,24,24,24,24,24,24,24
507,5070,-105.5812,-105.7903,-105.8575,-2.437105,-103.4328,-107.2494,-99.01409,-31.85086,18.95268,33.59815,-9.620577,-79.30218,-124.5191,-109.6938,-108.6294,-111.1329,24,24,24,24,24,24,24,24,24,24,24,24,24,24,24,24,507,5070,-105.8781,-105.8274,32.34377,-37.70776,0.1296193,-0.8590181,-0.2612307,0.6518688,-0.2587778,0.1301466,-0.394136,-0.8082213,-2.729029E-05,0.2228076,-0.8431336,-0.4521038,24,24,24,24,24,24,24,24,24,24,24,24,24,24,24,24
508,5080,-111.3531,-109.7801,-109.673,-2.924515,-109.5881,-118.2332,-104.2453,-33.73168,18.95268,33.47508,-7.840426,-79.55432,-124.4001,-109.5745,-106.841,-106.5531,24,24,24,24,24,24,24,24,24,24,24,24,24,24,24,24,508,5080,-111.6552,-111.2234,32.99851,-36.80409,-0.3956635,-0.2454168,-0.2612307,0.3911116,0.7766031,-0.2561643,-0.1313466,0.5388485,-0.1280075,-0.2226471,0.4817924,-3.210623E-06,24,24,24,24,24,24,24,24,24,24,24,24,24,24,24,24
509,5090,-102.5749,-103.9768,-102.9035,-3.899333,-104.7604,-111.5689,-101.3107,-34.10784,18.08562,32.61359,-8.552486,-79.80647,-122.2576,-106.4713,-103.6217,-102.4553,24,24,24,24,24,24,24,24,24,24,24,24,24,24,24,24,509,5090,-107.3559,-105.1694,32.47472,-38.61145,0.2609394,0.4909042,-0.2612307,0.2607347,-0.6470464,-0.7712445,4.815934E-05,-0.2693937,-0.6399333,0.2228076,0.4817924,0.2260471,24,24,24,24,24,24,24,24,24,24,24,24,24,24,24,24
510,5100,-105.5812,-107.9666,-108.073,-2.924515,-106.2087,-109.7177,-100.6728,-32.60319,18.08562,33.22894,-9.739255,-80.05862,-123.924,-107.068,-105.8871,-107.5172,24,24,24,24,24,24,24,24,24,24,24,24,24,24,24,24,510,5100,-103.4597,-105.5642,31.68904,-38.61145,1.180183,-0.2454168,0.130568,-0.912658,6.742308E-05,0.001376554,0.2628408,2.086905E-05,0.5118985,-0.8908852,-0.2408946,-0.2260535,24,24,24,24,24,24,24,24,24,24,24,24,24,24,24,24
511,5110,-108.9482,-107.7248,-106.3498,-3.290071,-105.6052,-112.4328,-101.5659,-32.85397,19.07655,34.2135,-7.603073,-78.29358,-122.9718,-108.739,-107.5563,-108.6019,24,24,24,24,24,24,24,24,24,24,24,24,24,24,24,24,511,5110,-107.8934,-108.8544,31.5581,-37.32048,0.3922602,0.4909042,-0.3918292,-1.043035,0.3883345,0.5164576,-0.1313466,0.2694339,-0.1280075,-0.3340653,1.203984E-06,-0.1130268,24,24,24,24,24,24,24,24,24,24,24,24,24,24,24,24
512,5120,-106.0622,-105.9112,-105.3651,-3.290071,-106.5708,-112.803,-101.3107,-33.60629,18.45722,32.73666,-7.603073,-79.30218,-121.4244,-105.5164,-102.7871,-101.3706,24,24,24,24,24,24,24,24,24,24,24,24,24,24,24,24,512,5120,-110.8491,-110.0389,32.73662,-37.96597,1.180183,2.568498E-05,-3.210623E-05,0.2607347,0.3883345,-0.7712445,0.5256335,-0.2693937,0.5118985,0.1113893,0.3613448,-0.4521038,24,24,24,24,24,24,24,24,24,24,24,24,24,24,24,24
513,5130,-101.9737,-103.0096,-103.5189,-3.046367,-102.1052,-106.8792,-97.61059,-31.72548,18.82882,32.85973,-8.78984,-78.29358,-118.8059,-100.3842,-98.97173,-98.83961,24,24,24,24,24,24,24,24,24,24,24,24,24,24,24,24,513,5130,-109.1025,-110.0389,32.47472,-37.06228,-0.6583045,-0.7362953,0.3917666,0.1303577,-0.6470464,0.6452276,-0.394136,-0.1346856,-0.2559894,0.1113893,-0.3613423,-0.678151,24,24,24,24,24,24,24,24,24,24,24,24,24,24,24,24
514,5140,-102.9357,-102.6469,-102.5342,-3.290071,-100.2948,-105.1514,-97.48299,-32.22703,19.07655,33.59815,-7.009689,-75.646,-116.3064,-99.78741,-98.49481,-100.4064,24,24,24,24,24,24,24,24,24,24,24,24,24,24,24,24,514,5140,-106.9529,-106.7487,33.78418,-38.74054,0.1296193,0.245465,0.6529652,-1.926374E-05,0.3883345,-1.028785,-0.2627413,2.086905E-05,0.1279546,0.1113893,-0.3613423,0.2260471,24,24,24,24,24,24,24,24,24,24,24,24,24,24,24,24
515,5150,-101.1319,-100.4706,-99.70334,-3.655629,-100.8982,-108.3601,-98.7589,-32.85397,18.95268,31.99824,-8.552486,-79.93255,-121.0674,-106.5906,-103.9794,-104.2631,24,24,24,24,24,24,24,24,24,24,24,24,24,24,24,24,515,5150,-104.1315,-102.274,32.86756,-38.86964,-0.1330225,0.1227453,-3.210623E-05,1.173377,-0.3882012,-1.028785,0.5256335,0.404142,-0.7679151,-0.111338,-0.1204465,0.6781445,24,24,24,24,24,24,24,24,24,24,24,24,24,24,24,24
516,5160,-103.8977,-103.9768,-104.7497,-3.290071,-103.9155,-109.1006,-98.7589,-31.22392,20.43908,33.47508,-8.552486,-81.06722,-123.0908,-105.3971,-103.1448,-103.54,24,24,24,24,24,24,24,24,24,24,24,24,24,24,24,24,516,5160,-100.907,-101.6159,32.34377,-37.83687,0.3922602,-0.3681364,0.3917666,-0.5215271,0.2589127,-0.2561643,0.9198177,-0.4041002,0.6398803,-0.3340653,-0.1204465,-3.210623E-06,24,24,24,24,24,24,24,24,24,24,24,24,24,24,24,24
517,5170,-110.3912,-110.8683,-111.15,-3.046367,-105.1225,-109.3474,-100.4176,-31.85086,19.69588,33.22894,-8.552486,-79.93255,-122.7337,-106.9487,-105.1717,-106.071,24,24,24,24,24,24,24,24,24,24,24,24,24,24,24,24,517,5170,-107.8933,-108.7228,32.34377,-37.70777,-0.00170163,-0.1226972,-0.1306306,-0.912658,6.742308E-05,-0.2561643,-1.051116,0.1347274,-0.1280075,0.222753,-0.2408946,0.1130203,24,24,24,24,24,24,24,24,24,24,24,24,24,24,24,24
518,5180,-106.5432,-104.7022,-104.1343,-2.924515,-104.7604,-111.8157,-102.8418,-34.86017,17.71402,32.85973,-7.484396,-79.42825,-123.5669,-110.1712,-106.841,-107.1557,24,24,24,24,24,24,24,24,24,24,24,24,24,24,24,24,518,5180,-108.4308,-106.0906,32.99851,-38.22416,0.3922602,-0.3681364,-0.5224293,-0.3911502,0.2589127,-0.3849344,0.2628408,-0.4041002,-0.5119531,-0.2227016,1.203984E-06,-3.210623E-06,24,24,24,24,24,24,24,24,24,24,24,24,24,24,24,24
519,5190,-105.4609,-106.7576,-108.3191,-2.924515,-108.0191,-112.803,-101.1831,-33.35551,19.32428,32.85973,-9.85793,-81.82367,-124.162,-106.2326,-102.7871,-102.9374,24,24,24,24,24,24,24,24,24,24,24,24,24,24,24,24,519,5190,-103.3254,-104.3797,32.08188,-38.09506,-0.00170163,-1.472616,0.1306194,0.7822458,-0.5176246,0.3876867,-0.525534,-0.1346856,0.2559364,2.568498E-05,-1.084029,-0.9042013,24,24,24,24,24,24,24,24,24,24,24,24,24,24,24,24
520,5200,-107.0241,-106.8785,-105.9805,-2.802663,-103.4328,-108.3601,-100.0348,-31.97625,18.33335,32.61359,-9.14587,-78.41965,-121.9005,-106.2326,-105.8871,-107.7583,24,24,24,24,24,24,24,24,24,24,24,24,24,24,24,24,520,5200,-106.0124,-105.5642,32.73662,-38.99874,-0.3956635,2.568498E-05,0.1306194,-0.2607764,0.3883345,-1.543866,0.1314461,0.404142,0.3839166,-0.4454289,1.203984E-06,0.3390706,24,24,24,24,24,24,24,24,24,24,24,24,24,24,24,24
521,5210,-105.4609,-105.3067,-105.2421,-2.68081,-105.9673,-115.0244,-102.8418,-33.85707,18.3333,33.10587,-9.027193,-82.2019,-125.5903,-111.2454,-107.3179,-107.3967,24,24,24,24,24,24,24,24,24,24,24,24,24,24,24,24,521,5210,-109.6399,-107.6699,32.34377,-38.09506,0.6549012,0.4909042,-0.3917778,0.1303545,-0.7765212,-0.3849344,0.1314461,0.404142,-2.729029E-05,-0.2227016,0.6022406,0.3390706,24,24,24,24,24,24,24,24,24,24,24,24,24,24,24,24
522,5220,-107.0241,-107.483,-107.5806,-3.411924,-106.8121,-112.9264,-101.4383,-33.10474,18.45716,33.59816,-8.552486,-81.06722,-123.8049,-107.068,-103.8602,-105.9504,24,24,24,24,24,24,24,24,24,24,24,24,24,24,24,24,522,5220,-106.0124,-105.5642,31.2962,-39.12783,0.1296193,-0.1226972,0.1306194,-1.043038,-0.1294074,0.001376554,4.815934E-05,0.404142,0.2559364,-0.6681579,-0.3613423,-3.210623E-06,24,24,24,24,24,24,24,24,24,24,24,24,24,24,24,24
523,5230,-106.1824,-104.8231,-102.6573,-2.924515,-100.7776,-105.645,-98.24854,-31.09854,18.95263,33.47509,-9.264546,-78.92395,-120.8293,-104.4422,-103.6217,-104.5042,24,24,24,24,24,24,24,24,24,24,24,24,24,24,24,24,523,5230,-108.2964,-108.7228,32.60567,-37.06229,-0.5269836,0.1227453,-0.914175,-0.2607764,0.3882831,0.2589166,-0.394136,0.1347274,-0.6399333,0.1113893,-0.6022382,-3.210623E-06,24,24,24,24,24,24,24,24,24,24,24,24,24,24,24,24
524,5240,-102.0939,-102.526,-103.0266,-3.411924,-103.1914,-109.8411,-100.928,-32.97935,19.32423,33.72123,-8.07778,-81.1933,-125.5903,-111.7229,-108.7486,-108.3609,24,24,24,24,24,24,24,24,24,24,24,24,24,24,24,24,524,5240,-109.6399,-109.5125,32.21283,-38.74054,0.2609394,-1.227177,0.2612179,0.1303545,0.1294379,0.001376554,-0.525534,-0.5388067,0.5118985,0.6682076,-1.084029,-0.4521038,24,24,24,24,24,24,24,24,24,24,24,24,24,24,24,24
525,5250,-107.1444,-109.2965,-108.6884,-3.899333,-108.0191,-113.4201,-101.6935,-32.97935,19.0765,33.35202,-9.976606,-81.44544,-122.9718,-104.2035,-102.0717,-101.8527,24,24,24,24,24,24,24,24,24,24,24,24,24,24,24,24,525,5250,-111.3865,-111.6182,32.73662,-38.09506,-0.9209455,-0.3681364,1.926374E-05,-2.247436E-05,0.2588613,0.2589166,-0.9197182,0.673555,0.1279497,-0.2227016,-0.2408946,0.1130203,24,24,24,24,24,24,24,24,24,24,24,24,24,24,24,24
526,5260,-105.8217,-106.7576,-104.7497,-3.411924,-102.7086,-108.3601,-99.39686,-31.72548,18.7049,33.47509,-8.552486,-77.53713,-121.4244,-105.5164,-105.7679,-107.9993,24,24,24,24,24,24,24,24,24,24,24,24,24,24,24,24,526,5260,-110.3117,-111.8814,33.65324,-38.48235,-0.00170163,0.1227453,-0.2611793,0.5214886,0.6471283,-1.543866,0.5256335,1.212383,-3.210623E-05,0.4454803,1.203984E-06,-0.2260535,24,24,24,24,24,24,24,24,24,24,24,24,24,24,24,24
527,5270,-108.2266,-107.1203,-106.4729,-3.046367,-105.2432,-113.1732,-101.8211,-33.85707,17.83784,33.8443,-7.840425,-79.05003,-123.3288,-108.6196,-108.0333,-108.9635,24,24,24,24,24,24,24,24,24,24,24,24,24,24,24,24,527,5270,-114.0736,-114.382,31.95094,-38.09506,0.3922602,0.6136239,0.391818,-0.1303994,-1.164788,-0.7712445,0.1314461,-0.1346856,0.1279497,0.1113893,0.3613965,0.6781445,24,24,24,24,24,24,24,24,24,24,24,24,24,24,24,24
528,5280,-107.0241,-109.6592,-109.3038,-4.021186,-109.7087,-115.6415,-102.7142,-33.73168,18.08557,31.75211,-10.33264,-82.07582,-126.6615,-108.8583,-106.841,-106.4325,24,24,24,24,24,24,24,24,24,24,24,24,24,24,24,24,528,5280,-111.2522,-112.8027,33.12946,-38.09506,-0.5269836,0.4909042,-0.1305792,-0.5215303,0.2588613,0.001376554,-0.2627413,0.2694339,-0.6399397,2.568498E-05,0.4818442,-0.1130781,24,24,24,24,24,24,24,24,24,24,24,24,24,24,24,24
529,5290,-107.7456,-107.483,-105.7344,-2.802663,-103.5535,-107.4962,-99.52445,-31.09854,19.20036,34.2135,-8.196456,-78.79787,-122.3766,-104.5616,-103.5025,-104.6247,24,24,24,24,24,24,24,24,24,24,24,24,24,24,24,24,529,5290,-113.6705,-114.1188,32.34377,-39.12783,0.3922602,-0.6135757,-0.6529765,-0.5215303,0.1294379,-0.3849344,0.1314461,-0.1346856,0.1279497,2.568498E-05,-0.7226341,-0.1130781,24,24,24,24,24,24,24,24,24,24,24,24,24,24,24,24
530,5300,-103.4167,-104.7022,-104.6266,-3.046367,-105.7259,-111.6923,-102.5866,-34.35862,17.46624,34.45964,-7.365718,-78.29358,-123.924,-109.2164,-106.9602,-107.6378,24,24,24,24,24,24,24,24,24,24,24,24,24,24,24,24,530,5300,-118.2385,-115.8298,32.47472,-39.38602,0.1296193,-0.7362953,0.5224165,0.3911116,-0.6470978,0.2589166,-0.9197182,-0.2693937,0.1279497,0.222753,-1.204426,-0.5651788,24,24,24,24,24,24,24,24,24,24,24,24,24,24,24,24
531,5310,-106.1824,-107.3621,-106.8421,-3.411924,-108.6225,-115.8883,-103.6074,-34.86017,18.20943,31.99824,-10.45131,-83.33658,-127.6137,-111.3648,-108.9871,-108.2404,24,24,24,24,24,24,24,24,24,24,24,24,24,24,24,24,531,5310,-108.9682,-110.3022,33.52229,-39.51512,-0.7896253,0.245465,1.926374E-05,0.1303545,0.7765517,-0.7712445,-0.1313466,2.086905E-05,-0.2559942,-0.111338,-0.7226341,0.3390193,24,24,24,24,24,24,24,24,24,24,24,24,24,24,24,24
532,5320,-109.5494,-110.0219,-109.4269,-3.533776,-108.0191,-113.1732,-101.1831,-33.10474,18.20943,32.9828,-9.976606,-81.31937,-124.7571,-109.9325,-109.4641,-111.1329,24,24,24,24,24,24,24,24,24,24,24,24,24,24,24,24,532,5320,-109.5056,-109.7757,31.95094,-38.74054,0.2609394,-0.1226972,-0.2611793,0.1303545,-0.2588292,-0.1273935,4.815934E-05,-0.1346856,0.7678573,-0.4454289,0.3613965,-5.458059E-05,24,24,24,24,24,24,24,24,24,24,24,24,24,24,24,24
533,5330,-110.2709,-107.483,-106.8421,-2.924515,-109.3467,-116.5054,-104.8833,-34.86017,18.82876,33.35202,-9.383224,-83.46265,-128.4469,-112.6777,-109.8217,-108.2404,24,24,24,24,24,24,24,24,24,24,24,24,24,24,24,24,533,5330,-111.9239,-110.1706,33.12946,-38.61145,-0.2642904,-0.1226972,0.1306194,-1.173415,0.1294379,0.5164568,0.1314461,0.404142,-0.6399397,-0.2227016,-0.4817387,-0.6782023,24,24,24,24,24,24,24,24,24,24,24,24,24,24,24,24
534,5340,-108.7076,-110.1428,-109.0576,-3.046367,-108.0191,-112.5562,-101.4383,-33.23013,19.44809,32.73666,-9.264546,-81.57152,-123.4479,-105.039,-103.0256,-103.0579,24,24,24,24,24,24,24,24,24,24,24,24,24,24,24,24,534,5340,-113.2675,-111.4866,32.21283,-38.61145,0.3923124,-0.6136271,-1.175374,-2.247436E-05,0.2588613,0.001376554,0.3942356,2.086905E-05,-0.8959018,2.568498E-05,0.2409484,-0.2261049,24,24,24,24,24,24,24,24,24,24,24,24,24,24,24,24
535,5350,-103.6572,-103.8559,-102.9035,-3.168219,-100.5362,-105.6451,-96.97263,-31.09854,19.94356,32.61359,-9.383224,-78.1675,-118.0917,-101.6971,-100.641,-101.7321,24,24,24,24,24,24,24,24,24,24,24,24,24,24,24,24,535,5350,-109.5056,-109.7757,31.68904,-40.03151,-0.2642904,-0.9817892,0.5224165,0.7822425,-0.3882526,0.3876867,-0.6569287,-0.9429278,0.2559316,0.6682076,-0.7226341,-0.5651788,24,24,24,24,24,24,24,24,24,24,24,24,24,24,24,24
536,5360,-100.4104,-102.405,-102.2881,-3.411924,-101.1396,-106.8792,-99.65205,-33.98245,17.34237,33.10588,-7.721749,-78.04143,-121.0674,-107.1874,-105.4102,-104.9863,24,24,24,24,24,24,24,24,24,24,24,24,24,24,24,24,536,5360,-107.3559,-106.0907,31.68904,-39.25693,-0.3956113,0.1226939,0.1306194,-0.2607764,0.3882831,-0.3849344,-0.1313466,0.404142,-0.383976,0.222753,-0.2408428,0.2259957,24,24,24,24,24,24,24,24,24,24,24,24,24,24,24,24
537,5370,-105.2204,-105.3067,-106.9652,-2.68081,-108.0191,-113.7903,-102.5866,-34.10783,18.82882,32.61359,-9.027193,-82.07582,-124.281,-106.8293,-103.5025,-104.0221,24,24,24,24,24,24,24,24,24,24,24,24,24,24,24,24,537,5370,-108.8338,-108.328,31.68904,-40.2897,-0.2642904,0.8590149,-0.914175,0.6518655,-0.6470978,-0.6424745,-0.2627413,-0.1346856,-0.76792,0.1113893,-0.3612906,0.6780931,24,24,24,24,24,24,24,24,24,24,24,24,24,24,24,24
538,5380,-104.6192,-106.5158,-106.2267,-3.168219,-102.5879,-106.8792,-98.63131,-32.60318,19.07655,32.61359,-9.5019,-80.43685,-122.1386,-106.1132,-103.6217,-105.1068,24,24,24,24,24,24,24,24,24,24,24,24,24,24,24,24,538,5380,-110.4461,-111.4866,30.90336,-38.74054,0.2609915,-0.6136271,0.5224165,-0.5215303,-0.1294074,-0.2561643,-0.1313466,0.5388485,-0.2559942,-0.6681579,-0.8430822,-0.4521552,24,24,24,24,24,24,24,24,24,24,24,24,24,24,24,24
539,5390,-104.2584,-104.3395,-105.4882,-2.924515,-98.6051,-102.0661,-97.48299,-31.4747,18.70495,33.22894,-9.14587,-79.80647,-121.6625,-106.3519,-104.5756,-107.7583,24,24,24,24,24,24,24,24,24,24,24,24,24,24,24,24,539,5390,-111.5209,-110.1706,32.47472,-38.99873,0.1296714,-0.1227485,-0.914175,-0.2607764,0.2588613,0.1301466,-0.2627413,0.2694339,0.1279497,0.3341167,0.2409484,0.2259957,24,24,24,24,24,24,24,24,24,24,24,24,24,24,24,24
540,5400,-105.9419,-104.8231,-105.7344,-3.290071,-106.4501,-112.5562,-103.097,-34.73477,18.45722,32.73666,-8.315133,-80.81509,-124.9952,-110.2906,-107.0794,-106.6736,24,24,24,24,24,24,24,24,24,24,24,24,24,24,24,24,540,5400,-108.0277,-108.7228,31.81999,-39.38602,-0.001649457,-0.4909074,1.926374E-05,-0.3911534,0.1294379,0.2589166,-0.2627413,-0.5388613,0.1279497,0.222753,-0.7226341,-0.9042526,24,24,24,24,24,24,24,24,24,24,24,24,24,24,24,24
541,5410,-106.0622,-107.8457,-108.5653,-3.533776,-108.8639,-113.5435,-102.3315,-32.72857,19.07655,32.85973,-9.85793,-82.2019,-124.043,-106.5906,-104.2179,-104.3837,24,24,24,24,24,24,24,24,24,24,24,24,24,24,24,24,541,5410,-109.9086,-108.4596,31.81999,-38.22416,-0.2642904,-0.1227485,-0.2611793,-0.1303994,-0.517676,-0.1273935,-0.9197182,0.5387955,0.5118968,-0.3340653,-0.6021864,-0.5651788,24,24,24,24,24,24,24,24,24,24,24,24,24,24,24,24
542,5420,-107.0241,-106.153,-105.7344,-2.558958,-104.519,-108.3601,-101.3107,-33.73167,17.59016,31.99824,-9.976608,-80.05864,-122.7337,-107.068,-105.1717,-107.2762,24,24,24,24,24,24,24,24,24,24,24,24,24,24,24,24,542,5420,-109.2369,-111.2234,32.73662,-38.86964,0.3923124,0.2454136,-0.1305792,0.6518655,0.1294379,-0.900015,4.815934E-05,0.2693809,-0.3839728,0.3341712,-0.1203951,0.112969,24,24,24,24,24,24,24,24,24,24,24,24,24,24,24,24
543,5430,-107.1444,-106.153,-107.0883,-2.558958,-108.3811,-115.5181,-104.2453,-34.484,18.45722,33.35201,-8.552486,-82.2019,-126.1854,-112.5583,-109.464,-111.0124,24,24,24,24,24,24,24,24,24,24,24,24,24,24,24,24,543,5430,-119.7164,-119.6464,32.60567,-38.86964,0.1296714,-0.4909074,0.6530166,-0.1303994,-0.517676,-0.1273935,0.2628408,-0.5388613,0.5118968,-0.5567396,-0.2408946,0.2259957,24,24,24,24,24,24,24,24,24,24,24,24,24,24,24,24
544,5440,-109.4291,-109.2965,-109.0576,-3.411924,-110.5536,-118.1098,-105.904,-35.23632,18.20949,32.9828,-10.56999,-84.59733,-129.5181,-112.439,-109.1063,-108.9635,24,24,24,24,24,24,24,24,24,24,24,24,24,24,24,24,544,5440,-115.2828,-116.093,32.21283,-37.70776,-0.5269314,0.4908528,-0.2611793,-0.9126613,-0.1294074,0.5164576,-0.1313466,0.5387955,-0.6399365,0.4455349,0.3613448,0.2259957,24,24,24,24,24,24,24,24,24,24,24,24,24,24,24,24
545,5450,-110.7519,-112.3191,-113.1193,-3.046367,-110.5536,-114.5308,-104.1177,-33.4809,18.58109,33.96737,-9.85793,-81.94976,-127.2566,-110.8874,-109.941,-111.856,24,24,24,24,24,24,24,24,24,24,24,24,24,24,24,24,545,5450,-111.3865,-112.9343,32.34377,-40.03151,0.7862743,-0.3681878,-0.2611793,0.5214886,0.3882831,-0.5137045,4.815934E-05,-0.8082743,-0.2559926,8.026557E-05,-0.3613423,0.3390193,24,24,24,24,24,24,24,24,24,24,24,24,24,24,24,24
546,5460,-111.8342,-109.7801,-107.4575,-2.924515,-105.8466,-112.4328,-104.5005,-35.36171,17.83789,33.8443,-8.78984,-81.44546,-127.1376,-112.6777,-110.0602,-111.9766,24,24,24,24,24,24,24,24,24,24,24,24,24,24,24,24,546,5460,-108.5651,-109.2493,32.21283,-37.19138,-0.3956113,0.1226939,0.2612179,0.2607347,-0.2588292,-0.3849344,-0.394136,0.2693809,0.383915,0.1114439,-0.3613423,-0.7912291,24,24,24,24,24,24,24,24,24,24,24,24,24,24,24,24
547,5470,-111.9544,-110.9892,-111.6423,-4.021186,-112.9674,-120.0844,-108.4558,-37.4933,17.21856,32.24438,-11.28205,-85.22771,-132.1367,-115.5422,-111.8486,-112.0971,24,24,24,24,24,24,24,24,24,24,24,24,24,24,24,24,547,5470,-108.4308,-109.6441,32.60562,-40.03151,-0.3956113,-0.2454682,0.2612179,-0.1303994,1.605311E-05,-1.543866,0.2628408,-0.2694467,-0.5119547,0.4455349,-0.2408946,0.2259957,24,24,24,24,24,24,24,24,24,24,24,24,24,24,24,24
548,5480,-113.1569,-113.5281,-112.8732,-2.802662,-111.157,-116.6288,-105.904,-35.23632,17.59016,33.8443,-10.09528,-82.83228,-129.8752,-115.6616,-115.5448,-117.5206,24,24,24,24,24,24,24,24,24,24,24,24,24,24,24,24,548,5480,-111.2522,-111.355,31.95088,-38.61145,-0.1329695,0.1226939,-0.1305792,-0.7822843,-0.2588292,-0.1273935,0.2628408,-0.2694467,-0.1280107,-0.445376,0.6022406,0.2259957,24,24,24,24,24,24,24,24,24,24,24,24,24,24,24,24
549,5490,-115.8024,-114.6162,-114.7194,-2.802662,-118.5192,-126.8721,-111.1353,-37.61869,17.71402,32.61359,-12.11279,-87.74921,-136.1835,-117.9293,-113.7563,-111.9766,24,24,24,24,24,24,24,24,24,24,24,24,24,24,24,24,549,5490,-110.5804,-111.0918,31.68899,-37.70776,0.6549534,-2.568498E-05,0.1306194,-0.7822843,0.1294379,0.2589166,0.5256335,0.673502,-0.1280107,-0.7794669,-0.4817901,-0.6782023,24,24,24,24,24,24,24,24,24,24,24,24,24,24,24,24
550,5500,-117.3656,-119.2106,-117.5503,-3.533776,-114.8985,-120.4546,-105.0109,-33.23012,19.69588,32.85973,-11.16337,-85.73201,-129.9942,-113.5132,-111.1333,-111.856,24,24,24,24,24,24,24,24,24,24,24,24,24,24,24,24,550,5500,-108.8338,-108.7228,32.21278,-39.51512,-0.3956113,0.1226939,-0.1305792,-2.247436E-05,1.605311E-05,-0.5137045,0.2628408,-3.210623E-05,-0.8958986,0.1114439,-0.3613423,-5.458059E-05,24,24,24,24,24,24,24,24,24,24,24,24,24,24,24,24
551,5510,-112.9164,-112.9236,-110.9038,-3.168219,-108.7432,-115.5181,-103.735,-34.98555,18.58109,33.35201,-9.85793,-82.07584,-126.8996,-112.3196,-111.2525,-111.9766,24,24,24,24,24,24,24,24,24,24,24,24,24,24,24,24,551,5510,-107.759,-108.4596,31.81994,-37.19138,-0.2642904,-0.8590695,0.2612179,0.3911116,-0.2588292,0.5164576,-0.394136,-3.210623E-05,0.1279513,0.3341712,-0.7226859,-0.7912291,24,24,24,24,24,24,24,24,24,24,24,24,24,24,24,24
552,5520,-108.5874,-104.5813,-109.0576,-2.924514,-110.795,-117.3693,-106.4144,-34.86016,18.58109,33.72123,-10.09528,-84.47125,-129.5181,-113.1551,-110.2986,-109.3251,24,24,24,24,24,24,24,24,24,24,24,24,24,24,24,24,552,5520,-114.0736,-113.8556,33.26035,-39.25693,-0.3956113,0.1226939,1.926374E-05,-0.2607764,0.3882831,-1.543866,-0.394136,-0.1347402,-0.3839728,-0.445376,0.4817924,0.452046,24,24,24,24,24,24,24,24,24,24,24,24,24,24,24,24
553,5530,-110.5114,-111.4728,-113.2424,-2.437105,-111.0363,-116.7522,-105.1385,-34.98555,18.70495,31.7521,-10.21396,-82.70621,-124.7571,-109.3358,-107.7948,-110.0482,24,24,24,24,24,24,24,24,24,24,24,24,24,24,24,24,553,5530,-111.2522,-109.7757,32.08183,-39.38602,-0.2642904,0.2454136,-0.6529765,0.7822425,-0.1294058,-1.286326,4.815934E-05,0.1346744,-1.02388,0.1114439,-0.2408946,0.5650696,24,24,24,24,24,24,24,24,24,24,24,24,24,24,24,24
554,5540,-112.3151,-111.1101,-111.15,-3.046366,-110.1915,-117.9863,-105.7764,-34.98555,18.45722,33.59816,-8.78984,-82.95836,-127.6137,-113.3938,-111.2525,-111.7355,24,24,24,24,24,24,24,24,24,24,24,24,24,24,24,24,554,5540,-104.2658,-105.6958,32.34372,-37.19138,0.5236325,-0.3681878,0.1306194,-0.7822843,-0.6470962,-0.1273935,0.788423,-3.210623E-05,0.5118968,-0.5567396,-0.4817901,-0.1130781,24,24,24,24,24,24,24,24,24,24,24,24,24,24,24,24
555,5550,-110.7519,-109.7801,-110.9038,-2.802662,-112.6053,-118.7268,-105.904,-34.35861,18.08562,33.47509,-10.80735,-83.96696,-128.2088,-110.6487,-107.7948,-107.9993,24,24,24,24,24,24,24,24,24,24,24,24,24,24,24,24,555,5550,-105.3407,-104.9062,31.81994,-38.99873,0.2609915,-0.1227485,-0.7835765,-0.2607764,0.1294395,-0.3849344,0.1314461,0.1346744,-1.279844,0.1114439,0.7226883,0.452046,24,24,24,24,24,24,24,24,24,24,24,24,24,24,24,24
556,5560,-108.1064,-108.3293,-108.8114,-2.558957,-107.2949,-111.8157,-102.3315,-33.35551,19.32428,33.22895,-9.027193,-80.68901,-124.043,-108.9777,-106.4833,-107.3967,24,24,24,24,24,24,24,24,24,24,24,24,24,24,24,24,556,5560,-108.162,-106.4855,33.26035,-37.32048,0.5236325,-0.9817892,-0.522378,0.6518655,0.3882847,0.5164576,0.2628408,-3.210623E-05,0.6398771,0.1114439,-0.9635817,-0.5651788,24,24,24,24,24,24,24,24,24,24,24,24,24,24,24,24
557,5570,-108.9482,-108.8129,-107.3344,-3.533776,-107.657,-114.4074,-103.735,-34.73478,18.20949,33.59816,-9.14587,-82.2019,-126.4235,-111.4841,-108.7486,-108.7225,24,24,24,24,24,24,24,24,24,24,24,24,24,24,24,24,557,5570,-104.8032,-104.3797,32.08183,-38.09505,-0.3956113,-0.4909074,0.1306194,0.2607347,-0.388251,-0.1273935,-1.182511,0.942915,-2.88956E-05,8.026557E-05,0.1204489,-1.243327,24,24,24,24,24,24,24,24,24,24,24,24,24,24,24,24
558,5580,-106.5432,-107.1203,-109.5499,-3.046366,-108.7432,-112.3094,-104.1177,-34.35861,18.33335,33.10588,-11.16337,-84.84948,-129.7562,-110.5293,-108.1525,-110.5303,24,24,24,24,24,24,24,24,24,24,24,24,24,24,24,24,558,5580,-109.1025,-109.7757,32.47467,-39.51512,0.2609915,0.8590149,0.1306194,0.3911116,0.6471299,-0.900015,0.2628408,0.2693809,-0.2559926,8.026557E-05,0.3613448,-0.1130781,24,24,24,24,24,24,24,24,24,24,24,24,24,24,24,24
559,5590,-113.7581,-110.8683,-111.15,-2.437105,-107.4156,-113.4201,-102.5866,-33.60629,19.20041,33.47509,-8.07778,-80.94116,-123.924,-108.0229,-106.6025,-109.2045,24,24,24,24,24,24,24,24,24,24,24,24,24,24,24,24,559,5590,-108.9682,-108.7228,31.4271,-38.09505,0.5236325,0.2454136,-0.3917778,-0.7822843,-0.388251,0.001376554,0.1314461,-0.1347402,0.1279513,-0.6681033,1.203984E-06,-0.4521552,24,24,24,24,24,24,24,24,24,24,24,24,24,24,24,24
560,5600,-109.9102,-109.5383,-107.0883,-3.290071,-107.4156,-115.2713,-105.6488,-36.11404,17.21856,32.49052,-9.976608,-82.45406,-127.1376,-111.3648,-108.2717,-108.2404,24,24,24,24,24,24,24,24,24,24,24,24,24,24,24,24,560,5600,-105.072,-106.6171,32.34372,-38.99873,-0.1329695,0.2454136,-0.2611793,-0.7822843,1.035397,0.1301466,0.3942356,-0.4041532,-0.5119547,-0.5567396,-0.2408946,-0.2260535,24,24,24,24,24,24,24,24,24,24,24,24,24,24,24,24
561,5610,-105.4609,-107.8457,-110.4115,-2.558957,-108.6225,-112.803,-104.2453,-33.60629,18.20949,32.9828,-10.56999,-81.82368,-125.2332,-106.4713,-105.291,-106.0709,24,24,24,24,24,24,24,24,24,24,24,24,24,24,24,24,561,5610,-105.8781,-105.1694,32.99846,-38.09505,0.2609915,-0.3681878,-0.2611793,-0.1303994,0.5177065,-0.3849344,0.1314461,-0.9429808,-0.2559926,8.026557E-05,0.1204489,0.3390706,24,24,24,24,24,24,24,24,24,24,24,24,24,24,24,24
562,5620,-108.2266,-108.4502,-107.2114,-2.558957,-106.6914,-113.5435,-103.8626,-33.85706,18.33335,33.35202,-9.027193,-82.2019,-128.5659,-116.8551,-115.3063,-117.159,24,24,24,24,24,24,24,24,24,24,24,24,24,24,24,24,562,5620,-109.3712,-108.0648,31.4271,-38.99873,-0.5269314,-0.8590695,1.926374E-05,1.042997,-0.6470962,0.7739977,-0.9197182,-3.210623E-05,-0.3839728,8.026557E-05,-0.9635817,-1.017228,24,24,24,24,24,24,24,24,24,24,24,24,24,24,24,24
563,5630,-115.3214,-115.2208,-116.9349,-3.533776,-120.8124,-130.8213,-111.7732,-36.99175,17.96176,32.24438,-13.77427,-90.14463,-138.445,-117.5712,-112.564,-111.856,24,24,24,24,24,24,24,24,24,24,24,24,24,24,24,24,563,5630,-103.9971,-105.4326,31.95094,-39.25693,-0.1329695,0.6135725,0.2612179,0.2607347,1.605311E-05,-1.672636,4.815934E-05,0.1346744,-0.2559926,0.4455349,-0.3613423,0.2260471,24,24,24,24,24,24,24,24,24,24,24,24,24,24,24,24
564,5640,-116.4036,-118.1224,-115.9502,-2.558957,-113.5709,-119.2205,-106.6696,-34.73478,18.95268,33.96737,-9.739255,-83.2105,-130.1133,-113.3938,-112.564,-114.387,24,24,24,24,24,24,24,24,24,24,24,24,24,24,24,24,564,5640,-107.2216,-106.2223,30.77242,-39.25693,0.2609915,-2.568498E-05,1.926374E-05,0.5214886,-1.035365,-0.3849344,0.2628408,-0.4041532,0.6398771,-0.3340123,1.203984E-06,0.2260471,24,24,24,24,24,24,24,24,24,24,24,24,24,24,24,24
565,5650,-114.7201,-115.0999,-115.3348,-2.315252,-115.9847,-124.157,-108.2007,-35.98866,17.71402,34.09044,-8.908517,-82.70621,-128.804,-112.439,-110.4179,-109.8072,24,24,24,24,24,24,24,24,24,24,24,24,24,24,24,24,565,5650,-108.9682,-109.5125,30.64147,-38.99873,0.7862743,0.2454136,0.1306194,-0.9126613,0.2588629,0.1301466,4.815934E-05,-3.210623E-05,-0.3839728,-0.6681033,-0.4817901,-0.4521038,24,24,24,24,24,24,24,24,24,24,24,24,24,24,24,24
566,5660,-110.1507,-111.4728,-111.15,-2.680809,-111.0363,-118.1098,-105.5212,-35.98866,17.96176,33.47509,-9.739255,-82.83228,-126.3044,-108.5003,-106.0063,-105.9504,24,24,24,24,24,24,24,24,24,24,24,24,24,24,24,24,566,5660,-107.4903,-105.4326,32.34377,-37.70776,0.3923124,-0.1227485,-0.914175,0.5214886,-0.1294058,-0.900015,-0.2627413,-0.2694467,-0.3839728,0.1114439,-0.1204465,0.2260471,24,24,24,24,24,24,24,24,24,24,24,24,24,24,24,24
567,5670,-110.7519,-110.2637,-109.0576,-2.1934,-107.657,-113.1732,-103.4798,-34.23323,18.58109,33.72123,-8.433809,-79.6804,-125.1142,-109.3358,-109.4641,-111.2534,24,24,24,24,24,24,24,24,24,24,24,24,24,24,24,24,567,5670,-104.1315,-104.7746,31.42715,-38.74054,0.3923124,-1.227228,-0.2611793,0.7822425,-0.1294058,0.1301466,-0.1313466,-0.2694467,0.2559332,0.4455349,-0.7226859,-1.130252,24,24,24,24,24,24,24,24,24,24,24,24,24,24,24,24
568,5680,-110.2709,-108.5711,-107.9498,-2.680809,-110.1915,-118.1098,-106.9248,-36.4902,17.71402,33.10588,-9.739255,-83.2105,-130.1133,-115.6616,-111.9679,-110.2892,24,24,24,24,24,24,24,24,24,24,24,24,24,24,24,24,568,5680,-108.162,-107.4068,30.64147,-38.99873,-0.6582523,-0.4909074,0.1306194,-2.247436E-05,0.3882847,-0.1273935,-1.051116,0.2693809,-0.1280107,-0.5567396,-0.7226859,0.1130203,24,24,24,24,24,24,24,24,24,24,24,24,24,24,24,24
569,5690,-109.7899,-112.5609,-111.6423,-2.924514,-109.8294,-115.2713,-103.3522,-34.60939,19.07655,31.99824,-9.14587,-81.44546,-127.8518,-111.8422,-108.0333,-108.843,24,24,24,24,24,24,24,24,24,24,24,24,24,24,24,24,569,5690,-107.0872,-108.1964,31.16526,-39.25693,-0.001649457,-0.1227485,-0.1305792,0.1303545,-0.1294058,-1.028785,-0.1313466,0.4040874,-0.6399365,0.8909895,-0.2408946,0.2260471,24,24,24,24,24,24,24,24,24,24,24,24,24,24,24,24
570,5700,-107.9861,-106.9994,-105.6113,-2.071548,-105.3638,-111.6923,-103.4798,-35.11094,18.33335,33.10587,-7.840426,-77.91535,-123.4479,-109.9325,-108.6294,-110.4098,24,24,24,24,24,24,24,24,24,24,24,24,24,24,24,24,570,5700,-113.8049,-113.4608,30.24863,-38.09505,0.9175944,0.1226939,-0.1305792,-0.6519073,-0.2588276,0.1301466,4.815934E-05,-0.4041532,0.5118968,-0.6681033,0.1204489,-0.3390771,24,24,24,24,24,24,24,24,24,24,24,24,24,24,24,24
571,5710,-110.9924,-109.4174,-110.0422,-3.411924,-112.726,-120.7014,-108.3282,-36.99175,17.71402,33.8443,-8.196456,-82.45406,-129.7562,-113.2745,-108.6294,-107.3967,24,24,24,24,24,24,24,24,24,24,24,24,24,24,24,24,571,5710,-104.6689,-104.7746,31.16526,-37.96597,-0.2642904,0.2454136,0.1306194,-0.6519073,0.7765533,1.031538,-0.5255854,0.942915,0.383915,0.2228076,0.6022406,-0.2260535,24,24,24,24,24,24,24,24,24,24,24,24,24,24,24,24
572,5720,-109.1887,-111.231,-113.4886,-2.315252,-111.3984,-117.3693,-104.6281,-34.73477,18.82882,32.36745,-9.383223,-83.84089,-128.4469,-111.8422,-109.1063,-110.4098,24,24,24,24,24,24,24,24,24,24,24,24,24,24,24,24,572,5720,-104.9376,-104.643,31.42715,-38.48235,0.5236325,-2.568498E-05,-0.914175,0.2607347,-0.388251,-0.7712445,0.3941842,-0.1346856,-0.5119547,8.026557E-05,-0.4817901,-0.2260535,24,24,24,24,24,24,24,24,24,24,24,24,24,24,24,24
573,5730,-110.2709,-110.0219,-108.196,-2.558957,-107.1742,-114.284,-102.9694,-33.85706,19.57201,33.35201,-9.145869,-82.20192,-126.8996,-110.768,-109.7025,-109.084,24,24,24,24,24,24,24,24,24,24,24,24,24,24,24,24,573,5730,-102.3849,-103.9849,31.95094,-36.5459,-0.7895724,-0.3681878,-0.2611793,1.042997,-0.5176744,0.001376554,-0.6569801,0.2694339,-3.210623E-05,-0.445376,-0.2408946,-0.678151,24,24,24,24,24,24,24,24,24,24,24,24,24,24,24,24
574,5740,-108.5874,-106.9994,-106.719,-2.558957,-105.6052,-111.322,-102.5866,-33.35551,19.44815,34.58271,-7.721749,-79.68043,-122.9718,-106.9487,-104.4564,-104.3836,24,24,24,24,24,24,24,24,24,24,24,24,24,24,24,24,574,5740,-107.0872,-108.328,32.08188,-38.48235,-0.001649457,-2.568498E-05,0.1306194,-0.2607764,0.1294395,-1.415096,-0.3941874,0.673555,-0.383976,0.6682622,0.4817924,-3.210623E-06,24,24,24,24,24,24,24,24,24,24,24,24,24,24,24,24
575,5750,-104.6192,-104.3395,-104.6266,-2.802662,-104.7604,-109.7177,-101.4383,-34.35861,18.58109,32.49052,-6.653658,-79.93257,-122.6147,-108.2616,-104.9333,-105.3478,24,24,24,24,24,24,24,24,24,24,24,24,24,24,24,24,575,5750,-104.2658,-103.7217,32.99851,-38.09505,0.3923124,0.7362953,-0.1305792,0.7822425,-0.5176744,-0.2561635,-0.3941874,-0.1346856,-0.5119579,0.4455349,5.297528E-05,0.565121,24,24,24,24,24,24,24,24,24,24,24,24,24,24,24,24
576,5760,-103.6572,-104.7022,-106.5959,-3.046366,-106.088,-110.3347,-101.4383,-33.73167,18.70495,33.8443,-7.840425,-79.8065,-124.281,-108.2616,-105.8871,-106.4325,24,24,24,24,24,24,24,24,24,24,24,24,24,24,24,24,576,5760,-100.504,-102.8004,32.60567,-36.93319,-0.2642904,-0.6136271,0.2612179,-0.7822843,0.5177065,0.2589166,-0.2627927,0.5388485,-0.128014,-0.3340123,-0.8430822,-0.4521552,24,24,24,24,24,24,24,24,24,24,24,24,24,24,24,24
577,5770,-106.3027,-106.7576,-107.5806,-2.437105,-106.6914,-111.1986,-102.7142,-33.85706,18.33335,32.9828,-8.433809,-80.05865,-123.6859,-108.8583,-107.0794,-108.843,24,24,24,24,24,24,24,24,24,24,24,24,24,24,24,24,577,5770,-102.3849,-102.6688,32.47472,-38.61145,-0.2642904,0.1226939,-0.7835765,-0.6519073,0.3882847,0.5164568,0.7883716,-0.2693937,-0.76792,-0.5567396,0.2409484,0.2259957,24,24,24,24,24,24,24,24,24,24,24,24,24,24,24,24
578,5780,-108.3469,-108.692,-109.5499,-2.437105,-109.9501,-117.4927,-105.2661,-35.4871,18.20949,32.85973,-9.383223,-83.08444,-127.8518,-112.9164,-109.8217,-109.6866,24,24,24,24,24,24,24,24,24,24,24,24,24,24,24,24,578,5780,-100.7727,-99.77341,31.68904,-37.19138,-0.001649457,-0.8590695,0.391818,0.5214886,-0.388251,0.2589166,-3.210623E-06,-0.2693937,0.2559316,8.026557E-05,-0.7226341,-0.6782023,24,24,24,24,24,24,24,24,24,24,24,24,24,24,24,24
579,5790,-109.9101,-111.5937,-110.9038,-3.290071,-108.9846,-113.9137,-102.8418,-33.35551,19.81974,33.35201,-8.78984,-82.20192,-125.3522,-109.0971,-106.7217,-106.7941,24,24,24,24,24,24,24,24,24,24,24,24,24,24,24,24,579,5790,-97.14513,-96.21996,31.95094,-37.70776,-0.3956113,-0.4909074,1.926374E-05,-2.247436E-05,0.7765533,-1.028785,-0.6569801,-0.1346856,0.6398755,0.2228076,5.297528E-05,-0.1130781,24,24,24,24,24,24,24,24,24,24,24,24,24,24,24,24
580,5800,-107.8659,-107.483,-108.4422,-2.924514,-105.9673,-109.9645,-101.8211,-33.73167,18.33335,32.85973,-9.85793,-80.94117,-123.4479,-106.8293,-105.1717,-106.312,24,24,24,24,24,24,24,24,24,24,24,24,24,24,24,24,580,5800,-100.3696,-101.0895,32.60567,-38.48235,-0.001649457,0.7362953,0.391818,-0.1303994,-0.1294058,-1.028785,0.6569769,0.404142,-0.128014,0.3341712,5.297528E-05,0.452046,24,24,24,24,24,24,24,24,24,24,24,24,24,24,24,24
581,5810,-105.1002,-104.2186,-104.3805,-2.071548,-105.6052,-111.322,-101.8211,-33.23012,19.32428,32.24438,-9.5019,-82.328,-124.281,-107.9035,-105.4102,-104.9862,24,24,24,24,24,24,24,24,24,24,24,24,24,24,24,24,581,5810,-107.2216,-105.5642,31.81999,-37.57867,0.3923124,-0.2454682,0.6530166,-1.173415,0.1294395,0.001376554,0.1313947,-0.2693937,-3.210623E-05,0.2228076,-0.1203951,0.112969,24,24,24,24,24,24,24,24,24,24,24,24,24,24,24,24
582,5820,-106.5432,-107.3621,-107.7037,-2.802662,-106.5708,-111.5689,-100.1624,-32.10163,19.07655,33.59815,-9.739253,-80.94117,-123.2098,-106.3519,-104.0987,-105.8299,24,24,24,24,24,24,24,24,24,24,24,24,24,24,24,24,582,5820,-107.6246,-110.1706,32.34377,-37.57867,-0.1329695,0.1226939,-0.6529765,-0.3911534,0.3882847,0.001376554,-0.2627927,0.5388485,-0.5119579,0.1114439,-0.4817387,0.5650696,24,24,24,24,24,24,24,24,24,24,24,24,24,24,24,24
583,5830,-106.3027,-106.6367,-106.3498,-1.949696,-105.3638,-110.4581,-101.0738,-32.97935,17.96176,33.35201,-10.21396,-80.68903,-122.3766,-106.4713,-105.291,-106.0709,24,24,24,24,24,24,24,24,24,24,24,24,24,24,24,24,583,5830,-111.1178,-110.1706,32.86756,-37.70776,0.6549534,-0.4909074,-0.522378,-0.2607764,0.2588629,-0.3849344,-3.210623E-06,-0.6735132,-0.6399397,0.1114439,-0.2408428,0.2259957,24,24,24,24,24,24,24,24,24,24,24,24,24,24,24,24
584,5840,-105.1002,-103.8559,-104.3805,-1.584139,-106.3294,-113.4201,-102.7328,-33.60629,19.20041,32.9828,-9.976606,-82.328,-124.8762,-109.4551,-106.4833,-106.553,24,24,24,24,24,24,24,24,24,24,24,24,24,24,24,24,584,5840,-108.6995,-107.1435,31.68904,-38.35325,-0.1329695,-0.6136271,-0.2611793,0.391163,-0.6470962,0.001376554,-1.182562,0.808263,0.6398755,-0.2226471,-0.4817387,-0.5651788,24,24,24,24,24,24,24,24,24,24,24,24,24,24,24,24
585,5850,-105.9419,-106.1531,-108.9345,-2.924514,-108.3811,-113.7903,-102.7328,-34.35861,18.7049,32.73666,-10.33264,-82.45407,-125.7093,-108.1422,-105.5294,-106.312,24,24,24,24,24,24,24,24,24,24,24,24,24,24,24,24,585,5850,-103.9971,-105.1694,32.86756,-37.70776,-0.2642904,-2.568498E-05,-0.1305792,-0.1303481,-0.388251,-0.7712445,-0.2627927,0.673555,-0.128014,0.6682622,5.297528E-05,-5.458059E-05,24,24,24,24,24,24,24,24,24,24,24,24,24,24,24,24
586,5860,-107.8659,-106.5158,-106.5959,-2.437105,-106.3294,-110.705,-102.0947,-32.85396,18.20943,34.45965,-9.264546,-80.68903,-124.162,-108.2616,-107.3179,-107.2762,24,24,24,24,24,24,24,24,24,24,24,24,24,24,24,24,586,5860,-104.5345,-103.4585,32.73662,-36.80409,0.7862743,-2.568498E-05,-0.1305792,-0.521479,-0.776518,0.001376554,0.7883716,-0.2693937,0.2559316,-0.3340123,0.3613965,-5.458059E-05,24,24,24,24,24,24,24,24,24,24,24,24,24,24,24,24
587,5870,-106.7837,-105.7903,-106.2267,-1.949696,-105.7259,-111.322,-102.3499,-34.10783,17.83784,33.8443,-7.721747,-79.05005,-121.6625,-105.1584,-103.1448,-103.1784,24,24,24,24,24,24,24,24,24,24,24,24,24,24,24,24,587,5870,-103.191,-104.2481,32.08188,-37.57867,-0.001649457,0.1226939,0.2612179,-1.042987,0.2588629,0.5164568,-0.3941874,0.673555,-3.210623E-05,-1.113558,-0.7226341,-0.2261049,24,24,24,24,24,24,24,24,24,24,24,24,24,24,24,24
588,5880,-105.8217,-106.2739,-107.0883,-3.655628,-106.6914,-112.6796,-102.4775,-34.86016,17.21851,31.62904,-9.620576,-80.56293,-123.924,-108.6196,-106.7217,-108.843,24,24,24,24,24,24,24,24,24,24,24,24,24,24,24,24,588,5880,-101.5788,-101.6159,33.39135,-36.675,0.2609915,-0.2454682,-0.3917778,0.391163,0.5177065,0.2589166,0.7883716,-0.2694451,-1.023884,8.026557E-05,5.297528E-05,-5.458059E-05,24,24,24,24,24,24,24,24,24,24,24,24,24,24,24,24
589,5890,-109.3089,-107.9666,-108.0729,-1.584139,-108.1397,-114.1605,-103.2432,-33.23012,18.08557,33.96737,-8.908516,-80.68901,-127.0186,-113.5132,-112.8025,-113.4228,24,24,24,24,24,24,24,24,24,24,24,24,24,24,24,24,589,5890,-100.3696,-101.0895,33.39135,-37.70776,-0.2642904,-0.8590695,1.926374E-05,0.9126709,-0.388251,0.2589166,-0.7883748,-0.9429792,-3.210623E-05,0.8909895,-0.8430822,-0.4521552,24,24,24,24,24,24,24,24,24,24,24,24,24,24,24,24
590,5900,-112.9164,-113.1654,-113.9809,-1.949696,-115.0192,-121.9355,-107.965,-36.11403,18.20943,33.59816,-7.959102,-81.19331,-128.4469,-110.1712,-106.9602,-105.7094,24,24,24,24,24,24,24,24,24,24,24,24,24,24,24,24,590,5900,-108.6995,-110.1706,32.47472,-37.83686,-1.314855,-0.2454682,1.926374E-05,-0.2607251,0.6471299,-0.3849344,-0.7883748,0.134676,0.5118936,0.1113893,-0.2408428,-0.1130781,24,24,24,24,24,24,24,24,24,24,24,24,24,24,24,24
591,5910,-106.9039,-107.6039,-106.3498,-2.558957,-104.1569,-109.7177,-99.15955,-33.60629,17.83784,31.87518,-9.5019,-79.68041,-120.8293,-104.3229,-102.6679,-103.2989,24,24,24,24,24,24,24,24,24,24,24,24,24,24,24,24,591,5910,-107.6246,-106.8803,32.21283,-38.35325,0.2609915,0.8590149,-0.522378,1.303802,0.1294395,-0.3849344,-0.1313979,-3.050092E-05,-0.5119579,0.1113893,0.7227401,0.2259957,24,24,24,24,24,24,24,24,24,24,24,24,24,24,24,24
592,5920,-104.0179,-104.2186,-104.1343,-2.315252,-103.5535,-108.2367,-99.15955,-32.47779,18.82877,33.59816,-8.671163,-78.29359,-120.5913,-105.2777,-104.814,-105.1068,24,24,24,24,24,24,24,24,24,24,24,24,24,24,24,24,592,5920,-104.6689,-105.9591,32.34377,-37.96597,0.5236325,0.1226939,0.391818,-0.391102,1.605311E-05,-0.2561635,-3.210623E-06,0.134676,0.2559316,-0.5567942,5.297528E-05,-0.2261049,24,24,24,24,24,24,24,24,24,24,24,24,24,24,24,24
593,5930,-105.2204,-103.8559,-103.5189,-2.802662,-104.0362,-110.5816,-101.5842,-33.98245,18.08557,33.22895,-9.145869,-80.56293,-124.281,-109.2164,-106.1256,-105.3478,24,24,24,24,24,24,24,24,24,24,24,24,24,24,24,24,593,5930,-106.8185,-107.2751,33.39135,-37.19138,0.1296714,0.3681332,-0.2611793,-0.6518559,-0.2588276,-0.2561635,-3.210623E-06,0.5387971,-0.5119579,-0.3340653,-0.1203951,0.2259957,24,24,24,24,24,24,24,24,24,24,24,24,24,24,24,24
594,5940,-103.8977,-106.2923,-107.3344,-2.924514,-105.4845,-111.1986,-99.54239,-32.35241,19.32423,32.73667,-10.09528,-82.95837,-124.4001,-106.2325,-104.814,-104.1426,24,24,24,24,24,24,24,24,24,24,24,24,24,24,24,24,594,5940,-106.9529,-104.7746,33.78418,-37.70776,0.6549534,-1.595391,1.926374E-05,0.6519169,-0.1294058,0.2589166,0.6569769,-0.9429792,-3.210623E-05,0.1113893,-0.8430822,-0.5651788,24,24,24,24,24,24,24,24,24,24,24,24,24,24,24,24
595,5950,-107.3849,-107.7434,-106.3498,-2.071548,-103.7948,-109.5942,-99.79762,-32.35241,19.4481,33.8443,-7.721747,-77.53714,-119.7581,-103.7261,-103.0256,-103.781,24,24,24,24,24,24,24,24,24,24,24,24,24,24,24,24,595,5950,-102.9223,-103.7217,32.21283,-36.93319,-0.1329695,-0.3681878,0.2612179,0.1304059,-0.776518,0.1301466,-1.051167,0.134676,0.1279497,-0.2227016,-0.9635299,-1.356353,24,24,24,24,24,24,24,24,24,24,24,24,24,24,24,24
596,5960,-102.9357,-101.3344,-100.688,-2.68081,-101.9845,-107.8665,-99.03194,-33.10473,18.82877,33.59816,-8.315131,-78.92397,-121.4244,-105.9938,-104.5756,-104.0221,24,24,24,24,24,24,24,24,24,24,24,24,24,24,24,24,596,5960,-101.0414,-100.6947,32.60567,-38.48235,-0.1329695,-0.1227485,-0.2611793,0.391163,0.5177065,-1.028785,0.1313947,0.5387971,-0.5119579,2.568498E-05,-0.2408428,-0.5651788,24,24,24,24,24,24,24,24,24,24,24,24,24,24,24,24
597,5970,-103.1762,-102.6646,-102.5342,-2.802663,-103.4328,-109.5942,-100.3081,-34.484,18.20943,32.24438,-7.721747,-78.54574,-119.9961,-104.2035,-101.3564,-101.3706,24,24,24,24,24,24,24,24,24,24,24,24,24,24,24,24,597,5970,-103.9971,-102.274,30.51052,-38.22416,1.180235,0.1226939,0.391818,-0.2607251,-0.2588276,0.001376554,0.3941842,-0.2694451,0.6398755,0.1113893,0.3613965,-0.1130781,24,24,24,24,24,24,24,24,24,24,24,24,24,24,24,24
598,5980,-102.6952,-102.5437,-101.7957,-2.193401,-100.7776,-105.1514,-97.11771,-32.10163,18.95263,33.96737,-6.534981,-75.89816,-115.8303,-99.07127,-98.37559,-97.63437,24,24,24,24,24,24,24,24,24,24,24,24,24,24,24,24,598,5980,-103.9971,-102.4056,33.65324,-37.32048,-0.3956113,0.9817346,0.2612179,-0.6518559,0.1294395,0.6452276,-0.2627927,0.5387971,-0.76792,-0.5567942,5.297528E-05,-0.1130781,24,24,24,24,24,24,24,24,24,24,24,24,24,24,24,24
599,5990,-99.56866,-98.91595,-98.71868,-2.071548,-97.51889,-100.9553,-96.09679,-31.85086,19.0765,33.35202,-6.772334,-74.38526,-114.521,-100.8616,-98.97174,-100.6474,24,24,24,24,24,24,24,24,24,24,24,24,24,24,24,24,599,5990,-100.3696,-99.64181,33.2604,-37.06228,-0.6582523,-0.1227485,-0.522378,0.52154,-0.1294058,-0.1273935,0.5255821,-0.2694451,-0.6399397,0.1113893,-0.2408428,0.3390193,24,24,24,24,24,24,24,24,24,24,24,24,24,24,24,24
600,6000,-100.0497,-99.52057,-100.0726,-2.68081,-100.6569,-107.6196,-99.03194,-34.10784,18.08557,31.75211,-7.721747,-79.17612,-120.1152,-106.5906,-103.741,-104.6247,24,24,24,24,24,24,24,24,24,24,24,24,24,24,24,24,600,6000,-99.83218,-101.0895,33.52229,-37.32048,0.5236325,-1.104509,0.391818,0.52154,-0.2588276,0.001376554,-0.6569801,-0.9429792,0.2559316,0.4454803,-0.4817387,-0.4521552,24,24,24,24,24,24,24,24,24,24,24,24,24,24,24,24
601,6010,-102.9357,-104.3575,-106.1036,-1.827844,-104.8811,-109.9645,-98.7767,-31.72548,18.95263,33.47509,-9.383223,-79.68041,-122.4957,-106.2325,-104.6948,-105.5889,24,24,24,24,24,24,24,24,24,24,24,24,24,24,24,24,601,6010,-105.7437,-103.7217,32.86756,-37.44957,-0.6582523,-2.568498E-05,-0.7835765,-0.1303481,0.2589127,-0.900015,-0.9197696,0.2693825,-3.210623E-05,2.568498E-05,-0.6021864,-5.458059E-05,24,24,24,24,24,24,24,24,24,24,24,24,24,24,24,24
602,6020,-107.6254,-106.2923,-106.8421,-2.315253,-105.8466,-112.5562,-102.4775,-33.73168,17.9617,32.85974,-8.552485,-81.57153,-127.0186,-115.3035,-112.9217,-113.4228,24,24,24,24,24,24,24,24,24,24,24,24,24,24,24,24,602,6020,-104.8032,-103.9849,33.2604,-38.86964,0.1296714,-2.568498E-05,1.926374E-05,2.88956E-05,0.3883345,-0.6424745,0.3941842,-3.050092E-05,-0.383976,0.7795713,0.4818442,0.2259957,24,24,24,24,24,24,24,24,24,24,24,24,24,24,24,24
603,6030,-114.1189,-113.0641,-113.7347,-1.949696,-115.5019,-125.8847,-107.4545,-35.48711,18.58103,32.6136,-9.383223,-83.96696,-129.8752,-113.3938,-108.1525,-107.2762,24,24,24,24,24,24,24,24,24,24,24,24,24,24,24,24,603,6030,-106.0124,-107.0119,32.08188,-37.70776,0.1296714,-2.568498E-05,0.5224165,-0.391102,-0.3882012,0.5164568,1.051164,-0.5388581,0.7678573,-0.8908852,-0.3612906,0.112969,24,24,24,24,24,24,24,24,24,24,24,24,24,24,24,24
604,6040,-110.0304,-111.7339,-111.6423,-2.437105,-107.2949,-110.2113,-99.92524,-32.4778,19.94356,33.8443,-8.315131,-79.05003,-120.4722,-102.4132,-102.3102,-103.6605,24,24,24,24,24,24,24,24,24,24,24,24,24,24,24,24,604,6040,-108.4308,-108.5912,32.47472,-36.5459,-0.5269314,0.2454136,-0.2611793,-0.7822329,0.2589127,0.3876867,-0.3941874,0.6735036,-0.76792,-0.111338,-0.2408428,0.5650696,24,24,24,24,24,24,24,24,24,24,24,24,24,24,24,24
605,6050,-104.0179,-103.8738,-104.1343,-1.584139,-103.7949,-108.9772,-100.6909,-33.60629,17.46624,33.35202,-8.077778,-78.29358,-121.9005,-107.6648,-105.6487,-107.0351,24,24,24,24,24,24,24,24,24,24,24,24,24,24,24,24,605,6050,-109.2369,-108.9861,34.70081,-37.83686,0.2609915,-0.9817892,-0.2611793,0.260786,-0.3882012,-0.1273935,-3.210623E-06,-0.4041516,-0.2559942,0.4454803,-0.1203951,-0.5651788,24,24,24,24,24,24,24,24,24,24,24,24,24,24,24,24
606,6060,-105.8216,-104.2366,-103.8881,-1.705991,-105.4845,-113.6669,-101.8395,-33.4809,19.32423,33.59816,-7.721749,-79.42825,-122.1386,-106.9487,-104.3371,-104.1426,24,24,24,24,24,24,24,24,24,24,24,24,24,24,24,24,606,6060,-111.1178,-110.5654,33.65324,-37.32048,0.2609915,-1.349948,-0.1305792,0.6519169,-0.2587778,0.001376554,-0.9197696,-3.050092E-05,0.1279497,-0.1113412,-1.083978,-0.9042526,24,24,24,24,24,24,24,24,24,24,24,24,24,24,24,24
607,6070,-103.0559,-104.3575,-105.4882,-2.315253,-105.2432,-111.322,-99.67001,-32.22703,18.95263,32.85974,-8.671163,-79.1761,-120.5913,-103.368,-101.1179,-101.6116,24,24,24,24,24,24,24,24,24,24,24,24,24,24,24,24,607,6070,-109.9086,-109.6441,32.99851,-39.12783,-0.5269314,0.2454136,0.7836151,0.52154,1.035448,-0.5137045,-0.6569801,-3.050092E-05,-3.210623E-05,-0.3340685,0.1204489,0.452046,24,24,24,24,24,24,24,24,24,24,24,24,24,24,24,24
608,6080,-104.4989,-103.9948,-103.765,-1.827844,-100.7776,-104.0406,-96.99009,-30.72237,18.82876,33.72123,-7.959102,-76.15031,-116.3064,-98.59386,-98.37559,-99.92432,24,24,24,24,24,24,24,24,24,24,24,24,24,24,24,24,608,6080,-103.5941,-104.7746,31.42715,-38.86964,0.5236325,0.2454136,-0.3917778,0.260786,6.742308E-05,-0.6424745,0.1313947,-0.2694451,-0.8959018,0.6682044,-0.2408946,0.2260503,24,24,24,24,24,24,24,24,24,24,24,24,24,24,24,24
609,6090,-101.3724,-101.4554,-99.70332,-1.705991,-98.36373,-105.645,-98.64909,-32.72858,18.58103,33.59816,-5.941412,-76.65461,-118.0917,-107.068,-106.0063,-111.374,24,24,24,24,24,24,24,24,24,24,24,24,24,24,24,24,609,6090,-106.6842,-105.8274,31.42715,-36.93319,-0.2642904,-0.2454682,0.391818,-1.173364,-0.2587778,0.3876867,0.3941842,0.4040906,0.2559316,-1.224979,-0.1204465,-0.1130235,24,24,24,24,24,24,24,24,24,24,24,24,24,24,24,24
610,6100,-110.1506,-110.022,-110.2884,-2.802663,-113.2088,-122.059,-107.3269,-35.73788,17.71397,32.98281,-9.145869,-82.95836,-127.3757,-110.8874,-107.0794,-105.8299,24,24,24,24,24,24,24,24,24,24,24,24,24,24,24,24,610,6100,-108.9682,-108.9861,32.73662,-37.57867,0.1296714,-2.568498E-05,-0.6529765,-0.391102,-0.9058917,-0.2561635,0.2627895,0.8082117,-0.5119579,0.2227498,0.3613448,0.1130268,24,24,24,24,24,24,24,24,24,24,24,24,24,24,24,24
611,6110,-106.1824,-107.3621,-108.5653,-1.827844,-106.2087,-109.3474,-101.7118,-32.60319,18.08557,33.35202,-9.85793,-80.31078,-123.924,-106.2326,-105.1717,-106.071,24,24,24,24,24,24,24,24,24,24,24,24,24,24,24,24,611,6110,-109.5056,-108.4596,32.60566,-38.61145,0.3923124,-0.8590695,-1.044775,0.6519169,0.1294892,0.2589166,0.1313947,-1.212392,-0.2559942,0.3341134,1.203984E-06,-0.4520974,24,24,24,24,24,24,24,24,24,24,24,24,24,24,24,24
612,6120,-106.5431,-105.6695,-105.4882,-1.705991,-103.9155,-110.0879,-100.5633,-32.4778,19.0765,33.35202,-8.196456,-80.18471,-123.2098,-108.3809,-106.364,-108.2404,24,24,24,24,24,24,24,24,24,24,24,24,24,24,24,24,612,6120,-108.4308,-107.0119,31.16525,-37.96597,-0.9208933,-0.6136271,1.926374E-05,0.391163,6.742308E-05,0.001376554,-0.5255854,0.134676,-3.210623E-05,0.1113861,-0.9635817,-0.2260471,24,24,24,24,24,24,24,24,24,24,24,24,24,24,24,24
613,6130,-106.4229,-107.9666,-106.596,-3.046367,-108.5018,-115.6415,-103.8813,-34.10784,18.58103,33.10588,-8.908516,-81.19331,-124.043,-107.9035,-104.4564,-104.2631,24,24,24,24,24,24,24,24,24,24,24,24,24,24,24,24,613,6130,-107.0872,-106.3539,32.21283,-39.12783,-0.1329695,0.3681332,0.1306194,2.88956E-05,-0.129356,-1.801406,-0.2627927,0.5387971,-0.128014,0.6682044,0.1204489,-0.2260471,24,24,24,24,24,24,24,24,24,24,24,24,24,24,24,24
614,6140,-102.5749,-106.1531,-106.719,-1.949696,-104.7604,-108.3601,-99.92524,-32.10164,18.82876,34.58272,-9.620576,-79.6804,-122.2576,-104.3229,-103.741,-103.4195,24,24,24,24,24,24,24,24,24,24,24,24,24,24,24,24,614,6140,-106.0124,-107.67,30.24863,-38.35325,-0.1329695,0.1226972,-0.522378,0.1304059,-0.5176246,-0.1273935,0.5255821,-3.050092E-05,-3.210623E-05,0.2227498,0.240897,0.3390771,24,24,24,24,24,24,24,24,24,24,24,24,24,24,24,24
615,6150,-106.0621,-105.5485,-103.8881,-1.827844,-103.3121,-107.8665,-100.29,-32.72858,19.44809,34.58272,-6.772334,-77.03283,-119.282,-104.2035,-102.3102,-103.781,24,24,24,24,24,24,24,24,24,24,24,24,24,24,24,24,615,6150,-108.2964,-106.7487,31.16525,-38.09505,0.1296714,-0.4909042,0.6529668,-0.7822329,-0.2587778,0.3876867,-0.3941874,0.5387971,-0.128014,-0.5567958,-0.6022382,-0.4520974,24,24,24,24,24,24,24,24,24,24,24,24,24,24,24,24
616,6160,-101.9737,-102.6469,-102.5342,-3.046367,-103.3121,-110.5816,-100.5452,-33.23013,19.81969,33.96737,-7.959102,-78.41965,-121.6625,-105.1584,-102.6679,-101.9732,24,24,24,24,24,24,24,24,24,24,24,24,24,24,24,24,616,6160,-106.4155,-106.3539,31.95093,-37.83686,0.1296714,0.2454168,-0.9142248,-0.1303481,0.2589127,0.001376554,0.6569769,-0.4041516,-0.76792,-0.2227048,0.6022406,0.1130268,24,24,24,24,24,24,24,24,24,24,24,24,24,24,24,24
617,6170,-100.2902,-100.7124,-102.6573,-1.584139,-102.8293,-106.1387,-99.52445,-32.10164,19.20041,34.58272,-8.315131,-77.53713,-119.7581,-101.339,-99.68713,-99.32171,24,24,24,24,24,24,24,24,24,24,24,24,24,24,24,24,617,6170,-103.7284,-104.1165,31.55809,-39.12783,0.1296714,-0.981786,-0.130629,0.391163,0.3883345,0.3876867,-3.210623E-06,-1.077686,0.6398755,0.4454771,-0.4817901,-0.6781477,24,24,24,24,24,24,24,24,24,24,24,24,24,24,24,24
618,6180,-100.8914,-103.3723,-103.8881,-1.218582,-100.2948,-104.1641,-96.71745,-30.22083,19.69588,33.96737,-8.315131,-77.91535,-117.4966,-102.0551,-100.5217,-102.3348,24,24,24,24,24,24,24,24,24,24,24,24,24,24,24,24,618,6180,-104.6689,-105.1694,29.85579,-37.96597,-0.9208933,-0.3681846,0.3917682,0.391163,6.742308E-05,0.2589166,-0.9197696,0.134676,0.1279497,0.1113861,-0.6022382,-0.4520974,24,24,24,24,24,24,24,24,24,24,24,24,24,24,24,24
619,6190,-101.7332,-101.6796,-100.1957,-2.924515,-99.32925,-105.2748,-96.97263,-31.22392,19.69588,34.09044,-6.653658,-76.27638,-116.1873,-101.4584,-100.164,-99.80379,24,24,24,24,24,24,24,24,24,24,24,24,24,24,24,24,619,6190,-106.0124,-105.5642,32.21283,-37.70776,-0.7895724,0.1226972,-0.130629,-0.6518559,-0.129356,-0.900015,-0.1313979,-0.4041516,0.5118936,0.2227498,-0.1204465,-0.2260471,24,24,24,24,24,24,24,24,24,24,24,24,24,24,24,24
620,6200,-99.80917,-99.38249,-99.70335,-1.827844,-100.5362,-105.028,-99.14168,-32.60319,18.45722,33.8443,-8.552486,-78.54574,-120.5913,-103.01,-102.0717,-100.8885,24,24,24,24,24,24,24,24,24,24,24,24,24,24,24,24,620,6200,-107.4903,-108.9861,30.90336,-37.96597,-0.001649457,0.3681364,0.1305696,-0.6518559,-0.3882012,0.001376554,0.7883716,-0.6735646,0.3839118,0.3341134,-0.1204465,0.3390771,24,24,24,24,24,24,24,24,24,24,24,24,24,24,24,24
621,6210,-101.7332,-103.4932,-104.6266,-2.071548,-103.3121,-107.4962,-98.24854,-31.4747,19.57201,33.72123,-9.027193,-78.54574,-120.7103,-103.1293,-101.8333,-102.5758,24,24,24,24,24,24,24,24,24,24,24,24,24,24,24,24,621,6210,-113.9392,-114.3821,31.2962,-38.35325,0.6549534,-0.4909042,0.3917682,-0.7822329,0.2589127,0.2589166,0.2627895,0.4040906,-2.88956E-05,-0.6681595,-1.084029,-0.3390739,24,24,24,24,24,24,24,24,24,24,24,24,24,24,24,24
622,6220,-105.1001,-104.944,-104.2574,-2.924515,-103.5535,-110.705,-101.0555,-33.4809,18.58109,33.72123,-8.671163,-80.05864,-122.7337,-108.6197,-106.7217,-108.2404,24,24,24,24,24,24,24,24,24,24,24,24,24,24,24,24,622,6220,-107.0872,-106.6171,32.34377,-36.80409,-0.001649457,-0.7363435,-1.044823,-0.1303481,-0.5176246,-0.5137045,0.9197664,-0.2694451,-0.7679183,0.6682044,-0.4817901,3.210623E-06,24,24,24,24,24,24,24,24,24,24,24,24,24,24,24,24
623,6230,-105.7014,-104.944,-106.1036,-1.827844,-107.4156,-113.2967,-103.2246,-33.60629,18.33335,34.33657,-9.620577,-81.31938,-126.6615,-109.2164,-106.6025,-104.6247,24,24,24,24,24,24,24,24,24,24,24,24,24,24,24,24,623,6230,-104.4002,-106.4855,32.34377,-37.83686,-0.001649457,-1.104506,-0.130629,2.88956E-05,-0.2587778,0.5164568,-0.2627927,-0.5388581,0.383915,0.3341134,-0.9635817,-1.243272,24,24,24,24,24,24,24,24,24,24,24,24,24,24,24,24
624,6240,-106.5431,-107.9666,-108.9345,-1.462287,-106.3294,-108.8538,-100.8004,-33.10474,19.20041,34.33657,-7.840425,-80.05864,-124.5191,-108.1422,-106.1256,-107.7583,24,24,24,24,24,24,24,24,24,24,24,24,24,24,24,24,624,6240,-111.6552,-110.4338,31.95093,-37.96597,-0.1329695,0.1226972,0.6529668,-0.391102,0.3883345,-1.028785,-0.6569801,-0.8082727,-2.88956E-05,-0.2227048,-0.1204465,0.3390706,24,24,24,24,24,24,24,24,24,24,24,24,24,24,24,24
625,6250,-108.7076,-109.2965,-107.5806,-2.68081,-106.3294,-112.4328,-103.6074,-36.23943,16.97083,32.49052,-6.772334,-78.29359,-124.4001,-112.0809,-109.4641,-111.615,24,24,24,24,24,24,24,24,24,24,24,24,24,24,24,24,625,6250,-106.5498,-107.5384,31.81999,-38.22416,-0.3956113,0.3681364,-0.5224261,0.52154,-0.129356,-0.900015,-3.210623E-06,-3.050092E-05,-1.02388,0.3341134,0.4817924,0.1130203,24,24,24,24,24,24,24,24,24,24,24,24,24,24,24,24
626,6260,-112.1949,-111.1101,-111.0269,-2.071548,-112.1226,-119.3439,-106.9248,-35.6125,18.20949,33.59815,-9.85793,-83.46267,-130.7084,-111.0068,-108.5102,-106.7941,24,24,24,24,24,24,24,24,24,24,24,24,24,24,24,24,626,6260,-106.9529,-108.1964,30.90336,-38.09505,0.2609915,-0.4909042,0.9141654,-0.1303481,-0.129356,-0.5137045,0.1313947,0.2693825,0.1279513,0.1113861,0.240897,0.1130203,24,24,24,24,24,24,24,24,24,24,24,24,24,24,24,24
627,6270,-112.1949,-113.6491,-112.7501,-1.827844,-108.6225,-113.1732,-103.3522,-33.23013,19.32428,33.8443,-9.5019,-81.57153,-124.7571,-108.2616,-106.841,-107.6377,24,24,24,24,24,24,24,24,24,24,24,24,24,24,24,24,627,6270,-116.0889,-116.751,31.42715,-38.35325,-0.3956113,0.3681364,-0.6530262,-1.303741,6.742308E-05,0.001376554,-0.2627927,0.6735036,-0.7679183,-0.7795247,1.203984E-06,0.4520974,24,24,24,24,24,24,24,24,24,24,24,24,24,24,24,24
628,6280,-107.8659,-107.7248,-105.4882,-2.193349,-105.1225,-112.9264,-101.6935,-33.98245,18.58109,32.9828,-9.027193,-80.81509,-123.6859,-108.9777,-107.1987,-107.3967,24,24,24,24,24,24,24,24,24,24,24,24,24,24,24,24,628,6280,-108.162,-107.6699,31.81999,-38.09505,0.7862743,-0.7363435,-0.130629,0.391163,-0.129356,-0.6424745,-3.210623E-06,-0.5388581,-0.3839728,0.1113861,1.203984E-06,0.1130203,24,24,24,24,24,24,24,24,24,24,24,24,24,24,24,24
629,6290,-102.0939,-104.4604,-106.3498,-1.949644,-107.0535,-113.1732,-101.0555,-32.97935,20.31521,34.09044,-9.264546,-82.328,-126.6615,-108.0229,-106.364,-105.1068,24,24,24,24,24,24,24,24,24,24,24,24,24,24,24,24,629,6290,-105.878,-107.8016,31.5581,-37.06228,-0.3956113,-0.6136239,0.7835669,0.260786,-0.6470464,0.5164568,-0.6569801,-0.2694451,0.1279513,0.8909333,-0.3613423,-0.5651274,24,24,24,24,24,24,24,24,24,24,24,24,24,24,24,24
630,6300,-109.5494,-110.5056,-109.9192,-2.80261,-107.0535,-110.8284,-100.928,-31.72548,19.94361,33.47508,-9.85793,-80.31078,-122.9718,-105.3971,-104.3371,-105.9504,24,24,24,24,24,24,24,24,24,24,24,24,24,24,24,24,630,6300,-107.4903,-107.4067,32.99851,-37.96597,-0.001649457,0.4908528,0.6529668,-0.1303481,0.7766031,-0.1273935,0.2627895,-0.5388581,0.2559332,0.3341134,-0.1204465,-3.210623E-06,24,24,24,24,24,24,24,24,24,24,24,24,24,24,24,24
631,6310,-106.3026,-106.0322,-104.8728,-2.680758,-105.7259,-114.1605,-101.4566,-33.10474,19.07655,33.10587,-8.78984,-81.94976,-125.3522,-110.2906,-107.914,-108.9635,24,24,24,24,24,24,24,24,24,24,24,24,24,24,24,24,631,6310,-105.878,-103.3268,31.81999,-37.32048,0.3923124,0.7362953,-0.3918276,0.391163,-0.3882012,-0.3849344,0.1313947,-0.2694451,-0.3839728,2.247436E-05,-0.2408946,-3.210623E-06,24,24,24,24,24,24,24,24,24,24,24,24,24,24,24,24
632,6320,-108.9481,-110.5056,-109.3037,-2.193349,-108.3811,-115.8883,-102.6051,-32.85396,19.69588,34.2135,-8.78984,-81.19331,-125.4713,-106.9487,-105.5294,-104.7452,24,24,24,24,24,24,24,24,24,24,24,24,24,24,24,24,632,6320,-107.6246,-111.7498,32.60567,-37.19138,0.3923124,-0.3681878,0.6529668,-1.434118,0.1294892,0.7739977,0.1313947,1.077625,0.2559332,-1.336341,-0.7226859,-0.4521038,24,24,24,24,24,24,24,24,24,24,24,24,24,24,24,24
633,6330,-107.6254,-107.2412,-108.0729,-2.558906,-106.2087,-110.0879,-101.4566,-32.60318,18.58109,33.22894,-9.739253,-81.57153,-123.6859,-107.5455,-106.7217,-107.8788,24,24,24,24,24,24,24,24,24,24,24,24,24,24,24,24,633,6330,-112.4613,-112.6711,32.21283,-37.06228,0.2609915,0.3681332,-0.7836247,-0.521479,0.3883345,-0.1273935,-0.1313979,0.4040906,-0.7679183,2.247436E-05,1.084032,0.2260471,24,24,24,24,24,24,24,24,24,24,24,24,24,24,24,24
634,6340,-106.0621,-105.6695,-105.4882,-1.827792,-105.7259,-114.0371,-102.0947,-33.60629,19.20042,33.22895,-8.315133,-81.82368,-125.9474,-112.3196,-109.1063,-109.5661,24,24,24,24,24,24,24,24,24,24,24,24,24,24,24,24,634,6340,-105.3406,-104.7745,33.12946,-37.57867,0.9175944,-1.227228,-2.88956E-05,2.88956E-05,6.742308E-05,-0.1273935,-0.7883748,-0.5388581,-0.5119547,0.2227498,-0.8431336,-0.2260535,24,24,24,24,24,24,24,24,24,24,24,24,24,24,24,24
635,6350,-104.3786,-103.2514,-107.7037,-2.80261,-105.7259,-110.0879,-100.6909,-32.35241,19.69588,33.22895,-9.976606,-82.83229,-126.0664,-107.7842,-105.6487,-104.7452,24,24,24,24,24,24,24,24,24,24,24,24,24,24,24,24,635,6350,-101.4444,-101.3527,32.21283,-37.44957,-1.052214,-0.6136271,-0.5224261,0.260786,0.2589127,0.001376554,-0.7883235,-3.050092E-05,-0.1280107,-0.2227048,-0.1204465,-0.9042013,24,24,24,24,24,24,24,24,24,24,24,24,24,24,24,24
636,6360,-107.8659,-107.2412,-107.7037,-2.071496,-104.2776,-108.1133,-99.79762,-31.4747,19.44815,34.33658,-8.433809,-78.67181,-120.8293,-105.039,-104.3371,-105.3478,24,24,24,24,24,24,24,24,24,24,24,24,24,24,24,24,636,6360,-99.56346,-100.9579,32.47472,-38.09505,0.1296714,-2.568498E-05,0.2611697,0.1304059,-0.3882012,-1.543866,0.5256335,-3.050092E-05,-0.2559926,0.6682044,1.203984E-06,-3.210623E-06,24,24,24,24,24,24,24,24,24,24,24,24,24,24,24,24
637,6370,-105.2204,-104.7022,-104.1343,-2.071496,-103.4328,-109.8411,-100.6909,-33.73167,17.96176,32.49053,-7.959102,-79.17612,-121.1864,-108.381,-105.4102,-106.312,24,24,24,24,24,24,24,24,24,24,24,24,24,24,24,24,637,6370,-103.3253,-102.5372,31.68904,-37.19138,-0.1329695,-0.4909074,-0.2612275,0.260786,-0.9058917,0.001376554,-0.1313466,-0.134737,0.3838653,0.2227498,0.1204489,0.2260471,24,24,24,24,24,24,24,24,24,24,24,24,24,24,24,24
638,6380,-104.2584,-103.6141,-104.3804,-2.680758,-106.088,-111.9391,-102.3499,-35.4871,16.97083,31.75211,-8.908516,-80.56293,-124.6381,-107.3067,-103.8602,-103.781,24,24,24,24,24,24,24,24,24,24,24,24,24,24,24,24,638,6380,-103.8628,-103.4584,32.73662,-36.675,0.1296714,-0.2454682,0.1305696,-0.7822329,-0.2587778,0.001376554,0.2628408,0.6735036,-0.2560408,-0.4454289,-0.7226859,0.1130203,24,24,24,24,24,24,24,24,24,24,24,24,24,24,24,24
639,6390,-105.9419,-106.9994,-107.5806,-1.827792,-105.9673,-109.9645,-101.5842,-32.97935,18.08562,34.09044,-9.264544,-78.67181,-122.8527,-106.5906,-104.9333,-105.8299,24,24,24,24,24,24,24,24,24,24,24,24,24,24,24,24,639,6390,-103.3253,-103.4584,33.2604,-36.80409,0.6549534,0.1226939,-0.3918276,-0.1303481,0.2589127,0.001376554,0.5256335,0.2693825,-0.1280589,0.3341167,0.240897,-3.210623E-06,24,24,24,24,24,24,24,24,24,24,24,24,24,24,24,24
640,6400,-106.4229,-104.944,-105.6113,-1.949644,-106.3294,-113.9137,-104.2641,-35.11094,16.97083,32.73667,-8.552485,-81.69761,-129.6371,-116.6164,-113.041,-112.9407,24,24,24,24,24,24,24,24,24,24,24,24,24,24,24,24,640,6400,-106.2811,-106.2222,32.47472,-39.12783,0.6549534,-0.7363467,0.2611697,0.1304059,-0.129356,0.001376554,0.5256335,-3.050092E-05,-7.866025E-05,-0.2227016,-0.6022382,-0.1130332,24,24,24,24,24,24,24,24,24,24,24,24,24,24,24,24
641,6410,-111.5936,-113.1654,-116.3195,-2.924463,-114.7778,-120.9482,-106.8164,-35.98865,17.71403,32.36745,-10.09528,-83.21052,-127.7327,-108.9777,-105.1717,-105.5889,24,24,24,24,24,24,24,24,24,24,24,24,24,24,24,24,641,6410,-105.3407,-102.932,31.81999,-37.06228,-0.3956113,-1.104509,0.7835669,0.52154,0.3883345,-0.3849344,-0.7883235,-3.050092E-05,-0.1280589,-0.2227016,-0.1204465,-0.5651338,24,24,24,24,24,24,24,24,24,24,24,24,24,24,24,24
642,6420,-107.8659,-107.9853,-107.2113,-1.949644,-105.8466,-109.9645,-101.2014,-32.10163,18.33335,33.96737,-8.433809,-79.05004,-122.2576,-107.4261,-106.3641,-108.2404,24,24,24,24,24,24,24,24,24,24,24,24,24,24,24,24,642,6420,-103.9971,-105.6958,31.95094,-38.48235,0.1296714,0.1226939,-0.2612275,0.52154,0.1294892,-0.6424745,1.051216,-3.050092E-05,0.3838653,0.222753,1.203984E-06,0.3390642,24,24,24,24,24,24,24,24,24,24,24,24,24,24,24,24
643,6430,-105.7014,-104.4785,-104.3804,-1.584087,-105.0018,-112.5562,-102.2223,-34.60939,18.08562,33.22895,-8.789838,-81.69761,-128.5659,-115.6616,-111.014,-110.8919,24,24,24,24,24,24,24,24,24,24,24,24,24,24,24,24,643,6430,-106.4155,-106.8803,31.42715,-36.80409,-0.001649457,-0.3681878,0.6529668,-0.391102,-0.3882012,0.1301466,-0.2627413,-0.4041516,0.3838653,-0.6681579,0.4817924,0.3390642,24,24,24,24,24,24,24,24,24,24,24,24,24,24,24,24
644,6440,-109.6696,-110.8874,-111.3961,-2.558906,-110.6743,-117.9863,-103.7537,-34.35861,18.58109,32.36745,-10.68867,-82.95837,-126.7805,-107.7842,-104.8141,-106.0709,24,24,24,24,24,24,24,24,24,24,24,24,24,24,24,24,644,6440,-105.2063,-105.0378,33.2604,-35.90042,0.3923124,0.6135725,-2.88956E-05,-0.9126099,0.5177578,0.3876867,-0.394136,0.9429181,-0.5120044,-0.6681579,0.1204489,0.1130171,24,24,24,24,24,24,24,24,24,24,24,24,24,24,24,24
645,6450,-107.7456,-107.0179,-106.719,-2.315201,-103.9155,-107.4962,-99.03193,-31.4747,18.20949,34.09044,-9.383223,-78.04144,-120.8293,-105.7551,-105.6487,-107.5172,24,24,24,24,24,24,24,24,24,24,24,24,24,24,24,24,645,6450,-100.504,-100.9579,32.99851,-37.19138,0.1296714,-0.3681878,-0.6530262,-0.391102,0.2589127,0.5164576,0.2628408,-1.212392,-7.866025E-05,0.1113893,-0.3613423,-9.631868E-06,24,24,24,24,24,24,24,24,24,24,24,24,24,24,24,24
646,6460,-108.9482,-107.1388,-106.8421,-2.315201,-107.1742,-116.5054,-103.4985,-34.10783,18.45722,33.47509,-8.908516,-82.07584,-128.6849,-115.0648,-112.0871,-110.5303,24,24,24,24,24,24,24,24,24,24,24,24,24,24,24,24,646,6460,-100.504,-102.274,31.68904,-36.4168,-0.1329695,-0.7362985,0.3917682,0.6519169,-0.3882012,0.001376554,-0.7883235,-0.134737,0.6398289,0.3341167,-0.7226859,-0.9042076,24,24,24,24,24,24,24,24,24,24,24,24,24,24,24,24
647,6470,-110.1507,-112.9432,-115.0886,-3.046315,-114.7778,-122.1824,-106.0507,-35.11094,17.83789,32.36745,-11.87543,-85.73201,-129.2801,-109.4551,-109.2256,-110.8919,24,24,24,24,24,24,24,24,24,24,24,24,24,24,24,24,647,6470,-103.3254,-102.1423,31.95094,-37.96597,-0.7895724,-0.24542,0.2611697,-0.6518559,0.1294892,-0.3849344,-0.1313466,0.2693825,0.6398289,-0.5567942,0.1204489,-0.1130332,24,24,24,24,24,24,24,24,24,24,24,24,24,24,24,24
648,6480,-114.4796,-113.5478,-111.6423,-2.193349,-105.4845,-110.5815,-101.2014,-33.10474,18.95268,33.59816,-8.077778,-77.53714,-121.0674,-106.2326,-106.841,-109.084,24,24,24,24,24,24,24,24,24,24,24,24,24,24,24,24,648,6480,-101.8475,-100.4314,31.95094,-37.19138,-0.2642904,0.7363435,-0.6530262,0.6518688,-0.5176246,-0.2561643,0.1314461,0.8082117,-0.6399847,0.6682076,1.203984E-06,-0.1130332,24,24,24,24,24,24,24,24,24,24,24,24,24,24,24,24
649,6490,-108.4671,-107.1388,-105.4882,-3.168167,-107.5363,-116.382,-104.1365,-34.86016,19.0765,34.70579,-7.840425,-80.94116,-127.9708,-115.0648,-111.6102,-110.1687,24,24,24,24,24,24,24,24,24,24,24,24,24,24,24,24,649,6490,-98.62301,-98.85212,32.34377,-36.80409,0.2609915,0.3681814,-0.130629,-1.043035,-0.3882526,0.2589166,0.1314461,-0.134737,-7.866025E-05,-1.336341,-0.6022382,-0.1130332,24,24,24,24,24,24,24,24,24,24,24,24,24,24,24,24
650,6500,-107.1444,-107.5016,-108.196,-2.437053,-109.1053,-114.901,-102.6051,-34.23323,18.45717,32.6136,-8.433809,-80.18471,-124.281,-105.7551,-102.7871,-101.4911,24,24,24,24,24,24,24,24,24,24,24,24,24,24,24,24,650,6500,-102.5192,-102.5372,33.91513,-36.93319,-0.5269314,0.6136239,-0.5224261,-1.043035,0.5177065,0.9027677,-0.394136,0.9429181,-0.5120044,0.556844,1.203984E-06,0.5651146,24,24,24,24,24,24,24,24,24,24,24,24,24,24,24,24
651,6510,-102.0939,-103.5111,-102.5342,-2.193349,-100.0534,-103.7938,-95.96917,-30.22082,19.20036,33.35202,-8.908516,-77.53714,-119.282,-101.9358,-101.9525,-103.6605,24,24,24,24,24,24,24,24,24,24,24,24,24,24,24,24,651,6510,-104.1315,-102.932,33.78418,-37.57867,0.3923124,-1.104461,0.1305696,0.1303577,-0.3882526,0.1301466,0.3942356,-1.481807,-7.866025E-05,0.4454803,-0.7226859,-0.3390835,24,24,24,24,24,24,24,24,24,24,24,24,24,24,24,24
652,6520,-107.1444,-106.2923,-105.1189,-2.680758,-104.8811,-112.4327,-102.7328,-34.484,17.71397,33.47509,-7.484396,-79.42825,-127.4947,-115.4229,-111.9679,-112.4586,24,24,24,24,24,24,24,24,24,24,24,24,24,24,24,24,652,6520,-98.35431,-97.79924,31.5581,-37.96597,-0.2642904,-0.6135789,-0.3918276,-0.2607732,-0.1294074,0.001376554,-0.9197182,0.2694339,0.255885,-0.4454289,-0.6022382,-0.5651338,24,24,24,24,24,24,24,24,24,24,24,24,24,24,24,24
653,6530,-110.2709,-110.2828,-111.0269,-2.680758,-113.3295,-120.9482,-105.2851,-34.98555,18.08557,31.99825,-10.56999,-83.33658,-127.9708,-110.8874,-107.6756,-108.3609,24,24,24,24,24,24,24,24,24,24,24,24,24,24,24,24,653,6530,-95.80161,-94.3774,31.5581,-38.22416,0.3923124,-0.24542,0.5223683,0.7822458,-0.6470978,-1.543866,0.2628408,-0.4041002,-0.6399847,0.6682076,0.3613448,-0.1130332,24,24,24,24,24,24,24,24,24,24,24,24,24,24,24,24
654,6540,-109.9101,-111.1293,-109.5499,-2.437053,-103.5535,-107.8665,-98.13863,-31.4747,18.7049,33.22895,-9.145869,-77.53713,-118.8059,-100.8616,-100.5217,-100.4064,24,24,24,24,24,24,24,24,24,24,24,24,24,24,24,24,654,6540,-98.48866,-98.45729,30.51052,-37.19138,0.6549534,0.2454617,0.9141654,-0.2607732,-0.7765212,-0.2561635,-0.1313466,-0.6735132,0.7678108,-0.1112834,1.203984E-06,0.1130171,24,24,24,24,24,24,24,24,24,24,24,24,24,24,24,24
655,6550,-105.1002,-103.9948,-102.9035,-2.437053,-102.3465,-107.126,-99.28716,-32.72858,18.7049,33.35202,-7.009687,-75.89815,-116.5444,-101.9358,-100.9987,-102.5758,24,24,24,24,24,24,24,24,24,24,24,24,24,24,24,24,655,6550,-104.4002,-105.5642,32.47472,-37.83686,-0.6582523,0.6136239,-0.2612275,-1.043035,-0.1294074,-0.1273935,-0.525534,0.1347274,-0.8959484,0.3341712,-0.1204465,-0.1130332,24,24,24,24,24,24,24,24,24,24,24,24,24,24,24,24
656,6560,-100.0497,-98.43225,-98.59558,-2.80261,-98.60511,-106.2621,-97.24532,-32.35241,19.20036,32.36745,-7.840425,-77.91535,-118.6869,-103.9648,-101.4756,-101.6116,24,24,24,24,24,24,24,24,24,24,24,24,24,24,24,24,656,6560,-100.907,-99.64177,33.52229,-37.57867,0.7862743,-0.1227004,0.1305696,0.1303577,0.6471283,-0.1273935,0.6570283,-0.8082213,0.1279032,8.026557E-05,-0.1204465,-0.2260535,24,24,24,24,24,24,24,24,24,24,24,24,24,24,24,24
657,6570,-99.44843,-100.488,-101.3034,-2.437053,-100.8982,-105.5216,-97.37292,-31.72548,19.20036,33.59816,-8.908516,-78.29358,-120.2342,-102.0551,-101.1179,-101.3706,24,24,24,24,24,24,24,24,24,24,24,24,24,24,24,24,657,6570,-101.1757,-100.563,31.2962,-37.83686,-0.6582523,-0.7362985,0.2611697,0.3911116,-0.3882526,-0.5137045,-0.7883235,0.673555,0.3838653,-0.5567396,-0.3613423,-0.678151,24,24,24,24,24,24,24,24,24,24,24,24,24,24,24,24
658,6580,-104.0179,-104.7022,-105.6113,-2.315201,-102.3465,-107.6196,-98.64908,-31.85086,19.81969,34.95193,-5.941411,-74.88955,-117.4966,-103.6068,-102.4294,-104.3837,24,24,24,24,24,24,24,24,24,24,24,24,24,24,24,24,658,6580,-102.788,-102.1423,31.42715,-39.12783,0.2609915,0.1227421,-2.88956E-05,0.9126227,-0.3882526,-1.286326,0.2628408,0.673555,-0.2560408,0.1114439,-0.2408946,-0.2260535,24,24,24,24,24,24,24,24,24,24,24,24,24,24,24,24
659,6590,-103.1762,-103.735,-102.165,-2.558906,-102.5879,-110.7049,-100.0528,-33.98245,18.3333,33.35202,-6.772334,-78.6718,-121.6625,-108.0229,-105.8871,-106.1915,24,24,24,24,24,24,24,24,24,24,24,24,24,24,24,24,659,6590,-105.3407,-102.6688,29.20101,-39.25693,0.6549534,0.7363435,-0.7836247,-0.1303962,-0.7765212,0.2589166,0.1314461,-0.5388067,1.023773,-0.7794669,0.1204489,0.565121,24,24,24,24,24,24,24,24,24,24,24,24,24,24,24,24
660,6600,-102.6952,-103.1305,-104.0112,-2.315253,-104.8811,-110.4581,-100.1805,-32.97935,19.69583,33.47509,-8.78984,-80.1847,-123.3288,-103.9648,-102.0717,-100.0448,24,24,24,24,24,24,24,24,24,24,24,24,24,24,24,24,660,6600,-103.8628,-105.6958,30.64142,-38.99873,0.6549534,-0.24542,-0.130629,-0.912658,0.2588613,-0.5137045,0.1314461,0.5388485,-0.3840226,-0.445376,-0.1204465,-0.5651274,24,24,24,24,24,24,24,24,24,24,24,24,24,24,24,24
661,6610,-105.2204,-106.3949,-106.596,-2.315253,-101.0189,-103.1768,-96.09678,-30.72237,20.19129,33.22895,-7.484396,-77.91535,-119.0439,-103.368,-102.3102,-104.1426,24,24,24,24,24,24,24,24,24,24,24,24,24,24,24,24,661,6610,-105.072,-103.8533,31.81994,-37.96597,1.048915,-0.3681396,-0.6530262,0.1303577,1.605311E-05,0.2589166,0.6570283,-0.4041002,-0.8959484,-0.445376,0.240897,-0.2260535,24,24,24,24,24,24,24,24,24,24,24,24,24,24,24,24
662,6620,-106.1824,-106.6367,-104.7497,-2.68081,-103.5535,-111.8157,-100.0528,-33.35551,19.69583,33.10588,-7.484396,-80.05862,-123.6859,-111.2454,-109.1063,-110.1687,24,24,24,24,24,24,24,24,24,24,24,24,24,24,24,24,662,6620,-104.6689,-104.3797,31.95088,-38.74054,-0.2642904,-0.8590181,-0.2612275,1.303754,-0.6470978,0.3876867,-0.525534,0.1347274,0.5118471,0.6682622,-0.8431336,-0.7911777,24,24,24,24,24,24,24,24,24,24,24,24,24,24,24,24
663,6630,-107.5051,-107.2412,-104.0112,-2.802663,-108.1398,-114.284,-103.6074,-34.10784,18.82877,32.73667,-9.976606,-82.58012,-128.804,-110.0519,-107.4371,-107.6378,24,24,24,24,24,24,24,24,24,24,24,24,24,24,24,24,663,6630,-105.072,-105.301,30.11764,-38.61145,-0.5269314,-0.6135757,0.6529652,0.3911116,1.605311E-05,-1.028785,-1.182511,0.1347274,-0.1280589,-0.445376,-0.2408946,-0.1130268,24,24,24,24,24,24,24,24,24,24,24,24,24,24,24,24
664,6640,-112.4354,-112.5609,-112.0116,-2.558958,-107.657,-112.1859,-99.90723,-31.09854,20.31516,34.82886,-7.840425,-78.54573,-120.1152,-103.2487,-102.191,-103.299,24,24,24,24,24,24,24,24,24,24,24,24,24,24,24,24,664,6640,-103.8628,-101.4843,30.77237,-39.64421,0.5236325,0.3681846,-0.1306306,0.6518688,1.605311E-05,-0.900015,0.1314461,0.673555,-0.3840226,0.4455349,1.203984E-06,0.565121,24,24,24,24,24,24,24,24,24,24,24,24,24,24,24,24
665,6650,-100.7712,-102.0423,-100.9342,-2.802663,-100.4155,-107.126,-98.24854,-32.60319,18.82882,32.85974,-6.416305,-76.78067,-117.1395,-102.0551,-100.641,-103.0579,24,24,24,24,24,24,24,24,24,24,24,24,24,24,24,24,665,6650,-106.4155,-106.6171,30.11764,-40.1606,0.6549534,0.1227453,-0.1306306,-0.782281,-0.1294074,-0.3849344,4.815934E-05,-0.1346856,0.5118471,-0.445376,1.203984E-06,-0.2260535,24,24,24,24,24,24,24,24,24,24,24,24,24,24,24,24
666,6660,-99.20792,-99.14067,-100.9342,-2.437105,-102.4672,-109.3474,-99.14168,-31.72548,19.20041,33.59815,-8.196456,-78.54573,-121.9005,-106.3519,-104.814,-103.1784,24,24,24,24,24,24,24,24,24,24,24,24,24,24,24,24,666,6660,-111.5209,-111.7498,31.81994,-37.44957,-0.3956113,0.3681846,-0.6530278,-0.782281,0.1294379,0.001376554,4.815934E-05,0.404142,-0.6399847,0.6682622,0.1204489,0.6781445,24,24,24,24,24,24,24,24,24,24,24,24,24,24,24,24
667,6670,-103.2964,-103.0096,-104.7497,-2.802663,-104.7604,-108.7304,-99.77963,-31.85086,19.44815,34.09044,-7.721749,-78.79787,-120.1152,-103.368,-101.1179,-100.0448,24,24,24,24,24,24,24,24,24,24,24,24,24,24,24,24,667,6670,-114.3423,-113.9872,31.68899,-39.90241,-0.2642904,-0.9817378,-0.9142264,-0.1303962,1.605311E-05,-0.5137045,0.788423,-0.1346856,0.1279032,0.4455349,-0.3613423,-0.3390771,24,24,24,24,24,24,24,24,24,24,24,24,24,24,24,24
668,6680,-100.6509,-100.9542,-101.7957,-2.802663,-98.24304,-103.3002,-95.69672,-30.97315,20.31521,33.10587,-7.009689,-77.03284,-115.8303,-101.339,-99.09097,-100.6474,24,24,24,24,24,24,24,24,24,24,24,24,24,24,24,24,668,6680,-110.5804,-112.2763,31.29615,-38.61145,-0.6582523,-0.8590181,0.5223651,0.5214918,1.605311E-05,0.7739977,-1.4453,-0.4041532,-0.2560408,-0.2226471,-0.8431336,-0.9042013,24,24,24,24,24,24,24,24,24,24,24,24,24,24,24,24
669,6690,-99.44843,-98.77796,-98.47251,-2.68081,-98.24304,-103.4236,-95.31394,-31.72548,19.69588,33.10587,-6.653658,-75.89816,-117.4966,-101.8164,-100.164,-100.0448,24,24,24,24,24,24,24,24,24,24,24,24,24,24,24,24,669,6690,-109.9087,-110.9602,31.4271,-39.77331,-0.9208933,0.245465,0.3917666,0.2607347,1.035397,-1.028785,4.815934E-05,0.2693809,-0.2559894,0.1114439,-0.3613423,0.2260471,24,24,24,24,24,24,24,24,24,24,24,24,24,24,24,24
670,6700,-99.32818,-99.50338,-100.9342,-2.437105,-102.3465,-107.126,-99.52445,-32.35241,19.44815,34.09044,-8.07778,-77.78929,-120.4722,-103.8455,-101.3564,-101.4911,24,24,24,24,24,24,24,24,24,24,24,24,24,24,24,24,670,6700,-107.2216,-107.8016,29.59385,-40.80609,0.5236325,0.4909042,-0.3918292,0.5214918,-0.1294074,-1.028785,0.1314461,-3.210623E-05,-2.729029E-05,0.6682622,1.203984E-06,0.2260471,24,24,24,24,24,24,24,24,24,24,24,24,24,24,24,24
671,6710,-101.3724,-101.8005,-102.0419,-2.437105,-101.1396,-105.8919,-97.48299,-31.60009,19.81974,34.2135,-6.772334,-77.66322,-118.6869,-103.2487,-100.641,-101.8527,24,24,24,24,24,24,24,24,24,24,24,24,24,24,24,24,671,6710,-105.6094,-105.8274,29.98669,-37.83686,0.3923124,0.245465,0.130568,-0.6519041,-0.3882526,0.1301466,0.1314461,0.1346744,0.1279546,-0.1112834,0.3613448,0.4520974,24,24,24,24,24,24,24,24,24,24,24,24,24,24,24,24
672,6720,-101.6129,-101.5587,-100.688,-3.655629,-99.93272,-105.028,-97.61059,-32.4778,18.20949,32.73666,-7.365718,-75.01563,-114.402,-98.35516,-96.94481,-97.39333,24,24,24,24,24,24,24,24,24,24,24,24,24,24,24,24,672,6720,-110.1774,-111.8814,31.29615,-38.22416,-0.001649457,2.568498E-05,-0.2612307,-0.6519041,0.7765517,0.001376554,-0.1313466,0.1346744,-0.5119531,-0.7794669,-0.3613423,0.2259957,24,24,24,24,24,24,24,24,24,24,24,24,24,24,24,24
673,6730,-96.68269,-97.08532,-96.87245,-2.558958,-97.39819,-101.2022,-96.33467,-30.97315,18.45722,33.35201,-8.552486,-75.01563,-113.9259,-98.23579,-97.42173,-98.11646,24,24,24,24,24,24,24,24,24,24,24,24,24,24,24,24,673,6730,-107.4903,-105.1694,31.55804,-39.51512,0.6549534,-0.7362953,-0.7836279,-0.1303962,0.1294379,0.1301466,0.3942356,-0.4041532,-1.151859,0.4455349,-0.6022382,0.3390193,24,24,24,24,24,24,24,24,24,24,24,24,24,24,24,24
674,6740,-96.92319,-97.32713,-98.84176,-2.315253,-98.7258,-103.6704,-97.10022,-30.72237,19.20041,34.2135,-6.772334,-76.90677,-118.8059,-103.7261,-101.714,-102.4553,24,24,24,24,24,24,24,24,24,24,24,24,24,24,24,24,674,6740,-108.9682,-108.0648,31.68899,-38.74054,0.1296714,-1.349897,0.3917666,0.5214918,-1.035366,0.7739977,-0.7883235,-0.8082743,-0.3839712,-0.3340123,-0.6022382,-1.130303,24,24,24,24,24,24,24,24,24,24,24,24,24,24,24,24
675,6750,-105.8217,-106.2739,-105.6113,-3.411924,-103.3121,-108.8538,-99.52445,-33.98245,17.59016,31.7521,-9.5019,-79.17612,-119.401,-102.0551,-99.32942,-99.20116,24,24,24,24,24,24,24,24,24,24,24,24,24,24,24,24,675,6750,-110.043,-109.5125,31.2962,-39.64421,-0.5269314,2.568498E-05,-0.1306306,-1.926374E-05,-0.2588292,-0.6424745,-0.9197182,-0.2694467,0.2559364,0.2228076,1.203984E-06,-0.2261049,24,24,24,24,24,24,24,24,24,24,24,24,24,24,24,24
676,6760,-100.0497,-100.5915,-100.3187,-2.315252,-97.76028,-101.2022,-95.8243,-30.4716,18.70495,33.59815,-8.196456,-76.40246,-116.7825,-100.7422,-100.641,-100.4064,24,24,24,24,24,24,24,24,24,24,24,24,24,24,24,24,676,6760,-104.6689,-105.5642,31.68904,-39.12783,0.1296714,0.4909042,0.3917666,0.3911116,1.605311E-05,-0.5137045,0.1314461,0.8082085,-0.1280075,0.3341712,-0.1204465,-0.1130781,24,24,24,24,24,24,24,24,24,24,24,24,24,24,24,24
677,6770,-101.8534,-100.2288,-101.6726,-2.437105,-100.5362,-106.1387,-98.50372,-31.97625,18.33335,32.85973,-7.603072,-75.89816,-117.8537,-103.7261,-101.9525,-103.54,24,24,24,24,24,24,24,24,24,24,24,24,24,24,24,24,677,6770,-107.8933,-108.0648,30.90336,-39.25693,0.5236325,0.3681846,0.130568,-1.926374E-05,-0.517676,0.001376554,0.3942356,-0.8082743,0.5118985,-0.3340123,0.1204489,0.452046,24,24,24,24,24,24,24,24,24,24,24,24,24,24,24,24
678,6780,-101.2522,-102.6469,-103.1496,-2.558957,-105.2431,-112.3094,-101.6935,-35.98866,16.10377,30.5214,-10.80734,-81.31938,-123.2098,-105.6358,-103.0256,-102.0937,24,24,24,24,24,24,24,24,24,24,24,24,24,24,24,24,678,6780,-113.4018,-113.4608,32.21283,-38.22416,0.2609915,0.2454136,0.6529652,-0.782281,0.1294379,0.3876867,0.6570283,-0.1347402,-0.5119531,-0.7794669,-0.4817901,-5.458059E-05,24,24,24,24,24,24,24,24,24,24,24,24,24,24,24,24
679,6790,-103.6572,-105.9112,-105.3651,-2.437105,-103.0707,-107.126,-98.63132,-32.35241,17.83789,32.12132,-9.85793,-79.05004,-119.7581,-103.6068,-103.264,-103.4195,24,24,24,24,24,24,24,24,24,24,24,24,24,24,24,24,679,6790,-107.6246,-108.7228,32.47472,-37.83686,-0.3956113,0.2454136,-0.5224293,-0.5215271,0.5177065,0.001376554,0.5256335,-0.1347402,-0.6399333,-0.1112834,0.3613448,0.2259957,24,24,24,24,24,24,24,24,24,24,24,24,24,24,24,24
680,6800,-103.5369,-104.4604,-103.765,-2.558957,-103.3121,-108.7304,-101.0556,-34.484,16.84696,31.87517,-8.78984,-78.67181,-121.1864,-107.1874,-105.7679,-105.1068,24,24,24,24,24,24,24,24,24,24,24,24,24,24,24,24,680,6800,-111.6552,-111.0918,32.99851,-39.51512,0.3923124,-0.8590695,-0.2612307,2.88956E-05,0.1294379,0.3876867,-0.6569287,-1.212395,0.3839166,0.2228076,-0.8431336,-0.6782023,24,24,24,24,24,24,24,24,24,24,24,24,24,24,24,24
681,6810,-100.6509,-103.1305,-104.1343,-2.680809,-104.519,-111.8157,-101.6935,-35.36171,16.97083,30.02912,-10.45131,-81.31938,-124.162,-108.8583,-106.1256,-106.4325,24,24,24,24,24,24,24,24,24,24,24,24,24,24,24,24,681,6810,-113.9392,-113.9872,32.60567,-37.96597,-1.183534,-0.3681878,0.7835637,0.1304059,0.6471283,-0.900015,-0.2627413,-0.2694467,0.5118985,8.026557E-05,1.203984E-06,0.2259957,24,24,24,24,24,24,24,24,24,24,24,24,24,24,24,24
682,6820,-106.6634,-106.7576,-106.5959,-2.315252,-104.8811,-109.7177,-99.90724,-33.73167,17.59016,31.87517,-9.85793,-79.80649,-120.7103,-103.6068,-101.9525,-101.25,24,24,24,24,24,24,24,24,24,24,24,24,24,24,24,24,682,6820,-110.1773,-109.7757,32.47472,-40.67699,-0.2642904,-2.568498E-05,-0.5224293,0.5215368,-0.2588292,-0.900015,-0.1313466,0.5387955,-0.1280075,1.002353,0.1204489,0.3390193,24,24,24,24,24,24,24,24,24,24,24,24,24,24,24,24
683,6830,-104.1382,-103.4932,-103.765,-2.1934,-104.0362,-108.8538,-100.6728,-33.98245,16.47536,30.39833,-10.92602,-80.05864,-119.401,-102.8906,-102.4294,-104.2631,24,24,24,24,24,24,24,24,24,24,24,24,24,24,24,24,683,6830,-109.3712,-108.7228,32.08188,-39.77331,1.311556,-0.3681878,0.130568,-0.5214822,-0.6470978,0.001376554,0.5255821,-0.1347402,0.3839166,-0.2226471,-0.8431336,-5.458059E-05,24,24,24,24,24,24,24,24,24,24,24,24,24,24,24,24
684,6840,-103.1762,-103.6141,-104.0112,-3.046366,-102.3465,-108.607,-99.26928,-33.85706,17.83789,31.01368,-9.85793,-81.06724,-120.9483,-107.1874,-105.1717,-107.8788,24,24,24,24,24,24,24,24,24,24,24,24,24,24,24,24,684,6840,-110.4461,-110.1706,32.60567,-38.86964,-0.001649457,0.4908528,-0.1306306,-0.6518592,0.2588613,0.3876867,0.1313947,0.6735036,-0.2559894,8.026557E-05,1.203984E-06,-0.2261049,24,24,24,24,24,24,24,24,24,24,24,24,24,24,24,24
685,6850,-104.2584,-105.1858,-106.5959,-2.1934,-106.3294,-113.7903,-102.5867,-35.4871,16.3515,30.76754,-11.63808,-82.20192,-125.3522,-110.0519,-107.7948,-106.9146,24,24,24,24,24,24,24,24,24,24,24,24,24,24,24,24,685,6850,-116.0889,-115.9614,33.2604,-39.77331,0.5236325,-0.3681878,-0.3918292,-0.7822361,1.605311E-05,-0.5137045,0.9197664,-0.4041516,-3.210623E-05,8.026557E-05,-0.1204465,-0.2261049,24,24,24,24,24,24,24,24,24,24,24,24,24,24,24,24
686,6860,-108.7076,-108.8129,-111.3961,-2.1934,-110.9156,-114.5308,-105.0109,-34.10783,17.21856,31.99824,-11.40073,-82.70622,-126.6615,-109.9325,-107.5563,-110.0482,24,24,24,24,24,24,24,24,24,24,24,24,24,24,24,24,686,6860,-117.298,-114.7769,32.08188,-38.61145,0.2609915,-1.349948,-0.1306306,0.2607828,-0.517676,0.2589166,-0.3941874,-0.5388581,-3.210623E-05,2.247436E-05,-1.204477,-1.243327,24,24,24,24,24,24,24,24,24,24,24,24,24,24,24,24
687,6870,-113.6379,-112.6818,-113.2424,-2.558957,-112.1226,-120.0844,-107.3075,-37.86946,15.73217,30.76754,-9.976608,-83.46267,-130.1133,-118.4067,-115.3063,-116.3154,24,24,24,24,24,24,24,24,24,24,24,24,24,24,24,24,687,6870,-111.6552,-112.2763,32.73662,-40.2897,-0.2642904,-2.568498E-05,0.130568,-0.2607282,0.2588613,-0.5137045,-0.3941874,0.134676,0.5118936,2.247436E-05,-0.2408428,-0.4521552,24,24,24,24,24,24,24,24,24,24,24,24,24,24,24,24
688,6880,-113.1569,-104.0977,-107.8268,-2.924514,-108.0191,-113.6669,-103.9902,-36.11403,17.34243,31.01368,-11.0447,-84.84949,-129.8752,-111.9616,-108.5102,-108.3609,24,24,24,24,24,24,24,24,24,24,24,24,24,24,24,24,688,6880,-115.6858,-116.6194,32.34377,-39.51512,0.3923124,0.3681332,-0.7836279,0.1304059,-0.2588292,-0.6424745,-0.2627927,0.134676,-0.2559942,0.5568408,0.3613965,0.112969,24,24,24,24,24,24,24,24,24,24,24,24,24,24,24,24
689,6890,-110.1507,-110.8683,-112.1346,-2.680809,-108.8639,-111.8157,-103.2246,-34.23322,17.09469,32.9828,-11.0447,-81.31938,-123.924,-105.6358,-105.8871,-107.3967,24,24,24,24,24,24,24,24,24,24,24,24,24,24,24,24,689,6890,-112.8644,-113.066,31.16526,-38.99873,0.2609915,0.1226939,0.5223651,-0.5214822,-0.3882526,-0.2561635,0.3941842,-3.050092E-05,0.2559316,-0.6681595,-0.1203951,-0.3391284,24,24,24,24,24,24,24,24,24,24,24,24,24,24,24,24
690,6900,-107.5051,-107.3621,-106.5959,-1.949696,-104.6397,-110.5816,-102.3315,-34.98555,16.97083,31.50596,-8.78984,-80.81509,-125.1142,-112.3196,-109.3448,-111.2534,24,24,24,24,24,24,24,24,24,24,24,24,24,24,24,24,690,6900,-113.4018,-112.9343,31.42715,-40.03151,-0.2642904,0.3681332,-0.3918292,-0.5214822,1.605311E-05,0.5164568,-0.5255854,0.2693825,-1.535809,2.247436E-05,-0.2408428,0.112969,24,24,24,24,24,24,24,24,24,24,24,24,24,24,24,24
691,6910,-108.5874,-107.7248,-106.9652,-3.168219,-107.2949,-114.7776,-103.9902,-35.23632,16.97083,31.87517,-9.383224,-82.45407,-125.4713,-109.6938,-107.0794,-105.3478,24,24,24,24,24,24,24,24,24,24,24,24,24,24,24,24,691,6910,-111.2522,-109.2493,32.60566,-39.77331,-0.1329695,-0.4909074,-0.2612307,0.7822907,-0.517676,-0.5137045,0.6569769,-0.4041516,0.6398755,0.4454771,0.1205007,-0.5651788,24,24,24,24,24,24,24,24,24,24,24,24,24,24,24,24
692,6920,-101.0117,-104.5813,-107.8268,-1.949696,-106.3294,-109.3474,-100.928,-32.72857,17.59016,32.12132,-11.51941,-81.94976,-125.7093,-107.4261,-106.6025,-107.9993,24,24,24,24,24,24,24,24,24,24,24,24,24,24,24,24,692,6920,-113.1331,-114.5136,31.55809,-40.1606,-0.2642904,-0.8590695,0.3917666,0.6519137,-0.517676,-0.1273935,-1.57675,-0.8082727,0.2559316,-0.1113412,-0.9635299,-0.9042526,24,24,24,24,24,24,24,24,24,24,24,24,24,24,24,24
693,6930,-111.5936,-109.901,-109.1807,-2.680809,-106.9328,-112.1859,-102.0763,-33.85706,17.83789,32.12132,-10.33264,-80.94116,-123.2098,-107.7842,-106.364,-108.3609,24,24,24,24,24,24,24,24,24,24,24,24,24,24,24,24,693,6930,-112.9987,-115.0401,31.95093,-40.54789,0.3923124,0.8590149,1.044762,0.1304059,-0.3882526,-1.286326,0.3941842,0.5387971,-0.383976,0.3341134,0.1205007,-5.458059E-05,24,24,24,24,24,24,24,24,24,24,24,24,24,24,24,24
694,6940,-110.9924,-111.231,-109.0576,-3.168219,-109.588,-116.7522,-105.5213,-35.61248,17.71402,32.49052,-9.620577,-83.08444,-127.0186,-110.6487,-107.914,-108.3609,24,24,24,24,24,24,24,24,24,24,24,24,24,24,24,24,694,6940,-113.6705,-110.9602,30.51052,-41.19337,0.3923124,0.1226972,0.2611665,-0.5214822,-0.3882526,0.001376554,0.1313947,-0.134737,-0.76792,-0.3340685,0.2409484,-5.458059E-05,24,24,24,24,24,24,24,24,24,24,24,24,24,24,24,24
695,6950,-108.2266,-109.5383,-109.7961,-2.437105,-109.226,-114.0371,-104.7746,-34.73477,16.97083,32.85973,-9.976608,-80.68901,-125.7093,-108.2616,-107.6756,-107.9993,24,24,24,24,24,24,24,24,24,24,24,24,24,24,24,24,695,6950,-104.8032,-104.3797,30.24863,-41.45157,-0.001649457,0.2454168,-0.130629,-1.04299,0.2588613,0.6452276,-0.3941874,0.8082117,-0.2559942,-0.6681595,-0.6021864,-5.458059E-05,24,24,24,24,24,24,24,24,24,24,24,24,24,24,24,24
696,6960,-107.8659,-106.8785,-105.7344,-2.802662,-105.0018,-111.0752,-103.7537,-35.73787,16.22763,32.61359,-8.07778,-78.92397,-123.8049,-111.0067,-108.7487,-108.843,24,24,24,24,24,24,24,24,24,24,24,24,24,24,24,24,696,6960,-109.9086,-108.7228,32.34377,-39.38602,0.7862743,-0.8590663,-0.6530262,0.1304059,1.605311E-05,0.001376554,0.5255821,0.2693825,-0.383976,-0.2227048,0.6022919,0.2259957,24,24,24,24,24,24,24,24,24,24,24,24,24,24,24,24
697,6970,-105.5812,-106.0321,-107.2114,-3.533776,-111.0363,-118.1098,-106.306,-37.24252,16.59923,31.13675,-11.28205,-84.97556,-129.042,-110.8874,-108.0333,-106.0709,24,24,24,24,24,24,24,24,24,24,24,24,24,24,24,24,697,6970,-110.5804,-110.3022,32.08188,-40.1606,-0.2642904,-1.963546,0.2611697,0.7822939,-0.3882012,-0.2561635,0.3941842,-0.5388581,-0.128014,0.1113861,-1.324873,-0.7912291,24,24,24,24,24,24,24,24,24,24,24,24,24,24,24,24
698,6980,-113.5176,-115.2208,-114.8425,-2.802662,-111.2777,-115.3947,-103.7537,-33.85706,17.46629,33.22894,-10.92602,-82.95837,-127.0186,-109.0971,-108.1525,-108.7225,24,24,24,24,24,24,24,24,24,24,24,24,24,24,24,24,698,6980,-111.7896,-111.6182,31.68904,-41.32247,-0.7895724,-0.3681846,0.1305696,2.88956E-05,0.2589127,0.001376554,-0.6569801,0.2693825,0.2559316,-0.3340685,-0.1203951,-0.2261049,24,24,24,24,24,24,24,24,24,24,24,24,24,24,24,24
699,6990,-109.9101,-109.7801,-108.9345,-3.046366,-107.4156,-114.1605,-103.3708,-34.484,18.82882,33.10587,-9.739253,-82.58015,-126.5425,-111.6035,-109.7025,-110.7713,24,24,24,24,24,24,24,24,24,24,24,24,24,24,24,24,699,6990,-112.9987,-112.1447,30.64147,-41.70976,-0.3956113,-0.1227453,-0.3918276,0.1304059,-0.5176246,-0.7712445,0.1313947,0.134676,-3.210623E-05,0.2227498,0.2409484,0.2259957,24,24,24,24,24,24,24,24,24,24,24,24,24,24,24,24
700,7000,-109.1887,-107.8457,-106.8421,-3.290071,-109.3467,-116.5054,-104.3918,-35.86326,17.34243,31.50596,-12.23146,-86.74062,-132.0176,-114.3487,-111.3717,-110.5303,24,24,24,24,24,24,24,24,24,24,24,24,24,24,24,24,700,7000,-108.5651,-108.8545,29.98673,-41.58066,1.048915,0.1226972,0.6529668,-0.7822329,6.742308E-05,-0.1273935,-0.1313979,-0.6735646,0.3839118,-0.4454322,-0.2408428,-5.458059E-05,24,24,24,24,24,24,24,24,24,24,24,24,24,24,24,24
701,7010,-115.5619,-115.5835,-115.3348,-2.924514,-110.3122,-116.5054,-103.3708,-33.73167,18.95268,32.61359,-11.28205,-83.08444,-127.3757,-109.8132,-110.2987,-112.3381,24,24,24,24,24,24,24,24,24,24,24,24,24,24,24,24,701,7010,-108.0277,-110.0389,30.11768,-41.06428,0.2609915,-2.247436E-05,-0.5224261,-0.521479,0.3883345,-0.2561635,-0.7883748,0.9429181,-0.1280107,2.247436E-05,-0.1203951,-5.458059E-05,24,24,24,24,24,24,24,24,24,24,24,24,24,24,24,24
702,7020,-112.9164,-112.44,-111.8885,-2.802662,-110.795,-118.3566,-106.6888,-35.61248,17.59016,33.22894,-9.857929,-83.84089,-128.0898,-112.439,-110.7756,-110.1687,24,24,24,24,24,24,24,24,24,24,24,24,24,24,24,24,702,7020,-110.043,-109.7757,30.77242,-41.32247,0.3923124,-0.245465,-0.9142248,-0.1303481,0.3883345,-0.1273935,0.7883716,-0.4041516,0.1279513,-0.3340685,-0.3612906,-0.5651788,24,24,24,24,24,24,24,24,24,24,24,24,24,24,24,24
703,7030,-110.3912,-110.5056,-108.9345,-2.680809,-109.1053,-115.3947,-103.7537,-35.86326,17.59016,31.25982,-10.21396,-84.72343,-127.4947,-109.9325,-106.6025,-107.6377,24,24,24,24,24,24,24,24,24,24,24,24,24,24,24,24,703,7030,-117.298,-115.1717,31.16525,-40.2897,-0.3956113,-0.3681846,0.3917682,0.6519169,6.742308E-05,0.5164568,-0.7883748,0.134676,0.7678589,-0.1113412,-0.9635817,-0.9042526,24,24,24,24,24,24,24,24,24,24,24,24,24,24,24,24
704,7040,-107.1444,-108.9338,-109.3037,-2.558957,-106.5708,-111.0752,-100.8185,-33.35551,18.82882,32.9828,-10.21396,-82.07584,-125.4713,-109.5745,-108.7487,-109.9277,24,24,24,24,24,24,24,24,24,24,24,24,24,24,24,24,704,7040,-112.1926,-113.1976,31.03431,-41.58066,-0.2642904,0.3681364,0.1305696,2.88956E-05,0.3883345,-1.415096,0.1313947,0.2693825,0.1279513,0.2227498,0.4817924,0.112969,24,24,24,24,24,24,24,24,24,24,24,24,24,24,24,24
705,7050,-112.1949,-112.0773,-114.4732,-2.802662,-114.295,-122.676,-109.624,-37.86946,16.59923,31.99824,-11.63808,-86.99277,-134.5172,-118.6454,-115.664,-115.9538,24,24,24,24,24,24,24,24,24,24,24,24,24,24,24,24,705,7050,-115.1484,-113.1976,29.20106,-42.48434,-0.3956113,0.7362985,-0.3918276,0.6519169,-0.7764698,-0.1273935,-0.2627927,0.134676,-0.2559926,0.2227498,0.1204489,0.5650696,24,24,24,24,24,24,24,24,24,24,24,24,24,24,24,24
706,7060,-114.4796,-115.9462,-116.6887,-2.924514,-115.864,-122.7994,-107.965,-35.86326,18.82882,32.36745,-11.63808,-87.37099,-131.4225,-114.2293,-111.6102,-113.1818,24,24,24,24,24,24,24,24,24,24,24,24,24,24,24,24,706,7060,-114.4766,-113.3291,30.37957,-39.64421,0.6549534,0.1226972,0.6529668,-1.042987,-0.2587778,0.1301466,0.3941842,0.4040906,0.383915,-0.6681595,-0.7226859,-0.3391284,24,24,24,24,24,24,24,24,24,24,24,24,24,24,24,24
707,7070,-113.8784,-114.0118,-113.3655,-3.168219,-112.9674,-121.0717,-108.603,-37.36791,18.08562,33.10587,-9.264544,-83.08444,-129.7562,-116.497,-116.0217,-116.7975,24,24,24,24,24,24,24,24,24,24,24,24,24,24,24,24,707,7070,-109.6399,-109.9073,29.332,-41.96795,-0.2642904,-2.247436E-05,-0.3918276,0.391163,0.6471797,0.1301466,0.1313947,-3.050092E-05,-0.6399365,-0.2227048,0.9635841,-5.458059E-05,24,24,24,24,24,24,24,24,24,24,24,24,24,24,24,24
708,7080,-113.7581,-111.4728,-114.9655,-2.437105,-118.3985,-124.6506,-111.4106,-36.86636,16.97083,32.36745,-12.46882,-88.8839,-135.1123,-115.6616,-112.2063,-111.1329,24,24,24,24,24,24,24,24,24,24,24,24,24,24,24,24,708,7080,-111.7896,-109.7757,29.98673,-41.19338,0.5236325,-1.104506,0.2611697,0.6519169,-0.129356,0.3876867,-0.5255854,-3.050092E-05,-2.88956E-05,0.4454771,-0.6022382,-0.3391284,24,24,24,24,24,24,24,24,24,24,24,24,24,24,24,24
709,7090,-113.0366,-113.8909,-112.8731,-2.437105,-109.588,-114.0371,-103.8813,-33.60629,19.07655,33.59815,-9.5019,-84.09306,-128.0898,-113.9906,-111.3717,-114.146,24,24,24,24,24,24,24,24,24,24,24,24,24,24,24,24,709,7090,-106.9529,-106.2222,31.03431,-40.1606,-0.2643426,0.3681364,0.3917682,0.391163,6.742308E-05,-0.2561635,-0.3941874,0.134676,0.5118968,-0.2227048,-0.1204465,-5.458059E-05,24,24,24,24,24,24,24,24,24,24,24,24,24,24,24,24
710,7100,-116.4036,-115.4626,-114.5963,-2.558958,-112.6053,-119.4673,-107.4545,-37.36791,17.34243,32.9828,-9.264544,-83.46267,-129.2801,-113.3938,-111.1333,-111.2534,24,24,24,24,24,24,24,24,24,24,24,24,24,24,24,24,710,7100,-107.2216,-107.9332,31.81999,-41.32248,0.5235803,0.4908528,-2.88956E-05,0.52154,-0.2587778,-0.6424745,0.1313947,-0.134737,-0.3839728,0.1113861,-0.3613423,0.112969,24,24,24,24,24,24,24,24,24,24,24,24,24,24,24,24
711,7110,-110.1507,-109.1756,-111.2731,-2.558958,-111.2777,-116.0117,-106.306,-35.4871,17.21856,32.12132,-11.5194,-85.10165,-128.3279,-110.6487,-108.6294,-109.5661,24,24,24,24,24,24,24,24,24,24,24,24,24,24,24,24,711,7110,-110.043,-108.328,29.85579,-39.77332,0.5235803,-2.568498E-05,0.9141654,-0.391102,-0.6470464,-0.5137045,0.1313947,-0.2694451,1.279785,-0.3340685,0.1204489,0.3390193,24,24,24,24,24,24,24,24,24,24,24,24,24,24,24,24
712,7120,-111.5936,-110.5056,-109.5499,-2.437105,-108.6225,-115.5181,-105.6679,-36.11404,16.97083,32.61359,-9.739253,-84.21913,-131.7796,-119.9583,-116.9756,-119.69,24,24,24,24,24,24,24,24,24,24,24,24,24,24,24,24,712,7120,-109.2369,-109.2493,30.90336,-40.80609,-0.1330225,0.6135725,-0.3918276,-0.7822329,0.1294892,0.2589166,-0.7883748,0.4040906,-0.7679183,-0.4454322,-0.2408946,0.112969,24,24,24,24,24,24,24,24,24,24,24,24,24,24,24,24
713,7130,-115.0809,-113.8909,-114.5963,-3.168219,-117.5537,-125.3911,-111.1554,-38.4964,16.47531,31.50596,-11.75676,-86.8667,-133.803,-116.6164,-113.041,-113.3023,24,24,24,24,24,24,24,24,24,24,24,24,24,24,24,24,713,7130,-106.8185,-107.4067,30.90336,-41.32248,-0.1330225,-0.6136271,-0.5224261,0.260786,0.258911,0.001376554,0.6569769,-3.050092E-05,0.2559332,0.1113861,-0.4817901,-0.1130781,24,24,24,24,24,24,24,24,24,24,24,24,24,24,24,24
714,7140,-114.8404,-114.6163,-116.0733,-2.071548,-112.0019,-116.0117,-106.4336,-35.11094,17.21851,32.73667,-11.0447,-83.21052,-126.8996,-108.739,-107.914,-108.1198,24,24,24,24,24,24,24,24,24,24,24,24,24,24,24,24,714,7140,-106.0124,-107.0119,30.11768,-40.1606,0.1296193,-1.104509,0.3917682,0.6519169,0.1294876,0.001376554,-0.5255854,-3.050092E-05,-0.1280107,0.6682044,-1.324925,-0.9042526,24,24,24,24,24,24,24,24,24,24,24,24,24,24,24,24
715,7150,-107.7456,-107.7248,-107.2113,-2.68081,-105.4845,-110.3347,-101.8395,-34.484,17.59011,31.75211,-9.739253,-81.44547,-122.6147,-108.1422,-106.0063,-108.3609,24,24,24,24,24,24,24,24,24,24,24,24,24,24,24,24,715,7150,-114.3423,-113.724,31.95093,-41.06428,-0.2643426,0.1226939,1.305963,-0.9126099,0.1294876,-0.7712445,0.6569769,-3.050092E-05,-0.2559926,2.247436E-05,-0.4817901,0.452046,24,24,24,24,24,24,24,24,24,24,24,24,24,24,24,24
716,7160,-106.6634,-107.9666,-108.0729,-3.168219,-107.4156,-114.7776,-104.2641,-34.86016,17.21851,31.75211,-10.21396,-83.96696,-128.2088,-112.3196,-108.5102,-108.4814,24,24,24,24,24,24,24,24,24,24,24,24,24,24,24,24,716,7160,-111.2522,-111.6182,31.55809,-39.90241,0.3922602,0.4908528,-0.2612275,0.6519169,0.1294876,-0.900015,-0.1313979,0.2693857,-0.1280107,0.4454771,0.6022406,-0.1130781,24,24,24,24,24,24,24,24,24,24,24,24,24,24,24,24
717,7170,-108.1064,-109.1756,-110.7807,-2.68081,-108.9846,-113.0498,-103.8813,-34.60939,17.34237,32.49053,-12.23146,-83.84089,-127.1376,-108.8583,-108.6294,-108.4814,24,24,24,24,24,24,24,24,24,24,24,24,24,24,24,24,717,7170,-110.446,-109.9073,30.11768,-41.45157,0.7862221,-0.2454682,0.2611697,-0.6518559,-0.1293576,0.001376554,0.6569769,-0.2694419,0.1279546,-1.002252,-0.6022382,-5.458059E-05,24,24,24,24,24,24,24,24,24,24,24,24,24,24,24,24
718,7180,-110.2709,-109.6593,-109.673,-2.68081,-108.1397,-113.5435,-104.7746,-35.86327,16.59918,31.25983,-11.75676,-84.47127,-128.6849,-115.9003,-113.3987,-116.4359,24,24,24,24,24,24,24,24,24,24,24,24,24,24,24,24,718,7180,-106.6842,-106.2222,30.64147,-39.38602,-0.00170163,0.2454136,-0.3918276,-0.2607251,0.6471781,0.1301466,-0.3941874,0.2693857,-1.279841,2.247436E-05,0.8431364,0.5650696,24,24,24,24,24,24,24,24,24,24,24,24,24,24,24,24
719,7190,-115.8024,-114.979,-114.5963,-3.168219,-114.295,-121.4419,-108.4754,-36.99175,17.71397,32.49053,-11.40073,-85.73201,-129.7562,-111.8422,-109.4641,-108.6019,24,24,24,24,24,24,24,24,24,24,24,24,24,24,24,24,719,7190,-104.9376,-105.5642,30.77242,-40.93518,0.6549012,-0.8590695,-2.88956E-05,0.1304059,6.581777E-05,-0.3849344,-0.1313979,-0.9429759,-0.3839712,-0.3340685,-0.1204465,-0.4521552,24,24,24,24,24,24,24,24,24,24,24,24,24,24,24,24
720,7200,-106.1824,-108.5711,-109.7961,-2.071548,-108.8639,-113.1732,-104.1365,-34.73478,16.47531,32.12132,-11.87543,-83.21052,-126.1854,-107.5454,-107.7948,-107.2762,24,24,24,24,24,24,24,24,24,24,24,24,24,24,24,24,720,7200,-106.5498,-106.6171,30.51052,-40.03151,-0.00170163,-0.7363467,-2.88956E-05,0.9126709,-0.6470481,-0.1273935,-0.7883748,-2.88956E-05,-0.3839712,-0.4454322,-0.9635817,-1.130252,24,24,24,24,24,24,24,24,24,24,24,24,24,24,24,24
721,7210,-109.0684,-108.8129,-108.3191,-2.802663,-106.4501,-111.8157,-103.6261,-35.4871,16.35145,31.3829,-11.28205,-82.328,-124.9952,-110.0519,-108.9871,-111.0124,24,24,24,24,24,24,24,24,24,24,24,24,24,24,24,24,721,7210,-112.9987,-111.0918,31.55809,-40.67699,-0.2643426,-2.568498E-05,0.3917682,0.7822939,0.1294876,-1.157555,0.1313947,-0.1347354,0.2559364,0.8909333,-0.1204465,-0.1130268,24,24,24,24,24,24,24,24,24,24,24,24,24,24,24,24
722,7220,-107.9861,-107.5016,-108.196,-3.655629,-110.5536,-119.5907,-107.0717,-37.4933,16.22758,30.5214,-12.11279,-85.85809,-129.8752,-114.2293,-111.491,-110.6508,24,24,24,24,24,24,24,24,24,24,24,24,24,24,24,24,722,7220,-112.5957,-113.5924,30.24863,-40.54789,0.3922602,0.1226939,-2.88956E-05,0.260786,6.581777E-05,-0.7712445,0.6569769,0.2693857,0.5118985,0.4454771,0.3613448,-3.210623E-06,24,24,24,24,24,24,24,24,24,24,24,24,24,24,24,24
723,7230,-110.7519,-111.0084,-114.4732,-2.68081,-112.8467,-118.1097,-106.306,-35.36171,17.09464,32.98281,-11.87543,-85.35379,-131.0655,-112.5583,-111.8487,-113.6639,24,24,24,24,24,24,24,24,24,24,24,24,24,24,24,24,723,7230,-113.4018,-113.0659,30.64147,-40.4188,-0.00170163,-0.1227485,0.6529668,-0.521479,6.581777E-05,0.7739977,-0.2627927,0.8082133,-0.2559894,-0.6681595,-0.9635817,-0.2260535,24,24,24,24,24,24,24,24,24,24,24,24,24,24,24,24
724,7240,-115.4416,-114.3943,-112.8732,-3.16822,-111.7605,-119.8375,-108.4754,-36.74098,16.72305,32.98281,-9.264544,-82.83229,-128.5659,-113.9906,-112.3256,-114.146,24,24,24,24,24,24,24,24,24,24,24,24,24,24,24,24,724,7240,-110.446,-109.5125,30.51052,-40.67699,0.1296193,0.3681332,-1.175423,-0.521479,0.258911,0.1301466,-0.1313979,-0.5388564,-0.895897,2.247436E-05,-0.1204465,-3.210623E-06,24,24,24,24,24,24,24,24,24,24,24,24,24,24,24,24
725,7250,-110.2709,-112.5804,-113.4886,-3.533777,-115.2606,-123.7867,-109.2411,-38.99796,15.48439,30.39833,-13.65558,-87.49707,-131.8986,-114.468,-110.7756,-110.5303,24,24,24,24,24,24,24,24,24,24,24,24,24,24,24,24,725,7250,-108.0277,-108.4596,31.16526,-40.4188,-0.3956113,-1.349948,0.3917682,0.6519169,0.6471781,0.7739977,-0.2627927,-1.077684,-0.3839712,0.2227498,-0.8431336,-0.9042013,24,24,24,24,24,24,24,24,24,24,24,24,24,24,24,24
726,7260,-113.8784,-114.9989,-113.7347,-2.071549,-112.0019,-118.3566,-105.5403,-35.23633,17.9617,33.10588,-11.40073,-83.84089,-129.3991,-112.5583,-111.7294,-112.5792,24,24,24,24,24,24,24,24,24,24,24,24,24,24,24,24,726,7260,-104.8032,-106.0906,31.81999,-39.51512,-0.6582523,2.568498E-05,0.5223683,-0.2607251,0.5177563,-0.7712445,-0.6569801,0.5387987,-0.2559894,-0.6681595,-0.1204465,-0.1130268,24,24,24,24,24,24,24,24,24,24,24,24,24,24,24,24
727,7270,-111.8341,-111.7339,-109.4269,-3.046368,-109.3467,-115.3947,-105.6488,-36.99175,17.09464,32.12132,-10.92602,-83.71481,-128.3279,-111.7228,-110.1794,-110.0482,24,24,24,24,24,24,24,24,24,24,24,24,24,24,24,24,727,7270,-109.9086,-108.1964,31.03431,-41.70976,0.3923124,0.245465,-0.2612275,-0.2607251,-0.6470481,-0.5137045,0.5255821,0.9429197,-0.1280075,0.3341134,0.240897,0.1130203,24,24,24,24,24,24,24,24,24,24,24,24,24,24,24,24
728,7280,-108.8279,-109.7991,-110.2884,-3.411924,-109.4674,-116.0117,-105.7764,-37.11715,16.22758,31.25983,-11.99411,-85.10164,-129.2801,-111.9616,-108.6294,-109.4456,24,24,24,24,24,24,24,24,24,24,24,24,24,24,24,24,728,7280,-109.2369,-111.0918,30.77242,-39.77331,0.5236325,2.568498E-05,0.7835669,-2.247436E-05,-0.2587794,0.1301466,0.3941842,-0.1347354,0.7678621,2.247436E-05,-0.3613423,0.2260471,24,24,24,24,24,24,24,24,24,24,24,24,24,24,24,24
729,7290,-109.9101,-110.041,-108.3191,-2.68081,-107.5363,-112.5562,-103.3522,-34.23323,17.71397,33.22895,-10.21396,-80.94116,-123.6859,-107.1874,-107.4371,-108.4814,24,24,24,24,24,24,24,24,24,24,24,24,24,24,24,24,729,7290,-114.2079,-113.9872,30.77242,-40.93518,0.3923124,0.4909042,-0.7836247,-1.173415,0.3882831,0.2589166,-0.3941874,-0.1347354,-0.5119531,0.3341134,-0.2408946,-3.210623E-06,24,24,24,24,24,24,24,24,24,24,24,24,24,24,24,24
730,7300,-106.0621,-105.3249,-105.9805,-2.558958,-107.0535,-113.6669,-104.6281,-36.23943,16.10371,31.99829,-10.21396,-83.08444,-126.6615,-111.3648,-108.9871,-109.4456,24,24,24,24,24,24,24,24,24,24,24,24,24,24,24,24,730,7300,-112.73,-110.1705,30.90336,-41.19337,0.7862743,-0.6135757,0.2611697,0.3911116,-0.3882526,0.3876867,-0.1313979,-0.8082694,0.2559364,0.4454771,1.203984E-06,-0.2260535,24,24,24,24,24,24,24,24,24,24,24,24,24,24,24,24
731,7310,-108.9481,-110.1619,-109.9192,-3.411924,-109.5881,-114.901,-104.5005,-36.23943,17.71397,31.50601,-11.87543,-84.47127,-126.5425,-107.6648,-105.0525,-104.8657,24,24,24,24,24,24,24,24,24,24,24,24,24,24,24,24,731,7310,-110.9835,-109.9073,31.5581,-41.70976,-0.6582523,-0.2454168,-0.3918276,0.3911116,-0.6470978,-1.028785,-0.1313466,0.1346792,-0.7679151,0.4454771,-0.4817901,0.1130203,24,24,24,24,24,24,24,24,24,24,24,24,24,24,24,24
732,7320,-105.7014,-107.6225,-106.3498,-2.924515,-104.3983,-109.1006,-101.3107,-34.10784,17.21851,32.3675,-9.976606,-80.689,-124.281,-106.7099,-106.9602,-107.0351,24,24,24,24,24,24,24,24,24,24,24,24,24,24,24,24,732,7320,-107.759,-107.5383,31.42715,-41.83886,0.5236325,0.1227453,0.3917682,0.2607347,1.605311E-05,-1.286326,0.2628408,0.4040906,-0.1280075,2.247436E-05,0.240897,0.1130203,24,24,24,24,24,24,24,24,24,24,24,24,24,24,24,24
733,7330,-108.5874,-107.2597,-106.2267,-3.16822,-106.088,-111.6923,-103.3522,-35.73788,16.59918,31.75215,-9.5019,-80.43685,-122.7337,-107.6648,-106.6025,-107.3967,24,24,24,24,24,24,24,24,24,24,24,24,24,24,24,24,733,7330,-106.9529,-104.6429,29.98674,-40.54789,0.2609915,0.1227453,0.1305696,0.5214886,-0.1294074,0.001376554,0.3942356,0.134676,0.6398289,2.247436E-05,0.1204489,0.4520974,24,24,24,24,24,24,24,24,24,24,24,24,24,24,24,24
734,7340,-105.5811,-105.9296,-105.2421,-4.021186,-106.4501,-113.5435,-103.735,-36.23943,16.97078,30.52145,-11.99411,-85.60593,-128.3279,-111.1261,-108.8679,-107.8788,24,24,24,24,24,24,24,24,24,24,24,24,24,24,24,24,734,7340,-105.3406,-105.959,30.24863,-40.54789,0.3923124,0.245465,-0.5224261,-1.173415,0.3882831,0.3876867,-0.525534,0.5387971,-0.5120044,-0.3340685,-0.2408946,-0.3390771,24,24,24,24,24,24,24,24,24,24,24,24,24,24,24,24
735,7350,-108.5874,-111.1293,-112.2578,-2.558958,-110.3122,-114.1605,-104.5005,-34.35862,17.34237,32.12136,-12.35014,-84.97555,-128.923,-110.1712,-110.2987,-110.1687,24,24,24,24,24,24,24,24,24,24,24,24,24,24,24,24,735,7350,-106.6842,-106.2222,30.24863,-40.4188,0.3923124,0.1227453,-0.9142248,0.3911116,0.5177065,-0.5137045,0.788423,-0.5388581,-0.5120044,2.247436E-05,-0.3613423,0.4520974,24,24,24,24,24,24,24,24,24,24,24,24,24,24,24,24
736,7360,-112.9164,-113.0641,-113.1193,-2.68081,-112.364,-119.097,-108.2007,-36.86637,17.59011,33.47513,-9.620576,-83.84088,-130.5893,-117.0938,-114.7102,-115.1101,24,24,24,24,24,24,24,24,24,24,24,24,24,24,24,24,736,7360,-109.6399,-108.4596,30.90336,-39.25693,-0.3956113,-1.227177,-0.3918276,0.2607347,-0.2588292,0.2589166,-1.182511,0.5387971,0.255885,-0.1113412,-0.9635817,-1.017231,24,24,24,24,24,24,24,24,24,24,24,24,24,24,24,24
737,7370,-111.9544,-112.4595,-112.3808,-3.899334,-113.5709,-119.8375,-108.2007,-37.61869,16.35145,31.87522,-11.5194,-84.09303,-127.8518,-110.1712,-107.3179,-106.0709,24,24,24,24,24,24,24,24,24,24,24,24,24,24,24,24,737,7370,-106.4155,-106.0906,32.21283,-40.80609,-0.5269314,2.568498E-05,0.2611697,0.6518655,0.6471283,-1.157555,-0.2627413,0.4040906,0.5118471,-0.2227048,0.4817924,-9.631868E-06,24,24,24,24,24,24,24,24,24,24,24,24,24,24,24,24
738,7380,-107.1444,-108.5711,-109.5499,-2.437106,-105.7259,-108.9772,-101.6935,-33.60629,17.46624,32.24443,-11.40073,-81.44544,-122.7337,-104.4422,-104.6948,-105.4683,24,24,24,24,24,24,24,24,24,24,24,24,24,24,24,24,738,7380,-107.4903,-106.6171,30.24863,-40.1606,0.6549534,0.1227453,0.2611697,-0.3911534,-0.6470978,0.001376554,4.815934E-05,-0.5388581,1.023773,-0.1113412,0.8431364,0.2260407,24,24,24,24,24,24,24,24,24,24,24,24,24,24,24,24
739,7390,-107.1444,-106.7576,-106.3498,-3.290072,-105.7259,-111.9391,-102.9694,-35.23633,17.09464,32.49057,-9.264546,-80.31078,-123.4478,-108.6196,-106.841,-108.9635,24,24,24,24,24,24,24,24,24,24,24,24,24,24,24,24,739,7390,-104.6689,-105.4326,30.11768,-39.77331,0.3923124,0.3681846,-0.2612275,-1.564546,-0.1294074,-0.3849344,-0.1313466,0.8082117,-0.1280589,-1.002252,-0.2408946,0.1130171,24,24,24,24,24,24,24,24,24,24,24,24,24,24,24,24
740,7400,-106.7837,-107.6039,-107.7037,-3.29002,-109.226,-116.999,-104.7557,-36.11404,16.84691,31.1368,-11.5194,-83.58873,-126.5425,-109.5745,-106.841,-105.9504,24,24,24,24,24,24,24,24,24,24,24,24,24,24,24,24,740,7400,-106.0124,-105.6958,31.16525,-40.54789,0.3923124,-0.3681364,-0.7836247,-0.1303994,0.5177065,-0.2561643,1.051216,-3.050092E-05,-0.2560408,0.2227498,-0.3613423,-0.1130332,24,24,24,24,24,24,24,24,24,24,24,24,24,24,24,24
741,7410,-107.1444,-110.1429,-111.15,-3.046315,-109.588,-113.1732,-104.5005,-34.73478,18.08557,32.61364,-11.0447,-83.71481,-127.8518,-111.4841,-111.1333,-111.7355,24,24,24,24,24,24,24,24,24,24,24,24,24,24,24,24,741,7410,-106.8185,-106.2222,30.64147,-39.51512,-0.00170163,-0.7362953,0.2611697,0.6518655,0.1294379,0.5164576,-0.525534,-3.050092E-05,0.7678108,0.1113861,-0.3613423,-0.9042076,24,24,24,24,24,24,24,24,24,24,24,24,24,24,24,24
742,7420,-114.4796,-113.6491,-113.2424,-3.168167,-113.9329,-122.059,-110.1145,-39.12334,15.60825,32.12136,-9.5019,-83.33658,-131.5415,-117.9293,-115.0679,-114.6281,24,24,24,24,24,24,24,24,24,24,24,24,24,24,24,24,742,7420,-109.5056,-109.7757,32.34377,-40.2897,0.1296193,0.1226939,-2.88956E-05,0.2607347,-0.1294074,-1.286326,4.815934E-05,0.134676,-0.1280589,0.1113861,0.3613448,0.452091,24,24,24,24,24,24,24,24,24,24,24,24,24,24,24,24
743,7430,-114.3594,-114.8581,-115.704,-3.777429,-115.0192,-122.4292,-107.7097,-37.24253,16.59918,30.89066,-12.82485,-86.11022,-130.7084,-111.9616,-109.1063,-108.6019,24,24,24,24,24,24,24,24,24,24,24,24,24,24,24,24,743,7430,-109.1025,-108.4596,32.34377,-38.09505,0.1296193,-2.568498E-05,0.7836199,-0.3911534,-0.6470978,-0.1273935,0.3942356,-0.134737,0.1279032,-0.2227048,-0.2408946,0.2260407,24,24,24,24,24,24,24,24,24,24,24,24,24,24,24,24
744,7440,-110.1507,-110.7474,-109.3037,-2.558906,-106.9328,-111.5689,-103.3708,-33.85706,17.59011,32.49057,-11.99411,-83.33658,-125.8283,-107.4261,-107.5564,-108.4814,24,24,24,24,24,24,24,24,24,24,24,24,24,24,24,24,744,7440,-106.6842,-109.2493,32.34377,-39.64421,-0.5269836,0.8590149,0.2612227,-1.173364,1.605311E-05,0.6452276,-0.394136,0.8082117,-0.3840226,-0.3340685,0.3613448,-0.3390835,24,24,24,24,24,24,24,24,24,24,24,24,24,24,24,24
745,7450,-108.4671,-108.8129,-107.3344,-3.168167,-107.4156,-114.0371,-105.2851,-36.4902,17.59011,33.96741,-6.534981,-76.65459,-122.2576,-110.768,-108.8679,-112.3381,24,24,24,24,24,24,24,24,24,24,24,24,24,24,24,24,745,7450,-112.5957,-110.697,31.03431,-40.67699,0.1296193,-0.2454682,-0.391773,0.391163,6.742308E-05,-0.6424745,0.2628408,-0.4041516,-0.1280589,-0.3340685,-0.1204465,-0.1130332,24,24,24,24,24,24,24,24,24,24,24,24,24,24,24,24
746,7460,-107.2646,-106.5158,-105.8574,-3.533725,-106.2087,-112.6796,-103.8813,-37.36791,15.85598,30.27526,-10.33264,-81.1933,-125.3522,-107.5455,-105.1717,-103.6605,24,24,24,24,24,24,24,24,24,24,24,24,24,24,24,24,746,7460,-102.7879,-102.932,31.03431,-39.51512,-0.2643426,-1.104509,2.407967E-05,0.391163,0.2589127,0.1301466,-1.313906,0.2693825,0.255885,-0.2227048,-0.4817901,-0.6781574,24,24,24,24,24,24,24,24,24,24,24,24,24,24,24,24
747,7470,-104.1382,-105.7904,-106.4728,-2.680758,-106.2087,-108.8538,-102.0947,-34.10783,16.47531,31.50597,-11.28205,-81.94975,-125.1142,-107.9035,-107.1987,-108.4814,24,24,24,24,24,24,24,24,24,24,24,24,24,24,24,24,747,7470,-100.907,-102.8004,32.73661,-39.51512,-0.00170163,0.7362953,-0.1305744,-0.1303481,0.1294892,-1.415096,0.2627895,-3.050092E-05,0.1279032,0.4454771,1.203984E-06,-0.1130332,24,24,24,24,24,24,24,24,24,24,24,24,24,24,24,24
748,7480,-110.7519,-109.5383,-108.9345,-3.046315,-108.5018,-114.2839,-106.1784,-36.74097,16.35145,32.36745,-9.739253,-82.95834,-127.1376,-114.1099,-111.8487,-114.0254,24,24,24,24,24,24,24,24,24,24,24,24,24,24,24,24,748,7480,-104.8032,-102.5372,30.90336,-40.1606,0.2609394,0.8590149,0.2612227,-0.521479,-0.9058917,-0.2561643,0.2627895,-0.4041516,-0.1280589,-0.3340685,-0.4817901,0.3390642,24,24,24,24,24,24,24,24,24,24,24,24,24,24,24,24
749,7490,-113.6379,-112.9236,-111.6423,-4.021134,-112.726,-118.8502,-107.3269,-37.74408,16.84691,31.3829,-11.75676,-85.732,-130.9464,-112.9164,-109.941,-108.9635,24,24,24,24,24,24,24,24,24,24,24,24,24,24,24,24,749,7490,-104.1315,-104.3797,32.73661,-38.35325,-0.3956635,0.2454136,-0.5223731,-0.521479,0.5177578,0.3876867,-0.1313979,-3.050092E-05,-0.3839712,0.1113861,-0.2408946,-0.2260599,24,24,24,24,24,24,24,24,24,24,24,24,24,24,24,24
750,7500,-110.8721,-113.6491,-111.15,-2.315201,-110.3122,-113.9137,-104.647,-34.73477,17.09464,31.99825,-11.87543,-83.58873,-127.6137,-111.3648,-110.1794,-112.6997,24,24,24,24,24,24,24,24,24,24,24,24,24,24,24,24,750,7500,-107.0872,-107.0119,32.86756,-39.77331,0.1296193,-0.8590695,-0.9141703,0.1304059,-0.129356,-0.6424745,0.5255821,-0.6735646,-0.7679151,0.3341134,-0.4817901,-0.1130332,24,24,24,24,24,24,24,24,24,24,24,24,24,24,24,24
751,7510,-112.4354,-111.7146,-111.3961,-2.558906,-111.157,-118.7268,-107.7097,-36.99175,16.47531,31.87518,-10.56999,-83.84088,-128.0898,-114.468,-112.0871,-111.7355,24,24,24,24,24,24,24,24,24,24,24,24,24,24,24,24,751,7510,-113.6705,-113.1975,31.95093,-39.64421,0.3922602,-1.104509,0.1306226,0.7822939,-0.129356,0.001376554,-0.6569801,0.4040906,0.3839166,2.247436E-05,-0.9635817,-1.469332,24,24,24,24,24,24,24,24,24,24,24,24,24,24,24,24
752,7520,-106.1824,-107.483,-109.4268,-3.899282,-108.7432,-114.5308,-104.3918,-35.86326,16.72305,31.3829,-11.16337,-83.58873,-125.2332,-107.068,-104.814,-104.3836,24,24,24,24,24,24,24,24,24,24,24,24,24,24,24,24,752,7520,-113.1331,-111.7498,31.55809,-40.03151,-0.00170163,0.2454136,0.6530198,-0.521479,0.5177578,-1.157555,-0.1313979,-3.050092E-05,-2.729029E-05,0.2227498,0.4817924,0.2259957,24,24,24,24,24,24,24,24,24,24,24,24,24,24,24,24
753,7530,-106.5432,-106.9994,-106.9652,-2.680758,-106.088,-108.9772,-102.6051,-33.85706,17.46624,32.49053,-9.976606,-81.1933,-121.9005,-105.8745,-105.4102,-106.7941,24,24,24,24,24,24,24,24,24,24,24,24,24,24,24,24,753,7530,-110.5804,-112.0131,31.55809,-39.77331,0.6549012,0.6135725,2.407967E-05,0.1304059,-0.129356,0.1301466,0.6569769,-0.4041516,-2.729029E-05,-0.1113412,1.203984E-06,0.2259957,24,24,24,24,24,24,24,24,24,24,24,24,24,24,24,24
754,7540,-106.4229,-106.1531,-106.4728,-2.680758,-106.2087,-111.322,-103.1156,-35.11094,17.34237,32.12132,-10.21396,-82.45404,-123.3288,-109.2164,-106.0063,-107.6377,24,24,24,24,24,24,24,24,24,24,24,24,24,24,24,24,754,7540,-112.0583,-111.2234,30.77242,-40.4188,0.2609394,0.1226939,0.1306226,-0.9126099,6.742308E-05,0.001376554,-0.2627927,0.134676,-0.5119531,-0.7795247,-0.4817901,-0.3391284,24,24,24,24,24,24,24,24,24,24,24,24,24,24,24,24
755,7550,-104.7394,-106.5158,-108.5653,-3.411872,-107.8984,-112.6796,-103.7537,-34.73477,18.20943,32.73667,-10.45131,-83.33658,-126.4235,-110.2906,-106.9602,-106.4325,24,24,24,24,24,24,24,24,24,24,24,24,24,24,24,24,755,7550,-111.1178,-109.7757,32.60566,-40.4188,0.5235803,-2.568498E-05,-1.04477,0.7822939,0.6471797,-0.1273935,0.5255821,-0.4041516,-0.3839712,-0.1113412,0.1204489,0.112969,24,24,24,24,24,24,24,24,24,24,24,24,24,24,24,24
756,7560,-108.2266,-108.692,-111.15,-3.046366,-109.1053,-112.5562,-104.1365,-34.484,17.83784,32.98281,-10.56999,-82.83227,-125.5903,-109.3358,-107.6756,-108.3609,24,24,24,24,24,24,24,24,24,24,24,24,24,24,24,24,756,7560,-110.9835,-110.8286,32.34377,-38.86964,0.3922602,-0.7363467,0.5224213,0.6519169,-0.7764698,0.3876867,-1.708144,0.2693825,0.5118985,0.3341134,-0.9635817,-0.6782023,24,24,24,24,24,24,24,24,24,24,24,24,24,24,24,24
757,7570,-108.9482,-109.0547,-108.5653,-2.802662,-108.9846,-116.999,-104.7746,-36.36481,17.71397,32.85974,-8.78984,-81.57152,-124.4001,-109.9325,-107.1986,-109.5661,24,24,24,24,24,24,24,24,24,24,24,24,24,24,24,24,757,7570,-117.0293,-116.751,32.47472,-40.54789,-0.5269314,-2.568498E-05,0.6530198,0.1304059,0.1294892,-1.286326,-0.2627927,0.2693825,0.3839166,-0.1113412,-0.2408946,0.452046,24,24,24,24,24,24,24,24,24,24,24,24,24,24,24,24
758,7580,-108.1064,-106.6367,-106.8421,-2.924514,-107.657,-112.5562,-104.3918,-35.86326,18.45717,32.98281,-7.721749,-79.1761,-123.2098,-105.3971,-103.5025,-103.4195,24,24,24,24,24,24,24,24,24,24,24,24,24,24,24,24,758,7580,-114.8797,-113.8556,31.42715,-40.93518,0.2609915,0.2454168,-0.2611745,0.6519169,-0.3882012,-0.7712445,-0.1313979,-0.134737,-0.3839712,0.3341134,0.240897,0.3390193,24,24,24,24,24,24,24,24,24,24,24,24,24,24,24,24
759,7590,-104.4989,-104.8231,-104.9959,-3.290071,-103.7948,-107.2494,-101.9671,-34.98555,17.83784,33.10588,-8.315131,-78.79787,-121.9005,-105.1584,-103.7409,-104.7452,24,24,24,24,24,24,24,24,24,24,24,24,24,24,24,24,759,7590,-113.4018,-114.7769,31.81999,-39.25693,0.1296714,-0.1227453,0.1305696,-1.303741,0.5177578,-0.1273935,0.3941842,-3.050092E-05,0.2559364,-0.3340685,-0.4817901,-0.3391284,24,24,24,24,24,24,24,24,24,24,24,24,24,24,24,24
760,7600,-105.9419,-105.3067,-104.2574,-3.046366,-103.1914,-109.7177,-101.329,-34.23323,18.20943,31.99825,-9.5019,-79.80647,-122.1386,-106.71,-105.7679,-107.8788,24,24,24,24,24,24,24,24,24,24,24,24,24,24,24,24,760,7600,-115.8202,-115.0401,32.34377,-39.51512,0.6549534,-0.245465,-0.9142248,0.260786,0.1294892,-0.900015,0.5255821,0.5387971,-0.895897,-0.3340685,1.203984E-06,-5.458059E-05,24,24,24,24,24,24,24,24,24,24,24,24,24,24,24,24
761,7610,-106.7837,-106.0321,-105.4882,-2.437105,-107.4156,-114.901,-103.6261,-34.60939,17.9617,32.36745,-10.68867,-82.83227,-125.7093,-108.2616,-106.9602,-106.6736,24,24,24,24,24,24,24,24,24,24,24,24,24,24,24,24,761,7610,-110.1773,-110.697,31.81999,-40.03151,-0.3956113,-1.840827,0.1305696,1.173425,6.742308E-05,0.3876867,-0.5255854,-0.4041516,-2.729029E-05,0.1113861,-1.204477,-1.243327,24,24,24,24,24,24,24,24,24,24,24,24,24,24,24,24
762,7620,-107.3849,-108.692,-110.2884,-3.168219,-109.226,-114.6542,-104.0089,-34.35862,18.58103,33.10587,-10.56999,-81.82367,-125.1142,-107.7842,-106.0063,-107.8788,24,24,24,24,24,24,24,24,24,24,24,24,24,24,24,24,762,7620,-112.1926,-112.2763,31.81999,-39.77332,-1.314855,-0.1227453,0.1305696,-0.391102,6.742308E-05,-0.900015,-0.3941874,-0.2694451,0.2559364,2.247436E-05,1.203984E-06,0.2259957,24,24,24,24,24,24,24,24,24,24,24,24,24,24,24,24
763,7630,-110.5114,-111.231,-109.1807,-3.168219,-107.0535,-114.5308,-104.0089,-35.11094,16.59918,31.99824,-10.21396,-82.45404,-126.1854,-112.9164,-111.3717,-111.7355,24,24,24,24,24,24,24,24,24,24,24,24,24,24,24,24,763,7630,-115.1484,-111.8815,31.03431,-40.4188,0.1296714,0.4908561,-0.3918276,0.6519169,-0.5176246,-0.7712445,0.1313947,-0.134737,-0.5119531,0.6682044,0.240897,0.6780931,24,24,24,24,24,24,24,24,24,24,24,24,24,24,24,24
764,7640,-108.8279,-109.901,-110.6577,-2.802662,-112.6053,-119.8375,-108.2202,-36.36482,17.09464,33.35201,-10.09528,-82.45406,-129.042,-110.768,-109.1063,-107.6377,24,24,24,24,24,24,24,24,24,24,24,24,24,24,24,24,764,7640,-109.6399,-115.1717,30.90336,-39.25693,-0.1329695,0.4908561,0.6529668,-1.173364,0.6471797,0.001376554,-3.210623E-06,0.134676,-0.1280075,-0.5567958,-0.7226859,-0.2261049,24,24,24,24,24,24,24,24,24,24,24,24,24,24,24,24
765,7650,-109.5494,-110.2637,-110.9038,-2.680809,-108.6225,-111.8157,-103.1156,-33.73168,18.82877,33.10587,-11.0447,-82.58013,-125.1142,-106.5906,-105.1717,-105.9504,24,24,24,24,24,24,24,24,24,24,24,24,24,24,24,24,765,7650,-118.5072,-117.6723,31.2962,-40.67699,-0.001649457,0.4908561,-0.5224261,2.88956E-05,-0.2587778,-0.5137045,-3.210623E-06,-3.050092E-05,-1.02388,0.6682044,0.6022406,0.2259957,24,24,24,24,24,24,24,24,24,24,24,24,24,24,24,24
766,7660,-105.8217,-106.6367,-105.3651,-3.777481,-103.7948,-109.3474,-100.5633,-33.85707,18.08557,32.24438,-8.671163,-79.05003,-120.1151,-104.3229,-103.0256,-103.1784,24,24,24,24,24,24,24,24,24,24,24,24,24,24,24,24,766,7660,-114.2079,-111.8815,32.60566,-38.74054,0.3923124,-0.981786,-0.130629,0.1304059,6.742308E-05,0.2589166,1.051164,-0.6735646,-2.88956E-05,0.4454771,-1.204477,-0.5651788,24,24,24,24,24,24,24,24,24,24,24,24,24,24,24,24
767,7670,-102.0939,-100.5915,-101.3034,-2.558957,-101.1396,-106.1387,-99.54238,-32.4778,17.9617,32.9828,-9.14587,-79.55432,-122.2576,-106.8293,-104.9333,-104.8657,24,24,24,24,24,24,24,24,24,24,24,24,24,24,24,24,767,7670,-109.5056,-109.6441,30.90336,-40.67699,-0.2642904,-0.7363435,0.3917682,0.52154,6.742308E-05,-0.1273935,-1.839539,0.2693825,0.1279513,0.1113861,-0.1204465,-0.5651788,24,24,24,24,24,24,24,24,24,24,24,24,24,24,24,24
768,7680,-102.5749,-100.8333,-103.2727,-2.1934,-104.1569,-108.4835,-101.4566,-33.85707,18.20943,31.87517,-9.976606,-81.82368,-122.9717,-105.7551,-103.0256,-102.6963,24,24,24,24,24,24,24,24,24,24,24,24,24,24,24,24,768,7680,-110.1773,-109.1177,31.55809,-40.93518,0.1296714,0.7362985,-0.2612275,0.7822939,-0.2587778,-1.157555,-0.1313979,0.6735036,-0.3839728,0.1113861,-0.4817901,3.210623E-06,24,24,24,24,24,24,24,24,24,24,24,24,24,24,24,24
769,7690,-104.3787,-104.944,-104.8728,-3.655628,-102.95,-106.3855,-98.7767,-32.10164,19.32423,32.85973,-9.14587,-80.31078,-120.3532,-105.039,-103.2641,-104.6247,24,24,24,24,24,24,24,24,24,24,24,24,24,24,24,24,769,7690,-114.2079,-111.6182,30.51052,-39.25693,0.5236325,0.6135757,-0.130629,0.391163,-0.6470464,0.1301466,0.6569769,-0.2694451,0.6398771,-0.1113412,-0.4817901,0.3390771,24,24,24,24,24,24,24,24,24,24,24,24,24,24,24,24
770,7700,-105.1002,-104.8412,-104.7497,-3.046366,-105.0018,-109.4708,-101.5842,-33.10474,17.71397,32.61359,-10.68867,-82.45406,-125.5903,-110.6487,-109.3448,-110.2892,24,24,24,24,24,24,24,24,24,24,24,24,24,24,24,24,770,7700,-115.8201,-118.5935,31.81999,-40.03151,0.2609915,0.1226972,-2.88956E-05,-0.9126099,-0.129356,-0.1273935,-0.7883748,0.8082117,-0.5119547,-0.6681595,-0.2408946,3.210623E-06,24,24,24,24,24,24,24,24,24,24,24,24,24,24,24,24
771,7710,-109.3089,-108.5899,-109.3037,-2.437105,-111.7605,-117.9863,-106.1784,-35.73788,17.59011,31.99824,-11.87543,-87.87528,-132.4937,-115.0648,-111.6102,-112.4586,24,24,24,24,24,24,24,24,24,24,24,24,24,24,24,24,771,7710,-114.2079,-112.1447,31.2962,-39.64422,0.3923124,-0.3681846,-0.5224261,0.260786,0.3883345,0.2589166,0.7883716,-0.2694451,-0.7679183,0.2227498,-0.2408946,3.210623E-06,24,24,24,24,24,24,24,24,24,24,24,24,24,24,24,24
772,7720,-116.6441,-115.7244,-113.8578,-3.168219,-110.4329,-114.5308,-102.988,-33.85707,19.0765,33.47508,-9.85793,-82.95836,-125.8283,-109.6938,-108.6294,-111.2534,24,24,24,24,24,24,24,24,24,24,24,24,24,24,24,24,772,7720,-109.1025,-110.5654,31.16525,-38.61145,-0.1329695,-0.981786,-0.2612275,1.043048,6.742308E-05,0.001376554,-0.2627927,0.134676,0.5118968,-0.2227048,-1.324925,-0.6781477,24,24,24,24,24,24,24,24,24,24,24,24,24,24,24,24
773,7730,-111.1126,-109.1945,-108.3191,-2.558957,-109.9501,-117.8629,-107.0717,-36.99176,16.22758,32.49052,-10.09528,-85.47987,-132.2557,-118.2874,-115.5448,-115.4717,24,24,24,24,24,24,24,24,24,24,24,24,24,24,24,24,773,7730,-110.5804,-111.4866,32.34377,-40.4188,-0.1329695,-2.247436E-05,0.2611697,0.260786,0.7766031,-0.6424745,-0.3941874,-0.4041516,0.2559332,-0.2227048,0.3613448,0.1130268,24,24,24,24,24,24,24,24,24,24,24,24,24,24,24,24
774,7740,-113.6379,-113.5478,-114.8425,-2.802662,-115.0192,-120.0844,-106.6888,-35.48711,18.7049,31.99824,-11.40073,-85.60593,-129.042,-111.1261,-109.1064,-108.9635,24,24,24,24,24,24,24,24,24,24,24,24,24,24,24,24,774,7740,-110.7147,-108.0648,31.55809,-40.4188,-0.1329695,0.7362985,-0.2612275,0.7822939,-0.129356,-0.3849344,0.3941842,0.5387971,-0.8958986,0.1113861,0.4817924,0.4521006,24,24,24,24,24,24,24,24,24,24,24,24,24,24,24,24
775,7750,-110.8721,-112.0967,-110.9038,-3.411924,-108.0191,-113.4201,-102.7142,-33.60629,19.57196,33.47508,-10.56999,-83.46265,-126.4235,-111.0067,-109.4641,-109.6866,24,24,24,24,24,24,24,24,24,24,24,24,24,24,24,24,775,7750,-113.6705,-115.0401,31.55809,-40.2897,0.5236325,0.2454168,0.9141654,-1.042987,0.1294892,0.1301466,-0.3941874,0.6735036,-0.5119547,-0.5567958,0.1204489,-0.7911713,24,24,24,24,24,24,24,24,24,24,24,24,24,24,24,24
776,7760,-110.6317,-109.3154,-110.0422,-2.1934,-110.1915,-117.2459,-106.7972,-36.11404,18.20943,32.36745,-10.56999,-84.97555,-130.3513,-114.7067,-112.8025,-112.2176,24,24,24,24,24,24,24,24,24,24,24,24,24,24,24,24,776,7760,-116.895,-115.0401,31.68904,-38.99873,0.1296714,-0.1227453,-0.6530262,0.260786,0.2589127,0.1301466,0.1313947,0.2693825,-0.2559926,2.247436E-05,0.3613448,0.4521006,24,24,24,24,24,24,24,24,24,24,24,24,24,24,24,24
777,7770,-113.0366,-113.185,-113.9809,-2.802662,-114.1743,-121.0717,-107.3075,-36.86636,18.08557,31.13675,-13.53691,-89.38818,-134.2791,-115.9003,-112.564,-114.5075,24,24,24,24,24,24,24,24,24,24,24,24,24,24,24,24,777,7770,-114.8797,-112.9343,31.95093,-40.2897,0.1296714,-1.718107,-0.3918276,0.260786,-0.129356,0.001376554,-0.5255854,-0.5388581,-0.1280107,-0.2227048,-0.7226859,-0.4520974,24,24,24,24,24,24,24,24,24,24,24,24,24,24,24,24
778,7780,-116.0429,-117.2964,-114.8425,-3.046366,-113.8123,-119.7141,-107.1799,-35.86327,17.46624,32.85973,-11.63808,-84.47125,-131.5415,-116.497,-116.8564,-118.9669,24,24,24,24,24,24,24,24,24,24,24,24,24,24,24,24,778,7780,-109.3712,-112.1447,31.03431,-39.77331,-1.314855,-0.3681846,0.3917682,-0.391102,0.7766031,-0.5137045,-0.7883748,0.8082117,0.383915,-0.3340685,-0.6022382,-0.4520974,24,24,24,24,24,24,24,24,24,24,24,24,24,24,24,24
779,7790,-116.5239,-115.1198,-113.8578,-3.290071,-115.864,-122.7994,-110.2421,-36.86636,18.3333,33.59815,-10.92602,-86.36239,-134.1601,-117.8099,-114.591,-113.3023,24,24,24,24,24,24,24,24,24,24,24,24,24,24,24,24,779,7790,-110.7147,-109.2493,30.51052,-40.54789,0.5236325,0.6135757,-0.5224261,0.260786,0.1294892,-0.6424745,0.6569769,0.134676,-0.1280107,0.2227498,-0.2408946,-0.1130235,24,24,24,24,24,24,24,24,24,24,24,24,24,24,24,24
780,7800,-113.2771,-115.9663,-116.0733,-3.655628,-113.3295,-119.097,-107.3075,-36.99175,17.21851,32.36745,-10.45131,-84.3452,-130.1133,-112.9164,-111.1333,-112.6997,24,24,24,24,24,24,24,24,24,24,24,24,24,24,24,24,780,7800,-110.043,-111.2234,29.98673,-40.2897,0.1296714,-0.245465,0.3917682,-1.173364,6.742308E-05,0.3876867,0.3941842,0.5387987,-0.1280107,-0.1113412,1.203984E-06,0.1130268,24,24,24,24,24,24,24,24,24,24,24,24,24,24,24,24
781,7810,-112.7961,-111.9758,-111.3961,-3.046366,-110.4329,-116.382,-107.8179,-37.11714,16.10371,32.61359,-10.33264,-83.21052,-130.4703,-116.6164,-115.7833,-116.0743,24,24,24,24,24,24,24,24,24,24,24,24,24,24,24,24,781,7810,-116.3576,-116.6194,30.11768,-39.64421,-0.5269314,0.3681364,0.3917682,-0.1303481,0.2589127,0.2589166,-0.5255854,0.9429197,-0.8958986,0.3341134,0.4817924,0.7911745,24,24,24,24,24,24,24,24,24,24,24,24,24,24,24,24
782,7820,-114.1189,-112.8222,-113.1193,-2.680809,-114.8985,-120.8248,-108.711,-36.86636,17.83784,33.22894,-10.45131,-85.60595,-131.5415,-114.5874,-110.8948,-111.1329,24,24,24,24,24,24,24,24,24,24,24,24,24,24,24,24,782,7820,-118.3728,-115.8297,31.16525,-41.06428,0.7862743,-0.6136239,-0.7836247,0.260786,0.2589127,-0.1273935,0.3941842,-0.9429759,-0.1280107,-0.3340685,-0.8431336,-0.4520974,24,24,24,24,24,24,24,24,24,24,24,24,24,24,24,24
783,7830,-113.6379,-115.1198,-113.8578,-2.924514,-111.5191,-116.8756,-106.1592,-36.36481,17.21851,32.36745,-10.33264,-83.08444,-127.4947,-112.797,-110.5371,-113.3023,24,24,24,24,24,24,24,24,24,24,24,24,24,24,24,24,783,7830,-113.9392,-113.1976,31.16525,-38.99873,-0.3956113,-0.1227453,-0.130629,0.391163,0.2589127,-0.1273935,-0.7883748,-0.5388564,0.383915,-0.2227048,-0.2408946,-0.3390739,24,24,24,24,24,24,24,24,24,24,24,24,24,24,24,24
784,7840,-110.8721,-110.2828,-109.9192,-2.924514,-112.364,-120.578,-109.4766,-36.36481,17.09464,33.8443,-9.976606,-84.47128,-133.565,-119.9583,-117.0948,-116.1949,24,24,24,24,24,24,24,24,24,24,24,24,24,24,24,24,784,7840,-111.9239,-112.0131,31.42715,-41.19337,0.1296714,-2.247436E-05,0.1305696,-0.1303481,-0.2587778,-0.5137045,0.2627895,0.6735068,-0.3839728,2.247436E-05,0.1204489,-5.458059E-05,24,24,24,24,24,24,24,24,24,24,24,24,24,24,24,24
785,7850,-116.7644,-116.329,-117.3041,-2.558957,-117.3123,-123.1697,-110.1145,-36.86636,17.83784,33.72123,-10.21396,-84.97558,-130.8274,-112.439,-108.5102,-109.4456,24,24,24,24,24,24,24,24,24,24,24,24,24,24,24,24,785,7850,-111.9239,-110.3021,30.11768,-40.54789,1.048915,1.104457,-0.2612275,-0.7822329,-0.7764698,0.1301466,0.2627895,-0.6735629,0.5118968,0.5568408,0.4817924,-0.3391284,24,24,24,24,24,24,24,24,24,24,24,24,24,24,24,24
786,7860,-114.5999,-115.8453,-114.9655,-2.924514,-107.7777,-111.8157,-103.2246,-34.23323,17.9617,32.12132,-9.027193,-82.45407,-126.5425,-111.9616,-110.7756,-113.4229,24,24,24,24,24,24,24,24,24,24,24,24,24,24,24,24,786,7860,-107.8933,-109.7757,30.90336,-39.38602,0.2609915,0.4908561,-2.88956E-05,-0.391102,0.2589127,0.3876867,-0.5255854,1.077626,-0.2559926,-1.224979,-0.7226859,-0.1130781,24,24,24,24,24,24,24,24,24,24,24,24,24,24,24,24
787,7870,-113.5176,-111.1293,-109.3038,-3.655628,-109.226,-116.1351,-106.7972,-36.11404,17.83784,33.59815,-9.264546,-83.46267,-129.042,-114.7067,-112.8025,-112.4587,24,24,24,24,24,24,24,24,24,24,24,24,24,24,24,24,787,7870,-107.8933,-108.328,31.68904,-40.03151,0.5236325,-2.247436E-05,-1.306022,-0.2607251,0.2589127,-0.6424745,-0.3941874,-0.2694419,-0.2559926,-0.3340685,-0.3613423,0.112969,24,24,24,24,24,24,24,24,24,24,24,24,24,24,24,24
788,7880,-112.1949,-110.6456,-111.2731,-2.558957,-111.7605,-118.2332,-106.1592,-36.11404,17.59011,32.61359,-9.85793,-84.47128,-128.4469,-111.3648,-107.6756,-108.1199,24,24,24,24,24,24,24,24,24,24,24,24,24,24,24,24,788,7880,-108.162,-106.8803,31.42715,-39.77332,0.5236325,-0.8590663,0.2611697,0.7822939,-0.129356,0.2589166,-0.5255854,-0.5388564,-2.88956E-05,0.5568408,-0.8431336,-0.5651788,24,24,24,24,24,24,24,24,24,24,24,24,24,24,24,24
789,7890,-108.5874,-111.1293,-111.0269,-3.290071,-108.9846,-113.6669,-103.3522,-34.10784,19.0765,33.10587,-9.976606,-83.84089,-129.042,-114.468,-113.3987,-114.6281,24,24,24,24,24,24,24,24,24,24,24,24,24,24,24,24,789,7890,-104.9376,-105.8274,32.47472,-39.90241,-0.2642904,0.3681364,0.2611697,-0.521479,0.9060249,-0.5137045,-0.6569801,0.6735068,-0.1280107,0.1113861,-0.2408946,0.3390193,24,24,24,24,24,24,24,24,24,24,24,24,24,24,24,24
790,7900,-117.1251,-115.4826,-115.704,-3.533776,-117.6744,-125.8848,-111.518,-38.4964,16.97078,33.47508,-11.16337,-86.99277,-134.2791,-117.3325,-114.114,-113.4229,24,24,24,24,24,24,24,24,24,24,24,24,24,24,24,24,790,7900,-106.6842,-105.301,32.34377,-40.4188,0.1296714,0.2454168,-0.5224261,0.1304059,-0.6470464,-0.6424745,-3.210623E-06,-0.1347354,-0.3839728,0.4454771,0.6022406,0.5650696,24,24,24,24,24,24,24,24,24,24,24,24,24,24,24,24
791,7910,-112.9164,-114.0315,-113.7347,-3.655628,-112.0019,-118.3566,-104.6281,-34.484,18.45717,31.87517,-12.70617,-85.60595,-128.923,-110.2906,-108.8679,-109.4456,24,24,24,24,24,24,24,24,24,24,24,24,24,24,24,24,791,7910,-109.6399,-109.1176,31.16526,-38.74054,-0.1329695,0.2454168,0.6529668,-0.521479,0.3883345,0.2589166,0.2627895,0.1346792,0.1279513,-0.6681595,-0.2408946,0.2259957,24,24,24,24,24,24,24,24,24,24,24,24,24,24,24,24
792,7920,-111.3531,-112.0967,-110.7808,-3.046366,-109.3467,-116.382,-105.1385,-34.73478,18.45717,33.8443,-8.671163,-80.8151,-128.2088,-113.6325,-112.0871,-113.0613,24,24,24,24,24,24,24,24,24,24,24,24,24,24,24,24,792,7920,-108.6995,-108.986,31.16526,-38.99874,-0.001649457,0.2454168,-0.2612275,-0.9126099,0.1294892,0.3876867,0.1313947,0.1346792,-0.6399365,2.247436E-05,0.240897,0.5650696,24,24,24,24,24,24,24,24,24,24,24,24,24,24,24,24
793,7930,-112.3151,-110.5247,-112.2578,-3.168219,-113.9329,-120.578,-108.4558,-37.24253,17.34237,32.12132,-9.976606,-83.71481,-131.4225,-113.9906,-109.4641,-109.084,24,24,24,24,24,24,24,24,24,24,24,24,24,24,24,24,793,7930,-111.7896,-112.6711,32.47472,-39.38602,0.1296714,-0.245465,0.9141654,0.52154,0.1294892,-0.1273935,-0.3941874,-0.1347354,0.1279513,0.2227498,-0.6022382,-0.2261049,24,24,24,24,24,24,24,24,24,24,24,24,24,24,24,24
794,7940,-109.9101,-111.8548,-110.7808,-3.168219,-107.7777,-111.6923,-103.097,-34.23323,17.59011,31.87518,-10.80734,-82.70622,-124.281,-108.8583,-107.6756,-109.8072,24,24,24,24,24,24,24,24,24,24,24,24,24,24,24,24,794,7940,-110.3117,-109.6441,32.34377,-38.09506,-1.446175,-0.245465,-0.130629,0.260786,0.5177578,-0.1273935,-0.5255854,0.6735068,0.6398771,-0.4454322,-0.1204465,-5.458059E-05,24,24,24,24,24,24,24,24,24,24,24,24,24,24,24,24
795,7950,-111.5936,-110.7665,-112.0116,-3.046366,-112.6053,-119.2205,-107.8179,-36.4902,16.59918,32.98281,-11.0447,-85.3538,-133.684,-119.7196,-117.5717,-117.4001,24,24,24,24,24,24,24,24,24,24,24,24,24,24,24,24,795,7950,-107.3559,-107.9332,32.47472,-40.80609,0.2609915,0.3681364,-0.3918276,-0.2607251,-0.5176246,-0.900015,0.7883716,0.4040922,-2.88956E-05,0.6682044,1.203984E-06,0.452046,24,24,24,24,24,24,24,24,24,24,24,24,24,24,24,24
796,7960,-113.7581,-113.0641,-114.4732,-3.046366,-116.1054,-122.059,-109.6042,-36.74098,17.9617,32.73667,-11.75676,-87.11882,-132.6128,-113.8712,-110.4179,-110.6508,24,24,24,24,24,24,24,24,24,24,24,24,24,24,24,24,796,7960,-104.5345,-105.4326,31.68904,-37.83687,-0.001649457,0.7362985,0.7835669,2.88956E-05,-0.2587778,-0.2561635,1.051164,-0.5388581,0.1279513,-0.2227048,-0.2408946,-0.1130781,24,24,24,24,24,24,24,24,24,24,24,24,24,24,24,24
797,7970,-118.8086,-117.4174,-115.581,-3.533776,-112.3639,-118.2332,-106.6696,-35.73788,17.59011,32.85974,-8.908517,-81.94975,-126.6615,-111.9616,-110.2987,-114.0255,24,24,24,24,24,24,24,24,24,24,24,24,24,24,24,24,797,7970,-101.9818,-102.8004,33.65324,-38.74054,-0.2642904,0.3681364,-0.6530262,-0.521479,0.3883345,-0.2561635,-0.2627927,0.134676,-0.5119531,-0.8908884,1.203984E-06,0.2259957,24,24,24,24,24,24,24,24,24,24,24,24,24,24,24,24
798,7980,-110.8721,-109.5573,-110.0423,-2.680809,-113.6916,-122.5526,-111.7732,-39.24873,15.60825,31.87518,-10.33264,-83.96696,-130.8274,-116.6164,-113.1602,-112.2176,24,24,24,24,24,24,24,24,24,24,24,24,24,24,24,24,798,7980,-102.5192,-101.7475,32.86756,-39.38602,0.9175944,-0.981786,-0.7836247,0.260786,1.294294,-0.5137045,0.2627895,-0.2694451,-0.1280075,2.247436E-05,-0.3613423,-0.7912291,24,24,24,24,24,24,24,24,24,24,24,24,24,24,24,24
799,7990,-110.8721,-111.3711,-112.627,-2.315252,-112.6053,-116.382,-106.2868,-35.73788,18.08557,32.98281,-9.976608,-83.71481,-126.8996,-110.6487,-107.3179,-108.1199,24,24,24,24,24,24,24,24,24,24,24,24,24,24,24,24,799,7990,-104.5345,-105.4326,31.95094,-38.74054,-0.6582523,-0.3681846,-0.6530262,0.391163,-0.3882012,0.001376554,-0.7883748,0.2693825,-0.1280075,-0.6681595,-0.843134,-1.356353,24,24,24,24,24,24,24,24,24,24,24,24,24,24,24,24
800,8000,-110.8721,-112.3385,-111.6423,-3.290071,-109.226,-114.5308,-104.2453,-35.86327,16.84691,31.62904,-10.21396,-82.58012,-126.6615,-111.4841,-110.1794,-113.9049,24,24,24,24,24,24,24,24,24,24,24,24,24,24,24,24,800,8000,-114.2079,-115.0401,32.86756,-39.38602,-0.2642904,-2.247436E-05,-0.130629,0.1304059,0.7766031,-0.6424745,-0.2627927,-0.134737,0.3839166,-0.1113412,0.1204489,-5.458059E-05,24,24,24,24,24,24,24,24,24,24,24,24,24,24,24,24
801,8010,-113.8784,-112.8222,-114.104,-3.046366,-116.3468,-124.2804,-111.5181,-39.37412,15.36052,31.62904,-11.63808,-87.62312,-136.5406,-119.3615,-115.3063,-113.1818,24,24,24,24,24,24,24,24,24,24,24,24,24,24,24,24,801,8010,-115.9545,-114.5136,32.34377,-38.99874,-0.3956113,0.6135757,-0.130629,-0.1303481,-0.129356,-0.1273935,0.5255821,-0.5388581,0.2559364,-0.1113412,0.240897,0.3390193,24,24,24,24,24,24,24,24,24,24,24,24,24,24,24,24
802,8020,-114.9606,-116.9134,-116.3195,-3.411924,-112.9674,-118.6034,-106.7972,-36.36481,18.20943,31.87518,-11.40073,-85.85808,-130.3513,-115.6616,-113.1602,-116.3154,24,24,24,24,24,24,24,24,24,24,24,24,24,24,24,24,802,8020,-111.1178,-113.9872,33.2604,-38.35326,0.5236325,0.3681364,0.2611697,-1.173364,0.6471797,0.2589166,0.1313947,0.5387971,0.2559364,-0.4454322,0.1204489,-0.5651788,24,24,24,24,24,24,24,24,24,24,24,24,24,24,24,24
803,8030,-115.2011,-114.6163,-112.0116,-3.046366,-112.726,-122.5526,-108.3283,-37.11714,17.83784,32.98281,-10.45131,-85.10162,-131.8986,-116.9745,-114.4717,-113.9049,24,24,24,24,24,24,24,24,24,24,24,24,24,24,24,24,803,8030,-113.2674,-111.2234,34.17702,-37.96597,0.2609915,-0.1227453,-0.130629,0.6519169,-0.129356,-0.1273935,0.6569769,-0.4041516,-0.2559894,0.3341134,0.1204489,0.112969,24,24,24,24,24,24,24,24,24,24,24,24,24,24,24,24
804,8040,-113.9986,-112.8027,-114.3501,-2.924514,-113.5709,-118.9736,-106.2868,-34.86016,18.82877,32.36745,-11.51941,-86.2363,-129.3991,-109.2164,-107.1986,-106.553,24,24,24,24,24,24,24,24,24,24,24,24,24,24,24,24,804,8040,-110.446,-109.1176,33.91513,-38.48235,0.2609915,-1.227225,-0.3918276,0.1304059,0.1294892,0.1301466,-0.3941874,-0.134737,0.6398803,0.4454771,-1.204478,-0.9042526,24,24,24,24,24,24,24,24,24,24,24,24,24,24,24,24
805,8050,-108.9482,-110.8683,-109.4268,-2.924514,-106.6915,-112.803,-102.9694,-35.61249,17.46624,31.62904,-11.0447,-83.33658,-126.4235,-112.7971,-110.7756,-113.7844,24,24,24,24,24,24,24,24,24,24,24,24,24,24,24,24,805,8050,-105.2063,-107.4067,33.78418,-38.86964,-0.001649457,-0.1227453,0.2611697,2.88956E-05,0.3883345,-0.2561635,-1.051167,0.4040906,-0.2559894,2.247436E-05,-0.1204465,-0.2261049,24,24,24,24,24,24,24,24,24,24,24,24,24,24,24,24
806,8060,-110.8721,-112.44,-111.7654,-3.046366,-113.2088,-120.8248,-108.4558,-36.99175,16.59918,33.10588,-9.5019,-81.31937,-127.6137,-111.4841,-110.5371,-109.084,24,24,24,24,24,24,24,24,24,24,24,24,24,24,24,24,806,8060,-106.5498,-106.8803,33.65324,-39.12783,0.3923124,0.1226939,-0.6530262,0.52154,0.5177578,-1.157555,0.2627895,-0.134737,-0.1280075,0.5568408,0.1204489,0.3390193,24,24,24,24,24,24,24,24,24,24,24,24,24,24,24,24
807,8070,-108.4671,-109.7801,-111.0269,-3.411924,-110.1915,-114.284,-104.8833,-35.23633,18.45717,32.85974,-8.315133,-81.94975,-125.4713,-108.5003,-106.364,-107.2762,24,24,24,24,24,24,24,24,24,24,24,24,24,24,24,24,807,8070,-107.6246,-106.3539,32.73661,-39.25693,-0.1329695,0.4908528,0.1305696,-0.6518559,6.742308E-05,0.001376554,0.9197664,-0.2694451,0.2559364,-0.6681595,1.203984E-06,-5.458059E-05,24,24,24,24,24,24,24,24,24,24,24,24,24,24,24,24
808,8080,-107.0241,-107.2412,-105.6113,-3.533776,-103.0707,-109.1006,-101.6935,-35.23633,16.47531,31.01369,-10.09528,-80.94115,-122.3766,-106.9487,-104.4563,-104.7452,24,24,24,24,24,24,24,24,24,24,24,24,24,24,24,24,808,8080,-105.2063,-105.959,33.91513,-37.70777,-0.1329695,0.3681332,-0.6530262,-0.391102,6.742308E-05,0.6452276,-3.210623E-06,0.6735036,-0.895897,-0.2227048,0.1204489,0.2259957,24,24,24,24,24,24,24,24,24,24,24,24,24,24,24,24
809,8090,-103.7774,-104.8231,-105.1189,-3.046366,-103.3121,-109.4708,-101.8211,-34.10785,17.34243,33.35202,-9.027193,-79.30218,-123.0908,-107.068,-105.7679,-107.1557,24,24,24,24,24,24,24,24,24,24,24,24,24,24,24,24,809,8090,-108.5651,-107.8016,33.65324,-38.22416,0.6549534,-0.7363467,-0.130629,0.52154,0.3883345,0.001376554,0.2627895,-0.5388581,-2.729029E-05,-0.1113412,-0.7226863,-0.3391284,24,24,24,24,24,24,24,24,24,24,24,24,24,24,24,24
810,8100,-106.5432,-106.0321,-107.7037,-2.680809,-108.0191,-113.7903,-104.6281,-35.48711,17.21856,31.7521,-9.85793,-82.2019,-124.5191,-108.3809,-105.5294,-105.8299,24,24,24,24,24,24,24,24,24,24,24,24,24,24,24,24,810,8100,-110.8491,-109.9073,33.52229,-38.22416,-0.7895724,-0.1227485,0.6529668,2.88956E-05,6.742308E-05,-0.5137045,-1.708144,-0.134737,0.3839166,-0.2227048,-0.7226863,-0.4521552,24,24,24,24,24,24,24,24,24,24,24,24,24,24,24,24
811,8110,-106.5432,-109.4174,-110.2884,-4.508595,-107.7777,-112.3093,-102.0763,-33.85707,18.45722,31.38289,-11.75676,-83.71481,-123.3288,-105.3971,-104.3371,-105.3478,24,24,24,24,24,24,24,24,24,24,24,24,24,24,24,24,811,8110,-105.7437,-108.0648,33.91513,-38.74054,0.5236325,0.2454136,0.6529668,0.1304059,-0.2587778,-1.028785,-0.1313979,-0.134737,-0.6399333,0.7795697,0.4817924,0.452046,24,24,24,24,24,24,24,24,24,24,24,24,24,24,24,24
812,8120,-109.1887,-107.8457,-108.5653,-3.168219,-105.6052,-108.8538,-100.928,-32.60319,18.45722,33.47508,-10.09528,-81.82368,-124.162,-108.6196,-108.0333,-109.4456,24,24,24,24,24,24,24,24,24,24,24,24,24,24,24,24,812,8120,-111.3865,-111.4866,32.9985,-38.35326,0.3923124,0.7362953,-0.2612275,-0.2607251,-0.7764698,-0.5137045,0.9197664,-0.1347354,0.8958424,-0.7795247,1.203984E-06,-0.1130781,24,24,24,24,24,24,24,24,24,24,24,24,24,24,24,24
813,8130,-108.3469,-108.0875,-107.2114,-2.558957,-108.9846,-115.7649,-105.7764,-36.11404,17.83789,32.36745,-9.145869,-83.46267,-130.1133,-116.6164,-112.0871,-112.4586,24,24,24,24,24,24,24,24,24,24,24,24,24,24,24,24,813,8130,-110.446,-112.8027,34.56986,-37.06229,-0.2642904,0.3681332,-0.130629,-0.9126099,-0.129356,-0.6424745,-0.6569801,0.2693857,-2.729029E-05,-0.4454322,0.1204489,-0.4521552,24,24,24,24,24,24,24,24,24,24,24,24,24,24,24,24
814,8140,-111.7139,-109.7801,-112.1346,-3.777481,-109.7087,-114.0371,-104.3729,-33.98246,18.95268,33.22894,-9.976606,-83.58875,-126.3044,-108.9777,-106.364,-107.7583,24,24,24,24,24,24,24,24,24,24,24,24,24,24,24,24,814,8140,-110.5804,-111.355,34.17702,-39.12783,0.7862743,-1.104509,-0.3918276,0.52154,1.035448,-0.2561643,0.2627895,-0.5388564,-2.729029E-05,0.5568408,-0.1204465,-0.1130781,24,24,24,24,24,24,24,24,24,24,24,24,24,24,24,24
815,8150,-109.0684,-108.0875,-106.8421,-3.046366,-105.3639,-109.4708,-102.2039,-33.73168,17.46629,33.10587,-9.620576,-81.69761,-124.9952,-108.2616,-107.0794,-107.7583,24,24,24,24,24,24,24,24,24,24,24,24,24,24,24,24,815,8150,-107.3559,-104.1165,32.47472,-37.83687,0.1296714,-0.4909074,-0.130629,0.6519169,-0.5176246,0.3876867,-0.9197696,0.5387987,0.3839166,-0.1113412,-0.8430822,-1.243327,24,24,24,24,24,24,24,24,24,24,24,24,24,24,24,24
816,8160,-107.6254,-105.7903,-106.1036,-2.802662,-105.9673,-113.4201,-102.7142,-34.35862,19.81974,32.9828,-8.077778,-80.56293,-121.5434,-107.4261,-104.8141,-105.1068,24,24,24,24,24,24,24,24,24,24,24,24,24,24,24,24,816,8160,-104.1315,-104.9062,34.17702,-39.25693,-0.1329695,0.2454136,-2.88956E-05,0.52154,0.9060249,-0.6424745,-3.210623E-06,0.6735068,-0.6399333,0.4454771,-0.4817387,-0.7912291,24,24,24,24,24,24,24,24,24,24,24,24,24,24,24,24
817,8170,-103.8977,-104.5813,-103.3958,-2.924514,-102.8293,-106.7557,-100.29,-33.48091,19.69588,33.96737,-7.484396,-78.04144,-119.163,-101.2197,-99.68713,-99.20116,24,24,24,24,24,24,24,24,24,24,24,24,24,24,24,24,817,8170,-109.1025,-108.4596,32.47472,-37.83687,-0.001649457,0.8590149,0.5223683,-0.391102,-1.164737,-0.1273935,0.5255821,-0.2694419,0.1279546,-0.1113412,-0.4817387,0.5650696,24,24,24,24,24,24,24,24,24,24,24,24,24,24,24,24
818,8180,-99.68892,-100.2288,-100.9342,-3.168219,-99.57064,-102.0661,-97.73817,-31.97626,18.70495,32.85973,-9.264546,-79.68041,-118.8059,-103.01,-100.8794,-102.2142,24,24,24,24,24,24,24,24,24,24,24,24,24,24,24,24,818,8180,-110.9834,-112.4079,34.17702,-37.83687,0.3923124,-2.568498E-05,-2.88956E-05,-1.173364,0.9060249,0.1301466,-0.3941874,0.6735068,-0.5119531,-0.3340685,0.1205007,-0.1130781,24,24,24,24,24,24,24,24,24,24,24,24,24,24,24,24
819,8190,-103.8977,-102.526,-101.6726,-2.802662,-101.5017,-107.8665,-99.52445,-32.35242,19.94361,33.22894,-8.196456,-81.19331,-122.1386,-110.2906,-107.914,-112.3381,24,24,24,24,24,24,24,24,24,24,24,24,24,24,24,24,819,8190,-106.9529,-108.0648,34.30797,-37.83687,0.3923124,-0.1227485,-0.2612275,1.043048,0.6471797,-0.1273935,0.2627895,0.5387987,-0.6399333,2.247436E-05,-0.2408428,0.5650696,24,24,24,24,24,24,24,24,24,24,24,24,24,24,24,24
820,8200,-110.3911,-110.7474,-110.9038,-2.924515,-113.0881,-122.1824,-109.7318,-37.49331,18.20949,34.45964,-8.315131,-83.58875,-133.0889,-117.9293,-114.4717,-113.3023,24,24,24,24,24,24,24,24,24,24,24,24,24,24,24,24,820,8200,-111.9239,-110.0389,34.30797,-38.48235,0.1296714,-1.595391,-0.130629,2.88956E-05,-0.7764698,0.001376554,-0.2627927,-0.4041484,-0.1280075,0.2227498,-1.324873,-1.017279,24,24,24,24,24,24,24,24,24,24,24,24,24,24,24,24
821,8210,-114.7201,-113.77,-115.9502,-3.168219,-115.0192,-119.8375,-107.8179,-37.49331,17.96176,32.9828,-10.09528,-84.34519,-131.1845,-115.5422,-113.9948,-115.2307,24,24,24,24,24,24,24,24,24,24,24,24,24,24,24,24,821,8210,-108.6994,-107.5384,33.78418,-37.96597,-0.2643426,-2.568498E-05,0.6529668,-0.521479,1.035448,-0.3849344,-0.3941874,0.2693857,0.7678621,0.2227498,0.2409484,-0.3391284,24,24,24,24,24,24,24,24,24,24,24,24,24,24,24,24
822,8220,-113.7581,-111.7146,-112.1346,-2.558958,-112.1226,-121.1951,-107.9455,-36.23943,18.95268,33.47508,-9.027193,-85.60593,-132.1367,-117.9293,-113.5179,-114.0254,24,24,24,24,24,24,24,24,24,24,24,24,24,24,24,24,822,8220,-107.759,-107.2751,32.86756,-39.25693,0.3922602,0.9817378,-0.3918276,-0.1303481,-0.9058917,-0.5137045,0.7883716,0.1346792,0.1279546,0.2227498,0.1205007,0.5650696,24,24,24,24,24,24,24,24,24,24,24,24,24,24,24,24
823,8230,-111.5936,-111.7146,-112.627,-3.290071,-112.2433,-118.9736,-106.1592,-34.86017,19.44815,34.2135,-9.5019,-84.47127,-129.042,-109.6938,-107.914,-107.3967,24,24,24,24,24,24,24,24,24,24,24,24,24,24,24,24,823,8230,-106.9529,-108.1964,32.86756,-37.57867,0.7862221,-0.1227453,0.5223683,-1.042987,-0.129356,0.2589166,0.2627895,-0.4041484,-0.2559894,-0.5567958,-0.6021864,-0.1130781,24,24,24,24,24,24,24,24,24,24,24,24,24,24,24,24
824,8240,-111.4734,-110.8683,-111.7654,-3.411924,-108.3811,-113.0498,-103.4798,-33.85706,19.69588,34.45964,-9.145869,-81.57153,-124.5191,-107.6648,-107.1987,-108.1198,24,24,24,24,24,24,24,24,24,24,24,24,24,24,24,24,824,8240,-109.9086,-109.7757,33.2604,-38.74054,-0.2643426,-0.1227453,-0.9142248,2.88956E-05,0.3883345,-0.1273935,-0.2627927,-0.2694419,-0.2559894,-0.5567958,0.2409484,0.3390193,24,24,24,24,24,24,24,24,24,24,24,24,24,24,24,24
825,8250,-107.7456,-107.6039,-106.1036,-3.533776,-106.9328,-114.284,-104.6281,-36.23943,18.20949,33.35201,-8.196456,-81.69761,-126.1854,-112.5583,-109.941,-108.7225,24,24,24,24,24,24,24,24,24,24,24,24,24,24,24,24,825,8250,-107.759,-109.2493,32.73661,-38.35326,-0.2643426,-0.4909042,0.5223683,0.391163,-0.5176246,-0.1273935,0.2627895,-0.2694419,0.2559364,0.1113861,-1.083978,-0.3391284,24,24,24,24,24,24,24,24,24,24,24,24,24,24,24,24
826,8260,-105.9419,-106.5158,-108.3191,-3.533776,-108.9846,-113.9137,-103.4798,-33.73167,20.56294,34.82885,-8.908516,-82.328,-125.2332,-106.4713,-104.2179,-104.0221,24,24,24,24,24,24,24,24,24,24,24,24,24,24,24,24,826,8260,-110.1773,-109.5125,32.9985,-38.09506,-1.052266,-0.1227453,-0.130629,0.1304059,0.9060249,-0.2561643,-1.313957,-0.6735629,0.3839166,0.1113861,-0.2408428,-0.1130781,24,24,24,24,24,24,24,24,24,24,24,24,24,24,24,24
827,8270,-108.2266,-108.3293,-108.196,-3.533776,-106.4501,-110.2113,-101.5659,-33.4809,19.94361,34.2135,-9.14587,-80.31078,-123.0908,-106.8293,-105.0525,-106.4325,24,24,24,24,24,24,24,24,24,24,24,24,24,24,24,24,827,8270,-110.9834,-109.7757,32.86756,-38.86964,0.3922602,0.4908561,-0.5224261,0.1304059,0.1294892,-0.2561643,0.2627895,0.4040922,-0.7679151,0.3341134,5.297528E-05,0.2259957,24,24,24,24,24,24,24,24,24,24,24,24,24,24,24,24
828,8280,-105.3406,-104.944,-104.6266,-3.046367,-105.6052,-113.1732,-103.3522,-35.4871,19.07655,32.85973,-7.959102,-82.20192,-125.5903,-111.3648,-108.1525,-108.7225,24,24,24,24,24,24,24,24,24,24,24,24,24,24,24,24,828,8280,-105.2063,-107.4067,31.81999,-38.09506,1.180183,-0.245465,0.9141654,-1.434118,-0.2587778,0.1301466,0.1313947,-0.5388564,-2.729029E-05,-1.113616,-0.7226341,-5.458059E-05,24,24,24,24,24,24,24,24,24,24,24,24,24,24,24,24
829,8290,-107.0241,-107.1203,-108.6883,-2.802663,-108.6225,-113.2967,-102.9694,-33.35551,20.06748,35.07499,-8.671163,-81.19331,-125.8283,-108.9777,-107.0794,-107.5172,24,24,24,24,24,24,24,24,24,24,24,24,24,24,24,24,829,8290,-108.6994,-108.0648,33.39134,-37.32048,0.3922602,0.2454168,0.1305696,0.391163,0.1294892,0.001376554,0.5255821,-0.4041484,-1.151862,0.3341134,0.6022919,0.2259957,24,24,24,24,24,24,24,24,24,24,24,24,24,24,24,24
830,8300,-109.6696,-110.2638,-111.0269,-3.411924,-110.3122,-114.284,-104.7557,-33.73167,19.44815,34.2135,-8.552486,-81.82368,-125.9474,-108.2616,-106.9602,-107.1557,24,24,24,24,24,24,24,24,24,24,24,24,24,24,24,24,830,8300,-106.0124,-105.4326,33.78418,-38.09506,0.5235803,-0.6136239,-0.130629,2.88956E-05,6.742308E-05,-0.2561643,0.3941842,-0.8082694,-0.2559926,2.247436E-05,-0.8430822,0.112969,24,24,24,24,24,24,24,24,24,24,24,24,24,24,24,24
831,8310,-108.8279,-107.6039,-105.1189,-2.68081,-105.7259,-113.4201,-102.8418,-34.23323,19.57201,34.33657,-7.959102,-82.20192,-127.0186,-113.6325,-111.1333,-112.4586,24,24,24,24,24,24,24,24,24,24,24,24,24,24,24,24,831,8310,-103.9971,-104.2481,33.52229,-37.83687,-0.00170163,-0.3681846,-0.2612275,0.52154,0.2589127,0.1301466,-1.182562,0.1346792,0.6398771,-0.1113412,-0.2408946,-0.5651788,24,24,24,24,24,24,24,24,24,24,24,24,24,24,24,24
832,8320,-109.6696,-109.7802,-111.7654,-2.437105,-113.4502,-118.1098,-105.2661,-33.98245,20.43908,34.82885,-9.5019,-83.71481,-128.5659,-108.5003,-106.7217,-106.4325,24,24,24,24,24,24,24,24,24,24,24,24,24,24,24,24,832,8320,-115.014,-112.1447,33.2604,-38.86964,0.2609394,0.6135757,-0.2612275,2.88956E-05,-0.129356,-1.157555,0.2627895,0.1346792,-0.5119547,-0.1113412,0.240897,0.2260503,24,24,24,24,24,24,24,24,24,24,24,24,24,24,24,24
833,8330,-110.3911,-109.9011,-108.3191,-3.168219,-106.088,-110.9518,-101.6935,-32.22703,20.31521,35.56728,-7.603072,-81.19331,-126.4235,-111.1261,-109.8217,-112.5792,24,24,24,24,24,24,24,24,24,24,24,24,24,24,24,24,833,8330,-106.5498,-106.6171,31.95093,-37.96597,1.048863,0.1226972,0.6529668,-0.391102,-0.5176246,-0.5137045,-0.1313979,0.2693857,0.2559332,-1.002252,-0.3613423,0.1130268,24,24,24,24,24,24,24,24,24,24,24,24,24,24,24,24
834,8340,-109.3089,-111.0084,-110.2884,-3.411924,-112.1226,-121.9356,-107.9455,-36.36481,18.95268,34.58271,-8.433809,-82.95837,-129.1611,-113.3938,-109.5833,-109.2045,24,24,24,24,24,24,24,24,24,24,24,24,24,24,24,24,834,8340,-104.1315,-106.7487,32.34377,-38.09506,-0.00170163,0.1226972,-0.130629,-1.042987,0.3883345,0.6452276,-3.210623E-06,1.077626,-0.3839728,-0.2227048,-0.2408946,-0.4520974,24,24,24,24,24,24,24,24,24,24,24,24,24,24,24,24
835,8350,-103.6572,-108.1062,-107.0883,-2.802663,-106.088,-109.224,-100.6728,-31.60009,20.31521,35.56728,-8.671163,-79.80649,-123.2098,-103.4874,-102.6679,-102.5758,24,24,24,24,24,24,24,24,24,24,24,24,24,24,24,24,835,8350,-103.594,-103.3268,32.47472,-38.74054,0.3922602,-1.227225,-0.3918276,0.260786,0.6471797,0.2589166,0.5255821,-0.1347354,-0.7679183,0.2227498,-0.7226859,-0.1130235,24,24,24,24,24,24,24,24,24,24,24,24,24,24,24,24
836,8360,-105.7014,-105.9296,-105.4882,-3.411924,-103.5535,-107.9899,-100.1624,-31.09854,21.0584,35.19807,-7.009689,-79.17612,-121.3054,-107.1874,-105.4102,-108.6019,24,24,24,24,24,24,24,24,24,24,24,24,24,24,24,24,836,8360,-103.0566,-101.3527,33.12945,-37.57867,-0.5269836,-0.981786,-0.3918276,0.52154,-0.129356,0.3876867,-0.5255854,-2.88956E-05,0.2559332,0.1113861,-0.4817901,-1.017222,24,24,24,24,24,24,24,24,24,24,24,24,24,24,24,24
837,8370,-107.6254,-107.2597,-105.8574,-3.290072,-108.2605,-116.1351,-103.8626,-33.98245,19.32428,33.8443,-9.85793,-85.35379,-129.5181,-112.0809,-109.5833,-108.7225,24,24,24,24,24,24,24,24,24,24,24,24,24,24,24,24,837,8370,-99.69781,-99.24695,33.78418,-38.35326,-0.001649457,0.2454168,-0.3918276,0.391163,0.1294892,-1.415096,0.3941842,0.8082133,0.2559332,0.6682044,0.8431364,0.678151,24,24,24,24,24,24,24,24,24,24,24,24,24,24,24,24
838,8380,-107.9861,-110.2828,-111.5192,-2.558958,-109.226,-112.803,-102.8418,-32.4778,20.06748,35.19807,-9.620577,-81.31938,-126.1854,-106.3519,-105.8871,-108.1198,24,24,24,24,24,24,24,24,24,24,24,24,24,24,24,24,838,8380,-107.0872,-105.959,33.52229,-38.48235,-0.5269314,0.2454168,0.6529668,0.52154,-0.3882012,-0.5137045,0.1313947,-0.1347354,-2.88956E-05,0.2227498,1.203984E-06,0.1130268,24,24,24,24,24,24,24,24,24,24,24,24,24,24,24,24
839,8390,-107.3849,-107.3807,-106.3498,-2.68081,-104.2776,-110.5816,-102.3315,-32.97935,20.19134,35.56728,-6.653658,-79.93256,-125.8283,-113.7519,-112.4448,-115.8333,24,24,24,24,24,24,24,24,24,24,24,24,24,24,24,24,839,8390,-104.9376,-105.301,32.73661,-38.09506,-0.001649457,0.1226972,0.1305696,-1.434118,0.9060249,0.1301466,-0.3941874,0.2693857,-2.88956E-05,-0.3340685,-0.4817901,-0.2260471,24,24,24,24,24,24,24,24,24,24,24,24,24,24,24,24
840,8400,-114.1189,-113.185,-114.4732,-3.411924,-115.1399,-123.5399,-108.3282,-35.6125,19.69588,34.82885,-9.620577,-84.97556,-130.8274,-113.6325,-109.5833,-107.6377,24,24,24,24,24,24,24,24,24,24,24,24,24,24,24,24,840,8400,-106.8185,-105.959,32.73661,-38.99874,0.1296714,-0.245465,-0.2612275,-0.6518559,-0.3882012,-0.3849344,0.5255821,0.4040922,0.1279513,2.247436E-05,0.1204489,3.210623E-06,24,24,24,24,24,24,24,24,24,24,24,24,24,24,24,24
841,8410,-109.6696,-111.4921,-111.0269,-3.046368,-106.6915,-110.2113,-101.5659,-31.97625,20.06748,35.44421,-8.433809,-79.80649,-124.043,-106.3519,-105.7679,-107.3967,24,24,24,24,24,24,24,24,24,24,24,24,24,24,24,24,841,8410,-105.6093,-104.6429,32.73661,-38.22416,-0.3956113,-1.349945,-0.130629,0.6519169,-0.7764698,0.3876867,-0.1313979,-0.1347354,-0.2559926,-0.3340685,-0.9635817,-0.7911713,24,24,24,24,24,24,24,24,24,24,24,24,24,24,24,24
842,8420,-108.4671,-107.3807,-106.8421,-2.315253,-106.2087,-111.6923,-102.0763,-33.73168,19.32428,34.70578,-7.721749,-81.06724,-125.8283,-110.768,-108.391,-110.0482,24,24,24,24,24,24,24,24,24,24,24,24,24,24,24,24,842,8420,-111.7896,-109.6441,33.2604,-38.35326,-0.3956113,-2.247436E-05,0.3917682,0.1304059,0.6471797,-0.900015,-3.210623E-06,0.2693857,-0.1280107,-0.5567958,-0.1204465,0.1130268,24,24,24,24,24,24,24,24,24,24,24,24,24,24,24,24
843,8430,-107.1444,-107.8643,-107.4575,-3.411924,-109.226,-116.0117,-104.7557,-35.36172,19.07655,34.33657,-8.315131,-81.31938,-126.5425,-110.768,-106.7217,-106.1915,24,24,24,24,24,24,24,24,24,24,24,24,24,24,24,24,843,8430,-108.6994,-108.1964,33.2604,-38.22416,0.9175944,0.4908561,-0.130629,0.260786,-0.3882012,-0.3849344,0.1313947,-0.1347354,0.1279513,0.2227498,0.6022406,-0.1130235,24,24,24,24,24,24,24,24,24,24,24,24,24,24,24,24
844,8440,-108.2266,-108.8317,-109.7961,-2.193401,-108.5018,-112.4328,-103.3522,-33.10474,19.44815,34.70578,-8.671163,-80.31078,-123.4479,-106.71,-106.0063,-107.5172,24,24,24,24,24,24,24,24,24,24,24,24,24,24,24,24,844,8440,-106.2811,-105.5642,32.21283,-38.74054,0.1296714,-2.247436E-05,-0.2612275,-0.391102,0.3883345,0.1301466,0.5255821,-3.050092E-05,-2.88956E-05,-0.8908884,-0.4817901,-0.2260471,24,24,24,24,24,24,24,24,24,24,24,24,24,24,24,24
845,8450,-108.4671,-108.2271,-106.8421,-3.046368,-106.9328,-114.901,-104.2453,-32.85397,20.31521,35.19807,-7.603072,-82.07584,-127.9708,-114.2293,-110.6563,-110.4098,24,24,24,24,24,24,24,24,24,24,24,24,24,24,24,24,845,8450,-109.5056,-109.6441,32.08188,-38.74054,-0.2642904,0.3681364,-0.5224261,-0.391102,0.7766031,0.7739977,-0.6569801,0.5387971,-0.3839728,-0.1113412,0.240897,0.5651274,24,24,24,24,24,24,24,24,24,24,24,24,24,24,24,24
846,8460,-108.5874,-108.8317,-108.5653,-3.533777,-109.1053,-114.6542,-103.735,-33.4809,19.94361,34.45964,-9.620576,-82.83228,-126.6615,-108.3809,-105.291,-106.312,24,24,24,24,24,24,24,24,24,24,24,24,24,24,24,24,846,8460,-109.5056,-109.5125,32.60566,-38.35326,0.7862743,-0.981786,-0.130629,-0.2607251,-0.129356,0.001376554,-0.5255854,-0.6735646,0.1279513,-0.4454322,-0.8431336,-0.2260471,24,24,24,24,24,24,24,24,24,24,24,24,24,24,24,24
847,8470,-110.2709,-109.9201,-110.0422,-2.193401,-108.2605,-113.2966,-102.7142,-32.60319,19.94361,35.81342,-7.247041,-78.54573,-122.1386,-107.5455,-106.9602,-111.0124,24,24,24,24,24,24,24,24,24,24,24,24,24,24,24,24,847,8470,-110.7147,-111.4866,31.68904,-38.86964,-0.7895724,0.1226972,-0.130629,-0.391102,0.5177578,-0.7712445,-0.7883748,0.2693825,0.7678589,-0.5567958,1.203984E-06,-0.2260471,24,24,24,24,24,24,24,24,24,24,24,24,24,24,24,24
848,8480,-108.3469,-106.5342,-106.1036,-2.558958,-107.4156,-114.4074,-105.3937,-35.11094,18.33335,33.8443,-7.840425,-81.44546,-126.4235,-113.1551,-109.1064,-110.1687,24,24,24,24,24,24,24,24,24,24,24,24,24,24,24,24,848,8480,-108.162,-105.8274,33.52229,-38.86964,0.2609915,0.8590181,0.1305696,0.1304059,6.742308E-05,-1.028785,-3.210623E-06,0.5387971,-0.1280107,0.3341134,0.3613448,0.678151,24,24,24,24,24,24,24,24,24,24,24,24,24,24,24,24
849,8490,-109.0684,-110.8874,-111.8885,-3.655629,-110.795,-114.4074,-102.9694,-32.72858,20.06748,34.82885,-8.196456,-81.06724,-124.4,-107.6648,-103.741,-103.781,24,24,24,24,24,24,24,24,24,24,24,24,24,24,24,24,849,8490,-104.6689,-104.9062,32.47472,-37.44958,-0.001649457,-0.6136239,0.5223683,-0.2607251,-0.9058917,-0.3849344,0.1313947,-1.077686,0.5118968,-0.4454322,1.203984E-06,0.1130268,24,24,24,24,24,24,24,24,24,24,24,24,24,24,24,24
850,8500,-107.0241,-105.9296,-106.9652,-2.558958,-103.7949,-109.224,-100.5452,-31.85086,20.56294,35.44421,-7.247041,-78.1675,-121.5434,-105.2777,-103.9794,-105.3478,24,24,24,24,24,24,24,24,24,24,24,24,24,24,24,24,850,8500,-105.0719,-106.6171,33.12945,-39.25693,0.2609915,0.4908561,0.3917682,-1.042987,0.6471797,0.1301466,-0.5255854,0.5387971,0.383915,-0.1113412,0.7226883,-0.3390739,24,24,24,24,24,24,24,24,24,24,24,24,24,24,24,24
851,8510,-105.4609,-103.9948,-102.7804,-1.827844,-103.1914,-109.1006,-100.6728,-33.35551,20.06748,34.2135,-7.721749,-80.94116,-123.9239,-111.3648,-108.391,-110.5303,24,24,24,24,24,24,24,24,24,24,24,24,24,24,24,24,851,8510,-106.8185,-105.8274,33.2604,-38.48235,0.9175944,-0.3681846,-0.130629,0.52154,0.1294892,0.3876867,1.051164,-0.6735646,0.2559332,0.2227498,-0.4817901,-0.2260471,24,24,24,24,24,24,24,24,24,24,24,24,24,24,24,24
852,8520,-109.7899,-109.7991,-113.3655,-3.168219,-113.2088,-119.2205,-105.904,-34.484,19.44815,33.72123,-9.264546,-82.95836,-127.2566,-109.0971,-106.9602,-106.1915,24,24,24,24,24,24,24,24,24,24,24,24,24,24,24,24,852,8520,-103.191,-102.1424,32.21283,-39.38602,-0.6582523,-0.4909042,0.6529668,0.6519169,-0.3882012,0.3876867,-0.6569801,-3.050092E-05,-2.88956E-05,0.1113861,-0.7226859,-0.565121,24,24,24,24,24,24,24,24,24,24,24,24,24,24,24,24
853,8530,-115.2011,-115.2407,-113.2424,-2.802662,-110.6743,-116.1351,-105.0109,-33.85707,18.45722,34.2135,-9.383223,-80.94116,-124.8762,-108.2616,-106.4833,-107.7583,24,24,24,24,24,24,24,24,24,24,24,24,24,24,24,24,853,8530,-103.191,-104.2481,33.52229,-38.86964,-0.2642904,0.4908561,0.3917682,2.88956E-05,0.5177578,-1.157555,0.3941842,0.134676,0.5118968,0.1113861,-0.2408946,0.1130268,24,24,24,24,24,24,24,24,24,24,24,24,24,24,24,24
854,8540,-107.9861,-107.7434,-106.719,-2.315252,-106.088,-112.4327,-102.0763,-32.85397,19.94361,34.45964,-7.128365,-78.92395,-121.1864,-106.5906,-103.5025,-104.6247,24,24,24,24,24,24,24,24,24,24,24,24,24,24,24,24,854,8540,-107.3559,-105.4326,31.95094,-38.74054,0.9175944,0.2454168,-0.130629,2.88956E-05,-1.035315,-0.7712445,-0.2627927,-0.4041516,0.2559332,-0.2227048,0.1204489,3.210623E-06,24,24,24,24,24,24,24,24,24,24,24,24,24,24,24,24
855,8550,-104.9799,-104.9622,-103.5189,-2.924514,-103.4328,-107.4962,-99.52445,-32.4778,20.06748,34.82885,-6.891012,-78.79787,-119.401,-103.2487,-100.8794,-101.25,24,24,24,24,24,24,24,24,24,24,24,24,24,24,24,24,855,8550,-107.0872,-108.1964,32.73662,-39.25693,0.1296714,0.1226972,-2.88956E-05,-0.9126099,0.6471797,-0.1273935,-0.2627927,0.8082117,-0.7679183,-0.4454322,0.240897,0.2260503,24,24,24,24,24,24,24,24,24,24,24,24,24,24,24,24
856,8560,-102.8154,-101.8181,-103.1496,-2.437105,-101.2603,-103.6704,-97.99335,-30.59699,19.20042,34.45964,-8.552486,-78.79787,-119.401,-101.8164,-100.7602,-100.2859,24,24,24,24,24,24,24,24,24,24,24,24,24,24,24,24,856,8560,-112.5957,-112.1447,32.21283,-39.12783,0.5236325,-2.247436E-05,-0.6530262,2.88956E-05,0.1294892,-0.5137045,0.5255821,-0.2694451,-0.5119547,-0.1113412,0.6022406,0.3390771,24,24,24,24,24,24,24,24,24,24,24,24,24,24,24,24
857,8570,-99.56866,-100.367,-99.94949,-2.1934,-98.7258,-103.7938,-97.99335,-32.4778,19.57196,33.59815,-6.416305,-77.03283,-117.7346,-103.9648,-101.4756,-103.9015,24,24,24,24,24,24,24,24,24,24,24,24,24,24,24,24,857,8570,-108.0277,-107.0119,32.34377,-39.38602,-0.3956113,-0.8590663,-0.130629,0.1304059,-0.129356,0.2589166,-0.3941874,-0.6735646,-2.88956E-05,0.2227498,-0.9635817,-0.4520974,24,24,24,24,24,24,24,24,24,24,24,24,24,24,24,24
858,8580,-102.5749,-103.1483,-102.7804,-3.168219,-104.2776,-109.9645,-101.6935,-34.98555,18.95263,32.9828,-8.315131,-80.68901,-124.6381,-108.2616,-105.0525,-104.3836,24,24,24,24,24,24,24,24,24,24,24,24,24,24,24,24,858,8580,-105.0719,-103.8533,32.60567,-39.64421,-0.7895724,-0.1227453,0.3917682,-0.521479,0.5177578,-0.900015,-0.5255854,-3.050092E-05,0.2559332,-0.3340685,-0.3613423,0.2260503,24,24,24,24,24,24,24,24,24,24,24,24,24,24,24,24
859,8590,-107.0241,-107.5016,-108.6883,-2.802662,-106.5708,-109.5942,-101.0555,-32.60319,19.0765,34.09044,-8.552486,-79.05003,-120.1151,-103.4874,-102.6679,-104.7452,24,24,24,24,24,24,24,24,24,24,24,24,24,24,24,24,859,8590,-100.907,-102.5372,31.81999,-40.1606,1.048915,0.3681364,-0.5224261,0.6519169,-0.7764698,-0.3849344,0.5255821,0.4040906,-2.88956E-05,0.4454771,0.240897,3.210623E-06,24,24,24,24,24,24,24,24,24,24,24,24,24,24,24,24
860,8600,-107.5051,-105.9296,-104.9959,-2.558957,-104.519,-111.1986,-100.928,-33.23013,19.20036,33.35202,-8.196456,-80.18471,-122.8527,-109.6938,-107.3179,-107.9993,24,24,24,24,24,24,24,24,24,24,24,24,24,24,24,24,860,8600,-108.2964,-107.67,31.5581,-40.03151,-0.1329695,-0.3681846,0.1305696,-1.303741,-0.2587778,0.3876867,-3.210623E-06,0.5387971,0.7678589,2.247436E-05,-0.4817901,-0.4520974,24,24,24,24,24,24,24,24,24,24,24,24,24,24,24,24
861,8610,-105.4609,-104.9622,-105.242,-3.290071,-106.4501,-112.9264,-102.5866,-34.10784,19.81969,33.8443,-8.315133,-82.07584,-125.3522,-108.2616,-106.1256,-104.7452,24,24,24,24,24,24,24,24,24,24,24,24,24,24,24,24,861,8610,-107.0872,-107.4067,31.95094,-38.35325,0.1296714,0.3681364,-0.2612275,-0.7822329,0.6471797,0.001376554,-0.3941874,0.5387971,-0.6399365,0.1113861,1.203984E-06,0.5651274,24,24,24,24,24,24,24,24,24,24,24,24,24,24,24,24
862,8620,-108.9481,-110.041,-110.9038,-3.046366,-108.0191,-110.7049,-101.6935,-32.60319,20.06742,34.09044,-9.027193,-81.69761,-124.8762,-108.3809,-107.5564,-109.084,24,24,24,24,24,24,24,24,24,24,24,24,24,24,24,24,862,8620,-110.043,-109.6441,32.08188,-39.38602,-0.001649457,-1.104506,0.3917682,0.391163,0.2589127,-0.2561635,-1.051167,-0.5388581,0.1279513,-0.111338,-0.7226859,-0.4520974,24,24,24,24,24,24,24,24,24,24,24,24,24,24,24,24
863,8630,-112.7961,-110.5247,-108.3191,-2.437105,-106.4501,-114.0371,-102.9694,-35.11094,19.32423,33.59816,-7.603073,-79.93256,-124.9952,-111.8422,-109.4641,-110.5303,24,24,24,24,24,24,24,24,24,24,24,24,24,24,24,24,863,8630,-108.0277,-107.4067,32.47472,-39.12783,-0.1329695,-0.7363435,0.1305696,-0.1303481,0.9060249,-0.3849344,-0.9197696,0.5387971,0.7678589,-0.2227016,-0.4817387,0.3390771,24,24,24,24,24,24,24,24,24,24,24,24,24,24,24,24
864,8640,-106.0621,-106.2923,-105.9805,-2.558957,-108.1398,-114.901,-103.097,-34.484,18.7049,34.2135,-8.433809,-81.57153,-127.2567,-109.9325,-107.6756,-105.9504,24,24,24,24,24,24,24,24,24,24,24,24,24,24,24,24,864,8640,-106.2811,-105.0378,31.81999,-40.54789,0.5236325,0.2454168,0.5223683,0.9126709,-0.129356,-1.028785,-0.3941874,0.134676,-0.3839728,0.3341167,0.3613965,0.4521006,24,24,24,24,24,24,24,24,24,24,24,24,24,24,24,24
865,8650,-109.1887,-108.8317,-109.4268,-3.046366,-106.5708,-109.3474,-102.2039,-34.484,18.08557,33.35202,-8.78984,-80.05864,-123.4479,-107.1874,-106.1256,-107.6377,24,24,24,24,24,24,24,24,24,24,24,24,24,24,24,24,865,8650,-105.0719,-105.8274,32.73662,-38.86964,0.9175944,0.2454168,0.6529668,2.88956E-05,6.742308E-05,-0.1273935,0.3941842,-3.050092E-05,0.5118968,-0.4454289,-1.204426,0.5651274,24,24,24,24,24,24,24,24,24,24,24,24,24,24,24,24
866,8660,-109.6696,-109.6782,-107.2114,-3.290071,-108.3811,-117.7395,-105.1385,-36.11404,17.9617,32.49052,-9.620577,-82.07584,-128.6849,-115.7809,-113.1602,-114.9896,24,24,24,24,24,24,24,24,24,24,24,24,24,24,24,24,866,8660,-103.7284,-103.0636,32.21283,-38.74054,0.1296714,0.3681364,-0.7836247,-0.6518559,0.3883345,-0.3849344,-0.3941874,0.4040906,-0.6399365,0.3341167,0.2409484,0.2260503,24,24,24,24,24,24,24,24,24,24,24,24,24,24,24,24
867,8670,-110.5114,-110.4038,-110.9038,-2.924514,-109.9501,-116.999,-105.6488,-34.484,18.20943,33.59816,-9.976608,-82.45407,-127.9708,-109.5745,-108.0333,-106.7941,24,24,24,24,24,24,24,24,24,24,24,24,24,24,24,24,867,8670,-105.878,-104.7746,32.73661,-40.03151,-0.1329695,-1.349945,0.6529668,0.9126709,6.742308E-05,0.001376554,-0.1313979,-0.2694451,-0.5119547,0.4454803,5.297528E-05,-1.017222,24,24,24,24,24,24,24,24,24,24,24,24,24,24,24,24
868,8680,-108.3469,-109.9201,-112.7501,-3.290072,-107.4156,-112.0625,-101.0555,-32.72858,19.81969,33.35202,-9.264546,-80.56293,-122.8527,-105.1584,-104.2179,-104.8657,24,24,24,24,24,24,24,24,24,24,24,24,24,24,24,24,868,8680,-106.5498,-106.3539,31.68904,-38.99873,-0.9208933,-0.245465,0.5223683,-0.1303481,0.3883345,-0.5137045,-0.9197696,0.4040906,0.383915,-0.2227016,-0.3612906,-0.6781477,24,24,24,24,24,24,24,24,24,24,24,24,24,24,24,24
869,8690,-106.0622,-106.4133,-104.6266,-2.924515,-104.1569,-111.322,-101.1831,-33.98245,18.95263,32.73666,-8.315133,-79.93256,-122.0195,-106.71,-104.9333,-105.9504,24,24,24,24,24,24,24,24,24,24,24,24,24,24,24,24,869,8690,-110.5804,-109.5125,32.08188,-40.80609,0.7862743,0.6135757,-0.5224261,2.88956E-05,-0.6470464,-0.7712445,0.1313947,1.212331,-2.88956E-05,0.7795713,5.297528E-05,3.210623E-06,24,24,24,24,24,24,24,24,24,24,24,24,24,24,24,24
870,8700,-102.9357,-103.3902,-103.765,-2.802663,-103.3121,-109.4708,-101.4383,-33.23013,18.3333,33.59816,-10.45131,-80.81509,-124.5191,-107.4261,-106.1256,-105.4683,24,24,24,24,24,24,24,24,24,24,24,24,24,24,24,24,870,8700,-107.8933,-107.1435,31.03431,-40.03151,0.5236325,-0.6136271,0.2611697,-0.521479,-0.129356,0.6452276,-0.3941874,-3.050092E-05,0.6398771,-1.002249,-0.7226341,-0.1130235,24,24,24,24,24,24,24,24,24,24,24,24,24,24,24,24
871,8710,-105.3407,-105.5668,-106.4729,-2.558958,-105.4845,-109.9645,-100.6728,-31.97625,19.4481,33.59816,-10.56999,-81.69761,-123.4479,-105.8745,-104.5756,-104.2631,24,24,24,24,24,24,24,24,24,24,24,24,24,24,24,24,871,8710,-103.7284,-105.5642,32.60566,-38.99873,0.2609915,0.2454136,-1.044827,0.52154,6.742308E-05,0.001376554,-3.210623E-06,-0.2694451,-0.7679183,-0.111338,0.4818442,0.7911745,24,24,24,24,24,24,24,24,24,24,24,24,24,24,24,24
872,8720,-104.6192,-105.3249,-104.2574,-3.046368,-103.5535,-109.7177,-100.0348,-32.85397,19.32423,32.85973,-9.027193,-79.93256,-120.2342,-104.6809,-103.3833,-103.2989,24,24,24,24,24,24,24,24,24,24,24,24,24,24,24,24,872,8720,-106.5498,-106.6171,32.34377,-39.77331,0.3923124,-0.9817892,-0.2612307,0.6519137,-0.2587778,-0.3849344,-0.5255854,-0.9429792,-2.88956E-05,0.1113893,-1.083978,-0.2260471,24,24,24,24,24,24,24,24,24,24,24,24,24,24,24,24
873,8730,-103.2964,-103.5111,-103.0266,-2.558958,-104.3983,-111.1986,-102.7142,-34.23323,17.46624,32.9828,-9.14587,-80.68901,-124.281,-108.3809,-106.364,-104.5042,24,24,24,24,24,24,24,24,24,24,24,24,24,24,24,24,873,8730,-111.6552,-110.697,31.81999,-39.64421,-0.3956113,-0.2454682,0.2611665,0.5215368,0.2589127,-0.5137045,-0.3941874,0.2693825,0.2559332,2.568498E-05,-0.4817387,3.210623E-06,24,24,24,24,24,24,24,24,24,24,24,24,24,24,24,24
874,8740,-105.9419,-109.1945,-109.7961,-2.924515,-108.5018,-113.1732,-102.3315,-33.10474,19.20036,33.59815,-9.85793,-82.20192,-123.5669,-105.8745,-104.4564,-104.9862,24,24,24,24,24,24,24,24,24,24,24,24,24,24,24,24,874,8740,-109.5056,-110.5654,32.08188,-40.80609,-0.001649457,-0.1227485,-0.1306306,0.3911598,-0.2587778,-1.157555,-0.1313979,0.4040906,-0.5119547,0.1113893,5.297528E-05,0.678151,24,24,24,24,24,24,24,24,24,24,24,24,24,24,24,24
875,8750,-104.8597,-107.1388,-105.8574,-3.16822,-105.0018,-112.1859,-101.8211,-33.23013,17.9617,32.24438,-10.33264,-82.70622,-125.7093,-112.6777,-110.1794,-111.9766,24,24,24,24,24,24,24,24,24,24,24,24,24,24,24,24,875,8750,-111.7896,-111.4866,30.90336,-39.51512,-0.001649457,-0.1227485,0.2611665,-0.6518592,0.1294892,0.1301466,-0.2627927,0.134676,-2.88956E-05,-0.5567942,0.1205007,0.2260503,24,24,24,24,24,24,24,24,24,24,24,24,24,24,24,24
876,8760,-111.7139,-111.1293,-111.7654,-2.68081,-112.726,-121.0717,-106.7972,-35.23633,18.3333,33.96737,-9.85793,-83.2105,-129.7562,-111.7229,-109.2256,-107.7583,24,24,24,24,24,24,24,24,24,24,24,24,24,24,24,24,876,8760,-115.1484,-113.4608,31.95093,-38.99873,-0.001649457,0.7362953,-0.9142264,-1.04299,0.5177578,-0.1273935,-0.6569801,0.4040906,-0.3839728,0.3341167,0.1205007,-0.1130235,24,24,24,24,24,24,24,24,24,24,24,24,24,24,24,24
877,8770,-107.5051,-108.7108,-109.5499,-3.290072,-107.657,-111.4454,-101.8211,-33.4809,19.4481,33.10587,-9.85793,-81.57153,-123.0908,-105.039,-103.9794,-104.8657,24,24,24,24,24,24,24,24,24,24,24,24,24,24,24,24,877,8770,-105.2063,-104.7746,32.60566,-40.2897,0.9175944,-1.472668,-3.210623E-05,2.88956E-05,0.1294892,-0.2561635,0.3941842,-0.2694451,-0.2559942,0.1113893,-1.083978,0.2260503,24,24,24,24,24,24,24,24,24,24,24,24,24,24,24,24
878,8780,-105.8217,-106.6551,-104.9959,-3.046368,-103.9155,-110.3347,-101.4383,-33.98245,18.08557,31.62903,-9.976606,-80.68901,-121.6625,-106.2326,-104.2179,-104.5042,24,24,24,24,24,24,24,24,24,24,24,24,24,24,24,24,878,8780,-103.8628,-104.5113,31.95093,-39.38602,-0.2642904,-2.568498E-05,0.5223651,0.5215368,-0.129356,-0.900015,-0.1313979,-3.050092E-05,0.2559316,-0.111338,-0.3612906,3.210623E-06,24,24,24,24,24,24,24,24,24,24,24,24,24,24,24,24
879,8790,-100.2902,-102.1809,-101.7957,-3.290072,-101.6224,-106.7557,-100.6728,-32.85397,18.58103,33.35201,-7.721749,-79.05003,-119.6391,-104.6809,-104.3371,-106.1915,24,24,24,24,24,24,24,24,24,24,24,24,24,24,24,24,879,8790,-107.4903,-106.8803,32.21283,-40.2897,0.2609915,0.6135725,-0.1306306,0.5215368,-0.5176246,-0.2561635,0.1313947,0.134676,-0.383976,0.1113893,0.240897,0.3390771,24,24,24,24,24,24,24,24,24,24,24,24,24,24,24,24
880,8800,-106.5432,-106.5342,-108.8114,-3.16822,-107.0535,-110.8284,-102.9694,-34.23323,19.0765,33.72123,-8.78984,-81.44546,-125.3522,-107.7842,-105.0525,-104.6247,24,24,24,24,24,24,24,24,24,24,24,24,24,24,24,24,880,8800,-106.1468,-106.7487,31.81999,-39.77331,0.7862743,-0.4909074,0.3917666,-0.5214822,0.2589127,0.5164568,0.3941842,-3.050092E-05,0.1279497,-0.8908852,-0.8431336,-0.1130235,24,24,24,24,24,24,24,24,24,24,24,24,24,24,24,24
881,8810,-106.7836,-108.348,-107.3344,-3.16822,-105.7259,-111.0752,-101.9487,-34.73478,18.58103,31.62903,-8.671163,-79.93256,-122.9718,-109.4551,-107.5564,-109.9277,24,24,24,24,24,24,24,24,24,24,24,24,24,24,24,24,881,8810,-108.8338,-110.0389,32.08188,-38.99873,0.2609915,0.6135725,-0.2612307,-0.2607282,0.5177578,-0.2561635,-0.3941874,0.134676,-0.6399397,-0.111338,0.1204493,0.5651274,24,24,24,24,24,24,24,24,24,24,24,24,24,24,24,24
882,8820,-108.7076,-108.3293,-107.9498,-2.802663,-109.9501,-118.2332,-105.2661,-34.86017,18.7049,34.33657,-7.603072,-80.05864,-126.4235,-110.1712,-108.0333,-106.312,24,24,24,24,24,24,24,24,24,24,24,24,24,24,24,24,882,8820,-116.895,-115.4349,32.47472,-40.03151,0.5236325,-1.349948,-3.210623E-05,0.7822907,-0.2587778,0.5164568,-0.3941874,-0.8082727,-0.76792,0.7795713,-0.1204465,-0.4520974,24,24,24,24,24,24,24,24,24,24,24,24,24,24,24,24
883,8830,-106.0621,-105.9112,-107.5806,-2.924515,-106.4501,-110.5816,-102.7142,-35.23633,17.83784,33.72123,-10.09528,-82.07584,-124.4001,-107.068,-105.1717,-104.7452,24,24,24,24,24,24,24,24,24,24,24,24,24,24,24,24,883,8830,-113.8049,-114.1188,32.21283,-39.77331,-0.3956113,-0.2454682,-0.2612307,0.1304059,0.1294892,-0.7712445,-0.2627927,0.2693825,0.2559316,-0.2227016,-0.4817901,-0.1130235,24,24,24,24,24,24,24,24,24,24,24,24,24,24,24,24
884,8840,-105.9419,-107.2412,-105.8575,-3.290071,-103.1914,-108.1133,-99.52445,-33.23013,18.82877,32.24438,-9.14587,-80.18471,-120.5913,-104.3229,-103.264,-104.8657,24,24,24,24,24,24,24,24,24,24,24,24,24,24,24,24,884,8840,-108.6995,-110.3022,31.81999,-41.06428,0.7862743,0.3681332,-0.5224293,0.3911598,-0.2587778,-1.415096,0.1313947,0.8082117,-0.5119579,0.6682076,0.7226887,0.1130268,24,24,24,24,24,24,24,24,24,24,24,24,24,24,24,24
885,8850,-103.7774,-104.0977,-103.642,-2.437105,-103.7948,-109.7177,-100.6728,-33.98245,19.20036,34.2135,-8.433809,-79.93256,-122.9718,-107.5455,-106.4833,-106.9146,24,24,24,24,24,24,24,24,24,24,24,24,24,24,24,24,885,8850,-112.8644,-111.2234,31.5581,-39.51512,0.6549534,0.3681332,-3.210623E-05,-0.9126131,-0.2587778,-0.5137045,-0.6569801,-0.4041516,0.3839118,-0.3340653,-0.1204465,0.2260503,24,24,24,24,24,24,24,24,24,24,24,24,24,24,24,24
886,8860,-105.2204,-104.944,-106.1036,-3.655628,-107.7777,-113.1732,-103.4798,-35.48711,17.83784,32.73666,-9.027193,-80.94116,-122.6147,-106.2326,-103.8602,-102.9374,24,24,24,24,24,24,24,24,24,24,24,24,24,24,24,24,886,8860,-110.8491,-113.3292,32.21283,-39.90241,-0.001649457,0.7362985,-0.5224293,2.88956E-05,0.1294892,-0.1273935,-0.1313979,0.6735036,-1.023884,0.1113893,0.1204493,3.210623E-06,24,24,24,24,24,24,24,24,24,24,24,24,24,24,24,24
887,8870,-103.2964,-105.4276,-104.5036,-3.046366,-104.519,-110.0879,-100.928,-34.484,18.82877,31.62903,-9.620577,-81.19331,-122.3766,-106.3519,-103.741,-104.6247,24,24,24,24,24,24,24,24,24,24,24,24,24,24,24,24,887,8870,-114.0736,-112.5395,32.08188,-39.64421,0.3923124,-0.4909042,-0.914175,-0.1303513,0.2589127,-0.3849344,0.6569769,-0.5388581,0.1279497,-0.2227016,-0.4817901,-0.1130235,24,24,24,24,24,24,24,24,24,24,24,24,24,24,24,24
888,8880,-105.4609,-106.0321,-104.8728,-2.680809,-104.2776,-110.0879,-101.1831,-33.60629,18.58103,33.22894,-9.383224,-80.56293,-124.8762,-109.9325,-108.391,-108.2404,24,24,24,24,24,24,24,24,24,24,24,24,24,24,24,24,888,8880,-111.6552,-111.7499,31.16526,-39.51512,-0.7895724,-1.227225,0.1306194,0.6519169,0.1294892,0.001376554,-1.313957,-0.134737,-0.383976,-0.4454289,-0.4817901,-0.9041948,24,24,24,24,24,24,24,24,24,24,24,24,24,24,24,24
889,8890,-108.5874,-108.0875,-108.9345,-3.046366,-110.3122,-116.8756,-106.0316,-35.86326,18.20949,33.72123,-8.196456,-81.06724,-127.6137,-111.0067,-108.5102,-108.1199,24,24,24,24,24,24,24,24,24,24,24,24,24,24,24,24,889,8890,-108.6995,-109.2493,32.34377,-40.80609,0.5236325,-0.3681846,-0.1305792,0.260786,1.605311E-05,-1.286326,0.2627895,0.5387971,0.1279497,0.4454803,0.3613451,0.4521006,24,24,24,24,24,24,24,24,24,24,24,24,24,24,24,24
890,8900,-107.7456,-110.7474,-110.6577,-2.680809,-107.7777,-113.0498,-103.2246,-35.86326,17.09469,31.87523,-9.383224,-81.57153,-123.924,-107.3067,-105.4102,-105.1068,24,24,24,24,24,24,24,24,24,24,24,24,24,24,24,24,890,8900,-108.2964,-107.8016,31.2962,-40.4188,-0.2642904,-2.247436E-05,1.926374E-05,-0.391102,-0.6470978,0.001376554,-3.210623E-06,-0.4041516,0.2559316,-1.002249,0.1204493,0.5651274,24,24,24,24,24,24,24,24,24,24,24,24,24,24,24,24
891,8910,-105.2204,-104.944,-103.5189,-2.802662,-103.1914,-109.224,-101.1831,-34.23322,18.82882,33.59821,-8.07778,-79.6804,-122.1386,-106.8293,-106.2448,-106.1915,24,24,24,24,24,24,24,24,24,24,24,24,24,24,24,24,891,8910,-110.8491,-108.328,31.5581,-39.25693,0.2609915,0.1226972,-0.522378,-0.9126099,0.1294379,0.5164568,-0.6569801,0.9429181,0.2559316,-0.111338,-0.361342,-0.9041948,24,24,24,24,24,24,24,24,24,24,24,24,24,24,24,24
892,8920,-106.1824,-105.4276,-106.596,-2.924514,-108.5018,-114.284,-104.5005,-35.36171,17.96176,33.96742,-8.78984,-81.69761,-126.1854,-108.9777,-106.6025,-105.2273,24,24,24,24,24,24,24,24,24,24,24,24,24,24,24,24,892,8920,-112.8644,-114.7769,32.08188,-40.03151,0.9175944,-0.3681846,-0.3917778,-0.1303481,1.035397,0.1301466,0.1313947,-0.1346856,-0.5119579,-0.2227016,-0.8431336,0.5651274,24,24,24,24,24,24,24,24,24,24,24,24,24,24,24,24
893,8930,-105.2204,-107.3621,-108.073,-3.533776,-106.3294,-112.1859,-102.9694,-34.98555,17.71402,30.7676,-11.99411,-84.59733,-126.4235,-108.739,-107.4371,-108.1199,24,24,24,24,24,24,24,24,24,24,24,24,24,24,24,24,893,8930,-113.1331,-111.2234,30.90336,-39.90241,-0.2642904,-1.104506,-0.522378,0.9126709,-0.1294074,-0.2561635,-0.6569801,0.5388485,-3.210623E-05,0.3341167,1.605311E-06,-0.6781477,24,24,24,24,24,24,24,24,24,24,24,24,24,24,24,24
894,8940,-113.0366,-112.6818,-110.9038,-2.802662,-109.4673,-116.2586,-104.3729,-34.10783,18.45722,33.84435,-9.85793,-82.45406,-128.3279,-112.3196,-111.6102,-111.615,24,24,24,24,24,24,24,24,24,24,24,24,24,24,24,24,894,8940,-107.2216,-107.9332,30.64147,-40.93518,0.1296714,0.4908561,0.5224165,0.6519169,0.1294379,-1.801406,0.5255821,0.673555,-3.210623E-05,0.4455349,0.3613451,0.1130268,24,24,24,24,24,24,24,24,24,24,24,24,24,24,24,24
895,8950,-111.9544,-111.4728,-112.1347,-3.411924,-113.5709,-120.3312,-108.4558,-36.36481,18.58109,33.229,-11.28205,-86.23631,-131.7796,-113.2745,-110.0602,-108.843,24,24,24,24,24,24,24,24,24,24,24,24,24,24,24,24,895,8950,-114.8797,-114.5137,31.03431,-40.80609,-0.3956113,0.2454168,-0.1305792,-0.2607251,-0.905943,0.001376554,0.7883716,-0.5388067,0.1279497,-0.445376,-0.4817387,0.678151,24,24,24,24,24,24,24,24,24,24,24,24,24,24,24,24
896,8960,-113.2771,-114.3745,-113.3655,-3.290071,-110.5536,-116.1351,-103.4798,-34.10783,17.96176,31.62909,-11.99411,-84.34518,-126.1854,-107.7842,-107.4371,-108.4814,24,24,24,24,24,24,24,24,24,24,24,24,24,24,24,24,896,8960,-110.9835,-112.0131,31.16526,-39.38602,-0.001649457,-2.247436E-05,1.926374E-05,-0.521479,0.5177065,0.2589166,-0.1313979,0.673555,-0.76792,-0.2226471,-0.7226341,-0.5651788,24,24,24,24,24,24,24,24,24,24,24,24,24,24,24,24
897,8970,-107.3849,-108.692,-108.8114,-2.680809,-105.8466,-111.322,-102.2039,-33.10473,18.70495,34.58277,-9.264546,-79.55432,-121.1864,-103.8455,-103.741,-103.4195,24,24,24,24,24,24,24,24,24,24,24,24,24,24,24,24,897,8970,-114.3423,-113.3292,32.34377,-40.67699,0.5236325,-0.6136239,-0.914175,-0.521479,-0.3882526,-0.1273935,0.5255821,2.086905E-05,-0.2559942,0.2228076,0.6022919,-0.1130781,24,24,24,24,24,24,24,24,24,24,24,24,24,24,24,24
898,8980,-104.4989,-103.3723,-105.119,-2.680809,-105.3638,-108.8538,-102.7142,-33.73167,17.09469,33.59821,-9.976606,-81.57153,-124.7571,-108.0229,-107.3179,-106.6736,24,24,24,24,24,24,24,24,24,24,24,24,24,24,24,24,898,8980,-114.8797,-114.6453,32.73662,-39.90241,-0.2642904,-1.595387,1.926374E-05,0.260786,-0.517676,0.3876867,-3.210623E-06,-0.8082213,0.2559316,-0.3340123,-1.083978,-0.3391284,24,24,24,24,24,24,24,24,24,24,24,24,24,24,24,24
899,8990,-105.4609,-106.5158,-106.3498,-3.411924,-105.9673,-111.6923,-101.8211,-34.35861,18.70495,33.10593,-9.85793,-81.57153,-123.924,-106.3519,-103.9794,-104.9863,24,24,24,24,24,24,24,24,24,24,24,24,24,24,24,24,899,8990,-115.6858,-115.3033,31.95094,-40.2897,-0.5269314,0.2454168,1.926374E-05,0.6519169,0.5177065,-1.157555,-0.2627927,0.673555,0.3839118,-0.445376,-0.1203951,-0.2261049,24,24,24,24,24,24,24,24,24,24,24,24,24,24,24,24
900,9000,-105.4609,-105.9112,-106.4728,-2.802662,-105.2431,-109.9645,-102.2039,-33.73167,17.46629,32.61365,-10.09528,-80.68901,-124.162,-108.5003,-107.5563,-108.1199,24,24,24,24,24,24,24,24,24,24,24,24,24,24,24,24,900,9000,-118.9103,-118.3303,30.77242,-41.45156,0.5236325,-0.1227453,-0.6529765,0.260786,-1.035366,0.001376554,0.6569769,-0.1346856,-0.5119579,-0.2226471,0.8431878,0.2259957,24,24,24,24,24,24,24,24,24,24,24,24,24,24,24,24
901,9010,-106.4229,-105.7903,-106.8421,-2.680809,-109.226,-116.2586,-105.3937,-35.73787,17.71402,32.85979,-10.56999,-84.09303,-128.3279,-111.6035,-108.391,-107.8788,24,24,24,24,24,24,24,24,24,24,24,24,24,24,24,24,901,9010,-117.5667,-114.7769,30.90336,-39.25692,0.6549534,-0.1227453,0.2612179,-0.9126099,0.5177065,-0.2561635,-0.5255854,-0.1346856,0.2559316,0.1114439,-0.3612906,-0.4521552,24,24,24,24,24,24,24,24,24,24,24,24,24,24,24,24
902,9020,-111.1126,-112.3191,-114.3501,-3.533776,-110.1915,-114.284,-104.3729,-35.11094,18.20949,32.49058,-11.0447,-84.34518,-129.6371,-113.9906,-111.7294,-114.5076,24,24,24,24,24,24,24,24,24,24,24,24,24,24,24,24,902,9020,-109.7743,-108.8545,31.95094,-39.51512,-0.001649457,0.3681332,-0.3917778,2.88956E-05,0.1294379,-0.6424745,-0.2627927,0.2694339,-1.023884,0.7796259,0.2409484,-5.458059E-05,24,24,24,24,24,24,24,24,24,24,24,24,24,24,24,24
903,9030,-119.2896,-115.8253,-115.2117,-2.315252,-114.4157,-121.0717,-110.0068,-37.99485,15.9799,31.9983,-10.68867,-84.97555,-132.9698,-118.2874,-116.141,-115.5923,24,24,24,24,24,24,24,24,24,24,24,24,24,24,24,24,903,9030,-104.5345,-106.2223,32.08188,-40.1606,0.9175944,-1.227228,0.5224165,0.52154,0.2588613,0.001376554,-3.210623E-06,-0.4041002,-3.210623E-05,0.6682622,-0.4817387,-0.4521552,24,24,24,24,24,24,24,24,24,24,24,24,24,24,24,24
904,9040,-112.1949,-110.9892,-113.2424,-2.558957,-114.6571,-122.059,-108.4754,-35.98866,18.58109,33.59821,-10.45131,-86.36239,-129.7562,-112.2003,-108.7486,-108.7225,24,24,24,24,24,24,24,24,24,24,24,24,24,24,24,24,904,9040,-110.043,-110.0389,31.68904,-40.1606,-1.314855,-0.3681878,0.391818,-2.247436E-05,0.1294379,-1.157555,-0.9197696,-0.1346856,0.7678573,0.2228076,0.6022919,0.112969,24,24,24,24,24,24,24,24,24,24,24,24,24,24,24,24
905,9050,-111.9544,-113.8908,-112.8731,-2.315252,-109.3467,-114.7776,-103.4985,-34.73478,18.58103,33.47514,-9.5019,-83.08443,-126.7806,-110.1712,-108.6294,-109.4456,24,24,24,24,24,24,24,24,24,24,24,24,24,24,24,24,905,9050,-110.9835,-107.5384,31.2962,-40.41879,0.1296714,0.4908528,-0.2611793,0.3911116,-1.164788,-0.5137045,0.3941842,0.1347274,0.3839118,-0.5567396,0.1205007,0.2259957,24,24,24,24,24,24,24,24,24,24,24,24,24,24,24,24
906,9060,-111.1126,-110.1428,-110.7807,-2.802662,-109.7087,-115.6415,-106.8164,-37.24253,16.59918,32.36745,-9.85793,-83.33658,-129.3991,-113.8712,-111.7294,-111.9766,24,24,24,24,24,24,24,24,24,24,24,24,24,24,24,24,906,9060,-107.2216,-109.3809,30.51052,-40.0315,0.6549534,-0.1227485,1.926374E-05,-0.2607764,0.5177065,-0.7712445,-0.2627927,0.404142,0.1279497,-0.7794669,-0.7226341,-0.4521552,24,24,24,24,24,24,24,24,24,24,24,24,24,24,24,24
907,9070,-110.8721,-111.3519,-111.0269,-2.437105,-111.3984,-116.999,-107.1993,-37.11714,18.08557,31.75211,-10.80734,-85.35379,-130.7084,-114.5874,-110.7756,-111.8561,24,24,24,24,24,24,24,24,24,24,24,24,24,24,24,24,907,9070,-115.9545,-115.3033,31.2962,-40.1606,0.2609915,0.4908528,-1.044775,-0.3911534,0.5177065,0.001376554,0.1313947,0.2694339,-1.151864,0.3341712,-0.1203951,-0.3391284,24,24,24,24,24,24,24,24,24,24,24,24,24,24,24,24
908,9080,-112.9164,-113.5281,-112.2577,-3.046366,-111.157,-117.1224,-104.7746,-34.60939,17.83784,32.9828,-10.68867,-83.2105,-127.6137,-110.41,-109.7025,-110.1687,24,24,24,24,24,24,24,24,24,24,24,24,24,24,24,24,908,9080,-111.2522,-110.8286,31.68904,-39.12783,0.1296714,-1.227228,-0.1305792,0.9126195,-0.2588292,0.001376554,-0.6569801,-0.5388067,0.2559316,0.3341712,-0.7226341,-0.9042526,24,24,24,24,24,24,24,24,24,24,24,24,24,24,24,24
909,9090,-108.9482,-108.4502,-108.3191,-3.777481,-106.9328,-113.6669,-103.6261,-33.98245,18.95263,33.8443,-9.264546,-81.69759,-125.2332,-108.3809,-108.1525,-108.3609,24,24,24,24,24,24,24,24,24,24,24,24,24,24,24,24,909,9090,-108.0277,-110.4338,31.95094,-40.0315,-0.7895724,-0.1227485,0.391818,0.2607347,0.3882831,-1.157555,-0.9197696,-0.1346856,-2.88956E-05,-0.2226471,-0.3612906,0.112969,24,24,24,24,24,24,24,24,24,24,24,24,24,24,24,24
910,9100,-107.6254,-109.4174,-108.3191,-3.290071,-109.1053,-115.1478,-104.5194,-35.4871,18.08557,31.38289,-11.16337,-84.7234,-127.9708,-110.8874,-108.6294,-108.843,24,24,24,24,24,24,24,24,24,24,24,24,24,24,24,24,910,9100,-112.4613,-111.8815,32.34377,-40.80608,0.2609915,0.3681332,-0.3917778,0.5214886,1.605311E-05,-0.900015,0.5255821,0.2694339,0.2559332,0.3341712,-0.1203951,0.7911199,24,24,24,24,24,24,24,24,24,24,24,24,24,24,24,24
911,9110,-110.7519,-112.5609,-112.1346,-2.802662,-110.6743,-115.6415,-104.7746,-34.86016,18.58103,33.59816,-10.09528,-82.32797,-126.7806,-110.5293,-109.3448,-110.2893,24,24,24,24,24,24,24,24,24,24,24,24,24,24,24,24,911,9110,-110.1773,-109.9073,31.5581,-39.12783,0.1296714,-0.2454682,0.7836151,-0.6519073,-0.2588292,-0.2561635,0.1313947,-0.4041002,0.6398771,-0.445376,-0.1203951,-0.1130781,24,24,24,24,24,24,24,24,24,24,24,24,24,24,24,24
912,9120,-113.5176,-114.0117,-114.104,-2.680809,-114.295,-123.0463,-109.8792,-36.74098,17.71397,34.09044,-8.671163,-83.33658,-130.4703,-115.9003,-112.4448,-112.4586,24,24,24,24,24,24,24,24,24,24,24,24,24,24,24,24,912,9120,-114.611,-115.3033,32.08188,-40.41879,-0.1329695,0.6135725,-0.7835765,-0.2607764,0.6471283,0.2589166,-0.9197696,0.673555,-0.8958986,-0.3340123,0.2409484,0.5650696,24,24,24,24,24,24,24,24,24,24,24,24,24,24,24,24
913,9130,-111.5936,-113.4072,-114.4732,-3.777481,-113.0881,-119.9609,-106.1784,-35.73788,17.34237,32.12132,-12.46882,-86.11022,-128.923,-109.5745,-107.3179,-106.9146,24,24,24,24,24,24,24,24,24,24,24,24,24,24,24,24,913,9130,-109.2369,-107.1435,31.2962,-40.67698,0.7862743,-1.349948,-0.7835765,0.2607347,-0.2588292,0.2589166,0.2627895,-0.9429278,-0.3839728,-0.2226471,-0.6021864,-0.4521552,24,24,24,24,24,24,24,24,24,24,24,24,24,24,24,24
914,9140,-107.8659,-108.2271,-106.3498,-2.558957,-104.8811,-110.2113,-101.329,-32.97935,18.58103,33.8443,-9.976606,-80.94115,-123.5669,-107.9035,-108.6294,-111.9766,24,24,24,24,24,24,24,24,24,24,24,24,24,24,24,24,914,9140,-107.6246,-106.2223,31.5581,-39.51512,-0.2642904,-1.227228,1.926374E-05,0.3911116,-0.7765212,0.1301466,-0.9197696,0.2694339,0.383915,0.4455349,-0.4817387,-1.130303,24,24,24,24,24,24,24,24,24,24,24,24,24,24,24,24
915,9150,-111.5936,-111.7339,-114.7194,-3.411924,-112.4846,-119.7141,-107.3269,-36.61559,17.21851,32.9828,-9.85793,-82.83227,-127.7327,-111.8422,-110.7756,-111.615,24,24,24,24,24,24,24,24,24,24,24,24,24,24,24,24,915,9150,-107.0872,-108.5912,32.60567,-40.54789,-0.1329695,0.2454136,0.1306194,-0.5215303,0.5177065,-1.157555,-0.5255854,2.086905E-05,-0.2559926,8.026557E-05,-0.2408428,0.3390193,24,24,24,24,24,24,24,24,24,24,24,24,24,24,24,24
916,9160,-110.2709,-110.7665,-109.5499,-3.777429,-109.588,-114.7776,-105.5403,-35.61249,17.71397,31.50597,-11.40073,-83.96696,-128.804,-111.6035,-109.1063,-110.1687,24,24,24,24,24,24,24,24,24,24,24,24,24,24,24,24,916,9160,-108.5651,-108.0648,30.77242,-40.1606,0.2609915,-0.2454682,-0.3917778,-0.5215303,-0.7765212,-0.2561635,0.2627895,-0.4041002,0.383915,-0.1112834,5.297528E-05,0.452046,24,24,24,24,24,24,24,24,24,24,24,24,24,24,24,24
917,9170,-112.9164,-111.9758,-112.5039,-2.558906,-110.5536,-116.1351,-106.306,-35.11094,17.59011,33.35202,-11.5194,-83.71481,-129.7562,-113.9906,-113.8756,-115.3512,24,24,24,24,24,24,24,24,24,24,24,24,24,24,24,24,917,9170,-112.8644,-113.5924,30.90336,-40.2897,0.6549534,-0.3681878,0.7836151,-1.043038,0.2588613,-0.1273935,0.2627895,2.086905E-05,0.8958408,-0.6681033,-0.7226341,0.452046,24,24,24,24,24,24,24,24,24,24,24,24,24,24,24,24
918,9180,-114.2391,-113.4269,-112.7501,-2.924463,-115.1399,-123.9101,-110.0068,-37.61869,17.09464,32.49052,-11.5194,-86.86667,-132.7318,-116.8551,-113.5179,-113.0613,24,24,24,24,24,24,24,24,24,24,24,24,24,24,24,24,918,9180,-110.8491,-108.7228,31.81999,-39.77331,-0.1329695,-2.568498E-05,-0.7835765,-2.247436E-05,0.6471283,0.001376554,0.3941842,-0.2693937,-1.02388,8.026557E-05,-0.3612906,0.452046,24,24,24,24,24,24,24,24,24,24,24,24,24,24,24,24
919,9190,-113.6379,-115.3616,-115.4579,-3.655577,-113.9329,-120.0843,-106.7972,-35.61249,19.20036,32.73666,-12.46882,-86.2363,-131.3035,-114.8261,-112.3256,-115.5922,24,24,24,24,24,24,24,24,24,24,24,24,24,24,24,24,919,9190,-111.5209,-110.8286,31.68904,-39.90241,0.3923124,-0.9817892,1.175414,0.2607347,-0.3882526,-0.2561635,-0.1313979,-0.8082213,0.383915,0.1114439,-0.4817387,-0.7912291,24,24,24,24,24,24,24,24,24,24,24,24,24,24,24,24
920,9200,-116.6441,-114.5152,-114.7194,-2.558906,-114.1743,-122.676,-110.3697,-37.74408,16.59918,33.10588,-11.28205,-85.85808,-136.6596,-123.3003,-120.9102,-121.1363,24,24,24,24,24,24,24,24,24,24,24,24,24,24,24,24,920,9200,-106.1468,-105.1694,31.16526,-40.2897,-0.6582523,0.1226939,0.2612179,-2.247436E-05,0.2588613,-0.5137045,-0.7883748,-1.077634,-0.2559926,-0.2226471,0.1205007,-0.2261049,24,24,24,24,24,24,24,24,24,24,24,24,24,24,24,24
921,9210,-119.1694,-118.3848,-119.0273,-2.558906,-120.6917,-128.8466,-111.7732,-37.86946,17.34237,32.73666,-11.99411,-88.50565,-134.3981,-116.6164,-113.3987,-112.8202,24,24,24,24,24,24,24,24,24,24,24,24,24,24,24,24,921,9210,-100.907,-101.4843,31.5581,-41.06428,0.1296714,0.1226939,-0.2611793,-0.1303994,-0.3882526,-0.5137045,0.5255821,0.5388485,-2.88956E-05,0.7796259,0.4818442,-0.1130781,24,24,24,24,24,24,24,24,24,24,24,24,24,24,24,24
922,9220,-113.0366,-115.1198,-114.3501,-4.021134,-110.6743,-116.0117,-105.1385,-35.11094,18.20943,32.49053,-9.85793,-82.70619,-125.3522,-108.8583,-106.7217,-107.0351,24,24,24,24,24,24,24,24,24,24,24,24,24,24,24,24,922,9220,-98.62301,-97.66765,30.11769,-40.03151,0.6549534,-0.1227485,0.2612179,-0.1303994,-0.517676,-0.2561635,0.1313947,-1.212341,0.5118968,0.3341712,5.297528E-05,0.452046,24,24,24,24,24,24,24,24,24,24,24,24,24,24,24,24
923,9230,-107.1444,-106.0505,-105.4882,-2.80261,-106.088,-110.7049,-103.2246,-34.73478,16.59918,33.59816,-10.68867,-82.58012,-125.5903,-111.0067,-110.4179,-110.8919,24,24,24,24,24,24,24,24,24,24,24,24,24,24,24,24,923,9230,-104.9376,-105.959,31.2962,-38.99873,-0.1329695,-0.1227485,-0.522378,-1.173415,-0.2588292,-0.1273935,-0.2627927,0.5388485,-0.2559926,8.026557E-05,-0.1203951,-0.3391284,24,24,24,24,24,24,24,24,24,24,24,24,24,24,24,24
924,9240,-110.7519,-108.5899,-108.6883,-2.680758,-110.9156,-116.8756,-106.2868,-36.23943,17.71397,32.12132,-10.21396,-82.70619,-125.7093,-109.4551,-106.6025,-107.3967,24,24,24,24,24,24,24,24,24,24,24,24,24,24,24,24,924,9240,-105.6094,-102.5372,31.16526,-39.38602,0.5236325,-0.7363467,-0.522378,-0.2607764,-0.2588292,-0.5137045,0.6569769,-0.8082213,-0.1280107,0.2228076,5.297528E-05,-0.3391284,24,24,24,24,24,24,24,24,24,24,24,24,24,24,24,24
925,9250,-107.6254,-109.5573,-109.1807,-3.168167,-107.5363,-112.3093,-103.3522,-34.60939,18.20943,32.12132,-9.620577,-82.45404,-124.6381,-108.0229,-105.5294,-106.0709,24,24,24,24,24,24,24,24,24,24,24,24,24,24,24,24,925,9250,-110.5804,-111.2234,31.81999,-39.77331,-0.001649457,-0.8590695,0.5224165,0.5214886,-0.1294074,0.1301466,-0.9197696,0.1347274,-0.6399365,0.3341712,-0.8430822,-0.9042526,24,24,24,24,24,24,24,24,24,24,24,24,24,24,24,24
926,9260,-107.6254,-105.8086,-107.4575,-2.80261,-106.9328,-113.4201,-105.3937,-35.61249,16.72304,32.36745,-10.56999,-83.96696,-128.0898,-113.6325,-111.8487,-112.4586,24,24,24,24,24,24,24,24,24,24,24,24,24,24,24,24,926,9260,-115.9545,-115.5665,32.73662,-39.38602,0.1296714,-0.1227485,0.1306194,0.2607347,0.6471283,-0.900015,-0.2627927,2.086905E-05,0.2559332,-0.7795215,0.3613965,0.2259957,24,24,24,24,24,24,24,24,24,24,24,24,24,24,24,24
927,9270,-112.5556,-113.0641,-114.9655,-2.924463,-114.8985,-121.0716,-108.5834,-36.61559,17.59011,32.85974,-10.80734,-86.36237,-130.1133,-111.7229,-107.914,-108.6019,24,24,24,24,24,24,24,24,24,24,24,24,24,24,24,24,927,9270,-109.5056,-108.8545,30.77242,-41.06428,0.2609915,0.3681332,-0.3917778,0.1303545,-0.517676,-0.6424745,0.2627895,0.1347274,0.6398771,0.4454803,5.297528E-05,0.6780931,24,24,24,24,24,24,24,24,24,24,24,24,24,24,24,24
928,9280,-110.0304,-110.4037,-111.0269,-3.29002,-107.2949,-113.2966,-103.2246,-34.60939,18.58103,32.73667,-8.908516,-82.2019,-124.8762,-110.2906,-109.7025,-115.1101,24,24,24,24,24,24,24,24,24,24,24,24,24,24,24,24,928,9280,-108.9682,-109.5125,30.37958,-40.4188,-0.2642904,-0.2454682,0.6530166,-1.043038,-0.1294074,-0.1273935,0.1313947,-0.1346856,0.2559332,-0.5567942,-0.6021864,-5.458059E-05,24,24,24,24,24,24,24,24,24,24,24,24,24,24,24,24
929,9290,-110.1507,-109.1945,-110.5346,-2.315201,-111.5191,-118.7268,-107.4351,-36.74098,17.09464,31.99825,-10.68867,-84.2191,-129.5181,-113.9906,-111.8486,-111.7355,24,24,24,24,24,24,24,24,24,24,24,24,24,24,24,24,929,9290,-110.1773,-110.5654,30.51052,-39.90241,-0.5269314,0.8590149,-0.1305792,-1.173415,0.5177065,-0.1273935,-0.6569801,0.5388485,-0.7679183,2.568498E-05,0.9636355,0.5650696,24,24,24,24,24,24,24,24,24,24,24,24,24,24,24,24
930,9300,-111.3531,-112.44,-113.4886,-2.924463,-111.5191,-116.8756,-105.0109,-34.73478,18.20943,31.99825,-11.0447,-85.10162,-127.7327,-109.9325,-107.7948,-109.6866,24,24,24,24,24,24,24,24,24,24,24,24,24,24,24,24,930,9300,-111.1178,-110.1706,31.95094,-39.90241,0.7862743,-0.7363467,1.926374E-05,-0.1303994,1.605311E-05,-0.6424745,-0.3941874,-0.6735132,0.383915,1.002299,-0.7226341,-0.4521552,24,24,24,24,24,24,24,24,24,24,24,24,24,24,24,24
931,9310,-110.3912,-109.1756,-108.4422,-3.046315,-106.3294,-113.2966,-103.3522,-34.73478,17.46624,32.85974,-9.739253,-82.58012,-127.9708,-115.0648,-115.0679,-118.3642,24,24,24,24,24,24,24,24,24,24,24,24,24,24,24,24,931,9310,-107.3559,-108.4596,31.95094,-39.77331,0.2609915,-0.1227485,-0.1305792,0.2607347,-0.1294074,-0.2561635,-0.2627927,-0.1346856,0.7678589,-0.111338,0.1205007,-0.3391284,24,24,24,24,24,24,24,24,24,24,24,24,24,24,24,24
932,9320,-119.4099,-117.7597,-116.9349,-2.558958,-117.7951,-125.2677,-111.2629,-37.86946,17.09464,33.22895,-10.33264,-84.47125,-132.4937,-114.5874,-111.491,-110.1687,24,24,24,24,24,24,24,24,24,24,24,24,24,24,24,24,932,9320,-108.162,-108.8545,32.60567,-40.93518,0.2609915,-0.1227485,-0.522378,0.3911116,0.2588613,-1.028785,0.2627895,0.1347274,-0.1280107,0.556844,5.297528E-05,0.2259957,24,24,24,24,24,24,24,24,24,24,24,24,24,24,24,24
933,9330,-108.7076,-109.1756,-108.8114,-3.290071,-108.2605,-114.0371,-103.6074,-35.23633,17.9617,32.36745,-9.739253,-83.33658,-124.162,-107.1874,-104.0986,-104.8657,24,24,24,24,24,24,24,24,24,24,24,24,24,24,24,24,933,9330,-112.73,-111.8815,30.90336,-41.06427,0.5236325,-2.568498E-05,-0.3917778,-0.3911534,-0.7765212,-0.2561635,0.2627895,-0.2693937,-2.88956E-05,0.222753,-0.1203951,0.112969,24,24,24,24,24,24,24,24,24,24,24,24,24,24,24,24
934,9340,-105.3407,-106.6367,-104.1343,-3.046367,-101.6224,-106.6323,-98.7589,-32.35241,18.7049,32.73667,-9.739253,-81.1933,-121.9005,-106.5906,-106.364,-107.3967,24,24,24,24,24,24,24,24,24,24,24,24,24,24,24,24,934,9340,-115.1484,-116.751,31.42715,-39.77331,0.2609915,0.1226939,-0.522378,-1.564546,0.5177065,0.2589166,-0.6569801,0.808263,-0.6399365,2.568498E-05,-0.4817387,-0.5651788,24,24,24,24,24,24,24,24,24,24,24,24,24,24,24,24
935,9350,-109.7899,-108.2084,-107.4575,-3.777481,-107.2949,-114.1605,-103.4798,-34.86016,18.20943,33.10588,-9.976606,-83.2105,-127.8518,-112.3196,-109.5833,-109.6866,24,24,24,24,24,24,24,24,24,24,24,24,24,24,24,24,935,9350,-115.014,-113.1976,31.16526,-40.2897,-0.2642904,-0.3681878,-1.175374,0.1303545,0.3882831,0.2589166,0.6569769,-0.1346856,0.383915,2.568498E-05,0.2409484,-5.458059E-05,24,24,24,24,24,24,24,24,24,24,24,24,24,24,24,24
936,9360,-106.6634,-106.9994,-106.9652,-3.411924,-108.3811,-115.8883,-104.3729,-35.48711,17.9617,31.50597,-12.23147,-85.60593,-129.042,-111.4841,-109.5833,-108.6019,24,24,24,24,24,24,24,24,24,24,24,24,24,24,24,24,936,9360,-112.0583,-110.4338,31.68904,-39.25692,-0.1329695,-1.104509,0.2612179,0.391163,-0.2588292,0.5164568,-0.3941874,0.1347274,0.1279513,-0.111338,-0.6021864,-0.3391284,24,24,24,24,24,24,24,24,24,24,24,24,24,24,24,24
937,9370,-110.8721,-111.7146,-111.5192,-3.168219,-109.9501,-116.0117,-103.735,-33.35551,18.95268,33.72123,-10.80734,-83.08443,-128.0898,-111.0067,-111.3717,-112.6997,24,24,24,24,24,24,24,24,24,24,24,24,24,24,24,24,937,9370,-110.9835,-113.1976,32.21283,-40.2897,-0.3956113,0.2454136,0.5224165,-0.391102,0.1294379,-0.6424745,-0.6569801,0.2694339,0.1279513,-0.3340653,5.297528E-05,-0.1130781,24,24,24,24,24,24,24,24,24,24,24,24,24,24,24,24
938,9380,-113.0366,-111.8355,-111.5192,-2.924515,-110.795,-118.2331,-107.6903,-36.74098,17.59016,32.85973,-9.14587,-82.45404,-129.9942,-114.8261,-112.2063,-112.2176,24,24,24,24,24,24,24,24,24,24,24,24,24,24,24,24,938,9380,-113.4018,-112.8027,30.90336,-40.2897,0.2609915,0.3681332,0.391818,0.391163,0.1294379,-0.2561635,0.1313947,0.404142,0.383915,-0.3340653,0.4818442,-5.458059E-05,24,24,24,24,24,24,24,24,24,24,24,24,24,24,24,24
939,9390,-112.3151,-113.5281,-113.3655,-3.655629,-112.6053,-117.3693,-106.7972,-36.49021,17.34243,32.61359,-9.264546,-82.45404,-126.1854,-108.5003,-105.8871,-105.4683,24,24,24,24,24,24,24,24,24,24,24,24,24,24,24,24,939,9390,-114.2079,-113.3292,31.81999,-39.77331,0.3923124,0.3681332,0.2612179,-1.042987,0.5177065,0.1301466,0.1313947,2.086905E-05,0.1279513,0.222753,-0.3612906,0.112969,24,24,24,24,24,24,24,24,24,24,24,24,24,24,24,24
940,9400,-106.7837,-108.0875,-106.5959,-2.924515,-105.0018,-109.5942,-100.8004,-32.97935,18.45722,33.35201,-9.976606,-80.18471,-121.3054,-103.9648,-103.3833,-102.5758,24,24,24,24,24,24,24,24,24,24,24,24,24,24,24,24,940,9400,-115.014,-115.0401,32.08188,-39.77331,-0.2642904,0.7362953,-0.522378,-0.521479,0.1294379,-0.5137045,-0.7883748,-0.1346856,-0.8958986,0.222753,0.4818442,0.6780931,24,24,24,24,24,24,24,24,24,24,24,24,24,24,24,24
941,9410,-101.9737,-101.9214,-101.9188,-2.558958,-102.2259,-107.4962,-99.39687,-32.22703,19.32428,32.85973,-9.5019,-79.30218,-119.401,-103.2487,-101.9525,-102.8168,24,24,24,24,24,24,24,24,24,24,24,24,24,24,24,24,941,9410,-118.3729,-116.3562,31.95094,-38.99873,0.7862743,-0.9817892,0.2612179,0.6519169,-0.517676,0.2589166,-0.7883748,-0.4041002,-0.383976,0.7795713,-0.7226341,-0.4521552,24,24,24,24,24,24,24,24,24,24,24,24,24,24,24,24
942,9420,-102.0939,-103.8559,-103.642,-3.777481,-104.1569,-111.1986,-102.0763,-33.98245,18.33335,32.61359,-9.5019,-80.18471,-118.4488,-102.5326,-101.5948,-101.7321,24,24,24,24,24,24,24,24,24,24,24,24,24,24,24,24,942,9420,-107.8933,-109.2493,32.60567,-39.51512,-0.5269314,0.2454136,0.5224165,-0.1303481,-0.2588292,-0.7712445,-0.1313979,-0.2693937,0.1279497,8.026557E-05,-0.1203951,-0.3391284,24,24,24,24,24,24,24,24,24,24,24,24,24,24,24,24
943,9430,-103.8977,-105.0649,-105.9805,-2.802663,-104.0362,-107.4962,-100.0348,-32.10164,18.45722,33.10587,-10.45131,-80.05864,-120.1151,-101.6971,-101.5948,-101.9732,24,24,24,24,24,24,24,24,24,24,24,24,24,24,24,24,943,9430,-109.9086,-110.0389,32.34377,-40.54789,0.3923124,0.3681332,1.926374E-05,0.6519169,-0.6470978,-1.028785,0.5255821,-0.1346856,-0.5119579,8.026557E-05,-0.2408428,0.2259957,24,24,24,24,24,24,24,24,24,24,24,24,24,24,24,24
944,9440,-103.5369,-105.4276,-104.7497,-2.924515,-101.5017,-104.6577,-98.75892,-32.22703,19.07655,32.85973,-8.671163,-78.6718,-119.401,-104.8003,-103.6217,-107.0351,24,24,24,24,24,24,24,24,24,24,24,24,24,24,24,24,944,9440,-107.6246,-107.0119,31.16526,-38.86964,0.1296714,0.1226939,0.5224165,-0.521479,-0.1294074,-0.2561635,-0.1313979,-0.4041002,1.151801,-0.3340123,-0.3612906,0.2260503,24,24,24,24,24,24,24,24,24,24,24,24,24,24,24,24
945,9450,-106.6634,-106.6367,-106.4728,-3.655629,-108.1398,-116.0117,-106.542,-38.37102,15.48444,31.01368,-10.45131,-84.2191,-130.9464,-116.6164,-113.041,-112.9407,24,24,24,24,24,24,24,24,24,24,24,24,24,24,24,24,945,9450,-109.7743,-110.0389,32.08188,-40.0315,-0.6582523,-0.1227485,0.1306194,-0.391102,0.7765517,0.001376554,-1.182562,0.404142,-0.383976,8.026557E-05,0.3613965,0.2260503,24,24,24,24,24,24,24,24,24,24,24,24,24,24,24,24
946,9460,-112.7961,-113.4072,-114.227,-2.437105,-112.6053,-116.382,-105.7764,-34.86017,17.96176,32.9828,-12.70617,-86.23631,-131.6606,-113.6325,-112.4448,-112.4586,24,24,24,24,24,24,24,24,24,24,24,24,24,24,24,24,946,9460,-111.9239,-110.1706,32.21283,-39.12783,1.180235,-0.3681878,1.926374E-05,-0.1303481,0.3882831,0.2589166,-0.3941874,-1.347049,0.2559316,-0.1112834,-0.3612906,3.210623E-06,24,24,24,24,24,24,24,24,24,24,24,24,24,24,24,24
947,9470,-113.6379,-111.3519,-112.2577,-1.949696,-108.8639,-114.5308,-103.8626,-34.10784,18.45722,32.73666,-10.09528,-83.71481,-127.2566,-112.5583,-110.0602,-112.4586,24,24,24,24,24,24,24,24,24,24,24,24,24,24,24,24,947,9470,-108.9682,-107.5384,31.42715,-39.9024,-0.9208933,-0.2454682,0.391818,0.260786,-0.2588292,-0.1273935,-1.051167,-0.1346856,0.8958376,-0.3340123,-0.4817387,-0.2260471,24,24,24,24,24,24,24,24,24,24,24,24,24,24,24,24
948,9480,-111.3531,-110.022,-109.3037,-4.021186,-110.9157,-118.2331,-107.1799,-36.86637,16.97083,32.12132,-10.09528,-83.71481,-128.0898,-112.2003,-109.8217,-108.843,24,24,24,24,24,24,24,24,24,24,24,24,24,24,24,24,948,9480,-106.9529,-108.4596,32.47472,-39.64421,-0.001649457,-0.3681878,0.2612179,0.9126709,0.5177065,-1.415096,-0.1313979,0.404142,0.7678573,0.1114439,0.1205007,-0.1130235,24,24,24,24,24,24,24,24,24,24,24,24,24,24,24,24
949,9490,-108.1064,-108.5711,-111.6423,-2.68081,-110.6743,-114.4073,-105.0109,-35.23633,16.97083,31.38289,-11.40073,-84.59733,-127.7327,-109.3358,-106.7217,-106.553,24,24,24,24,24,24,24,24,24,24,24,24,24,24,24,24,949,9490,-110.8491,-110.4338,31.5581,-39.64421,0.1296714,0.4908528,-0.522378,2.88956E-05,-0.3882526,-0.1273935,0.6569769,0.2694339,0.8958376,0.2228076,0.8431878,0.3390771,24,24,24,24,24,24,24,24,24,24,24,24,24,24,24,24
950,9500,-110.0304,-110.6265,-109.0576,-2.68081,-106.5708,-112.6796,-102.4591,-34.23323,18.20949,31.99824,-10.33264,-83.58873,-125.5903,-110.2906,-108.6294,-110.4098,24,24,24,24,24,24,24,24,24,24,24,24,24,24,24,24,950,9500,-112.73,-113.1976,31.95094,-39.51512,-0.2642904,-0.2454682,-0.7835765,-0.7822329,-0.1294074,0.001376554,-0.5255854,0.404142,-0.2559942,-0.2226471,0.1205007,-0.1130235,24,24,24,24,24,24,24,24,24,24,24,24,24,24,24,24
951,9510,-107.5051,-107.9666,-108.0729,-2.558958,-107.1742,-114.0371,-105.0109,-35.86327,17.46629,32.73666,-8.671163,-81.44546,-125.3522,-109.5745,-108.0333,-108.843,24,24,24,24,24,24,24,24,24,24,24,24,24,24,24,24,951,9510,-115.2827,-116.4878,32.34377,-40.1606,0.5236325,-0.3681878,-0.5224293,2.88956E-05,0.3882831,-0.3849344,-0.1313979,-0.5388067,-3.210623E-05,0.2228076,-0.1203951,3.210623E-06,24,24,24,24,24,24,24,24,24,24,24,24,24,24,24,24
952,9520,-110.0304,-109.4174,-110.1653,-2.558958,-110.6743,-115.2712,-105.6488,-35.73788,17.46629,32.85973,-10.33264,-82.83228,-125.2332,-107.7842,-105.8871,-106.312,24,24,24,24,24,24,24,24,24,24,24,24,24,24,24,24,952,9520,-116.4919,-115.0401,30.64147,-40.0315,0.1296714,-0.9817892,0.130568,0.6519169,-0.1294074,-0.2561635,-0.6569801,-0.1346856,0.2559316,-0.1112834,-0.7226341,-1.243272,24,24,24,24,24,24,24,24,24,24,24,24,24,24,24,24
953,9530,-107.6254,-108.5711,-109.3037,-2.802663,-108.0191,-114.5308,-105.5212,-36.61559,16.97078,30.5214,-10.45131,-83.96696,-128.2088,-114.9454,-113.5179,-116.3154,24,24,24,24,24,24,24,24,24,24,24,24,24,24,24,24,953,9530,-110.5804,-110.5654,31.42715,-41.32247,0.5236325,-0.2454682,0.3917666,0.260786,1.605311E-05,-1.028785,0.1313947,0.2694339,0.1279497,-0.3340123,-0.2408428,-0.3390739,24,24,24,24,24,24,24,24,24,24,24,24,24,24,24,24
954,9540,-114.5999,-113.1654,-113.2424,-3.168219,-115.2606,-124.8974,-110.1145,-38.12024,17.21851,32.24438,-11.40073,-86.86668,-134.8742,-118.8841,-116.6179,-114.2665,24,24,24,24,24,24,24,24,24,24,24,24,24,24,24,24,954,9540,-106.9529,-106.3539,30.51052,-39.25692,-0.2642904,-2.568498E-05,-0.3918292,0.260786,-0.7765212,-0.7712445,-3.210623E-06,2.086905E-05,0.6398755,0.1114439,-0.3612906,0.2260503,24,24,24,24,24,24,24,24,24,24,24,24,24,24,24,24
955,9550,-116.0429,-115.3417,-115.3348,-3.533776,-114.1743,-119.4673,-106.4144,-34.60939,18.3333,32.85973,-11.75676,-86.36239,-132.0176,-113.1551,-110.8948,-111.2534,24,24,24,24,24,24,24,24,24,24,24,24,24,24,24,24,955,9550,-112.73,-113.4608,31.16526,-40.2897,0.3923124,0.1226939,0.7835637,-1.042987,0.3882831,0.001376554,-0.6569801,0.1347274,-3.210623E-05,-0.6681033,0.2409484,-0.3390739,24,24,24,24,24,24,24,24,24,24,24,24,24,24,24,24
956,9560,-113.7581,-114.3745,-112.627,-2.558958,-107.8984,-114.4073,-102.4591,-34.73478,18.45717,31.38289,-11.0447,-84.09304,-126.6615,-110.2906,-109.1063,-112.0971,24,24,24,24,24,24,24,24,24,24,24,24,24,24,24,24,956,9560,-112.4613,-110.697,32.21283,-39.25692,0.2609915,-0.3681878,-0.9142264,-0.1303481,0.5177065,0.001376554,0.2627895,-3.050092E-05,-0.383976,0.4455349,0.1205007,0.3390771,24,24,24,24,24,24,24,24,24,24,24,24,24,24,24,24
957,9570,-114.8404,-115.5835,-113.4886,-3.046367,-111.7605,-121.0716,-107.0523,-34.98555,18.20943,33.96737,-10.21396,-83.84089,-129.3991,-113.2745,-112.6833,-112.8202,24,24,24,24,24,24,24,24,24,24,24,24,24,24,24,24,957,9570,-109.3712,-109.5125,31.2962,-39.51512,-0.1329695,-0.8590695,-3.210623E-05,0.7822939,-0.517676,0.5164568,-1.313957,0.134676,0.1279497,0.6682622,-1.083978,-1.017222,24,24,24,24,24,24,24,24,24,24,24,24,24,24,24,24
958,9580,-114.1189,-113.77,-114.104,-2.924515,-112.8467,-119.5907,-108.2007,-36.61559,17.71397,32.61359,-10.68867,-84.21912,-130.8274,-114.7067,-111.9679,-112.0971,24,24,24,24,24,24,24,24,24,24,24,24,24,24,24,24,958,9580,-111.5209,-110.697,32.34377,-40.0315,-0.3956113,0.4908528,0.130568,0.1304059,0.2588613,-0.3849344,-0.1313979,0.2693825,0.7678573,-0.4454289,-0.3612906,0.1130268,24,24,24,24,24,24,24,24,24,24,24,24,24,24,24,24
959,9590,-113.3974,-115.3417,-115.2117,-3.533776,-111.7605,-119.097,-107.4351,-37.24253,17.59011,32.73666,-9.027193,-83.08444,-129.2801,-115.3035,-113.1602,-113.9049,24,24,24,24,24,24,24,24,24,24,24,24,24,24,24,24,959,9590,-110.1773,-110.1706,32.21283,-39.64421,0.2609915,0.4908528,-0.2612307,2.88956E-05,-0.6470978,-1.028785,-3.210623E-06,0.6735036,-0.128014,0.1113893,0.4817929,0.4521006,24,24,24,24,24,24,24,24,24,24,24,24,24,24,24,24
960,9600,-112.3151,-112.8027,-114.7194,-3.168219,-113.8123,-120.8248,-109.8593,-37.74408,16.59918,34.58271,-5.347269,-79.68041,-130.9464,-118.2873,-115.0679,-111.9766,24,24,24,24,24,24,24,24,24,24,24,24,24,24,24,24,960,9600,-107.759,-109.3809,31.68904,-39.77331,0.6549534,-0.2454682,0.6529652,-0.7822329,0.2588613,0.001376554,0.5255821,-3.050092E-05,-0.383976,-0.8908852,-0.4817901,0.3390771,24,24,24,24,24,24,24,24,24,24,24,24,24,24,24,24
961,9610,-113.8784,-114.4954,-115.4579,-3.046367,-114.295,-118.1097,-107.9455,-37.36792,17.59011,33.8443,-7.840425,-80.81509,-129.5181,-113.7519,-110.7756,-112.2176,24,24,24,24,24,24,24,24,24,24,24,24,24,24,24,24,961,9610,-112.4613,-112.9343,32.34377,-39.25692,-0.2642904,0.2454136,-0.5224293,-0.9126099,0.3882831,0.001376554,0.1313947,-0.4041516,-0.8959018,0.1113893,1.605311E-06,0.7911745,24,24,24,24,24,24,24,24,24,24,24,24,24,24,24,24
962,9620,-113.1569,-112.3385,-110.9038,-3.533776,-109.8294,-116.7522,-107.1799,-37.61869,15.73212,31.87517,-9.976606,-82.20192,-127.6137,-113.1551,-110.2987,-112.0971,24,24,24,24,24,24,24,24,24,24,24,24,24,24,24,24,962,9620,-113.1331,-113.3292,31.16526,-40.54789,-0.1329695,-1.227228,0.6529652,0.260786,0.1294379,0.5164568,-0.3941874,-0.5388581,-3.210623E-05,-0.111338,-0.4817901,-0.565121,24,24,24,24,24,24,24,24,24,24,24,24,24,24,24,24
963,9630,-109.6696,-110.041,-109.673,-3.290071,-110.6743,-117.7395,-106.542,-36.11404,17.21851,32.49052,-11.87543,-84.72341,-129.6371,-111.2454,-109.3448,-108.2404,24,24,24,24,24,24,24,24,24,24,24,24,24,24,24,24,963,9630,-112.8644,-112.4079,29.85579,-40.1606,-0.3956113,-0.1227485,0.2611665,0.7822939,-0.1294074,-0.900015,-1.051167,0.2693825,-0.383976,-0.2227016,-0.2408942,3.210623E-06,24,24,24,24,24,24,24,24,24,24,24,24,24,24,24,24
964,9640,-108.5874,-108.9527,-109.5499,-2.802663,-107.0535,-112.3093,-103.097,-33.35551,19.0765,33.72123,-10.21396,-82.07584,-124.4001,-108.2616,-106.4833,-107.2762,24,24,24,24,24,24,24,24,24,24,24,24,24,24,24,24,964,9640,-110.7147,-109.6441,31.68904,-40.54789,0.2609915,0.2454136,-0.5224293,0.260786,0.3882831,-0.7712445,0.1313947,0.4040906,-0.76792,0.3341167,0.3613451,0.9042013,24,24,24,24,24,24,24,24,24,24,24,24,24,24,24,24
965,9650,-107.7456,-108.348,-108.196,-2.68081,-107.8984,-114.6542,-104.2453,-34.98555,17.59011,31.87517,-11.40073,-84.72341,-128.6849,-112.9164,-110.7756,-110.8919,24,24,24,24,24,24,24,24,24,24,24,24,24,24,24,24,965,9650,-106.4155,-109.1177,29.72485,-39.9024,0.5236325,-0.2454682,0.3917666,-0.2607251,-0.517676,-0.2561635,-3.210623E-06,-0.4041516,1.151801,-0.2227016,-0.2408942,-0.3390739,24,24,24,24,24,24,24,24,24,24,24,24,24,24,24,24
966,9660,-110.5114,-109.7991,-111.2731,-2.802663,-112.0019,-115.7649,-105.1385,-33.73167,18.45717,32.9828,-12.23146,-85.10164,-128.2088,-107.9035,-106.364,-105.8299,24,24,24,24,24,24,24,24,24,24,24,24,24,24,24,24,966,9660,-111.1178,-112.2763,31.42715,-39.64421,0.1296714,0.6135725,-0.1306306,-0.6518559,0.6471283,0.2589166,-0.2627927,-0.2694451,-1.023884,2.568498E-05,0.1204493,0.1130268,24,24,24,24,24,24,24,24,24,24,24,24,24,24,24,24
967,9670,-107.0241,-108.348,-108.0729,-2.193401,-102.5879,-105.7684,-99.26927,-31.09854,19.69583,33.96737,-9.976606,-81.31938,-122.2576,-107.068,-106.4833,-109.8072,24,24,24,24,24,24,24,24,24,24,24,24,24,24,24,24,967,9670,-114.611,-113.4608,31.03431,-39.51512,0.5236325,-2.568498E-05,-0.3917778,2.88956E-05,0.7765517,-0.6424745,0.6569769,-0.8082727,0.5118936,0.556844,1.605311E-06,-0.2260471,24,24,24,24,24,24,24,24,24,24,24,24,24,24,24,24
968,9680,-110.9924,-109.4363,-106.5959,-3.777481,-107.5363,-115.3947,-105.6488,-36.49021,17.34237,32.85973,-9.620576,-83.08444,-127.6137,-113.9906,-112.2063,-112.3381,24,24,24,24,24,24,24,24,24,24,24,24,24,24,24,24,968,9680,-113.9392,-116.8826,30.24863,-40.1606,-0.3956113,-0.9817892,-0.2611793,0.5215368,-0.1294074,1.031538,-0.7883748,0.2693825,0.1279497,2.568498E-05,-0.361342,-0.1130235,24,24,24,24,24,24,24,24,24,24,24,24,24,24,24,24
969,9690,-107.7456,-109.0736,-111.2731,-2.802663,-112.726,-117.3693,-107.5627,-35.48711,17.46629,33.59815,-11.87543,-86.86668,-132.4937,-114.7067,-112.2063,-111.1329,24,24,24,24,24,24,24,24,24,24,24,24,24,24,24,24,969,9690,-113.5362,-110.8286,30.90336,-39.9024,-0.9208933,0.3681332,0.391818,2.88956E-05,0.1294379,-1.286326,0.5255821,0.8082117,-0.128014,0.556844,0.3613451,-0.1130235,24,24,24,24,24,24,24,24,24,24,24,24,24,24,24,24
970,9700,-112.6759,-112.8222,-113.6116,-2.193401,-110.4329,-114.284,-105.0109,-35.11094,17.96176,32.36745,-9.620576,-83.33659,-127.8518,-113.0358,-109.941,-112.9407,24,24,24,24,24,24,24,24,24,24,24,24,24,24,24,24,970,9700,-106.1468,-105.959,30.37958,-40.93518,-0.2642904,-2.568498E-05,0.2612179,0.1304059,-0.3882526,-0.1273935,-3.210623E-06,-3.050092E-05,0.3839118,-0.2227016,-0.1204465,0.3390771,24,24,24,24,24,24,24,24,24,24,24,24,24,24,24,24
971,9710,-112.9164,-112.2176,-111.5192,-3.16822,-113.0881,-122.3058,-109.4766,-38.24564,16.84696,32.9828,-9.739253,-86.36239,-136.6596,-123.0615,-118.5256,-118.4848,24,24,24,24,24,24,24,24,24,24,24,24,24,24,24,24,971,9710,-106.1468,-108.8545,30.37958,-39.38602,-0.1329695,-2.568498E-05,0.6530166,-0.9126131,0.5177065,0.2589166,0.5255821,1.347039,0.1279497,-0.5567942,-0.2408942,-0.3390739,24,24,24,24,24,24,24,24,24,24,24,24,24,24,24,24
972,9720,-117.4858,-116.9337,-118.658,-2.68081,-117.6744,-121.4419,-108.4558,-35.23633,17.21856,32.9828,-11.5194,-84.97556,-132.7318,-113.1551,-110.8948,-109.6866,24,24,24,24,24,24,24,24,24,24,24,24,24,24,24,24,972,9720,-109.7743,-108.9861,31.03431,-39.51512,0.9175944,-0.2454682,-0.2611793,-0.5214822,0.5177065,-0.3849344,0.5255821,-0.4041516,-0.128014,0.1113893,-0.4817901,0.1130268,24,24,24,24,24,24,24,24,24,24,24,24,24,24,24,24
973,9730,-112.6759,-111.7339,-109.3037,-3.16822,-107.5363,-112.9264,-104.1177,-34.60939,18.20949,32.73666,-9.739253,-82.83229,-124.8762,-111.0067,-108.9871,-111.856,24,24,24,24,24,24,24,24,24,24,24,24,24,24,24,24,973,9730,-107.2216,-107.9332,31.95094,-37.83686,-0.1329695,-0.2454682,-0.522378,0.5215368,-0.517676,0.7739977,-1.313957,-0.134737,1.023819,2.568498E-05,-0.8431336,-0.7911713,24,24,24,24,24,24,24,24,24,24,24,24,24,24,24,24
974,9740,-109.1886,-107.3806,-105.1189,-3.777481,-106.8121,-114.1605,-103.735,-34.35862,18.82882,33.22894,-8.78984,-81.94976,-124.7571,-110.2906,-108.1525,-107.3967,24,24,24,24,24,24,24,24,24,24,24,24,24,24,24,24,974,9740,-108.8338,-111.355,32.60567,-38.99873,-0.5269314,-0.2454682,0.1306194,-0.1303513,-0.3882526,-0.6424745,-0.5255854,0.2693825,0.2559316,-0.2227016,0.4817929,0.2260503,24,24,24,24,24,24,24,24,24,24,24,24,24,24,24,24
975,9750,-107.6254,-107.8643,-111.0269,-2.558958,-113.3295,-117.9863,-106.4144,-34.86017,18.58109,33.22894,-11.63808,-85.73201,-131.4225,-111.1261,-108.6294,-107.5172,24,24,24,24,24,24,24,24,24,24,24,24,24,24,24,24,975,9750,-110.5804,-109.1177,30.24863,-40.54789,0.2609915,0.4908528,1.926374E-05,-0.2607282,-0.7765212,-0.6424745,0.1313947,-0.4041516,0.2559316,-0.111338,0.3613965,0.678151,24,24,24,24,24,24,24,24,24,24,24,24,24,24,24,24
976,9760,-110.3911,-111.7339,-111.5192,-1.949696,-108.5018,-111.4454,-103.2246,-34.73478,18.33335,32.12132,-10.21396,-82.328,-125.5903,-109.9325,-108.8679,-111.1329,24,24,24,24,24,24,24,24,24,24,24,24,24,24,24,24,976,9760,-104.6689,-105.8274,31.2962,-39.12783,0.3923124,0.1226939,0.2612179,-0.6518592,0.1294379,0.001376554,-0.5255854,0.134676,-3.210623E-05,-0.7795215,-1.083978,-0.9041948,24,24,24,24,24,24,24,24,24,24,24,24,24,24,24,24
977,9770,-108.7076,-109.0736,-109.0576,-4.021186,-109.588,-116.7522,-106.1592,-35.36172,17.83789,32.36745,-10.45131,-84.97556,-128.6849,-113.6325,-110.8948,-110.7713,24,24,24,24,24,24,24,24,24,24,24,24,24,24,24,24,977,9770,-107.4903,-107.2751,30.11769,-40.93518,0.7862743,-0.8590695,-0.3917778,0.3911598,-0.1294074,0.001376554,0.9197664,-0.6735646,-0.383976,0.3341167,-0.1203951,0.1130268,24,24,24,24,24,24,24,24,24,24,24,24,24,24,24,24
978,9780,-109.0684,-110.2638,-111.6423,-2.68081,-110.9156,-115.2712,-105.6488,-34.484,17.59016,33.10587,-11.16337,-84.21912,-128.804,-110.8874,-109.4641,-109.6866,24,24,24,24,24,24,24,24,24,24,24,24,24,24,24,24,978,9780,-108.2964,-107.8016,29.98674,-40.41879,-0.001649457,-0.8590695,1.926374E-05,0.7822907,-0.2588292,0.2589166,-0.5255854,-0.8082727,-3.210623E-05,2.568498E-05,-0.9635299,-0.6781477,24,24,24,24,24,24,24,24,24,24,24,24,24,24,24,24
979,9790,-110.2709,-110.6265,-109.9192,-2.802663,-108.6225,-114.284,-106.1592,-35.73788,18.08562,32.61359,-8.433809,-81.82368,-127.4947,-115.0648,-112.3256,-114.2665,24,24,24,24,24,24,24,24,24,24,24,24,24,24,24,24,979,9790,-111.3865,-112.2763,31.2962,-40.54789,-0.7895724,-0.3681878,-0.1305792,0.3911598,0.7765517,-0.5137045,-0.6569801,-0.4041516,-0.128014,-0.2227016,5.297528E-05,0.1130268,24,24,24,24,24,24,24,24,24,24,24,24,24,24,24,24
980,9800,-112.6759,-112.1982,-110.7807,-3.899333,-111.8812,-119.4673,-106.542,-36.23943,17.46629,32.9828,-9.85793,-84.47127,-128.5659,-112.2003,-109.5833,-109.6866,24,24,24,24,24,24,24,24,24,24,24,24,24,24,24,24,980,9800,-112.327,-113.066,29.98674,-39.77331,-0.1329695,0.4908528,-0.2611793,0.2607828,-0.7765212,-0.3849344,-0.5255854,-3.050092E-05,0.5118936,0.1113893,0.3613965,0.1130268,24,24,24,24,24,24,24,24,24,24,24,24,24,24,24,24
981,9810,-111.2329,-112.6818,-113.8578,-3.046366,-112.1226,-116.7522,-106.1592,-33.85707,17.71402,32.61359,-11.63808,-84.72341,-128.923,-110.8874,-109.5833,-111.3739,24,24,24,24,24,24,24,24,24,24,24,24,24,24,24,24,981,9810,-114.4766,-112.8027,30.90336,-40.54789,-0.2642904,-0.3681878,0.1306194,-0.7822361,-0.2588292,0.3876867,-0.7883748,0.5387971,-0.2559942,-0.8908852,-0.8430822,-0.2260471,24,24,24,24,24,24,24,24,24,24,24,24,24,24,24,24
982,9820,-113.1569,-111.4728,-111.15,-2.680809,-111.2777,-119.3439,-107.6903,-36.23943,17.71402,33.35201,-9.145869,-84.34519,-131.7796,-118.6454,-115.1871,-117.4001,24,24,24,24,24,24,24,24,24,24,24,24,24,24,24,24,982,9820,-111.2522,-113.3292,30.24863,-39.9024,-0.9208933,0.1226939,-0.914175,-0.2607282,-0.2588292,-0.1273935,-0.5255854,0.2693825,-0.5119579,0.222753,0.7227401,0.2260503,24,24,24,24,24,24,24,24,24,24,24,24,24,24,24,24
983,9830,-115.4416,-116.7925,-117.7964,-3.655628,-117.9158,-125.0209,-109.4766,-37.24253,17.96176,32.24438,-10.68867,-85.47987,-130.3513,-112.0809,-108.8679,-108.4814,24,24,24,24,24,24,24,24,24,24,24,24,24,24,24,24,983,9830,-108.5651,-109.1177,30.90336,-40.67698,0.1296714,-1.595391,0.2612179,0.5215368,-0.3882526,0.5164568,-3.210623E-06,-0.4041516,-0.6399397,0.3341167,-1.083978,-0.9041948,24,24,24,24,24,24,24,24,24,24,24,24,24,24,24,24
984,9840,-110.8721,-111.3519,-111.0269,-2.924514,-108.2605,-111.4454,-102.9694,-33.98245,17.46629,32.85973,-9.976606,-81.82368,-124.9952,-107.7842,-106.9602,-108.4814,24,24,24,24,24,24,24,24,24,24,24,24,24,24,24,24,984,9840,-106.1468,-104.643,30.51052,-39.38602,-0.9208933,-2.568498E-05,0.2612179,2.88956E-05,0.2588613,-1.028785,-3.210623E-06,-0.5388581,0.2559316,-0.2227016,0.4818442,-0.6781477,24,24,24,24,24,24,24,24,24,24,24,24,24,24,24,24
985,9850,-107.8659,-107.6039,-106.719,-2.802662,-106.3294,-113.2966,-104.3729,-36.23943,17.9617,31.99824,-8.78984,-82.20192,-126.1854,-113.1551,-111.2525,-112.8202,24,24,24,24,24,24,24,24,24,24,24,24,24,24,24,24,985,9850,-103.9971,-104.9062,30.64147,-41.83886,0.2609915,0.8590149,1.926374E-05,0.391163,-1.294208,-0.7712445,-0.3941874,-3.050092E-05,-0.128014,0.556844,0.2409484,0.5651274,24,24,24,24,24,24,24,24,24,24,24,24,24,24,24,24
986,9860,-110.9924,-111.1101,-110.1653,-3.777481,-111.6398,-117.4927,-106.2868,-35.73788,17.83784,32.24438,-11.16337,-86.36239,-131.0654,-113.7519,-110.0602,-109.6866,24,24,24,24,24,24,24,24,24,24,24,24,24,24,24,24,986,9860,-103.191,-104.643,30.64147,-39.38602,0.3923124,0.2454136,0.391818,-0.7822329,0.1294395,0.5164568,1.182559,0.134676,0.5118936,-0.4454289,5.297528E-05,0.1130268,24,24,24,24,24,24,24,24,24,24,24,24,24,24,24,24
987,9870,-112.4354,-111.5937,-112.8731,-2.802662,-111.0364,-114.7776,-106.0316,-35.61249,16.97078,32.36745,-10.68867,-83.71481,-127.8518,-113.1551,-112.4448,-115.4717,24,24,24,24,24,24,24,24,24,24,24,24,24,24,24,24,987,9870,-113.1331,-112.9343,30.24863,-39.9024,-0.001649457,0.3681332,-0.914175,-0.521479,0.2588629,-0.6424745,-0.1313915,0.5387971,-0.8959018,-0.111338,5.297528E-05,0.678151,24,24,24,24,24,24,24,24,24,24,24,24,24,24,24,24
988,9880,-116.2834,-114.6163,-113.7347,-3.046366,-115.3813,-125.0209,-110.2421,-38.37102,16.10371,31.13675,-11.0447,-86.61453,-134.5172,-121.5099,-116.3794,-116.4359,24,24,24,24,24,24,24,24,24,24,24,24,24,24,24,24,988,9880,-108.8338,-109.6441,30.64147,-39.9024,1.048915,-0.6136271,1.926374E-05,0.1304059,0.1294395,0.1301466,-0.7883716,-1.347102,-0.128014,2.568498E-05,-0.3612906,-0.565121,24,24,24,24,24,24,24,24,24,24,24,24,24,24,24,24
989,9890,-116.5239,-117.7598,-116.9349,-3.899333,-114.0536,-118.48,-105.0109,-34.10784,19.32423,31.99824,-12.35014,-86.11024,-129.5181,-110.1712,-107.5564,-108.7224,24,24,24,24,24,24,24,24,24,24,24,24,24,24,24,24,989,9890,-108.4308,-109.3809,30.11769,-39.77331,-0.3956113,0.2454136,0.391818,-0.1303481,-0.1294058,-0.3849344,-0.9197664,-0.4041532,0.5118968,-0.5567942,-0.2408428,-0.3390739,24,24,24,24,24,24,24,24,24,24,24,24,24,24,24,24
990,9900,-110.8721,-109.6593,-109.9192,-3.533776,-107.2949,-111.322,-102.3315,-33.85706,18.08557,32.85973,-10.80734,-81.94976,-122.1386,-105.8745,-105.1717,-105.8299,24,24,24,24,24,24,24,24,24,24,24,24,24,24,24,24,990,9900,-112.73,-111.2234,32.21283,-40.41879,-0.001649457,-2.568498E-05,0.1306194,0.260786,1.605311E-05,-1.028785,0.3941906,-3.210623E-05,-0.6399365,0.6682622,0.4818442,0.5651274,24,24,24,24,24,24,24,24,24,24,24,24,24,24,24,24
991,9910,-104.7394,-103.2514,-102.9035,-2.924514,-103.6742,-111.4454,-102.5866,-35.73788,17.21851,30.89061,-9.976606,-83.2105,-126.0664,-113.0358,-109.1063,-110.5303,24,24,24,24,24,24,24,24,24,24,24,24,24,24,24,24,991,9910,-108.5651,-106.6171,30.64147,-40.41879,0.3923124,0.6135725,0.5224165,-0.521479,-0.776518,-0.2561635,0.2627959,-0.1347402,0.6398771,0.4455349,-0.7226341,0.4521006,24,24,24,24,24,24,24,24,24,24,24,24,24,24,24,24
992,9920,-109.1886,-108.692,-110.6577,-2.924514,-110.0708,-114.901,-103.2246,-34.10784,18.20943,31.87517,-11.0447,-83.2105,-125.3522,-106.1132,-104.4564,-103.1784,24,24,24,24,24,24,24,24,24,24,24,24,24,24,24,24,992,9920,-104.9376,-107.1435,31.16526,-39.64421,0.1296714,-0.3681878,-0.6529765,-0.9126099,0.1294395,0.001376554,-0.9197664,0.1346744,-0.3839728,-0.3340123,-0.4817387,-0.1130781,24,24,24,24,24,24,24,24,24,24,24,24,24,24,24,24
993,9930,-106.9039,-106.3949,-106.3498,-3.411924,-104.519,-109.224,-100.928,-33.98245,17.59011,32.24438,-10.80734,-81.31938,-124.8762,-111.1261,-109.4641,-111.1329,24,24,24,24,24,24,24,24,24,24,24,24,24,24,24,24,993,9930,-110.7148,-108.0648,29.98674,-40.2897,1.048915,-0.2454682,-0.7835765,-0.521479,0.6471299,0.001376554,-0.1313915,-0.5388613,-0.5119547,0.2228076,-0.1203951,0.452046,24,24,24,24,24,24,24,24,24,24,24,24,24,24,24,24
994,9940,-110.5114,-109.4363,-110.7807,-3.411924,-111.1571,-121.0716,-106.7972,-37.11714,17.46624,31.38289,-11.0447,-85.35379,-130.8274,-117.3325,-113.041,-112.8202,24,24,24,24,24,24,24,24,24,24,24,24,24,24,24,24,994,9940,-111.1178,-113.3292,29.72485,-39.64421,-0.1329695,-0.9817892,0.1306194,0.9126709,0.1294395,0.2589166,-0.3941842,-0.2694467,0.383915,0.2228076,-0.2408428,-0.6782023,24,24,24,24,24,24,24,24,24,24,24,24,24,24,24,24
995,9950,-109.9101,-109.5573,-112.3808,-3.655628,-109.8294,-114.1605,-103.2246,-34.73478,18.20943,32.12132,-11.51941,-84.09303,-126.3044,-107.1874,-105.0525,-103.781,24,24,24,24,24,24,24,24,24,24,24,24,24,24,24,24,995,9950,-119.4477,-120.0412,30.24858,-40.80608,-0.9208933,-0.1227485,0.5224165,-0.2607251,0.3882847,-1.157555,-0.2627895,-3.210623E-05,0.2559332,0.1114439,0.3613965,0.112969,24,24,24,24,24,24,24,24,24,24,24,24,24,24,24,24
996,9960,-105.3407,-105.0831,-105.3651,-3.899333,-103.1914,-108.1133,-100.0348,-33.23013,18.20943,32.61359,-9.739253,-79.55432,-121.0674,-104.8003,-104.5756,-105.8299,24,24,24,24,24,24,24,24,24,24,24,24,24,24,24,24,996,9960,-112.5957,-109.2493,30.77237,-40.1606,0.3923124,1.227174,0.5224165,0.9126709,-0.9059414,-1.415096,0.3941906,0.4040874,-0.1280107,-0.5567396,0.4818442,0.112969,24,24,24,24,24,24,24,24,24,24,24,24,24,24,24,24
997,9970,-104.7394,-105.6877,-104.7497,-3.168219,-105.6052,-113.5435,-103.097,-36.23943,16.72304,31.01368,-10.45131,-83.46265,-125.1142,-111.1261,-107.914,-109.6866,24,24,24,24,24,24,24,24,24,24,24,24,24,24,24,24,997,9970,-103.7284,-105.959,30.11764,-39.38602,0.2609915,-0.7363467,0.2612179,-1.173364,-0.5176744,-0.1273935,-0.1313915,-3.210623E-05,0.2559332,-0.5567396,-0.1203951,-0.1130781,24,24,24,24,24,24,24,24,24,24,24,24,24,24,24,24
998,9980,-108.7076,-109.0736,-108.6883,-2.437105,-109.3467,-115.6415,-104.5005,-35.23633,17.21851,31.99824,-11.63808,-83.84088,-126.6615,-109.4551,-108.391,-107.3967,24,24,24,24,24,24,24,24,24,24,24,24,24,24,24,24,998,9980,-108.8338,-108.1964,31.03426,-40.54789,-0.1329695,0.1226972,-0.7835765,0.260786,0.3882847,0.001376554,-0.1313915,-0.8082743,-0.3839728,0.4455349,0.3613965,0.5650696,24,24,24,24,24,24,24,24,24,24,24,24,24,24,24,24
999,9990,-109.0684,-110.6456,-110.9038,-3.411924,-109.3467,-115.1478,-105.1385,-35.86327,17.59011,32.73666,-9.739253,-81.69761,-128.3279,-114.7067,-112.9217,-115.9538,24,24,24,24,24,24,24,24,24,24,24,24,24,24,24,24,999,9990,-110.8491,-108.7228,29.98669,-40.41879,-0.001649457,-1.227225,0.391818,1.303802,-0.388251,0.7739977,-0.2627895,-1.077689,-0.3839728,0.2228076,-0.4817387,-1.469377,24,24,24,24,24,24,24,24,24,24,24,24,24,24,24,24
