0,0,-285.4248,-284.7268,-280.2651,-9.747158,-284.2288,-304.0929,-273.9417,-92.03686,44.34519,82.45701,-32.64386,-221.6408,-332.9315,-282.161,-284.8523,-278.9003,24,24,24,24,24,24,24,24,24,24,24,24,24,24,24,24,0,0,-268.9822,-263.3638,80.27017,-99.80318,1.180236,3.210623E-05,0.1306226,0.6518655,0.6471283,0.1301466,0.2627959,-0.5388532,-0.1280075,0.4455349,-0.1204465,0.1130332,24,24,24,24,24,24,24,24,24,24,24,24,24,24,24,24
1,10,-297.6881,-297.3007,-290.8502,-9.381759,-291.1082,-312.9786,-279.6833,-93.41612,45.83158,82.33394,-35.37342,-231.3486,-344.2389,-293.0222,-292.4831,-280.1055,24,24,24,24,24,24,24,24,24,24,24,24,24,24,24,24,1,10,-275.5655,-267.4437,77.38935,-102.6433,-1.052213,-1.104448,0.5224213,0.3911116,-0.6470978,-0.3849344,-0.6569737,-1.212389,-2.729029E-05,0.5568985,-1.084029,-0.452091,24,24,24,24,24,24,24,24,24,24,24,24,24,24,24,24
2,20,-296.0049,-289.7343,-298.6043,-9.747158,-307.1602,-324.9496,-285.6801,-91.78609,47.19411,81.34938,-38.22167,-225.6752,-334.3599,-298.2738,-303.6907,-298.907,24,24,24,24,24,24,24,24,24,24,24,24,24,24,24,24,2,20,-270.8632,-271.9184,78.43693,-101.6105,-0.7895716,3.210623E-05,0.1306226,-2.247436E-05,1.035397,-0.5137045,-0.2627895,0.1346808,0.2559364,0.1114439,-0.2408942,-0.2260407,24,24,24,24,24,24,24,24,24,24,24,24,24,24,24,24
3,30,-322.4552,-314.5238,-322.2362,-10.23436,-323.9363,-324.8262,-278.5349,-86.01826,47.81344,83.68771,-29.08356,-215.0849,-333.8838,-311.5222,-314.183,-321.9269,24,24,24,24,24,24,24,24,24,24,24,24,24,24,24,24,3,30,-286.7168,-289.4225,75.29416,-103.6761,0.1296722,0.859076,-0.2611745,0.3911116,-0.6470978,-0.6424745,3.210623E-06,0.1346808,0.2559364,0.4455349,1.605311E-06,6.421245E-06,24,24,24,24,24,24,24,24,24,24,24,24,24,24,24,24
4,40,-319.209,-320.9328,-321.99,-9.62536,-308.3671,-310.8806,-272.1554,-92.41302,42.23947,80.11868,-26.47267,-216.976,-339.954,-307.9416,-303.4523,-318.5522,24,24,24,24,24,24,24,24,24,24,24,24,24,24,24,24,4,40,-296.7932,-299.688,77.91309,-101.9978,0.2609923,0.7363531,0.5224213,-0.9126613,1.605311E-05,0.6452276,-0.1313915,0.5388019,0.1279546,-0.2226471,1.605311E-06,6.421245E-06,24,24,24,24,24,24,24,24,24,24,24,24,24,24,24,24
5,50,-299.732,-303.8824,-302.543,-9.016359,-284.5909,-292.7389,-266.5414,-92.78918,42.23947,83.3185,-25.99796,-222.3973,-348.6428,-310.6867,-305.2407,-297.9429,24,24,24,24,24,24,24,24,24,24,24,24,24,24,24,24,5,50,-283.6267,-283.2368,76.34173,-104.5798,0.1296722,-0.613566,-0.6529716,-2.247436E-05,-0.6470978,-0.6424745,3.210623E-06,-0.5388532,-0.2559894,-0.445376,-0.1204465,-0.3390674,24,24,24,24,24,24,24,24,24,24,24,24,24,24,24,24
6,60,-307.7873,-306.4218,-295.5273,-9.381759,-285.0737,-308.4123,-279.5557,-100.5632,39.14282,81.59552,-29.67694,-222.3973,-336.3833,-285.3836,-277.6985,-297.0992,24,24,24,24,24,24,24,24,24,24,24,24,24,24,24,24,6,60,-291.4191,-290.0805,76.99646,-101.8687,0.2609923,-0.2454682,0.1306226,0.9126195,-0.517676,0.2589166,-0.7883716,-0.2694403,-2.729029E-05,8.026557E-05,-0.1204465,-1.130242,24,24,24,24,24,24,24,24,24,24,24,24,24,24,24,24
7,70,-285.7855,-283.0835,-273.4956,-10.72156,-283.0219,-312.9786,-278.1522,-94.67,43.10653,80.24174,-36.91622,-228.3228,-340.6682,-285.5029,-282.5869,-274.3205,24,24,24,24,24,24,24,24,24,24,24,24,24,24,24,24,7,70,-295.9871,-290.3437,76.86551,-104.7088,-0.001648655,-0.1227485,2.407967E-05,-2.247436E-05,0.5177065,-0.9000146,0.5255854,0.6735084,-0.1280075,-0.1112834,-0.361342,6.421245E-06,24,24,24,24,24,24,24,24,24,24,24,24,24,24,24,24
8,80,-299.2511,-294.0876,-289.3732,-9.381759,-298.7118,-316.3108,-280.3212,-92.03687,45.33612,83.68771,-34.30533,-220.3801,-330.7891,-285.9803,-287.833,-293.4835,24,24,24,24,24,24,24,24,24,24,24,24,24,24,24,24,8,80,-287.2542,-282.7104,74.37753,-103.2888,-0.3956097,-0.1227485,-0.1305744,-0.130393,-0.1294074,0.001376554,3.210623E-06,-0.5388532,0.3839166,8.026557E-05,0.6022406,0.2260567,24,24,24,24,24,24,24,24,24,24,24,24,24,24,24,24
9,90,-296.2454,-292.2737,-290.7271,-9.381759,-294.2462,-301.131,-273.5589,-91.28455,43.97355,81.10324,-29.55826,-213.572,-322.9335,-292.5448,-291.41,-299.5097,24,24,24,24,24,24,24,24,24,24,24,24,24,24,24,24,9,90,-284.9702,-285.7374,76.34173,-105.3543,-0.1329687,0.3681332,2.407967E-05,-0.391147,0.1294379,0.001376554,-0.7883716,-0.5388532,-0.7679151,-0.3340123,-0.1204465,0.5651306,24,24,24,24,24,24,24,24,24,24,24,24,24,24,24,24
10,100,-298.2893,-296.3851,-301.5583,-10.11256,-299.6773,-299.4032,-268.3276,-88.90218,44.84061,81.96473,-24.8112,-210.7984,-328.8847,-303.2867,-298.9215,-299.8712,24,24,24,24,24,24,24,24,24,24,24,24,24,24,24,24,10,100,-288.329,-287.7115,75.81794,-103.2888,0.2609923,0.7362953,-0.6529716,-1.605311E-05,0.7765517,-0.3849858,0.3941906,-2.568498E-05,-0.2559894,8.026557E-05,-0.1204465,6.421245E-06,24,24,24,24,24,24,24,24,24,24,24,24,24,24,24,24
11,110,-279.6538,-291.6691,-289.127,-9.62536,-276.2632,-278.9167,-257.0996,-81.62971,48.30885,83.56464,-27.89679,-210.6723,-315.6729,-278.5804,-277.3408,-291.1936,24,24,24,24,24,24,24,24,24,24,24,24,24,24,24,24,11,110,-282.8206,-281.3943,75.81794,-105.2252,-0.7895716,-0.9817892,-0.2611745,0.9126259,-0.1294074,-0.1274449,-1.051167,-0.2694403,0.3839166,-0.1112834,-0.7226855,-0.3390674,24,24,24,24,24,24,24,24,24,24,24,24,24,24,24,24
12,120,-269.7951,-271.4747,-274.4802,-8.89456,-267.5733,-271.265,-251.2304,-81.50433,46.94633,81.10324,-25.64193,-206.6379,-305.9129,-269.6288,-267.6831,-276.1283,24,24,24,24,24,24,24,24,24,24,24,24,24,24,24,24,12,120,-282.6862,-281.2627,76.60362,-104.0634,-0.1329687,-0.2454682,-0.1305744,0.2607379,0.1294379,-0.7712959,0.1313947,-2.88956E-05,-0.6399333,0.4455349,-0.1204465,6.421245E-06,24,24,24,24,24,24,24,24,24,24,24,24,24,24,24,24
13,130,-264.6253,-265.5494,-268.6953,-9.259959,-264.7974,-270.0309,-254.2926,-85.64211,45.08834,81.47245,-23.98046,-205.2511,-310.3168,-271.2997,-268.6369,-267.2096,24,24,24,24,24,24,24,24,24,24,24,24,24,24,24,24,13,130,-281.6114,-282.3156,74.11564,-107.1617,0.7862751,0.1226939,-0.9141703,0.9126259,-0.1294074,-0.5137558,0.6569769,-0.5388564,0.1279578,-0.445376,0.3613451,0.2260567,24,24,24,24,24,24,24,24,24,24,24,24,24,24,24,24
14,140,-267.631,-267.847,-272.5109,-9.99076,-272.7631,-281.3849,-256.7169,-83.13435,46.45087,83.68771,-25.76061,-209.7898,-317.9344,-283.3546,-280.0831,-267.3301,24,24,24,24,24,24,24,24,24,24,24,24,24,24,24,24,14,140,-268.7135,-270.9972,73.85375,-104.8379,0.6549542,-0.1227485,2.407967E-05,-0.5215239,-0.3882526,-0.2562149,-0.3941874,0.9429197,0.255938,-0.445376,-0.7226855,6.421245E-06,24,24,24,24,24,24,24,24,24,24,24,24,24,24,24,24
15,150,-285.0641,-289.2506,-288.8809,-10.23436,-287.4875,-305.0802,-269.0932,-89.90528,45.83154,82.70315,-27.06605,-214.3285,-322.4573,-275.7159,-268.8754,-279.6234,24,24,24,24,24,24,24,24,24,24,24,24,24,24,24,24,15,150,-287.3885,-285.3426,74.90131,-106.1289,-0.001648655,-0.1227485,-0.6529716,0.3911149,1.605311E-05,-0.3849858,0.3941842,-0.4041484,-0.1280059,0.3341712,-0.9635813,-0.2260407,24,24,24,24,24,24,24,24,24,24,24,24,24,24,24,24
16,160,-277.2493,-280.7859,-273.7417,-9.016359,-269.0217,-278.9167,-258.5031,-83.88668,47.68953,84.05692,-26.23532,-208.7812,-311.7451,-267.7191,-267.4446,-265.6428,24,24,24,24,24,24,24,24,24,24,24,24,24,24,24,24,16,160,-318.1553,-312.7173,74.63943,-104.3216,-0.6582515,-0.9817892,2.407967E-05,0.9126259,-0.3882526,0.7739463,-0.6569801,0.2693857,0.3839198,8.026557E-05,-0.6022378,-0.7912291,24,24,24,24,24,24,24,24,24,24,24,24,24,24,24,24
17,170,-270.4432,-271.5957,-268.6953,-9.747159,-266.9699,-277.3123,-257.4824,-85.39133,45.33607,81.34938,-28.13414,-209.9158,-316.3871,-274.2836,-270.6638,-266.1249,24,24,24,24,24,24,24,24,24,24,24,24,24,24,24,24,17,170,-292.494,-288.7644,77.3893,-104.3216,-0.3956097,0.1226939,0.1306226,-0.26077,0.3882831,-0.9000664,-0.3941874,-0.1347354,0.1279578,-0.445376,1.605311E-06,-0.4521552,24,24,24,24,24,24,24,24,24,24,24,24,24,24,24,24
18,180,-273.4495,-274.9337,-271.8955,-10.35616,-266.8492,-278.7932,-258.1204,-86.39443,45.08834,81.22631,-25.76061,-207.5204,-312.3402,-271.8965,-268.3984,-270.1021,24,24,24,24,24,24,24,24,24,24,24,24,24,24,24,24,18,180,-285.3733,-283.8948,76.34173,-104.3216,0.1296722,0.4908528,-0.391773,-1.605311E-05,1.605311E-05,-0.1274449,0.3941842,0.5387987,-0.383968,0.3341712,0.240897,0.452046,24,24,24,24,24,24,24,24,24,24,24,24,24,24,24,24
19,190,-273.69,-273.241,-270.7878,-9.381759,-260.4525,-267.9329,-251.6132,-84.01207,44.34514,82.33394,-25.04855,-207.5204,-316.2681,-278.6997,-274.1215,-268.7764,24,24,24,24,24,24,24,24,24,24,24,24,24,24,24,24,19,190,-287.7916,-290.8701,76.34178,-104.8379,0.3923132,-0.2454682,0.2612227,-0.7822779,0.2588613,-0.3849858,-0.2627927,0.1346792,0.1279578,-0.8908306,-0.6022378,-5.458059E-05,24,24,24,24,24,24,24,24,24,24,24,24,24,24,24,24
20,200,-273.5697,-278.0771,-275.3418,-9.62536,-271.5562,-286.4448,-262.9688,-89.52912,42.11556,79.38026,-29.43959,-214.3285,-320.791,-272.9707,-269.3523,-270.1021,24,24,24,24,24,24,24,24,24,24,24,24,24,24,24,24,20,200,-306.3323,-301.7937,77.12746,-102.3851,-0.001648655,0.3681332,-0.6529716,-0.26077,0.7765517,0.3876353,-3.210623E-06,-0.1347354,-0.6399317,0.8909895,0.6022406,0.2259957,24,24,24,24,24,24,24,24,24,24,24,24,24,24,24,24
21,210,-277.1772,-275.5382,-268.9415,-10.35616,-270.7114,-288.0492,-266.5414,-91.15916,42.73489,81.47245,-28.96488,-215.9675,-320.3149,-269.1514,-266.2523,-269.2585,24,24,24,24,24,24,24,24,24,24,24,24,24,24,24,24,21,210,-303.5109,-298.6351,77.91314,-103.547,0.7862743,-1.227228,-0.391773,-1.605311E-05,1.605311E-05,0.1300952,-3.210623E-06,-0.4041484,0.255938,0.6682622,-1.927164,0.112969,24,24,24,24,24,24,24,24,24,24,24,24,24,24,24,24
22,220,-289.4427,-281.4624,-281.2498,-9.503559,-290.2634,-307.3016,-276.6211,-93.16536,42.73489,79.50333,-34.89872,-220.3801,-327.5754,-283.2352,-282.7061,-271.1868,24,24,24,24,24,24,24,24,24,24,24,24,24,24,24,24,22,220,-279.5961,-277.9724,78.04408,-101.7396,-0.3956113,-0.4909042,-0.1305744,-0.26077,0.1294379,-0.1274449,-0.7883748,0.2693857,0.3839198,0.3341712,0.240897,-0.5651788,24,24,24,24,24,24,24,24,24,24,24,24,24,24,24,24
23,230,-296.2969,-290.2884,-293.558,-9.381759,-304.0223,-310.5103,-273.0485,-87.52293,46.327,80.24174,-32.88121,-213.9503,-317.5773,-283.832,-284.0177,-297.7018,24,24,24,24,24,24,24,24,24,24,24,24,24,24,24,24,23,230,-288.4634,-285.6058,78.30598,-104.967,0.3923124,0.1226972,0.1306258,0.2607379,-0.3882526,-0.6425259,0.2627895,-0.5388564,-0.6399317,-0.2226471,1.605311E-06,0.2259957,24,24,24,24,24,24,24,24,24,24,24,24,24,24,24,24
24,240,-276.095,-278.5607,-285.8038,-10.23436,-285.9185,-291.875,-263.3516,-86.01827,45.58381,78.51876,-30.74503,-211.6809,-315.0778,-282.161,-283.0638,-291.0731,24,24,24,24,24,24,24,24,24,24,24,24,24,24,24,24,24,240,-282.2832,-284.2897,76.73462,-102.3851,0.5236325,-0.6136239,0.1306258,-1.043032,-0.2588292,0.001325184,0.1313947,-0.2694419,0.3839198,-0.6681033,0.1204493,0.112969,24,24,24,24,24,24,24,24,24,24,24,24,24,24,24,24
25,250,-286.9174,-286.0568,-289.0039,-9.62536,-285.315,-285.4575,-261.8205,-87.89909,41.86788,78.7649,-27.30341,-211.6809,-327.4564,-300.7803,-294.9869,-288.1805,24,24,24,24,24,24,24,24,24,24,24,24,24,24,24,24,25,250,-274.4907,-273.8925,78.30598,-103.1597,-0.001649457,0.3681364,-1.044767,-0.5215239,0.5177065,0.5164054,-0.5255854,-0.2694419,-1.5358,0.2228076,-0.2408942,-5.458059E-05,24,24,24,24,24,24,24,24,24,24,24,24,24,24,24,24
26,260,-292.5692,-296.0917,-296.3889,-9.503559,-285.0737,-294.2198,-265.5206,-91.15916,40.87695,78.14955,-28.49017,-214.7067,-327.2184,-292.0674,-288.1908,-292.5193,24,24,24,24,24,24,24,24,24,24,24,24,24,24,24,24,26,260,-274.6251,-276.2615,78.82977,-102.5142,0.6549534,-1.227225,2.568498E-05,-0.130393,-0.1294058,0.2589166,-0.3941874,-0.1347354,0.1279578,0.4455349,-0.8431336,-0.6782023,24,24,24,24,24,24,24,24,24,24,24,24,24,24,24,24
27,270,-290.8857,-299.2351,-291.0963,-9.747159,-272.6424,-283.1127,-259.2686,-88.14986,41.86788,78.14955,-31.69444,-216.85,-327.9325,-289.4417,-285.4485,-281.5518,24,24,24,24,24,24,24,24,24,24,24,24,24,24,24,24,27,270,-282.8206,-288.1064,79.61544,-102.9015,-1.446175,-0.4909042,2.568498E-05,0.1303609,0.3882847,-0.3849344,-1.313957,-2.88956E-05,0.8958456,-0.2226471,1.605311E-06,-0.1130781,24,24,24,24,24,24,24,24,24,24,24,24,24,24,24,24
28,280,-291.7274,-293.0691,-287.1577,-9.868959,-276.2632,-283.4829,-259.6514,-88.14986,42.85881,79.13411,-30.389,-213.8242,-315.5539,-270.5836,-272.81,-278.0566,24,24,24,24,24,24,24,24,24,24,24,24,24,24,24,24,28,280,-271.5349,-279.2885,78.69881,-103.0306,-0.1329695,0.9817378,-0.3917714,-1.605311E-05,-0.776518,0.001376554,0.2627895,-2.568498E-05,-0.2559878,1.002353,0.3613451,-0.2261049,24,24,24,24,24,24,24,24,24,24,24,24,24,24,24,24
29,290,-287.0377,-290.0465,-283.7114,-10.23436,-273.4873,-289.9004,-264.8826,-92.66381,38.8951,75.81121,-34.89871,-224.7927,-334.1218,-291.2319,-284.3754,-272.9947,24,24,24,24,24,24,24,24,24,24,24,24,24,24,24,24,29,290,-272.0724,-275.735,77.78219,-103.9343,0.5236325,-0.1227453,0.2612243,-0.26077,-0.2588276,0.3876867,0.7883716,-2.568498E-05,1.151808,-0.445376,-0.4817901,0.2259957,24,24,24,24,24,24,24,24,24,24,24,24,24,24,24,24
30,300,-296.2969,-293.0691,-288.2654,-9.259959,-280.7288,-290.0238,-269.476,-95.67311,37.03711,77.04192,-31.10106,-216.7239,-328.0516,-281.6836,-277.6985,-285.529,24,24,24,24,24,24,24,24,24,24,24,24,24,24,24,24,30,300,-287.7916,-289.554,79.61544,-101.6105,-0.2642904,1.104457,-0.1305728,-0.26077,0.2588629,0.6452276,-1.313957,0.2693873,-0.6399317,-0.445376,-0.1204465,0.2259957,24,24,24,24,24,24,24,24,24,24,24,24,24,24,24,24
31,310,-284.0314,-284.1223,-277.3111,-9.13816,-273.7286,-289.1599,-269.6035,-94.79539,38.64737,75.68814,-34.89871,-219.3715,-324.5998,-276.5513,-275.3138,-275.8872,24,24,24,24,24,24,24,24,24,24,24,24,24,24,24,24,31,310,-275.9686,-275.9983,79.4845,-105.4834,0.7862743,-1.227225,-0.2611729,-0.130393,1.605311E-05,-0.2561635,0.3941842,-2.568498E-05,-2.407967E-05,0.3341712,-0.1203951,-0.2261049,24,24,24,24,24,24,24,24,24,24,24,24,24,24,24,24
32,320,-288.4807,-282.6714,-278.7881,-9.747159,-277.2287,-285.5809,-265.393,-91.53532,40.38149,75.81121,-34.66136,-215.5892,-316.149,-270.4643,-269.4716,-285.7701,24,24,24,24,24,24,24,24,24,24,24,24,24,24,24,24,32,320,-278.79,-276.6563,78.69881,-104.1925,-0.001649457,-0.7363435,-0.2611729,0.9126259,-0.388251,0.001376554,-0.7883748,-0.5388532,-0.1280059,0.5568985,-0.6021864,-0.9042526,24,24,24,24,24,24,24,24,24,24,24,24,24,24,24,24
33,330,-271.2379,-271.3065,-271.8955,-9.747159,-273.1252,-277.6825,-261.6929,-89.27834,41.49628,76.79578,-29.79562,-207.1422,-307.9364,-271.0611,-270.9023,-271.4279,24,24,24,24,24,24,24,24,24,24,24,24,24,24,24,24,33,330,-282.9549,-286.1322,78.04408,-105.6125,-0.9208933,0.2454168,0.3918244,-0.7822779,0.3882847,-0.5137045,-0.2627927,0.6735084,-2.407967E-05,8.026557E-05,0.3613965,0.2259957,24,24,24,24,24,24,24,24,24,24,24,24,24,24,24,24
34,340,-279.5337,-278.4398,-283.3422,-9.62536,-285.5564,-291.9984,-265.0103,-88.77679,42.11561,77.65726,-30.8637,-215.211,-326.2662,-309.0157,-307.3869,-279.3824,24,24,24,24,24,24,24,24,24,24,24,24,24,24,24,24,34,340,-285.1046,-282.842,76.34178,-105.3543,0.5236325,0.3681364,-0.3917714,0.6518688,-0.9059414,0.001376554,-0.2627927,-0.9429743,0.3839198,0.3341712,0.1205007,0.3390193,24,24,24,24,24,24,24,24,24,24,24,24,24,24,24,24
35,350,-314.6404,-317.4915,-325.4362,-9.868959,-307.7637,-314.0893,-273.4313,-93.54153,41.37242,80.11867,-31.69444,-225.4231,-344.3579,-299.2287,-297.2523,-313.3698,24,24,24,24,24,24,24,24,24,24,24,24,24,24,24,24,35,350,-289.8069,-293.3707,75.4251,-105.2252,0.5236325,-0.1227453,-0.1305728,-0.6519009,0.1294395,0.001376554,-0.5255854,0.1346808,-0.8958938,-0.5567396,-1.083978,-0.3391284,24,24,24,24,24,24,24,24,24,24,24,24,24,24,24,24
36,360,-296.1252,-298.147,-297.4966,-9.503559,-284.953,-291.2579,-267.1793,-92.53842,40.13376,78.39569,-29.43958,-216.9761,-330.194,-290.8739,-287.7138,-293.604,24,24,24,24,24,24,24,24,24,24,24,24,24,24,24,24,36,360,-289.9413,-288.896,76.60362,-103.547,0.3923124,0.1226972,-0.1305728,-0.5215239,-0.388251,0.5164568,0.6569769,0.5388019,-0.6399317,0.2228076,-0.2408428,-5.458059E-05,24,24,24,24,24,24,24,24,24,24,24,24,24,24,24,24
37,370,-284.2226,-288.9584,-285.4345,-10.47796,-277.4701,-287.679,-265.2654,-91.91148,40.00989,76.67271,-31.81312,-218.2368,-328.0516,-292.6642,-286.8792,-285.288,24,24,24,24,24,24,24,24,24,24,24,24,24,24,24,24,37,370,-304.317,-303.373,79.35349,-103.0306,-0.1329687,-1.595387,0.653023,0.782249,0.5177065,0.6452276,-0.5255854,-0.4041468,-0.5119498,0.4455349,-0.3612906,-1.243327,24,24,24,24,24,24,24,24,24,24,24,24,24,24,24,24
38,380,-286.6272,-288.9584,-289.6193,-9.13816,-283.7461,-289.1599,-265.2654,-91.66071,40.38149,78.02648,-32.05047,-217.7325,-329.2418,-293.9771,-293.4369,-284.0828,24,24,24,24,24,24,24,24,24,24,24,24,24,24,24,24,38,380,-294.2406,-291.6598,78.43687,-104.5798,-0.9208925,0.2454168,-0.1305728,0.2607379,0.5177065,-0.7712445,-0.6569801,0.2693873,0.3839198,-0.2226471,0.3613965,-0.2261049,24,24,24,24,24,24,24,24,24,24,24,24,24,24,24,24
39,390,-293.6004,-297.7843,-301.6814,-10.11256,-295.9359,-306.3143,-276.6211,-94.79539,40.87695,79.87253,-32.16915,-223.532,-339.716,-303.1674,-299.6369,-293.363,24,24,24,24,24,24,24,24,24,24,24,24,24,24,24,24,39,390,-289.2695,-286.7903,77.12741,-104.4506,0.7862751,0.3681364,0.2612243,-0.26077,-0.388251,-0.1273935,-0.1313979,-2.568498E-05,0.5119017,0.2228076,0.2409484,0.112969,24,24,24,24,24,24,24,24,24,24,24,24,24,24,24,24
40,400,-291.5565,-298.5097,-301.6814,-10.59976,-288.9358,-300.7607,-271.9002,-92.78921,42.11561,79.62639,-31.45709,-221.0105,-334.5979,-296.8416,-292.7215,-301.0764,24,24,24,24,24,24,24,24,24,24,24,24,24,24,24,24,40,400,-287.3886,-293.3707,75.94888,-103.8052,0.2609923,-0.4909042,0.7836215,-0.912658,-0.2588276,0.001376554,0.3941842,0.2693873,0.6398819,-0.7794669,-0.8430822,-0.3391284,24,24,24,24,24,24,24,24,24,24,24,24,24,24,24,24
41,410,-289.2722,-289.5629,-286.173,-9.259959,-278.4356,-284.717,-263.224,-88.27525,43.97355,82.08779,-28.37149,-214.0763,-325.9091,-285.861,-283.1831,-288.6626,24,24,24,24,24,24,24,24,24,24,24,24,24,24,24,24,41,410,-279.4618,-283.2368,76.86551,-104.1925,-0.2642896,0.2454168,-0.3917714,-0.912658,1.605311E-05,0.3876867,-0.1313979,-0.4041468,-0.8958938,0.1114439,0.2409484,0.3390193,24,24,24,24,24,24,24,24,24,24,24,24,24,24,24,24
42,420,-282.6596,-290.1674,-285.9268,-9.747159,-274.2114,-286.6916,-262.586,-88.27525,44.34514,83.81078,-24.81119,-213.0677,-329.1228,-291.8287,-285.21,-278.6592,24,24,24,24,24,24,24,24,24,24,24,24,24,24,24,24,42,420,-273.5502,-278.2357,77.65119,-102.9015,0.7862751,-1.840827,-0.5223715,0.3911116,-0.2588276,0.5164054,-0.6569801,-0.8082678,-0.5119498,0.2228076,-0.6021864,-0.5651788,24,24,24,24,24,24,24,24,24,24,24,24,24,24,24,24
43,430,-283.8619,-289.9256,-283.4651,-9.99076,-271.7976,-290.0238,-265.9034,-91.15917,43.47808,81.2263,-29.9143,-219.6236,-330.194,-282.5191,-275.1946,-278.0566,24,24,24,24,24,24,24,24,24,24,24,24,24,24,24,24,43,430,-265.6234,-270.6023,80.00823,-102.3851,-0.9208925,-0.3681846,0.1306258,0.2607347,0.3882847,-0.6425259,-0.5255789,-0.4041468,0.3839198,-0.5567396,-0.2408428,-0.1130781,24,24,24,24,24,24,24,24,24,24,24,24,24,24,24,24
44,440,-277.1291,-278.3189,-271.4031,-9.13816,-260.4526,-272.1289,-256.4616,-85.89289,45.2122,81.96472,-29.55826,-214.3285,-320.672,-273.4481,-270.6638,-269.7406,24,24,24,24,24,24,24,24,24,24,24,24,24,24,24,24,44,440,-301.2269,-302.8466,79.09161,-103.2888,0.5236333,0.1226972,-0.2611729,-1.926374E-05,-0.2588276,-0.7712959,0.5255854,-0.1347338,-2.407967E-05,0.8909895,0.2409484,0.3390193,24,24,24,24,24,24,24,24,24,24,24,24,24,24,24,24
45,450,-276.2875,-274.6918,-273.2493,-8.89456,-275.0562,-290.1472,-266.1586,-90.40685,42.98262,79.87253,-29.20223,-215.7153,-317.6964,-266.6449,-267.0869,-268.2943,24,24,24,24,24,24,24,24,24,24,24,24,24,24,24,24,45,450,-299.6147,-298.2403,77.52025,-102.3851,0.5236333,-0.1227453,0.653023,-0.3911502,-0.5176744,0.1300952,-0.2627895,-0.4041468,-0.1280059,-0.5567396,-1.083978,-0.6782023,24,24,24,24,24,24,24,24,24,24,24,24,24,24,24,24
46,460,-283.381,-278.4398,-277.6803,-10.84336,-286.522,-304.4631,-274.8348,-92.53843,43.97355,80.61095,-33.59327,-219.2454,-323.8857,-276.1933,-274.8369,-273.8383,24,24,24,24,24,24,24,24,24,24,24,24,24,24,24,24,46,460,-292.7627,-285.869,78.96066,-102.1269,-0.5269306,-2.247436E-05,-0.2611729,-0.3911502,0.6471299,0.7739463,-0.1313915,0.8082148,-0.7679119,8.026557E-05,5.297528E-05,0.2259957,24,24,24,24,24,24,24,24,24,24,24,24,24,24,24,24
47,470,-276.528,-273.3619,-272.8801,-9.62536,-279.1598,-289.5301,-266.5414,-88.14987,43.72581,78.7649,-32.99989,-214.3285,-314.2447,-270.2256,-269.71,-278.7798,24,24,24,24,24,24,24,24,24,24,24,24,24,24,24,24,47,470,-285.3733,-282.5787,78.17498,-101.4814,0.1296722,-0.8590663,-0.2611729,-0.2607732,0.6471299,-0.2562149,0.1313979,-0.6735597,0.1279578,-0.2226471,-0.3612906,-0.5651788,24,24,24,24,24,24,24,24,24,24,24,24,24,24,24,24
48,480,-273.2818,-273.1201,-272.1416,-9.503559,-279.8839,-295.3305,-264.8827,-87.02137,45.33607,79.25718,-32.76254,-214.8328,-312.9354,-275.8352,-275.6716,-275.1641,24,24,24,24,24,24,24,24,24,24,24,24,24,24,24,24,48,480,-279.9992,-278.6305,79.35349,-99.93227,-0.2642896,-0.7363435,0.3918244,0.3911116,-0.5176744,0.5164054,-0.7883716,-0.5388532,0.1279578,0.2228076,5.297528E-05,-0.5651788,24,24,24,24,24,24,24,24,24,24,24,24,24,24,24,24
49,490,-281.3371,-281.0997,-286.4191,-9.62536,-288.091,-295.3305,-265.3931,-86.39444,47.07019,82.33393,-27.65944,-213.9502,-325.552,-291.1126,-287.5946,-282.757,24,24,24,24,24,24,24,24,24,24,24,24,24,24,24,24,49,490,-275.5655,-275.3402,80.00823,-103.4179,0.3923132,0.3681364,0.653023,0.3911116,-0.388251,-0.9000664,3.210623E-06,0.1346808,-0.1280059,0.7796259,0.2409484,0.452046,24,24,24,24,24,24,24,24,24,24,24,24,24,24,24,24
50,500,-274.6043,-277.3517,-274.9725,-9.868959,-270.47,-275.3376,-259.2686,-89.52913,42.61102,79.50332,-26.94738,-208.4029,-313.0544,-277.0287,-274.8369,-285.288,24,24,24,24,24,24,24,24,24,24,24,24,24,24,24,24,50,500,-273.8189,-272.5764,78.04403,-101.0941,0.7862751,-0.3681846,0.3918244,-1.926374E-05,-0.2588276,-0.7712959,0.2627959,-0.5388532,0.3839198,-0.2226471,5.297528E-05,0.5650696,24,24,24,24,24,24,24,24,24,24,24,24,24,24,24,24
51,510,-275.6863,-278.5607,-278.1727,-9.99076,-273.0045,-284.3468,-262.8412,-92.16226,40.75303,78.88797,-27.42208,-213.3199,-323.2906,-286.2191,-281.0369,-273.9589,24,24,24,24,24,24,24,24,24,24,24,24,24,24,24,24,51,510,-285.9107,-287.7115,78.96071,-101.9978,0.2609923,0.1226972,2.568498E-05,-1.69492,0.9059751,0.001325184,-0.5255789,0.5388019,-2.407967E-05,-0.5567396,-0.1203951,-0.4521552,24,24,24,24,24,24,24,24,24,24,24,24,24,24,24,24
52,520,-284.7035,-284.9686,-283.096,-9.990759,-281.3322,-291.875,-269.6035,-92.66381,42.36329,80.24174,-32.52518,-218.615,-327.9325,-284.3094,-283.4215,-279.5029,24,24,24,24,24,24,24,24,24,24,24,24,24,24,24,24,52,520,-285.1046,-286.6587,79.4845,-101.7396,1.048916,-0.981786,-0.1305728,0.2607347,-0.1294058,-1.157607,0.3941906,-0.9429743,0.1279578,8.026557E-05,0.2409484,0.112969,24,24,24,24,24,24,24,24,24,24,24,24,24,24,24,24
53,530,-287.4687,-287.1448,-285.5576,-9.868959,-282.6598,-294.2198,-271.9002,-93.03998,42.98262,80.48788,-32.40651,-221.7669,-330.075,-280.0126,-276.5062,-286.1317,24,24,24,24,24,24,24,24,24,24,24,24,24,24,24,24,53,530,-292.494,-293.3707,78.43692,-101.8687,-0.1329687,-1.104506,-0.5223715,0.7822458,-0.1294058,0.1300952,-0.9197664,0.4040954,-2.407967E-05,0.3341712,-0.8430822,-0.4521552,24,24,24,24,24,24,24,24,24,24,24,24,24,24,24,24
54,540,-291.9172,-287.8703,-287.4039,-10.72156,-290.7462,-307.6718,-276.6211,-93.16536,43.60195,79.74946,-34.18666,-219.2454,-324.7188,-281.4449,-281.1562,-279.8645,24,24,24,24,24,24,24,24,24,24,24,24,24,24,24,24,54,540,-316.9461,-313.1121,79.4845,-102.9015,0.2609923,0.8590181,0.5224229,-0.1303962,1.605311E-05,-1.543917,-0.3941842,0.8082148,-0.383968,0.6682622,0.3613965,0.112969,24,24,24,24,24,24,24,24,24,24,24,24,24,24,24,24
55,550,-283.5012,-288.4748,-292.5733,-9.381759,-292.0738,-294.8369,-271.645,-90.28145,43.23035,81.34937,-27.65944,-208.4029,-319.3627,-285.9803,-287.8331,-292.8809,24,24,24,24,24,24,24,24,24,24,24,24,24,24,24,24,55,550,-284.7015,-281.9207,76.47272,-104.4506,0.2609923,0.7362985,-0.3917714,1.303754,-0.1294058,-0.2562149,0.3941906,0.5388019,-0.383968,8.026557E-05,-0.1203951,0.3390193,24,24,24,24,24,24,24,24,24,24,24,24,24,24,24,24
56,560,-283.6214,-290.2883,-297.3735,-9.13816,-292.6772,-292.7389,-267.1793,-89.90527,42.85875,82.33393,-24.69252,-212.6895,-337.2165,-316.4157,-309.8908,-293.8451,24,24,24,24,24,24,24,24,24,24,24,24,24,24,24,24,56,560,-276.506,-276.9196,76.60368,-103.0306,0.6549542,-0.7363435,-0.1305728,-0.2607732,-0.388251,0.001325184,0.2627959,0.5388019,-2.407967E-05,-0.7794669,-0.7226341,-0.2261049,24,24,24,24,24,24,24,24,24,24,24,24,24,24,24,24
57,570,-303.4591,-307.6984,-305.3739,-10.84336,-285.7978,-297.6754,-271.3898,-94.67,40.25757,80.85709,-28.49017,-219.1193,-333.1696,-289.0836,-286.0446,-303.0048,24,24,24,24,24,24,24,24,24,24,24,24,24,24,24,24,57,570,-272.6098,-271.2603,75.42516,-104.4506,-0.1329687,0.4908561,-0.7835685,0.2607347,0.3882831,-0.3849858,3.210623E-06,-2.568498E-05,-0.8958938,-0.3340123,0.6022919,0.3390193,24,24,24,24,24,24,24,24,24,24,24,24,24,24,24,24
58,580,-285.3046,-288.233,-286.7885,-9.381759,-272.5218,-284.4702,-268.4552,-96.30004,38.77118,79.87253,-28.3715,-220.254,-343.4057,-298.8707,-290.5754,-280.4671,24,24,24,24,24,24,24,24,24,24,24,24,24,24,24,24,58,580,-276.2373,-280.473,75.16326,-104.967,0.1296722,-0.8590663,0.1306258,-0.1303962,-0.6470978,0.3876867,-1.051161,-0.1347338,-2.407967E-05,0.3341712,-0.2408428,-0.5651788,24,24,24,24,24,24,24,24,24,24,24,24,24,24,24,24
59,590,-296.6061,-287.6284,-281.0036,-9.625359,-282.6598,-304.9568,-277.3866,-95.04617,42.23943,80.48788,-33.71195,-227.4403,-340.073,-288.2481,-282.8254,-283.4801,24,24,24,24,24,24,24,24,24,24,24,24,24,24,24,24,59,590,-272.2067,-270.8655,75.42516,-104.1925,-0.5269306,-0.4909042,0.653023,0.7822458,-0.1294074,0.001376554,-0.7883716,-2.568498E-05,0.255938,0.2228076,-0.3612906,-0.1130781,24,24,24,24,24,24,24,24,24,24,24,24,24,24,24,24
60,600,-297.5679,-287.6284,-281.2498,-10.23436,-283.0219,-296.071,-271.9002,-90.40683,44.09742,80.36481,-33.71195,-220.1279,-324.4808,-273.5675,-272.5716,-285.8906,24,24,24,24,24,24,24,24,24,24,24,24,24,24,24,24,60,600,-269.654,-268.4966,76.21083,-105.2252,-0.3956097,0.4908561,-0.1305728,-0.1303962,-0.3882526,-1.286326,0.6569801,0.6735084,-0.1280059,8.026557E-05,-0.1203951,0.452046,24,24,24,24,24,24,24,24,24,24,24,24,24,24,24,24
61,610,-276.7684,-272.5156,-271.157,-9.381759,-278.7977,-289.4067,-266.5413,-87.39752,45.45994,82.08779,-30.98238,-215.7153,-320.791,-277.2675,-273.6446,-276.6104,24,24,24,24,24,24,24,24,24,24,24,24,24,24,24,24,61,610,-282.8206,-285.3426,73.33001,-106.258,0.5236333,-0.1227453,0.653023,-0.1303962,-0.6470978,-0.2561635,0.6569801,-0.4041468,0.3839198,-0.1112834,0.3613965,-0.3391284,24,24,24,24,24,24,24,24,24,24,24,24,24,24,24,24
62,620,-274.6043,-271.911,-270.4185,-9.259959,-270.5907,-277.1888,-256.972,-83.88667,46.82247,81.59551,-29.43958,-209.6637,-309.8408,-275.3578,-276.5062,-275.2846,24,24,24,24,24,24,24,24,24,24,24,24,24,24,24,24,62,620,-275.9686,-273.6293,75.03232,-104.4506,-0.2642896,0.2454168,-0.1305728,-1.043035,0.1294379,-0.2561635,-0.6569737,0.4040954,-0.5119498,-0.445376,-0.1203951,0.5650696,24,24,24,24,24,24,24,24,24,24,24,24,24,24,24,24
63,630,-286.8676,-286.1776,-294.0503,-10.23436,-293.8842,-294.4667,-262.9688,-83.6359,46.57473,81.84165,-27.42208,-208.529,-316.3871,-289.7997,-292.0061,-290.9526,24,24,24,24,24,24,24,24,24,24,24,24,24,24,24,24,63,630,-292.7627,-293.1075,72.54433,-106.9035,0.5236333,-0.6136239,-1.044767,-0.1303962,1.164819,-0.1273935,0.3941906,-0.9429743,0.1279578,8.026557E-05,-0.1203951,-0.2261049,24,24,24,24,24,24,24,24,24,24,24,24,24,24,24,24
64,640,-296.3657,-298.147,-303.8969,-9.625359,-294.6083,-298.9095,-265.2654,-86.01826,45.83154,82.21086,-29.20223,-214.7067,-325.7901,-290.0384,-289.0254,-296.8582,24,24,24,24,24,24,24,24,24,24,24,24,24,24,24,24,64,640,-284.7015,-285.2109,73.46095,-105.7416,-0.2642896,-1.227225,-0.2611729,-0.1303962,-0.517676,0.2589166,-1.051161,-0.2694403,1.023827,8.026557E-05,-0.9635299,-1.017279,24,24,24,24,24,24,24,24,24,24,24,24,24,24,24,24
65,650,-284.7035,-284.8477,-288.8808,-9.747158,-275.7804,-279.2869,-254.6754,-85.39133,44.96448,81.34937,-26.59134,-212.5634,-322.1003,-289.6804,-286.4023,-289.8679,24,24,24,24,24,24,24,24,24,24,24,24,24,24,24,24,65,650,-289.9413,-287.1851,73.46095,-108.5817,-0.5269306,0.1226972,0.3918244,0.2607347,0.1294379,-1.157555,0.1313979,0.4040954,-0.383968,-0.445376,-0.3612906,-0.2261049,24,24,24,24,24,24,24,24,24,24,24,24,24,24,24,24
66,660,-286.1463,-285.4522,-286.05,-9.503559,-275.177,-283.7297,-258.7583,-85.89287,46.07927,84.42612,-27.06605,-213.446,-324.0047,-281.3256,-278.1754,-285.5291,24,24,24,24,24,24,24,24,24,24,24,24,24,24,24,24,66,660,-276.2373,-275.077,73.72285,-105.3543,0.5236333,0.1226972,0.1306258,-0.6519041,-0.7765212,0.2589166,0.7883781,0.4040954,0.7678638,-0.3340123,0.6022919,-0.1130781,24,24,24,24,24,24,24,24,24,24,24,24,24,24,24,24
67,670,-280.3753,-283.2759,-278.665,-9.868959,-273.608,-288.6663,-262.8412,-85.51672,46.57473,84.17999,-26.59134,-214.9589,-326.6233,-280.6094,-274.9561,-273.4768,24,24,24,24,24,24,24,24,24,24,24,24,24,24,24,24,67,670,-295.4497,-293.2391,73.98469,-107.2908,0.3923132,0.4908561,0.1306258,-0.782281,0.3882831,0.001376554,-0.2627895,0.4040954,-2.407967E-05,-0.3340123,-0.6021864,-0.6782023,24,24,24,24,24,24,24,24,24,24,24,24,24,24,24,24
68,680,-281.6978,-282.0669,-275.588,-10.47796,-272.1597,-285.5809,-263.4791,-89.40372,44.09742,83.68771,-24.81119,-210.0419,-319.2437,-275.7159,-271.6177,-270.8253,24,24,24,24,24,24,24,24,24,24,24,24,24,24,24,24,68,680,-296.3902,-292.0546,72.54428,-105.9998,-0.6582515,-0.7363435,-1.175367,-0.2607732,0.6471283,0.3876867,3.210623E-06,-0.5388532,-2.407967E-05,-0.2226471,-0.1203951,0.5650696,24,24,24,24,24,24,24,24,24,24,24,24,24,24,24,24
69,690,-274.2436,-272.2737,-269.68,-9.62536,-271.0734,-284.2234,-262.2032,-87.89907,43.72582,83.68771,-28.8462,-213.1938,-321.3862,-272.2546,-270.5446,-270.2227,24,24,24,24,24,24,24,24,24,24,24,24,24,24,24,24,69,690,-279.4617,-276.2615,73.59185,-106.258,0.3923132,-0.981786,0.1306258,0.3911116,-0.6470978,0.3876867,3.210623E-06,-0.2694403,0.3839198,0.4455349,-0.8430822,-1.017279,24,24,24,24,24,24,24,24,24,24,24,24,24,24,24,24
70,700,-288.3104,-278.5607,-278.5419,-9.016359,-286.7634,-301.3778,-273.4313,-92.41302,43.47808,79.87253,-32.64386,-216.7239,-320.3149,-280.0126,-278.4138,-279.744,24,24,24,24,24,24,24,24,24,24,24,24,24,24,24,24,70,700,-282.5518,-282.9736,74.24659,-106.5162,-0.7895716,-2.247436E-05,0.3918244,-1.926374E-05,0.6471283,0.1301466,-0.3941842,0.2693873,0.3839198,-0.2226471,-0.6021864,-0.2261049,24,24,24,24,24,24,24,24,24,24,24,24,24,24,24,24
71,710,-282.1787,-277.1099,-279.1573,-10.11256,-286.6427,-292.9857,-266.2861,-86.26904,47.0702,82.33393,-29.43958,-211.6809,-319.0057,-285.7416,-285.5677,-287.2164,24,24,24,24,24,24,24,24,24,24,24,24,24,24,24,24,71,710,-289.2695,-290.7385,72.67522,-107.2908,-0.2642896,0.6135757,-0.65297,-0.3911502,-0.6470978,-1.286326,0.2627959,0.4040954,0.5119017,0.4455349,0.1205007,-0.4521552,24,24,24,24,24,24,24,24,24,24,24,24,24,24,24,24
72,720,-288.1902,-284.7268,-292.9425,-9.868959,-292.1945,-285.7043,-259.141,-79.99968,48.06113,80.48788,-32.52518,-217.1021,-326.5042,-303.5255,-303.8099,-292.8809,24,24,24,24,24,24,24,24,24,24,24,24,24,24,24,24,72,720,-296.3902,-302.8466,74.11564,-106.258,0.6549542,-0.3681846,0.9142216,-0.6519009,-0.2588292,0.5164568,-0.1313915,-0.5388532,-0.1280059,-0.445376,0.1205007,-5.458059E-05,24,24,24,24,24,24,24,24,24,24,24,24,24,24,24,24
73,730,-307.7874,-311.3254,-319.036,-9.747159,-298.1084,-301.8714,-265.6482,-86.89599,45.70767,80.85709,-32.4065,-228.9532,-351.7375,-312.7158,-303.4523,-309.9951,24,24,24,24,24,24,24,24,24,24,24,24,24,24,24,24,73,730,-302.5704,-299.8196,71.62766,-107.6781,-0.2642896,0.2454168,-0.2611729,-0.130393,-0.3882526,-0.1273935,-0.3941842,0.2693873,-0.1280059,8.026557E-05,0.1205007,0.2259957,24,24,24,24,24,24,24,24,24,24,24,24,24,24,24,24
74,740,-296.9668,-299.7188,-291.7117,-9.62536,-280.3667,-288.9131,-263.8619,-85.89289,45.58381,82.45705,-29.67694,-214.9589,-324.4808,-279.6546,-277.8177,-289.9884,24,24,24,24,24,24,24,24,24,24,24,24,24,24,24,24,74,740,-287.1198,-287.3167,73.7228,-104.838,1.442877,-0.4909042,-0.1305728,-1.605311E-05,0.5177065,-0.6424745,0.2627959,-0.4041468,0.5119017,0.4455349,-0.8430822,-0.3391284,24,24,24,24,24,24,24,24,24,24,24,24,24,24,24,24
75,750,-277.8505,-278.0771,-278.1727,-9.381759,-273.2459,-284.5936,-263.4791,-91.03378,40.75303,77.78038,-30.74503,-215.0849,-320.0769,-274.9998,-271.6177,-274.682,24,24,24,24,24,24,24,24,24,24,24,24,24,24,24,24,75,750,-298.5398,-294.95,73.59185,-105.8707,-1.052213,-0.8590663,2.568498E-05,0.3911149,-0.2588292,0.1301466,-1.57675,-0.5388532,0.255938,-0.445376,-0.1203951,-1.130303,24,24,24,24,24,24,24,24,24,24,24,24,24,24,24,24
76,760,-274.2436,-274.8127,-269.1877,-10.47796,-265.1596,-277.0655,-255.9512,-84.7644,43.97355,78.39574,-31.33842,-214.0763,-317.9344,-274.761,-270.4254,-271.7895,24,24,24,24,24,24,24,24,24,24,24,24,24,24,24,24,76,760,-302.5704,-301.5305,72.93712,-106.7744,-0.1329687,0.4908561,-0.1305728,0.9126259,0.6471283,-1.028785,-0.2627927,0.2693873,0.255938,-0.3340123,0.3613965,-0.2261049,24,24,24,24,24,24,24,24,24,24,24,24,24,24,24,24
77,770,-272.9211,-272.5156,-272.5109,-9.381759,-270.1079,-284.717,-263.2239,-88.40064,40.8769,78.02653,-34.66136,-219.3715,-322.3383,-271.6578,-270.0677,-267.8122,24,24,24,24,24,24,24,24,24,24,24,24,24,24,24,24,77,770,-279.7304,-280.2098,72.93712,-106.258,-0.2642896,0.6135757,-0.2611729,-0.5215239,-1.035366,-0.2561635,-0.3941874,0.2693873,0.1279032,8.026557E-05,-0.1203951,0.2259957,24,24,24,24,24,24,24,24,24,24,24,24,24,24,24,24
78,780,-276.0471,-274.6918,-273.0032,-9.259959,-267.0906,-277.4357,-258.2479,-86.89599,43.47808,79.13415,-29.9143,-211.5549,-311.5071,-271.6578,-268.5177,-268.8969,24,24,24,24,24,24,24,24,24,24,24,24,24,24,24,24,78,780,-276.3716,-279.2885,71.75861,-104.7089,0.7862751,0.1226972,0.9142216,-1.303786,1.605311E-05,0.6452276,0.6569769,-2.568498E-05,0.6398289,-0.1112834,0.1205007,-5.458059E-05,24,24,24,24,24,24,24,24,24,24,24,24,24,24,24,24
79,790,-273.1616,-273.241,-269.9262,-10.35616,-259.2457,-266.3285,-251.1028,-85.76749,41.62009,76.91889,-30.50768,-212.9417,-316.8632,-274.8804,-270.6638,-267.5712,24,24,24,24,24,24,24,24,24,24,24,24,24,24,24,24,79,790,-288.0603,-290.7385,75.4251,-105.9998,-0.1329687,0.3681364,2.568498E-05,-0.6519009,0.1294379,0.5164568,-0.1313979,0.4040954,-1.15191,0.1114439,0.3613451,0.3390193,24,24,24,24,24,24,24,24,24,24,24,24,24,24,24,24
80,800,-276.8886,-276.989,-275.3418,-9.503559,-273.7286,-291.5048,-270.8794,-95.42234,38.64731,77.04196,-34.30533,-221.7669,-331.9793,-283.5933,-279.01,-265.4018,24,24,24,24,24,24,24,24,24,24,24,24,24,24,24,24,80,800,-285.642,-296.9242,72.80618,-106.258,-0.001648655,-0.981786,-0.2611729,0.5214918,1.605311E-05,-0.2561635,0.3941842,-0.4041468,0.7678108,-0.1112834,-0.9635813,-5.458059E-05,24,24,24,24,24,24,24,24,24,24,24,24,24,24,24,24
81,810,-284.3428,-282.0669,-278.5419,-9.13816,-280.0046,-294.3433,-271.645,-95.67312,39.39051,76.30354,-33.35592,-217.6064,-321.2671,-276.3127,-276.3869,-279.8645,24,24,24,24,24,24,24,24,24,24,24,24,24,24,24,24,81,810,-296.3902,-294.4236,73.59185,-104.838,-0.5269306,-0.8590663,2.568498E-05,-1.605311E-05,-0.517676,-0.5137045,-0.7883748,-0.4041468,0.255885,0.1114439,-0.7226855,-0.6782023,24,24,24,24,24,24,24,24,24,24,24,24,24,24,24,24
82,820,-289.6328,-288.5957,-290.4809,-10.11256,-298.3498,-310.6338,-273.6864,-91.40995,41.62009,76.54968,-35.84813,-216.3457,-317.1012,-276.1933,-279.4869,-289.3858,24,24,24,24,24,24,24,24,24,24,24,24,24,24,24,24,82,820,-284.2985,-283.8948,75.4251,-105.0962,-0.2642896,0.3681364,0.1306258,-0.391147,0.6471283,-1.286326,-0.1313979,0.1346808,-7.866025E-05,-0.3340123,0.240897,0.112969,24,24,24,24,24,24,24,24,24,24,24,24,24,24,24,24
83,830,-288.5508,-287.7493,-290.4809,-9.503559,-292.9187,-293.6028,-267.3069,-88.7768,42.23943,75.68819,-35.13607,-212.4374,-312.2212,-280.8481,-283.7792,-289.6268,24,24,24,24,24,24,24,24,24,24,24,24,24,24,24,24,83,830,-296.5246,-293.8972,74.24659,-106.1289,-0.1329687,0.1226972,-0.9141687,0.6518688,-1.035366,-0.3849344,0.1313947,-2.568498E-05,-7.866025E-05,0.2228076,1.605311E-06,0.3390193,24,24,24,24,24,24,24,24,24,24,24,24,24,24,24,24
84,840,-293.2397,-292.1019,-296.0196,-9.868959,-293.4014,-296.071,-266.2861,-89.52913,41.62009,76.42661,-32.05048,-213.5721,-316.8632,-282.9965,-282.3484,-295.894,24,24,24,24,24,24,24,24,24,24,24,24,24,24,24,24,84,840,-291.9566,-294.292,74.77037,-105.2252,0.2609923,0.1226972,0.7836215,-1.173409,0.2588613,-0.5137045,-3.210623E-06,-2.568498E-05,-0.1280589,-0.8908306,-0.7226855,-0.3391284,24,24,24,24,24,24,24,24,24,24,24,24,24,24,24,24
85,850,-278.0909,-273.3619,-276.8188,-9.503559,-275.9011,-277.1888,-255.696,-84.7644,41.99169,76.30354,-30.389,-207.8987,-309.6027,-280.0126,-280.7984,-285.6496,24,24,24,24,24,24,24,24,24,24,24,24,24,24,24,24,85,850,-305.7949,-304.5575,73.59185,-106.6453,0.3923132,0.1226972,-0.65297,0.2607379,0.1294379,-0.3849344,-3.210623E-06,0.5388019,-1.02393,0.1114439,0.240897,0.2259957,24,24,24,24,24,24,24,24,24,24,24,24,24,24,24,24
86,860,-286.9878,-288.4748,-291.0963,-9.868959,-282.1771,-284.2234,-261.6928,-88.52602,40.5053,77.53424,-29.79562,-215.5893,-332.3364,-305.5545,-300.8292,-282.6365,24,24,24,24,24,24,24,24,24,24,24,24,24,24,24,24,86,860,-287.7916,-278.3672,71.62766,-105.8707,0.1296722,-1.227225,-0.5223715,0.2607379,-0.2588292,0.001376554,-3.210623E-06,-1.347095,-0.2560408,0.3341712,-0.4817901,-0.2261049,24,24,24,24,24,24,24,24,24,24,24,24,24,24,24,24
87,870,-293.4802,-297.3007,-299.7121,-10.23436,-281.6943,-291.0111,-267.5621,-95.42234,38.15185,76.0574,-32.40651,-220.3801,-332.2174,-290.3965,-283.66,-295.653,24,24,24,24,24,24,24,24,24,24,24,24,24,24,24,24,87,870,-272.7441,-269.681,75.16321,-103.4179,-0.3956097,-0.245465,0.3917682,0.6518688,0.3882831,-0.2561635,-0.2627927,-2.568498E-05,0.3838653,8.026557E-05,0.3613451,-0.5651788,24,24,24,24,24,24,24,24,24,24,24,24,24,24,24,24
88,880,-274.2436,-283.3969,-278.2958,-9.99076,-271.0734,-284.5936,-266.031,-95.29693,37.28479,74.58056,-33.4746,-218.9933,-329.1228,-285.6223,-281.8715,-274.5615,24,24,24,24,24,24,24,24,24,24,24,24,24,24,24,24,88,880,-282.9549,-283.2368,73.98469,-106.258,-0.1329687,0.7362985,-0.7836247,0.3911149,0.3882831,-1.157555,-0.1313979,-0.6735597,-0.2560408,0.8909895,-0.2408942,-5.458059E-05,24,24,24,24,24,24,24,24,24,24,24,24,24,24,24,24
89,890,-286.1462,-286.903,-284.6961,-10.47796,-274.2114,-292.1218,-273.4313,-100.187,35.55067,75.31898,-32.05048,-219.8758,-332.9315,-285.503,-278.6523,-276.0078,24,24,24,24,24,24,24,24,24,24,24,24,24,24,24,24,89,890,-294.1062,-292.4495,74.77037,-104.7088,0.3923132,0.2454168,0.5223683,0.3911149,-0.7765164,0.5164568,-0.1313979,-0.1347338,0.3838653,-0.445376,0.3613451,0.452046,24,24,24,24,24,24,24,24,24,24,24,24,24,24,24,24
90,900,-290.5947,-287.3866,-283.096,-10.59976,-292.4359,-309.3996,-276.1107,-95.67309,39.01891,74.33438,-38.81505,-222.3973,-325.671,-272.6126,-274.4792,-282.2749,24,24,24,24,24,24,24,24,24,24,24,24,24,24,24,24,90,900,-294.778,-297.1874,73.46091,-106.258,-1.183533,-0.3681846,-0.2612275,-0.5215239,-0.9059398,0.1300952,-0.3941874,0.4040954,-0.8959484,-1.113558,1.605311E-06,-0.1130781,24,24,24,24,24,24,24,24,24,24,24,24,24,24,24,24
91,910,-288.5508,-284.6059,-287.1577,-9.747159,-296.4187,-311.2508,-276.7487,-90.90836,43.97355,78.02649,-38.10299,-224.7927,-331.5032,-293.4997,-295.1061,-290.2294,24,24,24,24,24,24,24,24,24,24,24,24,24,24,24,24,91,910,-318.8271,-320.219,73.59185,-106.6453,0.3923132,0.2454168,-0.7836247,0.2607379,0.2588629,-0.1274449,0.5255854,-0.4041468,0.1279032,-0.1112834,-0.2408942,-5.458059E-05,24,24,24,24,24,24,24,24,24,24,24,24,24,24,24,24
92,920,-301.1748,-301.7741,-306.6047,-9.381759,-299.1945,-300.6373,-271.9002,-92.03685,39.88597,76.05736,-34.89872,-217.4803,-324.0047,-282.2804,-283.3023,-306.6205,24,24,24,24,24,24,24,24,24,24,24,24,24,24,24,24,92,920,-303.7796,-301.1357,72.54428,-104.3215,-0.001648655,-1.104506,0.1305696,0.782249,-0.2588276,0.1300952,-0.9197664,-0.2694451,-0.1280589,0.2228076,-0.1204465,-0.7912291,24,24,24,24,24,24,24,24,24,24,24,24,24,24,24,24
93,930,-280.3752,-285.4522,-282.1113,-10.11256,-275.539,-282.8658,-262.4584,-90.03065,40.50531,76.91885,-30.74503,-211.933,-319.0056,-286.4578,-286.8792,-286.0111,24,24,24,24,24,24,24,24,24,24,24,24,24,24,24,24,93,930,-310.766,-304.4259,73.46091,-105.0961,-0.5269306,-0.1227453,0.1305696,0.1303609,0.1294411,-1.157607,-0.3941842,-3.050092E-05,0.255885,8.026557E-05,-0.361342,0.3390193,24,24,24,24,24,24,24,24,24,24,24,24,24,24,24,24
94,940,-287.589,-290.651,-295.1581,-9.381759,-283.0219,-287.4321,-264.4999,-90.40681,39.51438,76.91885,-32.99989,-223.2798,-344.0009,-308.2997,-300.8292,-287.6985,24,24,24,24,24,24,24,24,24,24,24,24,24,24,24,24,94,940,-293.4344,-296.6609,73.32996,-103.4179,-0.001648655,-0.3681846,-0.9142248,0.3911149,-1.294207,-0.9000664,-0.2627895,-0.134737,0.3838653,0.2227594,1.605311E-06,0.2259957,24,24,24,24,24,24,24,24,24,24,24,24,24,24,24,24
95,950,-305.2626,-310.6,-307.8355,-9.99076,-292.5565,-309.523,-279.4281,-100.0617,36.54159,76.67271,-34.30533,-229.4575,-352.0945,-303.8835,-295.2254,-291.9167,24,24,24,24,24,24,24,24,24,24,24,24,24,24,24,24,95,950,-285.1046,-287.7115,75.94888,-103.547,0.2609923,-0.1227453,0.6529668,-0.391147,0.3882863,0.7739463,-0.2627895,0.2693825,-0.6399847,-0.8908788,-0.4817901,-0.5651788,24,24,24,24,24,24,24,24,24,24,24,24,24,24,24,24
96,960,-299.7321,-295.9708,-290.3578,-10.11256,-287.8495,-302.4885,-274.452,-96.17464,38.39958,76.42657,-33.11856,-220.6322,-329.9559,-281.9223,-279.3677,-293.0014,24,24,24,24,24,24,24,24,24,24,24,24,24,24,24,24,96,960,-288.5978,-290.4753,74.37753,-104.8379,0.5236333,-0.3681846,-1.044823,0.5214918,0.2588629,-0.2562149,-0.1313915,0.134676,-0.5120044,3.050092E-05,0.1204493,-0.1130235,24,24,24,24,24,24,24,24,24,24,24,24,24,24,24,24
97,970,-283.2608,-280.9788,-277.9265,-9.62536,-279.7632,-294.5901,-271.7726,-94.29382,39.63824,77.53421,-33.71195,-219.3714,-329.1228,-282.2804,-278.0561,-278.4182,24,24,24,24,24,24,24,24,24,24,24,24,24,24,24,24,97,970,-291.5535,-295.3449,73.46091,-103.6761,0.5236333,-0.981786,-0.130629,0.2607379,-0.2588276,0.1300952,0.1313979,-0.5388581,0.5118471,0.3341231,-0.6022378,-1.130245,24,24,24,24,24,24,24,24,24,24,24,24,24,24,24,24
98,980,-289.0317,-285.3313,-284.2037,-10.35616,-288.8151,-302.6119,-272.5381,-93.66689,40.50531,75.44201,-35.13607,-217.7325,-318.2915,-271.4191,-271.1407,-281.4312,24,24,24,24,24,24,24,24,24,24,24,24,24,24,24,24,98,980,-287.2543,-284.8161,71.88955,-104.5797,-0.6582515,-2.247436E-05,-0.2612275,-0.130393,-0.1294041,-0.5137558,-0.7883716,-0.8082727,0.255885,-0.2226968,-0.6022378,-0.565121,24,24,24,24,24,24,24,24,24,24,24,24,24,24,24,24
99,990,-279.8943,-277.9562,-278.665,-10.35616,-295.3324,-313.8425,-281.7247,-96.67619,40.75304,76.18044,-37.39093,-219.7497,-322.6954,-285.6223,-292.8407,-280.9492,24,24,24,24,24,24,24,24,24,24,24,24,24,24,24,24,99,990,-296.5246,-292.4495,74.63943,-103.547,-0.1329687,0.2454168,-0.2612275,1.17338,0.3882863,-1.028836,0.3941906,0.2693825,-0.3840226,0.4454868,0.1204493,0.4521006,24,24,24,24,24,24,24,24,24,24,24,24,24,24,24,24
100,1000,-307.5469,-300.3233,-299.8351,-10.35616,-302.936,-306.3143,-275.8555,-94.66999,39.51438,76.05736,-32.88121,-214.5806,-323.7666,-289.561,-289.0254,-309.272,24,24,24,24,24,24,24,24,24,24,24,24,24,24,24,24,100,1000,-293.7032,-291.3966,74.63943,-103.8052,-0.5269306,-0.245465,0.2611697,-1.605311E-05,-0.2588276,0.5164054,0.3941906,-0.5388581,0.7678108,-0.8908788,-0.1204465,3.210623E-06,24,24,24,24,24,24,24,24,24,24,24,24,24,24,24,24
101,1010,-289.9936,-288.5957,-290.2347,-10.35616,-289.7806,-293.973,-264.4999,-89.02755,41.86783,76.3035,-31.9318,-212.8156,-315.6729,-281.6836,-281.3946,-294.3271,24,24,24,24,24,24,24,24,24,24,24,24,24,24,24,24,101,1010,-288.3291,-287.0535,76.21078,-103.6761,0.1296722,0.3681364,-0.3918276,-0.26077,0.3882863,0.001325184,-0.9197664,0.6735036,-0.6399847,0.6682141,-0.2408942,0.3390771,24,24,24,24,24,24,24,24,24,24,24,24,24,24,24,24
102,1020,-286.1463,-288.1121,-289.8655,-10.11256,-290.3841,-296.1944,-268.838,-91.66069,39.76211,76.18044,-33.59327,-215.7153,-322.3383,-283.4739,-281.8715,-287.8189,24,24,24,24,24,24,24,24,24,24,24,24,24,24,24,24,102,1020,-274.6251,-271.5236,75.94888,-104.4506,0.3923132,-0.8590117,-2.88956E-05,0.3911149,0.6471315,-0.3849858,-0.2627895,-0.8082727,-0.6399847,-0.1113332,-0.4817901,3.210623E-06,24,24,24,24,24,24,24,24,24,24,24,24,24,24,24,24
103,1030,-278.0909,-275.9008,-283.3421,-10.23436,-277.8321,-280.0273,-259.6514,-87.39751,41.86783,77.41113,-31.21974,-212.6895,-320.91,-292.0674,-290.6946,-284.8059,24,24,24,24,24,24,24,24,24,24,24,24,24,24,24,24,103,1030,-287.926,-290.4753,71.49671,-105.0961,-0.5269306,-0.8590117,0.1305696,-0.130393,-1.164785,-0.1274449,-0.6569737,-3.050092E-05,0.6398289,-0.2226968,-0.7226855,-0.9041948,24,24,24,24,24,24,24,24,24,24,24,24,24,24,24,24
104,1040,-290.5947,-292.2227,-297.3735,-10.72156,-287.3668,-296.3178,-269.9863,-96.55083,37.03706,74.82666,-32.52518,-223.2798,-344.0009,-303.7642,-295.583,-290.591,24,24,24,24,24,24,24,24,24,24,24,24,24,24,24,24,104,1040,-279.5962,-283.2368,73.46091,-104.4506,-0.1329687,-0.1226907,-0.130629,-1.605311E-05,0.5177081,-0.6425259,-0.3941842,0.4040906,-0.2560408,3.050092E-05,0.1204493,0.3390771,24,24,24,24,24,24,24,24,24,24,24,24,24,24,24,24
105,1050,-291.5565,-293.5527,-291.8348,-9.503559,-279.0391,-287.8023,-265.5206,-91.91148,40.00988,77.41113,-32.28783,-214.2024,-319.7198,-274.8804,-271.4984,-288.6626,24,24,24,24,24,24,24,24,24,24,24,24,24,24,24,24,105,1050,-280.2679,-278.8937,72.15144,-103.6761,-0.001648655,0.368191,-0.130629,0.3911149,-1.035365,-0.6425259,0.2627959,-0.134737,0.255885,-0.3340605,0.1204493,0.2260503,24,24,24,24,24,24,24,24,24,24,24,24,24,24,24,24
106,1060,-272.4402,-275.0545,-271.0339,-9.99076,-261.4181,-268.4265,-256.3341,-90.90839,38.39963,76.3035,-28.96488,-212.0591,-319.9579,-282.5191,-278.1754,-268.4148,24,24,24,24,24,24,24,24,24,24,24,24,24,24,24,24,106,1060,-287.926,-292.8443,74.50848,-104.0634,-0.1329687,2.88956E-05,0.6529668,-0.9126548,0.3882847,0.5164054,0.1313979,0.4040906,-7.866025E-05,-0.8908788,-0.8431336,-0.1130235,24,24,24,24,24,24,24,24,24,24,24,24,24,24,24,24
107,1070,-282.1787,-284.6059,-282.1113,-10.59976,-272.8838,-285.3341,-263.0964,-91.53533,39.51442,74.58051,-35.96681,-222.019,-328.8847,-287.6513,-282.8254,-276.9719,24,24,24,24,24,24,24,24,24,24,24,24,24,24,24,24,107,1070,-308.885,-303.6362,76.73457,-101.8687,-0.001648655,-0.4908496,-0.130629,-0.130393,0.1294395,-0.7712959,0.2627959,0.2693825,-0.2560408,-0.1113332,-0.2408942,3.210623E-06,24,24,24,24,24,24,24,24,24,24,24,24,24,24,24,24
108,1080,-286.5069,-297.7843,-290.4809,-9.868959,-283.1425,-297.9222,-273.3037,-94.41924,40.25762,79.62639,-35.25475,-225.0448,-340.3111,-293.261,-288.4292,-280.9492,24,24,24,24,24,24,24,24,24,24,24,24,24,24,24,24,108,1080,-289.4039,-283.7632,73.98469,-105.9998,0.1296722,-1.34989,0.5223683,0.2607379,-0.5176744,0.1300952,0.1313979,-1.077686,-7.866025E-05,-0.3340605,-1.324925,-0.4520974,24,24,24,24,24,24,24,24,24,24,24,24,24,24,24,24
109,1090,-298.5298,-294.0363,-293.4349,-10.35616,-295.3324,-311.004,-282.3627,-97.80471,39.39056,76.3035,-38.10299,-223.658,-328.0515,-281.2062,-284.6138,-288.7832,24,24,24,24,24,24,24,24,24,24,24,24,24,24,24,24,109,1090,-298.1368,-296.5293,74.11564,-103.1597,0.3923132,2.88956E-05,0.2611697,-1.605311E-05,0.9059751,-0.3849858,-0.2627895,0.8082117,0.255885,-0.2226968,1.605311E-06,-0.3390739,24,24,24,24,24,24,24,24,24,24,24,24,24,24,24,24
110,1100,-300.8141,-298.5097,-299.8351,-11.20876,-316.3328,-321.7409,-280.4488,-90.28145,43.10653,77.28806,-34.89872,-219.8757,-335.9072,-313.3126,-311.7984,-301.9201,24,24,24,24,24,24,24,24,24,24,24,24,24,24,24,24,110,1100,-286.9855,-293.3707,73.85375,-102.7724,-0.001648655,1.349951,-0.3918276,0.1303609,-0.776518,-0.5137558,-0.1313915,0.4040906,0.1279032,0.3341199,0.3613451,0.7911745,24,24,24,24,24,24,24,24,24,24,24,24,24,24,24,24
111,1110,-308.1481,-311.6881,-313.2511,-10.35616,-303.0567,-303.2289,-268.7104,-88.40064,41.37241,77.04192,-33.11856,-215.8414,-329.3608,-301.019,-301.3061,-313.8519,24,24,24,24,24,24,24,24,24,24,24,24,24,24,24,24,111,1110,-279.5962,-282.9736,73.59185,-103.9343,0.5236333,-0.36813,0.5223683,-1.56454,1.605311E-05,0.2588653,0.2627959,-0.134737,0.7678108,-0.556791,-0.4817901,-0.4520974,24,24,24,24,24,24,24,24,24,24,24,24,24,24,24,24
112,1120,-298.65,-301.7741,-305.7431,-9.99076,-293.8841,-300.3905,-269.8587,-92.66381,39.01896,76.91885,-33.59327,-227.1881,-349.7141,-309.2545,-301.7831,-301.0764,24,24,24,24,24,24,24,24,24,24,24,24,24,24,24,24,112,1120,-281.8801,-287.4483,76.07983,-102.6433,-0.7895716,-0.1226907,-0.130629,-1.605311E-05,0.5177065,0.1300952,0.1313979,-0.134737,-1.02393,-0.2226984,0.3613451,0.3390771,24,24,24,24,24,24,24,24,24,24,24,24,24,24,24,24
113,1130,-304.6614,-305.2803,-291.8348,-10.72156,-279.8839,-299.4032,-268.838,-90.65762,43.10653,79.50332,-32.40651,-224.6666,-339.2399,-288.1287,-281.9908,-293.1219,24,24,24,24,24,24,24,24,24,24,24,24,24,24,24,24,113,1130,-282.4175,-283.7632,75.55605,-104.4506,-0.001648655,-0.9817314,0.2611697,0.1303609,-0.6470962,0.1300952,0.1313979,-0.8082727,0.5118471,0.1113926,-0.6022378,-0.4520974,24,24,24,24,24,24,24,24,24,24,24,24,24,24,24,24
114,1140,-291.797,-291.6183,-285.3114,-9.747159,-280.4873,-296.8115,-272.6657,-95.17156,38.64736,79.74946,-33.59327,-224.6666,-339.0018,-281.9223,-282.3484,-277.213,24,24,24,24,24,24,24,24,24,24,24,24,24,24,24,24,114,1140,-286.1794,-284.1581,76.60362,-102.6433,-0.9208925,2.88956E-05,0.2611697,-1.605311E-05,0.5177065,-0.9000664,-0.5255789,-0.134737,0.1279032,-0.2226984,1.605311E-06,0.2260503,24,24,24,24,24,24,24,24,24,24,24,24,24,24,24,24
115,1150,-293.6004,-290.7719,-286.2961,-9.503559,-290.5047,-308.4123,-279.5557,-95.79851,40.62922,78.88797,-35.13607,-224.6666,-335.193,-284.19,-282.3484,-285.529,24,24,24,24,24,24,24,24,24,24,24,24,24,24,24,24,115,1150,-273.9533,-273.4977,75.03232,-102.9015,0.1296722,0.368191,-1.044823,0.3911149,-0.6470962,-1.028836,0.7883781,0.4040906,-0.3840226,2.88956E-05,0.240897,0.4521006,24,24,24,24,24,24,24,24,24,24,24,24,24,24,24,24
116,1160,-291.4363,-288.7166,-288.2654,-10.59976,-299.4359,-310.5103,-278.4073,-91.66072,43.10653,79.50332,-32.05048,-213.1938,-320.91,-290.7545,-291.6484,-293.2425,24,24,24,24,24,24,24,24,24,24,24,24,24,24,24,24,116,1160,-277.1778,-277.446,74.50853,-101.8687,0.9175951,-0.1226907,0.1305696,0.3911149,1.605311E-05,0.001325184,3.210623E-06,-3.050092E-05,-0.1280589,-0.6681547,-0.2408942,-0.3390739,24,24,24,24,24,24,24,24,24,24,24,24,24,24,24,24
117,1170,-294.0813,-286.903,-292.204,-9.747159,-297.5049,-300.6373,-270.3691,-89.7799,41.24854,76.05735,-34.30533,-211.5548,-316.2681,-285.7416,-289.6215,-300.9559,24,24,24,24,24,24,24,24,24,24,24,24,24,24,24,24,117,1170,-289.807,-284.6845,77.65124,-98.89951,-0.2642896,2.88956E-05,-0.3918276,-0.26077,0.1294395,0.001325184,-0.7883716,-0.6735646,-0.8959484,-0.1113348,0.6022406,0.4521006,24,24,24,24,24,24,24,24,24,24,24,24,24,24,24,24
118,1180,-291.797,-290.7719,-297.0042,-9.503559,-292.7979,-293.7262,-265.1378,-88.14987,41.99174,77.90341,-29.32091,-210.2941,-319.2437,-290.7545,-290.2177,-300.9559,24,24,24,24,24,24,24,24,24,24,24,24,24,24,24,24,118,1180,-275.2968,-272.4449,77.78219,-101.9978,-0.001648655,-1.718107,-0.130629,-1.605311E-05,0.3882847,-0.2562149,-0.5255789,-3.050092E-05,-7.866025E-05,0.4454835,-0.8431336,-0.7911713,24,24,24,24,24,24,24,24,24,24,24,24,24,24,24,24
119,1190,-274.484,-280.2534,-288.1424,-10.84336,-277.8322,-279.5337,-254.9305,-86.14367,41.86787,77.04192,-29.20223,-210.4201,-319.6008,-290.7545,-288.7869,-293.0014,24,24,24,24,24,24,24,24,24,24,24,24,24,24,24,24,119,1190,-280.5366,-282.842,77.78219,-99.67409,-1.052213,0.2454168,0.5223683,0.3911149,0.5177065,-0.5137558,-0.5255789,0.4040906,0.255885,2.88956E-05,1.605311E-06,-0.1130235,24,24,24,24,24,24,24,24,24,24,24,24,24,24,24,24
120,1200,-286.3867,-286.7821,-288.7577,-10.23436,-277.7115,-285.9512,-260.2894,-88.14987,40.87695,77.41113,-30.86371,-212.9416,-319.1247,-277.9836,-275.0754,-286.1316,24,24,24,24,24,24,24,24,24,24,24,24,24,24,24,24,120,1200,-276.7747,-283.6317,78.82976,-98.89951,-0.001648655,0.3681364,-0.6530262,0.6518688,-0.1294058,-1.672688,3.210623E-06,0.4040906,-0.5120044,0.3341199,-0.361342,3.210623E-06,24,24,24,24,24,24,24,24,24,24,24,24,24,24,24,24
121,1210,-265.2265,-272.032,-270.5416,-9.99076,-264.3147,-273.8567,-256.972,-91.40995,38.52349,75.44201,-28.72753,-215.211,-328.5276,-290.8739,-282.8254,-271.7894,24,24,24,24,24,24,24,24,24,24,24,24,24,24,24,24,121,1210,-272.4755,-272.7081,78.96071,-99.54498,0.1296722,0.1226972,0.2611697,-0.26077,1.605311E-05,0.001325184,0.5255854,-0.6735646,-0.1280589,-0.4454274,-0.361342,0.3390771,24,24,24,24,24,24,24,24,24,24,24,24,24,24,24,24
122,1220,-288.1901,-285.9358,-283.3422,-10.23436,-286.2806,-307.425,-277.897,-98.9332,37.65643,75.44205,-37.15358,-226.4317,-337.8116,-288.8449,-286.6407,-278.5387,24,24,24,24,24,24,24,24,24,24,24,24,24,24,24,24,122,1220,-270.0571,-277.8409,81.31775,-97.47945,-0.5269306,0.2454168,-0.6530262,-0.5215239,1.605311E-05,0.3876353,-0.3941842,0.6735036,-1.15191,0.1113926,0.240897,3.210623E-06,24,24,24,24,24,24,24,24,24,24,24,24,24,24,24,24
123,1230,-292.3981,-285.2104,-281.9883,-10.59976,-287.1254,-299.5266,-272.1553,-92.28765,41.74401,77.2881,-35.4921,-218.1107,-323.7666,-279.7739,-279.8446,-288.9037,24,24,24,24,24,24,24,24,24,24,24,24,24,24,24,24,123,1230,-282.0145,-282.5788,81.1868,-99.0286,0.3923132,-0.3681846,-0.6530262,-0.130393,-0.388251,-1.028836,-0.1313915,-0.5388581,0.1279032,0.1113926,-0.6022378,-0.2260471,24,24,24,24,24,24,24,24,24,24,24,24,24,24,24,24
124,1240,-280.0146,-279.1652,-278.4189,-10.23436,-282.5392,-292.3686,-264.7551,-88.65142,42.1156,76.18047,-33.71195,-212.1852,-313.7686,-275.9546,-274.9561,-285.8906,24,24,24,24,24,24,24,24,24,24,24,24,24,24,24,24,124,1240,-283.2237,-277.7092,81.44869,-97.09216,-0.1329687,-0.4909042,0.3917682,0.9126259,-0.776518,-0.6425259,-1.182556,0.2693825,-7.866025E-05,-0.2226984,0.1204493,-1.017222,24,24,24,24,24,24,24,24,24,24,24,24,24,24,24,24
125,1250,-280.3752,-280.1324,-286.4192,-10.11256,-289.5392,-292.8623,-264.1171,-85.76749,42.8588,79.13415,-29.67694,-210.0419,-323.8857,-301.8545,-301.9023,-283.6006,24,24,24,24,24,24,24,24,24,24,24,24,24,24,24,24,125,1250,-276.9091,-275.9983,81.57964,-99.41589,-0.2642896,0.2454168,0.1305696,-1.605311E-05,-0.1294058,-1.157607,0.2627959,-0.134737,-0.8958938,0.1113926,0.6022406,-0.1130235,24,24,24,24,24,24,24,24,24,24,24,24,24,24,24,24
126,1260,-294.442,-297.1798,-309.9279,-9.868959,-289.7806,-294.2198,-265.0103,-90.40685,40.75308,78.39574,-28.72753,-215.3371,-330.5511,-298.2739,-295.7023,-304.21,24,24,24,24,24,24,24,24,24,24,24,24,24,24,24,24,126,1260,-269.251,-267.4437,78.30598,-99.54498,0.1296722,-0.1227453,-0.2612275,-0.391147,-0.1294058,0.001325184,0.6569801,-0.5388581,0.5119017,0.1113942,0.240897,0.678151,24,24,24,24,24,24,24,24,24,24,24,24,24,24,24,24
127,1270,-288.7913,-297.0589,-294.4195,-10.59976,-275.4184,-283.4829,-259.0134,-89.02757,39.88602,74.8267,-32.64386,-217.4804,-329.2418,-295.0513,-290.3369,-294.5682,24,24,24,24,24,24,24,24,24,24,24,24,24,24,24,24,127,1270,-263.6082,-264.5483,80.27017,-97.99583,0.5236333,0.1226972,0.1305696,-0.130393,0.2588629,0.5164054,-0.6569737,0.5387971,-0.5119498,-0.8908788,-0.7226341,3.210623E-06,24,24,24,24,24,24,24,24,24,24,24,24,24,24,24,24
128,1280,-290.4744,-295.0035,-292.4502,-9.868959,-283.5047,-297.0583,-269.9863,-94.16846,38.89509,79.50336,-29.43959,-220.6322,-345.6672,-301.7351,-291.7677,-284.8059,24,24,24,24,24,24,24,24,24,24,24,24,24,24,24,24,128,1280,-286.7169,-282.0524,78.96071,-99.2868,0.1296722,-0.3681846,-1.044823,0.1303609,0.7765533,-0.2562149,0.7883781,-0.4041516,-0.2559878,0.6682141,5.297528E-05,0.5651274,24,24,24,24,24,24,24,24,24,24,24,24,24,24,24,24
129,1290,-300.9343,-297.5425,-288.2654,-9.99076,-287.4875,-311.2508,-281.2143,-101.0648,37.53257,76.67275,-31.9318,-223.0276,-339.835,-289.3223,-282.3484,-284.6854,24,24,24,24,24,24,24,24,24,24,24,24,24,24,24,24,129,1290,-269.251,-263.7586,79.61544,-98.25403,0.7862751,-0.8590663,-0.3918276,1.043003,0.2588629,-0.3849858,-0.5255789,-0.2694451,0.1279578,0.5568504,-0.2408428,-1.130245,24,24,24,24,24,24,24,24,24,24,24,24,24,24,24,24
130,1300,-296.4859,-291.3764,-284.4499,-10.72156,-288.453,-308.7825,-278.0245,-96.67622,38.39963,74.45749,-38.22167,-224.7927,-328.8847,-280.2513,-278.6523,-286.8548,24,24,24,24,24,24,24,24,24,24,24,24,24,24,24,24,130,1300,-273.2816,-272.5764,80.79396,-98.12492,-0.001648655,-0.4909042,0.1305696,-0.130393,0.5177065,-1.543917,-0.7883716,-3.050092E-05,-0.5119498,0.7795777,5.297528E-05,-0.1130235,24,24,24,24,24,24,24,24,24,24,24,24,24,24,24,24
131,1310,-286.9878,-281.946,-280.3882,-10.23436,-286.1599,-301.2543,-272.283,-89.7799,43.602,78.88801,-35.96681,-219.7497,-324.7188,-275.2385,-272.6908,-282.757,24,24,24,24,24,24,24,24,24,24,24,24,24,24,24,24,131,1310,-265.8922,-264.1534,81.97243,-98.25403,-0.001648655,0.6135757,-0.3918276,1.303757,-0.2588276,-0.7712959,0.1313979,0.6735036,-0.383968,0.1113942,0.4818442,-0.1130235,24,24,24,24,24,24,24,24,24,24,24,24,24,24,24,24
132,1320,-279.2932,-277.4726,-277.8034,-10.35616,-285.1944,-297.9222,-271.5174,-92.66381,41.99174,77.90345,-32.16915,-216.2196,-323.0525,-281.9223,-281.0369,-276.0078,24,24,24,24,24,24,24,24,24,24,24,24,24,24,24,24,132,1320,-260.115,-261.6529,81.97243,-96.70486,0.3923132,-0.245465,0.5223683,-0.9126548,1.605311E-05,-0.5137558,0.5255854,-3.050092E-05,-2.407967E-05,-0.5567878,-0.3612906,-0.1130235,24,24,24,24,24,24,24,24,24,24,24,24,24,24,24,24
133,1330,-288.0699,-286.2985,-287.7731,-10.47796,-290.3841,-296.8115,-267.3069,-91.91148,42.1156,78.1496,-26.59135,-204.6207,-309.9597,-271.8965,-274.4792,-288.6626,24,24,24,24,24,24,24,24,24,24,24,24,24,24,24,24,133,1330,-254.7409,-253.4931,81.71053,-96.83396,-0.1329687,0.2454168,-0.5224261,-0.26077,0.6471299,0.1300952,-0.2627895,-0.134737,-1.407821,-0.2226968,-0.2408428,1.017225,24,24,24,24,24,24,24,24,24,24,24,24,24,24,24,24
134,1340,-275.3257,-272.6365,-275.711,-10.84336,-271.5562,-274.5972,-254.8029,-84.51363,42.98267,79.25722,-26.47267,-201.4688,-303.2943,-271.5385,-272.9292,-275.7667,24,24,24,24,24,24,24,24,24,24,24,24,24,24,24,24,134,1340,-273.0128,-270.7339,80.92486,-97.22125,0.6549542,-0.981786,0.6529668,0.3911149,-0.776518,-0.5137558,3.210623E-06,-0.4041516,0.3839198,3.050092E-05,-0.3612906,-0.4520974,24,24,24,24,24,24,24,24,24,24,24,24,24,24,24,24
135,1350,-271.2379,-274.0873,-278.4189,-10.47796,-271.1941,-274.3504,-253.5271,-84.88979,43.35426,77.53424,-27.06605,-207.5204,-316.149,-285.6223,-282.8254,-277.213,24,24,24,24,24,24,24,24,24,24,24,24,24,24,24,24,135,1350,-276.2373,-273.1029,79.22255,-96.05939,-0.7895716,-0.245465,0.5224213,0.1303609,-0.388251,0.5164054,-1.182556,-0.5388581,-0.383968,-0.1113332,-0.2408428,-0.4520974,24,24,24,24,24,24,24,24,24,24,24,24,24,24,24,24
136,1360,-282.2989,-285.694,-285.6807,-10.47796,-269.263,-276.0782,-253.5271,-85.14055,43.602,80.98021,-25.76061,-209.2855,-320.672,-283.4739,-279.4869,-281.4312,24,24,24,24,24,24,24,24,24,24,24,24,24,24,24,24,136,1360,-272.6098,-274.5506,80.79391,-97.86674,-0.2642896,-0.245465,-0.1305744,0.3911149,1.605311E-05,-1.028836,0.5255854,-3.050092E-05,-0.7679119,0.2227594,5.297528E-05,3.210623E-06,24,24,24,24,24,24,24,24,24,24,24,24,24,24,24,24
137,1370,-276.7684,-283.3969,-280.7574,-10.59976,-265.1595,-276.8186,-256.7169,-88.90218,41.12463,79.7495,-23.98046,-207.6465,-321.0291,-280.8481,-274.1215,-270.9458,24,24,24,24,24,24,24,24,24,24,24,24,24,24,24,24,137,1370,-266.5639,-269.9442,82.10337,-95.6721,0.3923132,0.6135757,0.3918212,0.782249,-0.6470962,-0.3849858,0.2627959,-0.2694451,-0.2559878,-0.2226968,5.297528E-05,0.2260503,24,24,24,24,24,24,24,24,24,24,24,24,24,24,24,24
138,1380,-281.818,-290.4092,-284.2037,-10.84336,-272.7631,-288.9131,-266.2862,-93.41612,41.74397,81.34938,-27.54076,-219.1193,-334.8359,-285.503,-278.6523,-267.2096,24,24,24,24,24,24,24,24,24,24,24,24,24,24,24,24,138,1380,-268.5792,-272.1816,80.79391,-95.93028,-0.3956097,0.1226972,2.407967E-05,-0.7822779,0.3882847,0.001325184,0.2627959,0.5387971,-0.383968,-0.5567878,-0.1203951,-0.4520974,24,24,24,24,24,24,24,24,24,24,24,24,24,24,24,24
139,1390,-288.7913,-285.5731,-281.0036,-10.11256,-284.9529,-300.6373,-271.3898,-91.40992,44.22128,84.05693,-25.76061,-208.7812,-319.1247,-272.1353,-268.6369,-280.3466,24,24,24,24,24,24,24,24,24,24,24,24,24,24,24,24,139,1390,-265.3548,-272.8397,83.54378,-93.86475,-0.5269306,-0.1227453,-0.7835717,-0.6519009,-0.2588276,-0.7712959,0.1313979,-0.4041516,-0.6399317,-0.2226968,0.1205007,0.3390771,24,24,24,24,24,24,24,24,24,24,24,24,24,24,24,24
140,1400,-276.1673,-270.702,-266.726,-10.47796,-276.0218,-292.6155,-266.7965,-88.02446,45.83154,81.59553,-31.81312,-215.3371,-318.5295,-269.032,-267.4446,-273.4767,24,24,24,24,24,24,24,24,24,24,24,24,24,24,24,24,140,1400,-278.2526,-279.1569,83.02,-94.63932,0.3923132,-1.349945,0.3918212,0.1303609,-0.1294058,0.1300952,-0.1313915,-0.4041516,-0.1280059,-0.1113332,-0.7226341,-0.6781477,24,24,24,24,24,24,24,24,24,24,24,24,24,24,24,24
141,1410,-272.0795,-272.3947,-266.9722,-11.20876,-276.2632,-293.6028,-264.8827,-85.76749,48.06113,81.47246,-30.27032,-209.6637,-306.8651,-258.2901,-264.3446,-275.1641,24,24,24,24,24,24,24,24,24,24,24,24,24,24,24,24,141,1410,-274.222,-276.5247,83.80568,-93.21926,-1.183533,-2.247436E-05,0.2612227,-0.26077,0.3882847,-1.028836,-0.9197664,-0.2694451,0.7678108,-0.2226968,-0.7226341,0.2260503,24,24,24,24,24,24,24,24,24,24,24,24,24,24,24,24
142,1420,-271.839,-275.78,-277.8034,-10.11256,-284.7115,-294.8369,-264.3723,-84.38823,47.19407,83.07237,-28.60885,-207.1422,-313.4115,-279.5352,-281.1561,-282.1544,24,24,24,24,24,24,24,24,24,24,24,24,24,24,24,24,142,1420,-269.3853,-271.6552,84.32946,-93.60655,0.7862751,-0.245465,-0.391773,-1.605311E-05,-0.2588276,-0.9000664,0.1313979,0.134676,-0.8959484,0.2227562,0.7227401,-0.2260471,24,24,24,24,24,24,24,24,24,24,24,24,24,24,24,24
143,1430,-285.7856,-281.3415,-288.0193,-10.11256,-287.2461,-287.4321,-259.5239,-83.76128,45.70767,81.7186,-23.98046,-204.2425,-310.3169,-276.9094,-275.5523,-290.9526,24,24,24,24,24,24,24,24,24,24,24,24,24,24,24,24,143,1430,-272.4755,-265.8644,82.7581,-94.25203,0.9175951,-2.247436E-05,-0.391773,0.2607379,-0.5176744,-0.3849858,0.6569801,-0.8082727,0.1279032,0.6682109,0.6022406,0.2260503,24,24,24,24,24,24,24,24,24,24,24,24,24,24,24,24
144,1440,-271.7188,-272.032,-274.6033,-10.84336,-278.1942,-282.619,-255.3133,-81.00276,47.56567,82.82623,-24.92987,-203.1078,-307.6983,-276.6707,-275.0754,-278.2977,24,24,24,24,24,24,24,24,24,24,24,24,24,24,24,24,144,1440,-297.7338,-290.6069,81.18674,-93.73565,-0.6582515,0.2454168,-0.1305744,-0.9126548,1.605311E-05,-0.1274449,-0.6569737,0.4040906,-0.7679665,-0.2226984,-0.1204465,-0.1130235,24,24,24,24,24,24,24,24,24,24,24,24,24,24,24,24
145,1450,-276.2875,-274.0873,-275.4649,-9.990759,-267.5733,-268.0563,-250.4649,-80.75198,46.6986,83.44158,-23.26839,-200.082,-300.3188,-262.7062,-261.6023,-276.4898,24,24,24,24,24,24,24,24,24,24,24,24,24,24,24,24,145,1450,-277.0434,-276.2615,84.85325,-91.54101,0.6549542,0.3681364,-0.391773,-0.130393,0.3882847,-0.2562149,0.5255854,-0.134737,0.255885,0.2227562,0.3613451,-0.3390739,24,24,24,24,24,24,24,24,24,24,24,24,24,24,24,24
146,1460,-260.778,-263.6896,-265.249,-9.990759,-264.5561,-269.6607,-249.4441,-80.37582,48.06113,82.82623,-23.50575,-202.9817,-304.6036,-272.9707,-271.1407,-264.076,24,24,24,24,24,24,24,24,24,24,24,24,24,24,24,24,146,1460,-276.7747,-281.6576,83.28189,-92.44468,0.5236333,-0.981786,-0.391773,0.3911149,-0.776518,-0.1274449,-0.1313915,-0.134737,-0.1280589,0.2227562,-0.7226855,-1.243272,24,24,24,24,24,24,24,24,24,24,24,24,24,24,24,24
147,1470,-274.8448,-276.5054,-278.5419,-10.72156,-271.9183,-277.0655,-253.9098,-83.51051,47.0702,82.21088,-26.94737,-212.3113,-321.9813,-282.5191,-279.7254,-275.4051,24,24,24,24,24,24,24,24,24,24,24,24,24,24,24,24,147,1470,-277.5808,-280.3415,86.16277,-91.41191,-0.5269306,-2.247436E-05,0.1306226,0.1303609,0.6471299,-0.2562149,-0.9197664,0.4040906,-0.1280589,-0.2226984,0.7226887,-0.4520974,24,24,24,24,24,24,24,24,24,24,24,24,24,24,24,24
148,1480,-277.8505,-278.9234,-278.9112,-10.59976,-275.0562,-286.0746,-260.2894,-84.76439,47.93726,84.91842,-23.98046,-207.6465,-312.8164,-272.1353,-268.7562,-274.923,24,24,24,24,24,24,24,24,24,24,24,24,24,24,24,24,148,1480,-264.8173,-264.0219,83.67478,-92.31559,0.6549542,0.2454168,-1.04477,-0.26077,-0.9059414,-0.7712959,-0.2627895,0.134676,0.3838653,0.3341199,0.6022406,-0.1130235,24,24,24,24,24,24,24,24,24,24,24,24,24,24,24,24
149,1490,-270.5165,-272.5156,-269.8031,-10.47796,-264.7974,-272.9928,-253.2719,-83.00896,49.05206,83.56465,-25.52325,-207.6465,-308.5315,-267.8385,-265.06,-267.6917,24,24,24,24,24,24,24,24,24,24,24,24,24,24,24,24,149,1490,-277.0434,-277.5776,84.59141,-92.18649,0.2609409,0.1226972,0.6530198,-0.6519009,0.3882847,0.5164054,-0.5255789,0.5387971,0.1279032,-0.890882,-0.1204465,-0.3390739,24,24,24,24,24,24,24,24,24,24,24,24,24,24,24,24
150,1500,-267.0299,-265.745,-264.6336,-10.23436,-262.1422,-270.1543,-250.5924,-81.25353,47.93726,83.19544,-26.11664,-204.9989,-306.0319,-264.974,-264.8215,-265.4018,24,24,24,24,24,24,24,24,24,24,24,24,24,24,24,24,150,1500,-281.3427,-280.6047,82.75816,-92.70288,-1.183585,0.2454714,-0.6529716,-1.043032,1.605311E-05,0.1300952,3.210623E-06,0.6735036,-0.8959484,2.88956E-05,-0.6022378,0.7911745,24,24,24,24,24,24,24,24,24,24,24,24,24,24,24,24
151,1510,-261.1387,-255.9518,-259.8334,-10.72156,-259.0042,-266.6988,-250.2097,-81.75508,47.8134,85.04149,-20.53883,-199.7038,-301.271,-257.574,-254.21,-263.9555,24,24,24,24,24,24,24,24,24,24,24,24,24,24,24,24,151,1510,-277.1778,-274.5507,84.46046,-90.37914,0.6549028,-0.4908496,0.1305696,0.1303609,0.2588629,0.001325184,-0.2627895,0.134676,-0.3840226,0.4454835,1.605311E-06,-0.3390739,24,24,24,24,24,24,24,24,24,24,24,24,24,24,24,24
152,1520,-257.5319,-256.9191,-257.6179,-10.72156,-252.0041,-258.9237,-242.0438,-78.11887,48.30886,81.47246,-24.69252,-198.8212,-292.4631,-259.4836,-258.2639,-254.0726,24,24,24,24,24,24,24,24,24,24,24,24,24,24,24,24,152,1520,-264.9517,-261.6529,85.37708,-90.76643,0.5235819,2.88956E-05,0.7835669,0.5214918,0.1294395,-0.3849858,-0.7883716,-3.050092E-05,0.255885,-0.2226984,0.1204493,-0.7911713,24,24,24,24,24,24,24,24,24,24,24,24,24,24,24,24
153,1530,-264.6253,-266.2286,-266.3568,-10.72156,-262.5043,-267.1924,-248.4234,-80.37583,47.93726,84.67228,-21.84427,-202.7296,-312.5783,-276.432,-273.4062,-263.4734,24,24,24,24,24,24,24,24,24,24,24,24,24,24,24,24,153,1530,-269.654,-254.4144,86.03181,-91.6701,-0.3956611,0.2454714,0.1305696,0.5214918,-0.5176712,-1.543917,0.1313979,0.8082117,-0.5120044,0.7795745,0.240897,-0.4520974,24,24,24,24,24,24,24,24,24,24,24,24,24,24,24,24
154,1540,-274.3639,-276.2635,-275.9572,-10.23436,-267.0906,-276.942,-251.9959,-80.62661,49.54751,87.25674,-20.1828,-207.5204,-323.8857,-286.6965,-279.8446,-270.7047,24,24,24,24,24,24,24,24,24,24,24,24,24,24,24,24,154,1540,-265.6234,-266.1277,84.72235,-92.31559,-0.1330201,0.2454714,-0.2612275,-0.2607732,-1.035362,-0.5137045,0.2627959,-0.6735646,0.1279032,-0.556791,0.3613451,0.1130268,24,24,24,24,24,24,24,24,24,24,24,24,24,24,24,24
155,1550,-286.7474,-286.903,-278.4189,-10.72156,-269.263,-289.9004,-260.1618,-85.51672,46.327,83.93385,-26.71002,-217.1021,-329.956,-274.761,-268.5177,-274.8025,24,24,24,24,24,24,24,24,24,24,24,24,24,24,24,24,155,1550,-274.3564,-272.1817,85.90087,-91.9283,0.3922618,-0.1226907,0.6529668,-0.782281,0.9059767,0.9027677,-0.3941842,0.4040906,-0.5120044,-0.3340637,-0.4817901,0.1130268,24,24,24,24,24,24,24,24,24,24,24,24,24,24,24,24
156,1560,-279.8943,-275.0545,-265.7414,-10.47796,-264.5561,-279.9039,-257.4824,-81.62971,50.29071,86.88753,-26.47267,-212.4373,-319.4818,-267.5998,-263.2715,-266.2454,24,24,24,24,24,24,24,24,24,24,24,24,24,24,24,24,156,1560,-267.7731,-268.6282,83.02004,-94.12294,0.7862237,-0.7362921,-1.044823,-0.2607732,0.2588629,-0.9000146,0.2627959,-0.6735597,-0.5120044,0.2227562,0.1204493,3.210623E-06,24,24,24,24,24,24,24,24,24,24,24,24,24,24,24,24
157,1570,-277.4898,-275.2963,-272.7571,-9.747159,-274.8149,-287.4321,-259.3962,-81.62971,50.53844,86.76446,-25.04855,-209.1594,-310.1978,-260.5579,-257.9062,-267.9327,24,24,24,24,24,24,24,24,24,24,24,24,24,24,24,24,157,1570,-276.6404,-282.3156,83.41288,-91.7992,-0.789623,-0.9817314,0.3917682,0.5214918,-0.1294041,0.5164568,3.210623E-06,-0.6735597,-0.3839712,-0.556791,-0.6022378,-0.9041948,24,24,24,24,24,24,24,24,24,24,24,24,24,24,24,24
158,1580,-266.549,-263.4478,-265.3721,-11.20876,-277.7115,-294.0964,-261.8205,-80.87738,52.39642,87.13367,-23.74311,-203.7382,-301.628,-260.0804,-263.2715,-263.4734,24,24,24,24,24,24,24,24,24,24,24,24,24,24,24,24,158,1580,-270.0571,-272.4449,84.59141,-92.05739,-0.6583028,-0.2454104,0.2611697,-0.1303962,0.2588629,-0.7712445,-0.5255789,-0.2694403,-2.729029E-05,-0.7794669,1.605311E-06,-0.6781477,24,24,24,24,24,24,24,24,24,24,24,24,24,24,24,24
159,1590,-277.3696,-266.7122,-276.4495,-10.23436,-284.4702,-292.2452,-259.5239,-79.49812,51.65323,87.25674,-22.91237,-200.5863,-301.628,-263.8998,-265.7755,-277.0924,24,24,24,24,24,24,24,24,24,24,24,24,24,24,24,24,159,1590,-257.6966,-259.942,84.59141,-93.21926,0.6549028,1.227232,-0.3918276,0.3911116,1.765843E-05,-0.3849344,0.1313979,0.2693873,0.2559364,0.3341712,0.7226887,0.2260503,24,24,24,24,24,24,24,24,24,24,24,24,24,24,24,24
160,1600,-264.1444,-262.6015,-270.7878,-10.84336,-279.7632,-285.2107,-256.972,-82.00588,50.16684,84.91841,-21.96296,-199.8298,-302.6992,-266.5255,-266.61,-274.9231,24,24,24,24,24,24,24,24,24,24,24,24,24,24,24,24,160,1600,-263.4738,-262.3109,83.80573,-92.96107,0.1296209,-0.4908496,0.2611697,-1.69492,0.1294411,0.3876867,-0.3941842,-0.1347338,-2.729029E-05,-0.5567396,-1.445372,0.4521006,24,24,24,24,24,24,24,24,24,24,24,24,24,24,24,24
161,1610,-265.4669,-265.745,-267.3414,-9.99076,-265.6423,-271.3884,-249.9545,-79.37273,50.04297,85.04148,-20.77619,-196.9301,-297.1051,-262.7062,-265.537,-269.379,24,24,24,24,24,24,24,24,24,24,24,24,24,24,24,24,161,1610,-282.1488,-279.0254,84.32951,-92.44468,-1.052264,2.88956E-05,0.1305696,-0.5215271,-0.1294041,0.001376554,0.2627959,-0.1347338,-1.023879,0.1114439,0.240897,0.4521006,24,24,24,24,24,24,24,24,24,24,24,24,24,24,24,24
162,1620,-263.3028,-266.7122,-271.7724,-10.84336,-273.1252,-277.1888,-251.7408,-77.36654,50.6623,85.04148,-21.96296,-202.0992,-311.5071,-288.0094,-284.9716,-269.7406,24,24,24,24,24,24,24,24,24,24,24,24,24,24,24,24,162,1620,-269.251,-271.392,83.41288,-94.76842,0.5235819,-1.34989,0.2611697,0.5214918,-0.2588276,-0.5137045,-0.5255789,-0.4041468,-2.729029E-05,-0.3340123,-0.9635809,-1.017222,24,24,24,24,24,24,24,24,24,24,24,24,24,24,24,24
163,1630,-285.3046,-293.4318,-294.7888,-10.84336,-275.0562,-282.9893,-253.9098,-82.38203,48.68045,86.27217,-20.18281,-213.1938,-336.3833,-296.8416,-285.2101,-286.3727,24,24,24,24,24,24,24,24,24,24,24,24,24,24,24,24,163,1630,-262.399,-260.4684,82.10342,-93.86475,-0.001700025,0.4909106,0.5223683,-0.5215271,0.2588629,-0.9000146,-0.2627895,0.8082148,-2.729029E-05,0.2228076,1.605311E-06,-0.565121,24,24,24,24,24,24,24,24,24,24,24,24,24,24,24,24
164,1640,-275.6863,-291.7391,-279.5266,-10.84336,-264.9182,-280.3976,-255.8237,-80.75201,50.41457,88.48744,-21.13222,-208.7812,-323.0525,-275.8352,-271.737,-278.6593,24,24,24,24,24,24,24,24,24,24,24,24,24,24,24,24,164,1640,-269.9227,-266.5225,82.36532,-95.67209,-0.001700025,0.368191,-2.88956E-05,0.1303577,-0.2588276,-0.7712445,-0.3941842,0.5388019,-0.3839712,8.026557E-05,0.9635841,0.3390771,24,24,24,24,24,24,24,24,24,24,24,24,24,24,24,24
165,1650,-278.2111,-274.8127,-269.3108,-10.59976,-275.7804,-299.65,-267.8173,-86.7706,49.29978,87.99516,-25.40458,-213.4459,-325.671,-274.0449,-271.8562,-271.0663,24,24,24,24,24,24,24,24,24,24,24,24,24,24,24,24,165,1650,-269.1166,-269.2863,82.75816,-93.99383,0.1296209,0.2454714,0.2611697,-0.1303962,-0.5176712,0.001376554,0.2627959,-0.1347338,0.3839166,-0.445376,1.605311E-06,0.4521006,24,24,24,24,24,24,24,24,24,24,24,24,24,24,24,24
166,1660,-290.8351,-285.4522,-281.619,-10.72156,-287.0047,-301.2544,-262.586,-79.99968,53.26348,89.10279,-21.7256,-203.6121,-307.6983,-265.9288,-265.1793,-283.6007,24,24,24,24,24,24,24,24,24,24,24,24,24,24,24,24,166,1660,-270.1914,-271.2604,84.19857,-94.89751,0.1296209,0.1227517,-0.2612275,-0.3911502,-0.1294041,-0.3849344,-0.7883716,0.1346808,-1.151859,-0.2226471,0.3613451,-0.1130235,24,24,24,24,24,24,24,24,24,24,24,24,24,24,24,24
167,1670,-263.1826,-261.5134,-260.9412,-10.35616,-266.3664,-269.6607,-248.1682,-73.85569,52.89189,87.37981,-21.13222,-196.678,-299.1285,-263.0643,-264.1062,-269.4995,24,24,24,24,24,24,24,24,24,24,24,24,24,24,24,24,167,1670,-266.0265,-267.1805,83.41288,-94.25203,0.5235819,-0.9817314,0.2611697,0.9126227,1.765843E-05,0.001376554,3.210623E-06,-1.347095,0.5118985,0.1114439,1.605311E-06,-0.3390739,24,24,24,24,24,24,24,24,24,24,24,24,24,24,24,24
168,1680,-270.3963,-265.745,-274.6033,-10.11256,-277.3494,-276.2016,-247.6579,-72.7272,54.37828,88.61051,-18.64001,-193.5261,-298.4143,-274.6417,-275.5524,-274.1999,24,24,24,24,24,24,24,24,24,24,24,24,24,24,24,24,168,1680,-260.3837,-261.7845,82.23437,-95.0266,-0.6583028,-0.8590117,1.044765,0.1303577,0.1294411,-0.3849344,-1.313954,-0.5388532,0.5118985,8.026557E-05,-0.1204465,-0.4520974,24,24,24,24,24,24,24,24,24,24,24,24,24,24,24,24
169,1690,-272.6806,-275.2963,-283.4652,-10.47796,-270.2285,-267.9329,-244.9785,-77.99347,50.16684,86.51832,-17.33456,-197.3083,-310.4359,-280.0126,-276.9831,-282.516,24,24,24,24,24,24,24,24,24,24,24,24,24,24,24,24,169,1690,-277.1778,-277.446,81.44869,-97.99582,0.1296209,0.1227517,0.2611697,-1.926374E-05,0.1294411,-1.286326,3.210623E-06,-0.1347338,-0.2559894,0.1114439,0.4817929,3.210623E-06,24,24,24,24,24,24,24,24,24,24,24,24,24,24,24,24
170,1700,-273.2817,-272.7574,-271.4032,-10.59976,-265.0388,-271.8821,-245.9992,-74.35723,51.90096,87.0106,-20.06413,-198.443,-303.7705,-266.5255,-266.3716,-274.3205,24,24,24,24,24,24,24,24,24,24,24,24,24,24,24,24,170,1700,-259.4432,-262.8374,81.1868,-94.76841,0.3922618,0.2454714,0.5223683,-0.5215271,-0.5176712,0.5164054,1.182562,-0.2694403,0.5118985,-0.1112834,-0.2408942,0.3390771,24,24,24,24,24,24,24,24,24,24,24,24,24,24,24,24
171,1710,-265.1062,-267.3167,-266.726,-10.47796,-254.78,-259.7877,-238.854,-72.97797,52.89189,85.77989,-18.87736,-200.4602,-304.2466,-275.9546,-271.3793,-265.1607,24,24,24,24,24,24,24,24,24,24,24,24,24,24,24,24,171,1710,-262.1302,-263.7587,83.80573,-95.93027,-0.264341,-0.36813,-2.88956E-05,-0.912658,-0.5176712,0.001325184,-0.1313915,0.2693873,-0.895897,-0.6681033,0.4817929,0.1130268,24,24,24,24,24,24,24,24,24,24,24,24,24,24,24,24
172,1720,-274.0031,-276.989,-273.3725,-10.59976,-258.0387,-263.8603,-240.13,-72.60181,53.88282,87.50288,-18.87736,-196.0476,-294.6056,-257.3353,-259.9331,-269.4995,24,24,24,24,24,24,24,24,24,24,24,24,24,24,24,24,172,1720,-256.6218,-255.3357,84.85329,-97.22124,0.2609409,-0.36813,-0.7836247,0.3911116,0.3882863,-0.3849858,0.7883781,-0.2694419,-0.3839712,-0.1112834,0.240897,3.210623E-06,24,24,24,24,24,24,24,24,24,24,24,24,24,24,24,24
173,1730,-264.505,-267.9213,-266.9722,-10.59976,-257.5559,-262.7495,-244.3405,-76.7396,52.14869,88.73358,-17.09721,-197.8126,-304.9608,-268.674,-263.6293,-260.4604,24,24,24,24,24,24,24,24,24,24,24,24,24,24,24,24,173,1730,-279.8648,-277.0512,82.10342,-96.44667,0.5235819,-1.227171,-0.5224261,-1.926374E-05,-0.1294041,0.001325184,-0.6569737,-2.88956E-05,0.1279513,0.3341712,-1.56582,-0.6781477,24,24,24,24,24,24,24,24,24,24,24,24,24,24,24,24
174,1740,-264.6253,-276.8681,-275.3418,-10.35616,-267.8147,-282.7424,-255.3133,-84.38823,48.06112,85.90296,-18.52133,-204.4946,-316.8633,-275.4772,-268.2793,-262.6298,24,24,24,24,24,24,24,24,24,24,24,24,24,24,24,24,174,1740,-269.654,-269.2863,82.75816,-98.7704,-0.789623,-0.1226907,0.6529668,0.1303577,0.6471315,-0.9000664,-0.2627895,-2.88956E-05,-0.1280107,-0.445376,-0.2408942,0.3390771,24,24,24,24,24,24,24,24,24,24,24,24,24,24,24,24
175,1750,-277.0088,-278.0771,-272.2647,-10.84336,-264.5561,-279.4103,-253.3994,-82.38203,49.67138,87.50288,-20.77618,-205.2511,-316.8633,-270.703,-265.4177,-266.0044,24,24,24,24,24,24,24,24,24,24,24,24,24,24,24,24,175,1750,-283.358,-282.7104,80.66301,-97.86673,-0.264341,0.8590727,-0.2612275,0.6518688,-0.3882494,0.001325184,0.5255854,-2.88956E-05,-2.88956E-05,0.1114439,0.4817929,0.7911745,24,24,24,24,24,24,24,24,24,24,24,24,24,24,24,24
176,1760,-280.8561,-275.9008,-271.5262,-10.84336,-277.9529,-300.3905,-268.838,-87.52293,49.29978,85.77989,-26.35399,-211.5548,-318.5296,-263.0643,-261.1254,-263.2324,24,24,24,24,24,24,24,24,24,24,24,24,24,24,24,24,176,1760,-279.7305,-278.3673,81.84153,-97.73763,1.048865,0.1227517,0.6529668,-1.173412,-0.1294041,0.2588653,-0.2627895,-2.88956E-05,-0.6399365,-0.5567396,-0.4817896,0.1130268,24,24,24,24,24,24,24,24,24,24,24,24,24,24,24,24
177,1770,-274.6043,-270.4602,-267.0953,-11.57416,-277.5908,-291.3813,-257.8651,-79.24734,52.52029,85.41069,-25.16722,-206.89,-310.793,-266.8837,-264.8215,-270.3432,24,24,24,24,24,24,24,24,24,24,24,24,24,24,24,24,177,1770,-291.6878,-290.0805,80.9249,-98.12492,0.1296209,0.4909106,-0.3918276,-0.912658,0.3882863,0.2588653,3.210623E-06,0.2693857,-0.3839728,-0.2226471,-0.1204465,0.4521006,24,24,24,24,24,24,24,24,24,24,24,24,24,24,24,24
178,1780,-265.7074,-260.7125,-261.3104,-10.72156,-258.2801,-267.4392,-246.5095,-76.11266,51.52937,86.02603,-23.03104,-200.2081,-299.7237,-257.4547,-258.5023,-269.2585,24,24,24,24,24,24,24,24,24,24,24,24,24,24,24,24,178,1780,-281.074,-282.842,81.44869,-98.8995,0.2609409,-0.6135693,-0.5224261,0.1303577,0.1294411,-1.028836,3.210623E-06,-0.4041484,-2.88956E-05,0.5568985,-0.4817896,-0.4520974,24,24,24,24,24,24,24,24,24,24,24,24,24,24,24,24
179,1790,-264.3849,-264.4612,-267.3414,-11.20876,-269.0217,-277.5591,-250.3373,-77.36653,52.14869,86.64139,-21.01354,-197.0562,-298.6524,-262.2288,-261.7215,-263.1118,24,24,24,24,24,24,24,24,24,24,24,24,24,24,24,24,179,1790,-287.7916,-290.0805,80.53207,-100.1905,-1.183585,-0.2454104,-2.88956E-05,0.1303577,-0.1294041,-0.5137558,-1.051161,0.4040922,0.1279513,-0.2226471,-0.361342,-0.565121,24,24,24,24,24,24,24,24,24,24,24,24,24,24,24,24
180,1800,-269.7952,-269.7818,-271.8955,-10.84336,-269.7458,-275.4611,-249.4441,-78.49502,49.29978,84.17999,-21.7256,-198.9473,-305.6749,-273.9256,-270.9023,-269.4995,24,24,24,24,24,24,24,24,24,24,24,24,24,24,24,24,180,1800,-276.1029,-278.2357,81.84153,-98.64131,-0.001700025,2.88956E-05,-0.2612275,0.7822458,0.6471315,-0.5137558,0.1313979,0.8082133,-0.2559926,0.4455349,0.1204493,0.4521006,24,24,24,24,24,24,24,24,24,24,24,24,24,24,24,24
181,1810,-265.8276,-269.1772,-269.3108,-10.47796,-261.056,-262.7495,-241.4059,-72.7272,52.52029,86.88753,-20.89486,-196.1737,-298.5334,-264.974,-264.9408,-269.8611,24,24,24,24,24,24,24,24,24,24,24,24,24,24,24,24,181,1810,-291.1505,-284.5529,81.71059,-100.9651,-0.3956611,0.2454714,-0.130629,-0.782281,-1.294207,-0.1274449,0.1313979,-0.4041484,0.5118968,-0.1112834,1.605311E-06,0.5651274,24,24,24,24,24,24,24,24,24,24,24,24,24,24,24,24
182,1820,-261.7398,-259.2614,-263.1566,-10.35616,-256.1076,-259.0472,-243.1922,-77.86808,50.16684,86.51832,-14.72367,-192.3914,-299.0095,-266.0482,-261.6023,-265.8839,24,24,24,24,24,24,24,24,24,24,24,24,24,24,24,24,182,1820,-290.8817,-292.0547,82.10342,-100.1905,-0.789623,0.2454714,0.9141654,-1.173412,1.765843E-05,0.7739463,0.3941906,0.8082133,0.1279513,-0.445376,-0.6022373,0.5651274,24,24,24,24,24,24,24,24,24,24,24,24,24,24,24,24
183,1830,-260.2971,-263.131,-263.2797,-11.33056,-253.8145,-260.8983,-242.299,-78.7458,48.18499,84.42612,-21.13222,-204.2425,-314.3637,-279.1772,-271.7369,-259.0141,24,24,24,24,24,24,24,24,24,24,24,24,24,24,24,24,183,1830,-293.5688,-293.3708,80.00828,-102.7724,0.2609409,-0.36813,-0.3918276,-1.926374E-05,0.6471315,-0.2562149,0.2627959,-0.5388564,0.1279513,8.026557E-05,-0.7226855,-0.1130235,24,24,24,24,24,24,24,24,24,24,24,24,24,24,24,24
184,1840,-275.3257,-276.6745,-270.6647,-10.11256,-261.2974,-275.4611,-254.0374,-81.88049,48.80432,86.51832,-23.86178,-208.4029,-321.7433,-275.3578,-267.9215,-263.7144,24,24,24,24,24,24,24,24,24,24,24,24,24,24,24,24,184,1840,-280.4022,-285.6058,78.04408,-101.4814,-0.001700025,-0.7362921,0.6529668,0.9126195,0.3882863,0.5164054,-1.313954,0.1346792,0.2559332,8.026557E-05,-0.8431332,-0.2260471,24,24,24,24,24,24,24,24,24,24,24,24,24,24,24,24
185,1850,-272.5604,-273.6514,-267.7107,-10.11256,-265.2802,-281.5083,-257.3548,-83.88668,47.56566,84.79533,-23.7431,-208.0247,-315.4349,-268.674,-263.2715,-263.3529,24,24,24,24,24,24,24,24,24,24,24,24,24,24,24,24,185,1850,-277.9839,-283.2368,78.96071,-101.9978,-1.052264,-0.4908496,0.2611697,-0.1303994,1.164822,-0.9000664,0.2627959,0.8082133,0.1279513,-0.445376,-0.6022373,0.2260503,24,24,24,24,24,24,24,24,24,24,24,24,24,24,24,24
186,1860,-273.1616,-270.5074,-263.4028,-10.96516,-262.5043,-273.7333,-252.5063,-80.50122,49.05205,84.91841,-24.09913,-206.1336,-309.2456,-262.5869,-257.31,-262.7503,24,24,24,24,24,24,24,24,24,24,24,24,24,24,24,24,186,1860,-268.4448,-274.0242,78.96071,-102.3851,0.3922618,0.9817924,-0.2612275,0.5214886,-0.9059398,-0.7712445,0.2627959,0.4040922,-0.3839728,0.2228076,0.9635841,0.2260503,24,24,24,24,24,24,24,24,24,24,24,24,24,24,24,24
187,1870,-256.2094,-259.3823,-255.2794,-10.23436,-255.2628,-268.9202,-251.9959,-82.25665,47.44179,84.67226,-23.98046,-209.2855,-317.3393,-266.4063,-262.7946,-255.1573,24,24,24,24,24,24,24,24,24,24,24,24,24,24,24,24,187,1870,-277.0434,-280.6047,78.96071,-101.2232,0.6549028,-0.7362921,-0.130629,-0.7822843,0.3882863,0.001376554,0.6569801,0.1346792,-0.3839728,-1.113558,-0.9635809,-0.4520974,24,24,24,24,24,24,24,24,24,24,24,24,24,24,24,24
188,1880,-277.8505,-271.2329,-271.5262,-10.23436,-281.6943,-300.1436,-266.2862,-86.26905,46.6986,82.21086,-28.60885,-211.5548,-312.4593,-266.7643,-266.0139,-267.8122,24,24,24,24,24,24,24,24,24,24,24,24,24,24,24,24,188,1880,-278.5213,-279.6834,79.87733,-101.7396,-0.5269819,2.88956E-05,-0.2612275,0.3911116,-0.1294041,0.001376554,-0.2627895,0.5387987,-0.7679183,0.2228076,0.240897,0.1130268,24,24,24,24,24,24,24,24,24,24,24,24,24,24,24,24
189,1890,-268.3524,-266.0331,-262.7874,-10.35616,-265.2802,-273.7333,-250.9752,-78.99657,50.16684,84.42612,-23.50575,-199.8299,-299.2475,-258.0514,-259.3369,-269.9816,24,24,24,24,24,24,24,24,24,24,24,24,24,24,24,24,189,1890,-276.506,-277.446,79.61544,-103.6761,0.5235819,-1.104451,-0.2612275,0.2607347,0.5177081,0.3876867,0.5255854,-0.8082694,0.2559364,-0.1112834,-0.9635809,-0.565121,24,24,24,24,24,24,24,24,24,24,24,24,24,24,24,24
190,1900,-265.3467,-263.7356,-264.2644,-10.35616,-266.2457,-272.4992,-250.4649,-79.37273,49.17591,85.28762,-21.48825,-198.317,-298.0573,-256.1417,-254.5677,-264.5581,24,24,24,24,24,24,24,24,24,24,24,24,24,24,24,24,190,1900,-287.6573,-286.9219,77.12746,-101.4814,-0.5269819,-0.1226907,0.3917682,0.6518655,-0.2588276,0.001376554,-1.182556,-0.4041484,0.6398803,8.026557E-05,1.605311E-06,3.210623E-06,24,24,24,24,24,24,24,24,24,24,24,24,24,24,24,24
191,1910,-253.4441,-254.0617,-255.7717,-10.11256,-256.9525,-263.9837,-245.2336,-80.25044,47.19406,81.59551,-23.38708,-200.2081,-295.4387,-259.603,-258.86,-256.2421,24,24,24,24,24,24,24,24,24,24,24,24,24,24,24,24,191,1910,-284.1641,-283.2368,78.17503,-103.8052,-0.6583028,0.1227517,-0.2612275,0.6518655,0.3882863,-1.028785,0.2627959,0.2693857,0.1279546,0.4455349,-0.1204465,0.3390771,24,24,24,24,24,24,24,24,24,24,24,24,24,24,24,24
192,1920,-272.0795,-267.2424,-270.7878,-10.59976,-272.0389,-280.3976,-254.6754,-81.62971,47.68953,83.19542,-24.45517,-202.8557,-305.0797,-268.3159,-268.6369,-268.1738,24,24,24,24,24,24,24,24,24,24,24,24,24,24,24,24,192,1920,-280.1335,-276.3932,78.43692,-101.0941,-0.3956611,2.88956E-05,-0.3918276,-0.2607764,-0.5176712,0.001376554,0.6569801,-2.88956E-05,0.7678621,8.026557E-05,0.3613451,0.2260567,24,24,24,24,24,24,24,24,24,24,24,24,24,24,24,24
193,1930,-269.194,-269.54,-273.6187,-10.72156,-271.3148,-273.3631,-252.1236,-81.12816,47.93726,83.19542,-23.14972,-198.9473,-299.8427,-265.332,-266.1331,-273.1152,24,24,24,24,24,24,24,24,24,24,24,24,24,24,24,24,193,1930,-279.9991,-284.4213,80.53207,-100.9651,0.6549028,0.368191,-2.88956E-05,-1.173415,0.1294411,0.3876867,-0.9197664,0.2693857,-0.2559894,-1.002194,1.605311E-06,-0.6781413,24,24,24,24,24,24,24,24,24,24,24,24,24,24,24,24
194,1940,-269.194,-270.0975,-273.2494,-11.33056,-272.5217,-279.1635,-254.6754,-83.51052,47.81339,82.58007,-24.57384,-206.764,-309.9597,-274.8804,-271.7369,-269.62,24,24,24,24,24,24,24,24,24,24,24,24,24,24,24,24,194,1940,-296.5245,-296.003,80.9249,-100.7069,0.3922618,-0.1226907,-0.6530262,-2.247436E-05,0.2588629,0.1301466,0.1313979,-0.1347354,-0.1280075,8.026557E-05,-0.1204465,6.421245E-06,24,24,24,24,24,24,24,24,24,24,24,24,24,24,24,24
195,1950,-272.5604,-275.5381,-276.2033,-10.84336,-268.7803,-276.6952,-255.5685,-85.39133,45.08834,83.07235,-23.86178,-211.1766,-329.8369,-297.319,-290.5753,-275.4051,24,24,24,24,24,24,24,24,24,24,24,24,24,24,24,24,195,1950,-286.045,-278.8937,79.35355,-101.0941,-0.264341,-1.34989,-0.130629,0.6518655,1.765843E-05,0.2589166,-0.3941842,-0.2694419,-0.2559894,0.2228076,-1.204477,-1.243266,24,24,24,24,24,24,24,24,24,24,24,24,24,24,24,24
196,1960,-305.8637,-306.0057,-298.2351,-10.72156,-290.022,-308.2889,-275.9831,-94.29385,43.35422,83.81078,-26.23532,-217.1021,-334.1218,-288.7255,-283.3023,-284.3238,24,24,24,24,24,24,24,24,24,24,24,24,24,24,24,24,196,1960,-282.4175,-279.2886,79.35355,-101.6105,-0.789623,0.2454714,0.2611697,-0.2607764,0.6471315,-1.028785,-0.7883716,0.8082133,0.1279546,-0.8908306,0.240897,6.421245E-06,24,24,24,24,24,24,24,24,24,24,24,24,24,24,24,24
197,1970,-291.6768,-288.9584,-281.3728,-11.93956,-282.6598,-302.8587,-271.2622,-91.28455,45.08834,82.94928,-30.27032,-219.3715,-330.9081,-282.7578,-279.3677,-283.9622,24,24,24,24,24,24,24,24,24,24,24,24,24,24,24,24,197,1970,-280.9396,-275.3403,80.27017,-100.7068,0.6549028,0.7363499,-1.044823,0.1303545,-0.1294041,-0.3849344,-0.1313915,-0.5388564,-0.7679151,0.1114439,0.3613451,1.243281,24,24,24,24,24,24,24,24,24,24,24,24,24,24,24,24
198,1980,-292.879,-290.4092,-289.4962,-10.72156,-293.4014,-303.846,-271.7726,-88.14986,45.70767,82.457,-32.28783,-215.4632,-321.7432,-275.8352,-277.5792,-284.6854,24,24,24,24,24,24,24,24,24,24,24,24,24,24,24,24,198,1980,-281.2083,-280.8679,78.43692,-101.2232,0.3922618,-0.1226907,0.2611697,-0.2607764,0.1294411,-0.7712445,0.1313979,0.2693857,-0.1280075,-0.5567396,-0.7226855,-0.2260407,24,24,24,24,24,24,24,24,24,24,24,24,24,24,24,24
199,1990,-276.4077,-278.8025,-280.7574,-10.11256,-282.7805,-289.1599,-260.6721,-81.25355,49.05205,83.44156,-27.65944,-207.8987,-311.3881,-281.8029,-282.3484,-283.6006,24,24,24,24,24,24,24,24,24,24,24,24,24,24,24,24,199,1990,-282.4175,-284.2897,80.13922,-99.93227,-0.264341,0.4909106,-0.5223731,-0.6519073,0.6471315,-0.1273935,-0.6569737,0.5387987,-0.7679151,-0.3340123,-0.4817896,0.3390835,24,24,24,24,24,24,24,24,24,24,24,24,24,24,24,24
200,2000,-281.0966,-283.3969,-288.6346,-12.18316,-281.2115,-277.4357,-253.6546,-81.7551,47.07019,81.71858,-26.8287,-208.0247,-315.911,-290.1577,-289.7408,-290.2294,24,24,24,24,24,24,24,24,24,24,24,24,24,24,24,24,200,2000,-288.4634,-281.6576,80.00828,-99.80317,0.3922618,-0.9817314,-0.391773,-0.1303994,-0.1294041,-0.3849344,-0.2627895,-0.8082694,0.1279546,0.2228076,-0.6022373,-0.2260407,24,24,24,24,24,24,24,24,24,24,24,24,24,24,24,24
201,2010,-286.026,-294.8826,-302.2968,-10.96516,-286.1599,-285.8278,-260.7997,-85.14056,44.96453,82.58007,-27.06605,-212.8156,-322.6954,-287.532,-287.5946,-290.9525,24,24,24,24,24,24,24,24,24,24,24,24,24,24,24,24,201,2010,-267.773,-272.5765,82.10342,-98.38311,-0.6583028,-1.104451,0.3918212,0.5214886,0.1294395,0.001376554,3.210623E-06,-0.1347354,0.3839166,-0.8908306,-0.361342,-0.452091,24,24,24,24,24,24,24,24,24,24,24,24,24,24,24,24
202,2020,-289.2722,-291.2556,-291.9579,-10.84336,-282.1771,-289.5302,-264.4999,-88.14987,44.96453,80.98016,-29.55826,-217.8586,-327.3374,-286.3384,-282.9446,-289.2652,24,24,24,24,24,24,24,24,24,24,24,24,24,24,24,24,202,2020,-279.0587,-284.8162,82.36532,-99.93227,-0.264341,-0.36813,-0.9141703,-0.2607764,1.605311E-05,-1.286377,3.210623E-06,0.6735068,-0.2559894,0.3341712,-0.1204465,-0.1130171,24,24,24,24,24,24,24,24,24,24,24,24,24,24,24,24
203,2030,-286.9879,-285.9358,-275.9572,-11.08696,-270.8321,-284.5936,-262.3308,-88.52602,44.09747,80.61095,-32.16915,-219.6236,-325.433,-275.3578,-271.9754,-284.2033,24,24,24,24,24,24,24,24,24,24,24,24,24,24,24,24,203,2030,-275.2968,-275.2087,81.05585,-100.1905,0.6549028,0.6136303,-0.391773,0.3911116,-0.9059414,-0.9000664,-0.1313883,-0.1347354,-2.729029E-05,-0.1112834,1.605311E-06,0.2260567,24,24,24,24,24,24,24,24,24,24,24,24,24,24,24,24
204,2040,-284.463,-280.2534,-279.0342,-10.72156,-274.6942,-287.5555,-263.7343,-87.52293,43.72587,80.98016,-30.98238,-215.7153,-322.2193,-275.5965,-271.3792,-273.2357,24,24,24,24,24,24,24,24,24,24,24,24,24,24,24,24,204,2040,-283.2236,-286.5271,80.27017,-100.1905,0.5235819,-0.1226907,0.1306226,-1.173415,0.3882847,0.2588653,-0.2627831,0.2693873,0.1279546,-0.6681033,-0.6022373,0.452107,24,24,24,24,24,24,24,24,24,24,24,24,24,24,24,24
205,2050,-277.0089,-280.2534,-269.9261,-10.35616,-264.9182,-282.3722,-262.4584,-90.03068,43.47814,79.74946,-29.55826,-218.2368,-326.0281,-279.8932,-274.9561,-268.4148,24,24,24,24,24,24,24,24,24,24,24,24,24,24,24,24,205,2050,-280.5366,-276.6564,80.66301,-100.4487,-0.1330201,0.2454714,-1.04477,-0.9126613,-0.2588276,0.001325184,0.3941938,0.2693873,-0.8959484,-0.3340123,1.605311E-06,0.6781574,24,24,24,24,24,24,24,24,24,24,24,24,24,24,24,24
206,2060,-288.4306,-281.946,-278.0496,-10.96516,-278.7977,-292.2452,-265.7758,-87.27215,46.94638,83.44156,-29.91429,-216.3457,-320.672,-272.9707,-274.5984,-281.5518,24,24,24,24,24,24,24,24,24,24,24,24,24,24,24,24,206,2060,-285.7763,-278.4989,80.40112,-101.0941,0.2609409,-1.472613,-0.2611745,1.173373,0.1294395,0.1300952,-0.2627831,-0.6735597,0.255885,-0.3340653,-0.6022373,-0.6781413,24,24,24,24,24,24,24,24,24,24,24,24,24,24,24,24
207,2070,-275.9268,-280.6161,-284.4499,-11.69596,-288.6944,-295.8242,-268.5828,-88.02448,45.21226,82.58007,-28.01546,-209.7898,-313.4115,-277.6255,-277.5793,-281.9133,24,24,24,24,24,24,24,24,24,24,24,24,24,24,24,24,207,2070,-287.3885,-286.2639,82.75816,-99.0286,-0.6583028,-0.2454104,2.407967E-05,-0.1303994,0.2588629,-0.3849858,-1.182553,-2.568498E-05,0.1279032,0.1113893,-0.7226855,-0.2260407,24,24,24,24,24,24,24,24,24,24,24,24,24,24,24,24
208,2080,-277.2493,-276.5054,-276.5726,-11.69596,-279.0391,-282.3722,-260.0342,-87.14677,44.22134,79.50332,-27.18473,-208.2769,-312.2212,-277.5061,-276.5062,-282.3954,24,24,24,24,24,24,24,24,24,24,24,24,24,24,24,24,208,2080,-292.897,-287.58,81.71059,-100.4487,0.3922618,0.1227517,-0.1305744,-0.2607764,1.605311E-05,-2.187768,-0.1313883,0.5388019,-7.866025E-05,-0.111338,-0.6022378,-0.2260407,24,24,24,24,24,24,24,24,24,24,24,24,24,24,24,24
209,2090,-272.5604,-276.989,-282.6036,-11.33056,-280.3667,-284.717,-259.6514,-83.51053,46.69865,83.07235,-27.65944,-210.5462,-319.6008,-281.6835,-281.6331,-282.516,24,24,24,24,24,24,24,24,24,24,24,24,24,24,24,24,209,2090,-280.2679,-282.3156,81.1868,-100.5778,-0.1330201,0.6136303,-0.5223731,-2.247436E-05,-0.776518,0.6451762,0.1314044,0.6735084,0.6398289,0.3341167,0.3613451,0.3390835,24,24,24,24,24,24,24,24,24,24,24,24,24,24,24,24
210,2100,-284.2226,-285.4522,-286.2961,-11.08696,-281.5736,-290.1472,-263.224,-87.89909,44.84066,82.21086,-25.87928,-208.403,-314.8398,-278.8191,-277.6985,-285.1675,24,24,24,24,24,24,24,24,24,24,24,24,24,24,24,24,210,2100,-272.6098,-276.6563,79.2226,-102.7724,0.3922618,0.4909106,-0.1305744,-1.434169,0.5177065,0.1300952,-0.3941778,0.4040954,-0.1280589,-0.3340653,-0.361342,-0.3390674,24,24,24,24,24,24,24,24,24,24,24,24,24,24,24,24
211,2110,-278.3314,-282.7923,-283.2191,-11.33056,-276.746,-289.5302,-263.6068,-90.783,42.85881,81.59551,-27.06605,-214.5806,-324.8379,-282.6384,-277.9369,-280.3466,24,24,24,24,24,24,24,24,24,24,24,24,24,24,24,24,211,2110,-287.3885,-291.5282,78.30598,-101.2232,-0.5269819,-0.2454104,-0.5223731,-0.1303994,0.2588629,0.1300952,6.421245E-06,0.1346808,-0.2560408,0.3341167,0.1204493,0.3390835,24,24,24,24,24,24,24,24,24,24,24,24,24,24,24,24
212,2120,-282.4191,-282.7923,-280.0189,-10.59976,-283.1426,-300.3905,-270.8795,-89.27835,45.33613,82.94928,-32.76253,-221.5148,-333.4077,-283.9513,-281.7523,-275.7667,24,24,24,24,24,24,24,24,24,24,24,24,24,24,24,24,212,2120,-313.453,-312.8489,81.05585,-100.4487,-0.264341,-1.227171,0.1306226,0.6518655,-0.388251,0.2588653,0.1314044,-0.2694403,0.255885,-0.111338,-0.8431336,-0.9041916,24,24,24,24,24,24,24,24,24,24,24,24,24,24,24,24
213,2130,-305.0221,-295.7289,-298.7274,-10.84336,-302.0911,-315.3235,-276.3658,-88.14987,47.56572,82.94928,-31.93179,-217.4804,-324.3618,-287.7706,-287.7139,-292.6399,24,24,24,24,24,24,24,24,24,24,24,24,24,24,24,24,213,2130,-304.0483,-301.9254,81.05585,-100.9651,-0.3956097,0.2454714,0.6530198,-0.7822843,1.605311E-05,-0.5137558,-0.1313883,0.5388019,0.3838653,-0.5567942,0.6022406,0.1130332,24,24,24,24,24,24,24,24,24,24,24,24,24,24,24,24
214,2140,-284.9439,-287.1448,-289.2501,-11.93956,-285.7978,-291.1345,-260.1618,-81.7551,49.67144,84.54919,-26.71002,-209.0333,-314.1256,-277.9836,-277.2216,-294.3272,24,24,24,24,24,24,24,24,24,24,24,24,24,24,24,24,214,2140,-295.181,-291.7914,81.44869,-101.6105,-0.001648655,-0.1226875,-0.9141703,0.2607347,-0.6470962,-0.5137558,-0.6569704,-0.1347338,-0.1280589,0.3341167,0.240897,0.6781574,24,24,24,24,24,24,24,24,24,24,24,24,24,24,24,24
215,2150,-277.4898,-279.7697,-286.2961,-11.33056,-279.6425,-283.4829,-260.417,-85.14056,45.95546,83.81078,-25.64193,-209.1594,-317.6964,-278.8191,-276.2677,-279.0208,24,24,24,24,24,24,24,24,24,24,24,24,24,24,24,24,215,2150,-283.4923,-281.9207,81.05585,-99.545,-0.1329687,-0.2454072,0.2612243,-0.2607764,-1.423632,-0.9000664,0.7883812,-2.568498E-05,0.255885,0.3341167,0.1204493,-0.452091,24,24,24,24,24,24,24,24,24,24,24,24,24,24,24,24
216,2160,-274.965,-276.989,-277.5573,-10.72156,-264.6768,-268.1797,-251.6132,-83.51052,46.94638,84.42612,-22.43766,-208.529,-318.6486,-282.9965,-278.6523,-275.8872,24,24,24,24,24,24,24,24,24,24,24,24,24,24,24,24,216,2160,-269.9227,-272.05,80.13922,-100.836,-0.001648655,1.104515,0.1306258,-0.5215271,1.605311E-05,0.7739463,-0.2627831,0.4040954,-0.8959484,-0.4454289,-0.6022378,-0.1130171,24,24,24,24,24,24,24,24,24,24,24,24,24,24,24,24
217,2170,-277.61,-282.4296,-278.4189,-11.45236,-265.6423,-277.8059,-258.6307,-87.02137,44.59288,81.2263,-28.8462,-217.8586,-328.7657,-286.8158,-280.9177,-273.2357,24,24,24,24,24,24,24,24,24,24,24,24,24,24,24,24,217,2170,-272.2067,-273.6293,80.79396,-100.4487,0.6549542,-1.349887,-0.2611729,-0.1303962,0.7765533,0.001325184,0.2627991,-0.9429743,0.3838653,-0.3340653,1.605311E-06,-0.5651178,24,24,24,24,24,24,24,24,24,24,24,24,24,24,24,24
218,2180,-262.7017,-279.6489,-283.5883,-10.59976,-271.4355,-289.5302,-268.4552,-92.28765,42.73489,81.47244,-30.74503,-223.7841,-341.5013,-285.5029,-275.5523,-272.9947,24,24,24,24,24,24,24,24,24,24,24,24,24,24,24,24,218,2180,-273.9533,-275.3402,79.35355,-100.0614,-0.3956097,-0.8590086,2.568498E-05,0.5214918,-0.2588276,-0.5137558,-0.7883652,-2.568498E-05,0.1279032,0.1113893,-1.445373,-1.130242,24,24,24,24,24,24,24,24,24,24,24,24,24,24,24,24
219,2190,-297.4477,-286.903,-280.2651,-10.84336,-280.8495,-304.4631,-271.7726,-89.27834,46.6986,83.56464,-30.27032,-222.2712,-332.4555,-279.1771,-272.6908,-275.0436,24,24,24,24,24,24,24,24,24,24,24,24,24,24,24,24,219,2190,-295.0467,-295.2133,80.27017,-102.1269,-0.2642896,0.1227549,0.7836215,-0.2607732,0.1294395,-1.286377,-0.1313915,0.2693873,0.5118471,0.4454803,0.7226887,-0.1130171,24,24,24,24,24,24,24,24,24,24,24,24,24,24,24,24
220,2200,-282.2989,-278.0771,-270.7878,-11.57416,-272.5217,-287.1853,-263.4792,-86.14366,47.81339,81.96472,-31.57577,-217.9846,-322.5764,-271.2997,-268.8754,-275.8872,24,24,24,24,24,24,24,24,24,24,24,24,24,24,24,24,220,2200,-286.7168,-279.0253,78.43692,-101.4814,0.2609923,0.3681942,2.568498E-05,-0.782281,-0.9059414,-0.2562149,0.7883781,-0.4041452,0.255885,2.568498E-05,0.4817929,0.3390835,24,24,24,24,24,24,24,24,24,24,24,24,24,24,24,24
221,2210,-281.5775,-277.9562,-279.0343,-11.57416,-282.9012,-294.2198,-267.4345,-87.14676,46.20313,82.94928,-30.50768,-214.8328,-317.8154,-271.5385,-271.26,-271.5484,24,24,24,24,24,24,24,24,24,24,24,24,24,24,24,24,221,2210,-273.2815,-270.3391,78.82977,-101.3523,0.1296722,0.4909138,0.2612243,-1.173412,0.3882847,0.1300952,-0.6569737,0.67351,-0.1280059,-0.3340653,-0.4817901,0.1130332,24,24,24,24,24,24,24,24,24,24,24,24,24,24,24,24
222,2220,-276.6482,-276.5054,-275.3418,-11.45236,-279.6425,-289.0365,-261.8205,-82.88358,48.92818,81.71858,-31.69444,-214.3285,-314.7208,-280.132,-279.3677,-280.4671,24,24,24,24,24,24,24,24,24,24,24,24,24,24,24,24,222,2220,-279.8648,-275.3402,80.79396,-101.2233,0.9175951,-0.3681268,-0.5223715,-0.2607732,0.1294395,-0.1274449,0.7883781,-0.1347306,-0.6399317,-0.5567396,1.605311E-06,0.1130332,24,24,24,24,24,24,24,24,24,24,24,24,24,24,24,24
223,2230,-286.5069,-283.5177,-282.6037,-11.81776,-284.5909,-287.9258,-258.3755,-78.99657,50.91003,84.67226,-27.77811,-205.8814,-308.8886,-279.2965,-281.2754,-285.8906,24,24,24,24,24,24,24,24,24,24,24,24,24,24,24,24,223,2230,-269.3853,-267.7069,78.30598,-101.2233,-0.5269306,-0.3681268,0.2612243,0.3911116,-0.6470962,0.3876353,-1.051161,0.1346824,0.255938,-0.445376,0.1204493,-0.9041916,24,24,24,24,24,24,24,24,24,24,24,24,24,24,24,24
224,2240,-276.8886,-276.2635,-281.2498,-11.81776,-271.0734,-269.0436,-250.8476,-81.00277,49.29978,84.67226,-23.50575,-203.7382,-312.2213,-282.161,-280.0831,-284.4443,24,24,24,24,24,24,24,24,24,24,24,24,24,24,24,24,224,2240,-278.79,-278.4989,79.61544,-102.5142,0.2609923,0.2454746,2.568498E-05,0.2607347,0.2588629,-1.286377,-0.5255789,0.2693905,-0.5119498,0.1114439,-0.4817901,0.3390835,24,24,24,24,24,24,24,24,24,24,24,24,24,24,24,24
225,2250,-274.0032,-279.407,-285.5576,-12.18316,-274.4528,-275.5845,-253.6547,-83.38513,47.07019,82.21086,-26.11664,-208.4029,-313.6495,-282.6384,-280.3215,-283.2391,24,24,24,24,24,24,24,24,24,24,24,24,24,24,24,24,225,2250,-278.6556,-278.8937,76.73462,-101.8687,-0.3956097,0.6136335,2.568498E-05,-0.6519041,-1.035365,-0.1274449,0.2627959,-0.1347306,0.1279578,0.2228076,-0.6022378,0.2260567,24,24,24,24,24,24,24,24,24,24,24,24,24,24,24,24
226,2260,-278.9325,-281.5114,-282.1113,-10.84336,-271.5562,-274.5972,-254.8029,-82.63281,46.6986,83.81078,-25.40458,-210.9244,-323.8857,-288.2481,-286.2831,-281.4313,24,24,24,24,24,24,24,24,24,24,24,24,24,24,24,24,226,2260,-272.7441,-277.9724,75.2942,-103.4179,0.5236333,0.2454746,0.2612243,-0.782281,0.5177065,0.2588653,0.1313979,0.8082181,-0.7679119,-0.6681033,0.1204493,-0.452091,24,24,24,24,24,24,24,24,24,24,24,24,24,24,24,24
227,2270,-275.4459,-288.2832,-288.8808,-11.33056,-267.5733,-279.1635,-260.0342,-87.52293,45.08834,82.21086,-27.54076,-218.9932,-333.2886,-289.7997,-283.7792,-280.3466,24,24,24,24,24,24,24,24,24,24,24,24,24,24,24,24,227,2270,-280.9396,-281.5259,77.5203,-100.9651,0.7862751,-0.3681268,-1.044767,-0.1303962,0.1294395,0.001325184,0.3941906,-0.8082646,-1.023876,-0.2226471,-0.1204465,0.5651306,24,24,24,24,24,24,24,24,24,24,24,24,24,24,24,24
228,2280,-296.005,-294.6922,-287.8962,-12.06136,-282.7805,-299.4032,-270.7519,-90.15606,45.45994,82.08779,-31.69444,-221.3887,-328.2896,-276.6707,-272.4523,-281.7928,24,24,24,24,24,24,24,24,24,24,24,24,24,24,24,24,228,2280,-266.8326,-267.1805,77.12746,-102.1269,-0.1329687,-0.9817281,0.5224229,0.6518688,1.605311E-05,-0.3849858,-1.182556,-0.4041452,0.1279578,-0.2226471,-1.084029,-0.9041916,24,24,24,24,24,24,24,24,24,24,24,24,24,24,24,24
229,2290,-278.4516,-275.828,-272.1417,-11.08696,-276.2632,-291.7516,-268.0724,-88.40063,45.2122,82.21086,-32.05048,-218.615,-325.1949,-278.461,-277.9369,-270.2227,24,24,24,24,24,24,24,24,24,24,24,24,24,24,24,24,229,2290,-261.8615,-265.2063,78.56787,-102.9015,-0.6583028,0.6136335,0.5224229,0.5214918,0.2588629,-1.028836,0.3941906,0.5388035,0.255938,-0.3340123,-0.1204465,0.2260567,24,24,24,24,24,24,24,24,24,24,24,24,24,24,24,24
230,2300,-286.026,-282.5998,-283.3422,-11.08696,-292.1945,-304.4631,-274.0692,-90.28145,45.9554,81.59551,-32.28783,-219.2454,-326.6233,-291.1126,-292.96,-284.2033,24,24,24,24,24,24,24,24,24,24,24,24,24,24,24,24,230,2300,-268.5791,-266.3908,76.86556,-105.0962,-0.1330201,0.3681942,-0.3917714,-0.1303962,-0.776518,-0.6425259,0.7883781,-2.407967E-05,-0.2559878,0.1114439,0.3613451,0.452107,24,24,24,24,24,24,24,24,24,24,24,24,24,24,24,24
231,2310,-294.442,-298.8036,-307.097,-11.81776,-305.5913,-300.1436,-267.9448,-84.38823,48.55658,84.42612,-25.16723,-210.6723,-324.5998,-302.3319,-302.8561,-308.1873,24,24,24,24,24,24,24,24,24,24,24,24,24,24,24,24,231,2310,-271.1318,-276.6563,74.63948,-103.8052,0.1296209,3.210623E-05,2.407967E-05,-1.173412,0.2588629,0.1300952,0.3941906,0.1346824,0.1279578,-1.224922,-0.361342,-0.1130171,24,24,24,24,24,24,24,24,24,24,24,24,24,24,24,24
232,2320,-304.9019,-299.1664,-299.3428,-11.81776,-280.1253,-279.1635,-259.6514,-85.26595,45.83154,82.33393,-28.72753,-218.1107,-333.8838,-301.2577,-297.7292,-303.969,24,24,24,24,24,24,24,24,24,24,24,24,24,24,24,24,232,2320,-288.5977,-286.0006,77.38935,-103.6761,-0.1330201,-0.1226875,-0.6529716,-0.3911534,-0.388251,0.2588653,-0.1313915,0.1346824,-0.7679119,-0.3340123,0.1204493,0.9042076,24,24,24,24,24,24,24,24,24,24,24,24,24,24,24,24
233,2330,-291.9172,-296.0224,-295.4042,-11.45236,-287.2462,-294.7135,-265.5206,-89.02757,45.58381,82.457,-27.42208,-220.1279,-335.074,-294.2158,-289.2638,-294.3272,24,24,24,24,24,24,24,24,24,24,24,24,24,24,24,24,233,2330,-307.4071,-301.3989,75.5561,-102.6433,0.1296209,-1.47261,0.3918212,0.5214886,-0.2588276,0.001325184,3.210623E-06,-0.6735581,-0.1280059,0.3341712,-0.4817901,-0.9041916,24,24,24,24,24,24,24,24,24,24,24,24,24,24,24,24
234,2340,-288.0699,-290.218,-284.2037,-12.18316,-278.4356,-291.1345,-267.3069,-89.40373,45.95541,83.93389,-27.65944,-215.0849,-325.1949,-277.1481,-273.7638,-282.757,24,24,24,24,24,24,24,24,24,24,24,24,24,24,24,24,234,2340,-302.7047,-298.3719,79.4845,-101.8687,-0.264341,-0.3681268,0.2612227,0.5214886,-0.2588276,-0.3849344,-1.182556,-2.407967E-05,-0.383968,-0.1112834,-0.361342,0.2260567,24,24,24,24,24,24,24,24,24,24,24,24,24,24,24,24
235,2350,-277.2493,-275.5862,-271.6493,-11.93956,-271.9183,-284.1,-262.7136,-86.89599,46.327,82.82626,-28.84621,-211.807,-312.9354,-263.0643,-260.41,-272.3921,24,24,24,24,24,24,24,24,24,24,24,24,24,24,24,24,235,2350,-276.506,-278.4989,78.69881,-104.5798,0.2609409,3.210623E-05,-1.04477,0.7822425,-0.5176744,-0.5137045,0.5255854,0.404097,-0.5119498,0.1114439,0.1204493,0.1130332,24,24,24,24,24,24,24,24,24,24,24,24,24,24,24,24
236,2360,-264.5051,-264.2193,-263.1566,-12.30496,-273.1252,-287.5555,-266.1586,-90.03067,45.21221,81.96477,-27.54076,-212.0592,-319.7198,-278.8191,-274.5984,-264.1965,24,24,24,24,24,24,24,24,24,24,24,24,24,24,24,24,236,2360,-273.8189,-272.3132,77.78219,-104.838,0.9175438,0.1227549,0.1306226,0.1303545,0.2588629,0.001376554,0.3941906,-0.4041468,0.8958456,-0.8908306,-0.2408942,0.1130332,24,24,24,24,24,24,24,24,24,24,24,24,24,24,24,24
237,2370,-279.5337,-276.4326,-271.8955,-11.69596,-274.2114,-282.1254,-262.9688,-86.39443,46.20314,81.71863,-26.71002,-207.7726,-315.6729,-281.8029,-284.2561,-280.5876,24,24,24,24,24,24,24,24,24,24,24,24,24,24,24,24,237,2370,-277.5808,-285.869,78.04408,-104.7089,0.5235819,0.6136335,0.3918212,-0.7822843,0.2588629,0.2589166,-0.6569737,0.4040954,-7.866025E-05,-0.8908306,-0.2408942,6.421245E-06,24,24,24,24,24,24,24,24,24,24,24,24,24,24,24,24
238,2380,-290.3542,-288.4041,-291.3425,-11.81776,-297.6256,-300.8841,-265.6482,-82.63281,48.18499,82.70319,-28.96488,-212.1852,-323.7666,-295.4093,-292.8407,-292.0373,24,24,24,24,24,24,24,24,24,24,24,24,24,24,24,24,238,2380,-288.8664,-284.2897,77.5203,-105.0962,0.6549028,-0.8590086,-0.2611745,-0.1303994,0.1294395,-1.028785,3.210623E-06,-0.8082678,-0.2560408,0.1114439,-0.2408942,-0.1130171,24,24,24,24,24,24,24,24,24,24,24,24,24,24,24,24
239,2390,-287.7092,-292.3947,-294.2964,-12.79216,-280.3667,-283.8531,-255.5685,-80.752,49.91911,85.77994,-24.33649,-209.4116,-316.149,-280.6094,-278.5331,-290.2294,24,24,24,24,24,24,24,24,24,24,24,24,24,24,24,24,239,2390,-296.3901,-290.6069,75.2942,-106.258,-0.6583028,-0.7362889,0.5224213,0.6518655,-0.1294058,-0.2561635,-1.051161,0.1346808,0.3838653,0.1114439,-0.2408942,-0.7911649,24,24,24,24,24,24,24,24,24,24,24,24,24,24,24,24
240,2400,-272.8009,-277.521,-277.9265,-11.33056,-265.2802,-268.6734,-252.8891,-85.51672,43.72582,81.8417,-25.52326,-207.2683,-313.4115,-276.9094,-274.7177,-274.923,24,24,24,24,24,24,24,24,24,24,24,24,24,24,24,24,240,2400,-287.3885,-289.554,76.99651,-104.7089,-0.1330201,-0.1226875,0.3918212,-0.3911534,0.1294395,-1.157555,-0.9197664,0.1346808,-0.1280589,-0.1112834,-0.6022378,3.210623E-06,24,24,24,24,24,24,24,24,24,24,24,24,24,24,24,24
241,2410,-271.8391,-274.6188,-275.0956,-11.20876,-267.6941,-276.2016,-256.0789,-84.38823,46.6986,83.4416,-24.33649,-208.7812,-313.4115,-271.8965,-269.2331,-271.0663,24,24,24,24,24,24,24,24,24,24,24,24,24,24,24,24,241,2410,-289.5382,-286.527,76.60368,-104.5798,0.7862237,0.4909138,-0.391773,0.9126195,-0.776518,-0.3849344,0.1313979,-0.2694403,0.255885,0.4455349,1.605311E-06,0.1130268,24,24,24,24,24,24,24,24,24,24,24,24,24,24,24,24
242,2420,-265.2265,-271.0647,-268.0799,-12.06136,-262.0216,-268.7968,-251.2304,-84.51362,44.59288,81.10328,-23.86178,-204.6207,-309.8407,-273.9255,-271.9754,-266.607,24,24,24,24,24,24,24,24,24,24,24,24,24,24,24,24,242,2420,-278.3869,-277.3144,79.61544,-103.9343,-0.1330201,0.2454746,2.407967E-05,-0.6519073,0.5177065,0.5164568,0.6569801,0.8082148,-0.3840226,-0.445376,-0.6022378,0.1130268,24,24,24,24,24,24,24,24,24,24,24,24,24,24,24,24
243,2430,-274.2436,-276.0218,-276.5726,-11.57416,-273.2459,-284.4702,-261.5653,-87.52293,43.47808,80.36485,-30.74503,-218.1107,-326.0281,-281.3256,-276.8638,-270.7047,24,24,24,24,24,24,24,24,24,24,24,24,24,24,24,24,243,2430,-280.4022,-283.1052,77.12746,-106.1289,0.1296209,-0.2454072,-0.6529716,0.1303545,1.605311E-05,-0.7712445,0.5255854,-0.1347338,0.5118471,1.002353,-0.4817901,3.210623E-06,24,24,24,24,24,24,24,24,24,24,24,24,24,24,24,24
244,2440,-280.9764,-280.2534,-277.3111,-11.93956,-276.6252,-292.3687,-262.3308,-85.76749,46.45087,81.96477,-29.20223,-216.2197,-320.672,-275.4772,-271.0215,-274.3204,24,24,24,24,24,24,24,24,24,24,24,24,24,24,24,24,244,2440,-282.0144,-283.6316,75.68705,-106.258,0.1296209,-0.4908464,0.7836199,0.1303545,-0.388251,0.2589166,-0.7883716,-2.568498E-05,-0.6399847,-0.2226471,-1.204477,-0.7911713,24,24,24,24,24,24,24,24,24,24,24,24,24,24,24,24
245,2450,-275.6864,-277.9562,-273.0032,-12.30496,-275.539,-295.2072,-270.7518,-92.16226,43.47808,80.11871,-33.35592,-221.0105,-327.4564,-274.8804,-275.4331,-269.7406,24,24,24,24,24,24,24,24,24,24,24,24,24,24,24,24,245,2450,-283.6266,-286.527,75.5561,-107.0326,-1.183533,-0.4908464,0.2612227,-0.2607764,0.7765533,-0.3849344,-0.1313915,0.1346808,0.1279032,-0.445376,1.605311E-06,0.4521006,24,24,24,24,24,24,24,24,24,24,24,24,24,24,24,24
246,2460,-295.2836,-289.2002,-284.9422,-12.30496,-283.6253,-298.6627,-271.2622,-92.91459,42.48716,79.38029,-29.79562,-215.085,-320.553,-272.732,-270.5446,-286.0111,24,24,24,24,24,24,24,24,24,24,24,24,24,24,24,24,246,2460,-282.9549,-285.0793,74.63948,-108.0654,0.3923132,0.6136335,-0.6529716,0.5214886,-0.5176744,-0.3849344,0.7883781,0.2693873,-0.5120044,0.1114439,-0.1204465,0.4521006,24,24,24,24,24,24,24,24,24,24,24,24,24,24,24,24
247,2470,-277.61,-274.0873,-270.9108,-12.30496,-274.0907,-287.679,-262.0757,-87.27215,44.22128,78.88801,-31.45709,-212.1852,-310.5549,-264.8546,-263.6292,-275.1641,24,24,24,24,24,24,24,24,24,24,24,24,24,24,24,24,247,2470,-291.0161,-290.8701,76.60368,-105.9998,0.1296722,-0.4908464,0.5224229,-1.043038,0.7765533,0.1301466,0.2627959,-2.568498E-05,-0.2560408,-0.8908306,-0.8431336,-1.017222,24,24,24,24,24,24,24,24,24,24,24,24,24,24,24,24
248,2480,-268.3524,-267.4377,-265.9875,-11.45236,-273.3665,-284.9639,-257.9927,-83.6359,46.327,79.62643,-31.21974,-208.403,-304.7227,-262.1094,-263.2715,-269.1379,24,24,24,24,24,24,24,24,24,24,24,24,24,24,24,24,248,2480,-291.5535,-292.1862,76.86556,-104.8379,0.1296722,-0.1226875,-0.9141687,-0.1303994,0.2588629,0.001376554,-0.6569737,0.5388019,-0.2560408,-0.1112834,0.240897,0.678151,24,24,24,24,24,24,24,24,24,24,24,24,24,24,24,24
249,2490,-264.0242,-264.8987,-266.3568,-12.30496,-271.5562,-281.7551,-258.8859,-85.39133,45.83159,80.11871,-30.389,-209.0334,-306.389,-267.5998,-269.3523,-267.0891,24,24,24,24,24,24,24,24,24,24,24,24,24,24,24,24,249,2490,-293.7031,-288.1064,74.90137,-109.4854,0.6549542,-0.3681268,-0.65297,0.1303545,0.1294379,-0.6424745,3.210623E-06,-0.2694403,-0.3840226,-0.3340123,-0.6022378,-0.2260471,24,24,24,24,24,24,24,24,24,24,24,24,24,24,24,24
250,2500,-275.0852,-275.2963,-276.5726,-12.18316,-278.3149,-287.4321,-262.0757,-88.6514,42.73494,76.79579,-31.69444,-209.5377,-309.7217,-274.2836,-277.6985,-277.8156,24,24,24,24,24,24,24,24,24,24,24,24,24,24,24,24,250,2500,-294.7779,-295.7397,71.8896,-107.1617,-0.3956097,3.210623E-05,0.653023,0.5214886,-0.3882526,-0.1273935,-0.6569737,0.2693873,0.1279032,-0.3340123,-0.8431336,-0.565121,24,24,24,24,24,24,24,24,24,24,24,24,24,24,24,24
251,2510,-283.1405,-285.3313,-289.0039,-11.20876,-285.5564,-287.1853,-263.9896,-87.6483,42.23948,78.76492,-29.43959,-208.403,-316.6252,-289.561,-289.2638,-286.1317,24,24,24,24,24,24,24,24,24,24,24,24,24,24,24,24,251,2510,-287.1198,-289.8173,72.28244,-108.4527,1.180236,0.2454746,0.3918244,0.1303545,0.1294379,-1.415096,-0.5255789,-2.568498E-05,0.3838653,0.4455349,0.1204493,0.2260503,24,24,24,24,24,24,24,24,24,24,24,24,24,24,24,24
252,2520,-283.9821,-295.4872,-304.2661,-11.81776,-283.5047,-284.3468,-260.417,-87.89907,41.37242,79.74947,-29.55826,-221.7669,-344.0009,-309.8512,-302.6176,-293.0014,24,24,24,24,24,24,24,24,24,24,24,24,24,24,24,24,252,2520,-288.5977,-289.4224,73.46095,-107.1617,0.2609923,0.4909138,-0.1305728,0.1303545,-0.6470978,0.3876867,0.5255854,-0.2694403,0.3838653,0.7796259,0.3613451,0.3390771,24,24,24,24,24,24,24,24,24,24,24,24,24,24,24,24
253,2530,-305.5031,-308.9074,-302.0507,-12.79216,-285.7978,-299.2798,-269.476,-92.53841,40.62922,79.13412,-30.27032,-220.6322,-336.9784,-293.4997,-285.9254,-294.0861,24,24,24,24,24,24,24,24,24,24,24,24,24,24,24,24,253,2530,-278.9243,-282.7104,74.77042,-108.1945,0.5236333,0.6136335,0.9142216,-1.303792,-0.3882526,-0.6424745,-0.1313915,0.4040954,0.255938,-0.445376,-0.4817901,-0.6781477,24,24,24,24,24,24,24,24,24,24,24,24,24,24,24,24
254,2540,-288.0699,-287.024,-280.8805,-11.33056,-272.401,-285.8278,-265.9034,-91.15915,40.87695,78.64184,-32.16915,-217.8586,-324.8379,-278.3417,-274.8369,-278.9003,24,24,24,24,24,24,24,24,24,24,24,24,24,24,24,24,254,2540,-288.8664,-288.896,75.94894,-107.8072,0.5236333,0.2454746,-0.65297,0.2607347,-0.1294074,0.001376554,1.051167,-0.2694403,-0.7679119,0.2228076,-0.361342,-0.2260471,24,24,24,24,24,24,24,24,24,24,24,24,24,24,24,24
255,2550,-278.6921,-278.5607,-271.5262,-11.57416,-265.5216,-277.1888,-260.6721,-89.27834,41.86788,78.02649,-31.69444,-216.4718,-320.1959,-275.8352,-271.8561,-271.3073,24,24,24,24,24,24,24,24,24,24,24,24,24,24,24,24,255,2550,-277.9838,-276.9196,75.94894,-107.549,-0.1329687,-1.104448,0.2612243,0.9126195,-0.3882526,0.5164568,-1.313954,-0.2694403,0.3839198,0.2228076,-1.084029,-1.017222,24,24,24,24,24,24,24,24,24,24,24,24,24,24,24,24
256,2560,-283.5012,-281.3415,-275.3418,-12.67036,-283.5047,-299.7734,-276.4935,-97.42852,40.38149,78.27263,-35.0174,-219.2454,-324.0047,-280.7287,-280.56,-275.4051,24,24,24,24,24,24,24,24,24,24,24,24,24,24,24,24,256,2560,-280.4022,-276.6563,73.19907,-108.8399,-0.3956097,-0.1226875,0.1306258,0.2607347,0.6471283,-0.900015,-0.5255789,0.2693873,0.1279578,-0.3340123,-0.1204465,0.2260503,24,24,24,24,24,24,24,24,24,24,24,24,24,24,24,24
257,2570,-292.879,-288.8375,-288.8809,-11.20876,-293.5221,-301.9948,-273.4313,-90.15605,43.35427,79.01105,-35.25475,-217.8586,-321.8622,-282.8771,-285.4485,-290.2294,24,24,24,24,24,24,24,24,24,24,24,24,24,24,24,24,257,2570,-274.7594,-273.3661,74.50853,-109.2272,0.3923132,0.9817956,-0.5223715,0.7822425,0.2588613,-0.7712445,-0.1313915,0.4040954,-2.407967E-05,0.6682622,0.6022406,0.3390771,24,24,24,24,24,24,24,24,24,24,24,24,24,24,24,24
258,2580,-292.5184,-291.1346,-294.5427,-12.30496,-296.1773,-304.2163,-271.1346,-91.6607,41.99175,78.76492,-29.43959,-215.5892,-326.3852,-293.0223,-291.2908,-294.8093,24,24,24,24,24,24,24,24,24,24,24,24,24,24,24,24,258,2580,-290.0756,-282.4471,73.5919,-106.6453,0.6549542,0.1227549,0.2612243,-0.2607764,0.1294379,0.2589166,0.3941906,-0.2694403,0.255938,-0.3340123,-0.1204465,-0.4520974,24,24,24,24,24,24,24,24,24,24,24,24,24,24,24,24
259,2590,-288.6711,-290.5301,-294.0503,-12.30496,-288.0909,-293.8496,-267.1793,-90.28144,43.10654,79.87254,-28.84621,-214.9589,-327.0993,-293.3803,-293.0792,-293.9656,24,24,24,24,24,24,24,24,24,24,24,24,24,24,24,24,259,2590,-298.9429,-295.0817,76.73462,-105.6125,-0.5269306,3.210623E-05,-0.7835685,-2.247436E-05,0.2588613,0.1301466,-0.2627895,0.8082148,-0.5119498,-0.445376,-0.1204465,0.1130268,24,24,24,24,24,24,24,24,24,24,24,24,24,24,24,24
260,2600,-294.9229,-291.4973,-293.681,-12.42676,-286.4013,-293.4794,-268.838,-91.78609,41.12469,79.25719,-29.79562,-215.0849,-324.2427,-284.3094,-282.4677,-294.6888,24,24,24,24,24,24,24,24,24,24,24,24,24,24,24,24,260,2600,-305.1231,-304.0311,76.99651,-105.7416,0.9175951,-0.613566,-0.1305728,0.7822425,0.7765517,0.3876867,3.210623E-06,-0.6735597,0.255938,-0.2226471,-0.1204465,-0.4520974,24,24,24,24,24,24,24,24,24,24,24,24,24,24,24,24
261,2610,-280.2551,-280.737,-277.188,-11.57416,-271.0734,-282.7424,-260.6721,-90.40683,42.48721,78.51877,-29.43959,-218.489,-330.075,-288.6062,-281.1561,-277.8156,24,24,24,24,24,24,24,24,24,24,24,24,24,24,24,24,261,2610,-291.9565,-291.923,74.77042,-105.2252,-0.001648655,-0.613566,0.653023,0.5214886,1.605311E-05,-0.5137045,-1.708138,-2.568498E-05,-0.1280059,0.1114439,-0.4817901,-0.565121,24,24,24,24,24,24,24,24,24,24,24,24,24,24,24,24
262,2620,-289.2722,-286.7821,-277.0649,-12.18316,-276.0218,-294.7135,-274.5796,-98.05546,39.51443,78.76492,-32.64386,-220.5062,-328.6467,-273.6868,-271.3792,-276.7309,24,24,24,24,24,24,24,24,24,24,24,24,24,24,24,24,262,2620,-297.7337,-302.3202,75.94894,-105.9998,-0.7895716,-0.1226907,-0.3917714,-0.1303994,0.3882831,-0.900015,-0.3941842,0.8082148,-0.5119498,-0.2226471,0.240897,0.3390771,24,24,24,24,24,24,24,24,24,24,24,24,24,24,24,24
263,2630,-295.2836,-288.3539,-281.8651,-12.67036,-280.1253,-293.356,-271.1346,-93.6669,42.11561,80.24176,-32.88121,-221.6408,-329.4798,-280.6094,-278.4138,-275.5256,24,24,24,24,24,24,24,24,24,24,24,24,24,24,24,24,263,2630,-273.1472,-277.0511,74.50853,-104.7089,0.7862751,0.7363499,-0.2611729,0.1303545,-0.7765212,-0.7712445,0.5255854,-0.2694403,0.255938,0.2228076,1.605311E-06,0.5651274,24,24,24,24,24,24,24,24,24,24,24,24,24,24,24,24
264,2640,-289.5127,-286.1776,-284.4499,-12.79216,-290.5047,-306.1909,-274.452,-91.7861,42.98267,78.88799,-34.89872,-220.3801,-322.4573,-275.9546,-275.3138,-285.4085,24,24,24,24,24,24,24,24,24,24,24,24,24,24,24,24,264,2640,-277.0434,-282.1839,77.12746,-103.4179,0.5236333,-0.36813,0.2612243,-0.912658,0.2588613,-0.3849344,-0.1313915,-0.2694403,0.1279578,-1.002194,-0.2408942,-0.4520974,24,24,24,24,24,24,24,24,24,24,24,24,24,24,24,24
265,2650,-283.5012,-278.0771,-279.7727,-11.93956,-286.5219,-295.8242,-273.5589,-93.03998,39.7621,76.91886,-36.56019,-218.8672,-323.2906,-287.532,-289.0254,-284.4443,24,24,24,24,24,24,24,24,24,24,24,24,24,24,24,24,265,2650,-270.9975,-272.9713,80.66301,-101.9978,-0.001648655,0.2454714,-1.175367,-1.926374E-05,-0.1294058,-0.3849344,-0.3941842,-0.1347338,-1.151857,0.1114439,0.8431364,0.3390771,24,24,24,24,24,24,24,24,24,24,24,24,24,24,24,24
266,2660,-283.8619,-285.0895,-291.9579,-12.06136,-292.4359,-297.552,-267.4345,-87.02137,43.97355,78.02653,-35.96681,-218.8672,-322.1003,-290.6352,-291.6484,-296.0145,24,24,24,24,24,24,24,24,24,24,24,24,24,24,24,24,266,2660,-285.5076,-286.3954,79.09165,-105.4834,0.5236333,-1.104451,-0.5223715,0.1303577,-0.1294058,-0.5137558,-0.6569737,-0.5388532,0.1279578,-0.1112834,-0.9635813,-1.356295,24,24,24,24,24,24,24,24,24,24,24,24,24,24,24,24
267,2670,-292.3981,-294.7617,-297.3735,-12.67036,-293.8841,-296.9349,-266.9241,-87.89909,43.72581,77.65731,-33.83063,-216.4718,-318.0535,-288.6062,-289.1446,-297.4608,24,24,24,24,24,24,24,24,24,24,24,24,24,24,24,24,267,2670,-298.1368,-298.2403,79.35355,-103.0306,-0.9208925,-0.4908496,0.5224229,0.3911116,0.7765533,-0.5137558,-0.3941842,-0.4041468,0.3839198,-0.6681033,-0.6022378,-0.565121,24,24,24,24,24,24,24,24,24,24,24,24,24,24,24,24
268,2680,-282.4192,-288.9584,-292.9425,-11.57416,-283.0219,-286.3214,-264.3723,-90.65762,39.14278,75.93433,-33.83063,-219.2454,-333.1696,-300.8997,-295.8215,-289.9883,24,24,24,24,24,24,24,24,24,24,24,24,24,24,24,24,268,2680,-301.6299,-299.1615,78.43692,-104.7089,0.9175951,0.2454714,-0.5223715,0.1303577,1.605311E-05,-1.415147,0.1313979,-0.2694403,-0.5119498,0.4455349,0.1204493,-0.2260471,24,24,24,24,24,24,24,24,24,24,24,24,24,24,24,24
269,2690,-291.3161,-294.0363,-292.081,-11.81776,-275.1769,-288.7897,-268.3276,-96.04929,37.53252,75.81126,-35.37342,-230.9704,-349.476,-302.2126,-293.5561,-287.3369,24,24,24,24,24,24,24,24,24,24,24,24,24,24,24,24,269,2690,-301.8987,-296.6609,76.86556,-105.6125,0.6549542,0.4909106,0.1306258,-1.926374E-05,-0.776518,0.5164054,1.051167,-0.2694403,-2.407967E-05,-0.1112834,0.240897,0.4521006,24,24,24,24,24,24,24,24,24,24,24,24,24,24,24,24
270,2700,-302.1367,-298.8724,-289.127,-12.54856,-285.315,-304.5865,-278.6625,-97.67931,39.26664,77.78038,-36.08549,-229.2053,-342.3345,-288.8448,-285.4485,-291.0731,24,24,24,24,24,24,24,24,24,24,24,24,24,24,24,24,270,2700,-306.8697,-308.3742,77.38935,-104.4507,-0.1329687,0.368191,2.568498E-05,-1.043035,0.9059751,0.5164054,-0.6569737,0.4040954,-1.023876,-0.1112834,0.240897,0.678151,24,24,24,24,24,24,24,24,24,24,24,24,24,24,24,24
271,2710,-291.6768,-289.8047,-287.8961,-12.18316,-290.3841,-306.6845,-278.6625,-95.67312,39.39051,76.91889,-36.79754,-223.9102,-330.313,-283.1158,-279.3677,-285.288,24,24,24,24,24,24,24,24,24,24,24,24,24,24,24,24,271,2710,-299.3459,-297.9771,78.56787,-102.5142,-0.001648655,-0.2454104,-0.1305728,0.1303577,1.605311E-05,-0.2562149,0.3941906,-0.2694403,-0.383968,0.3341712,-0.361342,-0.3390739,24,24,24,24,24,24,24,24,24,24,24,24,24,24,24,24
272,2720,-278.0909,-277.3517,-274.3571,-12.67036,-277.3494,-291.3813,-270.6243,-93.66692,40.8769,76.42661,-32.99989,-218.4889,-324.2427,-283.2352,-281.7523,-279.2618,24,24,24,24,24,24,24,24,24,24,24,24,24,24,24,24,272,2720,-298.4055,-301.5305,78.43692,-105.0962,-0.3956097,-0.9817314,0.2612243,0.3911116,-0.388251,-0.1274449,-0.7883716,0.5388019,0.255938,0.4455349,-0.361342,-1.017279,24,24,24,24,24,24,24,24,24,24,24,24,24,24,24,24
273,2730,-284.7035,-283.7596,-288.2654,-12.30496,-292.6772,-299.65,-273.6865,-96.17467,38.39958,76.91889,-30.86371,-212.1852,-319.4818,-283.4739,-281.9908,-287.8189,24,24,24,24,24,24,24,24,24,24,24,24,24,24,24,24,273,2730,-310.6316,-310.0851,77.78219,-104.4507,-0.001648655,-0.1226907,0.3918244,-1.926374E-05,0.3882847,-1.672688,-0.1313915,-0.1347338,-0.5119498,0.2228076,0.6022406,0.452046,24,24,24,24,24,24,24,24,24,24,24,24,24,24,24,24
274,2740,-280.6157,-278.198,-278.4188,-13.15756,-276.7459,-281.3849,-261.5653,-89.27835,42.11556,77.53424,-32.52518,-212.1852,-312.5783,-275.2384,-274.9562,-284.8059,24,24,24,24,24,24,24,24,24,24,24,24,24,24,24,24,274,2740,-311.9751,-304.9523,78.69881,-104.838,0.2609923,0.6136303,0.2612243,-0.3911502,-1.294208,-0.3849858,-0.1313915,-0.4041468,-0.2559878,0.3341712,-0.1204465,0.5650696,24,24,24,24,24,24,24,24,24,24,24,24,24,24,24,24
275,2750,-269.9154,-278.198,-281.7421,-12.54856,-278.7977,-280.521,-261.0549,-90.90839,41.12463,76.91889,-29.67694,-211.4287,-315.6729,-279.7739,-276.3869,-279.2618,24,24,24,24,24,24,24,24,24,24,24,24,24,24,24,24,275,2750,-296.9276,-298.3719,78.17503,-104.4507,0.5236333,2.88956E-05,0.5224229,-0.782281,-0.1294058,0.1300952,0.2627959,0.2693873,0.5119017,-0.6681033,-0.2408942,-0.1130781,24,24,24,24,24,24,24,24,24,24,24,24,24,24,24,24
276,2760,-276.6482,-275.9008,-276.3264,-12.30496,-272.8838,-275.4611,-260.6721,-91.66072,39.14278,77.2881,-28.13414,-206.6379,-312.9354,-280.9674,-280.4408,-276.4898,24,24,24,24,24,24,24,24,24,24,24,24,24,24,24,24,276,2760,-290.8817,-293.7656,76.47272,-105.7416,-0.001648655,-0.6135693,-0.7835685,-0.2607732,0.7765533,0.2588653,0.2627959,0.1346808,-0.6399317,0.3341712,0.1204493,0.452046,24,24,24,24,24,24,24,24,24,24,24,24,24,24,24,24
277,2770,-280.255,-285.9358,-285.3115,-12.42676,-274.8149,-279.4103,-260.0342,-89.40375,41.24849,77.16503,-30.27032,-211.933,-318.5295,-286.0997,-283.66,-276.7309,24,24,24,24,24,24,24,24,24,24,24,24,24,24,24,24,277,2770,-293.9718,-301.1357,77.65124,-104.3216,0.2609923,-1.718052,2.568498E-05,0.5214918,-0.6470962,0.3876353,3.210623E-06,-1.077681,0.6398819,0.2228076,-0.4817901,-5.458059E-05,24,24,24,24,24,24,24,24,24,24,24,24,24,24,24,24
278,2780,-287.8294,-294.0363,-294.1734,-12.54856,-279.4012,-283.6064,-261.3101,-89.9053,40.25757,76.67275,-33.35592,-221.893,-334.955,-302.5706,-296.06,-282.8775,24,24,24,24,24,24,24,24,24,24,24,24,24,24,24,24,278,2780,-308.4819,-310.8748,76.73462,-105.7416,-0.9208925,-0.1227485,0.1306258,-1.926374E-05,1.605311E-05,-0.9000664,-1.313954,0.1346808,-2.407967E-05,-0.1112834,-0.361342,-0.3391284,24,24,24,24,24,24,24,24,24,24,24,24,24,24,24,24
279,2790,-293.9611,-303.5876,-299.0966,-12.18316,-278.9184,-291.7516,-270.8795,-95.04618,39.63824,78.88801,-33.4746,-227.9445,-349.357,-302.9287,-295.9408,-285.7701,24,24,24,24,24,24,24,24,24,24,24,24,24,24,24,24,279,2790,-298.5398,-295.4765,76.21083,-106.3871,-0.1329687,0.4908528,2.568498E-05,0.2607347,0.5177065,-0.7712959,0.5255854,0.4040954,-2.407967E-05,0.1114439,0.240897,0.3390193,24,24,24,24,24,24,24,24,24,24,24,24,24,24,24,24
280,2800,-296.2454,-295.4872,-287.7731,-12.06136,-273.8494,-290.3941,-269.9863,-94.16846,41.00076,81.34942,-29.9143,-223.0276,-343.5247,-297.1996,-290.2177,-284.9264,24,24,24,24,24,24,24,24,24,24,24,24,24,24,24,24,280,2800,-275.8342,-275.077,74.77042,-106.5162,-0.001648655,-0.4909074,0.1306258,-0.391147,-0.6470962,0.001325184,1.31396,-2.568498E-05,0.1279578,-0.6681033,-0.7226855,0.3390193,24,24,24,24,24,24,24,24,24,24,24,24,24,24,24,24
281,2810,-308.9896,-302.6204,-296.2657,-13.15756,-303.7809,-326.4306,-287.2111,-98.05547,42.23943,80.24178,-32.76254,-222.9016,-333.4077,-280.3707,-278.0562,-291.5551,24,24,24,24,24,24,24,24,24,24,24,24,24,24,24,24,281,2810,-266.0265,-268.4966,76.07989,-105.7416,-0.7895716,0.1226939,-0.1305728,-0.7822779,0.2588629,0.9027163,-0.2627895,-0.1347338,-0.7679119,-0.1112834,-0.1204465,-0.2261049,24,24,24,24,24,24,24,24,24,24,24,24,24,24,24,24
282,2820,-275.9268,-281.7042,-280.142,-12.54856,-287.9702,-300.3905,-272.6657,-90.28145,43.35422,80.85709,-31.81312,-213.0677,-314.1256,-270.3448,-271.737,-284.4443,24,24,24,24,24,24,24,24,24,24,24,24,24,24,24,24,282,2820,-277.4464,-275.6035,75.2942,-108.8399,0.5236333,-0.6136271,-0.9141687,-0.26077,0.3882847,0.1300952,0.7883781,-0.6735597,-0.1280059,8.026557E-05,1.605311E-06,-5.458059E-05,24,24,24,24,24,24,24,24,24,24,24,24,24,24,24,24
283,2830,-283.7417,-282.3087,-281.2498,-12.18316,-279.5219,-286.9385,-263.9895,-87.7737,44.71674,79.9956,-30.389,-211.933,-312.6973,-271.061,-270.6639,-281.5518,24,24,24,24,24,24,24,24,24,24,24,24,24,24,24,24,283,2830,-277.3121,-277.1828,72.28244,-107.549,0.1296722,-0.1227485,-0.3917714,0.3911149,0.1294395,-0.5137558,-0.9197696,-0.9429743,0.6398819,0.1114439,-0.9635813,-0.7912291,24,24,24,24,24,24,24,24,24,24,24,24,24,24,24,24
284,2840,-273.402,-273.6037,-273.0032,-12.91396,-275.0562,-283.8532,-260.417,-84.51362,45.83154,79.87253,-31.45709,-212.0591,-311.031,-267.8384,-267.8023,-277.0924,24,24,24,24,24,24,24,24,24,24,24,24,24,24,24,24,284,2840,-297.5993,-299.5564,74.77042,-108.1945,-0.2642896,-0.1227485,0.3918244,-1.605311E-05,0.5177065,-1.286377,-0.2627927,0.2693857,-0.5119498,-0.2226471,-0.2408942,0.112969,24,24,24,24,24,24,24,24,24,24,24,24,24,24,24,24
285,2850,-270.1558,-268.6467,-273.0032,-12.67036,-282.1771,-289.1599,-265.393,-87.27215,43.47808,78.7649,-32.76253,-215.0849,-318.2915,-284.7867,-284.7331,-274.8025,24,24,24,24,24,24,24,24,24,24,24,24,24,24,24,24,285,2850,-283.761,-281.5259,73.06812,-108.1945,0.1296722,-2.568498E-05,-0.65297,-0.26077,-1.035365,0.001325184,-0.1313979,-0.2694419,0.8958456,0.6682622,-0.2408942,0.2259957,24,24,24,24,24,24,24,24,24,24,24,24,24,24,24,24
286,2860,-291.1958,-292.1019,-296.635,-11.81776,-290.9876,-289.2834,-264.4999,-87.14676,44.96447,81.2263,-28.49017,-215.211,-327.5755,-300.1835,-297.7292,-293.363,24,24,24,24,24,24,24,24,24,24,24,24,24,24,24,24,286,2860,-283.358,-287.8431,72.80623,-109.4854,-0.001648655,0.2454136,2.568498E-05,-1.56454,0.2588629,0.001325184,0.1313947,0.5387987,-0.6399317,-0.445376,-1.686268,-0.1130781,24,24,24,24,24,24,24,24,24,24,24,24,24,24,24,24
287,2870,-294.8027,-299.7188,-303.0353,-12.67036,-296.1773,-300.2671,-268.838,-91.03378,43.72581,80.61095,-28.49017,-217.1021,-331.1462,-300.3029,-298.0869,-302.2816,24,24,24,24,24,24,24,24,24,24,24,24,24,24,24,24,287,2870,-300.2864,-300.6093,73.72285,-107.4199,0.1296722,-2.568498E-05,-0.65297,0.1303609,0.3882847,0.2588653,0.5255821,0.4040922,-0.6399317,-0.2226471,-0.6022378,0.112969,24,24,24,24,24,24,24,24,24,24,24,24,24,24,24,24
288,2880,-295.2836,-302.1368,-304.02,-12.67036,-294.1255,-305.4504,-274.5796,-95.29694,40.8769,80.85709,-30.15165,-227.6924,-357.2126,-320.8319,-310.3676,-294.5682,24,24,24,24,24,24,24,24,24,24,24,24,24,24,24,24,288,2880,-309.8254,-308.2426,73.46095,-108.7108,-0.3956097,-1.472668,0.3918244,-0.26077,1.605311E-05,0.3876353,-1.051167,-1.347097,-0.2559878,0.4455349,-1.204477,-1.017279,24,24,24,24,24,24,24,24,24,24,24,24,24,24,24,24
289,2890,-317.5259,-315.6779,-309.6817,-12.54856,-307.0396,-330.5032,-288.6146,-99.43474,42.61102,81.10323,-33.71195,-230.4661,-348.0477,-293.3803,-289.86,-302.7638,24,24,24,24,24,24,24,24,24,24,24,24,24,24,24,24,289,2890,-297.3307,-295.4765,73.33001,-106.9035,-1.052213,-0.3681878,-0.1305728,-1.605311E-05,0.6471299,-0.5137558,0.1313947,0.4040922,-0.383968,-0.7794669,-0.1204465,0.112969,24,24,24,24,24,24,24,24,24,24,24,24,24,24,24,24
290,2900,-295.5241,-295.6596,-294.9119,-13.15756,-301.7291,-318.9024,-285.4248,-96.17466,43.72581,81.10323,-33.47459,-223.7841,-334.2408,-290.2771,-291.7677,-293.2425,24,24,24,24,24,24,24,24,24,24,24,24,24,24,24,24,290,2900,-292.897,-288.3696,73.72285,-108.969,0.7862751,0.3681332,-0.1305728,0.1303609,-0.1294058,-1.157607,0.1313947,0.4040922,-0.2559878,0.2228076,0.4817929,-5.458059E-05,24,24,24,24,24,24,24,24,24,24,24,24,24,24,24,24
291,2910,-294.3218,-291.3063,-296.3889,-12.67036,-306.3154,-312.7318,-281.8523,-94.41924,43.60195,79.9956,-28.8462,-210.168,-323.4096,-294.932,-296.1792,-300.2328,24,24,24,24,24,24,24,24,24,24,24,24,24,24,24,24,291,2910,-287.1198,-289.8173,71.36577,-107.0326,0.6549542,0.4908528,0.7836215,-0.26077,-0.2588276,-0.6425259,-0.2627927,-0.4041484,0.255938,-0.1112834,-0.1204465,-0.1130781,24,24,24,24,24,24,24,24,24,24,24,24,24,24,24,24
292,2920,-300.8141,-302.3104,-307.2201,-13.15756,-304.3843,-308.1655,-272.4105,-92.28765,42.36329,79.13411,-29.08355,-216.2196,-328.1706,-300.0642,-300.233,-304.451,24,24,24,24,24,24,24,24,24,24,24,24,24,24,24,24,292,2920,-276.6403,-279.1569,74.77037,-107.6781,-0.3956097,0.3681332,-0.5223715,-0.391147,0.2588629,0.6451762,-0.1313979,-0.2694419,-0.8958938,-0.3340123,-0.2408942,0.6780931,24,24,24,24,24,24,24,24,24,24,24,24,24,24,24,24
293,2930,-301.5355,-306.5427,-307.7124,-13.03576,-295.8152,-306.0675,-273.5588,-94.04308,41.86783,80.11867,-32.05047,-226.936,-345.6672,-299.1094,-294.9869,-299.1481,24,24,24,24,24,24,24,24,24,24,24,24,24,24,24,24,293,2930,-286.7168,-288.238,72.02049,-109.7436,0.1296722,-1.227228,-0.3917714,0.6518688,-0.2588276,-0.6425259,0.6569769,-0.4041484,-2.407967E-05,0.6682622,-0.1204465,-0.6782023,24,24,24,24,24,24,24,24,24,24,24,24,24,24,24,24
294,2940,-296.7264,-301.1012,-296.635,-13.52296,-291.8323,-310.1401,-280.9592,-98.68241,40.1337,80.61095,-31.93179,-224.7927,-341.2633,-290.8739,-285.0908,-289.1447,24,24,24,24,24,24,24,24,24,24,24,24,24,24,24,24,294,2940,-298.4055,-298.2403,72.54428,-108.4527,-0.7895716,-0.9817892,-0.1305728,0.2607379,-0.6470962,0.1300952,-0.3941874,-0.4041484,-0.1280059,-0.1112834,-1.084029,-0.6782023,24,24,24,24,24,24,24,24,24,24,24,24,24,24,24,24
295,2950,-291.4363,-287.7995,-280.6343,-13.52296,-281.3322,-301.3778,-279.0453,-101.0648,38.77118,78.7649,-31.93179,-222.5234,-337.9306,-287.7707,-283.0638,-284.3238,24,24,24,24,24,24,24,24,24,24,24,24,24,24,24,24,295,2950,-335.3525,-332.4587,74.77037,-108.0654,-0.3956097,-0.2454682,2.407967E-05,-0.391147,0.1294395,-1.286377,-0.3941874,-0.1347354,-2.407967E-05,0.4455349,0.7226887,0.2259957,24,24,24,24,24,24,24,24,24,24,24,24,24,24,24,24
296,2960,-295.7645,-285.2601,-284.8192,-12.91396,-294.4875,-309.6465,-279.9384,-95.42232,43.35422,80.85709,-33.83063,-219.4976,-329.2418,-284.4288,-285.9254,-291.0731,24,24,24,24,24,24,24,24,24,24,24,24,24,24,24,24,296,2960,-312.2438,-306.6633,74.24659,-108.8399,0.2609923,0.8590149,0.1306226,0.782249,-1.035365,0.2588653,-0.1313979,-0.4041484,0.3839198,0.1114439,0.1204493,0.112969,24,24,24,24,24,24,24,24,24,24,24,24,24,24,24,24
297,2970,-299.2512,-297.5943,-298.9736,-13.64476,-305.7119,-314.8298,-279.9384,-94.29382,41.37236,76.79578,-35.13607,-220.7583,-334.1218,-306.6287,-304.1677,-298.7865,24,24,24,24,24,24,24,24,24,24,24,24,24,24,24,24,297,2970,-309.6911,-311.138,73.19901,-107.9363,-0.3956097,-0.2454682,2.407967E-05,-1.043032,-0.2588276,0.001325184,-0.1313979,0.4040922,-0.5119498,-0.8908306,-1.204477,-0.4521552,24,24,24,24,24,24,24,24,24,24,24,24,24,24,24,24
298,2980,-299.0107,-303.3987,-306.4816,-14.01016,-297.1428,-298.6627,-268.2,-89.77988,42.85875,79.25719,-30.74503,-214.8328,-321.5052,-286.0997,-283.4215,-306.3794,24,24,24,24,24,24,24,24,24,24,24,24,24,24,24,24,298,2980,-306.1979,-308.6374,73.59185,-107.0326,0.3923132,-0.1227485,-0.9141703,0.1303609,0.1294395,0.2588653,-0.2627927,-2.88956E-05,-0.5119498,0.1114439,0.7226887,0.2259957,24,24,24,24,24,24,24,24,24,24,24,24,24,24,24,24
299,2990,-275.3257,-277.8837,-277.0649,-13.03576,-272.7631,-275.8313,-259.5239,-88.40062,41.37236,79.50333,-27.54076,-205.8815,-307.5793,-267.8385,-267.6831,-281.4312,24,24,24,24,24,24,24,24,24,24,24,24,24,24,24,24,299,2990,-299.749,-303.7679,72.80618,-109.3563,-0.3956097,-0.8590695,-0.6529716,0.1303609,0.1294395,0.1300952,-0.5255789,-0.4041484,-2.407967E-05,8.026557E-05,-0.4817901,-0.1130781,24,24,24,24,24,24,24,24,24,24,24,24,24,24,24,24
300,3000,-260.4173,-258.7777,-262.7874,-12.30496,-261.4181,-262.7495,-251.4856,-85.26592,42.23943,77.16499,-28.96488,-208.1508,-307.5793,-274.403,-272.3331,-266.1249,24,24,24,24,24,24,24,24,24,24,24,24,24,24,24,24,300,3000,-298.6742,-299.688,72.41334,-108.0654,-0.6582515,-0.2454682,0.7836199,-0.26077,0.6471299,-0.5137558,-0.5255789,0.6735068,0.255938,-0.1112834,1.605311E-06,-0.3391284,24,24,24,24,24,24,24,24,24,24,24,24,24,24,24,24
301,3010,-273.8829,-273.1677,-273.8648,-13.15756,-272.6424,-279.7805,-260.5446,-90.78297,40.5053,76.05736,-31.81312,-213.0677,-316.5061,-280.4901,-278.2946,-276.0078,24,24,24,24,24,24,24,24,24,24,24,24,24,24,24,24,301,3010,-302.7047,-299.688,72.67522,-108.969,-0.2642896,0.1226939,-0.1305744,0.5214918,-0.388251,-0.7712959,-0.1313915,0.2693857,-0.383968,0.2228076,0.240897,0.3390193,24,24,24,24,24,24,24,24,24,24,24,24,24,24,24,24
302,3020,-276.8886,-278.4883,-281.1267,-12.91396,-275.7804,-279.4103,-262.4584,-89.27833,39.63824,77.53421,-32.76254,-215.8414,-325.671,-289.7997,-286.1638,-279.2618,24,24,24,24,24,24,24,24,24,24,24,24,24,24,24,24,302,3020,-306.7354,-306.2684,74.77037,-106.1289,0.5236333,0.2454136,0.2612227,-0.5215239,-0.6470962,-0.1274449,0.3941906,0.2693857,1.023827,-0.1113348,-0.1204465,-0.4521552,24,24,24,24,24,24,24,24,24,24,24,24,24,24,24,24
303,3030,-292.1577,-295.0549,-294.1734,-12.54856,-288.6944,-310.5103,-279.8109,-100.3124,37.53252,76.42657,-38.22167,-233.4919,-346.5004,-285.7416,-281.9908,-285.4085,24,24,24,24,24,24,24,24,24,24,24,24,24,24,24,24,303,3030,-289.4038,-294.95,73.85375,-107.4199,-0.1329687,-2.568498E-05,-0.5223731,-0.6519009,0.2588629,0.1300952,-0.5255789,0.5387987,-1.023876,0.2227562,0.240897,-0.3391284,24,24,24,24,24,24,24,24,24,24,24,24,24,24,24,24
304,3040,-296.3657,-292.0319,-284.9422,-14.01016,-290.2634,-307.3016,-280.066,-96.42542,40.5053,76.79578,-38.22167,-227.9446,-334.4789,-281.9223,-280.9177,-286.2521,24,24,24,24,24,24,24,24,24,24,24,24,24,24,24,24,304,3040,-296.6589,-299.5564,75.16321,-107.0326,0.6549542,-0.6136271,-0.2611745,0.1303609,0.7765533,0.001325184,0.2627959,-1.212391,-0.383968,0.1113926,1.605311E-06,0.3390193,24,24,24,24,24,24,24,24,24,24,24,24,24,24,24,24
305,3050,-296.6061,-291.1854,-290.1116,-12.79216,-298.7118,-311.6211,-283.0006,-96.17464,39.14278,76.05736,-39.17108,-222.2712,-324.0047,-281.8029,-283.8984,-289.7473,24,24,24,24,24,24,24,24,24,24,24,24,24,24,24,24,305,3050,-296.7933,-297.8454,73.85375,-108.1945,-0.3956097,-0.2454682,0.3918212,0.1303609,-0.9059414,0.001325184,-0.9197664,-2.88956E-05,-0.2559878,-0.4454274,-0.8431336,-0.9042526,24,24,24,24,24,24,24,24,24,24,24,24,24,24,24,24
306,3060,-295.7645,-291.981,-293.3118,-12.79216,-299.4359,-306.808,-277.1314,-94.41921,40.5053,75.81122,-34.54269,-217.2282,-325.0759,-297.5577,-297.7292,-295.6529,24,24,24,24,24,24,24,24,24,24,24,24,24,24,24,24,306,3060,-295.0467,-294.1604,74.50848,-108.7108,-0.3956097,-0.2454682,-0.1305744,0.3911149,1.16482,0.001325184,-0.7883716,0.1346792,0.1279578,2.88956E-05,0.1204493,0.2259957,24,24,24,24,24,24,24,24,24,24,24,24,24,24,24,24
307,3070,-298.4095,-291.8601,-300.6967,-13.64476,-293.8841,-292.1218,-267.8173,-92.6638,40.00984,76.05736,-32.16915,-216.5978,-330.432,-305.4351,-302.9753,-307.1025,24,24,24,24,24,24,24,24,24,24,24,24,24,24,24,24,307,3070,-302.8391,-299.1615,75.5561,-107.9363,-0.1329687,-2.568498E-05,-0.6529716,-0.130393,-1.035365,-0.1274449,0.5255854,-0.2694419,-0.5119498,2.88956E-05,1.605311E-06,-5.458059E-05,24,24,24,24,24,24,24,24,24,24,24,24,24,24,24,24
308,3080,-292.7588,-293.5527,-295.8965,-12.54856,-285.1943,-286.5682,-265.7758,-93.41611,38.64731,76.05736,-30.98239,-217.3543,-332.4555,-300.8997,-296.5369,-298.0634,24,24,24,24,24,24,24,24,24,24,24,24,24,24,24,24,308,3080,-297.465,-292.1862,72.54433,-109.0981,0.1296722,-0.8590695,0.5224213,-1.173409,1.605311E-05,0.001325184,3.210623E-06,-2.88956E-05,-2.407967E-05,-0.4454274,0.240897,-1.017279,24,24,24,24,24,24,24,24,24,24,24,24,24,24,24,24
309,3090,-293.9611,-300.5651,-295.4042,-13.15756,-272.1596,-283.2361,-269.2208,-100.187,35.79839,77.41113,-26.71002,-221.2626,-343.6438,-297.9158,-287.833,-286.3727,24,24,24,24,24,24,24,24,24,24,24,24,24,24,24,24,309,3090,-283.6267,-283.5,73.06812,-108.8399,-0.3956611,-2.568498E-05,-0.5223731,-0.7822779,0.1294395,0.3876353,-0.2627895,1.212334,-0.6399317,0.1113926,-0.361342,0.3390193,24,24,24,24,24,24,24,24,24,24,24,24,24,24,24,24
310,3100,-285.3046,-287.9911,-284.2037,-13.27936,-278.0735,-294.7135,-275.09,-99.93626,37.78025,78.7649,-28.3715,-217.8586,-336.1452,-291.2319,-285.5677,-282.2749,24,24,24,24,24,24,24,24,24,24,24,24,24,24,24,24,310,3100,-287.2542,-288.3696,73.98474,-108.5817,0.9175438,-0.6135693,-0.6529716,-0.391147,-0.388251,-0.1274449,0.3941906,0.1346792,-2.407967E-05,-0.3340637,-0.4817901,-0.9042526,24,24,24,24,24,24,24,24,24,24,24,24,24,24,24,24
311,3110,-293.6004,-286.6612,-284.8191,-13.52296,-280.3667,-287.9258,-269.2208,-94.29382,39.01891,77.04192,-32.76254,-218.8672,-326.0281,-278.461,-275.0754,-284.8059,24,24,24,24,24,24,24,24,24,24,24,24,24,24,24,24,311,3110,-293.3001,-299.4247,71.8896,-110.0018,-0.3956611,-0.6135693,0.3917682,0.5214918,0.3882847,0.2588653,-1.182556,0.1346792,-2.407967E-05,0.2227562,-1.204477,-0.6782023,24,24,24,24,24,24,24,24,24,24,24,24,24,24,24,24
312,3120,-285.5451,-281.3415,-283.4652,-13.40116,-289.1772,-304.0928,-279.6833,-101.8171,35.55066,74.08824,-36.44151,-223.2798,-331.5032,-284.19,-279.7254,-279.6234,24,24,24,24,24,24,24,24,24,24,24,24,24,24,24,24,312,3120,-311.0347,-315.6127,72.93717,-109.0981,-0.264341,-0.2454104,-0.130629,-0.130393,0.9059751,-1.286377,3.210623E-06,0.2693857,-0.383968,2.88956E-05,0.4817929,-0.3391284,24,24,24,24,24,24,24,24,24,24,24,24,24,24,24,24
313,3130,-291.1959,-290.651,-290.8501,-13.76656,-294.7289,-304.3397,-279.3005,-98.30625,37.53257,74.33438,-36.79754,-221.1365,-332.5745,-300.3029,-304.0484,-287.2163,24,24,24,24,24,24,24,24,24,24,24,24,24,24,24,24,313,3130,-302.9735,-304.0311,71.23487,-110.9055,-0.264341,1.227232,-0.2612275,-1.605311E-05,-0.9059398,-0.5137558,-0.1313915,-0.1347354,-0.8958938,0.8909382,1.605311E-06,0.112969,24,24,24,24,24,24,24,24,24,24,24,24,24,24,24,24
314,3140,-311.9954,-307.5775,-321.0053,-13.52296,-316.9362,-306.3143,-273.9417,-93.41614,37.7803,75.56507,-34.78004,-229.4575,-359.3551,-339.9286,-329.683,-320.2395,24,24,24,24,24,24,24,24,24,24,24,24,24,24,24,24,314,3140,-291.5535,-289.9489,71.8896,-107.9363,0.7862237,2.88956E-05,0.5223683,-1.043032,0.1294411,0.2588653,-0.3941842,-0.2694419,0.255938,-0.7795183,0.1204493,0.2259957,24,24,24,24,24,24,24,24,24,24,24,24,24,24,24,24
315,3150,-323.898,-325.9547,-317.8051,-13.64476,-298.9532,-308.7825,-277.7694,-99.68552,36.78937,75.56507,-37.98431,-236.6438,-360.5453,-319.6383,-307.8638,-316.5033,24,24,24,24,24,24,24,24,24,24,24,24,24,24,24,24,315,3150,-285.3733,-281.7891,72.54433,-110.1309,-0.264341,0.2454714,-0.7836247,-0.391147,-0.2588276,-0.3849858,6.421245E-06,-0.1347354,-1.151857,-0.3340637,0.1204493,0.3390193,24,24,24,24,24,24,24,24,24,24,24,24,24,24,24,24
316,3160,-313.3179,-322.8112,-304.6354,-13.76656,-300.2808,-319.2726,-286.0628,-102.0679,36.91323,76.54964,-40.00182,-236.1394,-356.2604,-301.3771,-297.3715,-295.7734,24,24,24,24,24,24,24,24,24,24,24,24,24,24,24,24,316,3160,-285.3733,-281.3943,71.23487,-109.4854,0.1296209,-0.8590117,0.2611697,0.2607379,-0.5176712,0.3876353,0.6569865,-0.4041516,0.255938,0.3341199,-0.6022378,-0.2261049,24,24,24,24,24,24,24,24,24,24,24,24,24,24,24,24
317,3170,-320.4114,-311.2045,-304.02,-13.64476,-314.5224,-333.8353,-295.7598,-102.5694,37.0371,75.19587,-42.25668,-231.3486,-340.073,-294.6932,-295.9407,-302.1611,24,24,24,24,24,24,24,24,24,24,24,24,24,24,24,24,317,3170,-291.4192,-293.1075,73.5919,-108.1945,-0.264341,-0.8590117,0.7835669,0.9126259,0.1294411,-0.1274449,-0.6569704,0.134676,-0.3840226,-0.2226984,-1.204477,-0.4521552,24,24,24,24,24,24,24,24,24,24,24,24,24,24,24,24
318,3180,-309.8313,-297.7843,-294.0503,-14.49736,-308.4878,-319.0258,-289.5078,-99.43474,38.89509,76.67271,-35.84813,-218.9932,-327.9325,-297.6771,-297.7292,-308.3078,24,24,24,24,24,24,24,24,24,24,24,24,24,24,24,24,318,3180,-298.4055,-304.1627,73.46095,-109.4854,-0.3956611,0.6136303,0.6529668,-1.605311E-05,0.1294411,-0.6425259,-0.5255757,0.134676,-0.5120044,0.5568472,0.240897,-0.3391284,24,24,24,24,24,24,24,24,24,24,24,24,24,24,24,24
319,3190,-302.7378,-300.4442,-302.666,-13.40116,-300.7635,-299.8968,-274.9624,-95.42233,37.4087,75.31894,-33.4746,-214.5806,-325.552,-294.932,-296.1792,-309.272,24,24,24,24,24,24,24,24,24,24,24,24,24,24,24,24,319,3190,-303.5109,-301.5305,72.80623,-109.7436,0.9175438,0.4909106,-0.130629,-0.26077,0.1294411,0.001325184,6.421245E-06,-0.2694451,0.3838653,-0.1113348,0.3613451,0.452046,24,24,24,24,24,24,24,24,24,24,24,24,24,24,24,24
320,3200,-299.6118,-305.4012,-309.3125,-13.40116,-297.7463,-301.5012,-273.0485,-96.42544,36.91323,76.54964,-29.43959,-218.4889,-338.8828,-309.9706,-301.1869,-299.2686,24,24,24,24,24,24,24,24,24,24,24,24,24,24,24,24,320,3200,-299.0773,-295.6081,72.80623,-107.9363,0.1296209,2.88956E-05,0.3917682,-1.434163,0.6471315,-0.2562149,-0.2627831,0.6735036,0.5118471,-0.556791,-0.2408942,-0.4520974,24,24,24,24,24,24,24,24,24,24,24,24,24,24,24,24
321,3210,-300.4534,-316.7661,-313.128,-14.86276,-292.0737,-308.5357,-279.5557,-100.4378,36.6655,77.28806,-33.9493,-228.9532,-350.0711,-303.2868,-296.5369,-291.4346,24,24,24,24,24,24,24,24,24,24,24,24,24,24,24,24,321,3210,-303.2422,-298.1086,70.71108,-109.8727,-0.1330201,0.368191,-0.7836247,-0.6519009,0.2588629,0.5164054,0.2627991,-0.2694451,-1.535854,0.4454835,-0.1204465,0.678151,24,24,24,24,24,24,24,24,24,24,24,24,24,24,24,24
322,3220,-304.421,-302.2577,-292.9425,-13.27936,-287.1254,-305.6972,-281.2144,-99.30935,37.28483,76.18042,-41.06991,-232.105,-343.5247,-291.4706,-288.9061,-296.4966,24,24,24,24,24,24,24,24,24,24,24,24,24,24,24,24,322,3220,-286.3138,-285.6058,72.67528,-108.3235,0.3922618,-1.104451,-0.130629,-1.605311E-05,-0.2588276,0.3876353,-0.5255757,-0.2694451,0.5118471,0.1113926,-1.204477,-0.9041948,24,24,24,24,24,24,24,24,24,24,24,24,24,24,24,24
323,3230,-301.5355,-298.8724,-295.5273,-13.52296,-301.2463,-315.6936,-281.3419,-95.17155,41.74401,77.28806,-39.28975,-228.5749,-333.4077,-288.0094,-287.1177,-296.2555,24,24,24,24,24,24,24,24,24,24,24,24,24,24,24,24,323,3230,-274.0876,-273.2346,72.54433,-108.3235,-0.5269819,-0.36813,0.6529668,-0.391147,0.5177081,-0.3849858,-1.182553,-0.2694451,0.3838653,-0.3340637,-0.1204465,0.1130268,24,24,24,24,24,24,24,24,24,24,24,24,24,24,24,24
324,3240,-295.4038,-296.5753,-299.9582,-14.37556,-303.7809,-311.8678,-281.2144,-96.04927,38.77122,75.44201,-36.44151,-221.893,-330.5511,-296.7223,-295.583,-298.1839,24,24,24,24,24,24,24,24,24,24,24,24,24,24,24,24,324,3240,-282.2832,-284.1581,72.93717,-109.2272,0.6549028,0.4909106,-0.2612275,0.1303609,-0.1294041,-0.7712959,0.5255918,0.2693825,-7.866025E-05,0.6682109,1.605311E-06,0.4521006,24,24,24,24,24,24,24,24,24,24,24,24,24,24,24,24
325,3250,-296.0049,-294.6408,-298.2351,-13.88836,-302.3326,-308.6591,-278.2798,-95.54772,38.02803,75.56507,-35.72945,-218.9932,-327.5754,-291.2319,-290.3369,-300.8354,24,24,24,24,24,24,24,24,24,24,24,24,24,24,24,24,325,3250,-282.0145,-279.815,72.93717,-108.4526,0.9175951,2.88956E-05,-2.88956E-05,-0.130393,-0.5176712,0.2588653,0.2627991,0.134676,-0.1280589,-0.1113348,-0.361342,0.7911745,24,24,24,24,24,24,24,24,24,24,24,24,24,24,24,24
326,3260,-283.7417,-286.1776,-293.0656,-14.13196,-287.3668,-290.2706,-268.9656,-94.29385,38.64736,76.3035,-31.33842,-220.7583,-339.835,-312.4771,-306.5522,-292.8809,24,24,24,24,24,24,24,24,24,24,24,24,24,24,24,24,326,3260,-294.2406,-298.5035,71.8896,-109.4854,0.9175951,0.368191,0.2611697,-0.7822779,0.6471315,0.3876353,0.1314044,0.4040906,0.6398289,-0.2226984,-0.361342,-0.3390739,24,24,24,24,24,24,24,24,24,24,24,24,24,24,24,24
327,3270,-293.6004,-306.1266,-302.543,-14.74096,-289.9014,-299.8968,-273.814,-95.54772,38.89509,77.28806,-33.71195,-224.7927,-338.4067,-297.1997,-290.8138,-301.679,24,24,24,24,24,24,24,24,24,24,24,24,24,24,24,24,327,3270,-299.6147,-303.3731,73.5919,-109.0981,0.6549542,-0.36813,-1.305969,-0.26077,0.1294411,0.1300952,0.5255918,0.2693825,-1.407873,0.5568472,0.1204493,0.4521006,24,24,24,24,24,24,24,24,24,24,24,24,24,24,24,24
328,3280,-288.4305,-287.7493,-282.8498,-13.27936,-273.608,-283.8531,-266.031,-93.16536,39.63829,78.14955,-33.23724,-222.019,-332.6935,-292.7836,-287.4753,-284.0827,24,24,24,24,24,24,24,24,24,24,24,24,24,24,24,24,328,3280,-309.5568,-308.111,71.8896,-109.2272,0.3923132,-0.1226907,2.407967E-05,0.2607347,0.5177081,-0.7712959,-0.2627831,-1.3471,0.5118471,0.5568472,-0.7226855,-0.4520974,24,24,24,24,24,24,24,24,24,24,24,24,24,24,24,24
329,3290,-289.2722,-293.0691,-290.1116,-13.15756,-283.8668,-294.9603,-273.0485,-97.55392,37.65639,74.94973,-36.79754,-227.9445,-336.7403,-294.0965,-288.7869,-284.3238,24,24,24,24,24,24,24,24,24,24,24,24,24,24,24,24,329,3290,-297.3307,-293.1075,73.72285,-108.7108,-0.7895716,-0.36813,0.6530198,0.6518655,0.2588629,-1.028836,-0.5255757,0.2693825,0.8957911,-0.7795183,0.1204493,0.3390771,24,24,24,24,24,24,24,24,24,24,24,24,24,24,24,24
330,3300,-301.295,-299.1142,-296.1427,-14.25376,-305.8326,-329.7627,-293.0803,-102.5694,38.39958,74.70358,-44.74888,-233.9962,-339.0018,-285.1449,-292.2446,-289.5063,24,24,24,24,24,24,24,24,24,24,24,24,24,24,24,24,330,3300,-290.0756,-289.6857,72.41338,-109.8727,0.3923132,0.7363499,-0.2611745,0.6518655,-0.6470962,-0.9000146,0.1314044,0.2693825,-0.7679665,2.88956E-05,-0.361342,0.1130268,24,24,24,24,24,24,24,24,24,24,24,24,24,24,24,24
331,3310,-312.9572,-306.7311,-309.1894,-13.76656,-320.9191,-325.9369,-286.5732,-94.29385,40.1337,75.0728,-42.138,-226.4317,-333.1696,-300.6609,-303.9292,-309.7541,24,24,24,24,24,24,24,24,24,24,24,24,24,24,24,24,331,3310,-296.7933,-300.2145,71.23487,-110.1309,0.5236333,-0.1226907,-0.2611745,-0.3911534,-0.6470962,0.5164568,0.5255854,-0.2694451,0.5118471,-0.890882,0.3613451,-0.3390739,24,24,24,24,24,24,24,24,24,24,24,24,24,24,24,24
332,3320,-306.4648,-301.0487,-303.6507,-13.76656,-303.1774,-305.5738,-275.2175,-94.92078,39.39051,76.91885,-31.10106,-214.2024,-326.0281,-298.99,-297.8484,-314.3339,24,24,24,24,24,24,24,24,24,24,24,24,24,24,24,24,332,3320,-302.8391,-311.1381,72.93717,-107.9363,-0.2642896,-0.2454104,-0.7835717,-1.303792,0.1294395,0.6452276,-0.9197664,-0.2694403,-0.8959484,-0.2226984,0.4817929,0.2260503,24,24,24,24,24,24,24,24,24,24,24,24,24,24,24,24
333,3330,-290.7149,-291.7391,-293.4349,-14.86276,-284.953,-287.9258,-265.0103,-93.29075,39.26664,76.91885,-28.96488,-213.3199,-326.0281,-293.4997,-291.2908,-298.1839,24,24,24,24,24,24,24,24,24,24,24,24,24,24,24,24,333,3330,-307.4071,-303.7679,72.67528,-109.3563,-0.3956097,-0.6135693,-0.391773,0.3911116,0.3882847,0.001376554,3.210623E-06,-0.9429743,-0.6399333,0.2227562,-0.2408942,0.1130268,24,24,24,24,24,24,24,24,24,24,24,24,24,24,24,24
334,3340,-286.5069,-287.1448,-286.4192,-13.88836,-274.2114,-280.6444,-262.586,-92.66381,37.65639,75.81121,-32.05048,-218.3629,-330.9081,-290.2771,-285.3292,-287.0958,24,24,24,24,24,24,24,24,24,24,24,24,24,24,24,24,334,3340,-279.9992,-276.3932,73.33001,-108.3235,0.5236333,-0.6135693,0.2612227,0.2607347,-1.035365,-0.3849344,-0.7883716,-0.6735597,0.2559364,8.026557E-05,-0.6022373,-0.6781477,24,24,24,24,24,24,24,24,24,24,24,24,24,24,24,24
335,3350,-283.2607,-288.233,-286.05,-13.64476,-277.9529,-289.0365,-268.4552,-95.29694,38.77118,75.93428,-31.10106,-218.7411,-327.9325,-286.5771,-282.7061,-278.6592,24,24,24,24,24,24,24,24,24,24,24,24,24,24,24,24,335,3350,-285.3733,-284.1581,75.42516,-108.1944,-0.2642896,0.1227517,2.407967E-05,-0.2607764,0.7765533,-1.157555,0.1313979,0.2693873,0.2559364,8.026557E-05,-0.361342,0.1130268,24,24,24,24,24,24,24,24,24,24,24,24,24,24,24,24
336,3360,-286.3867,-289.0793,-288.6346,-14.37556,-285.5564,-304.0928,-281.5971,-102.8202,35.67453,75.44201,-36.20416,-227.4403,-342.5726,-292.3061,-288.5485,-280.8286,24,24,24,24,24,24,24,24,24,24,24,24,24,24,24,24,336,3360,-295.9872,-291.6599,74.37758,-110.26,0.3923132,0.368191,-0.5223731,0.6518655,1.605311E-05,-1.157555,0.3941906,0.9429213,-0.5119531,0.1114439,0.3613451,0.3390835,24,24,24,24,24,24,24,24,24,24,24,24,24,24,24,24
337,3370,-302.2569,-294.8826,-293.0656,-13.52296,-303.2981,-315.2,-289.125,-102.3187,35.0552,72.11911,-40.95123,-228.701,-340.4301,-303.2868,-302.6176,-293.2425,24,24,24,24,24,24,24,24,24,24,24,24,24,24,24,24,337,3370,-292.6283,-291.265,73.06812,-108.3235,0.1296722,-0.6135693,0.3918212,-0.3911534,-0.1294058,0.001376554,-0.1313915,-2.568498E-05,-2.729029E-05,-1.002194,1.605311E-06,0.1130332,24,24,24,24,24,24,24,24,24,24,24,24,24,24,24,24
338,3380,-317.2855,-319.4817,-319.2822,-13.88836,-312.4707,-313.2254,-275.7279,-92.66381,40.38144,74.70358,-35.96681,-217.9846,-322.9335,-294.5739,-296.2984,-316.0212,24,24,24,24,24,24,24,24,24,24,24,24,24,24,24,24,338,3380,-311.0346,-311.4012,74.24664,-106.5162,-1.052213,-0.1226907,-0.391773,-0.3911534,0.7765533,-0.2561635,0.2627959,0.1346808,-0.6399333,0.2228076,0.6022406,-0.2260407,24,24,24,24,24,24,24,24,24,24,24,24,24,24,24,24
339,3390,-292.3981,-294.5713,-300.3275,-14.37556,-293.5221,-292.9857,-264.6275,-89.27834,40.62917,75.68814,-33.83063,-218.4889,-328.5276,-300.8997,-298.9215,-302.5227,24,24,24,24,24,24,24,24,24,24,24,24,24,24,24,24,339,3390,-306.1979,-296.0029,74.50853,-108.0653,0.5236333,-0.8590117,2.407967E-05,0.2607347,0.2588629,0.7739977,-0.2627895,-0.6735597,0.7678621,0.3341712,-0.8431332,-0.6781413,24,24,24,24,24,24,24,24,24,24,24,24,24,24,24,24
340,3400,-292.5184,-298.5618,-305.9892,-14.13196,-290.2634,-298.9095,-273.0485,-94.67001,38.15185,76.05735,-36.32284,-225.9274,-338.2877,-295.29,-290.4561,-296.2555,24,24,24,24,24,24,24,24,24,24,24,24,24,24,24,24,340,3400,-322.0515,-319.0345,73.33001,-107.2908,-0.5269306,-0.2454104,0.2612227,-0.2607764,-0.388251,-0.5137045,-1.051161,-2.568498E-05,0.7678621,-0.5567396,-0.9635809,-0.452091,24,24,24,24,24,24,24,24,24,24,24,24,24,24,24,24
341,3410,-283.9821,-290.8226,-287.65,-13.40116,-275.7804,-284.8404,-265.7758,-93.29075,38.64731,74.45744,-34.54269,-221.1365,-327.4564,-284.0706,-278.6523,-281.9133,24,24,24,24,24,24,24,24,24,24,24,24,24,24,24,24,341,3410,-309.4224,-302.8466,73.5919,-107.1617,-0.3956611,0.4909106,-0.2611745,0.9126195,-0.1294058,-1.672636,0.6569801,-0.1347338,-0.1280075,0.5568985,0.240897,0.5651306,24,24,24,24,24,24,24,24,24,24,24,24,24,24,24,24
342,3420,-285.4249,-285.9857,-278.5419,-14.01016,-270.2285,-282.4956,-266.2861,-96.04927,36.54159,74.33437,-33.83063,-219.3714,-328.0515,-283.5933,-278.0561,-273.8383,24,24,24,24,24,24,24,24,24,24,24,24,24,24,24,24,342,3420,-306.7354,-302.9782,76.60368,-105.0961,-0.264341,0.1227517,0.3918212,-0.2607764,-0.9059414,-0.2561635,0.2627959,-0.6735597,0.6398803,0.1114439,0.240897,0.452107,24,24,24,24,24,24,24,24,24,24,24,24,24,24,24,24
343,3430,-282.6596,-281.9951,-279.7727,-13.52296,-280.6081,-291.875,-270.8795,-94.79539,38.39958,76.91885,-33.23724,-218.615,-326.9803,-281.5642,-277.1023,-277.0924,24,24,24,24,24,24,24,24,24,24,24,24,24,24,24,24,343,3430,-291.4191,-298.7667,73.8538,-107.4199,-0.6583028,2.88956E-05,-0.1305728,-1.303792,-0.6470962,0.001376554,-0.1313915,0.8082148,-0.6399333,0.1114439,-0.1204465,0.1130332,24,24,24,24,24,24,24,24,24,24,24,24,24,24,24,24
344,3440,-276.7684,-275.828,-275.0956,-13.15756,-279.6425,-292.9857,-270.2415,-95.42233,37.78025,75.81121,-34.54269,-219.1193,-324.1237,-281.8029,-281.6331,-274.8025,24,24,24,24,24,24,24,24,24,24,24,24,24,24,24,24,344,3440,-302.1674,-311.796,74.63948,-106.9035,0.3922618,-0.1226907,0.1306258,-0.3911534,1.605311E-05,-0.1273935,-0.1313915,-0.5388532,0.1279546,0.2228076,-0.361342,0.1130332,24,24,24,24,24,24,24,24,24,24,24,24,24,24,24,24
345,3450,-297.3275,-295.5387,-296.1426,-14.25376,-300.1601,-312.8552,-281.0868,-97.93008,37.53257,75.19587,-35.0174,-219.4975,-329.3608,-290.2771,-288.5485,-291.6757,24,24,24,24,24,24,24,24,24,24,24,24,24,24,24,24,345,3450,-293.8375,-298.3719,75.42516,-105.6125,-0.264341,-1.104451,-0.5223715,0.3911116,0.3882847,0.1301466,-1.313954,-0.5388532,-2.729029E-05,0.2228076,-0.9635809,-0.6781413,24,24,24,24,24,24,24,24,24,24,24,24,24,24,24,24
346,3460,-293.4802,-292.8783,-297.2504,-13.27936,-308.1257,-316.6809,-285.8076,-100.5632,36.6655,75.44201,-35.84813,-222.1451,-334.955,-299.8255,-300.3523,-295.7734,24,24,24,24,24,24,24,24,24,24,24,24,24,24,24,24,346,3460,-284.9702,-292.1862,75.94894,-108.969,0.2609409,0.4909106,0.5224229,0.2607347,0.5177065,-1.028785,0.1313979,-2.568498E-05,-0.5119531,0.2228076,1.605311E-06,-0.1130171,24,24,24,24,24,24,24,24,24,24,24,24,24,24,24,24
347,3470,-301.0546,-301.2221,-306.3585,-13.64476,-300.8842,-305.5738,-275.4727,-94.54462,39.39056,75.81121,-35.84813,-225.1709,-338.4067,-305.1964,-301.4254,-307.1025,24,24,24,24,24,24,24,24,24,24,24,24,24,24,24,24,347,3470,-298.8085,-293.5023,74.50853,-106.7744,0.3922618,0.6136303,2.568498E-05,0.1303545,-1.035365,-0.7712445,0.2627991,0.1346808,0.6398803,0.2228076,0.1204493,0.2260567,24,24,24,24,24,24,24,24,24,24,24,24,24,24,24,24
348,3480,-296.6061,-299.5292,-299.3428,-14.49736,-288.0909,-295.4539,-270.7519,-94.79539,37.90416,74.94973,-36.91621,-225.297,-334.7169,-293.3803,-289.7408,-300.3533,24,24,24,24,24,24,24,24,24,24,24,24,24,24,24,24,348,3480,-306.7354,-305.3472,77.5203,-103.2888,-0.264341,0.368191,0.5224229,-1.434169,0.1294395,0.5164568,-0.2627831,0.5388019,-0.1280075,-0.5567396,-0.361342,-0.5651178,24,24,24,24,24,24,24,24,24,24,24,24,24,24,24,24
349,3490,-290.3542,-292.7574,-292.6964,-13.52296,-287.0047,-297.552,-273.0485,-94.92078,36.91323,75.19587,-38.34034,-226.936,-337.8116,-294.8126,-291.1715,-284.4443,24,24,24,24,24,24,24,24,24,24,24,24,24,24,24,24,349,3490,-303.1078,-302.3202,76.99651,-106.6453,0.9175438,-0.9817314,-0.65297,-2.247436E-05,0.7765533,-0.2561635,0.919776,0.1346808,-0.1280075,0.6682622,-0.2408942,6.421245E-06,24,24,24,24,24,24,24,24,24,24,24,24,24,24,24,24
350,3500,-298.2893,-299.1664,-292.6964,-14.01016,-290.6255,-308.6591,-281.3419,-99.56013,36.78937,74.58051,-42.13799,-235.8873,-349.9521,-298.1545,-292.4831,-286.7343,24,24,24,24,24,24,24,24,24,24,24,24,24,24,24,24,350,3500,-284.8358,-286.9219,76.34178,-104.8379,0.3922618,-0.8590117,2.568498E-05,0.6518655,-0.1294058,0.001376554,-0.1313883,0.2693873,0.2559364,-0.2226471,-0.8431332,-0.2260407,24,24,24,24,24,24,24,24,24,24,24,24,24,24,24,24
351,3510,-307.7874,-306.18,-301.4352,-14.98456,-317.419,-341.6104,-298.3116,-101.8171,38.77122,74.2113,-44.27417,-236.2655,-348.9999,-308.6577,-307.2677,-297.2197,24,24,24,24,24,24,24,24,24,24,24,24,24,24,24,24,351,3510,-288.329,-292.9759,74.77042,-105.7416,-1.052264,0.4909106,-0.2611729,-2.247436E-05,0.5177065,-0.5137045,-0.3941778,0.1346808,0.5118985,-0.7794669,-0.2408942,-0.2260407,24,24,24,24,24,24,24,24,24,24,24,24,24,24,24,24
352,3520,-312.837,-313.6773,-314.9742,-13.27936,-316.8155,-319.8897,-285.2973,-96.67621,38.27576,76.54964,-34.78004,-220.5062,-331.7413,-293.261,-293.6754,-318.5522,24,24,24,24,24,24,24,24,24,24,24,24,24,24,24,24,352,3520,-293.3001,-297.319,77.78219,-105.9998,-0.1330201,0.7363499,0.3918244,0.3911116,-0.2588276,-0.2561635,-0.2627831,0.6735084,-0.1280075,8.026557E-05,1.605311E-06,0.1130332,24,24,24,24,24,24,24,24,24,24,24,24,24,24,24,24
353,3530,-291.1958,-290.218,-289.127,-13.88836,-283.7461,-287.1853,-263.8619,-89.77989,40.13375,76.91885,-29.32091,-209.4116,-311.15,-276.0739,-275.1946,-294.6887,24,24,24,24,24,24,24,24,24,24,24,24,24,24,24,24,353,3530,-304.317,-304.9523,75.16326,-107.4199,0.7862237,2.88956E-05,0.5224229,-1.173415,-0.388251,0.1301466,0.2627991,0.5388019,0.1279546,-1.113558,-0.2408942,-0.2260407,24,24,24,24,24,24,24,24,24,24,24,24,24,24,24,24
354,3540,-279.173,-281.4624,-285.1883,-14.01016,-282.5391,-285.0873,-266.1586,-93.91769,38.52349,76.67271,-30.62635,-216.4718,-330.7891,-300.0642,-294.3907,-279.8645,24,24,24,24,24,24,24,24,24,24,24,24,24,24,24,24,354,3540,-300.8238,-298.3719,76.07989,-106.1289,0.6549028,0.1227517,-0.5223715,-0.1303994,1.035397,0.1301466,0.5255918,0.2693873,-0.895897,0.5568985,-0.2408942,0.5651306,24,24,24,24,24,24,24,24,24,24,24,24,24,24,24,24
355,3550,-296.7263,-301.0487,-302.9122,-13.52296,-288.5737,-297.7988,-274.9624,-97.93008,36.04617,76.67271,-31.93179,-220.8844,-336.0262,-293.8578,-289.0254,-290.5909,24,24,24,24,24,24,24,24,24,24,24,24,24,24,24,24,355,3550,-300.152,-295.2133,76.60368,-106.9035,1.048865,-1.104451,-0.5223715,0.3911116,-0.1294058,-0.2561635,0.2627991,-0.9429743,-0.3839712,0.5568985,-0.361342,-0.7911649,24,24,24,24,24,24,24,24,24,24,24,24,24,24,24,24
356,3560,-295.0431,-297.6634,-290.3578,-13.76656,-281.9357,-296.3178,-276.1107,-99.56013,37.7803,78.02648,-31.21974,-222.5234,-337.8116,-294.6932,-289.1446,-283.7212,24,24,24,24,24,24,24,24,24,24,24,24,24,24,24,24,356,3560,-304.7201,-309.5587,75.42516,-106.5162,-0.9209439,-0.6135693,0.3918244,0.7822425,0.6471299,-0.3849344,-0.5255757,0.2693873,0.7678621,-0.445376,-0.2408942,6.421245E-06,24,24,24,24,24,24,24,24,24,24,24,24,24,24,24,24
357,3570,-299.1309,-304.434,-297.4966,-14.25376,-304.9877,-327.0476,-292.1872,-102.0679,39.01896,76.91885,-41.0699,-235.7612,-351.4995,-300.5416,-299.3984,-289.3857,24,24,24,24,24,24,24,24,24,24,24,24,24,24,24,24,357,3570,-281.6114,-283.5,73.8538,-107.9363,0.6549028,0.6136303,-0.2611729,0.5214886,1.605311E-05,-1.157555,0.3941938,0.4040954,-0.3839712,0.2228076,-0.1204465,0.3390835,24,24,24,24,24,24,24,24,24,24,24,24,24,24,24,24
358,3580,-310.1919,-304.1922,-310.6664,-14.74096,-318.6259,-323.5921,-284.9145,-94.41924,41.62014,76.42657,-38.22166,-220.5062,-324.3618,-295.6481,-299.2792,-308.6693,24,24,24,24,24,24,24,24,24,24,24,24,24,24,24,24,358,3580,-291.4191,-291.6598,75.03232,-104.1925,-0.1330201,0.3681942,0.653023,-2.247436E-05,0.1294395,0.3876867,0.6569865,-2.568498E-05,0.1279546,-0.6681033,-0.361342,-0.1130171,24,24,24,24,24,24,24,24,24,24,24,24,24,24,24,24
359,3590,-305.2626,-303.4667,-315.3435,-14.25376,-305.9533,-298.4159,-269.9863,-91.53532,41.62014,78.14955,-29.32091,-218.3629,-337.8116,-311.4029,-306.5522,-311.2003,24,24,24,24,24,24,24,24,24,24,24,24,24,24,24,24,359,3590,-308.4819,-306.9265,74.37758,-107.4199,-0.1330201,-0.2454072,-0.2611745,-0.3911534,0.3882847,0.5164568,-0.2627831,0.1346808,-1.023879,0.1114439,-0.2408942,6.421245E-06,24,24,24,24,24,24,24,24,24,24,24,24,24,24,24,24
360,3600,-309.4706,-311.8091,-310.2971,-14.37556,-285.6771,-284.5936,-268.2,-96.55081,37.16097,76.79578,-26.8287,-216.9761,-341.8584,-311.9996,-305.4792,-306.6205,24,24,24,24,24,24,24,24,24,24,24,24,24,24,24,24,360,3600,-327.4257,-328.2472,75.42516,-105.8707,0.6549028,-0.3681268,-0.391773,0.5214886,0.1294395,-0.3849344,0.7883812,-0.5388532,0.2559364,-0.2226471,-0.9635813,6.421245E-06,24,24,24,24,24,24,24,24,24,24,24,24,24,24,24,24
361,3610,-299.2511,-313.8644,-304.3892,-14.13196,-287.4875,-303.846,-279.3005,-100.187,36.91319,77.78034,-34.06797,-230.5922,-354.118,-304.5996,-297.0138,-291.9167,24,24,24,24,24,24,24,24,24,24,24,24,24,24,24,24,361,3610,-310.6316,-306.2684,73.19907,-106.6453,-0.6583028,-1.104448,0.1306226,0.3911116,-0.6470962,0.001376554,-1.051158,0.1346808,-0.1280075,0.1114439,-0.4817901,-0.9041916,24,24,24,24,24,24,24,24,24,24,24,24,24,24,24,24
362,3620,-304.3008,-299.356,-290.1116,-14.49735,-292.4359,-315.2,-284.9145,-100.6886,38.39958,75.56508,-41.90064,-236.5177,-340.3111,-280.132,-289.9792,-294.2066,24,24,24,24,24,24,24,24,24,24,24,24,24,24,24,24,362,3620,-308.0789,-304.4259,76.34178,-106.258,0.2609409,0.1227549,2.407967E-05,-0.6519073,0.6471299,-0.5137045,0.1314044,-0.2694403,-0.2559894,0.3341712,0.3613451,0.2260567,24,24,24,24,24,24,24,24,24,24,24,24,24,24,24,24
363,3630,-316.9247,-304.9176,-301.4352,-14.25376,-316.3328,-336.6739,-291.5492,-95.42233,44.46902,79.13412,-39.17107,-224.0363,-325.7901,-279.7739,-285.4485,-302.5227,24,24,24,24,24,24,24,24,24,24,24,24,24,24,24,24,363,3630,-303.7796,-302.1886,73.5919,-107.1617,-0.001700025,-0.3681268,-0.1305744,0.2607347,-0.776518,-0.2561635,0.3941906,0.1346808,0.5118985,-0.1112834,-0.1204465,0.3390835,24,24,24,24,24,24,24,24,24,24,24,24,24,24,24,24
364,3640,-294.6825,-292.3437,-295.5273,-14.86276,-304.1429,-309.523,-274.0692,-88.52601,44.59288,79.25719,-34.78003,-217.1021,-319.4818,-279.8932,-281.5139,-301.1969,24,24,24,24,24,24,24,24,24,24,24,24,24,24,24,24,364,3640,-286.8511,-287.0535,73.72285,-105.9998,0.2609409,0.3681942,0.6530198,-0.7822843,1.605311E-05,0.001376554,-0.1313915,0.4040954,-0.1280075,-0.7794669,-0.2408942,-0.6781413,24,24,24,24,24,24,24,24,24,24,24,24,24,24,24,24
365,3650,-289.1519,-291.3764,-292.4502,-14.74096,-295.4531,-305.2036,-273.5588,-93.03996,39.51438,74.82666,-34.78003,-216.976,-321.2671,-289.2029,-291.8869,-292.6398,24,24,24,24,24,24,24,24,24,24,24,24,24,24,24,24,365,3650,-281.6114,-283.5,74.50853,-106.3871,0.5235819,-0.2454072,-0.391773,-0.1303994,0.3882847,-0.2561635,-0.1313915,-0.8082678,-1.407873,-0.1112834,1.605311E-06,6.421245E-06,24,24,24,24,24,24,24,24,24,24,24,24,24,24,24,24
366,3660,-298.2893,-296.4544,-304.7585,-14.13196,-297.9876,-298.9095,-267.8173,-88.52601,41.86783,79.25719,-32.05047,-215.8414,-328.5276,-300.7803,-301.5446,-304.21,24,24,24,24,24,24,24,24,24,24,24,24,24,24,24,24,366,3660,-280.8053,-283.5,75.03232,-105.4834,0.3922618,-1.104448,0.2612227,0.1303545,-0.2588276,0.6452276,0.1313979,-0.8082678,0.6398289,0.3341167,-0.361342,-0.5651178,24,24,24,24,24,24,24,24,24,24,24,24,24,24,24,24
367,3670,-304.0603,-309.0283,-311.1587,-14.13196,-297.2635,-306.4377,-273.5588,-93.41612,41.00077,78.51876,-35.13606,-231.8529,-355.0702,-315.8189,-307.2677,-301.5585,24,24,24,24,24,24,24,24,24,24,24,24,24,24,24,24,367,3670,-274.8937,-279.5518,75.81799,-105.7416,-1.708867,3.210623E-05,0.5224213,-0.5215303,0.1294395,-0.6424745,3.210623E-06,0.4040954,-7.866025E-05,-0.8908852,-0.6022378,0.3390835,24,24,24,24,24,24,24,24,24,24,24,24,24,24,24,24
368,3680,-307.7874,-306.2475,-298.8505,-14.37556,-286.884,-300.8841,-274.452,-95.54771,40.8769,77.65728,-35.37342,-229.4575,-346.0243,-299.8255,-295.583,-303.3664,24,24,24,24,24,24,24,24,24,24,24,24,24,24,24,24,368,3680,-293.7032,-292.9759,76.21083,-104.4506,0.2609409,0.9817956,-0.2611745,0.9126195,-0.9059414,-0.5137045,3.210623E-06,0.4040954,-0.5120044,0.556844,0.1204493,0.1130332,24,24,24,24,24,24,24,24,24,24,24,24,24,24,24,24
369,3690,-288.3103,-292.4646,-286.7885,-13.88836,-279.5219,-291.0111,-270.1139,-91.03377,42.36329,79.6264,-35.61077,-225.8013,-335.5501,-286.6964,-281.7523,-289.5063,24,24,24,24,24,24,24,24,24,24,24,24,24,24,24,24,369,3690,-303.2421,-305.4788,74.37758,-108.3235,-0.264341,-0.1226875,0.3918212,-0.9126613,-0.5176744,0.1301466,3.210623E-06,-2.568498E-05,-7.866025E-05,-0.7795215,-0.4817901,-0.1130171,24,24,24,24,24,24,24,24,24,24,24,24,24,24,24,24
370,3700,-288.4305,-290.7017,-285.8038,-13.52296,-284.8323,-300.5139,-276.2383,-94.67,41.49623,80.24174,-33.9493,-225.6752,-339.4779,-294.8125,-291.2908,-278.4182,24,24,24,24,24,24,24,24,24,24,24,24,24,24,24,24,370,3700,-302.8391,-302.3202,75.68705,-104.3216,-0.264341,0.4909138,-0.2611745,-0.2607764,0.7765533,0.1301466,-0.2627895,0.6735084,-0.2560408,0.556844,0.3613451,6.421245E-06,24,24,24,24,24,24,24,24,24,24,24,24,24,24,24,24
371,3710,-304.421,-302.1895,-303.5276,-14.61916,-307.0395,-314.2127,-282.873,-96.30004,42.36329,79.01105,-32.4065,-215.4632,-319.9579,-281.8029,-285.5677,-301.438,24,24,24,24,24,24,24,24,24,24,24,24,24,24,24,24,371,3710,-286.5824,-283.8948,75.68705,-105.8707,0.5235819,-1.104448,2.407967E-05,0.3911116,-0.2588276,0.001376554,3.210623E-06,-0.5388532,0.1279032,-0.111338,-0.2408942,6.421245E-06,24,24,24,24,24,24,24,24,24,24,24,24,24,24,24,24
372,3720,-298.2893,-297.4734,-302.7891,-13.64476,-301.7291,-303.7226,-275.2175,-92.28764,41.12463,77.04192,-35.01739,-219.2454,-330.5511,-298.2738,-299.9946,-300.4738,24,24,24,24,24,24,24,24,24,24,24,24,24,24,24,24,372,3720,-289.6725,-287.4483,77.12746,-103.1597,-0.1330201,3.210623E-05,0.2612227,0.2607347,1.605311E-05,0.3876867,-0.9197664,0.6735084,0.6398289,-0.3340653,1.605311E-06,-0.2260407,24,24,24,24,24,24,24,24,24,24,24,24,24,24,24,24
373,3730,-302.858,-301.2221,-305.62,-13.27936,-299.4359,-304.0929,-272.7933,-91.53531,42.98262,78.27263,-32.05047,-220.5061,-333.6457,-299.1093,-297.4907,-306.6205,24,24,24,24,24,24,24,24,24,24,24,24,24,24,24,24,373,3730,-290.613,-297.319,76.86556,-105.6125,-0.1330201,0.4909138,-0.1305744,-2.247436E-05,-0.1294058,-1.415096,0.2627959,0.2693873,-0.5120044,0.3341167,1.605311E-06,0.5651306,24,24,24,24,24,24,24,24,24,24,24,24,24,24,24,24
374,3740,-294.442,-298.6827,-299.8351,-14.49736,-291.591,-300.7607,-269.9863,-91.91147,42.48716,80.98017,-30.62635,-224.4145,-341.2633,-299.2286,-294.3907,-296.8582,24,24,24,24,24,24,24,24,24,24,24,24,24,24,24,24,374,3740,-290.8817,-286.7903,74.90137,-105.2252,0.5235819,0.9817924,-0.6529716,0.1303545,-0.9059414,0.001376554,0.7883781,0.1346808,-0.2560408,-0.4454289,0.3613451,0.3390835,24,24,24,24,24,24,24,24,24,24,24,24,24,24,24,24
375,3750,-310.4324,-314.8865,-305.4969,-13.88836,-301.8498,-327.1711,-293.7183,-105.8295,35.7984,76.79578,-37.74695,-234.3744,-352.0945,-294.3351,-288.6677,-284.8059,24,24,24,24,24,24,24,24,24,24,24,24,24,24,24,24,375,3750,-284.4328,-283.7632,77.65124,-103.0306,0.9175438,-0.2454104,2.568498E-05,-0.7822843,0.3882847,-0.5137045,-0.6569737,0.2693873,0.1279032,-0.2227016,-0.7226855,0.5651306,24,24,24,24,24,24,24,24,24,24,24,24,24,24,24,24
376,3760,-294.5622,-292.8783,-289.9886,-14.25376,-284.9529,-303.3524,-278.7901,-100.4378,38.02798,77.28806,-33.11856,-223.658,-333.8838,-285.7416,-281.1561,-286.7343,24,24,24,24,24,24,24,24,24,24,24,24,24,24,24,24,376,3760,-282.8206,-279.6833,79.35355,-101.0941,-0.264341,2.88956E-05,-0.9141687,0.5214886,0.3882847,0.001376554,0.2627959,0.2693873,-0.3840226,0.222753,0.1204493,-0.452091,24,24,24,24,24,24,24,24,24,24,24,24,24,24,24,24
377,3770,-290.9554,-293.1202,-292.4502,-14.49736,-290.022,-302.3651,-277.897,-96.55082,40.38148,77.28806,-36.20415,-223.658,-330.5511,-283.5932,-283.1831,-283.3596,24,24,24,24,24,24,24,24,24,24,24,24,24,24,24,24,377,3770,-282.6862,-281.3943,80.79396,-103.0306,-0.264341,-1.472613,0.5224229,0.6518655,-0.517676,-0.1273935,-0.9197664,-0.1347338,0.6398289,2.568498E-05,-1.204477,-0.452091,24,24,24,24,24,24,24,24,24,24,24,24,24,24,24,24
378,3780,-291.0756,-290.3389,-294.7888,-14.86276,-308.1257,-319.8897,-283.3834,-92.41303,43.84973,77.41113,-41.30725,-225.4231,-331.9794,-306.748,-307.7446,-289.3857,24,24,24,24,24,24,24,24,24,24,24,24,24,24,24,24,378,3780,-271.1318,-264.4167,79.35355,-102.1269,-0.9209439,0.368191,0.653023,0.6518655,0.6471283,-0.5137558,-1.182556,0.1346808,-7.866025E-05,-0.5567942,0.240897,-0.2260407,24,24,24,24,24,24,24,24,24,24,24,24,24,24,24,24
379,3790,-318.2473,-316.4586,-324.5747,-14.61916,-319.4708,-320.5068,-279.8109,-93.66692,42.23947,77.28806,-34.66136,-224.5405,-343.2867,-314.148,-314.5407,-323.6141,24,24,24,24,24,24,24,24,24,24,24,24,24,24,24,24,379,3790,-284.2984,-286.1322,78.43693,-104.3216,0.1296209,0.7363499,-0.3917714,0.6518655,-0.3882526,-0.7712959,0.6569801,0.4040954,-0.5120044,0.556844,0.3613451,0.2260567,24,24,24,24,24,24,24,24,24,24,24,24,24,24,24,24
380,3800,-310.5526,-309.5659,-312.7588,-14.98456,-294.2462,-297.3051,-267.8173,-91.03378,41.49627,78.51876,-31.21974,-219.3714,-337.0974,-310.9254,-307.1484,-318.4317,24,24,24,24,24,24,24,24,24,24,24,24,24,24,24,24,380,3800,-272.4754,-277.1828,77.5203,-101.4814,1.180185,2.88956E-05,0.9142216,0.2607347,-0.2588292,0.2588653,0.5255854,0.1346808,0.5118471,-0.6681579,0.4817929,-0.2260407,24,24,24,24,24,24,24,24,24,24,24,24,24,24,24,24
381,3810,-298.1691,-309.5659,-306.3585,-14.49736,-287.7289,-294.9603,-268.4552,-92.03687,41.00081,79.13412,-31.69444,-227.3142,-350.6662,-315.9383,-307.1484,-296.7376,24,24,24,24,24,24,24,24,24,24,24,24,24,24,24,24,381,3810,-275.4311,-278.3672,78.69881,-101.8687,-0.3956611,0.1227517,-0.5223715,-0.1303994,0.9059735,0.001325184,-0.5255789,0.2693873,-0.7679665,-0.4454289,0.1204493,6.421245E-06,24,24,24,24,24,24,24,24,24,24,24,24,24,24,24,24
382,3820,-303.6996,-318.877,-304.2661,-14.74096,-293.0393,-319.5195,-285.0421,-99.68552,38.89509,76.3035,-40.23917,-235.0047,-350.5472,-295.5287,-289.1446,-296.9787,24,24,24,24,24,24,24,24,24,24,24,24,24,24,24,24,382,3820,-287.1198,-284.4213,79.74638,-102.5142,0.5235819,-0.9817314,-0.2611729,-0.2607764,0.3882831,-0.3849858,-0.6569737,-0.8082678,0.255885,0.1114439,0.1204493,-0.5651178,24,24,24,24,24,24,24,24,24,24,24,24,24,24,24,24
383,3830,-296.1252,-292.5156,-286.9116,-14.49736,-287.8495,-304.2163,-276.1107,-92.53842,42.23947,79.38026,-36.08549,-224.4144,-333.2886,-277.5062,-275.4331,-290.1089,24,24,24,24,24,24,24,24,24,24,24,24,24,24,24,24,383,3830,-283.4923,-279.6833,80.13923,-100.1905,-0.264341,0.1227517,0.1306258,-0.3911534,0.2588613,-0.3849858,-1.051161,0.2693873,0.5118471,-0.445376,-0.2408942,-0.452091,24,24,24,24,24,24,24,24,24,24,24,24,24,24,24,24
384,3840,-281.0966,-280.5441,-281.0036,-14.01016,-290.6255,-306.0675,-279.1729,-97.42854,37.53257,76.3035,-35.37342,-220.5061,-325.1949,-276.9094,-277.2215,-277.0924,24,24,24,24,24,24,24,24,24,24,24,24,24,24,24,24,384,3840,-314.1247,-310.7432,79.61544,-104.1925,-0.6583028,0.368191,0.2612243,-0.1303994,-0.1294074,-1.543917,-0.5255789,0.6735084,-0.8959484,0.1114439,0.1204493,6.421245E-06,24,24,24,24,24,24,24,24,24,24,24,24,24,24,24,24
385,3850,-285.1844,-282.4789,-280.142,-14.98456,-284.2288,-293.356,-270.2415,-93.03997,39.51442,75.68815,-33.71195,-214.8327,-314.8398,-268.0772,-267.0869,-285.1675,24,24,24,24,24,24,24,24,24,24,24,24,24,24,24,24,385,3850,-293.7031,-293.6339,78.43693,-101.7396,0.5235819,0.2454714,0.653023,-0.1303994,-0.6470978,-0.3849858,0.2627959,-0.2694403,-0.2560408,-0.6681033,-0.361342,0.3390835,24,24,24,24,24,24,24,24,24,24,24,24,24,24,24,24
386,3860,-269.4345,-268.4049,-266.726,-14.13196,-276.5045,-284.8405,-265.1378,-88.90218,42.1156,78.7649,-33.71195,-213.4459,-317.6964,-278.9384,-281.6331,-272.5126,24,24,24,24,24,24,24,24,24,24,24,24,24,24,24,24,386,3860,-291.5535,-299.4247,78.96071,-101.0941,0.1296209,0.2454714,-0.1305728,-0.9126613,0.3882831,0.1300952,-0.2627895,0.1346808,-0.7679665,0.2228076,0.6022406,0.2260567,24,24,24,24,24,24,24,24,24,24,24,24,24,24,24,24
387,3870,-289.9936,-287.7493,-290.9732,-14.01016,-292.3151,-296.4413,-267.8173,-88.02448,44.46906,78.02649,-34.66136,-218.9932,-324.4808,-293.8578,-296.5369,-293.604,24,24,24,24,24,24,24,24,24,24,24,24,24,24,24,24,387,3870,-315.4682,-306.7949,81.44869,-101.0941,0.6549028,-0.7362921,-0.1305728,0.6518655,0.9059735,-0.3849858,-0.5255789,-1.077681,-0.6399847,0.1114439,-0.4817901,-0.5651178,24,24,24,24,24,24,24,24,24,24,24,24,24,24,24,24
388,3880,-303.5794,-300.5651,-302.2968,-14.74096,-301.0049,-302.3651,-270.4967,-90.40683,41.99174,78.14956,-32.88121,-218.8671,-329.5988,-299.2287,-299.0407,-310.5977,24,24,24,24,24,24,24,24,24,24,24,24,24,24,24,24,388,3880,-293.4344,-295.3449,79.4845,-100.836,-0.6583028,-0.7362921,-0.2611729,-2.247436E-05,-0.2588292,-0.1274449,-1.051161,0.1346808,0.255885,-0.445376,-0.2408942,-0.6781413,24,24,24,24,24,24,24,24,24,24,24,24,24,24,24,24
389,3890,-291.5565,-300.2024,-302.2968,-13.76656,-290.2634,-293.2325,-267.6897,-89.15295,43.35426,80.24174,-32.76254,-222.2711,-334.0028,-293.1416,-291.2908,-301.7996,24,24,24,24,24,24,24,24,24,24,24,24,24,24,24,24,389,3890,-297.3306,-293.7656,80.66301,-101.3523,0.2609409,0.4909106,0.5224229,0.2607347,0.5177065,-1.157607,-0.3941842,0.8082148,0.255885,0.4455349,0.1204493,-0.1130171,24,24,24,24,24,24,24,24,24,24,24,24,24,24,24,24
390,3900,-289.2722,-291.4973,-289.4962,-13.76656,-280.4874,-291.7516,-270.3691,-95.04617,40.00988,78.7649,-31.10106,-221.7669,-333.2886,-290.9932,-285.5677,-286.8548,24,24,24,24,24,24,24,24,24,24,24,24,24,24,24,24,390,3900,-299.749,-290.8701,79.2226,-100.7069,0.1296209,0.3681942,0.2612243,0.1303545,-0.905943,-0.5137558,0.3941906,-0.2694403,0.1279032,-0.5567396,0.1204493,0.2260567,24,24,24,24,24,24,24,24,24,24,24,24,24,24,24,24
391,3910,-299.2512,-294.399,-288.3885,-13.76656,-300.4015,-325.937,-285.4248,-96.67621,42.73493,80.24174,-35.72945,-224.9187,-332.8125,-281.9223,-282.2292,-284.2033,24,24,24,24,24,24,24,24,24,24,24,24,24,24,24,24,391,3910,-287.3885,-290.8701,80.00828,-99.41589,-0.001700025,0.859076,-0.1305728,-1.173415,1.605311E-05,0.2588653,3.210623E-06,0.8082148,-0.3840226,-0.2226471,-0.2408942,-0.452091,24,24,24,24,24,24,24,24,24,24,24,24,24,24,24,24
392,3920,-291.1959,-286.5403,-288.7577,-14.25376,-304.0223,-314.8298,-279.9384,-92.28765,43.2304,78.39569,-34.78004,-218.1107,-324.4808,-284.4288,-284.4946,-292.5193,24,24,24,24,24,24,24,24,24,24,24,24,24,24,24,24,392,3920,-284.1641,-289.554,80.00828,-102.3851,0.2609409,-0.2454072,-0.65297,-2.247436E-05,0.9059735,-0.9000664,0.6569801,-0.5388532,-0.5120044,0.8909895,0.240897,-0.1130171,24,24,24,24,24,24,24,24,24,24,24,24,24,24,24,24
393,3930,-293.6004,-294.399,-296.8812,-14.37556,-290.9876,-298.5393,-268.2,-87.89909,44.84061,78.7649,-32.76254,-215.5892,-318.5295,-280.7287,-280.2023,-293.2425,24,24,24,24,24,24,24,24,24,24,24,24,24,24,24,24,393,3930,-298.1367,-301.3989,79.2226,-101.0941,-0.001700025,-0.7362889,0.1306258,0.3911116,1.605311E-05,0.001325184,-1.051161,-0.8082678,0.1279032,-0.445376,-1.084029,-0.7911649,24,24,24,24,24,24,24,24,24,24,24,24,24,24,24,24
394,3940,-282.4192,-284.8477,-284.6961,-13.52296,-277.7115,-281.6317,-258.8859,-86.39443,44.46901,82.82626,-26.11664,-210.5462,-323.8857,-287.89,-285.0908,-284.0828,24,24,24,24,24,24,24,24,24,24,24,24,24,24,24,24,394,3940,-298.0024,-296.2661,79.09165,-101.9978,-0.789623,3.210623E-05,0.653023,-0.1303994,0.5177065,-1.157555,-0.3941842,0.1346808,0.8957911,-0.6681033,-0.2408942,-0.1130171,24,24,24,24,24,24,24,24,24,24,24,24,24,24,24,24
395,3950,-280.6158,-281.0997,-281.8652,-14.37556,-269.8665,-276.942,-258.2479,-88.52602,43.23035,81.10328,-27.18473,-213.8241,-327.3374,-289.4417,-284.3754,-281.4312,24,24,24,24,24,24,24,24,24,24,24,24,24,24,24,24,395,3950,-290.3443,-290.4753,79.74638,-101.0941,0.3922618,1.227235,-1.044767,0.7822425,-0.1294058,-0.9000146,-0.2627831,-2.568498E-05,-0.1280589,0.1114439,0.3613451,0.3390835,24,24,24,24,24,24,24,24,24,24,24,24,24,24,24,24
396,3960,-285.1844,-290.5301,-286.1731,-13.64476,-280.3667,-296.1945,-271.1346,-94.79539,41.24849,80.24178,-29.20223,-220.254,-333.6457,-285.0255,-279.3677,-280.5876,24,24,24,24,24,24,24,24,24,24,24,24,24,24,24,24,396,3960,-288.4633,-285.6058,79.2226,-100.0614,-0.001700025,-0.3681268,-0.2611729,-1.043038,-0.2588276,-0.2561635,-0.1313883,1.077629,-0.2560408,-1.002194,-0.1204465,-0.2260407,24,24,24,24,24,24,24,24,24,24,24,24,24,24,24,24
397,3970,-281.4573,-280.737,-275.588,-13.88836,-281.9357,-297.6754,-272.6657,-91.53532,44.84061,83.56467,-28.96488,-213.9502,-318.8866,-264.4966,-265.06,-281.0697,24,24,24,24,24,24,24,24,24,24,24,24,24,24,24,24,397,3970,-280.2679,-278.4989,81.44869,-100.1905,0.1296209,0.3681942,-0.65297,-0.3911534,0.7765533,0.5164568,-0.5255757,-0.1347338,-0.6399847,-0.2226471,0.7226887,-0.1130171,24,24,24,24,24,24,24,24,24,24,24,24,24,24,24,24
398,3980,-282.2989,-279.7697,-282.8498,-13.27936,-285.315,-297.3051,-272.5381,-90.53222,44.22128,81.22635,-32.64386,-216.4717,-319.6008,-274.8804,-273.1677,-279.985,24,24,24,24,24,24,24,24,24,24,24,24,24,24,24,24,398,3980,-275.4311,-274.419,81.44869,-101.0941,0.1296209,-1.104448,2.568498E-05,0.3911116,-0.388251,-0.1273935,-0.6569704,-0.6735597,0.1279032,-0.2226471,-0.9635813,-0.9041916,24,24,24,24,24,24,24,24,24,24,24,24,24,24,24,24
399,3990,-275.8066,-275.4172,-272.5109,-14.49735,-281.3322,-295.3306,-266.4138,-87.27215,47.31792,84.91845,-25.16723,-204.4946,-308.4124,-270.1062,-269.71,-277.3335,24,24,24,24,24,24,24,24,24,24,24,24,24,24,24,24,399,3990,-280.5365,-283.8948,81.44869,-100.0614,-0.6583028,-0.9817281,0.2612243,0.3911116,0.1294395,0.001376554,-0.2627831,0.1346808,0.6398289,8.026557E-05,1.605311E-06,-1.017215,24,24,24,24,24,24,24,24,24,24,24,24,24,24,24,24
400,4000,-273.402,-274.2082,-273.1263,-14.13196,-275.9011,-281.3849,-260.0342,-84.63901,45.58381,81.96477,-28.84621,-206.89,-308.6505,-271.8965,-273.4062,-277.8156,24,24,24,24,24,24,24,24,24,24,24,24,24,24,24,24,400,4000,-295.3153,-297.9771,80.66301,-102.5142,0.3922618,0.4909138,-1.175367,0.3911116,-0.1294058,-1.286326,-0.6569704,-0.5388532,-0.5120044,0.5568985,0.1204493,0.5651306,24,24,24,24,24,24,24,24,24,24,24,24,24,24,24,24
401,4010,-273.5222,-275.2963,-281.0036,-13.88836,-278.677,-281.7551,-258.5031,-82.38203,47.81339,82.82626,-27.65944,-211.0505,-317.5773,-285.861,-282.7061,-280.467,24,24,24,24,24,24,24,24,24,24,24,24,24,24,24,24,401,4010,-287.926,-285.869,78.30598,-100.9651,0.3922618,-0.1226875,0.3918244,-0.2607764,-0.6470962,-0.3849344,-0.1313883,-0.2694403,0.5118471,-0.8908306,1.605311E-06,0.2260567,24,24,24,24,24,24,24,24,24,24,24,24,24,24,24,24
402,4020,-274.2436,-273.3619,-281.619,-13.76656,-272.8838,-274.844,-253.1442,-82.25665,47.93726,83.19547,-24.45517,-208.2769,-319.1247,-297.7964,-295.9407,-283.6006,24,24,24,24,24,24,24,24,24,24,24,24,24,24,24,24,402,4020,-301.7643,-303.5046,81.31775,-99.54498,-0.3956611,3.210623E-05,-0.9141687,-0.9126613,0.1294395,0.2589166,-0.6569704,-0.1347338,-0.2560408,0.1114439,0.4817929,0.1130332,24,24,24,24,24,24,24,24,24,24,24,24,24,24,24,24
403,4030,-297.0871,-308.3029,-311.8972,-13.76656,-289.5392,-293.4794,-267.9448,-90.65761,43.23035,80.98021,-31.45709,-226.0535,-348.8809,-312.5964,-305.8369,-288.9037,24,24,24,24,24,24,24,24,24,24,24,24,24,24,24,24,403,4030,-308.2132,-303.6362,81.05585,-99.93227,1.311506,-0.4908464,-0.1305728,0.5214886,0.9059751,0.2589166,0.1314044,-0.8082678,-0.1280589,-0.3340123,-0.9635813,-0.3390674,24,24,24,24,24,24,24,24,24,24,24,24,24,24,24,24
404,4040,-306.2244,-305.8848,-299.0967,-13.64476,-287.8496,-305.0802,-273.3037,-92.91459,44.22128,81.96477,-32.16915,-226.4317,-340.3111,-291.1126,-285.6869,-296.0145,24,24,24,24,24,24,24,24,24,24,24,24,24,24,24,24,404,4040,-296.5245,-302.715,80.13923,-98.25403,-0.789623,3.210623E-05,0.1306258,0.5214886,1.605311E-05,-0.2561635,-0.9197599,0.1346808,-7.866025E-05,-0.1112834,-0.9635813,-0.6781413,24,24,24,24,24,24,24,24,24,24,24,24,24,24,24,24
405,4050,-283.6215,-292.9482,-289.0039,-14.49735,-292.3151,-314.7064,-281.0867,-93.66692,45.33607,81.22635,-37.86563,-230.466,-339.835,-289.2029,-292.1254,-283.6006,24,24,24,24,24,24,24,24,24,24,24,24,24,24,24,24,405,4050,-291.4191,-301.0041,81.57964,-98.89951,-0.264341,0.6136335,0.3918244,0.1303545,0.9059751,-1.028785,0.3941938,0.4040954,-7.866025E-05,0.6682622,0.9635841,-0.1130171,24,24,24,24,24,24,24,24,24,24,24,24,24,24,24,24
406,4060,-317.4057,-310.7209,-313.8666,-13.40116,-321.1604,-334.9461,-284.6593,-89.27834,47.81339,81.8417,-35.84813,-221.893,-331.1462,-291.7094,-296.4177,-310.9593,24,24,24,24,24,24,24,24,24,24,24,24,24,24,24,24,406,4060,-304.317,-309.9535,80.79396,-99.02861,0.5235819,0.3681942,0.1306258,0.2607347,-0.6470962,-0.1273935,-0.2627831,-0.5388532,-0.2560408,8.026557E-05,0.1204493,0.2260567,24,24,24,24,24,24,24,24,24,24,24,24,24,24,24,24
407,4070,-297.568,-296.0917,-297.2505,-14.25376,-299.5566,-301.3778,-266.2861,-83.00896,50.16684,83.68774,-29.43959,-214.8328,-322.4573,-288.1287,-288.7869,-303.8484,24,24,24,24,24,24,24,24,24,24,24,24,24,24,24,24,407,4070,-293.4344,-292.8443,82.6272,-96.96307,-0.264341,0.3681942,0.2612243,-1.173415,-0.1294058,0.001376554,0.1314044,0.2693873,-0.1280589,-0.3340123,-0.6022378,-0.1130171,24,24,24,24,24,24,24,24,24,24,24,24,24,24,24,24
408,4080,-287.8294,-290.0465,-295.5273,-13.88836,-288.9358,-289.4067,-262.8412,-87.52293,45.9554,82.45705,-24.09914,-211.807,-327.2184,-298.6319,-296.7754,-292.2783,24,24,24,24,24,24,24,24,24,24,24,24,24,24,24,24,408,4080,-272.0723,-274.2874,82.6272,-98.51221,-0.5269819,-0.4908464,-0.3917714,0.6518655,0.1294395,-0.2561635,0.6569865,-0.4041468,-0.2560408,8.026557E-05,1.605311E-06,0.2260567,24,24,24,24,24,24,24,24,24,24,24,24,24,24,24,24
409,4090,-298.4095,-306.9729,-303.1584,-13.76656,-286.0392,-300.6373,-272.6657,-95.67311,42.36329,84.18003,-26.47267,-225.5491,-351.6185,-301.3771,-292.6023,-289.2652,24,24,24,24,24,24,24,24,24,24,24,24,24,24,24,24,409,4090,-272.0723,-271.1288,81.97247,-98.51221,-0.264341,-0.4908464,2.568498E-05,0.7822425,-0.2588276,0.3876867,-0.2627831,-0.2694403,0.6398289,0.1114439,1.605311E-06,-0.7911649,24,24,24,24,24,24,24,24,24,24,24,24,24,24,24,24
410,4100,-305.8637,-302.6204,-291.4656,-14.13196,-287.8495,-306.9314,-277.6418,-95.17155,43.97355,82.82622,-29.08356,-223.1537,-336.7403,-281.4449,-276.8638,-282.8775,24,24,24,24,24,24,24,24,24,24,24,24,24,24,24,24,410,4100,-270.4601,-264.9431,84.06762,-99.02861,-0.6583028,0.2454746,0.1306258,-0.6519073,0.9059751,-0.6425259,-0.5255757,0.1346808,-0.1280589,-0.1112834,0.1204493,-0.5651178,24,24,24,24,24,24,24,24,24,24,24,24,24,24,24,24
411,4110,-297.4477,-291.3764,-283.2191,-13.64476,-285.9185,-304.4631,-274.9623,-90.90839,46.94633,84.54921,-29.32091,-218.7411,-327.9325,-278.103,-276.9831,-280.9492,24,24,24,24,24,24,24,24,24,24,24,24,24,24,24,24,411,4110,-284.7015,-278.2357,80.79396,-100.9651,0.2609409,0.1227549,-0.1305728,0.3911116,-0.1294058,-0.6425259,6.421245E-06,0.4040954,-7.866025E-05,0.3341712,0.4817929,0.452107,24,24,24,24,24,24,24,24,24,24,24,24,24,24,24,24
412,4120,-288.0699,-285.694,-286.7885,-14.13196,-303.1774,-315.2,-278.5349,-89.02757,47.8134,83.44157,-29.67694,-213.0677,-327.2184,-304.9577,-302.9753,-285.1674,24,24,24,24,24,24,24,24,24,24,24,24,24,24,24,24,412,4120,-278.1182,-276.9196,80.13923,-100.0614,0.9175438,3.210623E-05,-0.2611729,-0.3911534,-0.388251,0.001325184,0.2627991,-0.9429743,-0.1280589,-0.7794669,0.1204493,-0.2260407,24,24,24,24,24,24,24,24,24,24,24,24,24,24,24,24
413,4130,-303.8199,-299.8396,-304.02,-13.64476,-298.7118,-300.3905,-266.7965,-87.7737,46.6986,81.71859,-26.47267,-209.2855,-316.9822,-285.0255,-286.6407,-308.9104,24,24,24,24,24,24,24,24,24,24,24,24,24,24,24,24,413,4130,-281.3427,-281.3943,79.2226,-101.2233,-0.264341,0.859076,0.1306258,-0.7822843,0.3882847,0.1300952,-0.6569704,0.1346808,-0.2560408,0.1114439,-0.361342,0.452107,24,24,24,24,24,24,24,24,24,24,24,24,24,24,24,24
414,4140,-274.6043,-279.8907,-288.5116,-13.52296,-279.6425,-279.9039,-256.7168,-83.00896,47.31793,84.05692,-24.33648,-211.1766,-326.3852,-297.4384,-293.7946,-288.06,24,24,24,24,24,24,24,24,24,24,24,24,24,24,24,24,414,4140,-268.3105,-269.4178,81.97247,-99.545,0.6549028,-0.4908464,-0.65297,0.2607347,-0.1294058,-0.5137558,0.3941938,-0.9429743,0.1279032,0.1113893,-1.324925,-0.1130171,24,24,24,24,24,24,24,24,24,24,24,24,24,24,24,24
415,4150,-286.5069,-288.3539,-288.3885,-14.49735,-279.4011,-286.9385,-261.4377,-86.89599,44.96448,82.21087,-26.94737,-214.5806,-329.7179,-292.1867,-288.7869,-283.7212,24,24,24,24,24,24,24,24,24,24,24,24,24,24,24,24,415,4150,-266.4295,-268.4966,82.23437,-100.0614,-0.789623,-0.3681268,0.5224229,0.3911116,-1.035365,-0.2562149,-0.9197599,-2.568498E-05,0.255885,-0.3340653,-1.083978,-0.452091,24,24,24,24,24,24,24,24,24,24,24,24,24,24,24,24
416,4160,-284.944,-288.9584,-285.1884,-13.40116,-272.5217,-284.4702,-262.9688,-90.40683,44.34515,82.45701,-23.98046,-209.6637,-318.5295,-276.3126,-272.2139,-282.0339,24,24,24,24,24,24,24,24,24,24,24,24,24,24,24,24,416,4160,-270.4601,-271.6552,81.97247,-100.7069,-0.1330201,0.4909138,0.1306258,-0.1303994,0.1294395,-0.3849858,0.5255918,-2.568498E-05,0.1279032,0.3341167,0.6022919,0.1130332,24,24,24,24,24,24,24,24,24,24,24,24,24,24,24,24
417,4170,-274.9649,-279.6489,-273.9879,-14.13196,-268.1768,-277.6825,-261.3101,-89.52912,44.34515,83.07236,-27.77811,-214.2024,-326.5042,-279.7739,-275.4331,-270.5843,24,24,24,24,24,24,24,24,24,24,24,24,24,24,24,24,417,4170,-272.0723,-270.6023,80.27017,-100.5778,-0.1330201,3.210623E-05,2.568498E-05,0.3911116,0.1294395,-0.2562149,0.5255918,-0.9429743,0.5118471,0.222753,0.8431878,0.5651306,24,24,24,24,24,24,24,24,24,24,24,24,24,24,24,24
418,4180,-282.1786,-281.8251,-277.5573,-14.01016,-286.0392,-303.4758,-274.7072,-92.03687,44.71675,81.34938,-32.99989,-217.3543,-320.4339,-270.703,-271.737,-275.1641,24,24,24,24,24,24,24,24,24,24,24,24,24,24,24,24,418,4180,-277.7152,-276.9196,79.74638,-101.7396,-0.264341,-0.2454072,0.2612243,-1.043038,1.035397,0.1300952,-0.2627831,0.6735084,-0.1280589,-0.6681579,-0.2408428,-0.3390674,24,24,24,24,24,24,24,24,24,24,24,24,24,24,24,24
419,4190,-273.7627,-276.1426,-281.9883,-13.40116,-293.5221,-303.1056,-270.7518,-86.7706,48.06113,82.45701,-31.69444,-217.7325,-324.9569,-288.2481,-286.76,-284.0828,24,24,24,24,24,24,24,24,24,24,24,24,24,24,24,24,419,4190,-278.6556,-272.05,78.82977,-101.4814,0.5235819,-0.4908464,-0.5223715,0.1303545,0.3882847,-0.1274449,0.5255918,-0.2694403,-0.1280589,0.1113893,0.6022919,-0.2260407,24,24,24,24,24,24,24,24,24,24,24,24,24,24,24,24
420,4200,-282.6596,-278.198,-283.8345,-13.27936,-284.9529,-288.296,-260.2894,-80.752,50.91004,84.30306,-30.62635,-213.1938,-318.4105,-287.2932,-290.8139,-291.9167,24,24,24,24,24,24,24,24,24,24,24,24,24,24,24,24,420,4200,-270.5945,-271.2603,82.23437,-99.0286,0.7862237,-0.9817281,0.5224229,1.30375,-0.1294058,0.2588653,-0.3941778,-0.1347338,-0.2560408,2.568498E-05,-0.6021864,-0.6781413,24,24,24,24,24,24,24,24,24,24,24,24,24,24,24,24
421,4210,-297.8083,-295.1245,-303.1584,-14.01016,-299.4359,-296.4413,-265.393,-83.88668,48.18499,85.28762,-25.64193,-213.8242,-333.0506,-302.9287,-299.2792,-301.3175,24,24,24,24,24,24,24,24,24,24,24,24,24,24,24,24,421,4210,-293.0314,-295.6081,83.15099,-99.67409,-1.183533,3.210623E-05,0.1306258,0.1303545,0.3882847,-0.6425259,-0.6569704,-2.568498E-05,0.6398289,-0.3340653,-0.2408428,0.3390835,24,24,24,24,24,24,24,24,24,24,24,24,24,24,24,24
422,4220,-305.9839,-309.7537,-309.6817,-13.88836,-294.2462,-305.0802,-267.4345,-87.89909,46.57473,87.25674,-15.0797,-210.0419,-342.3345,-316.2964,-302.6177,-299.6302,24,24,24,24,24,24,24,24,24,24,24,24,24,24,24,24,422,4220,-287.6573,-284.5529,83.15099,-100.4487,0.5236333,0.6136335,2.568498E-05,0.3911116,-0.5176744,-0.7712959,0.3941938,-0.1347338,0.3838653,0.1113893,0.6022919,0.452107,24,24,24,24,24,24,24,24,24,24,24,24,24,24,24,24
423,4230,-311.8751,-312.6554,-290.7271,-13.15756,-279.4011,-307.9187,-281.5971,-100.814,39.63824,83.68771,-29.32091,-227.6924,-353.8799,-292.0674,-284.7331,-287.819,24,24,24,24,24,24,24,24,24,24,24,24,24,24,24,24,423,4230,-286.045,-288.5012,79.61544,-101.6105,1.180236,-0.3681268,0.7836199,-1.564546,0.2588629,0.3876353,-0.1313883,-0.1347338,-0.5120044,-0.3340653,-0.3612906,-0.2260407,24,24,24,24,24,24,24,24,24,24,24,24,24,24,24,24
424,4240,-312.2358,-302.4995,-285.9269,-13.40116,-290.3841,-321.6175,-283.8937,-93.29073,47.56567,86.14912,-32.99989,-229.5836,-342.9297,-276.79,-276.1485,-283.1186,24,24,24,24,24,24,24,24,24,24,24,24,24,24,24,24,424,4240,-278.1182,-273.4977,78.56787,-101.7396,0.1296722,3.210623E-05,-0.9141703,0.2607347,0.6471299,-0.2562149,6.421245E-06,-0.2694403,-0.5120044,0.7795713,-0.2408428,0.3390835,24,24,24,24,24,24,24,24,24,24,24,24,24,24,24,24
425,4250,-307.4267,-296.3335,-296.2657,-14.74096,-314.8845,-330.9969,-284.6592,-89.6545,48.18499,83.68771,-31.33841,-218.1107,-329.8369,-293.261,-292.8408,-296.135,24,24,24,24,24,24,24,24,24,24,24,24,24,24,24,24,425,4250,-267.6387,-266.5224,78.96071,-101.9978,-0.5269306,-0.9817281,0.1306226,0.2607347,-0.517676,-0.1274449,6.421245E-06,-0.6735597,-7.866025E-05,-0.111338,-1.445321,-0.6781413,24,24,24,24,24,24,24,24,24,24,24,24,24,24,24,24
426,4260,-309.3503,-301.5323,-303.8969,-13.15756,-308.7292,-312.2381,-269.6035,-81.75508,50.41458,85.77989,-27.18473,-208.2769,-311.3881,-270.9417,-272.0946,-308.3078,24,24,24,24,24,24,24,24,24,24,24,24,24,24,24,24,426,4260,-280.4022,-278.6305,80.27017,-99.41589,-0.2642896,0.2454746,0.1306226,-0.1303962,0.3882831,-0.6424745,6.421245E-06,0.1346808,0.255885,-0.5567942,0.3613965,-0.7911649,24,24,24,24,24,24,24,24,24,24,24,24,24,24,24,24
427,4270,-272.5604,-272.3947,-272.3878,-13.15756,-273.1252,-279.4103,-255.5685,-79.12195,51.15778,85.53376,-26.47267,-207.1422,-306.9841,-269.7481,-268.637,-276.7309,24,24,24,24,24,24,24,24,24,24,24,24,24,24,24,24,427,4270,-284.4328,-279.815,83.80573,-100.5778,0.5236333,0.3681942,-0.5223731,0.5214918,-0.1294074,-0.1273935,0.1314044,-0.2694403,-0.6399847,0.4454803,0.2409484,0.452107,24,24,24,24,24,24,24,24,24,24,24,24,24,24,24,24
428,4280,-268.5928,-270.4602,-271.7724,-14.37556,-271.3148,-276.942,-253.3994,-79.12195,50.04298,83.81078,-25.04855,-204.7468,-305.9129,-274.2836,-274.0023,-276.2488,24,24,24,24,24,24,24,24,24,24,24,24,24,24,24,24,428,4280,-274.8937,-276.7879,82.23437,-100.5778,-0.001648655,-0.2454072,-0.1305744,-0.3911502,-0.7765212,0.1301466,0.5255918,-0.2694403,-7.866025E-05,-0.8908852,-0.2408428,0.1130332,24,24,24,24,24,24,24,24,24,24,24,24,24,24,24,24
429,4290,-271.3581,-264.536,-270.6647,-13.27936,-267.8147,-270.648,-250.4648,-79.87428,49.67138,86.39525,-19.82677,-197.3083,-304.3656,-275.8352,-274.0023,-276.8514,24,24,24,24,24,24,24,24,24,24,24,24,24,24,24,24,429,4290,-295.181,-299.688,81.97247,-101.9978,-0.2642896,0.4909138,-0.391773,-0.5215271,0.2588613,-0.1273935,-0.5255757,0.6735084,-0.7679665,0.1113893,0.6022919,-0.1130171,24,24,24,24,24,24,24,24,24,24,24,24,24,24,24,24
430,4300,-273.2817,-276.1426,-280.5113,-13.40116,-269.6251,-273.9801,-255.9512,-87.14675,43.72582,81.59551,-22.91236,-210.2941,-324.1238,-290.2771,-282.3485,-273.5973,24,24,24,24,24,24,24,24,24,24,24,24,24,24,24,24,430,4300,-281.2083,-283.7632,80.53207,-102.3851,0.1296722,-1.227167,0.1306226,0.1303577,0.9059735,0.3876867,-0.7883652,-1.347095,0.3838653,0.1113893,-0.6021864,-0.452091,24,24,24,24,24,24,24,24,24,24,24,24,24,24,24,24
431,4310,-284.7035,-286.1776,-280.6343,-13.52296,-272.1596,-285.3341,-264.6274,-91.6607,43.84968,83.31849,-24.45516,-213.572,-329.0038,-284.3094,-278.6523,-273.3563,24,24,24,24,24,24,24,24,24,24,24,24,24,24,24,24,431,4310,-277.4464,-277.8408,79.4845,-102.256,-0.7895716,-0.7362889,-0.391773,0.9126227,-0.1294074,-0.3849344,-0.5255757,0.2693873,-7.866025E-05,-0.5567942,-0.4817901,-0.2260407,24,24,24,24,24,24,24,24,24,24,24,24,24,24,24,24
432,4320,-283.0202,-282.0669,-277.8034,-14.01016,-273.4873,-284.9639,-266.2861,-92.53841,42.61103,83.31849,-22.55634,-210.2941,-324.8379,-276.79,-272.3331,-273.2357,24,24,24,24,24,24,24,24,24,24,24,24,24,24,24,24,432,4320,-270.0571,-269.2862,81.05585,-103.9343,-0.2642896,0.6136335,0.2612227,-1.926374E-05,0.2588613,-1.415096,0.3941938,0.4040954,-7.866025E-05,0.556844,-0.361342,-0.1130171,24,24,24,24,24,24,24,24,24,24,24,24,24,24,24,24
433,4330,-276.2875,-274.45,-271.6493,-13.88836,-277.3494,-292.8623,-265.2654,-88.27524,46.327,82.33393,-28.96488,-211.6809,-310.0788,-264.2578,-262.0792,-273.7178,24,24,24,24,24,24,24,24,24,24,24,24,24,24,24,24,433,4330,-267.6387,-270.6023,78.30598,-103.9343,0.3923132,0.2454746,-0.391773,-1.926374E-05,-0.2588292,0.2589166,6.421245E-06,-0.8082678,0.5118471,-0.7795215,-0.1204465,0.9042076,24,24,24,24,24,24,24,24,24,24,24,24,24,24,24,24
434,4340,-264.7456,-263.4937,-262.4182,-13.52296,-269.1423,-280.2742,-260.4169,-85.89287,47.93726,84.79533,-23.86178,-201.9731,-304.2466,-262.7062,-264.2254,-264.6786,24,24,24,24,24,24,24,24,24,24,24,24,24,24,24,24,434,4340,-300.0177,-296.3977,79.61544,-103.8052,-0.2642896,0.7363531,-0.391773,-1.043035,-0.1294074,0.3876867,-1.182553,0.5388019,-1.02393,-0.3340653,-0.4817901,6.421245E-06,24,24,24,24,24,24,24,24,24,24,24,24,24,24,24,24
435,4350,-272.4402,-270.1446,-270.6647,-13.40116,-274.0907,-277.1888,-257.4823,-83.13435,47.4418,82.33393,-26.23532,-204.3686,-303.6515,-265.332,-264.9408,-272.151,24,24,24,24,24,24,24,24,24,24,24,24,24,24,24,24,435,4350,-305.3918,-303.6362,79.35355,-104.5798,0.1296722,-0.3681268,-0.7835717,-0.1303962,-0.1294074,0.001376554,0.7883812,-0.1347338,-0.3840226,0.4454803,1.605311E-06,0.1130332,24,24,24,24,24,24,24,24,24,24,24,24,24,24,24,24
436,4360,-266.6693,-265.0658,-267.7107,-13.64476,-272.0389,-279.1635,-257.7375,-83.88667,48.18499,82.70314,-25.16722,-205.7554,-309.7217,-278.5804,-277.46,-272.0305,24,24,24,24,24,24,24,24,24,24,24,24,24,24,24,24,436,4360,-312.3781,-307.4529,74.90137,-104.4506,-0.5269306,-0.613566,0.1306226,0.3911116,1.605311E-05,0.1301466,-1.051158,-2.568498E-05,-7.866025E-05,0.556844,-0.6022378,-0.9041916,24,24,24,24,24,24,24,24,24,24,24,24,24,24,24,24
437,4370,-280.0146,-280.3022,-282.3575,-13.27936,-277.108,-280.6444,-256.8444,-83.25974,48.68046,84.79533,-24.69252,-204.3686,-307.6983,-271.7772,-273.4062,-283.2391,24,24,24,24,24,24,24,24,24,24,24,24,24,24,24,24,437,4370,-288.1947,-291.7914,78.69881,-105.0961,-0.2642896,0.7363531,0.2612227,-1.926374E-05,0.3882831,-1.286326,6.421245E-06,0.5388019,0.1279032,-0.2227016,0.240897,0.5651306,24,24,24,24,24,24,24,24,24,24,24,24,24,24,24,24
438,4380,-273.402,-274.7397,-280.5113,-13.52296,-274.4528,-276.8186,-254.0374,-82.13125,47.19407,82.70314,-27.65944,-210.4202,-315.0779,-277.2675,-274.0023,-277.8156,24,24,24,24,24,24,24,24,24,24,24,24,24,24,24,24,438,4380,-291.6878,-292.8443,77.65124,-104.1925,-0.001648655,0.4909138,-0.5223731,0.2607347,-0.3882526,-0.6424745,0.2627991,-0.2694403,0.6398289,0.3341167,0.6022406,0.3390835,24,24,24,24,24,24,24,24,24,24,24,24,24,24,24,24
439,4390,-269.194,-270.7492,-271.157,-13.52296,-269.6251,-275.9547,-255.0582,-83.6359,48.30886,84.42612,-20.42015,-198.443,-299.9617,-269.1514,-271.1407,-275.1641,24,24,24,24,24,24,24,24,24,24,24,24,24,24,24,24,439,4390,-289.6725,-298.5035,78.96071,-103.8052,0.9175951,3.210623E-05,0.9142184,-0.1303962,0.3882831,0.001376554,0.7883812,-0.2694403,-7.866025E-05,-0.8908852,-0.361342,-0.3390674,24,24,24,24,24,24,24,24,24,24,24,24,24,24,24,24
440,4400,-267.1501,-275.7071,-292.9425,-13.15756,-284.3495,-284.717,-261.1825,-84.01206,47.19407,83.44156,-27.65944,-210.168,-320.315,-287.1739,-286.6407,-279.3824,24,24,24,24,24,24,24,24,24,24,24,24,24,24,24,24,440,4400,-290.0756,-290.6069,78.04408,-104.967,-0.2642896,0.1227549,-0.7835717,-0.2607764,0.1294379,0.3876867,0.3941938,0.1346808,-0.8959484,2.568498E-05,0.4817929,0.3390835,24,24,24,24,24,24,24,24,24,24,24,24,24,24,24,24
441,4410,-289.5127,-289.0088,-291.8348,-13.15756,-281.6943,-285.4575,-258.8859,-82.50741,49.42365,86.51832,-22.55634,-206.6379,-318.6486,-287.1739,-283.66,-289.3858,24,24,24,24,24,24,24,24,24,24,24,24,24,24,24,24,441,4410,-304.8544,-304.8207,76.86556,-106.1289,-0.001648655,-1.104448,-0.7835717,-0.2607764,-0.905943,-0.1273935,6.421245E-06,-0.5388532,-7.866025E-05,0.556844,-0.4817901,6.421245E-06,24,24,24,24,24,24,24,24,24,24,24,24,24,24,24,24
442,4420,-283.0203,-290.4598,-288.8808,-13.15756,-277.7115,-284.8405,-257.3548,-84.26284,46.6986,84.67228,-24.57384,-212.5634,-326.9803,-290.9932,-285.3292,-282.9981,24,24,24,24,24,24,24,24,24,24,24,24,24,24,24,24,442,4420,-314.7965,-310.4799,76.99651,-104.967,-0.7895716,-0.3681268,-0.2611745,0.3911116,0.1294379,-0.6424745,-1.051158,-0.1347338,0.5118471,-0.111338,-0.6022378,-0.3390674,24,24,24,24,24,24,24,24,24,24,24,24,24,24,24,24
443,4430,-273.6425,-282.4789,-284.3268,-12.91396,-269.0217,-275.7079,-256.972,-84.88978,45.9554,84.30306,-25.52325,-207.3944,-314.0066,-272.6126,-270.9023,-279.0208,24,24,24,24,24,24,24,24,24,24,24,24,24,24,24,24,443,4430,-292.3596,-295.4765,77.5203,-105.7416,-0.1329687,0.1227549,0.2612227,-0.5215303,0.5177065,-0.5137045,0.1313979,-0.1347338,-0.5120044,-0.2227016,0.1204493,0.1130332,24,24,24,24,24,24,24,24,24,24,24,24,24,24,24,24
444,4440,-265.9478,-269.1772,-269.5569,-12.79216,-259.487,-264.7242,-248.8062,-80.87737,47.68953,84.42613,-20.53883,-202.3513,-309.6027,-279.5352,-274.9561,-266.3659,24,24,24,24,24,24,24,24,24,24,24,24,24,24,24,24,444,4440,-298.1368,-302.3202,75.2942,-106.6453,1.048916,0.859076,-0.391773,-0.2607764,-0.2588292,0.001376554,0.2627959,-0.2694403,0.7678108,-0.5567942,-0.2408942,6.421245E-06,24,24,24,24,24,24,24,24,24,24,24,24,24,24,24,24
445,4450,-277.0089,-281.7533,-278.5419,-13.52296,-268.5389,-278.9167,-260.7997,-89.77989,43.23035,82.33394,-22.31898,-206.0075,-316.5062,-279.6546,-275.1946,-271.0663,24,24,24,24,24,24,24,24,24,24,24,24,24,24,24,24,445,4450,-286.7168,-292.1862,76.99651,-104.7088,-0.001648655,0.6136335,-0.5223731,-1.173415,-0.3882526,0.3876867,0.2627959,0.8082148,-0.1280059,-0.4454289,0.7226887,6.421245E-06,24,24,24,24,24,24,24,24,24,24,24,24,24,24,24,24
446,4460,-281.0966,-285.2601,-284.2037,-12.54856,-275.9011,-285.2107,-262.9688,-88.14985,43.72581,83.07236,-25.2859,-208.2769,-317.3393,-277.3868,-274.1215,-268.5353,24,24,24,24,24,24,24,24,24,24,24,24,24,24,24,24,446,4460,-291.8222,-290.2121,75.03232,-106.6453,0.9175951,3.210623E-05,-0.2611745,-2.247436E-05,0.2588613,-0.1273935,0.5255854,-0.4041468,-0.6399317,0.1114439,0.4817929,0.1130332,24,24,24,24,24,24,24,24,24,24,24,24,24,24,24,24
447,4470,-278.0909,-279.5767,-272.8802,-13.27936,-268.1768,-280.521,-262.586,-89.15295,44.46901,83.56464,-26.35399,-218.2368,-331.3842,-285.2643,-279.01,-269.9816,24,24,24,24,24,24,24,24,24,24,24,24,24,24,24,24,447,4470,-288.329,-286.0006,77.65124,-104.3216,0.6549542,-1.227167,-0.2611745,0.3911116,1.605311E-05,-0.5137045,-0.2627895,-0.1347338,0.1279578,0.1114439,-0.9635813,-0.1130171,24,24,24,24,24,24,24,24,24,24,24,24,24,24,24,24
448,4480,-295.7645,-291.1854,-290.3578,-13.76656,-297.3842,-317.2981,-285.9352,-100.5632,39.14278,79.25719,-31.33841,-220.3801,-331.9794,-284.7868,-282.7061,-282.516,24,24,24,24,24,24,24,24,24,24,24,24,24,24,24,24,448,4480,-300.8238,-296.1345,76.73462,-104.7088,-0.9208925,0.1227549,0.3918212,0.6518655,-0.2588292,-0.5137045,-0.7883716,0.4040954,0.1279578,-0.2226471,-0.361342,-0.3390739,24,24,24,24,24,24,24,24,24,24,24,24,24,24,24,24
449,4490,-292.9993,-287.6786,-286.1731,-12.67036,-290.3841,-300.8841,-275.7279,-91.28453,44.96447,83.19543,-30.8637,-215.5892,-320.9101,-278.6997,-278.7715,-289.7473,24,24,24,24,24,24,24,24,24,24,24,24,24,24,24,24,449,4490,-294.2405,-288.238,78.30598,-106.258,0.1296722,0.4909138,-0.1305744,0.5214886,0.1294379,-1.543866,0.1313979,0.8082148,-0.383968,0.2228076,-0.1204465,-0.2260471,24,24,24,24,24,24,24,24,24,24,24,24,24,24,24,24
450,4500,-281.6978,-278.2465,-281.0036,-12.54856,-286.0392,-291.6282,-265.2654,-87.27213,45.08834,81.59552,-26.8287,-209.0333,-313.2924,-280.2513,-277.6985,-287.6984,24,24,24,24,24,24,24,24,24,24,24,24,24,24,24,24,450,4500,-285.6419,-284.5529,75.94894,-107.0326,0.1296722,0.3681942,-0.2611745,-0.5215303,-0.2588292,0.001376554,0.6569801,-0.1347338,0.6398819,0.2228076,-0.361342,0.5651274,24,24,24,24,24,24,24,24,24,24,24,24,24,24,24,24
451,4510,-275.8066,-274.9815,-275.9572,-14.37556,-271.9183,-275.5845,-255.4409,-83.38512,46.94633,83.19543,-25.52325,-204.3685,-302.4612,-264.0191,-264.1062,-280.226,24,24,24,24,24,24,24,24,24,24,24,24,24,24,24,24,451,4510,-279.8648,-284.0265,76.73462,-105.7416,-0.001648655,0.6136335,-0.1305744,-1.955677,0.3882831,0.1301466,-0.1313915,0.2693873,-2.407967E-05,-0.3340123,0.240897,-0.3390739,24,24,24,24,24,24,24,24,24,24,24,24,24,24,24,24
452,4520,-263.904,-266.1541,-270.6646,-12.54856,-269.0217,-273.6099,-256.972,-85.01517,45.08834,79.6264,-29.55826,-210.168,-310.5549,-278.103,-280.7984,-266.848,24,24,24,24,24,24,24,24,24,24,24,24,24,24,24,24,452,4520,-284.0297,-281.2627,76.21083,-106.9035,0.5236333,3.210623E-05,-1.04477,-0.3911534,0.7765517,-0.3849344,0.1313979,-0.5388532,-0.5119498,0.3341712,0.240897,0.1130268,24,24,24,24,24,24,24,24,24,24,24,24,24,24,24,24
453,4530,-289.2722,-287.5576,-297.2504,-12.42676,-297.6255,-298.2924,-268.3276,-87.89907,45.08834,78.51876,-32.88121,-220.0018,-329.956,-297.0803,-296.5369,-294.9298,24,24,24,24,24,24,24,24,24,24,24,24,24,24,24,24,453,4530,-289.1351,-290.4753,76.21083,-103.9343,-0.3956097,-0.8590086,0.3918212,-0.2607764,-0.2588292,0.6452276,-0.2627895,-0.1347338,-0.1280059,0.1114439,-0.8431336,-0.9041948,24,24,24,24,24,24,24,24,24,24,24,24,24,24,24,24
454,4540,-295.1634,-294.8131,-296.2657,-12.79216,-291.3496,-296.8115,-267.3069,-87.6483,44.34514,81.84166,-29.55826,-222.2712,-341.8584,-309.7319,-305.2407,-298.907,24,24,24,24,24,24,24,24,24,24,24,24,24,24,24,24,454,4540,-292.0909,-292.1862,77.5203,-104.967,-0.5269306,0.2454714,0.2612227,-0.3911534,0.3882831,-1.028785,-1.445349,-0.4041468,0.255938,-0.445376,0.1204493,3.210623E-06,24,24,24,24,24,24,24,24,24,24,24,24,24,24,24,24
455,4550,-299.2512,-306.3009,-303.2815,-12.91396,-288.3323,-308.6591,-277.0038,-95.29694,40.8769,79.87254,-38.93372,-242.4432,-366.4966,-311.7609,-299.9946,-292.7604,24,24,24,24,24,24,24,24,24,24,24,24,24,24,24,24,455,4550,-293.8375,-292.9759,78.30598,-104.967,0.1296722,0.4909106,2.88956E-05,0.3911116,1.605311E-05,-0.6424745,0.6569801,0.2693873,-2.407967E-05,0.2228076,0.8431364,0.2260503,24,24,24,24,24,24,24,24,24,24,24,24,24,24,24,24
456,4560,-306.4649,-307.631,-298.7274,-12.30496,-289.7806,-306.6845,-276.7487,-93.16536,43.97355,80.61096,-36.67887,-232.9876,-345.0721,-290.5158,-283.4215,-291.0731,24,24,24,24,24,24,24,24,24,24,24,24,24,24,24,24,456,4560,-287.1198,-290.0805,75.94894,-105.2252,0.5236333,-0.7362921,2.88956E-05,-0.391147,0.2588613,0.1301466,-0.1313915,0.5388019,-0.7679119,-0.6681033,1.605311E-06,-0.1130235,24,24,24,24,24,24,24,24,24,24,24,24,24,24,24,24
457,4570,-298.5298,-296.3851,-286.4192,-13.88836,-290.6255,-308.6591,-277.6418,-92.91459,44.34514,80.36482,-36.32283,-227.062,-337.0974,-285.0255,-282.3484,-283.8417,24,24,24,24,24,24,24,24,24,24,24,24,24,24,24,24,457,4570,-303.1078,-303.8995,77.91314,-105.2252,0.2609923,0.1227517,-0.914167,-0.26077,1.605311E-05,0.001376554,0.5255854,0.6735084,-0.5119498,0.3341712,0.8431364,0.4521006,24,24,24,24,24,24,24,24,24,24,24,24,24,24,24,24
458,4580,-287.1081,-282.9625,-283.3421,-13.40116,-298.4704,-315.4469,-280.9592,-91.66071,44.71674,79.6264,-37.62828,-224.5405,-330.6701,-292.5449,-293.9138,-286.0111,24,24,24,24,24,24,24,24,24,24,24,24,24,24,24,24,458,4580,-297.465,-296.9242,76.47272,-105.8707,0.3923132,-1.34989,2.88956E-05,-0.391147,-0.1294074,0.001325184,0.6569801,-0.9429743,0.5119017,-0.2226471,-0.7226855,-0.2260471,24,24,24,24,24,24,24,24,24,24,24,24,24,24,24,24
459,4590,-298.8905,-296.7479,-296.635,-13.15756,-296.5393,-299.4032,-268.838,-86.7706,45.9554,79.87254,-30.389,-211.1766,-315.0778,-287.4126,-292.3638,-302.1611,24,24,24,24,24,24,24,24,24,24,24,24,24,24,24,24,459,4590,-289.2694,-289.1592,76.07989,-104.967,0.1296722,-0.1226907,-0.1305712,0.6518688,0.6471283,-0.2562149,-1.051161,0.2693873,0.3839198,-0.1112834,-0.2408942,-0.565121,24,24,24,24,24,24,24,24,24,24,24,24,24,24,24,24
460,4600,-305.2626,-299.2873,-308.9432,-13.40116,-302.4532,-298.0457,-266.6689,-87.27215,44.09741,79.25719,-30.62635,-216.3457,-331.1462,-310.3287,-309.4138,-309.6335,24,24,24,24,24,24,24,24,24,24,24,24,24,24,24,24,460,4600,-278.6556,-278.3672,77.65124,-104.967,-0.1329687,0.4909106,2.88956E-05,0.6518688,0.2588613,-1.286377,-0.3941842,-0.1347338,-0.5119498,0.6682622,0.7226887,0.5651274,24,24,24,24,24,24,24,24,24,24,24,24,24,24,24,24
461,4610,-306.1042,-313.6773,-321.1284,-13.88836,-297.8669,-302.2417,-272.1554,-93.03997,41.37236,79.74947,-35.13607,-232.2311,-357.2126,-316.6545,-307.983,-308.7899,24,24,24,24,24,24,24,24,24,24,24,24,24,24,24,24,461,4610,-276.909,-278.4989,78.17503,-104.4507,-0.2642896,2.88956E-05,0.391826,-0.5215239,-0.517676,0.001325184,0.3941906,0.5388019,0.1279578,-0.6681033,0.240897,0.7911745,24,24,24,24,24,24,24,24,24,24,24,24,24,24,24,24
462,4620,-305.0221,-304.608,-294.0503,-14.01016,-285.315,-305.8206,-278.1522,-98.18086,40.8769,80.11868,-32.52518,-230.8443,-349.8331,-298.0352,-289.9792,-296.7376,24,24,24,24,24,24,24,24,24,24,24,24,24,24,24,24,462,4620,-286.8511,-289.6856,77.38935,-105.7416,0.2609923,0.2454714,0.391826,-1.173409,-0.2588292,0.1300952,-0.2627895,0.2693873,-0.2559878,-0.3340123,-0.7226855,0.1130268,24,24,24,24,24,24,24,24,24,24,24,24,24,24,24,24
463,4630,-305.1424,-299.2873,-298.2351,-14.01016,-301.4877,-322.975,-288.3595,-101.4409,38.89504,78.7649,-35.01739,-224.1623,-334.1218,-279.8932,-279.9638,-292.0372,24,24,24,24,24,24,24,24,24,24,24,24,24,24,24,24,463,4630,-309.288,-305.4788,77.38935,-104.4507,0.7862751,-0.36813,-1.044765,-0.26077,0.2588613,0.2588653,0.6569801,0.4040954,-0.5119498,8.026557E-05,0.240897,3.210623E-06,24,24,24,24,24,24,24,24,24,24,24,24,24,24,24,24
464,4640,-293.8409,-289.1296,-286.7884,-14.74096,-297.1428,-311.1274,-280.066,-94.29385,42.61102,79.25719,-34.54269,-220.3801,-323.4096,-278.103,-281.0369,-286.3727,24,24,24,24,24,24,24,24,24,24,24,24,24,24,24,24,464,4640,-303.6452,-298.7667,73.98474,-106.3871,0.3923132,-1.595333,0.1306274,0.9126259,-0.3882526,0.3876353,-1.445349,-0.5388532,-0.2559878,0.3341712,-0.9635813,-0.9042526,24,24,24,24,24,24,24,24,24,24,24,24,24,24,24,24
465,4650,-286.8676,-284.4136,-290.4809,-13.64476,-295.8152,-303.846,-276.2383,-93.16536,42.48716,77.04192,-34.54269,-219.4975,-325.671,-290.1577,-289.5023,-291.3141,24,24,24,24,24,24,24,24,24,24,24,24,24,24,24,24,465,4650,-298.1368,-297.9771,75.2942,-104.838,-0.3956097,-0.2454104,0.5224245,-1.605311E-05,1.605311E-05,-0.2562149,-0.9197664,-2.568498E-05,0.5119017,8.026557E-05,-0.7226855,-0.3391284,24,24,24,24,24,24,24,24,24,24,24,24,24,24,24,24
466,4660,-285.1844,-285.7438,-287.65,-13.27936,-287.0047,-289.2833,-264.7551,-89.65451,40.62917,76.3035,-29.67694,-212.0591,-327.3374,-309.0157,-307.8638,-292.2783,24,24,24,24,24,24,24,24,24,24,24,24,24,24,24,24,466,4660,-287.926,-285.7374,75.81799,-105.3543,0.1296722,0.4909106,2.88956E-05,0.5214918,-0.517676,-0.6425259,0.2627959,0.2693873,-0.5119498,0.2228076,1.605311E-06,0.452046,24,24,24,24,24,24,24,24,24,24,24,24,24,24,24,24
467,4670,-300.8141,-306.18,-308.8202,-14.25376,-290.6255,-297.7988,-268.9656,-90.783,42.73489,79.99561,-30.62635,-221.6408,-339.3589,-303.7642,-297.9676,-301.3175,24,24,24,24,24,24,24,24,24,24,24,24,24,24,24,24,467,4670,-279.0587,-285.0793,78.04403,-103.2888,0.6549542,-0.1226907,0.391826,-0.7822779,-0.517676,-0.5137558,0.9197727,-2.568498E-05,0.5119017,-0.5567396,1.605311E-06,-0.1130781,24,24,24,24,24,24,24,24,24,24,24,24,24,24,24,24
468,4680,-301.295,-308.5984,-303.0353,-14.49736,-287.3668,-305.2036,-270.7519,-92.16226,43.23035,79.74947,-32.64386,-224.6666,-337.8116,-292.7836,-286.1638,-289.7473,24,24,24,24,24,24,24,24,24,24,24,24,24,24,24,24,468,4680,-293.5688,-295.6081,79.09161,-103.2888,0.1296722,2.88956E-05,-0.1305712,-0.6519009,0.5177065,0.3876353,-0.2627895,0.2693873,-0.6399317,-0.2226471,-0.6022378,0.3390193,24,24,24,24,24,24,24,24,24,24,24,24,24,24,24,24
469,4690,-286.9879,-288.7669,-282.1113,-14.37556,-276.1425,-289.0365,-269.0932,-93.29075,41.49623,81.34938,-29.79562,-220.6322,-334.4789,-284.5481,-278.7715,-280.7081,24,24,24,24,24,24,24,24,24,24,24,24,24,24,24,24,469,4690,-289.6725,-289.6856,77.3893,-105.8707,0.1296722,-0.6135693,-0.7835669,0.3911149,0.2588613,-0.1274449,0.3941906,-2.568498E-05,-2.407967E-05,0.2228076,0.240897,-0.2261049,24,24,24,24,24,24,24,24,24,24,24,24,24,24,24,24
470,4700,-284.944,-281.5114,-277.5573,-14.13196,-281.6943,-297.0583,-273.6865,-92.91459,44.09741,82.21087,-30.389,-215.9674,-324.2427,-279.8932,-276.3869,-275.2846,24,24,24,24,24,24,24,24,24,24,24,24,24,24,24,24,470,4700,-300.9582,-296.7926,75.4251,-104.8379,0.1296722,-0.4909042,0.1306274,0.782249,0.1294379,0.5164054,-0.5255789,-0.1347338,-0.2559878,-0.2226471,-0.8431336,-0.5651788,24,24,24,24,24,24,24,24,24,24,24,24,24,24,24,24
471,4710,-285.3046,-285.0182,-285.9269,-14.37556,-284.4702,-295.2072,-271.9002,-95.79849,39.14278,77.65728,-32.16915,-216.976,-320.791,-275.1191,-275.6715,-284.2033,24,24,24,24,24,24,24,24,24,24,24,24,24,24,24,24,471,4710,-306.601,-306.1368,75.03226,-104.1925,-0.9208925,-0.6136239,-0.5223715,-0.130393,0.5177065,-1.028836,0.2627959,0.2693873,0.3839198,0.1114439,0.3613451,0.112969,24,24,24,24,24,24,24,24,24,24,24,24,24,24,24,24
472,4720,-285.1844,-284.0508,-289.127,-14.25376,-291.4703,-300.8841,-274.7072,-93.03996,41.62009,79.6264,-31.81312,-213.6981,-323.1715,-286.3384,-286.9984,-283.2391,24,24,24,24,24,24,24,24,24,24,24,24,24,24,24,24,472,4720,-302.8391,-299.688,75.687,-104.5798,0.7862751,0.4908561,-0.1305728,-0.130393,-0.2588292,0.001325184,0.3941906,0.1346808,0.255938,0.2228076,0.240897,0.3390193,24,24,24,24,24,24,24,24,24,24,24,24,24,24,24,24
473,4730,-285.4249,-285.0182,-290.9732,-14.74096,-295.9359,-299.4032,-271.5174,-90.15605,43.35422,80.24174,-32.16915,-217.6064,-324.5998,-287.89,-287.3561,-292.6399,24,24,24,24,24,24,24,24,24,24,24,24,24,24,24,24,473,4730,-284.7015,-283.7632,78.17498,-101.6105,0.1296722,0.1226972,0.5224229,-0.7822779,1.765843E-05,0.001325184,-0.2627895,-0.1347338,0.255938,-0.2226471,-0.6022378,-0.3391284,24,24,24,24,24,24,24,24,24,24,24,24,24,24,24,24
474,4740,-291.4363,-289.3715,-293.8041,-14.49736,-293.0393,-298.7861,-274.452,-93.91767,41.2485,86.02605,-26.23532,-217.7325,-337.9306,-296.961,-290.8138,-293.8451,24,24,24,24,24,24,24,24,24,24,24,24,24,24,24,24,474,4740,-298.1368,-301.5305,79.35349,-102.7724,-0.2642896,0.2454168,-0.3917714,0.1303609,-0.3882494,0.001376554,3.210623E-06,-0.1347338,-0.7679119,-0.445376,0.1204493,-5.458059E-05,24,24,24,24,24,24,24,24,24,24,24,24,24,24,24,24
475,4750,-287.7092,-286.2275,-286.6654,-13.64476,-284.5909,-299.65,-274.1968,-93.41612,41.86783,79.99561,-36.20416,-227.3142,-341.8584,-295.4093,-293.4369,-291.9167,24,24,24,24,24,24,24,24,24,24,24,24,24,24,24,24,475,4750,-290.0756,-290.2121,78.30592,-104.0634,0.2609923,-0.7363435,0.1306258,-0.130393,1.765843E-05,-0.5137045,0.1313979,-0.8082678,0.1279578,0.7796259,-0.8431336,-0.2261049,24,24,24,24,24,24,24,24,24,24,24,24,24,24,24,24
476,4760,-299.2512,-291.0645,-291.9579,-14.01016,-301.6084,-314.3362,-279.1729,-91.53531,45.21221,80.85711,-34.89872,-224.6666,-338.4067,-303.2868,-300.233,-299.0276,24,24,24,24,24,24,24,24,24,24,24,24,24,24,24,24,476,4760,-275.6999,-273.7609,75.55605,-102.9015,-0.5269306,-0.7363435,0.1306258,-0.26077,-0.1294041,-0.1273935,-1.182556,0.134676,-0.2559878,8.026557E-05,-0.6022378,-0.9042526,24,24,24,24,24,24,24,24,24,24,24,24,24,24,24,24
477,4770,-296.8466,-306.6637,-308.3279,-15.10636,-295.4531,-295.2072,-269.2208,-92.28764,42.48716,80.11869,-29.79562,-214.9588,-324.2427,-289.7997,-290.0984,-303.2458,24,24,24,24,24,24,24,24,24,24,24,24,24,24,24,24,477,4770,-283.358,-284.9477,77.3893,-103.547,0.2609923,0.2454168,0.3918244,0.1303609,0.3882863,-0.6424745,-0.5255789,-0.5388581,0.5119017,8.026557E-05,-0.1204465,0.112969,24,24,24,24,24,24,24,24,24,24,24,24,24,24,24,24
478,4780,-292.7588,-293.4829,-299.4659,-14.25376,-289.7806,-293.2325,-268.838,-91.03377,41.74397,79.13412,-33.11856,-217.7325,-323.1715,-281.4448,-280.3215,-293.8451,24,24,24,24,24,24,24,24,24,24,24,24,24,24,24,24,478,4780,-296.1215,-291.265,78.04403,-101.4814,-0.7895716,-2.247436E-05,-0.2611729,-1.605311E-05,-0.5176712,-0.2561635,0.1313979,-0.4041516,0.5119017,2.88956E-05,-0.361342,0.6780931,24,24,24,24,24,24,24,24,24,24,24,24,24,24,24,24
479,4790,-280.4955,-280.6649,-279.0343,-14.13196,-279.5219,-288.1726,-265.0103,-88.6514,44.09742,80.61097,-30.74503,-215.3371,-317.9344,-275.9546,-274.8369,-279.0208,24,24,24,24,24,24,24,24,24,24,24,24,24,24,24,24,479,4790,-285.3733,-282.1839,79.35349,-100.9651,0.2609923,-0.4909042,0.2612243,-1.56454,0.2588629,0.2589166,0.5255854,0.4040906,0.255938,-0.556791,-0.6022378,0.112969,24,24,24,24,24,24,24,24,24,24,24,24,24,24,24,24
480,4800,-280.3753,-280.6649,-279.7728,-14.98456,-281.9357,-290.8877,-268.7104,-91.53531,42.36329,78.76492,-33.11856,-216.4717,-318.4105,-277.9836,-278.2946,-280.4671,24,24,24,24,24,24,24,24,24,24,24,24,24,24,24,24,480,4800,-288.1947,-286.1322,81.3177,-101.2232,0.2609923,0.2454168,-0.2611729,-0.130393,0.7765533,0.001376554,0.3941906,0.2693825,-0.383968,2.88956E-05,0.240897,0.5651274,24,24,24,24,24,24,24,24,24,24,24,24,24,24,24,24
481,4810,-290.3542,-286.3484,-288.2654,-13.76656,-288.9358,-295.3306,-272.5381,-90.90838,42.61103,79.87254,-33.4746,-217.7325,-325.433,-288.4868,-287.9522,-287.8189,24,24,24,24,24,24,24,24,24,24,24,24,24,24,24,24,481,4810,-273.2816,-273.6293,79.09161,-102.256,0.2609923,-1.349945,-0.2611729,-0.130393,-0.6470946,-0.1273935,-0.3941842,-0.4041516,-2.407967E-05,0.5568472,-0.361342,-0.9041948,24,24,24,24,24,24,24,24,24,24,24,24,24,24,24,24
482,4820,-292.879,-294.0876,-301.5583,-13.88836,-298.229,-303.1056,-274.1968,-92.6638,41.9917,80.24176,-28.96488,-217.4803,-334.4789,-307.5835,-306.0753,-294.9298,24,24,24,24,24,24,24,24,24,24,24,24,24,24,24,24,482,4820,-279.1931,-284.1581,78.04403,-102.1269,-0.3956097,-0.1227453,-0.2611729,0.3911149,0.2588629,-0.6424745,-0.5255789,0.134676,0.6398819,-0.3340637,0.1204493,-0.9041948,24,24,24,24,24,24,24,24,24,24,24,24,24,24,24,24
483,4830,-301.776,-299.1664,-305.3738,-15.34996,-287.0047,-289.1599,-265.1378,-90.40683,41.9917,79.13412,-31.10106,-223.7841,-344.1199,-313.0738,-306.0753,-308.0667,24,24,24,24,24,24,24,24,24,24,24,24,24,24,24,24,483,4830,-301.4957,-301.9254,78.17498,-102.7724,-0.001648655,0.1226972,-0.5223715,0.9126259,-0.3882494,-0.1273935,-0.5255789,0.134676,-0.2559878,-0.1113348,0.9635841,0.678151,24,24,24,24,24,24,24,24,24,24,24,24,24,24,24,24
484,4840,-305.7435,-308.3566,-302.1737,-14.37556,-288.3323,-303.9695,-272.0278,-92.41302,41.6201,81.84167,-31.10106,-225.5491,-345.9052,-296.3642,-287.1176,-295.4119,24,24,24,24,24,24,24,24,24,24,24,24,24,24,24,24,484,4840,-301.4957,-299.8196,78.04403,-101.8687,1.180236,0.3681364,0.9142216,-0.9126548,-0.2588276,0.6452276,0.3941906,0.134676,0.3839198,-1.002246,-0.1204465,0.1130268,24,24,24,24,24,24,24,24,24,24,24,24,24,24,24,24
485,4850,-294.442,-295.9014,-285.4345,-14.37556,-276.3839,-291.9984,-268.2,-93.03996,41.2485,78.88799,-31.69444,-222.7755,-333.0506,-285.0255,-279.6061,-277.6951,24,24,24,24,24,24,24,24,24,24,24,24,24,24,24,24,485,4850,-298.5399,-294.8185,80.53202,-100.836,-0.264341,-2.247436E-05,-0.9141687,-0.26077,0.7765533,0.001376554,-0.3941842,0.5387971,-1.023876,-0.1113348,0.240897,0.3390771,24,24,24,24,24,24,24,24,24,24,24,24,24,24,24,24
486,4860,-289.0317,-291.1854,-280.7574,-14.49736,-276.8666,-294.9603,-272.5381,-95.54771,41.86783,80.11869,-32.28783,-226.3056,-342.0965,-285.861,-282.7061,-275.0435,24,24,24,24,24,24,24,24,24,24,24,24,24,24,24,24,486,4860,-293.7032,-305.8736,80.00823,-101.0941,0.3922618,-1.104451,-0.1305728,0.3911149,-0.1294041,-0.1273935,0.2627959,-0.4041516,-2.407967E-05,0.7795745,-0.1204465,-0.3390739,24,24,24,24,24,24,24,24,24,24,24,24,24,24,24,24
487,4870,-305.8637,-296.8688,-294.6656,-14.25376,-296.5393,-310.5103,-284.149,-97.93008,41.74397,81.10325,-32.88121,-222.019,-334.1218,-288.1287,-285.21,-288.5421,24,24,24,24,24,24,24,24,24,24,24,24,24,24,24,24,487,4870,-300.8239,-310.7432,80.79391,-101.3523,-0.6583028,0.2454714,0.2611697,0.3911149,-0.3882494,-0.3849344,-0.9197664,0.2693825,0.6398819,-0.556791,-0.6022378,-0.3390739,24,24,24,24,24,24,24,24,24,24,24,24,24,24,24,24
488,4880,-294.2016,-292.6365,-290.8501,-13.64476,-293.7635,-301.5012,-273.9417,-91.40993,43.97355,78.64184,-32.28783,-218.1107,-324.4808,-290.2771,-290.3369,-292.3988,24,24,24,24,24,24,24,24,24,24,24,24,24,24,24,24,488,4880,-283.358,-282.9736,80.53202,-100.9651,-0.264341,2.88956E-05,0.3917682,-0.391147,-0.1294041,-1.028785,0.1313979,-0.6735646,-0.5119498,-0.2226984,-0.1204465,3.210623E-06,24,24,24,24,24,24,24,24,24,24,24,24,24,24,24,24
489,4890,-294.5623,-294.2085,-300.2044,-14.74096,-296.7807,-296.8115,-265.3931,-87.52293,44.09746,81.34938,-26.11664,-211.4287,-328.8847,-312.5963,-310.4868,-296.376,24,24,24,24,24,24,24,24,24,24,24,24,24,24,24,24,489,4890,-289.9413,-288.3696,81.18674,-99.41589,0.2609409,0.8590727,-2.88956E-05,-0.26077,-0.7765164,0.6452276,0.2627959,-0.4041516,0.5119017,-0.1113348,1.605311E-06,0.1130268,24,24,24,24,24,24,24,24,24,24,24,24,24,24,24,24
490,4900,-299.131,-306.6637,-313.0049,-14.86276,-288.2116,-296.071,-269.476,-94.54462,40.38148,79.25719,-30.98239,-225.5491,-346.9765,-311.0448,-303.5715,-297.3403,24,24,24,24,24,24,24,24,24,24,24,24,24,24,24,24,490,4900,-287.3886,-287.3167,81.57958,-100.5778,0.3922618,0.4909106,0.2611697,-0.5215239,0.9059767,0.3876353,0.1313979,0.5387971,-0.2559878,-0.556791,0.240897,-0.4520974,24,24,24,24,24,24,24,24,24,24,24,24,24,24,24,24
491,4910,-302.9782,-301.7058,-296.0196,-14.37556,-284.2288,-306.0674,-271.2622,-91.78609,42.8588,80.48789,-30.98239,-222.5233,-334.5979,-288.0093,-282.4677,-297.4608,24,24,24,24,24,24,24,24,24,24,24,24,24,24,24,24,491,4910,-296.3903,-294.0288,81.57958,-100.3196,-0.001700025,-0.1226907,-0.2612275,0.2607379,0.2588629,-0.1274449,0.6569801,-0.4041516,-0.2559878,0.3341199,0.4817929,0.2260503,24,24,24,24,24,24,24,24,24,24,24,24,24,24,24,24
492,4920,-285.5451,-287.4367,-278.9111,-14.61916,-276.1425,-296.1944,-267.9449,-90.15606,44.09746,80.8571,-33.4746,-223.658,-332.2174,-281.6835,-279.6061,-277.6951,24,24,24,24,24,24,24,24,24,24,24,24,24,24,24,24,492,4920,-296.9277,-293.8972,81.18674,-100.9651,0.6549028,-1.104451,0.3917682,1.303757,-0.1294041,0.3876353,-0.5255789,-1.212391,0.255938,0.5568472,-0.2408942,-0.6781477,24,24,24,24,24,24,24,24,24,24,24,24,24,24,24,24
493,4930,-294.442,-291.5482,-284.8191,-14.74096,-292.0737,-313.2254,-280.8316,-93.7923,43.72586,80.11868,-37.15358,-226.6838,-338.2877,-293.3803,-293.3176,-277.5746,24,24,24,24,24,24,24,24,24,24,24,24,24,24,24,24,493,4930,-283.0893,-280.3414,81.84148,-101.0941,-1.446226,-0.2454104,-2.88956E-05,0.2607379,0.7765533,-0.7712959,-0.5255789,0.1346792,-7.866025E-05,-0.556791,0.1204493,0.4521006,24,24,24,24,24,24,24,24,24,24,24,24,24,24,24,24
494,4940,-302.2569,-297.1107,-291.2194,-15.47176,-296.2979,-308.5357,-272.9209,-89.02757,46.82251,80.73403,-32.40651,-217.7325,-321.7432,-281.3256,-282.8253,-303.7279,24,24,24,24,24,24,24,24,24,24,24,24,24,24,24,24,494,4940,-283.2237,-286.6587,78.82971,-101.7396,-0.001700025,0.1227517,-0.5224261,0.782249,1.765843E-05,-1.543917,-0.2627895,-0.1347354,-0.1280589,0.2227594,0.3613451,0.4521006,24,24,24,24,24,24,24,24,24,24,24,24,24,24,24,24
495,4950,-289.2722,-287.3158,-287.5269,-14.49736,-286.4013,-294.2198,-265.5206,-85.14056,46.82251,82.82622,-29.08356,-208.6551,-310.3169,-273.4481,-276.2677,-290.7115,24,24,24,24,24,24,24,24,24,24,24,24,24,24,24,24,495,4950,-273.5503,-281.9207,81.57958,-100.4487,0.7862237,-0.2454104,0.3917682,-0.391147,-0.3882494,-0.3849858,0.2627959,0.1346792,-7.866025E-05,-1.002242,1.605311E-06,-0.1130235,24,24,24,24,24,24,24,24,24,24,24,24,24,24,24,24
496,4960,-281.3371,-284.4136,-291.5886,-14.61916,-290.2634,-294.8369,-266.4138,-89.02757,44.34519,82.70315,-24.92987,-205.6293,-316.2681,-290.6352,-291.41,-284.2033,24,24,24,24,24,24,24,24,24,24,24,24,24,24,24,24,496,4960,-273.2816,-273.6294,80.13918,-99.15771,-0.1330201,0.1227517,-0.7836247,-0.7822779,0.5177081,0.5164054,0.1313979,0.5387987,-0.8959484,0.1113942,0.6022406,0.1130268,24,24,24,24,24,24,24,24,24,24,24,24,24,24,24,24
497,4970,-290.5947,-295.2968,-296.0196,-15.71536,-284.7115,-290.1472,-261.0549,-87.64831,44.09746,79.38026,-28.01547,-216.85,-335.7882,-301.1384,-292.6023,-296.9787,24,24,24,24,24,24,24,24,24,24,24,24,24,24,24,24,497,4970,-283.761,-282.184,81.57958,-101.0941,0.5235819,-0.7362921,0.3917682,-0.130393,0.6471315,-0.1274449,-0.1313915,-0.8082694,-0.3840226,3.050092E-05,-0.361342,-0.4520974,24,24,24,24,24,24,24,24,24,24,24,24,24,24,24,24
498,4980,-283.6215,-290.9435,-285.4345,-15.10636,-273.2459,-286.0746,-262.3308,-89.15295,43.10653,81.71859,-28.60885,-217.1021,-333.1696,-292.9029,-289.0254,-279.0208,24,24,24,24,24,24,24,24,24,24,24,24,24,24,24,24,498,4980,-301.7643,-298.6351,80.00823,-97.99583,-0.789623,-0.36813,0.3917682,0.9126259,0.5177081,-0.5137558,-0.9197664,0.4040922,0.255885,-0.3340605,-0.6022378,-0.3390739,24,24,24,24,24,24,24,24,24,24,24,24,24,24,24,24
499,4990,-289.6329,-293.6039,-289.6193,-14.49736,-281.2115,-295.3305,-268.3276,-89.27834,45.21225,83.44157,-28.72753,-217.1021,-326.9803,-282.0417,-277.8177,-285.6496,24,24,24,24,24,24,24,24,24,24,24,24,24,24,24,24,499,4990,-278.387,-275.735,82.49622,-99.41589,0.6549028,0.368191,0.3917682,-0.26077,0.7765533,-1.028836,-0.2627895,0.4040922,-0.2560408,0.4454868,-0.1204465,0.1130268,24,24,24,24,24,24,24,24,24,24,24,24,24,24,24,24
500,5000,-283.381,-282.7207,-278.665,-15.71536,-278.677,-293.7262,-267.4345,-89.90528,43.10653,79.01105,-32.05048,-214.5806,-313.4115,-267.8385,-267.0869,-277.9361,24,24,24,24,24,24,24,24,24,24,24,24,24,24,24,24,500,5000,-274.3564,-273.8925,80.53202,-100.3196,0.5235819,0.1227517,-0.5224261,-1.605311E-05,-0.7765164,0.001325184,3.210623E-06,-0.1347354,-0.3840226,0.1113942,0.240897,3.210623E-06,24,24,24,24,24,24,24,24,24,24,24,24,24,24,24,24
501,5010,-278.0909,-274.7397,-278.665,-13.52296,-290.022,-301.1309,-271.5174,-87.02137,46.32705,80.61096,-34.06798,-216.3457,-318.7676,-281.5642,-282.5869,-270.8253,24,24,24,24,24,24,24,24,24,24,24,24,24,24,24,24,501,5010,-268.0418,-276.6563,82.62715,-97.22125,-0.001648655,2.88956E-05,-0.2612275,-0.7822779,0.2588629,0.001325184,0.3941906,0.6735068,-0.3840226,-0.4454241,0.1204493,0.5651274,24,24,24,24,24,24,24,24,24,24,24,24,24,24,24,24
502,5020,-293.6004,-290.8226,-294.1734,-13.76656,-296.6601,-296.8115,-266.2862,-85.89288,46.20318,80.98017,-28.84621,-213.9502,-327.2184,-307.1061,-305.36,-293.2425,24,24,24,24,24,24,24,24,24,24,24,24,24,24,24,24,502,5020,-282.8206,-283.8948,83.67473,-99.0286,0.1296722,-0.1226907,-0.7836247,-0.5215239,0.6471315,-0.3849858,0.6569801,-0.4041484,-0.7679665,0.6682141,-0.1204465,0.1130268,24,24,24,24,24,24,24,24,24,24,24,24,24,24,24,24
503,5030,-306.8256,-305.0917,-308.0817,-14.98456,-297.3842,-301.0075,-265.7758,-87.27215,45.70771,81.22631,-28.84621,-216.0935,-331.0272,-298.2739,-296.4177,-311.2004,24,24,24,24,24,24,24,24,24,24,24,24,24,24,24,24,503,5030,-275.5656,-264.5483,81.97243,-99.15771,-0.1329687,-1.104451,-0.130629,1.303757,-0.6470946,0.5164054,-0.1313915,0.1346792,-7.866025E-05,0.2227594,-1.445373,-0.4520974,24,24,24,24,24,24,24,24,24,24,24,24,24,24,24,24
504,5040,-291.3161,-296.1433,-299.9582,-14.98456,-283.2633,-296.4413,-268.7104,-91.03378,44.09746,83.68771,-27.06605,-225.0448,-351.4995,-308.5384,-295.4638,-291.7962,24,24,24,24,24,24,24,24,24,24,24,24,24,24,24,24,504,5040,-306.8697,-301.9254,81.44864,-97.60854,-1.577495,-0.2454104,0.5223683,-0.26077,0.5177081,-1.157607,-0.9197664,-0.1347354,0.255885,-0.5567878,-0.4817901,-0.1130235,24,24,24,24,24,24,24,24,24,24,24,24,24,24,24,24
505,5050,-308.7492,-308.5985,-284.4499,-14.86276,-285.315,-318.5322,-291.4216,-107.4595,38.64731,83.44157,-26.8287,-224.9188,-355.3083,-299.348,-290.2177,-278.4182,24,24,24,24,24,24,24,24,24,24,24,24,24,24,24,24,505,5050,-293.7032,-289.9489,83.28189,-97.73763,0.2609923,0.2454714,-0.130629,0.1303609,-0.3882494,-0.7712959,0.1313979,-0.2694419,0.255885,0.3341231,0.1204493,-0.2260471,24,24,24,24,24,24,24,24,24,24,24,24,24,24,24,24
506,5060,-302.7378,-302.1895,-293.0656,-15.10636,-301.7291,-325.0731,-292.0596,-102.1933,39.88597,81.47249,-32.52518,-224.6666,-342.3345,-284.19,-283.3023,-297.3403,24,24,24,24,24,24,24,24,24,24,24,24,24,24,24,24,506,5060,-287.1199,-282.9736,80.79391,-97.22125,0.1296722,-0.6135693,0.3917682,-0.9126548,-0.7765164,-0.5137558,0.9197727,0.2693857,0.6398289,-0.3340605,-0.2408942,-0.2260471,24,24,24,24,24,24,24,24,24,24,24,24,24,24,24,24
507,5070,-299.0107,-290.3389,-289.0039,-15.59356,-300.1601,-317.6683,-282.1075,-92.7892,45.70767,83.68774,-27.89679,-213.6981,-324.9569,-279.7739,-280.9177,-291.4346,24,24,24,24,24,24,24,24,24,24,24,24,24,24,24,24,507,5070,-270.7289,-267.3121,82.62715,-96.83396,-0.2642896,0.6136303,-2.88956E-05,-0.9126548,0.3882863,1.160256,-0.9197664,0.2693857,-1.02393,0.1113942,0.6022406,0.1130268,24,24,24,24,24,24,24,24,24,24,24,24,24,24,24,24
508,5080,-290.9554,-293.4829,-289.4962,-15.22816,-292.7979,-301.5012,-272.9209,-89.90528,44.46901,81.22635,-29.08356,-211.4288,-318.7676,-285.0255,-287.3561,-294.3272,24,24,24,24,24,24,24,24,24,24,24,24,24,24,24,24,508,5080,-269.251,-273.4977,81.3177,-98.77042,0.7862751,-0.6135693,-1.044823,-1.605311E-05,-0.2588276,-0.2562149,-0.1313915,-0.9429759,0.1279032,0.2227594,-0.1204465,0.2260503,24,24,24,24,24,24,24,24,24,24,24,24,24,24,24,24
509,5090,-287.8294,-289.3715,-292.3271,-14.25376,-283.7461,-285.5809,-260.2893,-83.51052,47.44179,83.4416,-26.94738,-208.529,-315.0778,-281.6836,-282.5869,-298.0634,24,24,24,24,24,24,24,24,24,24,24,24,24,24,24,24,509,5090,-266.1609,-269.9442,82.49622,-97.35034,-0.5269306,-0.4908496,0.1305696,0.6518688,-0.2588276,0.001325184,-0.7883716,0.5387987,-2.729029E-05,0.6682141,-1.084029,-0.9041948,24,24,24,24,24,24,24,24,24,24,24,24,24,24,24,24
510,5100,-288.6711,-290.0971,-295.4042,-14.37556,-279.6426,-281.3849,-257.0995,-82.50742,47.93726,83.81081,-25.40458,-212.8156,-326.8613,-299.348,-296.7754,-286.6137,24,24,24,24,24,24,24,24,24,24,24,24,24,24,24,24,510,5100,-274.7594,-277.8408,83.54378,-98.64131,-0.001648655,-0.8590117,0.7835669,0.1303609,0.3882863,-0.9000664,0.6569801,0.4040922,0.1279546,0.4454835,-0.1204465,-0.3390739,24,24,24,24,24,24,24,24,24,24,24,24,24,24,24,24
511,5110,-296.005,-299.1664,-302.4199,-15.47176,-285.1944,-291.2579,-264.2447,-87.7737,46.45087,86.02608,-23.2684,-215.7153,-336.2642,-299.8255,-291.5292,-300.8354,24,24,24,24,24,24,24,24,24,24,24,24,24,24,24,24,511,5110,-288.7321,-287.1851,83.02,-97.35034,-0.001648655,0.4909106,-0.2612275,0.3911149,-0.3882494,-0.1274449,0.6569801,-2.88956E-05,-0.1280075,0.3341199,0.240897,1.017225,24,24,24,24,24,24,24,24,24,24,24,24,24,24,24,24
512,5120,-295.1634,-296.2642,-289.2501,-15.10636,-272.2804,-282.002,-264.3723,-90.65761,43.72581,83.68774,-25.52326,-216.2196,-330.313,-282.6384,-276.0292,-280.1055,24,24,24,24,24,24,24,24,24,24,24,24,24,24,24,24,512,5120,-289.5382,-290.4753,81.71053,-97.47945,1.048916,0.2454714,-0.5224261,-0.5215239,0.2588629,-0.2562149,0.2627959,0.2693857,-2.729029E-05,-0.4454274,-0.1204465,0.2260567,24,24,24,24,24,24,24,24,24,24,24,24,24,24,24,24
513,5130,-280.3753,-285.2601,-281.0036,-15.10636,-278.315,-298.169,-271.3898,-93.54153,43.35422,82.82626,-27.30341,-216.4718,-327.5754,-281.5642,-277.3408,-270.9458,24,24,24,24,24,24,24,24,24,24,24,24,24,24,24,24,513,5130,-287.3886,-284.0265,81.97243,-97.35034,0.5236333,0.368191,-0.5224261,-0.26077,0.5177081,0.001325184,3.210623E-06,-0.2694419,-0.6399333,0.2227562,0.4817929,0.1130332,24,24,24,24,24,24,24,24,24,24,24,24,24,24,24,24
514,5140,-286.9879,-280.0603,-275.8341,-14.98456,-278.677,-291.1345,-267.4344,-87.64831,47.44179,83.93389,-28.96488,-212.9417,-315.3159,-268.0772,-268.3984,-281.5518,24,24,24,24,24,24,24,24,24,24,24,24,24,24,24,24,514,5140,-269.1166,-270.7339,81.97243,-96.70486,0.2609923,-0.8590117,-0.2612275,0.2607379,-0.6470946,0.1300952,-0.6569737,-1.077684,-0.3839712,0.4454835,-0.8431332,-0.1130171,24,24,24,24,24,24,24,24,24,24,24,24,24,24,24,24
515,5150,-275.2055,-271.4747,-274.4802,-15.22816,-279.2805,-286.6917,-263.6067,-84.88979,48.30885,85.04152,-24.09914,-203.6121,-306.9841,-266.7643,-265.8946,-275.1641,24,24,24,24,24,24,24,24,24,24,24,24,24,24,24,24,515,5150,-261.1898,-261.3897,83.15094,-95.80119,-0.6582515,0.1227517,0.7835669,0.9126259,0.3882863,-0.2562149,-0.7883716,0.1346792,0.3839166,-0.7795183,-0.2408942,-0.1130171,24,24,24,24,24,24,24,24,24,24,24,24,24,24,24,24
516,5160,-270.0356,-271.7166,-277.5573,-14.74096,-282.0564,-290.2706,-262.8412,-87.64831,45.33607,81.34942,-25.64193,-207.6465,-320.791,-297.7964,-295.3446,-271.7895,24,24,24,24,24,24,24,24,24,24,24,24,24,24,24,24,516,5160,-266.4295,-266.7857,80.92486,-97.73763,-0.1329687,-0.1226907,-2.88956E-05,0.3911149,-0.9059398,-0.7712959,0.2627959,0.6735068,-0.3839712,0.3341199,-0.2408942,0.452107,24,24,24,24,24,24,24,24,24,24,24,24,24,24,24,24
517,5170,-291.6768,-291.79,-299.589,-14.86276,-280.6081,-286.4448,-261.0549,-87.7737,45.9554,85.5338,-21.01354,-211.0505,-332.8125,-290.6352,-285.0908,-300.8354,24,24,24,24,24,24,24,24,24,24,24,24,24,24,24,24,517,5170,-277.4465,-282.3156,82.36526,-94.76841,0.7862237,0.1227517,0.5223683,-0.5215239,0.1294411,0.001325184,-0.1313915,-0.2694419,0.5118985,-0.2226984,-0.1204465,0.452107,24,24,24,24,24,24,24,24,24,24,24,24,24,24,24,24
518,5180,-284.2226,-288.4041,-281.1267,-14.98456,-267.332,-276.942,-257.9927,-85.01517,47.56566,86.27222,-22.08163,-210.6723,-326.6232,-285.3836,-279.4869,-274.682,24,24,24,24,24,24,24,24,24,24,24,24,24,24,24,24,518,5180,-269.1166,-271.1288,82.49622,-95.67209,-0.5269819,0.2454714,-2.88956E-05,-0.26077,-0.1294041,-0.1274449,-1.051161,0.4040922,-0.5119531,-0.1113348,-0.4817896,0.6781574,24,24,24,24,24,24,24,24,24,24,24,24,24,24,24,24
519,5190,-279.2932,-278.3674,-272.7571,-15.22816,-264.4354,-278.0528,-259.6514,-88.65141,45.58381,84.54924,-24.57384,-213.8242,-326.0281,-280.3707,-273.5254,-275.4052,24,24,24,24,24,24,24,24,24,24,24,24,24,24,24,24,519,5190,-287.2542,-286.5271,83.54378,-95.2848,0.5235819,-0.1226907,-0.9142248,-0.130393,0.9059767,-0.3849858,0.2627959,0.2693857,-0.7679151,2.88956E-05,0.1204493,-0.2260407,24,24,24,24,24,24,24,24,24,24,24,24,24,24,24,24
520,5200,-281.4573,-277.0372,-271.5262,-14.49736,-277.8321,-295.0837,-269.0932,-87.6483,47.19406,85.65687,-29.08356,-217.9847,-329.4798,-280.7287,-278.0561,-271.0663,24,24,24,24,24,24,24,24,24,24,24,24,24,24,24,24,520,5200,-283.761,-283.5001,84.06757,-95.67209,-0.1330201,-1.34989,0.1305696,0.3911116,-0.1294041,0.001325184,-1.182556,-0.4041484,-0.1280075,0.2227562,-1.204477,-0.9041916,24,24,24,24,24,24,24,24,24,24,24,24,24,24,24,24
521,5210,-289.7531,-288.8878,-289.127,-15.10636,-289.6599,-300.3905,-269.3484,-86.89597,49.42365,86.64143,-25.04855,-206.8901,-310.6739,-269.7481,-270.6638,-285.288,24,24,24,24,24,24,24,24,24,24,24,24,24,24,24,24,521,5210,-295.8528,-293.3708,82.36526,-96.18847,-0.5269819,-0.1226907,-0.2612275,-0.2607764,0.5177081,-0.7712959,0.1313979,0.9429197,-2.729029E-05,-0.7795183,0.6022406,-0.3390674,24,24,24,24,24,24,24,24,24,24,24,24,24,24,24,24
522,5220,-273.6425,-273.6514,-273.3725,-15.71536,-280.0046,-289.2833,-262.586,-84.13745,48.18499,84.67228,-22.55634,-200.9645,-305.6749,-281.3256,-282.11,-279.1414,24,24,24,24,24,24,24,24,24,24,24,24,24,24,24,24,522,5220,-298.2711,-299.1616,82.36526,-96.83396,0.7862237,0.7363499,-0.5224261,0.1303545,0.1294411,-0.5137045,-0.1313915,-2.88956E-05,-2.729029E-05,0.3341199,0.1204493,0.452107,24,24,24,24,24,24,24,24,24,24,24,24,24,24,24,24
523,5230,-294.442,-294.0876,-299.4659,-14.61916,-292.9186,-287.5555,-259.779,-82.00586,47.56566,84.67228,-22.08163,-205.7554,-326.0281,-305.0771,-300.8292,-292.2783,24,24,24,24,24,24,24,24,24,24,24,24,24,24,24,24,523,5230,-283.761,-280.8679,81.44864,-95.67209,-0.1330201,0.2454714,-0.2612275,-0.2607764,0.3882863,0.1301466,0.919776,-2.88956E-05,0.8958424,-0.6681547,-0.1204465,0.5651306,24,24,24,24,24,24,24,24,24,24,24,24,24,24,24,24
524,5240,-280.3753,-298.9245,-302.2968,-14.74096,-270.2285,-270.1543,-251.1028,-82.75819,48.18499,86.39526,-20.18281,-208.529,-324.0047,-293.619,-289.3831,-291.0731,24,24,24,24,24,24,24,24,24,24,24,24,24,24,24,24,524,5240,-277.5808,-280.0782,82.88905,-95.80118,-0.1330201,0.6136303,0.2611697,-0.6519073,-0.7765164,0.9027677,-0.6569704,-2.568498E-05,-0.6399333,0.2227562,-0.1204465,-0.1130171,24,24,24,24,24,24,24,24,24,24,24,24,24,24,24,24
525,5250,-290.1138,-294.934,-294.6657,-15.59356,-277.7115,-288.5428,-259.6514,-83.6359,48.55658,85.4107,-23.2684,-211.807,-326.0281,-283.3546,-277.1023,-282.0339,24,24,24,24,24,24,24,24,24,24,24,24,24,24,24,24,525,5250,-277.7152,-278.3673,83.28189,-95.93027,0.5235819,-0.6135693,-0.6530262,0.6518655,0.3882863,-0.2561635,0.6569865,-1.077681,0.6398803,-0.3340637,1.605311E-06,-0.452091,24,24,24,24,24,24,24,24,24,24,24,24,24,24,24,24
526,5260,-278.4516,-277.1582,-273.4956,-14.25376,-266.9699,-279.4103,-256.8444,-82.88358,48.18499,86.14912,-23.14972,-208.4029,-315.6729,-268.3159,-262.1985,-271.5484,24,24,24,24,24,24,24,24,24,24,24,24,24,24,24,24,526,5260,-269.654,-276.2615,82.36526,-96.05938,-0.264341,-1.227171,-0.3918276,0.7822425,-1.035362,0.1301466,-0.7883652,-2.568498E-05,-2.729029E-05,0.3341712,-0.361342,-0.7911649,24,24,24,24,24,24,24,24,24,24,24,24,24,24,24,24
527,5270,-272.9211,-271.3538,-265.4952,-14.61916,-264.3147,-282.3722,-259.779,-85.14055,49.17591,85.65685,-23.50575,-210.4201,-319.4818,-271.5385,-266.4908,-257.6883,24,24,24,24,24,24,24,24,24,24,24,24,24,24,24,24,527,5270,-277.4465,-281.3943,83.02,-96.57576,-0.3956611,-0.2454104,-0.2612275,-0.5215303,0.9059767,-1.157555,0.1314044,0.9429213,0.1279546,-0.1112834,0.1204493,0.452107,24,24,24,24,24,24,24,24,24,24,24,24,24,24,24,24
528,5280,-275.4459,-276.9163,-268.4492,-14.61916,-265.763,-280.1508,-258.3755,-84.13745,49.29978,84.54921,-25.76061,-210.0419,-312.9354,-267.2417,-266.3716,-267.3301,24,24,24,24,24,24,24,24,24,24,24,24,24,24,24,24,528,5280,-289.6726,-289.6857,81.3177,-96.70486,0.5235819,0.4909106,-0.6530262,-2.247436E-05,-0.2588276,0.001376554,0.7883812,-2.568498E-05,-2.729029E-05,-0.2226471,0.4817929,0.1130332,24,24,24,24,24,24,24,24,24,24,24,24,24,24,24,24
529,5290,-269.3142,-272.3212,-275.711,-14.49736,-278.5563,-289.0365,-265.7758,-87.02136,47.31792,84.91842,-26.23532,-208.6551,-314.6017,-276.1933,-275.5523,-269.1379,24,24,24,24,24,24,24,24,24,24,24,24,24,24,24,24,529,5290,-281.2083,-285.211,81.97243,-96.05938,0.2609409,-0.1226907,-2.88956E-05,-0.9126613,0.2588629,0.1301466,6.421245E-06,0.2693873,-0.2559894,-0.3340123,-0.361342,-0.2260407,24,24,24,24,24,24,24,24,24,24,24,24,24,24,24,24
530,5300,-275.8066,-288.233,-293.1888,-15.22816,-290.1427,-293.7262,-262.0757,-81.12814,50.16684,83.56465,-28.49017,-212.9416,-319.3627,-289.4417,-287.5946,-283.7212,24,24,24,24,24,24,24,24,24,24,24,24,24,24,24,24,530,5300,-273.6845,-269.9443,82.88905,-95.41389,-0.264341,0.2454714,-0.7836247,-0.3911534,1.765843E-05,0.6452276,-0.2627831,0.6735084,-0.895897,0.2228076,-0.1204465,0.3390835,24,24,24,24,24,24,24,24,24,24,24,24,24,24,24,24
531,5310,-288.7913,-289.9256,-295.8965,-14.61916,-282.6598,-278.5464,-254.2926,-81.12814,48.92818,84.67228,-24.21781,-206.764,-319.4818,-284.0706,-283.8984,-289.9883,24,24,24,24,24,24,24,24,24,24,24,24,24,24,24,24,531,5310,-287.2542,-286.1322,83.67478,-95.1557,0.5235819,-1.104451,-0.2612275,0.2607347,-0.2588276,0.001376554,-0.2627831,-0.8082678,0.2559364,0.1114439,-1.084029,-1.017215,24,24,24,24,24,24,24,24,24,24,24,24,24,24,24,24
532,5320,-273.6425,-274.8127,-280.142,-14.49735,-267.5733,-272.1289,-251.4856,-78.6204,51.0339,86.88754,-22.20031,-211.3027,-326.0281,-290.0384,-283.4215,-282.2749,24,24,24,24,24,24,24,24,24,24,24,24,24,24,24,24,532,5320,-286.045,-282.4472,86.16277,-95.54299,-0.001700025,-0.1226907,0.1305696,0.2607347,0.7765533,-0.3849344,-1.445342,0.1346808,0.8958424,-0.3340123,1.605311E-06,6.421245E-06,24,24,24,24,24,24,24,24,24,24,24,24,24,24,24,24
533,5330,-279.7741,-287.024,-278.0496,-15.34995,-259.1249,-271.3885,-252.3787,-82.38203,48.92818,86.14912,-21.7256,-205.7554,-314.1256,-270.9417,-266.4908,-274.4409,24,24,24,24,24,24,24,24,24,24,24,24,24,24,24,24,533,5330,-278.5212,-274.8138,82.10342,-98.38313,-0.264341,2.88956E-05,-0.3918276,0.3911116,-0.5176712,-1.028785,-0.2627831,0.4040954,-1.151859,-0.2226471,-0.1204465,0.2260567,24,24,24,24,24,24,24,24,24,24,24,24,24,24,24,24
534,5340,-265.1063,-264.6569,-263.6489,-14.01016,-261.1767,-271.265,-252.6339,-81.00276,48.92818,87.5029,-20.06413,-201.4688,-306.627,-264.3772,-259.0985,-262.1476,24,24,24,24,24,24,24,24,24,24,24,24,24,24,24,24,534,5340,-260.7867,-258.8891,82.23437,-95.1557,0.9175438,0.859076,0.2611697,-0.6519073,-0.6470946,0.001376554,-0.1313883,0.2693873,-0.1280075,8.026557E-05,0.240897,-0.1130171,24,24,24,24,24,24,24,24,24,24,24,24,24,24,24,24
535,5350,-264.0242,-267.9213,-263.8951,-14.74096,-255.7456,-269.167,-254.9305,-86.39442,47.31792,83.93386,-25.04855,-211.4287,-319.8388,-274.2836,-269.1139,-255.6394,24,24,24,24,24,24,24,24,24,24,24,24,24,24,24,24,535,5350,-269.7883,-268.365,83.41288,-95.4139,-0.1330201,3.210623E-05,-0.1305728,-0.1303994,0.6471315,0.001376554,-0.2627831,0.1346808,-0.2559894,-0.445376,1.605311E-06,-0.1130171,24,24,24,24,24,24,24,24,24,24,24,24,24,24,24,24
536,5360,-283.1405,-278.3189,-275.0956,-15.22816,-281.3322,-298.2924,-266.6689,-85.51672,49.05205,86.14912,-25.87929,-211.3027,-319.1247,-271.4191,-271.1407,-273.1152,24,24,24,24,24,24,24,24,24,24,24,24,24,24,24,24,536,5360,-281.7457,-288.7644,83.67478,-96.70486,0.7862237,-0.8590086,-0.5223715,0.3911116,0.2588629,-0.6424745,-0.2627831,-0.4041468,0.2559364,0.2228076,-0.361342,-0.3390674,24,24,24,24,24,24,24,24,24,24,24,24,24,24,24,24
537,5370,-271.2379,-273.7246,-271.4031,-14.86276,-277.9529,-288.6663,-262.0756,-83.00896,50.04303,85.4107,-26.94738,-208.4029,-308.4124,-260.6772,-262.9138,-274.1999,24,24,24,24,24,24,24,24,24,24,24,24,24,24,24,24,537,5370,-274.4907,-278.6305,83.28194,-94.25203,-0.9209439,-0.7362889,0.1306258,0.1303545,-0.6470962,-0.1273935,-0.7883652,-2.568498E-05,-2.729029E-05,-0.1112834,-1.084029,-0.9041916,24,24,24,24,24,24,24,24,24,24,24,24,24,24,24,24
538,5380,-278.8123,-275.4172,-277.4342,-14.98456,-292.0737,-299.1563,-266.6689,-85.51672,48.92824,85.53376,-21.7256,-199.5777,-307.5793,-283.9513,-283.1831,-275.8872,24,24,24,24,24,24,24,24,24,24,24,24,24,24,24,24,538,5380,-265.489,-268.6282,84.19857,-95.54299,-0.5269819,-0.1226875,0.1306258,-0.3911534,0.9059751,-0.6424745,-0.1313883,-0.1347338,-0.5119531,-0.1112834,-0.1204465,-0.1130171,24,24,24,24,24,24,24,24,24,24,24,24,24,24,24,24
539,5390,-284.463,-282.6714,-284.4499,-15.10636,-281.4529,-279.04,-253.1442,-76.99036,51.77716,87.87209,-21.48825,-200.7124,-309.9597,-278.5804,-278.8908,-291.7962,24,24,24,24,24,24,24,24,24,24,24,24,24,24,24,24,539,5390,-275.5655,-277.446,81.97247,-96.70486,0.1296209,0.3681942,0.2612243,0.1303545,0.1294395,0.001376554,0.1314044,0.4040954,-2.729029E-05,-0.3340123,1.605311E-06,0.1130332,24,24,24,24,24,24,24,24,24,24,24,24,24,24,24,24
540,5400,-277.0089,-278.0771,-284.696,-15.59355,-274.9355,-276.4484,-251.2304,-79.24734,49.17597,85.04148,-20.06413,-202.9817,-318.2915,-299.1094,-294.1523,-279.5029,24,24,24,24,24,24,24,24,24,24,24,24,24,24,24,24,540,5400,-289.1351,-288.7644,83.41288,-94.63932,-0.001700025,-0.3681268,2.568498E-05,-0.9126613,0.5177065,0.001376554,-0.3941778,0.4040954,-0.1280075,-0.5567396,-0.6022373,6.421245E-06,24,24,24,24,24,24,24,24,24,24,24,24,24,24,24,24
541,5410,-296.1252,-304.0713,-301.1891,-15.47176,-277.4701,-286.3214,-255.3133,-81.37894,48.92824,85.77989,-24.45516,-213.3199,-329.5988,-293.3803,-286.8792,-285.529,24,24,24,24,24,24,24,24,24,24,24,24,24,24,24,24,541,5410,-286.3137,-281.7891,82.23437,-95.54299,-0.3956611,3.210623E-05,-0.9141687,-0.3911534,-0.2588276,-0.1273935,-0.5255757,0.1346808,-1.02393,0.5568985,1.20448,0.1130332,24,24,24,24,24,24,24,24,24,24,24,24,24,24,24,24
542,5420,-287.2283,-289.2002,-282.8498,-14.74096,-264.3147,-274.9674,-254.9305,-84.38823,45.95546,84.91841,-23.26839,-210.7984,-329.0037,-282.3997,-275.3138,-279.3824,24,24,24,24,24,24,24,24,24,24,24,24,24,24,24,24,542,5420,-284.8358,-284.2897,85.1152,-95.28481,-0.001700025,-1.227167,1.04482,0.2607347,0.2588629,0.1301466,6.421245E-06,-0.9429743,-0.3840226,-0.2227016,-0.6022373,-0.452091,24,24,24,24,24,24,24,24,24,24,24,24,24,24,24,24
543,5430,-273.7627,-284.8477,-279.4035,-14.86276,-268.0561,-281.8785,-258.3755,-84.38823,48.18504,85.16455,-22.91236,-210.0419,-321.8622,-284.6674,-275.91,-266.9685,24,24,24,24,24,24,24,24,24,24,24,24,24,24,24,24,543,5430,-281.7457,-280.4731,83.28194,-96.96307,-0.6583028,-0.3681268,-0.65297,-1.173415,1.605311E-05,-0.3849344,-0.3941778,0.5388019,0.255885,-0.2227016,-0.6022378,0.7911809,24,24,24,24,24,24,24,24,24,24,24,24,24,24,24,24
544,5440,-277.7303,-293.7945,-285.8037,-15.34995,-273.97,-289.777,-262.4584,-85.01517,48.43278,86.02603,-26.23532,-214.7067,-325.79,-280.2513,-275.1946,-272.151,24,24,24,24,24,24,24,24,24,24,24,24,24,24,24,24,544,5440,-263.4738,-264.2851,82.75816,-97.22125,0.3922618,0.6136335,2.568498E-05,-2.247436E-05,-0.5176744,-0.9000146,0.6569865,-0.4041468,-0.5120044,0.222753,0.4817929,-0.1130171,24,24,24,24,24,24,24,24,24,24,24,24,24,24,24,24
545,5450,-279.6539,-279.2861,-276.3264,-14.86276,-271.6769,-287.9258,-261.5653,-83.38513,48.68051,83.56464,-29.91429,-214.8328,-321.3861,-274.761,-270.4254,-273.3562,24,24,24,24,24,24,24,24,24,24,24,24,24,24,24,24,545,5450,-268.1761,-271.5236,80.66301,-96.57578,-0.001700025,-0.1226875,-0.1305728,-0.3911534,-0.9059414,0.001376554,0.1314044,-0.6735597,0.1279032,-0.7795215,0.240897,0.2260567,24,24,24,24,24,24,24,24,24,24,24,24,24,24,24,24
546,5460,-279.4135,-276.989,-271.2801,-15.34995,-273.8493,-288.5428,-262.586,-84.88979,50.29076,84.67226,-28.01546,-217.3543,-326.0281,-274.0449,-271.0215,-271.0663,24,24,24,24,24,24,24,24,24,24,24,24,24,24,24,24,546,5460,-303.1078,-308.2426,80.13922,-98.25403,-0.264341,3.210623E-05,0.653023,-1.043038,-0.388251,0.7739977,-0.5255757,0.1346808,-0.2560408,-0.2227016,-0.2408942,0.6781574,24,24,24,24,24,24,24,24,24,24,24,24,24,24,24,24
547,5470,-280.4955,-281.7042,-281.2497,-15.22816,-291.1082,-309.2762,-273.4313,-87.64831,48.55664,86.02603,-26.59134,-210.0419,-320.0769,-273.3287,-271.0215,-279.5029,24,24,24,24,24,24,24,24,24,24,24,24,24,24,24,24,547,5470,-300.4208,-298.3719,81.44869,-97.99583,0.1296209,-0.613566,0.1306258,0.3911116,-0.5176744,-0.6424745,-0.2627831,-0.5388532,0.1279032,-0.3340653,-0.361342,-0.1130171,24,24,24,24,24,24,24,24,24,24,24,24,24,24,24,24
548,5480,-283.0203,-277.1099,-277.188,-15.22816,-284.2288,-298.5393,-267.3069,-84.63901,47.81345,83.56464,-28.60885,-212.8156,-318.6486,-274.2836,-272.0946,-279.5029,24,24,24,24,24,24,24,24,24,24,24,24,24,24,24,24,548,5480,-275.8342,-273.6293,83.02005,-97.47945,-0.001700025,-0.3681268,0.3918244,0.5214886,0.2588629,-0.1273935,-1.708135,0.5388019,0.3838653,2.568498E-05,-0.6022378,-0.5651178,24,24,24,24,24,24,24,24,24,24,24,24,24,24,24,24
549,5490,-270.6368,-273.8455,-275.8341,-15.59355,-278.3149,-291.5048,-261.0549,-83.00896,49.7953,84.54919,-25.64193,-209.0333,-313.6495,-271.7772,-272.9292,-276.8514,24,24,24,24,24,24,24,24,24,24,24,24,24,24,24,24,549,5490,-283.0893,-281.6575,82.36532,-99.2868,-0.2642896,-0.2454072,2.568498E-05,-0.5215303,0.5177065,-1.157555,-0.3941778,0.1346808,0.255885,-0.6681579,-0.2408942,0.3390835,24,24,24,24,24,24,24,24,24,24,24,24,24,24,24,24
550,5500,-280.1348,-276.2635,-278.4188,-14.98456,-287.2461,-296.6881,-262.4584,-82.25665,49.29984,86.1491,-26.35399,-208.1508,-316.6252,-279.0578,-278.6523,-282.8775,24,24,24,24,24,24,24,24,24,24,24,24,24,24,24,24,550,5500,-286.8511,-288.896,80.53207,-98.51221,0.2609923,0.4909106,0.3918244,-2.247436E-05,1.605311E-05,0.2589166,0.7883812,-0.4041468,0.1279032,-0.2227016,0.8431364,0.5651306,24,24,24,24,24,24,24,24,24,24,24,24,24,24,24,24
551,5510,-281.5776,-278.9234,-281.0036,-14.98456,-277.4701,-277.8059,-255.1857,-81.25355,49.67144,87.62595,-18.75868,-200.9645,-316.149,-287.1739,-282.8253,-283.8417,24,24,24,24,24,24,24,24,24,24,24,24,24,24,24,24,551,5510,-281.074,-287.7115,79.2226,-101.2232,0.9175951,2.88956E-05,-0.1305728,-1.043038,0.2588629,-0.5137045,-0.6569704,0.4040954,-0.1280589,2.568498E-05,-0.4817901,-0.2260407,24,24,24,24,24,24,24,24,24,24,24,24,24,24,24,24
552,5520,-280.6158,-282.7923,-282.4806,-16.20255,-272.2803,-278.1761,-255.4409,-85.14056,47.56572,86.02603,-17.09721,-198.3169,-307.6983,-267.0029,-265.1792,-282.1544,24,24,24,24,24,24,24,24,24,24,24,24,24,24,24,24,552,5520,-288.0603,-291.7914,79.87733,-98.12492,-0.001648655,2.88956E-05,-0.7835685,0.1303545,-0.2588276,-0.6424745,0.3941938,0.1346808,-0.5120044,0.4454803,0.3613451,0.2260567,24,24,24,24,24,24,24,24,24,24,24,24,24,24,24,24
553,5530,-260.2971,-264.7778,-265.249,-14.86276,-259.0042,-263.6134,-245.2336,-78.49502,49.79525,88.11823,-17.69059,-196.0476,-301.1519,-267.0029,-266.0138,-265.1607,24,24,24,24,24,24,24,24,24,24,24,24,24,24,24,24,553,5530,-272.0723,-273.6293,81.44869,-98.51221,0.7862751,-0.6135693,2.568498E-05,0.1303545,-0.1294058,-0.1273935,0.3941938,-1.077681,0.6398289,0.6682076,-0.6022378,-0.2260407,24,24,24,24,24,24,24,24,24,24,24,24,24,24,24,24
554,5540,-266.9097,-269.0094,-268.8184,-14.01016,-259.487,-271.1416,-252.2511,-83.6359,47.56567,85.5338,-22.79369,-212.1852,-324.0047,-278.2223,-269.2331,-263.9555,24,24,24,24,24,24,24,24,24,24,24,24,24,24,24,24,554,5540,-287.926,-285.2109,81.31775,-98.64131,-0.5269306,0.2454714,0.1306258,0.2607347,-0.388251,-0.3849858,-0.7883652,0.4040954,0.255885,-0.6681579,-0.361342,-0.1130171,24,24,24,24,24,24,24,24,24,24,24,24,24,24,24,24
555,5550,-279.7741,-278.0771,-271.8955,-15.59355,-283.0219,-305.6972,-274.452,-90.15606,47.68953,85.41073,-28.8462,-220.1279,-331.2652,-276.79,-272.6907,-264.076,24,24,24,24,24,24,24,24,24,24,24,24,24,24,24,24,555,5550,-292.3596,-288.7644,83.02005,-99.93227,-0.1329687,0.7363499,0.3918244,0.5214886,-0.2588276,-1.028836,-0.5255789,0.1346808,-0.6399847,0.222753,0.1204493,0.452107,24,24,24,24,24,24,24,24,24,24,24,24,24,24,24,24
556,5560,-280.0146,-280.6161,-274.4802,-14.61916,-276.7459,-291.0111,-264.8827,-82.63281,50.78617,86.88757,-26.35399,-209.0333,-314.6017,-267.7191,-266.3715,-280.3465,24,24,24,24,24,24,24,24,24,24,24,24,24,24,24,24,556,5560,-289.1351,-286.527,79.74638,-100.5778,-0.1329687,0.368191,-0.1305728,-0.2607764,-0.5176744,0.3876353,0.5255854,-0.6735597,0.6398289,0.222753,0.1204493,0.452107,24,24,24,24,24,24,24,24,24,24,24,24,24,24,24,24
557,5570,-268.2322,-264.2942,-264.0182,-14.25376,-267.694,-277.3123,-255.8237,-80.50122,50.78617,85.28766,-25.64193,-207.2683,-307.5793,-262.1094,-263.51,-271.3073,24,24,24,24,24,24,24,24,24,24,24,24,24,24,24,24,557,5570,-278.9243,-277.3144,79.35355,-99.80318,0.3923132,2.88956E-05,-0.2611729,-0.9126613,0.1294395,0.6451762,-0.3941842,0.4040954,-0.3840226,-0.8908852,-0.4817901,-0.452091,24,24,24,24,24,24,24,24,24,24,24,24,24,24,24,24
558,5580,-274.2436,-270.3393,-271.5262,-14.74096,-279.2805,-288.9131,-260.1618,-79.37273,52.02484,86.7645,-25.76061,-205.7554,-308.1744,-274.2836,-276.983,-274.682,24,24,24,24,24,24,24,24,24,24,24,24,24,24,24,24,558,5580,-275.4312,-273.6293,80.40112,-100.5778,0.3923132,-0.6135693,-1.044767,-2.247436E-05,1.605311E-05,-0.7712959,0.1313979,-0.4041468,-0.6399847,0.5568985,-0.1204465,-0.1130171,24,24,24,24,24,24,24,24,24,24,24,24,24,24,24,24
559,5590,-285.4249,-282.5505,-286.9115,-14.25376,-286.5219,-287.4321,-257.8651,-79.12196,51.15778,87.62599,-21.36957,-204.7468,-318.4105,-289.3223,-286.2831,-287.4574,24,24,24,24,24,24,24,24,24,24,24,24,24,24,24,24,559,5590,-273.0128,-273.3661,79.4845,-100.9651,-0.001648655,-0.9817314,0.653023,0.3911116,-0.9059414,1.160256,3.210623E-06,-2.568498E-05,-0.1280589,0.5568985,-0.7226855,-0.9041916,24,24,24,24,24,24,24,24,24,24,24,24,24,24,24,24
560,5600,-279.6539,-283.0341,-286.0499,-14.49735,-272.8838,-278.7932,-256.972,-85.89288,46.07927,84.54924,-20.53883,-210.0419,-328.4086,-292.4255,-285.8062,-285.5291,24,24,24,24,24,24,24,24,24,24,24,24,24,24,24,24,560,5600,-297.7337,-301.3989,81.05585,-100.0614,-0.9208925,0.1227517,0.5224229,0.1303545,0.6471299,-0.2562149,-0.5255789,0.6735084,0.5118471,-0.5567396,-0.361342,3.210623E-06,24,24,24,24,24,24,24,24,24,24,24,24,24,24,24,24
561,5610,-292.3981,-292.4646,-283.5883,-15.22816,-272.7631,-283.8531,-259.779,-84.13746,49.29979,85.28766,-23.38707,-209.2855,-319.8388,-278.8191,-275.6716,-278.4182,24,24,24,24,24,24,24,24,24,24,24,24,24,24,24,24,561,5610,-290.0756,-291.265,80.66301,-100.836,0.5236333,0.2454714,-0.65297,-2.247436E-05,-0.776518,-1.415147,0.1313979,-0.1347338,-0.5120044,0.6682622,0.1204493,-0.1130235,24,24,24,24,24,24,24,24,24,24,24,24,24,24,24,24
562,5620,-271.2379,-275.0545,-272.1416,-15.10636,-270.3493,-278.1761,-257.61,-83.88668,48.55659,85.77994,-22.31898,-207.2683,-316.03,-275.3578,-272.3331,-270.5843,24,24,24,24,24,24,24,24,24,24,24,24,24,24,24,24,562,5620,-299.8833,-294.6868,80.53207,-100.1905,0.2609923,0.1227517,0.2612243,-0.2607764,-1.035365,-0.6425259,0.2627959,-0.4041468,-0.2560408,-0.3340123,-0.4817901,-0.1130235,24,24,24,24,24,24,24,24,24,24,24,24,24,24,24,24
563,5630,-269.3142,-266.3495,-265.9875,-14.49735,-261.2974,-269.5373,-251.6132,-83.00896,48.30886,84.18003,-21.84427,-204.1164,-307.2222,-262.9449,-259.4562,-269.8611,24,24,24,24,24,24,24,24,24,24,24,24,24,24,24,24,563,5630,-281.3427,-279.815,80.00828,-102.1269,0.2609923,0.368191,2.568498E-05,-0.7822843,0.2588629,-0.2562149,-0.6569737,0.2693873,-0.8959484,0.2228076,-0.361342,-0.1130235,24,24,24,24,24,24,24,24,24,24,24,24,24,24,24,24
564,5640,-261.9803,-262.2388,-262.0489,-15.59355,-264.7974,-282.7424,-259.5239,-84.63901,48.18499,84.91845,-28.13414,-213.446,-320.91,-278.5804,-279.01,-262.6298,24,24,24,24,24,24,24,24,24,24,24,24,24,24,24,24,564,5640,-274.8937,-272.7081,79.4845,-100.5778,0.2609923,-0.4908496,-0.7835685,-0.3911534,-0.1294058,-0.3849858,0.7883781,-0.5388532,-0.5120044,0.1114439,1.605311E-06,0.3390771,24,24,24,24,24,24,24,24,24,24,24,24,24,24,24,24
565,5650,-297.9286,-291.3764,-297.2504,-14.74096,-310.6603,-322.8516,-279.9384,-90.28145,46.82247,83.93389,-30.74503,-220.1279,-334.0028,-296.961,-296.5369,-295.1709,24,24,24,24,24,24,24,24,24,24,24,24,24,24,24,24,565,5650,-269.654,-268.4966,81.71059,-100.5778,0.2609923,-0.9817314,0.2612243,0.6518655,-0.388251,0.001325184,-0.5255789,-0.1347338,-7.866025E-05,0.2228076,-0.9635813,-0.9041948,24,24,24,24,24,24,24,24,24,24,24,24,24,24,24,24
566,5660,-298.7702,-294.7617,-297.9889,-15.47176,-299.5567,-301.6246,-266.5414,-85.39133,47.19407,81.96477,-26.47267,-210.0419,-321.8622,-289.4417,-287.3561,-307.2231,24,24,24,24,24,24,24,24,24,24,24,24,24,24,24,24,566,5660,-272.8784,-267.0489,79.87733,-101.0941,-0.9208925,0.6136303,0.2612243,0.1303545,0.2588629,-1.672688,0.2627959,-2.568498E-05,0.8957911,-0.5567396,1.605311E-06,-0.7911713,24,24,24,24,24,24,24,24,24,24,24,24,24,24,24,24
567,5670,-278.9325,-279.407,-281.3728,-14.74096,-276.8666,-277.8059,-254.8029,-81.62971,48.18499,84.18003,-24.57384,-206.6379,-313.6495,-275.8352,-276.8639,-287.5779,24,24,24,24,24,24,24,24,24,24,24,24,24,24,24,24,567,5670,-273.4158,-268.8914,82.10342,-100.836,0.6549542,0.7363499,-0.2611729,0.1303545,-0.1294058,-0.6425259,0.6569801,0.4040954,-0.2560408,-0.2226471,-0.2408942,0.3390771,24,24,24,24,24,24,24,24,24,24,24,24,24,24,24,24
568,5680,-279.6538,-279.8907,-280.2651,-15.22816,-273.8494,-284.2234,-259.0134,-84.01207,46.57473,83.93389,-25.52325,-215.5892,-333.7647,-294.932,-287.4754,-275.0436,24,24,24,24,24,24,24,24,24,24,24,24,24,24,24,24,568,5680,-271.6693,-272.9713,79.87733,-99.93227,0.5236333,2.88956E-05,-0.1305728,-0.5215271,-0.1294058,0.3876353,3.210623E-06,-0.8082678,-0.5120044,-0.445376,-0.7226855,-0.1130235,24,24,24,24,24,24,24,24,24,24,24,24,24,24,24,24
569,5690,-300.3332,-301.1696,-291.7117,-15.71536,-283.2633,-308.1655,-272.1553,-92.7892,44.71675,82.94933,-30.50767,-226.5577,-344.1199,-287.532,-280.9177,-283.9622,24,24,24,24,24,24,24,24,24,24,24,24,24,24,24,24,569,5690,-287.2542,-283.2368,79.61544,-101.8687,0.2609923,0.1227517,-0.1305728,-0.6519041,0.2588629,0.9027163,-0.7883716,0.4040954,-0.5120044,-0.2226471,1.605311E-06,0.2260503,24,24,24,24,24,24,24,24,24,24,24,24,24,24,24,24
570,5700,-295.524,-289.6838,-282.6037,-15.10636,-288.453,-309.0294,-276.4934,-89.90528,47.68953,84.42612,-32.05047,-217.9847,-326.0281,-268.4352,-273.6446,-283.8417,24,24,24,24,24,24,24,24,24,24,24,24,24,24,24,24,570,5700,-289.8069,-284.8161,80.40112,-99.80318,0.2609923,-0.6135693,-0.2611729,0.5214918,0.1294395,-0.6424745,-0.1313915,-0.1347338,0.1279032,-0.2226471,-1.084029,-0.2260471,24,24,24,24,24,24,24,24,24,24,24,24,24,24,24,24
571,5710,-285.545,-282.6714,-283.3422,-15.47176,-294.9704,-311.3742,-272.5381,-86.51982,47.4418,83.19542,-29.08355,-213.1938,-321.8622,-279.5352,-279.6062,-283.6007,24,24,24,24,24,24,24,24,24,24,24,24,24,24,24,24,571,5710,-281.3427,-284.0265,81.71059,-97.73763,-0.1329687,-0.6135693,0.1306258,0.5214918,-0.2588276,0.7739977,-0.1313979,-2.568498E-05,-7.866025E-05,0.2228076,-1.324925,-0.6781477,24,24,24,24,24,24,24,24,24,24,24,24,24,24,24,24
572,5720,-285.4248,-282.3087,-278.7881,-15.34995,-280.1253,-290.7643,-263.6067,-84.38823,46.6986,82.457,-28.25282,-208.403,-307.9363,-266.0482,-267.2062,-287.6985,24,24,24,24,24,24,24,24,24,24,24,24,24,24,24,24,572,5720,-275.9685,-281.9207,83.67478,-99.41589,-0.5269306,-0.36813,0.2612243,-0.1303962,0.1294395,-1.672636,-0.5255854,0.1346808,0.5118471,8.026557E-05,-0.2408942,0.1130268,24,24,24,24,24,24,24,24,24,24,24,24,24,24,24,24
573,5730,-275.9268,-279.0443,-283.8345,-14.86276,-288.6944,-294.8369,-266.0309,-83.88668,47.8134,81.96472,-31.21974,-212.3113,-318.2915,-282.7578,-283.66,-279.5029,24,24,24,24,24,24,24,24,24,24,24,24,24,24,24,24,573,5730,-278.6556,-280.9995,80.79396,-99.15771,0.7862751,1.349951,-0.3917714,0.1303577,-1.035365,-0.2561635,0.9197664,-0.1347338,0.1279578,-0.3340123,-0.2408942,0.3390771,24,24,24,24,24,24,24,24,24,24,24,24,24,24,24,24
574,5740,-283.5012,-282.0669,-288.5116,-14.74096,-286.7634,-289.6536,-260.5445,-83.6359,47.93726,82.70314,-26.8287,-209.7898,-315.4349,-282.3997,-282.4677,-291.7962,24,24,24,24,24,24,24,24,24,24,24,24,24,24,24,24,574,5740,-278.3869,-278.3672,81.05585,-99.67409,0.6549542,0.2454714,0.1306258,-1.69492,0.1294395,0.2589166,-3.210623E-06,0.1346808,-0.6399317,-0.7794669,-0.2408942,-0.3390739,24,24,24,24,24,24,24,24,24,24,24,24,24,24,24,24
575,5750,-291.5565,-291.3764,-289.7424,-16.20255,-283.2633,-288.7897,-262.0756,-86.39443,44.22128,81.47244,-27.77811,-214.2024,-324.5998,-286.6965,-282.4677,-287.2164,24,24,24,24,24,24,24,24,24,24,24,24,24,24,24,24,575,5750,-279.0587,-274.2874,81.84153,-99.67409,0.3923132,-0.1226907,-0.9141687,-0.5215271,1.605311E-05,0.1301466,0.1313947,-0.4041468,-0.6399317,0.5568985,0.4817929,0.1130268,24,24,24,24,24,24,24,24,24,24,24,24,24,24,24,24
576,5760,-278.4516,-283.0341,-282.8498,-14.74096,-279.2805,-289.4067,-262.0756,-86.51982,46.07927,84.42612,-25.16722,-211.6809,-321.3861,-278.5804,-273.5254,-279.0208,24,24,24,24,24,24,24,24,24,24,24,24,24,24,24,24,576,5760,-284.7015,-282.5787,79.35355,-101.4814,-0.2642896,-1.227171,-0.3917714,-1.926374E-05,0.7765533,-0.1273935,-0.6569801,-0.6735597,-0.1280059,-0.3340123,-0.7226855,-0.5651788,24,24,24,24,24,24,24,24,24,24,24,24,24,24,24,24
577,5770,-273.2818,-275.2963,-272.1417,-15.10636,-266.8492,-279.9039,-259.2686,-87.27215,45.33607,80.98016,-29.43958,-215.7153,-319.2437,-274.8804,-271.0215,-270.9458,24,24,24,24,24,24,24,24,24,24,24,24,24,24,24,24,577,5770,-289.9413,-284.1581,81.31775,-97.60854,-0.5269306,0.1227517,0.3918244,0.2607347,0.2588629,0.001376554,-1.182562,0.2693873,0.6398819,-0.445376,-0.1204465,-0.4521552,24,24,24,24,24,24,24,24,24,24,24,24,24,24,24,24
578,5780,-278.5719,-277.2791,-273.1263,-15.47176,-273.4873,-285.5809,-263.9895,-87.39754,47.19407,81.84165,-31.57577,-217.8586,-317.8154,-265.332,-266.4908,-271.1868,24,24,24,24,24,24,24,24,24,24,24,24,24,24,24,24,578,5780,-285.5076,-287.5799,79.87733,-101.9978,0.1296722,0.2454714,-0.65297,0.1303577,-0.1294058,-0.7712445,-0.1313979,-2.568498E-05,-0.2559878,0.4455349,0.1204493,-0.5651788,24,24,24,24,24,24,24,24,24,24,24,24,24,24,24,24
579,5790,-290.5947,-291.1854,-298.7274,-15.59355,-312.35,-321.2473,-281.5971,-90.15606,46.57473,81.47244,-31.21974,-214.0763,-322.1003,-289.3223,-288.7869,-281.6723,24,24,24,24,24,24,24,24,24,24,24,24,24,24,24,24,579,5790,-286.1794,-288.7644,77.12741,-100.9651,0.2609923,0.7363499,-0.1305728,-1.926374E-05,-0.388251,-0.2561635,0.7883716,-0.1347338,0.255938,0.1114439,0.3613451,0.452046,24,24,24,24,24,24,24,24,24,24,24,24,24,24,24,24
580,5800,-287.7092,-290.5808,-296.7581,-16.20255,-295.0911,-295.7008,-263.2239,-83.25974,48.18499,81.10323,-28.25282,-211.807,-321.8622,-294.5739,-292.0061,-299.8712,24,24,24,24,24,24,24,24,24,24,24,24,24,24,24,24,580,5800,-279.1931,-282.9736,80.79391,-98.38313,-0.3956097,0.8590727,-0.2611729,-1.434166,0.5177065,1.031538,-0.1313979,1.077629,-2.407967E-05,-1.002194,-1.084029,0.3390193,24,24,24,24,24,24,24,24,24,24,24,24,24,24,24,24
581,5810,-295.8848,-299.771,-304.7585,-15.47176,-294.2462,-305.327,-266.7965,-86.26905,46.07927,82.33393,-28.01546,-217.6064,-333.6457,-293.619,-289.1446,-293.8451,24,24,24,24,24,24,24,24,24,24,24,24,24,24,24,24,581,5810,-279.4618,-276.9196,79.74633,-99.0286,0.2609409,2.88956E-05,-0.2611729,-0.5215271,0.3882847,-0.2561635,0.6569769,-0.1347338,-2.407967E-05,0.2228076,0.8431364,0.112969,24,24,24,24,24,24,24,24,24,24,24,24,24,24,24,24
582,5820,-286.5069,-287.7995,-285.9269,-15.34996,-275.4183,-284.4702,-262.9688,-90.03067,43.23035,82.58007,-25.40458,-212.5634,-325.314,-281.8029,-276.6254,-282.516,24,24,24,24,24,24,24,24,24,24,24,24,24,24,24,24,582,5820,-268.3105,-270.8655,80.79391,-100.5778,0.3922618,-1.718107,0.9142216,0.6518688,1.605311E-05,0.6452276,-0.7883748,-1.481802,-0.1280059,0.1114439,-0.8431336,-0.9042526,24,24,24,24,24,24,24,24,24,24,24,24,24,24,24,24
583,5830,-276.7684,-277.8837,-274.3571,-16.56796,-268.2975,-279.6571,-259.6514,-88.77679,44.84061,81.59551,-25.76061,-209.5376,-316.149,-273.3288,-268.2792,-272.8741,24,24,24,24,24,24,24,24,24,24,24,24,24,24,24,24,583,5830,-297.465,-295.2133,80.79391,-97.99583,-0.3956611,-0.3681846,0.3918212,0.3911116,0.3882847,0.001376554,-0.3941874,0.2693873,0.6398819,-0.6681033,-0.361342,-0.2261049,24,24,24,24,24,24,24,24,24,24,24,24,24,24,24,24
584,5840,-272.1997,-271.2329,-270.6647,-15.22816,-269.1423,-277.5591,-257.4824,-83.00896,47.68953,85.41069,-25.99796,-207.7726,-307.9363,-263.0643,-265.4177,-267.0891,24,24,24,24,24,24,24,24,24,24,24,24,24,24,24,24,584,5840,-307.4071,-302.9782,81.44864,-102.3851,0.7862237,-0.1227453,-0.2611745,0.6519234,-0.2588276,-0.6424745,-0.1313979,0.4040954,-0.383968,-0.2226471,-0.1204465,0.9041435,24,24,24,24,24,24,24,24,24,24,24,24,24,24,24,24
585,5850,-274.1234,-271.5957,-272.8802,-14.61916,-276.6252,-286.815,-263.4792,-84.76439,46.6986,81.71858,-28.49017,-207.3944,-306.0319,-266.0482,-266.0139,-270.1022,24,24,24,24,24,24,24,24,24,24,24,24,24,24,24,24,585,5850,-278.9244,-277.9724,76.47267,-101.3523,0.2609409,-0.245465,0.2612227,-0.5214694,-0.776518,0.2589166,-0.2627927,-0.4041468,0.255938,0.1114439,-0.1204465,-0.1130781,24,24,24,24,24,24,24,24,24,24,24,24,24,24,24,24
586,5860,-272.8009,-271.3538,-274.7264,-15.22816,-278.3149,-285.2107,-257.61,-81.6297,49.29978,84.67226,-25.2859,-203.2339,-300.7948,-263.0643,-263.51,-275.5256,24,24,24,24,24,24,24,24,24,24,24,24,24,24,24,24,586,5860,-278.79,-274.9454,78.56782,-99.80318,-0.5269819,-2.247436E-05,-0.9141703,-0.5214694,0.6471299,0.3876867,-0.3941874,0.1346808,-1.5358,-0.1112834,0.4817929,0.3390193,24,24,24,24,24,24,24,24,24,24,24,24,24,24,24,24
587,5870,-269.9154,-269.6609,-271.4032,-14.61916,-270.2285,-275.3376,-255.8237,-83.00896,46.57473,84.30305,-23.62443,-202.4774,-307.2222,-271.8965,-272.2139,-270.9458,24,24,24,24,24,24,24,24,24,24,24,24,24,24,24,24,587,5870,-290.4787,-285.3426,79.35349,-99.93227,0.1296209,-1.227225,-0.9141703,0.3911694,0.7765533,-0.6424745,0.6569801,-0.4041468,-0.1280059,-0.1112834,-0.2408942,-0.3391284,24,24,24,24,24,24,24,24,24,24,24,24,24,24,24,24
588,5880,-278.5719,-279.4557,-281.7421,-14.25376,-277.108,-282.2488,-257.8651,-84.639,46.07927,82.94928,-25.99796,-213.6981,-325.79,-290.9932,-284.3754,-276.0078,24,24,24,24,24,24,24,24,24,24,24,24,24,24,24,24,588,5880,-285.9107,-287.0535,79.61539,-98.64131,-0.264341,-0.7363435,-0.1305744,0.7823004,-0.776518,-0.2561635,-0.5255789,-3.050092E-05,0.255938,8.026557E-05,-0.6022378,-0.7912291,24,24,24,24,24,24,24,24,24,24,24,24,24,24,24,24
589,5890,-284.463,-288.7669,-283.8345,-15.34996,-280.7287,-298.6627,-267.1793,-87.77369,47.31792,85.28762,-25.76061,-218.8671,-334.8359,-286.8158,-276.6254,-277.0924,24,24,24,24,24,24,24,24,24,24,24,24,24,24,24,24,589,5890,-275.8343,-277.9724,80.27012,-100.0614,-0.1330201,-0.245465,0.5224213,-0.3910924,1.605311E-05,-1.157555,3.210623E-06,0.9429181,1.023773,0.2228076,0.1204493,-0.1130781,24,24,24,24,24,24,24,24,24,24,24,24,24,24,24,24
590,5900,-280.8562,-288.8878,-279.5266,-14.98456,-281.3322,-298.7861,-269.3484,-86.89597,47.19406,84.54919,-30.74503,-220.5061,-330.9081,-278.5804,-275.1946,-268.0533,24,24,24,24,24,24,24,24,24,24,24,24,24,24,24,24,590,5900,-274.6251,-270.7339,80.40107,-99.80318,0.6549028,0.1226972,-0.9141703,0.1304155,1.605311E-05,-0.6424745,0.6569801,-0.2694451,0.5118471,-0.3340637,-0.1204465,0.452046,24,24,24,24,24,24,24,24,24,24,24,24,24,24,24,24
591,5910,-282.5394,-278.6093,-273.2494,-14.25376,-277.7115,-297.4286,-270.1139,-90.6576,44.84061,81.59551,-30.389,-218.615,-324.1237,-274.8804,-272.0946,-275.7667,24,24,24,24,24,24,24,24,24,24,24,24,24,24,24,24,591,5910,-275.8343,-277.8408,77.3893,-100.0614,0.2609409,-0.4909042,2.407967E-05,-1.694862,-0.1294058,0.001376554,0.2627959,0.134676,0.255885,-0.556791,-0.1204465,-0.1130781,24,24,24,24,24,24,24,24,24,24,24,24,24,24,24,24
592,5920,-279.8943,-275.4652,-275.9572,-15.47176,-282.5391,-294.3432,-264.7551,-82.88358,50.91003,86.1491,-28.13414,-211.0505,-315.0778,-275.1191,-276.8638,-279.0208,24,24,24,24,24,24,24,24,24,24,24,24,24,24,24,24,592,5920,-301.8987,-295.6081,79.22255,-100.3196,-0.001700025,-0.245465,-0.5223731,0.1304155,0.9059751,-0.5137045,-0.1313915,-0.134737,-1.15191,2.88956E-05,0.240897,0.5651274,24,24,24,24,24,24,24,24,24,24,24,24,24,24,24,24
593,5930,-280.4955,-277.7628,-280.5113,-14.25376,-285.0737,-290.5174,-261.6929,-82.88358,48.43272,83.44156,-24.92987,-204.3685,-308.6505,-278.6997,-280.2023,-285.1674,24,24,24,24,24,24,24,24,24,24,24,24,24,24,24,24,593,5930,-295.8528,-288.238,79.35349,-97.09216,0.3922618,-0.8590663,-0.2611745,0.5215464,1.605311E-05,-0.1273935,-0.2627895,-0.5388581,0.255885,0.1113926,-0.8431336,-1.017222,24,24,24,24,24,24,24,24,24,24,24,24,24,24,24,24
594,5940,-279.6539,-276.1426,-282.7267,-14.37556,-277.4701,-275.9547,-251.1028,-78.6204,50.16684,83.81078,-23.03105,-201.0906,-302.3422,-272.1353,-273.1677,-287.3368,24,24,24,24,24,24,24,24,24,24,24,24,24,24,24,24,594,5940,-285.3733,-282.842,81.0558,-100.3196,-0.3956611,-0.245465,2.407967E-05,-0.2607154,0.2588629,-0.7712445,-0.7883716,-0.134737,0.3838653,-0.6681547,-0.9635813,0.3390771,24,24,24,24,24,24,24,24,24,24,24,24,24,24,24,24
595,5950,-271.4784,-274.9336,-280.2651,-15.10636,-275.0562,-277.1888,-251.9959,-79.99966,49.29978,83.68771,-23.14972,-205.6293,-313.2924,-285.3836,-284.6138,-278.7798,24,24,24,24,24,24,24,24,24,24,24,24,24,24,24,24,595,5950,-276.506,-277.446,79.87728,-99.80318,0.2609409,0.4908561,-0.1305744,0.1304155,0.9059751,-0.9000146,-0.1313915,-0.2694451,0.1279032,2.88956E-05,-0.361342,-0.3390739,24,24,24,24,24,24,24,24,24,24,24,24,24,24,24,24
596,5960,-278.2112,-286.1776,-292.204,-14.74096,-282.2977,-287.0619,-260.5446,-84.26284,47.19406,84.17999,-25.40458,-213.0677,-326.9803,-298.0352,-294.0331,-285.0469,24,24,24,24,24,24,24,24,24,24,24,24,24,24,24,24,596,5960,-275.1625,-272.1816,80.79391,-98.77042,0.6549028,-2.247436E-05,0.2612227,-0.3910924,1.605311E-05,-0.5137045,0.3941906,-0.4041516,0.8957911,-0.2226984,-0.7226855,0.4521006,24,24,24,24,24,24,24,24,24,24,24,24,24,24,24,24
597,5970,-267.5108,-292.3437,-292.8195,-14.74096,-275.2976,-287.9258,-262.4584,-87.52291,46.6986,84.05692,-25.76061,-218.4889,-337.4545,-295.29,-286.2831,-288.4215,24,24,24,24,24,24,24,24,24,24,24,24,24,24,24,24,597,5970,-282.1488,-287.9748,79.35349,-100.4487,-0.789623,-0.1227453,0.2612227,-1.173354,0.2588629,0.2589166,-0.3941842,0.4040906,-0.7679665,-0.556791,-0.1204465,0.1130268,24,24,24,24,24,24,24,24,24,24,24,24,24,24,24,24
598,5980,-295.4038,-295.0035,-287.2807,-15.22816,-284.5909,-306.1909,-275.6003,-94.04306,44.09741,83.31849,-29.55826,-222.6494,-336.2642,-280.6094,-277.6985,-279.7439,24,24,24,24,24,24,24,24,24,24,24,24,24,24,24,24,598,5980,-280.5366,-278.3673,78.96066,-100.4487,0.3922618,-0.36813,-0.9141703,-0.1303384,0.5177065,0.1301466,0.3941906,-0.5388581,-1.15191,0.1113926,0.240897,0.4521006,24,24,24,24,24,24,24,24,24,24,24,24,24,24,24,24
599,5990,-291.5565,-285.8149,-283.8344,-16.20255,-288.0909,-303.9694,-272.0278,-88.02446,47.56566,84.17999,-29.08356,-216.0935,-321.7432,-272.6126,-272.0946,-282.757,24,24,24,24,24,24,24,24,24,24,24,24,24,24,24,24,599,5990,-279.0587,-281.6575,77.78214,-100.836,-0.001700025,-0.8590117,-0.2612275,0.9126773,-0.388251,0.001376554,-0.5255789,-3.050092E-05,0.1279032,2.88956E-05,-1.204477,-1.356295,24,24,24,24,24,24,24,24,24,24,24,24,24,24,24,24
600,6000,-280.3753,-280.737,-280.2651,-16.08076,-281.2115,-293.4793,-263.9896,-85.26595,48.06112,81.59551,-30.86371,-214.3285,-317.4583,-273.4481,-269.71,-277.9361,24,24,24,24,24,24,24,24,24,24,24,24,24,24,24,24,600,6000,-311.3034,-309.2955,81.84148,-98.25403,-0.3956611,0.1227517,0.1305696,-0.2607732,0.6471299,-1.157555,-0.5255789,-0.134737,0.7678108,-0.4454274,-0.8431336,3.210623E-06,24,24,24,24,24,24,24,24,24,24,24,24,24,24,24,24
601,6010,-268.4727,-265.1405,-265.6183,-14.86276,-268.4182,-280.7678,-260.7997,-87.39754,44.22132,80.85709,-29.43959,-211.6809,-316.149,-274.6417,-276.1485,-269.9816,24,24,24,24,24,24,24,24,24,24,24,24,24,24,24,24,601,6010,-298.6742,-294.292,81.18674,-98.77042,-0.5269819,0.8590727,0.1305696,0.2607347,-0.7765164,-0.9000146,0.1313979,0.5387971,0.7678108,0.2227562,1.605311E-06,0.2260503,24,24,24,24,24,24,24,24,24,24,24,24,24,24,24,24
602,6020,-288.9115,-287.024,-290.1116,-15.22816,-303.4187,-311.9913,-274.8348,-89.02757,47.56571,87.87209,-22.43766,-207.6465,-325.433,-298.0352,-298.3253,-288.9037,24,24,24,24,24,24,24,24,24,24,24,24,24,24,24,24,602,6020,-283.358,-283.7632,81.84148,-101.0941,0.3922618,2.88956E-05,0.2611697,-0.5215271,-0.3882494,0.2588653,0.3941906,-3.050092E-05,-0.2560408,-0.890882,-0.361342,-0.6781477,24,24,24,24,24,24,24,24,24,24,24,24,24,24,24,24
603,6030,-308.3885,-301.0487,-304.143,-15.95896,-293.5221,-292.1218,-266.4138,-91.28455,40.62922,79.25718,-25.40458,-209.5376,-326.2661,-293.9771,-289.9792,-310.1156,24,24,24,24,24,24,24,24,24,24,24,24,24,24,24,24,603,6030,-278.5213,-279.9466,80.40107,-98.89951,0.2609409,0.4909106,-0.5224261,-0.3911502,0.2588629,0.001325184,-0.1313883,0.5387971,-0.8959484,0.4454835,0.4817929,0.4521006,24,24,24,24,24,24,24,24,24,24,24,24,24,24,24,24
604,6040,-284.2226,-287.6284,-289.9886,-15.34996,-279.4011,-281.3849,-257.3548,-84.01207,44.59292,82.33393,-25.2859,-206.5118,-312.2212,-273.2094,-271.3792,-286.7343,24,24,24,24,24,24,24,24,24,24,24,24,24,24,24,24,604,6040,-279.1931,-283.5,79.09161,-102.7724,0.3922618,-1.104451,-0.5224261,-0.1303962,-0.1294041,-0.2562149,-0.2627831,-0.8082727,0.3838653,-0.4454274,-0.7226855,-0.2260471,24,24,24,24,24,24,24,24,24,24,24,24,24,24,24,24
605,6050,-273.1616,-272.9992,-273.0032,-14.37556,-268.2975,-277.0654,-256.2065,-85.89288,44.71679,83.44156,-20.77619,-204.2425,-315.4349,-285.2643,-280.2023,-272.5126,24,24,24,24,24,24,24,24,24,24,24,24,24,24,24,24,605,6050,-287.5229,-295.4765,77.25835,-101.9978,-0.001700025,0.2454714,0.3917682,0.6518688,-0.2588276,-0.2562149,-1.182553,0.134676,-0.5120044,-0.6681547,-0.8431336,-0.4520974,24,24,24,24,24,24,24,24,24,24,24,24,24,24,24,24
606,6060,-279.6539,-286.1776,-286.5422,-16.20255,-279.5219,-291.1345,-266.9241,-92.03687,41.74401,81.59551,-27.77811,-219.6236,-338.1686,-296.2448,-286.5215,-276.0077,24,24,24,24,24,24,24,24,24,24,24,24,24,24,24,24,606,6060,-276.6404,-278.6305,79.61539,-102.9015,-0.9209439,0.2454714,-2.88956E-05,-0.1303962,-0.1294041,-1.286377,-0.1313883,0.134676,0.1279032,0.1113926,0.4817929,0.3390771,24,24,24,24,24,24,24,24,24,24,24,24,24,24,24,24
607,6070,-289.3924,-287.6284,-281.7421,-14.74096,-280.7287,-296.6881,-272.1554,-92.66381,42.98267,83.07235,-30.74503,-221.5147,-337.6926,-290.1577,-284.7331,-274.923,24,24,24,24,24,24,24,24,24,24,24,24,24,24,24,24,607,6070,-297.7337,-296.7926,78.43687,-103.6761,-0.264341,0.6136303,0.3917682,0.1303577,-0.6470946,-0.1274449,0.3941938,-0.2694451,0.1279032,-0.3340637,-0.2408942,0.4521006,24,24,24,24,24,24,24,24,24,24,24,24,24,24,24,24
608,6080,-288.4306,-283.3969,-281.4959,-14.37556,-285.7978,-300.0202,-269.6035,-88.27525,46.94637,82.70314,-29.9143,-213.9502,-314.6017,-267.361,-271.8561,-287.9395,24,24,24,24,24,24,24,24,24,24,24,24,24,24,24,24,608,6080,-288.4634,-288.3696,78.69876,-103.547,-0.001700025,2.88956E-05,-0.130629,-0.912658,0.5177081,0.001325184,-0.1313883,1.212331,0.1279032,-0.3340637,1.605311E-06,-0.7911649,24,24,24,24,24,24,24,24,24,24,24,24,24,24,24,24
609,6090,-265.2265,-273.9664,-275.8341,-15.47176,-279.1597,-287.5555,-263.224,-85.89288,46.82251,83.19542,-25.04855,-204.4946,-307.1031,-266.7643,-267.3254,-282.0339,24,24,24,24,24,24,24,24,24,24,24,24,24,24,24,24,609,6090,-294.5093,-291.7914,77.78214,-104.1925,0.5235819,-0.1226907,-1.044823,0.1303577,0.5177081,-0.7712959,-0.2627831,-0.9429792,0.1279032,-0.3340637,-0.2408942,-0.5651178,24,24,24,24,24,24,24,24,24,24,24,24,24,24,24,24
610,6100,-276.8886,-274.45,-275.5879,-15.10636,-284.3495,-293.3559,-263.6068,-84.88979,45.21225,80.24174,-30.98239,-210.4201,-315.911,-284.0706,-285.6869,-271.7895,24,24,24,24,24,24,24,24,24,24,24,24,24,24,24,24,610,6100,-289.2695,-295.3449,78.43687,-104.4506,-0.001700025,-1.34989,-0.130629,0.2607347,0.2588629,0.7739463,6.421245E-06,-0.6735646,0.255885,0.3341199,-0.7226855,-0.9041916,24,24,24,24,24,24,24,24,24,24,24,24,24,24,24,24
611,6110,-292.9992,-289.442,-299.589,-14.74096,-291.2289,-291.7516,-262.0757,-85.89288,46.07931,80.11867,-28.13414,-212.4373,-324.7188,-297.1997,-294.9869,-300.2328,24,24,24,24,24,24,24,24,24,24,24,24,24,24,24,24,611,6110,-293.7032,-294.6869,76.73457,-105.7416,-1.183585,0.1227517,0.2611697,-1.926374E-05,0.3882863,-0.1274449,-0.6569704,-3.050092E-05,0.1279032,-0.4454274,-0.1204465,0.1130332,24,24,24,24,24,24,24,24,24,24,24,24,24,24,24,24
612,6120,-288.7913,-297.6634,-298.2351,-15.22816,-276.6252,-283.3595,-254.8029,-82.88358,48.92823,84.30305,-25.52326,-212.8156,-325.79,-290.3965,-286.76,-291.3141,24,24,24,24,24,24,24,24,24,24,24,24,24,24,24,24,612,6120,-298.9429,-304.1627,77.65119,-106.7744,0.6549028,0.368191,-0.7836247,0.3911116,-0.2588276,-0.3849858,-0.1313883,0.134676,-7.866025E-05,0.3341199,-0.1204465,0.1130332,24,24,24,24,24,24,24,24,24,24,24,24,24,24,24,24
613,6130,-281.4573,-287.3866,-287.2808,-15.10636,-269.8665,-275.4611,-254.4202,-84.38823,43.35426,81.34937,-26.71002,-215.9674,-330.194,-290.6352,-283.7792,-279.2618,24,24,24,24,24,24,24,24,24,24,24,24,24,24,24,24,613,6130,-300.8239,-304.2943,77.52025,-105.3543,0.6549028,-0.1226907,0.3917682,-0.6519041,-0.1294041,-0.2562149,6.421245E-06,-0.134737,0.7678108,-0.6681547,-0.361342,-0.3390674,24,24,24,24,24,24,24,24,24,24,24,24,24,24,24,24
614,6140,-278.0909,-286.7821,-281.619,-14.61916,-272.8838,-290.5175,-261.4377,-86.64521,45.58385,81.96472,-27.54076,-214.5806,-325.79,-283.3546,-276.6254,-274.1999,24,24,24,24,24,24,24,24,24,24,24,24,24,24,24,24,614,6140,-291.5535,-288.3696,78.82971,-106.1289,-0.1330201,0.368191,-0.3918276,-0.6519041,0.5177081,0.1300952,-0.5255757,0.5387971,-0.1280589,0.1113926,0.4817929,0.6781574,24,24,24,24,24,24,24,24,24,24,24,24,24,24,24,24
615,6150,-275.5661,-281.2206,-280.3882,-14.98456,-266.0044,-277.5591,-256.8444,-83.88668,46.20318,82.70314,-28.60885,-214.8328,-324.9569,-280.6094,-276.6254,-272.8741,24,24,24,24,24,24,24,24,24,24,24,24,24,24,24,24,615,6150,-289.8069,-286.7903,78.04403,-107.4199,0.7862237,-0.6135693,-0.130629,0.1303577,0.5177081,0.1300952,6.421245E-06,-0.9429792,0.255885,0.2227562,-0.9635809,-0.3390674,24,24,24,24,24,24,24,24,24,24,24,24,24,24,24,24
616,6160,-286.5069,-284.2432,-279.7728,-14.98456,-281.2115,-297.9222,-271.1346,-89.90528,44.59292,82.33393,-31.10106,-219.6236,-330.313,-285.861,-283.3023,-275.0435,24,24,24,24,24,24,24,24,24,24,24,24,24,24,24,24,616,6160,-288.329,-287.7115,75.55605,-107.4199,-0.6583028,-0.9817314,-0.2612275,0.3911116,-0.1294041,-0.6425259,-1.445342,-0.9429792,0.255885,0.2227562,-0.361342,-0.2260407,24,24,24,24,24,24,24,24,24,24,24,24,24,24,24,24
617,6170,-282.7798,-285.2104,-282.3575,-15.22816,-278.315,-289.2833,-263.9895,-87.64831,45.45994,81.10323,-27.65944,-210.4201,-312.1022,-270.2256,-270.3062,-285.529,24,24,24,24,24,24,24,24,24,24,24,24,24,24,24,24,617,6170,-281.6114,-291.0018,76.47267,-108.969,-0.6583028,-0.1226907,0.3917682,-1.926374E-05,0.6471845,-1.157607,-0.6569704,-3.050092E-05,-0.2560408,0.1113926,-0.361342,0.452107,24,24,24,24,24,24,24,24,24,24,24,24,24,24,24,24
618,6180,-272.4402,-270.9438,-273.7417,-15.10636,-285.6772,-295.5774,-264.4999,-82.00587,48.06112,82.08784,-31.21974,-207.0161,-307.1031,-279.6546,-284.9715,-275.0435,24,24,24,24,24,24,24,24,24,24,24,24,24,24,24,24,618,6180,-288.5978,-292.0547,75.94888,-105.9998,0.2609409,2.88956E-05,-0.6530262,0.2607347,-0.7764634,-0.5137045,0.3941938,0.6735036,0.7678108,0.1113926,1.605311E-06,0.3390835,24,24,24,24,24,24,24,24,24,24,24,24,24,24,24,24
619,6190,-297.2072,-299.8396,-308.9432,-14.86276,-295.4532,-289.6536,-258.2479,-79.49812,50.04297,85.41073,-23.62443,-208.0247,-322.9335,-305.1964,-304.1677,-302.5227,24,24,24,24,24,24,24,24,24,24,24,24,24,24,24,24,619,6190,-290.0756,-293.2391,78.43687,-105.8707,-0.001700025,2.88956E-05,-2.88956E-05,-0.912658,0.5177611,0.3876867,-0.2627895,1.347039,-7.866025E-05,-0.6681547,-0.1204465,-0.7911649,24,24,24,24,24,24,24,24,24,24,24,24,24,24,24,24
620,6200,-300.0927,-303.9503,-304.3892,-16.44616,-280.9702,-287.0619,-262.4584,-89.65451,43.47808,82.45705,-24.92987,-217.6064,-341.5013,-305.7932,-294.1523,-300.5944,24,24,24,24,24,24,24,24,24,24,24,24,24,24,24,24,620,6200,-297.5994,-297.5822,80.00823,-104.7088,0.1296209,-0.6135693,-1.306022,0.2607347,0.9060297,-0.2561635,0.6569801,-0.1347354,-0.6399847,0.6682109,0.4817929,0.1130332,24,24,24,24,24,24,24,24,24,24,24,24,24,24,24,24
621,6210,-298.4095,-297.9052,-288.3885,-14.98456,-278.0736,-295.5774,-269.8587,-92.28765,41.86783,81.96477,-28.25282,-217.1021,-331.6223,-284.4288,-277.3408,-279.985,24,24,24,24,24,24,24,24,24,24,24,24,24,24,24,24,621,6210,-286.5825,-283.8949,78.69876,-105.2252,0.5235819,-0.8590117,0.9141654,0.9126227,0.129494,0.2589166,-0.3941842,-0.8082694,0.5118985,-0.1113348,1.605311E-06,-0.5651178,24,24,24,24,24,24,24,24,24,24,24,24,24,24,24,24
622,6220,-282.6596,-280.737,-273.6187,-14.74096,-273.2459,-292.6155,-264.8826,-89.65451,44.59288,81.71863,-27.18473,-216.4717,-326.2662,-278.461,-273.0485,-273.9589,24,24,24,24,24,24,24,24,24,24,24,24,24,24,24,24,622,6220,-298.1368,-297.9771,77.91309,-106.3871,-0.3956611,2.88956E-05,-2.88956E-05,0.2607347,0.5177611,-0.5137045,-1.445349,0.5387987,-2.729029E-05,-0.5567396,0.1204493,0.3390835,24,24,24,24,24,24,24,24,24,24,24,24,24,24,24,24
623,6230,-281.0966,-276.989,-274.4802,-15.71536,-281.5736,-300.8841,-274.1968,-95.79849,41.24849,78.88801,-35.72945,-225.0448,-335.9072,-288.6062,-285.4485,-274.5615,24,24,24,24,24,24,24,24,24,24,24,24,24,24,24,24,623,6230,-292.897,-289.4225,78.96066,-105.3543,0.6549028,0.6136303,-0.7836247,-1.926374E-05,-0.3881964,-1.028785,0.2627959,1.077626,-2.729029E-05,0.6682622,1.605311E-06,0.2260567,24,24,24,24,24,24,24,24,24,24,24,24,24,24,24,24
624,6240,-301.7759,-295.4872,-297.4966,-16.68975,-311.2638,-325.5667,-284.0213,-92.16226,45.70767,81.47249,-33.11856,-218.615,-326.7423,-289.2029,-288.31,-293.122,24,24,24,24,24,24,24,24,24,24,24,24,24,24,24,24,624,6240,-298.5399,-292.8443,78.96066,-104.7088,0.3922618,2.88956E-05,0.6529668,-0.912658,-0.5176182,0.001376554,0.3941906,-0.2694419,-2.729029E-05,-1.002194,1.605311E-06,-0.6781413,24,24,24,24,24,24,24,24,24,24,24,24,24,24,24,24
625,6250,-293.6004,-287.9911,-289.7424,-16.20255,-287.9702,-297.3051,-266.9241,-88.40063,46.45087,82.21091,-27.18473,-208.529,-311.3881,-274.0449,-274.9561,-293.9656,24,24,24,24,24,24,24,24,24,24,24,24,24,24,24,24,625,6250,-306.4666,-314.165,81.84148,-102.3851,-0.264341,-0.1226907,-0.130629,-0.6519041,1.035452,0.6452276,-0.5255789,1.077626,-0.895897,-0.3340123,-0.4817896,-0.1130171,24,24,24,24,24,24,24,24,24,24,24,24,24,24,24,24
626,6260,-288.3104,-289.3715,-293.3118,-15.83715,-293.5221,-297.7988,-268.9656,-89.15295,43.60195,79.7495,-32.99989,-217.6064,-324.9569,-289.561,-290.3369,-285.7701,24,24,24,24,24,24,24,24,24,24,24,24,24,24,24,24,626,6260,-320.708,-319.4294,80.53202,-105.3543,0.3922618,-0.8590117,-0.3918276,0.1303577,-0.6470416,-0.2561635,0.1313979,-0.9429759,-0.2559894,0.1114439,-0.4817896,-0.6781413,24,24,24,24,24,24,24,24,24,24,24,24,24,24,24,24
627,6270,-291.9172,-290.218,-288.1424,-15.95896,-282.0564,-287.3087,-265.2654,-89.77989,42.48716,79.50336,-31.57577,-218.9932,-329.0038,-292.0674,-289.0254,-293.604,24,24,24,24,24,24,24,24,24,24,24,24,24,24,24,24,627,6270,-299.749,-300.346,80.66301,-103.2888,-0.5269819,-0.1226907,0.2611697,0.6518688,0.2589158,0.1301466,-0.3941842,-0.4041484,-2.729029E-05,-0.2226471,-0.7226855,-0.7911649,24,24,24,24,24,24,24,24,24,24,24,24,24,24,24,24
628,6280,-289.0317,-295.1759,-295.0349,-16.56796,-289.66,-300.2671,-268.7104,-92.03687,40.75303,78.64187,-32.16915,-225.8013,-343.4057,-304.0029,-295.4638,-290.4705,24,24,24,24,24,24,24,24,24,24,24,24,24,24,24,24,628,6280,-285.3733,-285.6058,80.27017,-103.2888,-0.1330201,2.88956E-05,-0.2612275,-0.6519041,7.06337E-05,-1.157555,0.3941906,0.5387987,-0.2559894,0.1114439,0.6022406,0.2260567,24,24,24,24,24,24,24,24,24,24,24,24,24,24,24,24
629,6290,-299.6118,-301.1012,-294.5426,-15.34996,-284.1081,-299.5266,-274.7072,-94.16846,41.49623,79.13415,-35.61077,-228.1967,-342.4536,-298.3932,-293.4369,-288.1805,24,24,24,24,24,24,24,24,24,24,24,24,24,24,24,24,629,6290,-278.6556,-277.0512,79.61544,-105.2252,-0.001700025,1.472671,-0.130629,0.5214918,-0.3881964,-0.7712445,-0.1313915,0.1346792,-2.729029E-05,0.1114439,0.3613451,0.3390835,24,24,24,24,24,24,24,24,24,24,24,24,24,24,24,24
630,6300,-303.8199,-302.1895,-297.3735,-15.83716,-293.4013,-307.3016,-279.428,-96.30005,41.12463,77.65731,-35.84813,-226.8099,-337.8116,-290.5158,-287.4753,-289.9883,24,24,24,24,24,24,24,24,24,24,24,24,24,24,24,24,630,6300,-277.1777,-277.446,78.69881,-105.6125,0.1296209,0.4909138,0.6529668,-0.912658,7.06337E-05,0.9027677,-0.1313915,-0.5388564,0.3839166,-0.6681033,-0.8431332,6.421245E-06,24,24,24,24,24,24,24,24,24,24,24,24,24,24,24,24
631,6310,-291.4363,-288.4041,-286.2961,-16.56796,-297.3842,-312.7317,-284.7869,-99.30935,39.14278,76.42661,-37.86563,-226.6838,-341.2633,-306.9868,-309.2946,-290.2294,24,24,24,24,24,24,24,24,24,24,24,24,24,24,24,24,631,6310,-282.4175,-285.4742,78.56787,-105.6125,0.9175438,-0.2454072,-0.391773,0.2607347,0.6471845,-0.6424745,-0.1313915,-0.1347354,-0.5119531,0.2228076,-0.4817896,0.2260567,24,24,24,24,24,24,24,24,24,24,24,24,24,24,24,24
632,6320,-308.9897,-299.4082,-316.2051,-16.08076,-307.8843,-300.1436,-273.3037,-90.03066,43.10648,82.21091,-26.35399,-214.7067,-334.2408,-303.1674,-302.8561,-327.2298,24,24,24,24,24,24,24,24,24,24,24,24,24,24,24,24,632,6320,-290.613,-290.6069,76.86556,-107.549,0.1296209,-1.47261,0.3918212,0.1303545,-0.7764634,0.2589166,3.210623E-06,-0.1347354,-0.3839712,0.2228076,-0.1204465,-0.9041916,24,24,24,24,24,24,24,24,24,24,24,24,24,24,24,24
633,6330,-293.4802,-295.5387,-292.204,-16.08076,-280.4873,-288.5428,-266.6689,-93.6669,39.14282,77.04196,-28.72753,-212.6895,-320.553,-282.8771,-281.3946,-299.5097,24,24,24,24,24,24,24,24,24,24,24,24,24,24,24,24,633,6330,-294.5092,-293.5023,77.2584,-104.0634,-0.264341,-0.1226875,2.407967E-05,0.3911116,0.2588629,-0.5137045,-0.6569737,-2.88956E-05,-2.729029E-05,0.5568985,0.7226887,-0.3390674,24,24,24,24,24,24,24,24,24,24,24,24,24,24,24,24
634,6340,-284.1024,-286.9531,-285.6807,-16.56796,-276.8666,-286.198,-265.1378,-93.03996,40.00988,78.51876,-28.49017,-217.1021,-332.3364,-295.6481,-290.0984,-282.8775,24,24,24,24,24,24,24,24,24,24,24,24,24,24,24,24,634,6340,-299.3459,-295.6081,78.43692,-107.1617,-0.1330201,3.210623E-05,-0.2611745,-0.1303994,-0.2588276,-1.286326,-0.5255789,-0.1347354,-2.729029E-05,0.1114439,-0.4817896,-0.2260407,24,24,24,24,24,24,24,24,24,24,24,24,24,24,24,24
635,6350,-294.3218,-294.5713,-292.3271,-15.95896,-287.1254,-302.3651,-277.6418,-97.6793,37.90416,77.04192,-36.08549,-229.2053,-342.6916,-294.4545,-288.1908,-285.7701,24,24,24,24,24,24,24,24,24,24,24,24,24,24,24,24,635,6350,-297.3307,-298.1087,76.99651,-106.6453,0.5235819,0.3681942,1.175417,0.1303545,-0.6470962,0.001376554,1.182569,-0.1347354,0.5118985,-0.3340123,0.240897,6.421245E-06,24,24,24,24,24,24,24,24,24,24,24,24,24,24,24,24
636,6360,-292.3981,-289.3715,-280.7574,-15.83716,-281.5736,-303.3524,-279.6832,-97.42852,40.75308,77.53419,-38.22167,-231.8529,-341.5013,-291.7094,-287.2369,-285.288,24,24,24,24,24,24,24,24,24,24,24,24,24,24,24,24,636,6360,-295.181,-301.9254,76.07989,-108.7108,-0.1330201,3.210623E-05,2.407967E-05,-0.7822843,0.1294395,0.1301466,-0.7883652,0.5387987,-0.7679151,0.2228076,0.240897,0.1130332,24,24,24,24,24,24,24,24,24,24,24,24,24,24,24,24
637,6370,-298.0489,-292.5156,-287.4039,-17.05515,-287.0047,-304.2162,-277.5142,-94.41923,42.23947,80.11867,-35.25475,-227.6924,-336.9784,-284.3094,-282.3484,-291.5551,24,24,24,24,24,24,24,24,24,24,24,24,24,24,24,24,637,6370,-295.5841,-288.8961,75.68705,-107.2908,0.1296209,-0.1226875,-0.391773,0.7822425,0.5177065,-0.7712445,0.5255918,-0.4041484,-7.866025E-05,0.3341712,-0.6022373,-0.1130171,24,24,24,24,24,24,24,24,24,24,24,24,24,24,24,24
638,6380,-292.879,-288.4041,-288.0193,-17.17695,-293.1599,-303.7226,-278.2797,-93.79229,43.602,80.73402,-34.30533,-221.3887,-327.6945,-282.161,-282.8254,-287.9395,24,24,24,24,24,24,24,24,24,24,24,24,24,24,24,24,638,6380,-290.0756,-293.3708,73.98474,-107.549,-0.9209439,-0.8590086,-0.1305744,0.2607347,-0.9059414,-0.3849344,-1.313947,0.1346792,0.3838653,-0.2226471,-1.084029,-0.452091,24,24,24,24,24,24,24,24,24,24,24,24,24,24,24,24
639,6390,-289.9936,-288.646,-292.204,-16.93336,-301.1256,-307.3016,-272.7933,-88.90218,46.20318,79.62639,-33.9493,-220.254,-326.3852,-294.0965,-293.0792,-292.3988,24,24,24,24,24,24,24,24,24,24,24,24,24,24,24,24,639,6390,-277.1777,-281.2627,72.80623,-110.26,-0.5269819,0.2454746,0.5224213,-0.5215303,-0.2588276,-0.7712445,-0.1313883,0.1346792,-0.3840226,0.3341712,0.240897,0.1130332,24,24,24,24,24,24,24,24,24,24,24,24,24,24,24,24
640,6400,-288.6711,-289.2506,-291.2194,-16.81156,-284.7115,-286.198,-260.417,-83.13435,47.93731,81.59551,-29.20223,-211.933,-319.7198,-288.9642,-290.0984,-293.8451,24,24,24,24,24,24,24,24,24,24,24,24,24,24,24,24,640,6400,-285.3733,-276.788,73.98474,-105.9998,0.2609409,0.2454746,-0.5223731,0.1303545,-0.5176744,-0.2561635,0.7883812,-2.88956E-05,-0.1280589,-0.2226471,0.3613451,0.2260567,24,24,24,24,24,24,24,24,24,24,24,24,24,24,24,24
641,6410,-289.0317,-289.9761,-296.1427,-17.42056,-288.3323,-288.5428,-265.1378,-89.40372,42.8588,81.59551,-28.60885,-217.9846,-334.0028,-298.3932,-294.0331,-289.1447,24,24,24,24,24,24,24,24,24,24,24,24,24,24,24,24,641,6410,-295.7184,-295.3449,73.8538,-105.9998,0.3922618,-0.1226875,-0.1305744,-1.173415,-0.1294058,0.2589166,0.1314044,0.4040922,0.1279032,0.1114439,0.1204493,-0.7911649,24,24,24,24,24,24,24,24,24,24,24,24,24,24,24,24
642,6420,-292.2779,-297.1798,-291.9579,-16.93336,-279.0391,-291.9984,-268.7104,-92.78918,43.602,81.71858,-29.32091,-223.1537,-340.5491,-301.8545,-294.8677,-289.6268,24,24,24,24,24,24,24,24,24,24,24,24,24,24,24,24,642,6420,-306.601,-299.1615,74.37758,-107.0326,-0.001700025,-0.7362889,-0.9141703,-0.5215303,0.2588629,-1.157555,0.1314044,0.2693857,-0.6399847,-0.5567396,-0.8431332,0.1130332,24,24,24,24,24,24,24,24,24,24,24,24,24,24,24,24
643,6430,-306.7054,-303.7086,-298.112,-16.81156,-288.6944,-302.9821,-273.9416,-93.29073,43.84973,82.08779,-32.52518,-223.7841,-336.1452,-287.2932,-286.76,-290.1089,24,24,24,24,24,24,24,24,24,24,24,24,24,24,24,24,643,6430,-297.7337,-294.6868,75.5561,-103.9342,-0.001700025,-0.1226875,-0.1305744,0.5214886,-0.2588276,0.1301466,-0.6569704,-0.2694419,0.8957911,0.2228076,-0.6022373,-0.6781413,24,24,24,24,24,24,24,24,24,24,24,24,24,24,24,24
644,6440,-309.4706,-305.643,-303.6507,-18.02955,-314.1603,-332.6012,-294.739,-98.80779,45.08839,83.68771,-34.42401,-227.6924,-343.5247,-303.5255,-304.5254,-295.1708,24,24,24,24,24,24,24,24,24,24,24,24,24,24,24,24,644,6440,-317.2149,-311.4012,75.03232,-108.8399,-0.9209439,0.3681942,0.3918212,-0.2607764,0.6471299,-0.7712445,6.421245E-06,0.1346792,0.7678108,-0.445376,-0.1204465,0.2260567,24,24,24,24,24,24,24,24,24,24,24,24,24,24,24,24
645,6450,-310.0717,-307.0938,-315.4666,-18.27315,-325.5053,-332.7246,-285.1697,-92.28764,44.59292,80.98016,-31.57577,-220.5061,-337.5735,-307.5835,-306.0753,-318.9138,24,24,24,24,24,24,24,24,24,24,24,24,24,24,24,24,645,6450,-305.3918,-311.138,72.41338,-106.1289,-0.001700025,0.859076,2.407967E-05,0.5214886,-0.388251,-0.2561635,0.7883812,0.5387987,0.3838653,8.026557E-05,-0.4817896,0.1130332,24,24,24,24,24,24,24,24,24,24,24,24,24,24,24,24
646,6460,-307.1862,-309.0283,-306.9739,-17.78595,-296.2979,-300.0202,-270.8795,-87.89907,48.18504,86.02603,-27.30341,-215.0849,-326.6232,-290.8739,-293.3177,-309.7541,24,24,24,24,24,24,24,24,24,24,24,24,24,24,24,24,646,6460,-316.2744,-323.1144,71.8896,-106.258,0.6549028,-0.3681268,0.1306226,-1.564546,-0.2588276,-0.3849344,-0.6569704,0.2693857,-0.7679665,-0.6681033,-0.7226855,-0.6781413,24,24,24,24,24,24,24,24,24,24,24,24,24,24,24,24
647,6470,-292.2779,-289.442,-288.5116,-17.78595,-280.3667,-287.4321,-262.7136,-85.76749,47.31797,83.68771,-26.8287,-213.572,-322.9335,-284.3094,-281.6331,-291.7962,24,24,24,24,24,24,24,24,24,24,24,24,24,24,24,24,647,6470,-297.465,-297.4506,74.90137,-105.0961,0.7862237,-0.2454072,-0.391773,-2.247436E-05,0.3882847,0.1301466,0.6569865,-0.8082694,-0.5120044,0.4455349,0.3613451,-0.2260407,24,24,24,24,24,24,24,24,24,24,24,24,24,24,24,24
648,6480,-279.8943,-280.9788,-278.4188,-18.02955,-271.9183,-281.5083,-260.5446,-88.27525,44.96452,83.68771,-26.35399,-213.4459,-325.0759,-285.3836,-280.2023,-281.0697,24,24,24,24,24,24,24,24,24,24,24,24,24,24,24,24,648,6480,-297.1963,-295.0817,74.24664,-105.2252,0.5235819,-1.104448,0.2612227,0.5214886,-0.776518,0.5164568,-0.5255757,-0.1347354,0.255885,0.3341712,-1.445372,-0.5651178,24,24,24,24,24,24,24,24,24,24,24,24,24,24,24,24
649,6490,-281.9383,-285.0895,-281.1266,-17.42056,-276.0218,-288.296,-269.476,-92.41303,42.73489,83.56464,-28.60885,-219.3714,-332.2174,-281.3256,-276.9831,-275.1641,24,24,24,24,24,24,24,24,24,24,24,24,24,24,24,24,649,6490,-295.9871,-294.0288,73.33001,-107.1617,-1.052264,-0.613566,0.1306226,-0.3911534,0.9059751,-0.9000146,-0.9197599,-2.88956E-05,-0.1280589,-0.1112834,0.6022406,-0.5651178,24,24,24,24,24,24,24,24,24,24,24,24,24,24,24,24
650,6500,-285.4249,-283.0341,-281.3728,-17.66415,-289.5392,-305.3269,-278.9177,-94.16846,43.35422,81.34942,-34.54269,-222.6494,-328.5276,-279.8932,-277.9369,-278.2976,24,24,24,24,24,24,24,24,24,24,24,24,24,24,24,24,650,6500,-299.2116,-298.5035,73.98474,-104.4506,-0.3956611,0.4909138,-0.5223731,0.3911116,-0.1294058,-1.028785,0.3941938,-0.1347354,-0.3840226,-0.1112834,0.240897,0.2260567,24,24,24,24,24,24,24,24,24,24,24,24,24,24,24,24
651,6510,-289.7531,-287.1448,-290.8501,-18.02955,-294.7289,-305.5738,-275.7279,-93.7923,42.11556,78.02653,-33.71195,-217.7325,-321.2671,-281.0868,-280.7984,-289.7473,24,24,24,24,24,24,24,24,24,24,24,24,24,24,24,24,651,6510,-300.0177,-295.0817,71.36581,-107.8072,0.5235819,-0.3681268,0.2612227,-0.5215303,-0.9059414,-0.1273935,0.5255918,0.1346792,0.255885,-1.002194,-0.6022373,-0.1130171,24,24,24,24,24,24,24,24,24,24,24,24,24,24,24,24
652,6520,-284.1024,-285.8149,-289.8655,-17.17695,-289.9013,-292.9857,-267.9449,-88.65141,43.47808,80.85713,-28.49017,-210.9244,-322.6954,-296.8416,-295.583,-287.3368,24,24,24,24,24,24,24,24,24,24,24,24,24,24,24,24,652,6520,-305.3918,-307.7162,73.5919,-105.8707,-0.3956611,0.2454746,-0.9141703,-0.1303994,0.2588629,0.6452276,6.421245E-06,0.9429213,-0.6399847,0.2228076,0.4817929,0.1130332,24,24,24,24,24,24,24,24,24,24,24,24,24,24,24,24
653,6530,-295.1634,-300.5651,-302.666,-17.05515,-286.884,-293.1091,-267.4345,-91.53532,40.8769,80.61099,-27.89679,-220.3801,-341.1443,-310.5674,-301.0677,-294.8092,24,24,24,24,24,24,24,24,24,24,24,24,24,24,24,24,653,6530,-292.7627,-300.4776,75.03232,-102.6433,0.3922618,-0.8590086,-0.6529716,-0.5215303,-0.388251,-0.2561635,-0.1313883,-0.8082678,-0.5119531,0.3341712,-0.1204465,-0.3390674,24,24,24,24,24,24,24,24,24,24,24,24,24,24,24,24
654,6540,-300.9344,-305.2803,-296.2657,-18.15136,-289.7806,-308.9059,-278.6625,-97.30315,40.62917,79.7495,-35.37342,-234.5005,-353.7609,-301.4964,-292.96,-291.6757,24,24,24,24,24,24,24,24,24,24,24,24,24,24,24,24,654,6540,-308.2132,-310.4799,76.21083,-104.5797,-0.5269819,-0.4908464,-0.6529716,0.3911116,0.2588629,0.2589166,-0.6569704,0.2693873,0.6398803,-0.3340123,-0.6022373,0.2260567,24,24,24,24,24,24,24,24,24,24,24,24,24,24,24,24
655,6550,-308.9897,-301.7741,-296.0196,-17.78595,-300.7635,-319.5194,-286.1904,-98.8078,40.00984,79.50336,-37.62828,-229.7096,-340.9062,-288.8449,-289.5023,-293.1219,24,24,24,24,24,24,24,24,24,24,24,24,24,24,24,24,655,6550,-302.9735,-301.7937,76.60368,-104.5797,-0.3956611,-0.4908464,0.1306226,0.2607347,0.3882847,-1.028785,0.3941938,0.4040954,-0.3839712,0.1114439,-0.6022373,-0.452091,24,24,24,24,24,24,24,24,24,24,24,24,24,24,24,24
656,6560,-312.9572,-308.182,-309.8048,-17.66415,-307.5223,-322.6047,-284.0214,-94.16846,44.34514,81.96477,-32.40651,-218.4889,-320.553,-275.1191,-278.6523,-304.3305,24,24,24,24,24,24,24,24,24,24,24,24,24,24,24,24,656,6560,-300.6895,-298.3719,75.5561,-104.5797,-0.3956611,0.1227549,0.5224213,0.3911116,-0.5176744,-0.3849344,-0.1313883,-0.8082678,0.2559364,-0.8908306,-0.2408942,-0.2260407,24,24,24,24,24,24,24,24,24,24,24,24,24,24,24,24
657,6570,-293.7206,-291.6183,-289.9886,-19.12575,-298.3497,-311.0039,-279.6833,-95.29694,41.37236,78.76494,-33.9493,-220.5061,-324.4808,-276.432,-276.3869,-289.6268,24,24,24,24,24,24,24,24,24,24,24,24,24,24,24,24,657,6570,-291.6878,-291.5282,75.94894,-105.2252,-0.3956611,0.6136335,0.1306226,-0.1303994,0.5177065,0.2589166,-0.5255757,1.751163,-0.3839712,0.1114439,1.605311E-06,-0.3390674,24,24,24,24,24,24,24,24,24,24,24,24,24,24,24,24
658,6580,-279.6539,-276.5054,-273.6186,-18.02955,-277.3494,-289.9003,-270.2415,-92.66381,41.12463,78.1496,-34.06798,-216.0935,-315.6729,-270.4643,-273.4062,-281.5518,24,24,24,24,24,24,24,24,24,24,24,24,24,24,24,24,658,6580,-279.8648,-278.4989,76.07989,-105.0961,0.2609409,-0.7362889,-0.2611745,0.1303545,-0.1294058,0.001376554,0.6569865,-0.4041468,-0.3839712,0.1114439,-0.1204465,-0.452091,24,24,24,24,24,24,24,24,24,24,24,24,24,24,24,24
659,6590,-282.2989,-282.5505,-285.3115,-17.78595,-291.8323,-299.2797,-270.4967,-88.02448,44.59288,78.1496,-35.84813,-217.3543,-318.7676,-287.0545,-288.1908,-283.2391,24,24,24,24,24,24,24,24,24,24,24,24,24,24,24,24,659,6590,-287.6573,-284.4213,75.5561,-103.9342,-0.001700025,-0.9817281,0.3918212,0.7822425,-0.2588276,0.6452276,-0.1313883,0.4040954,-0.2559894,-0.445376,-1.084029,-1.243266,24,24,24,24,24,24,24,24,24,24,24,24,24,24,24,24
660,6600,-296.0049,-298.9933,-302.1737,-18.51675,-298.229,-300.267,-268.2,-88.14986,42.85875,77.65731,-33.35592,-216.3457,-323.1715,-290.6352,-290.2177,-301.438,24,24,24,24,24,24,24,24,24,24,24,24,24,24,24,24,660,6600,-282.6862,-278.2357,80.53207,-101.0941,-0.1330201,0.3681942,2.407967E-05,-0.2607764,0.5177065,-0.3849344,-0.2627831,0.1346808,-2.729029E-05,-0.5567396,0.240897,-0.2260407,24,24,24,24,24,24,24,24,24,24,24,24,24,24,24,24
661,6610,-297.9286,-299.2351,-305.9893,-18.27316,-299.798,-299.2797,-269.0932,-89.65451,41.37236,79.01108,-30.74503,-213.1938,-322.2193,-293.7384,-295.583,-295.7734,24,24,24,24,24,24,24,24,24,24,24,24,24,24,24,24,661,6610,-275.4312,-269.5494,78.04408,-103.1597,0.6549028,0.9817956,0.1306226,0.3911116,1.605311E-05,0.2589166,0.6569865,0.4040954,-0.5119531,0.2228076,0.3613451,0.3390835,24,24,24,24,24,24,24,24,24,24,24,24,24,24,24,24
662,6620,-299.8523,-299.5978,-298.6043,-18.15136,-289.9013,-296.071,-269.2208,-91.03378,42.61102,79.99564,-31.45709,-220.6322,-334.5979,-298.99,-294.9869,-297.2197,24,24,24,24,24,24,24,24,24,24,24,24,24,24,24,24,662,6620,-263.6081,-263.7586,80.27017,-102.9015,0.1296209,0.1227549,0.2612227,-0.6519073,0.6471299,0.5164568,-0.2627831,0.1346808,0.7678621,-0.1112834,-0.6022373,-1.356289,24,24,24,24,24,24,24,24,24,24,24,24,24,24,24,24
663,6630,-299.4916,-301.4114,-308.0817,-19.85656,-293.8841,-308.2889,-280.5764,-101.9425,35.67453,76.79582,-35.72945,-234.5005,-356.8556,-309.0157,-300.71,-293.363,24,24,24,24,24,24,24,24,24,24,24,24,24,24,24,24,663,6630,-278.1182,-278.3673,80.40112,-100.836,-0.789623,0.2454746,-0.391773,-0.6519073,0.1294395,0.001376554,-0.3941778,0.2693873,-0.5119531,0.1114439,0.4817929,0.7911809,24,24,24,24,24,24,24,24,24,24,24,24,24,24,24,24
664,6640,-317.7663,-310.7209,-301.3121,-18.51675,-308.3671,-337.0441,-299.0771,-107.2088,35.67453,77.65731,-40.95123,-238.4088,-359.3551,-299.4674,-298.0869,-298.907,24,24,24,24,24,24,24,24,24,24,24,24,24,24,24,24,664,6640,-286.1794,-289.8173,80.27017,-102.6433,0.3922618,-0.7362889,0.6530198,0.3911116,0.3882847,0.001376554,0.3941938,-0.8082678,0.6398803,-0.1112834,-0.4817896,-0.452091,24,24,24,24,24,24,24,24,24,24,24,24,24,24,24,24
665,6650,-333.7567,-321.9649,-318.2975,-19.12575,-329.4882,-347.1639,-298.6943,-100.5632,40.5053,77.2881,-38.93373,-229.2053,-341.6204,-300.0642,-299.2792,-316.6238,24,24,24,24,24,24,24,24,24,24,24,24,24,24,24,24,665,6650,-308.7506,-307.0581,79.4845,-102.3851,-0.9209439,-0.1226875,0.6530198,-0.1303994,-0.5176744,-0.7712445,-0.3941778,0.6735084,0.8958424,-0.2226471,-0.6022373,-0.7911649,24,24,24,24,24,24,24,24,24,24,24,24,24,24,24,24
666,6660,-293.7206,-294.7617,-294.7888,-20.22195,-296.9014,-301.6246,-272.5381,-90.28145,43.10648,78.88801,-29.32091,-210.4201,-319.8388,-296.0061,-298.2061,-305.4153,24,24,24,24,24,24,24,24,24,24,24,24,24,24,24,24,666,6660,-290.21,-282.4472,81.1868,-101.2232,0.7862237,0.859076,2.407967E-05,-0.1303994,0.1294395,-1.286326,0.2627991,-2.568498E-05,-0.1280075,1.113717,0.8431364,0.2260567,24,24,24,24,24,24,24,24,24,24,24,24,24,24,24,24
667,6670,-293.9611,-289.9256,-304.7585,-19.73475,-294.6083,-290.6408,-265.6482,-88.27525,42.11556,79.62643,-28.3715,-210.5462,-323.2906,-296.8416,-295.1061,-306.6205,24,24,24,24,24,24,24,24,24,24,24,24,24,24,24,24,667,6670,-272.0723,-269.2862,80.9249,-102.7724,-0.1330201,-0.1226875,-0.391773,-2.247436E-05,-0.388251,-0.3849344,0.3941938,-0.6735597,-0.1280075,-0.3340123,0.6022406,-0.1130171,24,24,24,24,24,24,24,24,24,24,24,24,24,24,24,24
668,6680,-289.6328,-288.233,-291.9579,-19.00396,-286.4013,-291.875,-266.2862,-93.29075,39.39051,78.1496,-26.23532,-213.8242,-334.0028,-307.5835,-300.3523,-294.4477,24,24,24,24,24,24,24,24,24,24,24,24,24,24,24,24,668,6680,-276.506,-276.9196,79.74638,-102.1269,-0.5269819,3.210623E-05,0.1306226,-0.9126613,0.7765533,0.1301466,-0.2627831,0.5388035,-2.729029E-05,-0.3340123,-0.1204465,-0.452091,24,24,24,24,24,24,24,24,24,24,24,24,24,24,24,24
669,6690,-300.9343,-291.4973,-296.8812,-20.10015,-285.5564,-301.5012,-276.2383,-100.4378,36.54159,78.27267,-26.8287,-218.4889,-344.2389,-299.2287,-290.0984,-294.6888,24,24,24,24,24,24,24,24,24,24,24,24,24,24,24,24,669,6690,-295.181,-287.7115,79.74638,-101.0941,-0.001700025,-0.1226875,-0.7835717,-0.1303994,-0.2588276,-0.5137045,6.421245E-06,-2.407967E-05,-0.1280075,0.4455349,-0.2408942,0.2260567,24,24,24,24,24,24,24,24,24,24,24,24,24,24,24,24
670,6700,-294.8027,-298.8724,-294.1734,-19.12575,-281.9357,-298.4159,-276.6211,-100.3125,34.18814,74.94977,-35.72945,-232.6093,-356.4984,-309.4932,-301.6638,-282.3954,24,24,24,24,24,24,24,24,24,24,24,24,24,24,24,24,670,6700,-269.5196,-268.6282,81.31775,-98.51221,0.2609409,-0.7362889,0.1306226,0.6518655,-0.2588276,0.001376554,0.2627991,0.1346824,-0.1280075,8.026557E-05,-0.2408942,-0.3390674,24,24,24,24,24,24,24,24,24,24,24,24,24,24,24,24
671,6710,-308.9896,-307.2147,-300.6967,-19.24755,-293.5221,-312.6083,-283.1282,-101.6917,36.04613,74.94977,-37.50961,-233.6179,-352.0945,-302.2126,-294.8676,-295.6529,24,24,24,24,24,24,24,24,24,24,24,24,24,24,24,24,671,6710,-270.7288,-267.4437,78.96071,-103.1597,-1.052264,-0.2454072,0.9142184,-0.3911534,0.3882847,-0.6424745,-0.9197599,-0.4041452,0.1279546,-0.445376,0.6022406,-0.2260407,24,24,24,24,24,24,24,24,24,24,24,24,24,24,24,24
672,6720,-304.1805,-298.0261,-286.6654,-20.22195,-288.8151,-315.5702,-285.5525,-99.43474,40.38144,77.90345,-40.35785,-235.1308,-347.8096,-285.861,-284.8523,-289.5063,24,24,24,24,24,24,24,24,24,24,24,24,24,24,24,24,672,6720,-294.778,-276.3931,79.61544,-100.4487,0.6549028,0.2454746,2.407967E-05,-0.1303994,-0.776518,-0.1273935,0.3941938,0.5388035,0.1279546,0.5568985,0.8431364,-0.1130171,24,24,24,24,24,24,24,24,24,24,24,24,24,24,24,24
673,6730,-311.9954,-304.1922,-303.8969,-21.56175,-318.7466,-335.4397,-297.0357,-103.4471,36.16999,72.61143,-37.39093,-218.7411,-329.8369,-295.29,-295.4638,-299.6302,24,24,24,24,24,24,24,24,24,24,24,24,24,24,24,24,673,6730,-291.5535,-286.6587,82.36532,-99.0286,0.2609409,-0.2454072,0.9142184,-0.2607764,0.3882847,-0.3849344,0.2627991,0.2693905,-0.1280075,-0.7794669,-0.361342,0.1130332,24,24,24,24,24,24,24,24,24,24,24,24,24,24,24,24
674,6740,-292.1577,-298.5618,-309.5587,-20.95275,-308.7292,-308.7825,-272.283,-91.15916,41.99169,76.42661,-32.88121,-216.85,-325.433,-294.5739,-295.3446,-308.4283,24,24,24,24,24,24,24,24,24,24,24,24,24,24,24,24,674,6740,-305.2574,-303.8995,80.53207,-101.6105,-0.3956611,0.2454746,-0.6529716,-2.247436E-05,0.1294395,0.1301466,-0.5255757,0.5388035,-0.2559894,0.1114439,0.6022406,0.7911809,24,24,24,24,24,24,24,24,24,24,24,24,24,24,24,24
675,6750,-292.9993,-292.2737,-298.4812,-21.68355,-297.3842,-299.8968,-269.9863,-90.65761,41.74396,78.1496,-30.86371,-214.9588,-327.4564,-295.0513,-295.4638,-300.8354,24,24,24,24,24,24,24,24,24,24,24,24,24,24,24,24,675,6750,-289.4038,-288.8961,79.09165,-103.4179,-0.001700025,-0.8590086,0.1306226,-2.247436E-05,-0.776518,-0.5137045,0.5255918,-0.6735581,0.6398803,0.3341712,-1.084029,-0.1130171,24,24,24,24,24,24,24,24,24,24,24,24,24,24,24,24
676,6760,-289.5127,-287.3158,-295.8965,-20.83095,-286.1599,-287.5555,-263.224,-87.7737,42.48716,78.64187,-29.67694,-210.168,-313.1734,-275.9546,-275.0753,-299.0275,24,24,24,24,24,24,24,24,24,24,24,24,24,24,24,24,676,6760,-284.0297,-287.3167,77.5203,-101.6105,-0.5269819,-0.2454072,0.5224213,-2.247436E-05,0.3882847,0.001376554,-0.7883652,-0.1347306,-0.2559894,0.3341712,1.605311E-06,-0.6781413,24,24,24,24,24,24,24,24,24,24,24,24,24,24,24,24
677,6770,-276.2875,-280.3022,-279.7727,-20.83095,-276.2632,-283.4829,-258.8859,-85.51672,44.09741,78.51881,-28.84621,-211.0505,-313.7685,-279.8932,-277.5792,-276.9719,24,24,24,24,24,24,24,24,24,24,24,24,24,24,24,24,677,6770,-281.2083,-284.5529,78.56787,-104.1925,0.9175438,0.7363531,0.1306226,-2.247436E-05,-0.6470962,-0.9000146,0.1314044,0.5388035,-0.2559894,8.026557E-05,-0.361342,0.452107,24,24,24,24,24,24,24,24,24,24,24,24,24,24,24,24
678,6780,-276.1673,-288.2832,-290.7271,-20.34375,-281.4529,-290.394,-262.0757,-88.77679,42.73489,79.7495,-27.54076,-214.4545,-327.9325,-288.0094,-282.7061,-277.454,24,24,24,24,24,24,24,24,24,24,24,24,24,24,24,24,678,6780,-280.5365,-276.6563,75.81799,-101.2232,0.2609409,-0.2454104,0.3918212,-1.303792,-0.1294058,0.3876867,6.421245E-06,-0.8082646,-0.2559894,0.4455349,0.3613451,-0.3390674,24,24,24,24,24,24,24,24,24,24,24,24,24,24,24,24
679,6790,-276.4077,-283.3253,-282.9729,-20.22195,-273.6079,-281.1381,-261.9481,-89.90528,42.61102,80.85713,-27.65944,-214.0763,-325.0759,-282.6384,-279.1292,-276.4898,24,24,24,24,24,24,24,24,24,24,24,24,24,24,24,24,679,6790,-272.0723,-273.1029,77.91314,-102.7724,0.1296209,0.8590727,-0.1305744,-0.2607764,0.1294395,0.1301466,-0.5255757,-0.1347306,-0.3839712,0.5568985,0.240897,0.3390835,24,24,24,24,24,24,24,24,24,24,24,24,24,24,24,24
680,6800,-278.6921,-281.7533,-273.9879,-20.22195,-262.9871,-274.2269,-255.8237,-88.02448,43.47808,80.24178,-26.47267,-209.9158,-313.8875,-273.4481,-268.5177,-276.4898,24,24,24,24,24,24,24,24,24,24,24,24,24,24,24,24,680,6800,-270.8631,-269.6811,77.38935,-103.547,1.048865,-0.7362921,0.2612227,0.2607347,-0.1294058,-0.5137045,-0.5255757,-1.077679,-0.1280075,0.4455349,-0.8431332,-0.7911649,24,24,24,24,24,24,24,24,24,24,24,24,24,24,24,24
681,6810,-267.3906,-267.4843,-266.6029,-20.10015,-259.3663,-267.8095,-257.3548,-91.40993,40.25756,79.62643,-25.52326,-206.3857,-310.5548,-267.003,-265.1792,-266.3659,24,24,24,24,24,24,24,24,24,24,24,24,24,24,24,24,681,6810,-283.4923,-280.9995,74.90137,-105.8707,-0.6583028,-0.36813,0.5224213,0.2607347,-0.1294058,-0.7712445,-1.182553,0.2693905,0.3839166,-1.113558,-0.9635809,-0.7911649,24,24,24,24,24,24,24,24,24,24,24,24,24,24,24,24
682,6820,-270.0356,-270.0237,-268.4492,-19.97835,-268.4182,-281.5083,-263.7343,-90.03067,43.47808,81.96473,-28.84621,-214.5806,-322.2193,-281.2062,-277.3407,-263.2323,24,24,24,24,24,24,24,24,24,24,24,24,24,24,24,24,682,6820,-287.2542,-287.8432,74.90137,-105.0961,-0.1330201,0.4909106,0.2612227,0.2607347,1.605311E-05,-1.028785,6.421245E-06,-0.4041452,-0.2559894,0.2228076,0.4817929,0.1130332,24,24,24,24,24,24,24,24,24,24,24,24,24,24,24,24
683,6830,-285.1844,-280.5441,-283.9575,-20.34375,-289.6599,-300.8841,-273.4313,-90.53222,45.2122,79.01105,-35.0174,-218.8671,-321.7432,-288.1287,-289.6215,-282.8775,24,24,24,24,24,24,24,24,24,24,24,24,24,24,24,24,683,6830,-272.2067,-273.4977,76.99651,-103.547,0.6549028,0.4909106,0.9142184,-0.3911534,-1.164787,-0.6424745,0.6569865,-2.407967E-05,0.2559364,-0.445376,-0.1204465,0.5651306,24,24,24,24,24,24,24,24,24,24,24,24,24,24,24,24
684,6840,-305.6233,-302.915,-310.9126,-21.68355,-309.8154,-307.7952,-271.2622,-85.14056,50.53844,87.74903,-21.84428,-208.7812,-329.9559,-304.5996,-302.1407,-305.7768,24,24,24,24,24,24,24,24,24,24,24,24,24,24,24,24,684,6840,-277.9838,-278.2357,77.65124,-104.7088,-0.1330201,0.8590727,-0.6529716,-1.173415,0.1294395,0.1301466,-0.5255757,0.4040954,-0.5119531,0.2228076,1.605311E-06,0.2260567,24,24,24,24,24,24,24,24,24,24,24,24,24,24,24,24
685,6850,-297.2073,-296.7479,-298.4812,-21.43995,-281.8149,-279.7805,-257.0996,-85.26595,46.82246,83.81078,-23.38708,-205.5032,-313.2924,-278.9384,-279.4869,-296.7376,24,24,24,24,24,24,24,24,24,24,24,24,24,24,24,24,685,6850,-283.6266,-283.6317,79.4845,-105.6125,0.6549028,-0.8590117,0.1306226,-0.1303994,-0.2588276,-0.5137045,0.3941938,-0.4041468,-0.5119531,-0.1112834,-0.8431332,6.421245E-06,24,24,24,24,24,24,24,24,24,24,24,24,24,24,24,24
686,6860,-272.6807,-275.9489,-274.8494,-21.31815,-269.3837,-275.8313,-254.2926,-82.88358,48.18499,82.94929,-23.2684,-204.9989,-306.389,-270.2256,-267.5638,-277.213,24,24,24,24,24,24,24,24,24,24,24,24,24,24,24,24,686,6860,-284.2984,-283.8949,76.21083,-104.5798,0.3922618,-1.34989,0.3918212,0.5214886,-0.6470962,0.6452276,-0.9197599,0.4040954,0.1279546,8.026557E-05,-0.4817896,-0.7911649,24,24,24,24,24,24,24,24,24,24,24,24,24,24,24,24
687,6870,-269.194,-272.3212,-267.9568,-20.22195,-260.0905,-265.9583,-249.3165,-82.38203,46.45086,83.81078,-24.45517,-211.6809,-327.6945,-299.348,-293.7946,-267.0891,24,24,24,24,24,24,24,24,24,24,24,24,24,24,24,24,687,6870,-295.584,-295.3449,76.34178,-107.4199,-0.001700025,0.4909106,2.407967E-05,-2.247436E-05,-0.5176744,-0.5137045,1.051174,0.5388019,-0.1280075,0.4455349,-0.1204465,0.7911809,24,24,24,24,24,24,24,24,24,24,24,24,24,24,24,24
688,6880,-299.131,-303.7615,-301.066,-21.43995,-280.8495,-289.5301,-264.7551,-88.52602,45.45993,83.3185,-27.89679,-220.3801,-335.6692,-290.7545,-284.1369,-287.3369,24,24,24,24,24,24,24,24,24,24,24,24,24,24,24,24,688,6880,-278.5212,-276.3931,73.46095,-105.2252,-0.001700025,-0.1226907,0.6530198,-0.1303994,-0.6470962,-0.2561635,0.1314044,0.1346808,0.7678621,8.026557E-05,0.240897,0.452107,24,24,24,24,24,24,24,24,24,24,24,24,24,24,24,24
689,6890,-277.8505,-289.9761,-286.173,-21.43995,-272.401,-286.815,-261.0549,-83.51052,49.42365,84.79535,-25.64193,-210.6723,-312.3403,-268.9127,-265.8946,-275.5256,24,24,24,24,24,24,24,24,24,24,24,24,24,24,24,24,689,6890,-283.358,-283.2368,74.77042,-105.7416,0.2609409,-0.2454104,0.2612227,-1.303792,0.1294395,-0.1273935,0.1314044,0.4040954,-0.5119531,-0.5567396,1.605311E-06,-0.2260407,24,24,24,24,24,24,24,24,24,24,24,24,24,24,24,24
690,6900,-267.8715,-270.991,-269.5569,-20.70915,-265.0388,-274.5972,-253.5271,-83.38513,45.83153,82.33394,-26.47267,-208.6551,-312.6973,-274.0449,-272.9292,-264.9196,24,24,24,24,24,24,24,24,24,24,24,24,24,24,24,24,690,6900,-295.7184,-294.6869,76.34178,-105.4834,0.5235819,-0.4908496,-0.7835717,-0.3911534,1.035397,0.001376554,0.5255918,-0.9429743,-0.895897,-0.3340123,1.605311E-06,0.6781574,24,24,24,24,24,24,24,24,24,24,24,24,24,24,24,24
691,6910,-275.9268,-282.9625,-282.3575,-20.83095,-274.0907,-284.3468,-261.9481,-87.89909,44.71674,82.70315,-25.87929,-212.0591,-320.672,-285.7416,-280.7984,-270.9458,24,24,24,24,24,24,24,24,24,24,24,24,24,24,24,24,691,6910,-293.4344,-288.6328,77.12746,-104.967,0.2609409,-1.104451,-0.5223731,0.3911116,-0.2588276,0.1301466,0.1314044,0.1346808,-0.1280075,-0.1112834,-0.2408942,-1.017215,24,24,24,24,24,24,24,24,24,24,24,24,24,24,24,24
692,6920,-284.5833,-289.6133,-286.4192,-22.04895,-277.9529,-292.7389,-267.3069,-90.90839,43.84968,83.44157,-27.18473,-220.254,-335.7882,-290.5158,-283.3023,-278.9003,24,24,24,24,24,24,24,24,24,24,24,24,24,24,24,24,692,6920,-284.7015,-286.9219,77.12746,-106.7744,-0.789623,2.88956E-05,0.2612227,-0.5215303,0.7765533,-0.9000146,6.421245E-06,-0.2694403,-0.2559894,0.1114439,0.240897,-0.2260407,24,24,24,24,24,24,24,24,24,24,24,24,24,24,24,24
693,6930,-303.6996,-306.7846,-297.7427,-22.90155,-296.7807,-317.9151,-283.8938,-94.92078,43.47808,82.94929,-34.54269,-228.9532,-349.5951,-300.0642,-296.6561,-281.1902,24,24,24,24,24,24,24,24,24,24,24,24,24,24,24,24,693,6930,-294.5092,-299.2932,76.86556,-104.0634,0.3922618,0.4909106,-0.2611745,1.434127,-0.6470962,-0.7712445,-0.2627831,0.9429213,-2.729029E-05,0.8909895,0.240897,0.1130332,24,24,24,24,24,24,24,24,24,24,24,24,24,24,24,24
694,6940,-299.7321,-296.3851,-292.081,-22.77975,-290.7461,-303.3524,-275.2176,-93.66692,44.46901,83.3185,-29.43959,-219.1193,-330.313,-279.4159,-277.2215,-299.6302,24,24,24,24,24,24,24,24,24,24,24,24,24,24,24,24,694,6940,-289.4038,-293.3708,76.99651,-103.4179,0.3922618,-0.613566,0.3918212,-0.7822843,-0.1294058,-0.3849344,0.5255918,-0.1347338,0.6398803,-0.7794669,-0.7226855,-0.1130171,24,24,24,24,24,24,24,24,24,24,24,24,24,24,24,24
695,6950,-292.2779,-286.953,-282.3575,-24.24135,-291.8323,-305.327,-275.09,-92.53842,44.22128,81.10324,-32.16915,-219.4975,-326.0282,-278.2223,-276.3869,-286.2522,24,24,24,24,24,24,24,24,24,24,24,24,24,24,24,24,695,6950,-277.4464,-280.6046,79.35355,-102.7724,-0.5269819,-0.4908464,-0.391773,-2.247436E-05,0.2588629,0.2589166,0.7883812,0.2693873,-0.3839712,0.4455349,0.6022406,0.2260567,24,24,24,24,24,24,24,24,24,24,24,24,24,24,24,24
696,6960,-286.026,-283.5672,-282.6037,-23.02335,-295.0911,-309.1528,-274.0692,-89.27834,44.34514,80.48789,-33.83063,-214.8328,-316.7442,-273.2094,-274.1215,-284.0828,24,24,24,24,24,24,24,24,24,24,24,24,24,24,24,24,696,6960,-284.9702,-279.9466,79.61544,-103.547,0.1296209,-0.8590086,2.407967E-05,-0.1303994,0.1294395,0.2589166,-0.6569704,-1.347095,-0.1280075,0.2228076,-0.1204465,-0.5651178,24,24,24,24,24,24,24,24,24,24,24,24,24,24,24,24
697,6970,-271.1177,-272.9258,-275.3418,-23.51055,-280.246,-286.5682,-262.3308,-85.76749,46.32705,82.58008,-27.54076,-209.9158,-313.5305,-274.403,-274.0023,-280.8286,24,24,24,24,24,24,24,24,24,24,24,24,24,24,24,24,697,6970,-307.1384,-301.9254,78.69881,-104.0634,0.1296209,0.1227549,0.2612227,-0.1303994,-0.1294058,0.3876867,-1.313947,0.1346808,-2.729029E-05,-0.1112834,-0.4817896,-0.5651178,24,24,24,24,24,24,24,24,24,24,24,24,24,24,24,24
698,6980,-275.6864,-275.7071,-276.2034,-23.75415,-277.108,-283.4829,-261.9481,-87.89909,42.61106,79.38026,-28.3715,-208.1508,-306.627,-267.7191,-268.6369,-279.1413,24,24,24,24,24,24,24,24,24,24,24,24,24,24,24,24,698,6980,-285.2389,-285.211,78.69881,-104.3215,-0.9209439,-0.613566,0.1306226,-0.1303994,-0.1294058,-1.157555,-0.3941778,0.5388019,-0.3839712,0.3341712,0.3613451,-0.2260407,24,24,24,24,24,24,24,24,24,24,24,24,24,24,24,24
699,6990,-265.9478,-268.3307,-269.68,-22.77975,-265.763,-270.4011,-253.2719,-82.63281,45.45998,80.61096,-29.08356,-210.2941,-312.1022,-276.3127,-275.6715,-271.5484,24,24,24,24,24,24,24,24,24,24,24,24,24,24,24,24,699,6990,-285.3733,-284.6845,77.12746,-106.3871,-0.001700025,0.3681942,0.1306226,-0.1303994,-0.388251,0.001376554,0.3941938,-0.1347338,0.2559364,-0.6681033,-0.361342,-0.1130171,24,24,24,24,24,24,24,24,24,24,24,24,24,24,24,24
700,7000,-277.2493,-273.5304,-280.7574,-22.77975,-276.8666,-284.1,-260.6721,-87.52293,41.62014,77.65728,-31.45709,-214.5806,-319.6008,-286.4578,-284.0177,-279.985,24,24,24,24,24,24,24,24,24,24,24,24,24,24,24,24,700,7000,-285.9107,-287.1851,75.03232,-106.3871,-0.001700025,3.210623E-05,-0.9141703,-0.5215303,0.2588629,-0.5137045,-0.6569704,0.4040954,-0.7679151,-0.1112834,-0.361342,0.3390835,24,24,24,24,24,24,24,24,24,24,24,24,24,24,24,24
701,7010,-287.2283,-288.0413,-288.6346,-24.36315,-286.0392,-294.9603,-271.5174,-95.04617,39.63829,78.7649,-29.9143,-217.6064,-328.4086,-285.2643,-280.56,-286.4932,24,24,24,24,24,24,24,24,24,24,24,24,24,24,24,24,701,7010,-283.8954,-283.3684,76.86556,-104.3215,0.3922618,-0.7362889,-0.6529716,-2.247436E-05,0.6471299,-0.5137045,0.2627991,-0.6735597,-0.2559894,0.2228076,-0.1204465,-0.9041916,24,24,24,24,24,24,24,24,24,24,24,24,24,24,24,24
702,7020,-277.9707,-273.2886,-272.7571,-60.53773,-268.5389,-273.9801,-258.5031,-87.52293,41.62014,78.27263,-30.86371,-213.572,-317.8154,-278.3417,-276.6254,-277.454,24,24,24,24,24,24,24,24,24,24,24,24,24,24,24,24,702,7020,-279.193,-277.1828,77.5203,-105.6125,-0.001700025,-0.4908464,0.1306226,-2.247436E-05,-0.388251,0.7739977,-1.051158,-0.4041468,0.2559364,0.3341712,-0.9635809,-0.2260407,24,24,24,24,24,24,24,24,24,24,24,24,24,24,24,24
703,7030,-279.7741,-277.6418,-279.1573,-254.565,-282.4185,-294.3432,-271.2622,-93.41614,41.12468,77.41113,-33.71195,-218.3629,-321.9813,-283.4739,-280.6792,-279.0208,24,24,24,24,24,24,24,24,24,24,24,24,24,24,24,24,703,7030,-275.4312,-269.6811,77.38935,-106.258,0.5235819,0.3681942,0.1306226,0.5214886,-0.1294058,-1.286326,6.421245E-06,-2.568498E-05,0.1279546,0.3341712,0.1204493,6.421245E-06,24,24,24,24,24,24,24,24,24,24,24,24,24,24,24,24
704,7040,-285.4249,-284.7764,-284.0807,-283.0662,-287.7289,-293.973,-267.6897,-89.77989,42.98267,78.88797,-32.64386,-213.572,-314.1256,-275.1191,-277.46,-286.7343,24,24,24,24,24,24,24,24,24,24,24,24,24,24,24,24,704,7040,-292.897,-285.7374,76.34178,-106.3871,0.3922618,0.3681942,2.407967E-05,0.7822425,-0.9059414,-0.1273935,0.1314044,-0.1347338,0.2559364,0.3341712,0.1204493,0.3390867,24,24,24,24,24,24,24,24,24,24,24,24,24,24,24,24
705,7050,-272.1997,-272.0793,-279.2804,-278.925,-281.3322,-286.0746,-264.1171,-86.89599,43.35426,77.53421,-35.96681,-217.7325,-317.9344,-284.19,-283.8984,-281.4312,24,24,24,24,24,24,24,24,24,24,24,24,24,24,24,24,705,7050,-289.0008,-286.3954,75.2942,-107.1617,0.3922618,-0.2454072,2.407967E-05,-1.043038,0.3882847,0.1301466,-0.3941778,-2.568498E-05,-2.729029E-05,-0.6681033,-0.361342,1.284249E-05,24,24,24,24,24,24,24,24,24,24,24,24,24,24,24,24
706,7060,-291.0756,-290.1674,-293.681,-294.8808,-294.9703,-299.2797,-270.6243,-91.03378,41.86787,78.02649,-30.98239,-215.5892,-324.2427,-288.0094,-284.4946,-294.8093,24,24,24,24,24,24,24,24,24,24,24,24,24,24,24,24,706,7060,-294.2405,-296.5294,76.73462,-103.4179,-0.264341,0.4909138,-0.7835717,0.1303545,0.7765533,-0.3849344,6.421245E-06,0.4040954,-0.3839712,-0.445376,-0.2408942,0.6781605,24,24,24,24,24,24,24,24,24,24,24,24,24,24,24,24
707,7070,-281.3371,-282.6714,-280.5112,-277.9506,-274.6942,-279.1635,-257.2272,-87.02137,42.98267,78.51876,-30.15165,-211.4287,-315.5539,-285.3836,-282.8254,-282.757,24,24,24,24,24,24,24,24,24,24,24,24,24,24,24,24,707,7070,-309.6911,-310.6116,77.2584,-106.3871,0.1296209,-0.8590086,0.5224213,0.3911116,-0.388251,0.5164568,-0.5255757,-1.077681,0.2559364,-0.3340123,-0.8431332,-0.9041852,24,24,24,24,24,24,24,24,24,24,24,24,24,24,24,24
708,7080,-277.4898,-278.3189,-282.2344,-275.7581,-269.7458,-270.0309,-253.7822,-85.64211,41.37241,77.41113,-31.21974,-214.3285,-319.9579,-292.9029,-292.0061,-279.2618,24,24,24,24,24,24,24,24,24,24,24,24,24,24,24,24,708,7080,-289.5382,-288.6328,79.2226,-103.8052,-0.264341,-0.7362889,0.3918212,-0.1303994,0.7765533,-1.157555,-0.2627831,0.4040954,1.023824,-0.5567396,-0.4817896,-0.4520846,24,24,24,24,24,24,24,24,24,24,24,24,24,24,24,24
709,7090,-292.879,-297.0589,-294.7888,-283.9186,-272.7631,-277.5591,-256.2065,-85.76749,44.46906,79.50333,-29.9143,-220.7583,-334.0028,-303.1674,-296.7754,-288.7832,24,24,24,24,24,24,24,24,24,24,24,24,24,24,24,24,709,7090,-299.4803,-294.1604,76.86556,-107.1617,0.5235819,0.7363531,-0.391773,0.5214886,-0.9059414,-0.7712445,-0.2627831,0.1346808,0.1279546,0.4455349,0.8431364,0.4521135,24,24,24,24,24,24,24,24,24,24,24,24,24,24,24,24
710,7100,-294.8027,-298.147,-295.158,-289.2779,-283.9874,-294.8369,-269.0932,-94.54462,40.25762,79.13412,-29.32091,-222.019,-340.192,-296.1255,-289.6215,-289.6268,24,24,24,24,24,24,24,24,24,24,24,24,24,24,24,24,710,7100,-295.0467,-291.923,76.99651,-106.5162,1.180185,0.2454746,0.6530198,-0.3911534,0.2588629,0.3876867,-0.1313883,0.2693873,0.2559364,-0.7794669,-0.7226855,-0.2260375,24,24,24,24,24,24,24,24,24,24,24,24,24,24,24,24
711,7110,-292.9993,-292.4646,-289.8655,-282.7007,-283.9874,-301.2543,-275.6003,-96.67621,38.77122,77.41113,-35.25475,-228.3228,-343.5247,-289.561,-282.3484,-283.2391,24,24,24,24,24,24,24,24,24,24,24,24,24,24,24,24,711,7110,-288.5977,-291.0018,75.42516,-105.6125,-0.9209439,-0.2454072,-1.175369,-0.5215303,-0.2588276,-0.2561635,-0.1313883,-0.5388532,-1.023879,0.3341712,0.240897,-0.2260375,24,24,24,24,24,24,24,24,24,24,24,24,24,24,24,24
712,7120,-302.3771,-298.6306,-291.3425,-290.1305,-293.4013,-311.8678,-280.4488,-96.80158,41.99174,79.13412,-34.66136,-222.7755,-329.0037,-279.2965,-279.2484,-282.516,24,24,24,24,24,24,24,24,24,24,24,24,24,24,24,24,712,7120,-298.1368,-294.5552,77.91314,-106.1289,0.1296209,-0.8590086,0.5224213,0.6518688,1.605311E-05,0.5164568,-0.3941778,-0.8082678,1.279786,-0.1112834,-0.8431332,-0.9041852,24,24,24,24,24,24,24,24,24,24,24,24,24,24,24,24
713,7130,-293.1195,-291.2556,-286.5422,-283.5533,-285.5564,-298.786,-273.5589,-90.53221,44.59292,80.98017,-33.4746,-218.1107,-320.4339,-276.6707,-277.6985,-290.9526,24,24,24,24,24,24,24,24,24,24,24,24,24,24,24,24,713,7130,-304.5857,-305.084,76.60368,-103.8052,-0.3956611,-0.7362889,2.407967E-05,0.2607347,1.605311E-05,-0.3849344,-1.051158,1.077629,0.5118985,-0.2226471,0.240897,-0.339061,24,24,24,24,24,24,24,24,24,24,24,24,24,24,24,24
714,7140,-292.9993,-288.1121,-285.6807,-284.5277,-285.5564,-293.8495,-267.9449,-88.14985,45.83158,81.2263,-31.21974,-212.1852,-313.2924,-269.2707,-268.8754,-286.8548,24,24,24,24,24,24,24,24,24,24,24,24,24,24,24,24,714,7140,-308.3476,-299.0299,78.69881,-105.0961,-0.1330201,0.2454746,0.3918212,-1.926374E-05,1.605311E-05,-0.9000146,6.421245E-06,0.5388019,-0.5119531,0.2228076,0.4817929,0.4521135,24,24,24,24,24,24,24,24,24,24,24,24,24,24,24,24
715,7150,-272.5604,-269.8557,-271.7724,-275.3927,-279.4011,-289.5301,-267.1793,-90.6576,43.84973,79.01104,-30.86371,-211.5548,-311.031,-278.5804,-283.1831,-273.1152,24,24,24,24,24,24,24,24,24,24,24,24,24,24,24,24,715,7150,-291.5535,-291.6598,76.21083,-106.5162,-0.3956611,0.2454746,0.2612227,-1.434166,-0.2588276,-0.5137045,0.2627991,-0.8082678,0.6398803,-0.3340123,-0.2408942,0.4521135,24,24,24,24,24,24,24,24,24,24,24,24,24,24,24,24
716,7160,-295.5241,-291.4973,-296.3889,-301.5797,-299.5566,-301.0075,-268.5828,-88.02446,44.09746,79.62639,-32.99989,-217.9846,-330.9081,-298.7513,-299.0407,-299.8712,24,24,24,24,24,24,24,24,24,24,24,24,24,24,24,24,716,7160,-302.9735,-299.5564,76.73462,-106.258,0.2609409,0.859076,2.407967E-05,-0.782281,0.9059751,0.6452276,-0.2627831,0.8082148,-0.7679151,-0.445376,0.1204493,0.3390867,24,24,24,24,24,24,24,24,24,24,24,24,24,24,24,24
717,7170,-291.6768,-292.1019,-295.4042,-289.7651,-283.8667,-284.717,-261.5653,-85.26594,45.45998,80.85709,-30.03297,-213.3199,-317.8154,-281.3256,-279.1292,-298.4249,24,24,24,24,24,24,24,24,24,24,24,24,24,24,24,24,717,7170,-293.4344,-290.4753,74.77042,-107.2908,1.442826,-0.8590086,-0.7835717,0.2607347,1.605311E-05,-0.6424745,-0.2627831,-0.8082678,0.2559364,0.2228076,-0.361342,-0.339061,24,24,24,24,24,24,24,24,24,24,24,24,24,24,24,24
718,7180,-277.9707,-278.4398,-279.0342,-277.2197,-276.3839,-283.7297,-264.4999,-91.53531,41.62014,78.88797,-30.389,-215.0849,-321.3861,-285.1449,-283.0638,-281.0697,24,24,24,24,24,24,24,24,24,24,24,24,24,24,24,24,718,7180,-299.6147,-296.1346,76.60368,-102.7724,-0.6583028,3.210623E-05,0.7836199,0.3911116,-0.2588276,-0.2561635,-0.9197599,0.1346808,0.6398803,-0.1112834,-0.4817896,-0.4520846,24,24,24,24,24,24,24,24,24,24,24,24,24,24,24,24
719,7190,-285.9058,-281.8251,-277.9265,-276.4889,-276.6252,-283.9765,-264.1171,-89.27834,42.36333,81.84165,-28.84621,-211.3027,-318.8866,-286.3384,-286.1638,-288.5421,24,24,24,24,24,24,24,24,24,24,24,24,24,24,24,24,719,7190,-287.5229,-293.7656,75.94894,-108.7108,0.2609409,0.4909138,-0.2611745,0.3911116,-0.6470962,-1.157555,-0.2627831,0.1346808,-0.5119531,-0.3340123,0.240897,0.2260632,24,24,24,24,24,24,24,24,24,24,24,24,24,24,24,24
720,7200,-284.8237,-284.364,-290.2347,-285.502,-282.5391,-289.5301,-263.8619,-88.52601,43.10653,79.25718,-30.98239,-214.5806,-320.553,-284.5481,-281.6331,-289.2652,24,24,24,24,24,24,24,24,24,24,24,24,24,24,24,24,720,7200,-293.1657,-299.0299,75.94894,-104.3216,1.180185,0.859076,0.3918212,-1.926374E-05,1.605311E-05,0.1301466,1.313963,0.6735084,0.7678621,-0.2226471,0.1204493,0.2260567,24,24,24,24,24,24,24,24,24,24,24,24,24,24,24,24
721,7210,-273.402,-276.1426,-280.8805,-280.9955,-278.3149,-286.1979,-263.8619,-90.03066,42.8588,79.25718,-30.27032,-210.168,-313.0544,-272.8513,-271.4984,-281.4312,24,24,24,24,24,24,24,24,24,24,24,24,24,24,24,24,721,7210,-295.0467,-304.0311,75.81799,-105.7416,0.1296209,-0.3681268,-0.5223731,-0.2607732,0.3882847,-0.2561635,-0.7883652,0.4040954,-0.3839712,8.026557E-05,1.605311E-06,-0.2260407,24,24,24,24,24,24,24,24,24,24,24,24,24,24,24,24
722,7220,-269.0738,-269.7348,-278.0496,-277.7069,-277.9529,-281.8785,-264.7551,-90.03066,41.86787,80.24174,-28.96488,-210.168,-315.6729,-282.0417,-284.8523,-272.8741,24,24,24,24,24,24,24,24,24,24,24,24,24,24,24,24,722,7220,-310.6316,-309.5587,75.16326,-108.969,0.5235819,-0.3681268,-0.2611745,0.1303577,0.7765533,-0.2561635,0.2627991,-0.4041468,0.1279546,0.4455349,-0.361342,-0.1130171,24,24,24,24,24,24,24,24,24,24,24,24,24,24,24,24
723,7230,-282.6596,-289.3211,-294.7888,-290.2523,-282.9012,-287.5555,-262.3308,-88.40063,42.8588,78.27262,-32.28783,-218.7411,-326.1471,-290.0384,-288.5485,-291.9167,24,24,24,24,24,24,24,24,24,24,24,24,24,24,24,24,723,7230,-314.3934,-312.1909,71.75866,-107.8072,-0.3956611,-0.4908464,-0.1305744,0.2607347,-0.388251,0.6452276,-1.445342,-0.2694403,0.3839166,0.3341712,-0.1204465,-1.356289,24,24,24,24,24,24,24,24,24,24,24,24,24,24,24,24
724,7240,-287.1081,-289.9256,-289.3731,-285.1366,-282.5391,-291.6281,-268.3276,-92.53841,41.74401,79.9956,-31.33842,-221.6408,-330.432,-288.1287,-284.3754,-289.8678,24,24,24,24,24,24,24,24,24,24,24,24,24,24,24,24,724,7240,-309.2881,-304.4259,73.5919,-107.549,-0.264341,0.3681942,0.3918212,-0.2607732,0.3882847,-1.286326,-0.1313883,0.4040954,0.1279546,0.4455349,0.6022406,-0.3390674,24,24,24,24,24,24,24,24,24,24,24,24,24,24,24,24
725,7250,-292.5183,-293.19,-287.7731,-284.7712,-289.2979,-313.9659,-284.5317,-99.81089,40.25762,78.7649,-39.40843,-237.4002,-352.3326,-295.5287,-290.933,-280.9492,24,24,24,24,24,24,24,24,24,24,24,24,24,24,24,24,725,7250,-292.2253,-290.7386,72.93717,-107.6781,0.3922618,0.1227549,-0.391773,0.1303577,-0.776518,0.001376554,-0.7883652,0.2693873,0.6398803,-0.2226471,-0.2408942,0.6781574,24,24,24,24,24,24,24,24,24,24,24,24,24,24,24,24
726,7260,-312.2358,-304.6758,-303.5276,-308.8876,-316.0915,-328.652,-290.9113,-98.6824,41.62014,78.64183,-34.54269,-221.2626,-331.1462,-298.0352,-297.7292,-300.7149,24,24,24,24,24,24,24,24,24,24,24,24,24,24,24,24,726,7260,-279.7304,-283.8949,76.47272,-104.967,0.3922618,0.8590727,2.407967E-05,-0.2607732,0.9059751,0.7739977,-0.3941778,0.9429213,-0.2559894,0.3341712,0.240897,-0.3390674,24,24,24,24,24,24,24,24,24,24,24,24,24,24,24,24
727,7270,-304.421,-311.4464,-312.7588,-310.8364,-305.4706,-307.5484,-274.7071,-90.6576,45.95545,80.85709,-30.86371,-213.9502,-318.5295,-283.832,-286.5215,-306.9821,24,24,24,24,24,24,24,24,24,24,24,24,24,24,24,24,727,7270,-287.3885,-286.0006,75.94894,-108.5817,-0.001700025,-0.1226907,-0.3918276,-0.6519041,0.2588629,0.2589166,0.3941938,-0.6735597,-0.895897,0.2228076,0.3613451,0.6781574,24,24,24,24,24,24,24,24,24,24,24,24,24,24,24,24
728,7280,-290.1138,-291.7391,-299.7121,-299.8744,-295.8153,-294.0964,-266.7964,-88.40063,44.22132,79.9956,-32.16915,-216.5978,-326.5042,-296.7223,-295.2254,-294.3271,24,24,24,24,24,24,24,24,24,24,24,24,24,24,24,24,728,7280,-287.1198,-292.7127,74.11569,-106.5162,0.5235819,-0.6135693,-0.130629,1.434131,-0.6470962,0.001376554,-0.5255757,-2.568498E-05,1.023824,0.2228076,-0.9635809,-1.243266,24,24,24,24,24,24,24,24,24,24,24,24,24,24,24,24
729,7290,-296.6061,-299.8396,-299.0966,-294.1498,-287.8496,-296.071,-266.1585,-90.28145,42.98262,80.11867,-29.08356,-217.8586,-328.2896,-286.0997,-284.3754,-297.0992,24,24,24,24,24,24,24,24,24,24,24,24,24,24,24,24,729,7290,-289.8069,-291.7914,71.75866,-109.7436,-1.052264,-0.1226907,0.5223683,-0.2607732,0.2588629,-1.286326,-0.3941778,-0.4041468,0.1279546,-0.2226471,-0.8431332,0.2260567,24,24,24,24,24,24,24,24,24,24,24,24,24,24,24,24
730,7300,-277.2493,-282.5505,-286.1731,-279.2903,-271.5562,-276.5718,-258.3755,-88.27525,41.99169,79.38029,-30.27032,-218.8671,-331.7413,-296.2448,-291.6484,-284.4443,24,24,24,24,24,24,24,24,24,24,24,24,24,24,24,24,730,7300,-316.14,-314.9547,70.97297,-107.8072,1.311506,0.368191,0.3917682,0.1303577,-0.5176712,-0.1273935,0.919776,0.8082148,0.5118985,0.2228076,-0.1204465,0.5651306,24,24,24,24,24,24,24,24,24,24,24,24,24,24,24,24
731,7310,-295.8847,-298.6306,-294.1734,-284.6494,-282.7805,-295.3306,-271.6449,-95.17155,40.00984,79.87257,-34.78004,-229.5835,-349.357,-308.419,-299.6369,-283.9622,24,24,24,24,24,24,24,24,24,24,24,24,24,24,24,24,731,7310,-297.062,-294.5552,72.28244,-107.1617,0.2609409,-0.4908496,-2.88956E-05,-1.173412,-0.1294041,0.2589166,-0.5255757,0.2693873,-0.7679151,-0.6681033,-0.361342,6.421245E-06,24,24,24,24,24,24,24,24,24,24,24,24,24,24,24,24
732,7320,-305.0221,-305.1594,-302.543,-299.9962,-302.4533,-329.1457,-292.3147,-102.5694,40.38144,80.85713,-36.20416,-235.2569,-358.6409,-307.9416,-302.0215,-295.4119,24,24,24,24,24,24,24,24,24,24,24,24,24,24,24,24,732,7320,-290.4787,-289.2909,74.37758,-107.6781,-0.264341,-0.36813,-2.88956E-05,-0.2607732,0.2588629,-0.3849344,0.6569865,-0.1347354,0.1279546,0.7796259,0.240897,0.2260567,24,24,24,24,24,24,24,24,24,24,24,24,24,24,24,24
733,7330,-312.356,-310.4791,-313.2511,-316.3174,-324.6605,-339.0187,-298.0563,-100.814,41.24849,81.8417,-34.78004,-220.8844,-331.6223,-290.8739,-299.0407,-310.2362,24,24,24,24,24,24,24,24,24,24,24,24,24,24,24,24,733,7330,-290.8817,-294.292,74.24664,-106.6453,0.2609409,-1.104451,-2.88956E-05,0.3911116,-0.5176712,0.001376554,-0.7883652,-2.88956E-05,0.3839166,8.026557E-05,-0.4817896,-0.5651178,24,24,24,24,24,24,24,24,24,24,24,24,24,24,24,24
734,7340,-296.2454,-300.2024,-300.5736,-300.8488,-301.7291,-305.9441,-276.621,-91.53532,43.97355,80.48792,-32.16915,-215.9675,-324.3618,-292.1867,-293.0792,-309.6335,24,24,24,24,24,24,24,24,24,24,24,24,24,24,24,24,734,7340,-311.5721,-315.6127,73.06812,-108.5817,-0.9209439,0.368191,0.6529668,0.2607347,0.3882863,-1.286326,0.3941938,0.1346792,0.1279546,0.5568472,-0.1204465,0.5651306,24,24,24,24,24,24,24,24,24,24,24,24,24,24,24,24
735,7350,-297.6882,-300.2024,-303.2815,-306.4516,-302.4533,-306.0675,-272.5381,-92.41303,41.12463,78.1496,-30.389,-214.9589,-325.433,-292.9029,-291.0523,-300.8354,24,24,24,24,24,24,24,24,24,24,24,24,24,24,24,24,735,7350,-289.4038,-297.9771,71.8896,-108.7108,-0.1330201,0.7363499,-0.5224261,-0.2607732,-0.2588276,0.2589166,-0.1313883,0.4040922,0.8958424,-0.1113348,-0.1204465,0.3390835,24,24,24,24,24,24,24,24,24,24,24,24,24,24,24,24
736,7360,-287.4687,-296.2126,-296.2657,-292.81,-288.8151,-292.7389,-270.1139,-93.41614,40.5053,80.48792,-28.3715,-216.2196,-332.3364,-299.8255,-295.4638,-289.6268,24,24,24,24,24,24,24,24,24,24,24,24,24,24,24,24,736,7360,-290.8817,-295.6081,73.06812,-105.3543,0.3922618,0.7363499,0.2611697,-0.5215271,0.9059767,0.6452276,6.421245E-06,0.4040922,-2.729029E-05,-0.4454274,-0.361342,-0.2260407,24,24,24,24,24,24,24,24,24,24,24,24,24,24,24,24
737,7370,-296.2454,-302.1368,-300.4506,-292.3228,-287.9703,-304.0929,-278.0245,-99.56013,38.15185,78.27267,-34.42401,-233.1137,-356.8556,-307.7029,-297.133,-290.591,24,24,24,24,24,24,24,24,24,24,24,24,24,24,24,24,737,7370,-310.7659,-307.1897,75.68705,-107.0326,0.3922618,-0.2454104,-0.130629,0.5214918,0.5177081,-0.5137045,6.421245E-06,-0.9429759,-0.1280075,0.1113926,-0.2408942,0.5651306,24,24,24,24,24,24,24,24,24,24,24,24,24,24,24,24
738,7380,-303.6996,-299.2351,-291.7117,-286.4764,-286.0392,-301.6246,-278.9176,-98.18086,39.01891,76.91889,-36.44151,-229.2053,-337.9306,-284.7867,-279.9638,-292.7604,24,24,24,24,24,24,24,24,24,24,24,24,24,24,24,24,738,7380,-313.856,-306.1369,75.5561,-104.8379,-0.3956611,-0.8590117,-0.130629,0.6518688,-1.164785,-0.1273935,-1.182553,-0.2694419,-2.729029E-05,2.88956E-05,-0.6022373,-1.017215,24,24,24,24,24,24,24,24,24,24,24,24,24,24,24,24
739,7390,-293.8409,-290.2883,-287.8962,-285.2584,-293.6428,-313.7191,-281.9798,-94.29385,43.23035,79.62643,-39.76447,-230.4661,-336.6213,-280.9674,-281.9908,-283.9622,24,24,24,24,24,24,24,24,24,24,24,24,24,24,24,24,739,7390,-298.0024,-297.319,76.60362,-107.9363,-1.052264,-0.1226907,0.5223683,-0.3911502,0.1294411,-0.3849344,-0.5255757,0.1346792,-0.3839712,-0.3340637,0.6022406,-0.1130171,24,24,24,24,24,24,24,24,24,24,24,24,24,24,24,24
740,7400,-293.1195,-291.4973,-290.3578,-297.5602,-307.7637,-327.1711,-288.3594,-96.8016,41.62009,76.30354,-38.69637,-225.5491,-332.0984,-295.5287,-295.8215,-294.2066,24,24,24,24,24,24,24,24,24,24,24,24,24,24,24,24,740,7400,-291.9565,-293.7656,72.80618,-108.1944,0.3922618,0.2454714,-0.7836247,-1.926374E-05,-0.5176712,-0.1273935,0.1314044,1.212334,0.6398803,0.7795745,0.4817929,0.2260567,24,24,24,24,24,24,24,24,24,24,24,24,24,24,24,24
741,7410,-318.8484,-312.6554,-314.2358,-317.17,-317.4189,-320.3834,-284.5316,-97.17776,39.51437,76.42661,-32.64386,-216.3457,-328.8847,-309.3738,-311.7984,-308.1873,24,24,24,24,24,24,24,24,24,24,24,24,24,24,24,24,741,7410,-284.2984,-284.4213,71.10387,-108.3235,0.9175438,-0.2454104,0.7835669,-0.6519041,0.1294411,-0.1273935,-1.051158,-2.88956E-05,-0.3839712,-0.7795183,-0.7226855,6.421245E-06,24,24,24,24,24,24,24,24,24,24,24,24,24,24,24,24
742,7420,-313.1976,-309.0283,-317.0667,-315.343,-305.5912,-303.4758,-276.2382,-97.05238,37.53252,78.88801,-28.84621,-217.7325,-341.3823,-312.2383,-307.0292,-318.3112,24,24,24,24,24,24,24,24,24,24,24,24,24,24,24,24,742,7420,-281.074,-282.4472,71.88955,-108.1944,0.2609409,-0.4908496,-0.2612275,-0.5215271,0.2588629,0.1301466,-0.1313883,-0.2694419,-0.2559894,0.2227562,0.8431364,0.1130332,24,24,24,24,24,24,24,24,24,24,24,24,24,24,24,24
743,7430,-293.6004,-313.7435,-308.3279,-287.0854,-278.4356,-293.1091,-269.8587,-96.04927,38.39958,76.67275,-35.13607,-229.7096,-346.5004,-303.048,-295.7023,-295.6529,24,24,24,24,24,24,24,24,24,24,24,24,24,24,24,24,743,7430,-279.193,-272.7081,73.06806,-106.9035,0.6549028,-1.104451,-0.3918276,0.1303577,-0.2588276,0.001376554,-0.1313883,-0.4041484,-0.2559894,0.4454835,-0.8431332,-0.5651178,24,24,24,24,24,24,24,24,24,24,24,24,24,24,24,24
744,7440,-288.1901,-295.608,-290.4809,-282.2134,-276.8666,-291.875,-268.838,-95.42232,38.89504,76.67275,-35.72945,-227.8185,-340.3111,-290.5158,-284.7331,-287.3369,24,24,24,24,24,24,24,24,24,24,24,24,24,24,24,24,744,7440,-284.1641,-282.7104,73.85375,-106.258,-0.789623,0.2454714,0.2611697,-0.3911502,0.6471315,-1.157555,-0.3941778,0.5387987,0.5118985,0.1113926,0.6022406,0.452107,24,24,24,24,24,24,24,24,24,24,24,24,24,24,24,24
745,7450,-289.2722,-291.7391,-284.9422,-274.54,-275.7804,-291.6282,-269.9863,-93.16534,41.12463,77.65731,-35.4921,-224.2884,-332.8125,-283.2352,-279.7254,-277.213,24,24,24,24,24,24,24,24,24,24,24,24,24,24,24,24,745,7450,-300.8238,-298.5035,75.4251,-107.549,0.9175438,0.7363499,0.3917682,0.3911116,-0.5176712,0.001376554,-0.2627831,0.4040922,0.3839166,2.88956E-05,-0.1204465,0.6781574,24,24,24,24,24,24,24,24,24,24,24,24,24,24,24,24
746,7460,-291.6767,-290.1674,-284.2037,-284.4059,-287.3668,-304.8333,-275.2175,-96.17464,40.50531,76.18044,-38.10299,-227.8185,-333.8838,-284.6674,-281.9908,-282.0339,24,24,24,24,24,24,24,24,24,24,24,24,24,24,24,24,746,7460,-298.9429,-292.4495,72.15144,-108.969,-0.001700025,0.1227517,0.5223683,-0.782281,1.035398,0.6452276,0.2627991,0.4040922,0.3839166,-0.1113348,1.605311E-06,-0.6781413,24,24,24,24,24,24,24,24,24,24,24,24,24,24,24,24
747,7470,-289.2722,-284.2432,-280.6343,-285.0148,-292.0737,-307.0548,-277.1314,-94.41921,42.11556,79.25719,-33.35592,-216.2196,-323.6476,-284.19,-287.5946,-287.9395,24,24,24,24,24,24,24,24,24,24,24,24,24,24,24,24,747,7470,-298.6742,-295.6081,71.88955,-108.5817,0.5235819,2.88956E-05,-0.5224261,-1.926374E-05,1.765843E-05,0.2589166,0.6569865,-2.88956E-05,-0.2559894,-0.1113348,0.4817929,0.6781574,24,24,24,24,24,24,24,24,24,24,24,24,24,24,24,24
748,7480,-293.2397,-286.0567,-291.5886,-294.2716,-296.66,-301.5012,-272.4105,-90.65759,41.9917,77.65728,-33.71194,-214.9588,-321.1481,-291.8287,-292.6023,-297.0992,24,24,24,24,24,24,24,24,24,24,24,24,24,24,24,24,748,7480,-288.8664,-286.7903,72.54428,-107.9363,-0.001700025,-1.34989,-0.2612275,-0.1303962,0.1294411,-0.2561635,-0.7883652,-0.2694419,0.5118985,-0.2226984,-1.324924,-1.017215,24,24,24,24,24,24,24,24,24,24,24,24,24,24,24,24
749,7490,-291.0756,-294.7617,-304.3892,-307.0606,-300.16,-301.8714,-273.814,-98.30623,35.92226,75.56508,-29.32091,-218.3629,-344.0009,-317.4899,-309.533,-299.7507,24,24,24,24,24,24,24,24,24,24,24,24,24,24,24,24,749,7490,-306.4666,-317.7185,73.32996,-108.8399,-0.789623,0.1227517,0.6529668,-1.926374E-05,0.3882863,-0.7712445,6.421245E-06,0.2693857,-0.1280589,-0.4454274,-0.7226855,-0.2260407,24,24,24,24,24,24,24,24,24,24,24,24,24,24,24,24
750,7500,-301.5355,-302.2577,-301.5583,-296.7076,-288.9358,-293.4794,-267.3069,-92.91457,38.52345,76.79578,-28.72752,-213.1938,-325.9091,-286.9352,-286.76,-306.8615,24,24,24,24,24,24,24,24,24,24,24,24,24,24,24,24,750,7500,-312.3781,-308.6375,72.93712,-108.969,0.3922618,0.2454714,-0.5224261,0.1303577,-0.3882494,-0.7712445,0.2627991,0.1346792,-0.2560408,1.336396,1.605311E-06,-0.5651178,24,24,24,24,24,24,24,24,24,24,24,24,24,24,24,24
751,7510,-281.6978,-291.3764,-290.2347,-281.848,-277.8321,-284.3468,-264.6275,-93.29073,38.64732,76.42657,-32.05047,-216.2196,-326.6232,-288.0093,-282.8254,-280.9492,24,24,24,24,24,24,24,24,24,24,24,24,24,24,24,24,751,7510,-307.6758,-311.138,73.7228,-108.1944,0.7862237,0.2454714,-2.88956E-05,-0.5215271,-0.6470946,-0.5137045,0.5255918,-0.6735629,0.5118471,-0.4454241,-0.4817901,-0.3390674,24,24,24,24,24,24,24,24,24,24,24,24,24,24,24,24
752,7520,-287.2283,-294.8826,-287.5269,-279.5338,-281.0908,-303.1056,-275.3451,-100.0617,36.78933,75.93429,-37.98431,-233.6179,-348.8809,-298.3932,-291.0523,-280.3466,24,24,24,24,24,24,24,24,24,24,24,24,24,24,24,24,752,7520,-323.3951,-320.3507,72.67522,-108.5817,-0.1330201,0.1227517,-0.7836247,-0.6519041,-0.1294041,-0.5137045,6.421245E-06,-0.1347354,-0.3840226,0.5568504,0.9635841,0.7911809,24,24,24,24,24,24,24,24,24,24,24,24,24,24,24,24
753,7530,-312.5965,-306.6102,-298.6043,-295.9768,-304.9877,-328.2818,-291.6768,-101.6917,37.53252,76.91885,-40.23916,-234.3744,-351.7375,-297.7964,-294.51,-290.9526,24,24,24,24,24,24,24,24,24,24,24,24,24,24,24,24,753,7530,-320.4394,-309.1639,72.54428,-109.4854,0.9175438,-0.36813,-2.88956E-05,0.6518688,1.765843E-05,-0.1273935,-0.5255757,-0.8082694,-7.866025E-05,0.3341231,-0.4817901,-0.452091,24,24,24,24,24,24,24,24,24,24,24,24,24,24,24,24
754,7540,-301.6557,-292.9482,-285.9269,-288.3034,-298.229,-315.8171,-283.3834,-95.04615,40.38144,76.18044,-39.76445,-224.1623,-328.1706,-281.3255,-284.8523,-297.2197,24,24,24,24,24,24,24,24,24,24,24,24,24,24,24,24,754,7540,-295.181,-296.0029,71.49671,-106.3871,-0.789623,-0.6135693,-0.130629,-1.926374E-05,-0.6470946,-0.1273935,-0.7883652,-0.5388564,-0.2560408,-0.2226968,-0.1204465,-0.6781413,24,24,24,24,24,24,24,24,24,24,24,24,24,24,24,24
755,7550,-293.1195,-290.651,-287.7731,-291.1048,-294.8496,-308.7826,-275.9831,-91.78608,41.9917,75.56508,-40.47652,-224.6666,-330.075,-292.7835,-294.1523,-295.6529,24,24,24,24,24,24,24,24,24,24,24,24,24,24,24,24,755,7550,-286.7168,-292.3178,74.77042,-107.9363,-0.3956611,0.2454714,0.3917682,-0.1303962,-0.2588276,-1.543866,-0.3941778,1.077626,0.1279032,0.8909414,0.240897,0.3390835,24,24,24,24,24,24,24,24,24,24,24,24,24,24,24,24
756,7560,-307.6671,-305.8848,-314.2358,-316.0738,-313.3154,-317.2981,-280.1936,-93.03996,40.00984,76.54964,-35.13606,-219.4975,-334.4789,-309.2544,-310.7253,-305.6563,24,24,24,24,24,24,24,24,24,24,24,24,24,24,24,24,756,7560,-301.0926,-303.2414,72.41338,-107.4199,-0.1330201,-0.2454104,0.1305696,-0.6519041,-0.5176712,-0.5137045,6.421245E-06,-0.6735629,-0.1280589,-1.002242,-0.2408942,0.5651306,24,24,24,24,24,24,24,24,24,24,24,24,24,24,24,24
757,7570,-306.5851,-312.5345,-316.2051,-309.3748,-296.1773,-297.6754,-269.7311,-93.03996,38.52345,77.16499,-31.10106,-222.2712,-344.1199,-318.3254,-310.3676,-310.8387,24,24,24,24,24,24,24,24,24,24,24,24,24,24,24,24,757,7570,-280.8053,-279.2885,74.90137,-107.0326,0.3922618,0.7363499,0.2611697,-1.926374E-05,0.5177081,0.3876867,-0.5255757,0.1346792,-0.8959484,0.2227594,1.605311E-06,0.5651306,24,24,24,24,24,24,24,24,24,24,24,24,24,24,24,24
758,7580,-309.4706,-315.4362,-303.8969,-292.4446,-287.9702,-304.8333,-277.0038,-100.187,35.7984,75.68815,-33.9493,-226.6838,-342.6916,-296.0061,-288.5485,-295.2914,24,24,24,24,24,24,24,24,24,24,24,24,24,24,24,24,758,7580,-289.6726,-286.9219,75.2942,-107.2908,0.6549028,-0.8590663,-0.6530262,0.3911116,-0.2588276,-0.9000146,6.421245E-06,-0.4041484,-0.6399847,0.2227594,-0.4817901,6.421245E-06,24,24,24,24,24,24,24,24,24,24,24,24,24,24,24,24
759,7590,-293.6004,-296.6962,-286.6654,-281.3608,-283.3839,-298.0457,-275.6003,-97.42852,38.39958,77.65728,-36.91621,-227.8185,-343.0487,-292.6642,-287.9523,-282.0339,24,24,24,24,24,24,24,24,24,24,24,24,24,24,24,24,759,7590,-311.3034,-306.6633,73.5919,-106.5162,-0.264341,-1.227225,0.1305696,1.173377,-0.3882494,-0.1273935,-0.7883652,0.1346792,-0.3840226,0.3341231,-0.1204465,-1.017215,24,24,24,24,24,24,24,24,24,24,24,24,24,24,24,24
760,7600,-289.9935,-288.4748,-283.7114,-282.5789,-287.4875,-301.748,-276.3658,-96.17465,39.26664,75.68815,-38.69637,-227.1881,-333.2886,-284.3094,-282.3484,-288.4216,24,24,24,24,24,24,24,24,24,24,24,24,24,24,24,24,760,7600,-290.613,-295.7397,75.2942,-106.9035,0.5235819,0.4908561,0.2611697,-0.7822779,-0.1294041,-1.286326,-0.5255757,-0.2694419,0.255885,-0.3340605,-0.1204465,0.1130332,24,24,24,24,24,24,24,24,24,24,24,24,24,24,24,24
761,7610,-284.7035,-283.8805,-283.2191,-288.1816,-290.1427,-298.2924,-271.9002,-90.90838,41.37236,77.16499,-34.424,-214.3285,-312.2212,-270.703,-270.0677,-291.1936,24,24,24,24,24,24,24,24,24,24,24,24,24,24,24,24,761,7610,-283.8954,-282.5787,73.72285,-105.8707,1.048865,0.2454168,-0.5224261,0.3911149,-0.5176712,-0.1273935,0.6569865,0.2693857,0.8957911,-0.4454241,0.3613451,-0.1130171,24,24,24,24,24,24,24,24,24,24,24,24,24,24,24,24
762,7620,-275.0852,-275.1754,-278.5419,-280.3864,-284.5909,-290.6409,-266.9241,-89.52911,40.75303,76.42661,-34.89871,-212.9416,-312.9354,-274.1642,-274.5984,-276.8514,24,24,24,24,24,24,24,24,24,24,24,24,24,24,24,24,762,7620,-271.6693,-275.6035,76.21083,-104.3216,0.2609409,-2.247436E-05,0.5223683,-0.7822779,0.2588629,-0.5137045,-0.2627831,0.4040922,-0.1280589,-0.6681514,-0.6022378,-0.2260407,24,24,24,24,24,24,24,24,24,24,24,24,24,24,24,24
763,7630,-269.5547,-275.9008,-284.3268,-285.2584,-284.1081,-287.4321,-264.6275,-88.77679,41.37236,76.42661,-33.35592,-213.4459,-318.1725,-287.5319,-286.4023,-279.8645,24,24,24,24,24,24,24,24,24,24,24,24,24,24,24,24,763,7630,-289.4039,-291.3966,76.99651,-105.0961,-0.3956611,-0.3681846,-0.7836247,0.6518688,0.3882863,-0.1273935,0.2627959,-0.8082694,-0.8959484,-0.3340605,0.4817929,6.421245E-06,24,24,24,24,24,24,24,24,24,24,24,24,24,24,24,24
764,7640,-288.5508,-291.7391,-296.0196,-296.464,-289.7806,-290.5175,-265.0103,-91.40992,38.52345,75.07284,-33.9493,-221.1365,-336.0262,-307.9416,-303.5715,-291.7962,24,24,24,24,24,24,24,24,24,24,24,24,24,24,24,24,764,7640,-303.7796,-303.6362,75.5561,-104.1925,0.1296209,-1.227225,0.3917682,0.9126259,-0.3882494,0.001376554,-1.313954,-0.5388581,0.255885,0.3341231,-0.6022378,-1.130242,24,24,24,24,24,24,24,24,24,24,24,24,24,24,24,24
765,7650,-297.8084,-300.9278,-303.7738,-297.073,-288.2116,-291.1345,-267.1793,-91.28453,38.77118,74.94977,-35.13607,-220.254,-329.4798,-294.8125,-292.6023,-302.1611,24,24,24,24,24,24,24,24,24,24,24,24,24,24,24,24,765,7650,-316.2744,-312.9805,77.12746,-104.1925,-0.789623,0.7362985,0.5223683,-0.130393,0.6471315,-0.7712445,-0.6569737,-0.134737,0.7678638,-0.2226968,-0.4817901,-0.1130171,24,24,24,24,24,24,24,24,24,24,24,24,24,24,24,24
766,7660,-286.7474,-293.5527,-296.7581,-286.3546,-281.6943,-291.5048,-269.3483,-93.03996,39.63824,76.91889,-36.32283,-227.062,-338.4067,-291.59,-286.0446,-286.0111,24,24,24,24,24,24,24,24,24,24,24,24,24,24,24,24,766,7660,-306.601,-301.9254,76.99651,-106.258,-0.5269819,0.8590181,-0.130629,0.782249,-0.6470946,-0.3849344,0.2627959,-0.134737,-0.5119498,0.1113926,0.4817929,6.421245E-06,24,24,24,24,24,24,24,24,24,24,24,24,24,24,24,24
767,7670,-277.7302,-288.7166,-294.0503,-283.1878,-280.0046,-294.7135,-273.814,-98.93317,35.92226,74.94977,-36.32283,-229.3314,-346.3813,-296.8416,-288.7869,-288.1805,24,24,24,24,24,24,24,24,24,24,24,24,24,24,24,24,767,7670,-296.9276,-302.3202,76.99651,-102.5142,0.3922618,-2.247436E-05,0.7835669,-0.5215239,0.1294411,-0.1273935,0.5255854,-0.4041516,0.3839198,-1.002246,-0.361342,-0.1130171,24,24,24,24,24,24,24,24,24,24,24,24,24,24,24,24
768,7680,-309.8313,-302.1368,-303.1584,-308.7658,-323.2122,-345.3128,-298.9495,-100.5632,39.63824,77.04196,-43.20608,-229.9617,-338.0496,-293.7384,-297.4907,-293.2425,24,24,24,24,24,24,24,24,24,24,24,24,24,24,24,24,768,7680,-299.749,-307.7162,79.74638,-102.9015,0.5235819,0.1226972,-1.175423,-0.7822779,-0.2588276,0.001376554,-0.6569737,-0.6735646,-0.5119498,0.3341199,-0.2408942,0.5651306,24,24,24,24,24,24,24,24,24,24,24,24,24,24,24,24
769,7690,-314.7606,-309.1492,-316.8205,-318.2662,-314.8845,-315.2,-283.1282,-96.30004,38.52345,75.07284,-35.72945,-221.6408,-331.3842,-295.4093,-297.133,-324.8194,24,24,24,24,24,24,24,24,24,24,24,24,24,24,24,24,769,7690,-307.0041,-305.6104,77.91314,-103.4179,0.1296209,-1.472664,0.1305696,1.043003,0.1294411,-0.2561635,0.6569801,-0.4041516,-0.2559878,-0.1113348,-0.361342,-0.2260407,24,24,24,24,24,24,24,24,24,24,24,24,24,24,24,24
770,7700,-300.0927,-296.8171,-302.543,-308.644,-308.6085,-316.4341,-280.5764,-94.67,39.01891,75.19591,-36.44151,-226.0535,-347.0955,-323.2189,-319.9061,-308.5488,24,24,24,24,24,24,24,24,24,24,24,24,24,24,24,24,770,7700,-296.5246,-292.0546,77.78219,-102.7724,-0.3956611,-0.245465,0.3917682,0.1303609,0.3882863,-0.1273935,-1.313954,-0.134737,0.255938,-0.556791,-0.9635813,-0.7911649,24,24,24,24,24,24,24,24,24,24,24,24,24,24,24,24
771,7710,-322.4552,-324.383,-332.3289,-318.0226,-305.1085,-309.523,-278.4073,-97.42852,36.29386,75.44205,-34.66136,-229.2053,-355.4272,-325.248,-316.3292,-323.6141,24,24,24,24,24,24,24,24,24,24,24,24,24,24,24,24,771,7710,-285.7763,-284.8161,76.73457,-104.3216,-0.264341,0.2454168,-0.2612275,-1.605311E-05,-0.3882494,-1.286326,3.210623E-06,0.134676,-0.1280059,2.88956E-05,1.605311E-06,-0.1130171,24,24,24,24,24,24,24,24,24,24,24,24,24,24,24,24
772,7720,-312.356,-323.053,-312.2665,-294.3934,-287.0047,-302.9821,-277.7693,-98.55701,38.02798,76.42661,-37.27225,-231.3486,-346.2623,-301.2577,-296.1792,-300.7149,24,24,24,24,24,24,24,24,24,24,24,24,24,24,24,24,772,7720,-290.613,-283.8948,76.86551,-103.8052,-0.264341,-2.247436E-05,0.1305696,-0.5215239,-0.1294041,-0.5137045,0.2627959,-1.077686,1.151808,-0.556791,-0.2408942,-0.2260407,24,24,24,24,24,24,24,24,24,24,24,24,24,24,24,24
773,7730,-301.0545,-298.5097,-295.2811,-291.592,-292.5565,-312.6084,-281.9799,-100.187,37.03705,77.78038,-37.74696,-232.3572,-348.6428,-299.1093,-294.6292,-293.9656,24,24,24,24,24,24,24,24,24,24,24,24,24,24,24,24,773,7730,-279.4618,-274.8138,76.07983,-104.967,0.1296209,0.4908561,0.1305696,-0.6519009,0.1294411,0.2589166,-1.576743,0.2693825,-0.2559878,-0.6681547,-0.6022378,0.2260567,24,24,24,24,24,24,24,24,24,24,24,24,24,24,24,24
774,7740,-297.5679,-293.4318,-291.7117,-290.7394,-297.9876,-317.1747,-286.5732,-99.93628,38.77118,79.25722,-33.71195,-221.6408,-333.2886,-285.861,-285.3292,-298.3044,24,24,24,24,24,24,24,24,24,24,24,24,24,24,24,24,774,7740,-283.4924,-279.815,76.07983,-104.5798,0.5235819,-0.2454104,-0.5224261,-0.5215239,0.2588629,-1.028785,-0.5255789,-0.4041516,-2.407967E-05,0.2227562,-0.4817901,-0.2260407,24,24,24,24,24,24,24,24,24,24,24,24,24,24,24,24
775,7750,-294.442,-296.5753,-297.9889,-301.8232,-306.1947,-316.0639,-283.8937,-98.80779,38.89504,75.44205,-34.18665,-220.5061,-331.6223,-296.9609,-293.9138,-297.7018,24,24,24,24,24,24,24,24,24,24,24,24,24,24,24,24,775,7750,-284.9702,-293.8972,76.47267,-102.9015,-0.264341,-0.9817314,0.9141654,0.6518688,-0.3882494,0.1301466,-0.2627895,-0.134737,0.8958456,-0.4454274,-1.445373,-1.243266,24,24,24,24,24,24,24,24,24,24,24,24,24,24,24,24
776,7760,-290.234,-290.2883,-288.5116,-289.2778,-284.8323,-287.5555,-263.9895,-88.6514,41.99169,76.0574,-33.35592,-210.9244,-307.8173,-274.6417,-276.1485,-297.3402,24,24,24,24,24,24,24,24,24,24,24,24,24,24,24,24,776,7760,-285.3733,-295.3449,76.99646,-104.967,-0.001700025,0.2454714,-0.2612275,-0.26077,0.2588629,-1.157555,-0.2627895,-0.2694451,-0.383968,0.3341199,-0.6022378,0.1130332,24,24,24,24,24,24,24,24,24,24,24,24,24,24,24,24
777,7770,-276.5279,-277.1099,-285.1884,-284.0404,-282.2977,-283.2361,-261.1825,-86.89597,40.8769,78.02653,-31.45709,-214.9588,-324.9569,-294.6932,-292.6023,-281.5518,24,24,24,24,24,24,24,24,24,24,24,24,24,24,24,24,777,7770,-294.1062,-291.923,75.81794,-103.547,-0.001700025,0.9817924,-0.130629,-0.5215239,-1.035362,0.001376554,0.1313979,-0.5388581,0.1279578,-0.1113348,0.3613451,-0.1130171,24,24,24,24,24,24,24,24,24,24,24,24,24,24,24,24
778,7780,-295.4038,-304.434,-307.4662,-296.9512,-288.6944,-301.748,-272.5381,-97.05236,38.39958,77.53424,-32.52518,-227.8185,-345.4291,-298.8706,-292.7215,-293.8451,24,24,24,24,24,24,24,24,24,24,24,24,24,24,24,24,778,7780,-292.494,-290.4753,78.17498,-103.9343,-0.1330201,0.4909106,0.2611697,-0.7822779,-0.2588276,0.001376554,-0.6569737,0.5387971,-0.6399317,-0.7795183,-0.4817901,-0.1130171,24,24,24,24,24,24,24,24,24,24,24,24,24,24,24,24
779,7790,-300.0927,-298.9933,-290.4809,-283.3096,-284.1081,-302.8587,-278.1521,-97.6793,39.39051,78.51881,-33.23724,-225.8013,-338.6447,-285.861,-281.3946,-286.8548,24,24,24,24,24,24,24,24,24,24,24,24,24,24,24,24,779,7790,-288.5978,-286.527,76.21078,-104.3216,0.6549028,-0.7362921,0.1305696,-0.130393,0.5177081,-0.7712445,0.2627959,-0.5388581,0.1279578,0.3341199,1.605311E-06,-0.5651178,24,24,24,24,24,24,24,24,24,24,24,24,24,24,24,24
780,7800,-286.3867,-283.0341,-277.6804,-273.3221,-279.6425,-293.7262,-274.5796,-96.67619,38.89505,78.76494,-30.98238,-215.3371,-322.2193,-275.1191,-273.2869,-279.7439,24,24,24,24,24,24,24,24,24,24,24,24,24,24,24,24,780,7800,-305.1231,-301.0041,74.77037,-106.258,0.2609409,-0.4908496,0.3917682,0.2607379,-0.7765164,0.1301466,-0.1313915,-0.4041516,0.1279578,2.88956E-05,-0.361342,-0.6781413,24,24,24,24,24,24,24,24,24,24,24,24,24,24,24,24
781,7810,-276.4077,-277.4726,-279.5266,-276.367,-276.7459,-288.4194,-268.3276,-95.04617,39.88597,77.90345,-30.03297,-213.8242,-316.8632,-274.2836,-271.7369,-278.4182,24,24,24,24,24,24,24,24,24,24,24,24,24,24,24,24,781,7810,-295.0467,-294.292,72.54428,-106.7744,-0.001700025,2.88956E-05,-0.130629,-0.391147,-0.1294041,-1.415096,-0.1313915,-3.050092E-05,-0.1280059,2.88956E-05,1.605311E-06,0.452107,24,24,24,24,24,24,24,24,24,24,24,24,24,24,24,24
782,7820,-280.255,-281.8251,-283.096,-286.3546,-291.2289,-301.2544,-274.3244,-92.53841,41.9917,77.90345,-32.05047,-213.8242,-321.6242,-293.0222,-294.2715,-279.1413,24,24,24,24,24,24,24,24,24,24,24,24,24,24,24,24,782,7820,-287.3886,-289.4224,73.46091,-105.4834,0.3922618,0.368191,0.5223683,0.1303609,-0.6470946,0.1301466,-0.5255789,0.134676,0.3839198,-0.1113332,-0.1204465,6.421245E-06,24,24,24,24,24,24,24,24,24,24,24,24,24,24,24,24
783,7830,-299.2511,-294.7617,-302.1737,-304.1374,-305.5912,-307.6718,-275.2175,-91.15915,42.11556,78.64187,-32.52518,-218.2368,-328.1706,-296.1254,-297.8484,-304.451,24,24,24,24,24,24,24,24,24,24,24,24,24,24,24,24,783,7830,-272.0724,-272.1816,76.47267,-104.7088,-0.1330201,-0.2454104,0.1305696,-0.7822779,0.7765533,0.2589166,3.210623E-06,0.9429181,-0.5119498,-0.4454241,-0.4817901,0.2260567,24,24,24,24,24,24,24,24,24,24,24,24,24,24,24,24
784,7840,-300.4534,-310.2373,-312.0203,-307.5478,-300.7635,-307.1782,-274.5796,-93.91767,42.85876,81.22635,-28.13414,-219.4976,-337.5735,-306.8674,-302.7369,-307.4641,24,24,24,24,24,24,24,24,24,24,24,24,24,24,24,24,784,7840,-277.1778,-275.6035,75.81794,-104.7088,-0.3956611,-0.36813,-0.6530262,0.1303609,0.1294411,-0.1273935,0.6569801,0.4040906,-0.6399317,0.1113942,-0.1204465,0.4521006,24,24,24,24,24,24,24,24,24,24,24,24,24,24,24,24
785,7850,-299.4915,-305.5221,-303.1584,-298.0474,-291.9531,-302.8587,-274.452,-96.04926,39.26664,78.88801,-30.62635,-226.6838,-352.6897,-311.7609,-301.6638,-300.5944,24,24,24,24,24,24,24,24,24,24,24,24,24,24,24,24,785,7850,-282.2832,-277.0511,75.4251,-106.9035,-0.264341,-1.104451,-2.88956E-05,0.5214918,-0.7765164,0.2589166,-0.9197664,0.2693825,-0.2559878,-0.2226968,-0.1204465,-0.4520974,24,24,24,24,24,24,24,24,24,24,24,24,24,24,24,24
786,7860,-308.9896,-318.2169,-303.6507,-290.1304,-295.5738,-318.9024,-286.1904,-99.30934,40.75304,80.36485,-36.79754,-234.1223,-351.1423,-297.0803,-289.2638,-288.3011,24,24,24,24,24,24,24,24,24,24,24,24,24,24,24,24,786,7860,-291.1505,-288.5012,73.59185,-108.1945,-0.5269819,-0.4908496,1.044765,0.3911149,0.3882863,-0.9000146,-0.1313915,-0.134737,-0.5119498,0.2227594,1.605311E-06,-0.1130235,24,24,24,24,24,24,24,24,24,24,24,24,24,24,24,24
787,7870,-318.4877,-312.7763,-293.1887,-290.2522,-296.4187,-318.162,-285.5524,-97.30314,42.85876,80.73406,-34.18665,-227.1881,-341.3823,-293.7384,-292.2446,-287.4574,24,24,24,24,24,24,24,24,24,24,24,24,24,24,24,24,787,7870,-304.8545,-304.1627,72.1515,-108.3235,0.5235819,1.104512,0.1305696,0.2607379,-0.1294041,-0.3849344,0.1313979,-3.050092E-05,-2.407967E-05,0.1113942,0.3613451,0.2260503,24,24,24,24,24,24,24,24,24,24,24,24,24,24,24,24
788,7880,-307.7873,-305.7639,-303.2815,-302.554,-304.2636,-313.8425,-281.2143,-93.41612,43.72582,80.36485,-33.23724,-219.4976,-327.6945,-291.4706,-292.6023,-301.0764,24,24,24,24,24,24,24,24,24,24,24,24,24,24,24,24,788,7880,-284.4328,-285.4742,73.06812,-105.9998,-0.5269819,-0.6135693,0.5223683,-1.303786,-0.1294041,-0.2561635,0.1313979,-3.050092E-05,0.1279578,-0.5567878,-0.2408942,-0.3390739,24,24,24,24,24,24,24,24,24,24,24,24,24,24,24,24
789,7890,-297.087,-295.9708,-302.7891,-302.7976,-297.6256,-294.8369,-264.6274,-84.51361,45.45994,80.61099,-29.91429,-212.9417,-321.1481,-288.8448,-288.0715,-300.7149,24,24,24,24,24,24,24,24,24,24,24,24,24,24,24,24,789,7890,-288.8665,-297.319,74.90137,-105.8707,0.1296209,-0.2454104,-0.2612275,0.2607379,-0.1294041,-0.2561635,0.2627959,0.2693825,0.3839198,0.4454868,-0.361342,0.4521006,24,24,24,24,24,24,24,24,24,24,24,24,24,24,24,24
790,7900,-282.5393,-282.4296,-283.096,-282.2134,-276.8666,-280.0273,-254.8029,-84.01206,45.08834,78.76494,-28.13414,-211.9331,-320.791,-294.5739,-292.1254,-290.7115,24,24,24,24,24,24,24,24,24,24,24,24,24,24,24,24,790,7900,-299.0773,-301.9254,77.5203,-105.6125,0.2609409,-1.227225,-2.88956E-05,1.434134,-0.2588276,0.3876867,-0.2627895,-0.4041516,-2.407967E-05,3.050092E-05,-0.9635813,-1.130245,24,24,24,24,24,24,24,24,24,24,24,24,24,24,24,24
791,7910,-281.0966,-289.8047,-294.6657,-283.5532,-273.97,-278.1761,-257.4823,-86.01826,44.96448,80.73406,-28.13414,-214.9589,-323.7666,-285.0255,-281.6331,-291.3141,24,24,24,24,24,24,24,24,24,24,24,24,24,24,24,24,791,7910,-292.0909,-294.6868,73.46095,-108.4527,-0.5269819,-0.1227453,2.407967E-05,-0.5215239,0.9059767,-1.028785,-0.2627895,0.4040906,0.5119017,-0.6681514,-0.361342,-0.1130235,24,24,24,24,24,24,24,24,24,24,24,24,24,24,24,24
792,7920,-283.5012,-284.1223,-284.8192,-274.54,-273.7286,-284.4702,-262.3308,-89.40373,41.6201,79.62643,-27.18472,-211.0505,-316.03,-275.1191,-273.8831,-278.6592,24,24,24,24,24,24,24,24,24,24,24,24,24,24,24,24,792,7920,-292.494,-296.1345,72.80623,-107.9363,0.2609409,-2.247436E-05,-0.1305744,0.1304155,-0.6470946,-0.3849344,0.5255854,0.4040906,-0.2559878,3.050092E-05,0.1204493,0.1130268,24,24,24,24,24,24,24,24,24,24,24,24,24,24,24,24
793,7930,-286.0259,-290.7719,-285.4346,-274.4182,-269.0217,-283.1127,-261.6928,-90.28145,42.36329,79.13415,-29.79561,-220.1279,-332.6935,-288.7255,-281.1561,-270.7047,24,24,24,24,24,24,24,24,24,24,24,24,24,24,24,24,793,7930,-306.6011,-301.5305,72.1515,-107.9363,-0.001700025,-0.1227453,0.6530198,-1.434108,-0.5176744,0.1301466,0.1313979,0.134676,-0.2559878,-0.2226968,-0.2408942,-0.3390739,24,24,24,24,24,24,24,24,24,24,24,24,24,24,24,24
794,7940,-292.879,-295.608,-282.4806,-276.2452,-282.7805,-311.9913,-283.7661,-100.814,41.37236,82.70319,-31.10106,-224.1623,-339.4779,-284.19,-279.8446,-275.2846,24,24,24,24,24,24,24,24,24,24,24,24,24,24,24,24,794,7940,-288.8665,-286.1322,71.62771,-107.549,0.2609409,0.1226972,-0.391773,0.2607925,0.2588629,0.001325184,-0.1313915,-0.134737,-0.5119498,0.2227594,0.7226887,0.678151,24,24,24,24,24,24,24,24,24,24,24,24,24,24,24,24
795,7950,-294.9229,-286.7821,-287.5269,-288.7906,-299.436,-318.5322,-285.4248,-98.18086,41.12463,79.38029,-32.16915,-215.8414,-323.2906,-277.8642,-283.66,-284.9264,24,24,24,24,24,24,24,24,24,24,24,24,24,24,24,24,795,7950,-278.5213,-276.3931,74.63948,-107.2908,-0.9209439,-1.595387,0.3918212,0.7823004,-1.035365,0.001325184,-0.6569737,-0.2694451,0.3839198,0.2227594,-1.686268,-0.2260471,24,24,24,24,24,24,24,24,24,24,24,24,24,24,24,24
796,7960,-296.1252,-289.8047,-292.6964,-297.073,-299.6774,-304.7099,-273.6864,-91.91148,43.47808,78.88801,-28.49017,-207.8986,-314.3637,-288.2481,-289.6215,-297.9428,24,24,24,24,24,24,24,24,24,24,24,24,24,24,24,24,796,7960,-280.1336,-282.7104,73.72285,-105.6125,-1.052264,-0.7363435,0.7836199,0.7823004,0.1294395,-0.6425259,-0.7883716,0.8082148,-0.2559878,-0.5567878,0.3613451,-0.565121,24,24,24,24,24,24,24,24,24,24,24,24,24,24,24,24
797,7970,-293.2397,-292.3437,-293.4349,-293.9062,-289.5392,-292.2452,-263.4791,-88.90218,43.72581,80.24178,-26.71002,-206.5118,-315.911,-284.6674,-285.3292,-298.666,24,24,24,24,24,24,24,24,24,24,24,24,24,24,24,24,797,7970,-288.7321,-289.6856,75.03232,-108.0654,0.3922618,0.8590181,-0.391773,0.6519234,-0.2588276,-0.1274449,1.182562,0.5388019,-0.7679119,-0.2226968,0.240897,0.4521006,24,24,24,24,24,24,24,24,24,24,24,24,24,24,24,24
798,7980,-281.818,-276.2635,-286.2961,-285.2584,-280.3667,-277.5591,-257.7375,-86.39443,41.24849,76.42661,-30.74503,-210.6723,-315.0778,-285.861,-286.5215,-285.6495,24,24,24,24,24,24,24,24,24,24,24,24,24,24,24,24,798,7980,-282.1489,-283.2368,72.67528,-107.9363,0.2609409,0.1226972,-0.1305744,-0.9126002,-0.776518,0.2588653,0.5255854,-2.568498E-05,-2.407967E-05,-0.890882,-0.4817901,0.1130268,24,24,24,24,24,24,24,24,24,24,24,24,24,24,24,24
799,7990,-287.108,-292.2227,-299.9582,-296.7076,-288.453,-292.2452,-266.4137,-91.53532,41.62009,77.53424,-32.64386,-225.0448,-341.1442,-304.1223,-298.8023,-288.7832,24,24,24,24,24,24,24,24,24,24,24,24,24,24,24,24,799,7990,-278.387,-280.9995,71.8896,-106.9035,0.3922618,0.1226972,-1.175369,3.852747E-05,0.6471299,-0.5137558,0.1313979,0.4040954,-0.5119498,0.1113926,0.4817929,0.3390771,24,24,24,24,24,24,24,24,24,24,24,24,24,24,24,24
800,8000,-298.5297,-302.8622,-299.589,-292.81,-285.6772,-298.4159,-272.6657,-93.91769,40.1337,77.90345,-32.28783,-223.0276,-338.5257,-293.3803,-289.2638,-294.2066,24,24,24,24,24,24,24,24,24,24,24,24,24,24,24,24,800,8000,-267.6387,-268.7598,73.06812,-107.6781,0.9175438,-0.6136239,-0.5223731,-0.2607154,0.1294395,0.001325184,0.6569801,-0.5388532,-0.2559878,0.3341199,-0.1204465,-0.4521552,24,24,24,24,24,24,24,24,24,24,24,24,24,24,24,24
801,8010,-292.0374,-292.8273,-286.9116,-284.2841,-287.9702,-303.4758,-275.7279,-95.42233,39.14278,77.53424,-32.99989,-219.4975,-328.2896,-281.4449,-276.7446,-283.2391,24,24,24,24,24,24,24,24,24,24,24,24,24,24,24,24,801,8010,-271.5349,-271.392,73.5919,-105.6125,-0.9209439,-0.3681846,-0.1305744,-0.2607154,0.5177065,-0.1274449,-0.6569737,0.4040954,-0.1280059,-0.2226984,-0.4817901,-0.2261049,24,24,24,24,24,24,24,24,24,24,24,24,24,24,24,24
802,8020,-277.1291,-279.2861,-277.0649,-271.2515,-267.6941,-276.4484,-257.9927,-87.52293,42.11556,77.41117,-32.28783,-217.2282,-318.0534,-277.8642,-275.1946,-275.6461,24,24,24,24,24,24,24,24,24,24,24,24,24,24,24,24,802,8020,-277.1778,-278.2357,73.33001,-107.8072,-0.001700025,-2.247436E-05,0.3918212,0.2607925,-0.1294058,-0.6425259,0.1313979,0.8082148,-1.151857,1.002302,0.7226887,-0.1130781,24,24,24,24,24,24,24,24,24,24,24,24,24,24,24,24
803,8030,-273.1616,-280.2534,-277.6803,-275.149,-275.7804,-285.7043,-264.6274,-90.90839,40.5053,77.04196,-32.88121,-215.7153,-319.3627,-279.7739,-279.01,-273.2357,24,24,24,24,24,24,24,24,24,24,24,24,24,24,24,24,803,8030,-273.6846,-273.1029,74.77037,-106.1289,-0.001700025,-0.4909042,0.1306226,-0.3910924,0.3882847,-0.5137558,0.2627959,-0.2694403,0.1279578,-0.890882,0.1204493,-0.4521552,24,24,24,24,24,24,24,24,24,24,24,24,24,24,24,24
804,8040,-279.0528,-279.0443,-280.0189,-275.7581,-269.7458,-269.6607,-258.8858,-91.03378,38.77118,75.31898,-31.81312,-209.7898,-313.0544,-277.8642,-277.46,-278.5387,24,24,24,24,24,24,24,24,24,24,24,24,24,24,24,24,804,8040,-281.7458,-285.0793,72.41334,-107.2908,-0.001700025,0.4908561,2.407967E-05,-0.1303384,-0.1294058,0.001325184,-0.2627895,0.9429213,-0.2559878,0.1113926,0.6022406,0.2259957,24,24,24,24,24,24,24,24,24,24,24,24,24,24,24,24
805,8050,-279.7741,-281.2206,-287.8961,-287.2073,-281.6943,-284.2234,-259.3962,-86.51982,41.37236,75.93433,-32.40651,-218.7411,-331.8603,-305.9125,-301.0677,-282.2749,24,24,24,24,24,24,24,24,24,24,24,24,24,24,24,24,805,8050,-304.1827,-305.742,74.50848,-106.7744,0.2609923,-0.981786,0.1306226,-0.1303384,1.605311E-05,0.1300952,-0.2627895,-1.347095,0.255938,0.5568472,-0.6022378,-0.2261049,24,24,24,24,24,24,24,24,24,24,24,24,24,24,24,24
806,8060,-299.3714,-311.93,-309.6817,-291.3485,-281.9357,-293.3559,-270.1139,-96.04927,38.15185,75.56512,-35.37342,-228.5749,-346.8574,-302.5706,-295.583,-295.2914,24,24,24,24,24,24,24,24,24,24,24,24,24,24,24,24,806,8060,-313.5874,-312.0592,72.67522,-106.1289,-0.6582515,-1.472664,-0.391773,-0.2607154,0.3882847,0.001325184,-1.445349,0.4040954,0.255938,2.88956E-05,0.240897,-0.3391284,24,24,24,24,24,24,24,24,24,24,24,24,24,24,24,24
807,8070,-292.0374,-294.8826,-288.8808,-278.0723,-276.1425,-286.3214,-267.0517,-93.91769,38.89504,76.54968,-35.4921,-228.4489,-342.3345,-296.8416,-288.0715,-285.6495,24,24,24,24,24,24,24,24,24,24,24,24,24,24,24,24,807,8070,-289.8069,-291.3966,74.90131,-107.549,-0.001648655,0.1226972,0.1306258,0.2607925,0.3882847,-1.157607,0.3941906,0.6735084,-0.5119498,0.2227562,-0.6022378,0.3390193,24,24,24,24,24,24,24,24,24,24,24,24,24,24,24,24
808,8080,-302.0164,-297.6634,-285.9268,-283.1879,-292.7979,-321.7409,-287.4663,-102.9456,37.16092,76.91889,-39.28975,-235.6351,-349.833,-290.8739,-288.1908,-283.6006,24,24,24,24,24,24,24,24,24,24,24,24,24,24,24,24,808,8080,-284.9702,-286.1322,73.59185,-106.9035,0.5236333,0.3681364,-0.5223715,-0.130393,-1.294208,-0.7712959,-0.3941842,-0.1347338,0.5119017,0.1113926,0.240897,0.112969,24,24,24,24,24,24,24,24,24,24,24,24,24,24,24,24
809,8090,-311.8752,-304.0713,-301.3121,-304.6247,-311.143,-323.2218,-285.5525,-95.6731,41.86787,78.02653,-35.37342,-220.254,-325.0759,-280.8481,-282.3484,-302.2816,24,24,24,24,24,24,24,24,24,24,24,24,24,24,24,24,809,8090,-291.8222,-291.0017,75.4251,-106.1289,-0.3956097,0.4908561,0.5224229,-1.303786,0.3882847,0.6451762,-0.7883716,0.1346808,-0.1280059,-1.002246,1.605311E-06,-0.2261049,24,24,24,24,24,24,24,24,24,24,24,24,24,24,24,24
810,8100,-282.7798,-289.0793,-291.8348,-294.0281,-298.1083,-305.327,-276.4935,-94.67,39.14282,76.54964,-32.76254,-214.7067,-321.2671,-277.6255,-282.8254,-287.6984,24,24,24,24,24,24,24,24,24,24,24,24,24,24,24,24,810,8100,-286.4481,-286.0006,73.46091,-107.8072,-0.001648655,-0.8590663,-0.9141687,0.1303609,0.1294395,-0.5137045,0.3941906,-0.5388532,-0.5119498,-0.2226984,-0.2408942,-0.1130781,24,24,24,24,24,24,24,24,24,24,24,24,24,24,24,24
811,8110,-288.5508,-290.8928,-286.9115,-286.7201,-284.1081,-286.6916,-267.1793,-94.16845,37.7803,73.8421,-32.52518,-215.5892,-324.2427,-292.4255,-290.4561,-289.8678,24,24,24,24,24,24,24,24,24,24,24,24,24,24,24,24,811,8110,-292.0909,-290.4753,72.54428,-108.0654,1.048916,-1.227225,0.1306258,0.3911149,-0.5176744,0.3876867,-0.6569737,-0.2694403,-2.407967E-05,-0.2226984,-0.9635813,-0.6782023,24,24,24,24,24,24,24,24,24,24,24,24,24,24,24,24
812,8120,-304.0603,-302.4995,-303.8969,-297.9257,-292.6772,-299.0329,-270.6243,-92.41302,40.38148,76.67271,-33.9493,-218.3629,-327.5754,-289.6804,-289.1446,-296.6171,24,24,24,24,24,24,24,24,24,24,24,24,24,24,24,24,812,8120,-298.6742,-297.8454,70.31819,-110.0018,-0.3956097,-0.245465,0.2612243,-0.7822779,1.605311E-05,-1.801406,0.2627959,-2.568498E-05,0.5119017,0.1113926,0.7226887,-0.3391284,24,24,24,24,24,24,24,24,24,24,24,24,24,24,24,24
813,8130,-287.8294,-285.3313,-283.3421,-280.6301,-281.0908,-285.5809,-264.3723,-90.03066,39.88602,75.44201,-31.57577,-211.4287,-314.7208,-280.2513,-281.0369,-288.4215,24,24,24,24,24,24,24,24,24,24,24,24,24,24,24,24,813,8130,-291.0161,-286.7903,73.59185,-107.0326,0.3923132,0.8590181,-0.1305728,0.2607379,-0.388251,-0.3849344,0.5255854,-2.568498E-05,-0.383968,-0.556791,0.7226887,0.2259957,24,24,24,24,24,24,24,24,24,24,24,24,24,24,24,24
814,8140,-278.3314,-277.7144,-281.2497,-278.3159,-276.7459,-283.1127,-260.5446,-87.39752,41.24854,76.54964,-32.99989,-214.0763,-315.5539,-278.3417,-277.3408,-282.3954,24,24,24,24,24,24,24,24,24,24,24,24,24,24,24,24,814,8140,-292.0909,-292.1862,72.67522,-108.4527,-0.3956097,-0.4909042,0.2612243,-0.5215239,0.1294395,0.5164568,-0.1313915,0.4040954,-0.383968,2.88956E-05,-0.4817901,-0.1130781,24,24,24,24,24,24,24,24,24,24,24,24,24,24,24,24
815,8150,-273.0414,-276.1426,-279.0342,-276.7325,-273.1252,-280.7678,-259.1411,-88.52601,41.37241,77.04192,-32.16915,-216.7239,-322.8145,-287.6513,-286.5215,-280.1055,24,24,24,24,24,24,24,24,24,24,24,24,24,24,24,24,815,8150,-296.5246,-299.0299,73.85375,-107.0326,-0.001648655,-0.6136239,-0.7835685,-0.26077,0.2588629,-0.6424745,0.7883781,0.2693873,-0.5119498,0.6682109,0.7226887,-5.458059E-05,24,24,24,24,24,24,24,24,24,24,24,24,24,24,24,24
816,8160,-294.0813,-295.1245,-297.4966,-291.7139,-292.1945,-304.9567,-275.2176,-97.17775,37.53257,75.19587,-36.32283,-223.9102,-333.2886,-290.7545,-287.3561,-291.1936,24,24,24,24,24,24,24,24,24,24,24,24,24,24,24,24,816,8160,-309.6911,-320.0874,72.41334,-108.1945,0.1296722,-0.6136239,0.3918244,0.6518688,-0.776518,0.3876867,0.1313979,-0.4041468,-2.407967E-05,0.4454835,-0.7226855,-1.243327,24,24,24,24,24,24,24,24,24,24,24,24,24,24,24,24
817,8170,-287.3485,-288.5957,-287.2807,-283.3097,-282.7805,-293.7262,-269.8587,-92.6638,40.75308,76.42657,-33.47459,-218.3629,-323.0525,-277.9836,-273.7638,-288.1805,24,24,24,24,24,24,24,24,24,24,24,24,24,24,24,24,817,8170,-311.572,-314.5598,72.67522,-108.969,-0.6582515,0.1226972,0.9142216,-0.130393,1.605311E-05,-0.6424745,-0.1313915,0.4040954,0.1279578,-0.6681547,-0.4817896,-0.2261049,24,24,24,24,24,24,24,24,24,24,24,24,24,24,24,24
818,8180,-277.2493,-278.0047,-275.0956,-275.5145,-278.3149,-291.1345,-266.5414,-90.90838,41.49627,78.39569,-29.67694,-212.3113,-318.5295,-275.9546,-274.1215,-273.9589,24,24,24,24,24,24,24,24,24,24,24,24,24,24,24,24,818,8180,-308.6162,-304.9523,71.49671,-108.3235,0.5236333,0.3681364,-0.3917714,-1.605311E-05,-0.388251,-0.5137045,-0.2627895,-2.568498E-05,-2.407967E-05,0.4454835,0.4817929,0.3390193,24,24,24,24,24,24,24,24,24,24,24,24,24,24,24,24
819,8190,-274.2436,-271.5957,-266.6029,-263.0909,-263.8319,-272.2523,-258.2479,-90.90838,39.88602,78.27263,-28.72753,-208.1508,-312.9354,-272.3739,-268.8754,-274.5615,24,24,24,24,24,24,24,24,24,24,24,24,24,24,24,24,819,8190,-302.7047,-300.2144,72.93712,-106.9035,0.9175951,0.1226972,2.568498E-05,-0.5215239,0.3882847,0.7739977,0.1313979,-0.2694403,0.255938,-0.6681547,-0.6022373,0.452046,24,24,24,24,24,24,24,24,24,24,24,24,24,24,24,24
820,8200,-273.6425,-272.0794,-270.4185,-265.4051,-266.1251,-273.6099,-257.0996,-89.15295,41.24854,77.04192,-27.54076,-210.7984,-317.3393,-277.8642,-273.1677,-269.1379,24,24,24,24,24,24,24,24,24,24,24,24,24,24,24,24,820,8200,-291.6878,-289.0276,74.37753,-107.8072,-0.5269306,-0.245465,-0.7835685,-0.130393,0.6471299,-0.1273935,3.210623E-06,0.4040954,-0.2559878,0.1113926,1.605311E-06,0.3390193,24,24,24,24,24,24,24,24,24,24,24,24,24,24,24,24
821,8210,-277.61,-278.2465,-278.5419,-276.3671,-277.3494,-286.9385,-268.0724,-94.92078,37.7803,77.41113,-28.13414,-210.7984,-319.1247,-278.3417,-272.9292,-275.1641,24,24,24,24,24,24,24,24,24,24,24,24,24,24,24,24,821,8210,-292.0909,-288.896,74.50848,-106.7744,0.5236333,-0.7363435,0.2612243,0.5214918,0.1294395,-0.2561635,0.7883781,-0.1347338,-0.383968,0.2227562,-0.9635809,-0.6782023,24,24,24,24,24,24,24,24,24,24,24,24,24,24,24,24
822,8220,-278.4516,-277.0373,-275.9572,-273.3221,-277.3494,-287.9258,-269.7311,-95.6731,37.28483,77.53421,-28.72753,-211.3027,-319.0056,-275.7159,-272.81,-270.5842,24,24,24,24,24,24,24,24,24,24,24,24,24,24,24,24,822,8220,-308.4819,-307.0581,72.02049,-108.1945,-0.3956097,2.88956E-05,-0.1305728,0.1303609,-0.1294058,-0.6424745,-0.7883716,0.5388019,0.5119017,-0.556791,-0.2408942,-0.1130781,24,24,24,24,24,24,24,24,24,24,24,24,24,24,24,24
823,8230,-275.5661,-274.8606,-274.3571,-274.0529,-276.2632,-287.3087,-269.476,-94.92078,38.39963,73.59596,-36.56019,-220.6322,-325.314,-287.2932,-286.2831,-274.3204,24,24,24,24,24,24,24,24,24,24,24,24,24,24,24,24,823,8230,-305.7948,-311.796,73.06806,-107.1617,0.6549542,2.88956E-05,0.653023,0.1303609,-0.2588276,-0.6424745,3.210623E-06,0.1346808,-0.2559878,0.3341199,1.605311E-06,0.2259957,24,24,24,24,24,24,24,24,24,24,24,24,24,24,24,24
824,8240,-298.0488,-292.3947,-297.1273,-299.9962,-299.1945,-305.9441,-273.0485,-91.15915,40.75308,75.0728,-35.84813,-220.0018,-332.4555,-305.1964,-304.5254,-296.135,24,24,24,24,24,24,24,24,24,24,24,24,24,24,24,24,824,8240,-304.9887,-308.111,71.49671,-108.1945,0.2609923,-0.1226907,-0.3917714,-0.26077,-1.164787,-0.1273935,0.1313979,-0.6735597,0.1279578,-0.3340637,-0.6022373,0.3390193,24,24,24,24,24,24,24,24,24,24,24,24,24,24,24,24
825,8250,-308.5087,-310.5333,-321.7438,-314.0032,-304.6257,-309.1528,-275.4727,-93.41612,39.63824,77.41113,-35.9668,-230.8443,-356.0224,-317.6093,-309.8907,-308.3078,24,24,24,24,24,24,24,24,24,24,24,24,24,24,24,24,825,8250,-321.1111,-324.5621,73.7228,-107.1617,0.3923132,0.2454714,-0.1305728,-0.9126548,-0.1294058,1.160308,3.210623E-06,-2.568498E-05,-0.5119498,-0.3340637,-0.1204465,-0.1130781,24,24,24,24,24,24,24,24,24,24,24,24,24,24,24,24
826,8260,-296.6061,-304.8498,-295.035,-282.9443,-280.6081,-298.169,-273.4313,-96.80158,37.78025,76.30354,-35.25474,-228.1967,-344.715,-292.7836,-284.2561,-297.4608,24,24,24,24,24,24,24,24,24,24,24,24,24,24,24,24,826,8260,-294.2405,-291.0017,73.19901,-107.1617,0.3923132,-0.4908496,-0.3917714,0.3911149,0.5177065,-0.1273935,0.9197727,-0.8082678,-0.1280059,0.4454835,0.1204493,0.112969,24,24,24,24,24,24,24,24,24,24,24,24,24,24,24,24
827,8270,-291.797,-293.7248,-287.65,-281.8481,-283.5047,-297.9222,-273.4313,-96.80158,38.27572,77.2881,-32.99989,-221.3887,-331.9793,-284.7868,-279.8446,-279.0208,24,24,24,24,24,24,24,24,24,24,24,24,24,24,24,24,827,8270,-303.3765,-296.6609,73.7228,-105.7416,0.1296722,-0.9817314,-0.1305728,0.9126259,-0.5176744,0.3876867,0.1313979,0.4040954,0.7678638,0.1113926,-0.4817896,-1.130303,24,24,24,24,24,24,24,24,24,24,24,24,24,24,24,24
828,8280,-295.6443,-292.6365,-292.5733,-288.5471,-293.0393,-307.1782,-279.8108,-97.80469,37.78025,75.56512,-37.15357,-223.7841,-330.313,-280.8481,-279.01,-282.8775,24,24,24,24,24,24,24,24,24,24,24,24,24,24,24,24,828,8280,-303.9139,-302.0569,75.55605,-105.0961,-0.6582515,0.368191,0.1306258,-0.391147,0.9059751,-1.157555,-0.3941842,0.1346792,-0.2559878,-0.3340637,0.4817929,0.112969,24,24,24,24,24,24,24,24,24,24,24,24,24,24,24,24
829,8290,-287.3485,-285.6229,-283.2191,-283.4315,-286.884,-298.7861,-274.9623,-95.6731,39.39051,74.8267,-36.79754,-219.7497,-319.3627,-277.6255,-280.4408,-283.4801,24,24,24,24,24,24,24,24,24,24,24,24,24,24,24,24,829,8290,-289.0008,-287.1851,74.50848,-106.5162,-0.1329687,0.8590727,0.1306258,0.3911149,-0.6470962,-0.5137045,0.1313979,0.1346792,0.3839214,0.2227562,0.1204493,-0.1130781,24,24,24,24,24,24,24,24,24,24,24,24,24,24,24,24
830,8300,-284.463,-287.6786,-294.9119,-295.2461,-294.3669,-298.0457,-270.4967,-92.03686,39.51438,74.94977,-35.4921,-217.4804,-324.7188,-292.1867,-293.3177,-295.6529,24,24,24,24,24,24,24,24,24,24,24,24,24,24,24,24,830,8300,-289.1351,-293.6339,74.63943,-105.9998,0.2609923,-0.1226907,0.1306258,-0.7822779,-0.388251,0.3876867,0.9197727,-0.6735629,0.1279594,-0.556791,-0.361342,0.6780931,24,24,24,24,24,24,24,24,24,24,24,24,24,24,24,24
831,8310,-297.9286,-298.3199,-304.5123,-300.9706,-297.9876,-300.7607,-272.4105,-94.92078,36.91319,75.19591,-34.89871,-218.3629,-327.3374,-293.619,-293.5562,-299.6302,24,24,24,24,24,24,24,24,24,24,24,24,24,24,24,24,831,8310,-289.6725,-293.2391,75.55605,-104.3216,-0.5269306,-0.1226907,-0.3917714,-1.605311E-05,0.6471299,0.5164568,3.210623E-06,0.6735068,-0.8958921,2.88956E-05,0.1204493,0.5650696,24,24,24,24,24,24,24,24,24,24,24,24,24,24,24,24
832,8320,-291.1958,-292.5156,-293.4349,-287.329,-281.6943,-287.4321,-263.9895,-90.78299,40.8769,77.2881,-29.91429,-215.8414,-323.0525,-287.89,-285.8062,-291.3141,24,24,24,24,24,24,24,24,24,24,24,24,24,24,24,24,832,8320,-280.1335,-280.473,75.55605,-105.8707,0.9175951,-1.718052,-0.2611729,0.9126259,0.2588629,-0.3849344,3.210623E-06,-1.077684,0.3839214,0.1113926,-0.361342,-0.4521552,24,24,24,24,24,24,24,24,24,24,24,24,24,24,24,24
833,8330,-280.7359,-286.8321,-289.9886,-288.5471,-286.5219,-298.4159,-272.0278,-95.79849,37.28479,74.08828,-35.9668,-223.9102,-331.7413,-289.561,-285.9254,-284.5648,24,24,24,24,24,24,24,24,24,24,24,24,24,24,24,24,833,8330,-295.7184,-292.9759,75.55605,-104.1925,-0.7895716,-0.2454104,0.1306258,0.5214918,-0.6470962,-0.2561635,-0.7883716,-2.88956E-05,0.3839214,-0.1113348,-0.4817901,-0.5651788,24,24,24,24,24,24,24,24,24,24,24,24,24,24,24,24
834,8340,-300.2129,-299.5978,-296.7581,-288.5471,-289.4185,-309.2762,-283.8937,-103.4471,35.17907,75.81126,-36.67886,-232.8615,-352.0945,-290.7545,-286.9985,-284.5648,24,24,24,24,24,24,24,24,24,24,24,24,24,24,24,24,834,8340,-301.7643,-296.7926,76.99646,-104.4506,-0.6582515,-0.2454104,0.1306258,-0.26077,0.3882847,-0.9000146,-0.1313915,0.5387987,-2.247436E-05,-0.556791,1.605311E-06,-0.5651788,24,24,24,24,24,24,24,24,24,24,24,24,24,24,24,24
835,8350,-308.5087,-300.0815,-298.4812,-305.3554,-317.0569,-339.0187,-295.6321,-101.6917,40.13371,76.91889,-39.28975,-230.8443,-343.5247,-296.4835,-298.2061,-300.5943,24,24,24,24,24,24,24,24,24,24,24,24,24,24,24,24,835,8350,-295.4497,-293.3707,76.86556,-104.1925,0.5236333,0.4909106,0.2612243,0.2607379,-0.776518,-0.6424745,0.2627959,0.4040922,0.2559412,-0.1113348,0.4817929,0.3390193,24,24,24,24,24,24,24,24,24,24,24,24,24,24,24,24
836,8360,-309.9514,-306.3684,-305.62,-310.9582,-313.6775,-322.4814,-285.4248,-98.43163,38.02798,74.21135,-38.10298,-224.1623,-335.312,-303.7642,-305.8369,-314.575,24,24,24,24,24,24,24,24,24,24,24,24,24,24,24,24,836,8360,-280.1335,-279.0253,76.21083,-103.8052,0.2609923,0.2454714,2.568498E-05,-1.043032,1.605311E-05,0.2589166,-0.1313915,0.4040922,-0.5119466,-0.4454274,-0.4817901,-0.4521552,24,24,24,24,24,24,24,24,24,24,24,24,24,24,24,24
837,8370,-314.3999,-314.4689,-320.7591,-318.0226,-310.1775,-308.1655,-273.4313,-91.03377,40.62917,76.91889,-34.424,-219.8758,-334.2408,-306.2706,-302.6177,-313.8518,24,24,24,24,24,24,24,24,24,24,24,24,24,24,24,24,837,8370,-275.1625,-278.7621,76.21083,-104.0634,-0.001648655,-0.8590117,-0.65297,0.2607379,0.6471299,-0.5137045,0.2627959,-0.4041484,-0.7679103,-0.3340637,1.605311E-06,0.112969,24,24,24,24,24,24,24,24,24,24,24,24,24,24,24,24
838,8380,-296.0049,-300.5651,-301.8045,-297.8038,-288.8151,-291.6281,-270.3691,-97.93008,36.54159,75.93433,-26.23531,-215.0849,-335.9072,-305.1964,-299.5177,-297.7018,24,24,24,24,24,24,24,24,24,24,24,24,24,24,24,24,838,8380,-292.494,-289.4224,78.17503,-103.1597,-0.001648655,-0.981786,-0.2611729,0.2607379,-0.388251,0.001376554,-0.2627895,-0.8082694,-2.247436E-05,0.1113926,-1.084029,-0.7912291,24,24,24,24,24,24,24,24,24,24,24,24,24,24,24,24
839,8390,-296.4858,-298.3888,-294.7888,-287.5726,-281.3322,-287.1853,-265.1378,-93.16535,38.89505,76.30354,-32.4065,-219.4976,-332.4555,-294.5739,-289.1446,-294.4477,24,24,24,24,24,24,24,24,24,24,24,24,24,24,24,24,839,8390,-292.3596,-290.8701,75.94894,-104.8379,-0.7895716,-0.1227453,0.2612227,-0.26077,0.1294395,0.001376554,-0.6569737,0.6735068,0.767867,2.88956E-05,0.3613451,0.2259957,24,24,24,24,24,24,24,24,24,24,24,24,24,24,24,24
840,8400,-282.0584,-284.485,-284.8191,-275.8799,-271.4355,-279.2869,-266.6689,-96.92699,36.04613,75.31898,-34.89871,-224.6666,-340.3111,-306.2706,-299.6369,-282.0339,24,24,24,24,24,24,24,24,24,24,24,24,24,24,24,24,840,8400,-290.0756,-287.8431,76.86556,-104.7088,0.1296722,0.3681364,0.1306226,0.5214918,0.1294395,0.001376554,0.3941906,0.2693857,-0.1280027,-0.2226984,0.3613451,0.5650696,24,24,24,24,24,24,24,24,24,24,24,24,24,24,24,24
841,8410,-304.3007,-307.2147,-302.543,-297.1948,-297.2635,-316.6809,-286.3179,-102.444,36.41777,74.21135,-42.49402,-239.5435,-354.9511,-304.719,-296.7754,-292.7603,24,24,24,24,24,24,24,24,24,24,24,24,24,24,24,24,841,8410,-298.5399,-298.8983,75.5561,-105.8707,-0.001648655,-0.245465,0.6530198,-0.9126548,1.605311E-05,0.6452276,0.3941906,-0.1347354,0.2559412,-1.113609,-0.7226855,-0.2261049,24,24,24,24,24,24,24,24,24,24,24,24,24,24,24,24
842,8420,-312.1155,-312.0508,-300.2044,-304.99,-316.0914,-343.5849,-296.7804,-99.56013,41.74401,77.53424,-42.73137,-235.0048,-344.9531,-296.8416,-299.7561,-299.8712,24,24,24,24,24,24,24,24,24,24,24,24,24,24,24,24,842,8420,-305.5262,-305.2156,75.68705,-104.1925,0.1296722,0.3681364,-0.5223731,-0.5215239,-0.1294058,0.3876867,0.2627959,0.2693857,-1.279836,-0.4454274,-0.1204465,-0.1130781,24,24,24,24,24,24,24,24,24,24,24,24,24,24,24,24
843,8430,-311.1537,-302.7413,-309.4356,-312.1762,-315.0052,-323.5921,-286.7007,-94.79539,41.24854,76.67275,-38.69637,-221.7669,-327.4564,-295.648,-302.4984,-311.6824,24,24,24,24,24,24,24,24,24,24,24,24,24,24,24,24,843,8430,-276.1029,-275.735,74.24664,-105.3543,0.5236333,-0.8590663,0.3918212,0.3911149,-0.388251,0.001376554,-0.3941842,-0.9429759,-0.1280027,2.88956E-05,-0.6022378,-0.3391284,24,24,24,24,24,24,24,24,24,24,24,24,24,24,24,24
844,8440,-323.6575,-311.2045,-322.6054,-328.0102,-321.0397,-312.7317,-272.4105,-89.15295,41.62014,76.0574,-35.13607,-217.9846,-328.0515,-306.1512,-306.7908,-325.7836,24,24,24,24,24,24,24,24,24,24,24,24,24,24,24,24,844,8440,-295.7184,-299.1615,75.2942,-103.0306,-0.5269306,-0.981786,2.407967E-05,-1.605311E-05,1.605311E-05,0.001376554,-0.7883716,-3.050092E-05,-0.1280027,0.1113926,-0.4817901,-0.3391284,24,24,24,24,24,24,24,24,24,24,24,24,24,24,24,24
845,8450,-305.6232,-302.3786,-301.6814,-294.1498,-285.1943,-284.717,-261.6928,-89.52912,41.12468,76.79582,-29.20223,-210.0419,-316.6251,-294.6932,-297.8485,-308.1872,24,24,24,24,24,24,24,24,24,24,24,24,24,24,24,24,845,8450,-292.7627,-296.5293,76.21083,-105.4834,0.2609923,0.1226972,2.407967E-05,-0.130393,1.605311E-05,-0.7712445,3.210623E-06,0.5387971,-2.407967E-05,0.5568472,-0.1204465,-0.6782023,24,24,24,24,24,24,24,24,24,24,24,24,24,24,24,24
846,8460,-297.4477,-299.1142,-308.3279,-299.509,-291.591,-290.6408,-270.369,-97.93008,37.4087,77.90345,-25.99796,-213.0677,-334.3598,-302.8093,-297.4908,-303.969,24,24,24,24,24,24,24,24,24,24,24,24,24,24,24,24,846,8460,-285.642,-287.9748,75.42516,-106.3871,0.1296722,0.8590181,-0.1305744,1.043003,-0.5176744,-0.1273935,0.7883781,-0.2694451,-0.1280059,0.1113942,0.240897,-0.1130781,24,24,24,24,24,24,24,24,24,24,24,24,24,24,24,24
847,8470,-293.3599,-300.686,-302.1737,-293.7844,-289.6599,-298.6627,-273.814,-97.17776,37.90416,77.90345,-28.60885,-220.5061,-342.9296,-302.9287,-294.033,-289.1447,24,24,24,24,24,24,24,24,24,24,24,24,24,24,24,24,847,8470,-291.4192,-286.6587,73.98474,-104.3216,-0.001648655,0.1226972,0.5224213,-1.303786,1.605311E-05,0.3876867,0.1313979,0.5387971,-0.5119498,-0.5567878,-0.4817901,-0.5651788,24,24,24,24,24,24,24,24,24,24,24,24,24,24,24,24
848,8480,-294.2015,-299.5978,-294.4195,-287.4508,-285.0737,-301.1309,-276.4934,-100.1871,36.41777,76.79582,-29.43959,-218.2368,-334.7169,-289.561,-283.0638,-293.7245,24,24,24,24,24,24,24,24,24,24,24,24,24,24,24,24,848,8480,-287.926,-288.3696,75.94894,-105.2252,0.5236333,0.2454168,-0.1305744,-0.130393,0.5177065,-0.1273935,0.3941906,-0.8082727,-1.023876,0.1113942,0.3613451,0.1130268,24,24,24,24,24,24,24,24,24,24,24,24,24,24,24,24
849,8490,-288.6711,-284.8477,-287.5269,-288.0598,-296.0565,-312.8552,-284.1489,-99.68552,38.77122,79.38029,-33.71195,-221.3887,-333.5266,-282.5191,-282.11,-282.998,24,24,24,24,24,24,24,24,24,24,24,24,24,24,24,24,849,8490,-295.181,-293.6339,75.68705,-105.9998,-0.001648655,-1.349945,-0.1305744,0.1303609,-0.1294058,0.001376554,0.3941906,-1.212392,0.255938,0.5568504,-0.6022378,-0.6781477,24,24,24,24,24,24,24,24,24,24,24,24,24,24,24,24
850,8500,-291.0756,-285.9856,-287.5269,-288.6688,-293.0393,-303.3524,-276.2383,-95.29694,40.25762,78.27267,-30.98239,-212.0591,-317.4583,-277.5062,-279.3676,-291.0731,24,24,24,24,24,24,24,24,24,24,24,24,24,24,24,24,850,8500,-299.749,-300.2144,76.07989,-104.4506,-0.6582515,-0.245465,-0.2611745,0.3911149,0.6471299,-0.1273935,-0.9197664,0.8082117,0.5119017,3.050092E-05,0.1204493,-0.7911713,24,24,24,24,24,24,24,24,24,24,24,24,24,24,24,24
851,8510,-276.7684,-280.7859,-280.142,-284.1622,-284.3495,-290.1472,-267.6896,-91.53532,41.00081,77.53424,-30.86371,-209.9158,-311.269,-278.6997,-282.4677,-287.0958,24,24,24,24,24,24,24,24,24,24,24,24,24,24,24,24,851,8510,-293.7032,-298.7667,76.21078,-105.7416,-0.001648655,-2.247436E-05,2.407967E-05,0.1303609,-0.5176744,-1.415096,0.3941906,0.2693825,-1.151857,-0.5567878,-0.361342,0.3390771,24,24,24,24,24,24,24,24,24,24,24,24,24,24,24,24
852,8520,-291.0756,-286.953,-294.9119,-299.3873,-295.8152,-292.2452,-265.9034,-88.14986,42.36333,79.01108,-32.52518,-214.5806,-323.6476,-290.5158,-291.8869,-295.7734,24,24,24,24,24,24,24,24,24,24,24,24,24,24,24,24,852,8520,-273.5502,-275.077,75.29416,-104.1925,0.5236333,-2.247436E-05,0.5224213,-0.5215239,-0.1294058,0.001376554,0.1313979,-3.050092E-05,0.7678638,-0.3340605,-0.1204465,-0.4520974,24,24,24,24,24,24,24,24,24,24,24,24,24,24,24,24
853,8530,-293.7207,-290.9435,-294.0503,-293.4191,-288.453,-290.1472,-265.0102,-87.27215,43.35426,79.25722,-29.9143,-217.2282,-332.6935,-300.8997,-299.8753,-298.4249,24,24,24,24,24,24,24,24,24,24,24,24,24,24,24,24,853,8530,-279.1931,-281.5259,75.81794,-104.0634,-0.1330201,-0.1227453,0.5224213,-1.303786,0.2588629,0.3876867,-0.2627895,0.134676,-0.1280059,-0.3340605,-0.1204465,3.210623E-06,24,24,24,24,24,24,24,24,24,24,24,24,24,24,24,24
854,8540,-298.7703,-300.0128,-297.9889,-290.8613,-285.6771,-295.7008,-269.2207,-92.16226,41.99174,80.98021,-28.13414,-217.6064,-332.4554,-290.8739,-286.283,-300.2328,24,24,24,24,24,24,24,24,24,24,24,24,24,24,24,24,854,8540,-280.8053,-280.6046,76.47267,-103.0306,0.1296209,-0.2454104,-1.175369,0.5214918,1.035397,-0.1273935,0.2627959,-0.134737,-0.5119498,-0.1113332,-0.361342,3.210623E-06,24,24,24,24,24,24,24,24,24,24,24,24,24,24,24,24
855,8550,-280.6158,-291.0645,-283.9575,-277.4633,-276.2632,-287.0619,-265.9034,-90.65761,41.49627,79.99564,-29.9143,-216.7239,-326.8612,-279.1772,-274.0023,-278.4182,24,24,24,24,24,24,24,24,24,24,24,24,24,24,24,24,855,8550,-313.1843,-307.0581,78.56782,-101.3523,-0.264341,-1.227171,0.2611697,0.782249,-0.9059414,0.9027677,-0.2627895,-3.050092E-05,-0.1280059,0.4454868,-0.6022378,-1.243272,24,24,24,24,24,24,24,24,24,24,24,24,24,24,24,24
856,8560,-281.0966,-281.7533,-279.2804,-276.0017,-279.8839,-291.5048,-267.5621,-91.03377,42.1156,79.25722,-33.11856,-220.0018,-326.2661,-280.8481,-279.7253,-272.0305,24,24,24,24,24,24,24,24,24,24,24,24,24,24,24,24,856,8560,-279.8648,-283.6316,76.99646,-103.2888,-0.9209439,0.4909106,-0.130629,-0.3911502,0.5177065,-0.7712445,-0.7883716,0.5387971,-0.2559878,0.1113942,0.3613451,3.210623E-06,24,24,24,24,24,24,24,24,24,24,24,24,24,24,24,24
857,8570,-292.7588,-289.6133,-294.2964,-300.3616,-304.0222,-312.485,-275.8555,-90.28144,44.59288,78.39574,-35.0174,-215.3371,-318.4105,-285.1449,-285.9254,-289.9883,24,24,24,24,24,24,24,24,24,24,24,24,24,24,24,24,857,8570,-273.0128,-277.0511,78.30592,-101.9978,-0.3956611,-0.36813,-0.2612275,0.6518688,-0.3882494,-0.7712445,-0.1313915,0.134676,-2.407967E-05,0.5568504,1.605311E-06,0.4521006,24,24,24,24,24,24,24,24,24,24,24,24,24,24,24,24
858,8580,-284.2226,-288.4041,-293.4349,-296.2205,-295.6945,-295.7008,-268.3276,-88.6514,42.73489,79.62639,-28.01547,-208.529,-317.3393,-290.9932,-292.8407,-293.7245,24,24,24,24,24,24,24,24,24,24,24,24,24,24,24,24,858,8580,-270.8632,-277.1828,79.09161,-100.836,-0.1330201,-0.4908496,1.044765,-1.043035,1.765843E-05,0.001376554,3.210623E-06,-0.2694451,-0.2559878,-1.113606,-0.1204465,-1.017222,24,24,24,24,24,24,24,24,24,24,24,24,24,24,24,24
859,8590,-290.7149,-291.1854,-296.0196,-293.1754,-288.0909,-290.8877,-266.7965,-91.53531,41.49623,78.02648,-29.08355,-212.5634,-319.1246,-286.9352,-286.5215,-298.4249,24,24,24,24,24,24,24,24,24,24,24,24,24,24,24,24,859,8590,-267.37,-270.8655,78.56782,-101.4814,0.1296209,0.1227517,-0.9142248,-0.3911502,1.765843E-05,-0.3849344,0.2627991,0.2693825,-1.279838,0.2227594,0.6022406,-0.1130235,24,24,24,24,24,24,24,24,24,24,24,24,24,24,24,24
860,8600,-282.7798,-289.3715,-298.4812,-297.6821,-290.5047,-294.3433,-266.5414,-89.6545,42.23943,78.27262,-33.23724,-220.7583,-334.1217,-305.6738,-302.9753,-292.5193,24,24,24,24,24,24,24,24,24,24,24,24,24,24,24,24,860,8600,-260.3837,-261.6529,79.35349,-100.3196,0.6549028,-0.9817314,-0.5224261,1.434131,-0.3882494,0.2589166,0.5255918,-0.4041516,1.023827,1.002305,-0.1204465,-0.6781477,24,24,24,24,24,24,24,24,24,24,24,24,24,24,24,24
861,8610,-302.6176,-305.6963,-305.2508,-295.6115,-292.4359,-304.0929,-277.0038,-96.30004,39.01891,79.13411,-34.89871,-230.0878,-352.4516,-301.1384,-292.483,-299.9917,24,24,24,24,24,24,24,24,24,24,24,24,24,24,24,24,861,8610,-273.819,-269.5494,79.48444,-99.54498,-0.9209439,-0.6135693,-0.5224261,0.6518688,-0.1294041,-0.1273935,-0.7883652,-3.050092E-05,-7.866025E-05,-0.2226968,-0.6022378,-0.2260471,24,24,24,24,24,24,24,24,24,24,24,24,24,24,24,24
862,8620,-295.5241,-294.5712,-286.9115,-278.9249,-280.246,-297.9222,-272.1554,-94.79539,40.25757,77.65726,-32.99989,-223.4059,-330.9081,-279.5352,-272.6907,-287.3368,24,24,24,24,24,24,24,24,24,24,24,24,24,24,24,24,862,8620,-286.3138,-287.5799,79.09161,-100.9651,-0.789623,-0.2454104,0.3917682,-0.2607732,0.3882863,-1.028785,0.1314044,0.2693825,-0.2560408,0.7795777,0.1204493,-0.3390739,24,24,24,24,24,24,24,24,24,24,24,24,24,24,24,24
863,8630,-298.65,-294.4503,-282.8498,-280.9955,-288.9358,-313.5957,-283.3834,-98.55701,39.51437,77.41113,-38.10298,-230.5921,-343.2867,-289.7997,-287.4753,-271.0663,24,24,24,24,24,24,24,24,24,24,24,24,24,24,24,24,863,8630,-289.1352,-278.2357,80.00823,-98.38313,-0.001700025,0.368191,0.6529668,-0.2607732,-0.6470946,0.001376554,6.421245E-06,-0.5388581,0.255885,-0.5567878,0.1204493,0.2260503,24,24,24,24,24,24,24,24,24,24,24,24,24,24,24,24
864,8640,-305.2626,-293.6039,-289.8655,-291.5921,-299.5566,-314.7064,-285.8076,-96.67619,40.75303,77.78034,-37.03489,-223.2798,-328.5276,-282.2803,-283.0638,-299.2686,24,24,24,24,24,24,24,24,24,24,24,24,24,24,24,24,864,8640,-282.1488,-275.9983,80.40107,-100.1905,-0.1330201,0.368191,-0.2612275,-0.912658,-0.2588276,-0.3849344,-0.2627831,0.9429181,0.255885,0.4454868,-0.7226855,0.3390835,24,24,24,24,24,24,24,24,24,24,24,24,24,24,24,24
865,8650,-288.4305,-284.7764,-287.5269,-289.5215,-293.6427,-300.6373,-274.3244,-92.91457,42.61102,77.78034,-33.11856,-216.85,-321.0291,-284.19,-285.8062,-293.4835,24,24,24,24,24,24,24,24,24,24,24,24,24,24,24,24,865,8650,-278.1182,-271.2603,80.40107,-100.4487,0.2609409,-0.7362921,-0.3918276,0.2607347,0.2588629,0.2589166,0.3941938,-3.050092E-05,-0.5120044,0.2227594,-0.1204465,0.2260567,24,24,24,24,24,24,24,24,24,24,24,24,24,24,24,24
866,8660,-287.9496,-286.3484,-294.4195,-296.5858,-297.0221,-299.033,-268.3276,-88.77679,42.98262,77.28806,-33.11856,-216.2196,-324.5998,-294.4545,-294.6292,-297.2197,24,24,24,24,24,24,24,24,24,24,24,24,24,24,24,24,866,8660,-284.1641,-279.6834,77.25835,-101.2232,-0.264341,-1.34989,0.7835669,0.5214918,-0.9059398,0.5164568,-0.3941778,0.6735036,-0.2560408,0.4454868,-0.9635809,-1.243266,24,24,24,24,24,24,24,24,24,24,24,24,24,24,24,24
867,8670,-292.6385,-286.4694,-289.9886,-288.3035,-286.1599,-286.5682,-263.4792,-86.39442,43.35422,78.7649,-31.10106,-211.4287,-316.03,-285.7416,-286.8792,-299.3891,24,24,24,24,24,24,24,24,24,24,24,24,24,24,24,24,867,8670,-284.8359,-288.7645,80.00823,-99.54498,-0.6583028,0.6136303,1.044765,0.1303577,0.1294411,-0.5137045,-0.3941778,0.134676,0.3838653,-0.5567878,-1.204477,6.421245E-06,24,24,24,24,24,24,24,24,24,24,24,24,24,24,24,24
868,8680,-289.9935,-290.9435,-295.6504,-292.9318,-285.1943,-287.0619,-261.4377,-89.15295,41.37236,77.28806,-30.98238,-220.7583,-334.5979,-305.7932,-299.16,-289.1447,24,24,24,24,24,24,24,24,24,24,24,24,24,24,24,24,868,8680,-300.8239,-302.3202,79.61539,-99.80318,0.2609409,2.88956E-05,0.1305696,0.6518688,-0.3882494,-0.3849344,0.5255918,-0.134737,-1.279892,0.5568504,0.1204493,-0.2260407,24,24,24,24,24,24,24,24,24,24,24,24,24,24,24,24
869,8690,-289.8733,-306.7846,-303.4045,-294.1498,-289.4185,-307.6718,-278.5349,-97.80469,39.14278,79.01104,-36.32283,-234.6265,-356.3795,-304.2415,-296.06,-292.1577,24,24,24,24,24,24,24,24,24,24,24,24,24,24,24,24,869,8690,-310.0942,-305.6104,80.13918,-99.2868,0.2609409,0.4909106,0.7835669,-0.5215271,-0.2588276,-0.3849344,0.2627991,-3.050092E-05,0.255885,-0.1113332,0.1204493,0.2260567,24,24,24,24,24,24,24,24,24,24,24,24,24,24,24,24
870,8700,-308.148,-299.8919,-293.8041,-289.8868,-297.2634,-315.5703,-284.6593,-96.92697,41.74396,79.62639,-35.25474,-226.0535,-337.4545,-287.7706,-285.5677,-294.6887,24,24,24,24,24,24,24,24,24,24,24,24,24,24,24,24,870,8700,-289.9413,-292.976,81.97243,-96.96307,-0.5269819,0.368191,-0.7836247,-0.3911502,0.3882863,-0.3849344,-0.1313883,1.212331,-0.7679665,-0.2226968,0.3613451,6.421245E-06,24,24,24,24,24,24,24,24,24,24,24,24,24,24,24,24
871,8710,-285.1844,-281.6324,-279.6497,-278.0722,-279.1597,-290.6409,-266.7965,-90.28144,43.47808,77.65726,-33.47459,-217.7325,-318.2915,-272.1352,-270.6638,-288.6626,24,24,24,24,24,24,24,24,24,24,24,24,24,24,24,24,871,8710,-290.3443,-285.7374,80.92486,-100.3196,0.2609409,-0.9817314,-2.88956E-05,0.6518688,0.2588629,-0.1273935,0.3941938,0.4040906,-0.3840226,-0.1113332,-1.084029,-0.1130171,24,24,24,24,24,24,24,24,24,24,24,24,24,24,24,24
872,8720,-276.4077,-277.2791,-275.9572,-278.9249,-281.0908,-292.6155,-266.031,-87.14674,45.08834,79.01104,-34.18665,-214.7067,-316.6252,-275.3578,-274.8369,-276.6103,24,24,24,24,24,24,24,24,24,24,24,24,24,24,24,24,872,8720,-275.4312,-273.2346,77.25835,-101.2232,0.2609409,-0.6135693,-0.130629,-0.1303962,-0.7765164,0.3876867,-0.9197599,-0.5388581,0.255885,0.3341231,-0.6022373,-0.9041916,24,24,24,24,24,24,24,24,24,24,24,24,24,24,24,24
873,8730,-276.5279,-274.256,-277.188,-279.6556,-282.0563,-289.9004,-263.8619,-84.26283,44.84061,78.7649,-33.11856,-214.2024,-321.1481,-296.8416,-298.5638,-278.6592,24,24,24,24,24,24,24,24,24,24,24,24,24,24,24,24,873,8730,-279.0587,-276.2615,78.30592,-100.9651,-0.5269819,0.4909106,0.3917682,0.3911116,1.035398,-1.157555,-0.5255757,0.134676,-0.2560408,-0.7795151,0.3613451,0.1130332,24,24,24,24,24,24,24,24,24,24,24,24,24,24,24,24
874,8740,-297.4477,-301.2221,-311.0356,-309.253,-297.6255,-305.2036,-267.5621,-89.5291,43.72582,79.50333,-30.8637,-225.6752,-346.2623,-306.748,-298.4446,-304.0895,24,24,24,24,24,24,24,24,24,24,24,24,24,24,24,24,874,8740,-287.1199,-282.5788,76.21078,-103.0306,-0.1330201,0.4909106,-0.6530262,0.2607347,-0.9059398,-0.5137045,0.1314044,-0.4041516,-0.6399847,3.050092E-05,0.4817929,0.5651306,24,24,24,24,24,24,24,24,24,24,24,24,24,24,24,24
875,8750,-298.0488,-299.2873,-289.6193,-279.2903,-276.9872,-293.973,-270.3691,-94.66999,41.9917,82.94929,-26.23532,-218.1107,-336.7403,-285.7416,-278.8908,-288.1805,24,24,24,24,24,24,24,24,24,24,24,24,24,24,24,24,875,8750,-280.5366,-281.2627,78.69876,-100.1905,0.6549028,-0.2454104,0.3917682,-0.912658,0.1294411,0.3876867,-0.2627831,0.2693825,0.1279032,-0.7795151,-0.2408942,-0.2260407,24,24,24,24,24,24,24,24,24,24,24,24,24,24,24,24
876,8760,-286.5069,-283.6881,-275.4649,-270.6425,-272.5217,-291.7516,-268.7104,-91.5353,44.22128,81.84166,-28.96488,-217.4803,-326.6232,-274.761,-270.5446,-272.7536,24,24,24,24,24,24,24,24,24,24,24,24,24,24,24,24,876,8760,-282.4175,-287.4484,77.78214,-101.7396,-0.1330201,0.368191,-0.3918276,-0.912658,0.1294411,0.7739977,-0.5255757,0.8082148,-0.3840226,0.1113942,0.240897,-0.1130171,24,24,24,24,24,24,24,24,24,24,24,24,24,24,24,24
877,8770,-280.1348,-278.1256,-270.7878,-271.8604,-278.1942,-297.9222,-270.4967,-88.526,46.82247,82.58008,-31.57577,-217.4803,-319.9579,-273.5674,-270.1869,-272.9947,24,24,24,24,24,24,24,24,24,24,24,24,24,24,24,24,877,8770,-284.2985,-283.6317,79.74633,-99.15771,0.6549028,-0.7362921,-0.3918276,0.3911116,0.1294411,0.2589166,0.5255918,-0.5388532,-0.3840226,0.4454868,1.605311E-06,-0.5651178,24,24,24,24,24,24,24,24,24,24,24,24,24,24,24,24
878,8780,-276.7684,-273.1677,-271.6493,-270.0334,-270.1078,-280.521,-259.0134,-82.88357,46.94633,82.33394,-31.33841,-211.6809,-309.4837,-261.632,-261.4831,-273.5973,24,24,24,24,24,24,24,24,24,24,24,24,24,24,24,24,878,8780,-278.6556,-278.3673,80.13918,-100.4487,-0.264341,-0.6135693,0.7835669,0.2607347,-0.5176712,-0.2561635,-1.57674,-0.2694403,-0.5120044,-0.3340123,-0.7226855,-0.452091,24,24,24,24,24,24,24,24,24,24,24,24,24,24,24,24
879,8790,-264.8658,-263.131,-265.249,-269.6681,-273.0044,-285.4575,-263.6068,-86.89597,45.45994,81.84166,-29.43958,-209.5376,-308.1744,-262.9449,-262.6754,-265.5223,24,24,24,24,24,24,24,24,24,24,24,24,24,24,24,24,879,8790,-264.9517,-265.338,78.82971,-100.9651,-0.264341,0.2454714,0.6529668,-0.2607732,1.035398,-0.6424745,-0.1313883,0.4040954,0.5118471,8.026557E-05,0.1204493,-0.2260407,24,24,24,24,24,24,24,24,24,24,24,24,24,24,24,24
880,8800,-274.8447,-271.7166,-270.9108,-274.6618,-276.6252,-289.4067,-262.586,-84.76437,47.4418,81.96473,-31.81312,-211.933,-308.1744,-268.6739,-271.3792,-271.3074,24,24,24,24,24,24,24,24,24,24,24,24,24,24,24,24,880,8800,-261.4585,-259.5472,80.00823,-99.54498,-0.1330201,0.1227517,-1.175423,0.5214918,-0.3882494,0.001376554,-0.1313883,0.1346808,0.5118471,0.1114439,0.4817929,0.1130396,24,24,24,24,24,24,24,24,24,24,24,24,24,24,24,24
881,8810,-279.2932,-277.4,-284.573,-289.2778,-291.4702,-297.4286,-265.2654,-83.00896,47.0702,81.96473,-31.93179,-213.6981,-320.672,-291.59,-292.3638,-282.516,24,24,24,24,24,24,24,24,24,24,24,24,24,24,24,24,881,8810,-274.625,-274.9455,78.82971,-101.0941,0.5235819,-0.4908496,0.1305696,-0.5215271,0.1294411,1.031538,0.5255918,0.4040954,-0.1280589,-0.6681033,0.3613451,-0.2260375,24,24,24,24,24,24,24,24,24,24,24,24,24,24,24,24
882,8820,-290.4744,-289.3715,-292.6964,-290.7394,-283.6253,-284.2234,-255.9512,-80.87737,47.93726,83.3185,-25.52325,-208.1508,-316.6252,-289.6803,-287.833,-299.0276,24,24,24,24,24,24,24,24,24,24,24,24,24,24,24,24,882,8820,-290.3443,-293.3708,77.78214,-102.256,-0.1330201,0.6136303,-0.5224261,0.1303577,1.765843E-05,-0.1273935,-0.1313883,-0.1347338,-0.1280589,0.2228076,-0.1204465,0.565137,24,24,24,24,24,24,24,24,24,24,24,24,24,24,24,24
883,8830,-281.5775,-286.3484,-284.573,-280.1428,-270.832,-273.3631,-249.8269,-80.25043,47.93726,83.3185,-23.86178,-204.9989,-311.031,-280.8481,-279.6061,-286.6137,24,24,24,24,24,24,24,24,24,24,24,24,24,24,24,24,883,8830,-281.2083,-280.2098,79.09165,-100.3196,-0.3956611,-1.227171,-2.88956E-05,0.6518688,-0.3882494,-0.1273935,-0.2627831,-0.2694403,0.5118471,1.002353,-0.8431332,-0.6781349,24,24,24,24,24,24,24,24,24,24,24,24,24,24,24,24
884,8840,-277.2493,-284.2927,-281.1267,-272.9567,-267.2112,-273.3631,-255.3133,-84.88976,45.95541,85.65683,-21.7256,-209.7898,-327.8135,-292.0674,-283.1831,-271.91,24,24,24,24,24,24,24,24,24,24,24,24,24,24,24,24,884,8840,-290.613,-285.0793,79.09165,-101.9978,-1.052264,-0.2454104,-0.2612275,-0.3911502,0.2588629,0.001376554,-0.5255757,0.4040954,0.3838653,-0.2226471,-0.361342,-0.339061,24,24,24,24,24,24,24,24,24,24,24,24,24,24,24,24
885,8850,-283.6214,-285.0182,-279.1573,-272.9567,-272.0389,-286.3214,-266.9241,-93.79227,42.73489,82.45701,-23.14972,-216.2196,-334.5979,-286.6964,-279.6061,-273.5973,24,24,24,24,24,24,24,24,24,24,24,24,24,24,24,24,885,8850,-292.0909,-296.9242,80.79396,-100.7069,0.2609409,0.368191,-0.6530262,0.6518688,0.3882863,-0.6424745,0.3941938,0.5388019,-0.8959484,0.1114439,0.6022406,0.2260632,24,24,24,24,24,24,24,24,24,24,24,24,24,24,24,24
886,8860,-291.0756,-286.2275,-281.4959,-278.6813,-286.7633,-309.8933,-277.5142,-93.41611,45.08834,83.19543,-33.35592,-225.5491,-338.0496,-282.519,-280.56,-280.3466,24,24,24,24,24,24,24,24,24,24,24,24,24,24,24,24,886,8860,-289.1351,-292.4495,78.82977,-100.9651,1.048865,-0.613566,1.044765,-0.6519041,-0.5176712,0.001376554,0.3941938,-0.8082678,-0.1280589,-0.6681033,1.605311E-06,1.284249E-05,24,24,24,24,24,24,24,24,24,24,24,24,24,24,24,24
887,8870,-296.3657,-288.2832,-286.9116,-294.6371,-300.6429,-307.6718,-276.7487,-88.27523,48.06113,82.70315,-30.8637,-212.3113,-320.3149,-290.9932,-295.7023,-292.5193,24,24,24,24,24,24,24,24,24,24,24,24,24,24,24,24,887,8870,-307.1384,-313.1122,79.09165,-99.41589,-0.5269819,3.210623E-05,0.5224213,-0.3911502,0.7765533,0.1301466,0.1314044,0.5388019,-0.2560408,-0.3340123,0.240897,1.284249E-05,24,24,24,24,24,24,24,24,24,24,24,24,24,24,24,24
888,8880,-305.9839,-306.059,-312.7588,-311.8109,-307.1602,-307.9187,-267.3069,-85.51672,45.58381,79.6264,-29.55826,-212.6895,-321.9813,-292.3061,-294.3907,-314.3339,24,24,24,24,24,24,24,24,24,24,24,24,24,24,24,24,888,8880,-297.062,-299.688,81.1868,-100.3196,0.2609409,-0.9817281,-0.1305744,0.2607347,0.1294411,-0.6424745,-0.2627831,-0.8082678,-0.1280589,0.1114439,-0.8431332,-0.1130107,24,24,24,24,24,24,24,24,24,24,24,24,24,24,24,24
889,8890,-294.3218,-296.1432,-296.1427,-296.9512,-287.8495,-286.5682,-257.61,-81.62971,48.55664,83.07236,-27.65944,-210.7984,-320.0769,-286.9352,-287.1177,-298.5455,24,24,24,24,24,24,24,24,24,24,24,24,24,24,24,24,889,8890,-291.2848,-286.9219,79.4845,-99.15771,-0.6583028,-0.7362889,0.6530198,0.5214886,-0.5176744,-0.1273935,-0.2627831,-2.568498E-05,0.255885,0.4455349,-0.2408942,-1.017209,24,24,24,24,24,24,24,24,24,24,24,24,24,24,24,24
890,8900,-285.6653,-286.1065,-286.6654,-279.8993,-273.2459,-277.9294,-254.6754,-84.13746,45.95545,81.84165,-25.2859,-211.4287,-326.0281,-289.919,-286.5215,-286.9753,24,24,24,24,24,24,24,24,24,24,24,24,24,24,24,24,890,8900,-289.1351,-286.9219,82.49626,-99.15771,-0.1330201,0.1227549,0.3918212,-0.3911534,1.035397,-1.415096,-0.2627831,-0.1347338,-7.866025E-05,0.1114439,0.240897,1.284249E-05,24,24,24,24,24,24,24,24,24,24,24,24,24,24,24,24
891,8910,-287.4687,-289.2506,-284.8192,-278.0723,-270.9527,-276.942,-255.4409,-86.64521,43.602,79.38025,-26.47267,-209.5376,-316.7442,-281.2062,-276.8638,-284.8059,24,24,24,24,24,24,24,24,24,24,24,24,24,24,24,24,891,8910,-285.7763,-286.3954,80.00828,-99.41589,-0.1330201,0.859076,-0.7835717,-0.1303994,1.605311E-05,-0.3849344,3.210623E-06,0.1346808,-0.1280589,-0.2226471,1.605311E-06,-0.2260375,24,24,24,24,24,24,24,24,24,24,24,24,24,24,24,24
892,8920,-277.2493,-282.237,-281.0036,-273.3221,-268.5389,-277.0655,-259.5239,-89.77989,43.2304,83.56464,-24.21781,-211.0505,-326.1471,-290.5158,-284.7331,-275.7667,24,24,24,24,24,24,24,24,24,24,24,24,24,24,24,24,892,8920,-275.6999,-281.6575,79.74638,-101.2232,0.1296209,-0.2454072,0.5224213,-0.5215303,0.1294395,0.6452276,0.1313979,1.077629,0.3838653,-1.336287,-0.2408942,-0.1130107,24,24,24,24,24,24,24,24,24,24,24,24,24,24,24,24
893,8930,-290.3542,-294.934,-287.0346,-279.5339,-279.8839,-292.7389,-266.4138,-89.65451,43.72586,80.98016,-30.62635,-215.3371,-319.6008,-276.1933,-276.8638,-275.4052,24,24,24,24,24,24,24,24,24,24,24,24,24,24,24,24,893,8930,-275.2968,-275.7351,80.9249,-97.99583,-0.001700025,3.210623E-05,-0.391773,-0.5215303,0.5177065,-0.2561635,-0.2627895,-0.2694403,-0.8959484,0.4455349,0.3613451,-0.1130107,24,24,24,24,24,24,24,24,24,24,24,24,24,24,24,24
894,8940,-284.2226,-284.1718,-284.8192,-282.8225,-280.7287,-293.973,-264.2447,-86.7706,45.33612,80.48788,-29.55826,-214.0763,-317.4583,-274.8804,-272.3331,-278.5387,24,24,24,24,24,24,24,24,24,24,24,24,24,24,24,24,894,8940,-268.5792,-272.3133,80.40112,-99.54498,0.3922618,-0.8590086,2.407967E-05,0.1303545,-0.9059414,0.001376554,-0.9197664,-0.9429743,0.255885,-0.2226471,-0.7226855,-0.4520846,24,24,24,24,24,24,24,24,24,24,24,24,24,24,24,24
895,8950,-279.5337,-278.1255,-277.4342,-276.6107,-279.8839,-294.3433,-268.4552,-87.7737,45.83158,83.07235,-31.45709,-216.5978,-326.9803,-284.7868,-284.7331,-274.5615,24,24,24,24,24,24,24,24,24,24,24,24,24,24,24,24,895,8950,-282.1488,-285.7374,80.00828,-99.41589,-1.183585,-0.3681268,2.407967E-05,0.5214886,0.2588629,-0.2561635,-0.6569737,0.2693873,0.255885,8.026557E-05,-0.361342,-0.4520846,24,24,24,24,24,24,24,24,24,24,24,24,24,24,24,24
896,8960,-291.5565,-288.1623,-289.127,-290.7394,-291.591,-297.1818,-265.5206,-84.13746,47.44184,83.07235,-27.65944,-209.7898,-315.3159,-277.8642,-277.2215,-292.7604,24,24,24,24,24,24,24,24,24,24,24,24,24,24,24,24,896,8960,-264.683,-265.4696,81.1868,-100.4487,-0.5269819,-0.2454072,-0.1305744,0.7822425,0.1294395,-0.5137045,3.210623E-06,0.6735084,-0.1280589,0.2228076,1.605311E-06,-0.339061,24,24,24,24,24,24,24,24,24,24,24,24,24,24,24,24
897,8970,-278.4516,-280.6649,-279.2804,-279.2903,-276.7459,-283.8531,-260.2894,-87.14676,44.22132,79.25718,-28.84621,-209.6637,-309.8407,-268.9127,-268.3984,-283.1186,24,24,24,24,24,24,24,24,24,24,24,24,24,24,24,24,897,8970,-275.9686,-275.3402,80.66301,-98.38313,0.1296209,0.6136335,2.407967E-05,-0.3911534,-1.294208,0.2589166,1.051167,-0.5388532,0.255885,-0.7794669,0.3613451,1.284249E-05,24,24,24,24,24,24,24,24,24,24,24,24,24,24,24,24
898,8980,-270.3963,-270.4602,-269.4338,-266.6231,-263.4698,-269.2904,-253.3994,-84.7644,43.97359,81.2263,-26.59135,-201.9731,-300.1997,-257.8127,-258.0254,-269.1379,24,24,24,24,24,24,24,24,24,24,24,24,24,24,24,24,898,8980,-288.329,-282.7104,82.6272,-98.64131,-0.001700025,-0.3681268,-0.391773,-0.7822843,-0.2588276,0.6452276,-0.1313915,0.5388019,-0.7679665,-0.3340123,-0.2408942,0.3390867,24,24,24,24,24,24,24,24,24,24,24,24,24,24,24,24
899,8990,-260.5376,-263.6896,-263.5259,-263.6999,-264.4354,-270.2777,-253.5271,-84.7644,45.08839,82.21086,-22.55634,-196.0476,-300.4378,-269.5094,-269.1139,-264.076,24,24,24,24,24,24,24,24,24,24,24,24,24,24,24,24,899,8990,-276.2373,-273.8925,80.27017,-99.54498,0.2609409,-0.7362889,-1.175369,-0.6519073,1.16482,-0.1273935,0.3941906,-0.6735597,-0.2560408,0.2228076,0.1204493,0.2260632,24,24,24,24,24,24,24,24,24,24,24,24,24,24,24,24
900,9000,-272.4402,-272.7574,-277.0649,-278.0723,-277.8321,-283.8531,-260.6721,-87.39754,45.08839,82.457,-23.98046,-201.4688,-306.7461,-281.0868,-285.8062,-274.0794,24,24,24,24,24,24,24,24,24,24,24,24,24,24,24,24,900,9000,-276.7747,-276.2615,82.8891,-98.25403,0.1296209,-0.613566,0.3918212,0.2607347,1.605311E-05,0.6452276,-0.1313915,-0.2694403,0.255885,8.026557E-05,-0.9635813,-0.9041852,24,24,24,24,24,24,24,24,24,24,24,24,24,24,24,24
901,9010,-291.9172,-287.9911,-290.9732,-290.1305,-287.8496,-289.6536,-265.1378,-89.15295,42.98267,80.85709,-29.9143,-212.0591,-319.4818,-282.9965,-284.6138,-295.6529,24,24,24,24,24,24,24,24,24,24,24,24,24,24,24,24,901,9010,-279.5961,-278.6305,80.9249,-98.38313,-1.446226,-0.8590086,0.2612227,0.1303545,0.5177065,-0.7712445,-0.1313915,0.4040954,-7.866025E-05,-0.7794669,-0.8431336,0.3390867,24,24,24,24,24,24,24,24,24,24,24,24,24,24,24,24
902,9020,-284.8237,-286.0567,-280.3882,-276.8543,-276.2632,-283.9766,-258.6307,-84.26285,47.56571,84.17999,-24.09914,-209.5376,-319.1247,-286.4578,-283.5407,-288.4216,24,24,24,24,24,24,24,24,24,24,24,24,24,24,24,24,902,9020,-263.205,-261.7845,80.79396,-100.1905,-0.3956611,0.9817956,-0.391773,0.5214886,-0.6470962,-0.5137045,0.2627959,0.2693873,0.1279032,-0.3340123,0.240897,0.1130396,24,24,24,24,24,24,24,24,24,24,24,24,24,24,24,24
903,9030,-286.6272,-290.8928,-290.9732,-287.5727,-283.1426,-296.6881,-268.5828,-92.28765,41.86787,81.47244,-27.65944,-218.4889,-335.074,-295.1706,-288.7869,-284.5648,24,24,24,24,24,24,24,24,24,24,24,24,24,24,24,24,903,9030,-261.8615,-260.6,80.00828,-98.64131,0.2609409,-0.613566,0.5224229,-0.7822843,-0.5176744,0.001376554,-0.3941842,-0.5388532,0.6398289,-0.5567396,0.3613451,-0.2260375,24,24,24,24,24,24,24,24,24,24,24,24,24,24,24,24
904,9040,-293.8409,-296.8171,-287.65,-277.7069,-277.108,-295.5774,-271.9002,-92.53842,42.8588,82.08779,-34.78004,-232.3572,-351.3804,-296.3642,-287.833,-281.4312,24,24,24,24,24,24,24,24,24,24,24,24,24,24,24,24,904,9040,-276.1029,-280.7362,80.53207,-99.54498,-0.001700025,0.1227549,-0.3917714,-0.5215239,1.605311E-05,0.5164568,0.1313979,0.6735084,-1.02393,-0.3340123,-0.361342,0.7911873,24,24,24,24,24,24,24,24,24,24,24,24,24,24,24,24
905,9050,-297.2073,-296.6962,-290.9732,-287.6945,-295.4532,-322.3579,-287.7215,-98.30625,43.97355,83.93385,-27.89679,-217.3543,-331.9793,-283.3546,-282.5869,-289.0242,24,24,24,24,24,24,24,24,24,24,24,24,24,24,24,24,905,9050,-280.4022,-283.6316,80.27017,-100.0614,0.2609409,-0.9817281,-0.65297,0.3911149,0.3882847,-0.9000146,-0.1313915,-1.077681,-0.7679665,-0.1112834,-0.1204465,-0.2260375,24,24,24,24,24,24,24,24,24,24,24,24,24,24,24,24
906,9060,-297.0871,-296.4544,-295.8965,-301.7015,-310.781,-325.1964,-282.3627,-91.40993,46.20313,81.71858,-32.52518,-219.1193,-332.2174,-300.1835,-303.2138,-297.5813,24,24,24,24,24,24,24,24,24,24,24,24,24,24,24,24,906,9060,-291.0161,-293.7656,80.00828,-98.51221,-0.264341,-0.9817281,-0.1305728,0.9126259,-0.2588276,0.1301466,-1.182556,-0.1347338,0.1279032,8.026557E-05,-0.7226855,-0.339061,24,24,24,24,24,24,24,24,24,24,24,24,24,24,24,24
907,9070,-303.0985,-300.5651,-302.4199,-303.7721,-299.6774,-296.8115,-263.224,-80.87738,49.17591,83.31849,-27.42208,-209.7898,-320.1959,-292.7836,-292.0061,-313.3698,24,24,24,24,24,24,24,24,24,24,24,24,24,24,24,24,907,9070,-295.8528,-295.7397,80.9249,-99.2868,-1.183585,-0.3681268,0.3918244,-0.130393,0.7765533,-0.2561635,-0.9197664,-2.568498E-05,-7.866025E-05,0.4455349,0.1204493,-0.5651113,24,24,24,24,24,24,24,24,24,24,24,24,24,24,24,24
908,9080,-287.8294,-287.1448,-289.6193,-289.1561,-284.953,-288.6662,-257.3548,-83.38513,47.56566,83.68771,-22.55634,-207.3944,-320.3149,-292.5449,-289.3831,-294.0861,24,24,24,24,24,24,24,24,24,24,24,24,24,24,24,24,908,9080,-315.1996,-306.4001,80.9249,-100.1905,0.3922618,0.7363531,-0.3917714,1.17338,-0.5176744,-0.2561635,0.3941906,0.1346824,-7.866025E-05,-0.1112834,1.605311E-06,0.6781605,24,24,24,24,24,24,24,24,24,24,24,24,24,24,24,24
909,9090,-283.6215,-289.5629,-290.1116,-279.4121,-270.47,-276.8186,-256.0789,-87.14676,44.84061,84.17999,-22.20031,-209.9158,-328.8846,-293.261,-288.0715,-286.0111,24,24,24,24,24,24,24,24,24,24,24,24,24,24,24,24,909,9090,-298.5398,-295.4765,79.35355,-100.9651,0.1296209,-0.1226875,0.3918244,-1.043032,0.2588629,0.7739977,0.5255854,-0.1347306,0.1279594,-0.5567396,-0.2408942,-0.2260375,24,24,24,24,24,24,24,24,24,24,24,24,24,24,24,24
910,9100,-285.6653,-291.0137,-285.9269,-278.4377,-277.108,-292.7389,-267.0517,-88.65141,46.327,85.53376,-26.59135,-219.7497,-338.7637,-289.0836,-280.7984,-276.6104,24,24,24,24,24,24,24,24,24,24,24,24,24,24,24,24,910,9100,-293.5688,-293.6339,80.66301,-99.2868,-0.3956611,0.4909138,-0.7835685,-0.9126548,0.7765533,0.6452276,-0.9197664,0.5388035,-0.8958921,0.3341712,0.4817929,1.284249E-05,24,24,24,24,24,24,24,24,24,24,24,24,24,24,24,24
911,9110,-288.7913,-291.7391,-280.7574,-271.2515,-270.7114,-287.9258,-266.6689,-92.16226,43.72581,83.44156,-24.8112,-212.0591,-326.8612,-281.2062,-273.1677,-277.3335,24,24,24,24,24,24,24,24,24,24,24,24,24,24,24,24,911,9110,-287.7916,-289.8173,80.53207,-100.1905,0.6549028,-0.7362889,-0.65297,-1.605311E-05,-0.5176744,-0.2561635,3.210623E-06,-1.077679,-0.3839664,0.1114439,-0.6021864,-0.2260375,24,24,24,24,24,24,24,24,24,24,24,24,24,24,24,24
912,9120,-280.3753,-274.3291,-272.8802,-274.1747,-278.677,-291.875,-267.0517,-89.02757,45.58381,85.28762,-24.45517,-208.1508,-317.3392,-271.2998,-270.4254,-277.695,24,24,24,24,24,24,24,24,24,24,24,24,24,24,24,24,912,9120,-286.7168,-285.2109,78.04408,-101.9978,-1.052264,-0.3681268,0.1306258,0.9126259,0.2588629,0.001376554,-1.051161,0.2693905,0.2559412,-0.1112834,-0.3612906,-0.3390739,24,24,24,24,24,24,24,24,24,24,24,24,24,24,24,24
913,9130,-274.2436,-269.9766,-269.9262,-271.9823,-278.5563,-290.8877,-264.1171,-85.14056,47.93726,82.58007,-31.21974,-215.5892,-319.0056,-272.8513,-273.1677,-274.0793,24,24,24,24,24,24,24,24,24,24,24,24,24,24,24,24,913,9130,-276.1029,-276.3931,80.27017,-101.4814,-0.1330201,0.4909138,2.568498E-05,1.043003,0.1294395,-1.415096,0.6569801,0.2693905,-0.2559845,0.4455349,0.1205007,0.1130268,24,24,24,24,24,24,24,24,24,24,24,24,24,24,24,24
914,9140,-287.9497,-282.3087,-283.8345,-291.2267,-294.4876,-301.0075,-267.9448,-86.01827,48.06112,84.67226,-25.16723,-206.3858,-310.0787,-270.9417,-269.71,-285.529,24,24,24,24,24,24,24,24,24,24,24,24,24,24,24,24,914,9140,-284.9702,-285.3426,77.2584,-101.9978,0.2609409,0.2454746,0.5224229,0.2607379,-0.5176744,-0.5137045,0.6569801,0.8082181,0.1279594,-0.1112834,0.1205007,-0.2260471,24,24,24,24,24,24,24,24,24,24,24,24,24,24,24,24
915,9150,-271.4784,-267.1958,-269.1877,-272.2259,-271.0734,-274.7206,-253.3994,-79.49812,48.68045,83.68771,-25.76061,-201.9731,-299.9616,-263.1836,-265.1792,-276.0077,24,24,24,24,24,24,24,24,24,24,24,24,24,24,24,24,915,9150,-295.5841,-295.8713,78.43692,-100.3196,-0.001700025,-0.2454072,0.1306258,-1.173409,0.2588629,0.2589166,-0.2627895,-0.6735581,0.1279594,-0.3340123,5.297528E-05,-0.3390739,24,24,24,24,24,24,24,24,24,24,24,24,24,24,24,24
916,9160,-271.9593,-273.7246,-278.9112,-279.7775,-278.0736,-280.6444,-256.2064,-81.00277,48.92818,86.27217,-18.87736,-197.6866,-306.0319,-286.8158,-284.7331,-273.2357,24,24,24,24,24,24,24,24,24,24,24,24,24,24,24,24,916,9160,-305.1231,-302.3202,78.69881,-100.4487,0.1296209,3.210623E-05,-0.2611729,-0.26077,0.7765533,-0.1273935,-0.3941842,-0.2694371,-0.7679103,8.026557E-05,0.6022919,-0.1130235,24,24,24,24,24,24,24,24,24,24,24,24,24,24,24,24
917,9170,-277.7303,-285.8149,-288.6346,-282.4571,-273.7286,-280.521,-258.7583,-88.02448,43.97355,82.82621,-24.92987,-211.6809,-326.2661,-287.2932,-281.1561,-287.0958,24,24,24,24,24,24,24,24,24,24,24,24,24,24,24,24,917,9170,-288.1947,-284.6845,78.56787,-100.4487,0.3923132,-1.349887,-0.2611729,0.1303609,-0.388251,-0.1273935,-0.2627895,-0.6735581,0.1279594,0.4455349,-0.2408428,-0.3390739,24,24,24,24,24,24,24,24,24,24,24,24,24,24,24,24
918,9180,-267.7513,-282.1878,-281.2497,-273.6875,-268.5389,-272.4992,-254.8029,-84.7644,44.71674,83.44156,-22.79369,-203.6121,-311.1499,-273.5675,-272.0946,-273.8383,24,24,24,24,24,24,24,24,24,24,24,24,24,24,24,24,918,9180,-291.2848,-289.554,78.56787,-100.3196,-0.7895716,-0.36813,0.2612243,0.9126259,1.605311E-05,0.001376554,-1.051161,0.1346824,0.3839214,-0.2226471,-0.3612906,-0.3390739,24,24,24,24,24,24,24,24,24,24,24,24,24,24,24,24
919,9190,-269.4345,-276.3845,-274.8494,-266.9885,-262.1422,-271.1416,-253.3994,-84.38823,46.57473,85.16455,-22.31898,-211.4288,-326.2661,-289.6804,-282.5869,-265.1607,24,24,24,24,24,24,24,24,24,24,24,24,24,24,24,24,919,9190,-276.3716,-278.2357,77.91314,-101.4814,-0.001648655,0.2454714,0.1306258,0.1303609,1.605311E-05,-1.028785,-0.2627895,0.404097,-0.1280027,8.026557E-05,-0.3612906,3.210623E-06,24,24,24,24,24,24,24,24,24,24,24,24,24,24,24,24
920,9200,-290.4745,-288.7166,-282.3575,-275.3927,-272.5217,-285.7043,-261.5653,-85.89288,46.6986,85.90296,-22.31898,-208.1508,-318.4105,-276.3127,-271.9754,-280.1055,24,24,24,24,24,24,24,24,24,24,24,24,24,24,24,24,920,9200,-277.4464,-279.6833,76.86556,-100.836,0.1296722,0.2454714,2.568498E-05,-0.2607154,-0.388251,-0.2561635,0.1313979,-2.407967E-05,-0.2559845,-0.2226471,0.3613965,-0.1130235,24,24,24,24,24,24,24,24,24,24,24,24,24,24,24,24
921,9210,-271.8391,-269.9766,-266.8491,-258.8279,-257.6766,-267.4392,-252.3787,-84.63901,44.84061,81.84165,-25.04855,-206.5118,-311.626,-265.6901,-261.1254,-269.1379,24,24,24,24,24,24,24,24,24,24,24,24,24,24,24,24,921,9210,-281.2083,-284.2897,79.35355,-100.0614,0.1296722,-0.1226907,0.5224229,-0.5214694,-0.2588276,0.2589166,3.210623E-06,-0.1347306,0.1279594,-0.6681033,-0.6021864,-0.1130235,24,24,24,24,24,24,24,24,24,24,24,24,24,24,24,24
922,9220,-254.1655,-258.249,-260.0796,-255.2957,-255.3835,-265.7115,-249.0613,-79.87428,50.04298,83.68771,-26.47267,-212.0591,-315.1968,-274.0449,-270.1869,-256.8446,24,24,24,24,24,24,24,24,24,24,24,24,24,24,24,24,922,9220,-300.9582,-301.2673,78.69881,-103.1597,-0.2642896,0.6136303,-0.3917714,-0.1303384,0.3882847,0.3876353,-0.7883716,0.2693905,-0.3839664,-0.3340123,0.3613965,0.9042013,24,24,24,24,24,24,24,24,24,24,24,24,24,24,24,24
923,9230,-284.2226,-280.3743,-280.3882,-279.7775,-284.3495,-300.6373,-268.838,-87.64831,47.19407,82.82621,-28.96488,-213.3199,-318.4105,-271.2998,-270.9023,-273.7178,24,24,24,24,24,24,24,24,24,24,24,24,24,24,24,24,923,9230,-299.3459,-295.7397,79.35355,-101.8687,0.6549542,-0.4908496,0.2612243,0.5215464,0.2588629,0.2588653,0.2627959,-1.077679,0.3839214,0.4455349,-0.3612906,-0.3390739,24,24,24,24,24,24,24,24,24,24,24,24,24,24,24,24
924,9240,-283.5012,-278.3189,-278.2957,-280.3865,-287.3668,-297.4286,-269.476,-86.7706,46.327,82.457,-29.20223,-211.3027,-315.4348,-274.2836,-276.7446,-280.1055,24,24,24,24,24,24,24,24,24,24,24,24,24,24,24,24,924,9240,-313.9904,-309.0323,76.34178,-102.6433,-1.446174,-0.7362921,0.2612243,0.5215464,0.1294395,-0.2562149,-1.576743,0.5387987,-2.247436E-05,-0.3340123,-0.7226341,-0.1130235,24,24,24,24,24,24,24,24,24,24,24,24,24,24,24,24
925,9250,-286.9879,-285.9358,-287.65,-290.7394,-293.8841,-304.0929,-272.1553,-88.52602,46.327,81.47244,-29.79562,-214.3285,-321.2671,-286.6965,-286.9984,-287.6984,24,24,24,24,24,24,24,24,24,24,24,24,24,24,24,24,925,9250,-308.6163,-304.5575,77.12746,-102.5142,-0.2642896,-0.2454104,0.5224229,0.5215464,0.5177065,-0.3849858,3.210623E-06,-2.88956E-05,0.1279594,0.2228076,-0.2408428,0.1130268,24,24,24,24,24,24,24,24,24,24,24,24,24,24,24,24
926,9260,-291.4363,-293.19,-296.8812,-298.7782,-295.9359,-300.8841,-267.1793,-85.26595,48.55659,83.93385,-27.06605,-212.3113,-323.5286,-299.2286,-301.1869,-297.2197,24,24,24,24,24,24,24,24,24,24,24,24,24,24,24,24,926,9260,-289.6725,-294.4236,75.81799,-104.1925,-0.3956097,0.4909106,-0.5223715,0.2607925,-0.2588276,0.001325184,0.1313979,0.5387987,0.2559412,-0.1113332,-0.1203951,0.2260503,24,24,24,24,24,24,24,24,24,24,24,24,24,24,24,24
927,9270,-304.1805,-306.4893,-318.6667,-307.7914,-291.3496,-286.3214,-261.4377,-87.64831,44.46902,83.68771,-23.38707,-213.6981,-337.3355,-304.8383,-299.7561,-305.0537,24,24,24,24,24,24,24,24,24,24,24,24,24,24,24,24,927,9270,-294.1062,-299.4247,76.86556,-101.0941,-0.001648655,2.88956E-05,2.568498E-05,-1.303731,0.2588629,0.5164054,0.9197727,0.2693857,-0.5119466,-1.002242,-0.7226855,-0.1130235,24,24,24,24,24,24,24,24,24,24,24,24,24,24,24,24
928,9280,-290.8351,-296.5753,-301.1891,-285.0149,-276.6252,-288.5428,-262.9688,-88.65141,43.97355,80.73402,-28.37149,-218.2368,-331.0271,-295.8867,-292.3638,-289.2652,24,24,24,24,24,24,24,24,24,24,24,24,24,24,24,24,928,9280,-303.7796,-302.9782,78.43692,-103.0306,-0.1329687,0.1227517,-1.044767,-0.9126002,0.3882847,0.3876353,3.210623E-06,0.4040922,-0.7679103,-0.2226968,0.3613451,0.2260567,24,24,24,24,24,24,24,24,24,24,24,24,24,24,24,24
929,9290,-295.524,-296.5753,-294.0503,-285.502,-283.6253,-303.9695,-269.3483,-90.15606,44.96448,82.82621,-29.43958,-222.6494,-335.7881,-284.9061,-281.7523,-291.3141,24,24,24,24,24,24,24,24,24,24,24,24,24,24,24,24,929,9290,-293.0314,-296.2661,77.5203,-102.9015,0.6549542,-0.7362921,-0.3917714,0.1304155,0.3882847,-0.6425259,0.2627959,-0.2694419,-2.247436E-05,0.3341231,-0.1204465,-0.452091,24,24,24,24,24,24,24,24,24,24,24,24,24,24,24,24
930,9300,-298.65,-295.4872,-285.9268,-281.4827,-288.3323,-309.7699,-276.3658,-91.78609,45.45994,82.21086,-33.83063,-225.5491,-336.6213,-282.519,-280.4408,-276.6104,24,24,24,24,24,24,24,24,24,24,24,24,24,24,24,24,930,9300,-285.239,-282.4472,76.60368,-104.1925,-0.2642896,-0.9817314,0.1306258,3.852747E-05,0.1294395,0.001325184,-1.051161,-0.1347354,0.3839214,0.2227594,-0.7226855,-0.7911649,24,24,24,24,24,24,24,24,24,24,24,24,24,24,24,24
931,9310,-285.0641,-285.4522,-284.8192,-286.5983,-289.5392,-305.0802,-273.3037,-91.03378,44.96448,81.2263,-30.74503,-216.4718,-322.6954,-279.6545,-278.1754,-288.7832,24,24,24,24,24,24,24,24,24,24,24,24,24,24,24,24,931,9310,-312.6469,-309.0323,76.86556,-103.6761,-0.5269306,0.1227517,0.2612243,-0.1303384,0.1294395,-0.2562149,0.3941906,-0.2694419,-0.1280027,0.3341231,-0.1204465,0.3390835,24,24,24,24,24,24,24,24,24,24,24,24,24,24,24,24
932,9320,-278.2111,-275.9008,-273.3725,-274.54,-277.2287,-287.0619,-261.5653,-85.14056,47.19407,83.19542,-28.25282,-210.7984,-315.3159,-272.0158,-272.5715,-281.6723,24,24,24,24,24,24,24,24,24,24,24,24,24,24,24,24,932,9320,-309.1537,-305.3472,72.93717,-105.2252,0.1296722,0.2454714,0.1306258,-0.3910924,-1.164787,-0.2562149,0.9197727,0.4040922,0.5119033,-0.3340605,0.3613451,0.1130332,24,24,24,24,24,24,24,24,24,24,24,24,24,24,24,24
933,9330,-275.6863,-274.5709,-279.1573,-282.7007,-287.4875,-295.9476,-268.838,-87.27215,46.20314,81.34937,-29.55826,-211.0505,-321.0291,-294.2158,-293.0792,-278.6592,24,24,24,24,24,24,24,24,24,24,24,24,24,24,24,24,933,9330,-298.5399,-292.5811,75.03232,-102.6433,0.9175438,2.88956E-05,0.5224229,-1.173354,-0.2588276,0.1300952,0.5255854,0.2693857,0.5119033,-0.5567878,-0.361342,-0.2260407,24,24,24,24,24,24,24,24,24,24,24,24,24,24,24,24
934,9340,-292.2779,-294.7617,-303.0353,-301.5796,-293.4014,-293.8496,-263.8619,-85.64211,46.57473,80.36481,-28.60885,-209.5376,-314.0066,-285.3835,-286.2831,-301.9201,24,24,24,24,24,24,24,24,24,24,24,24,24,24,24,24,934,9340,-291.5535,-296.7926,75.03232,-103.1597,-0.6583028,-0.7362921,-1.175367,-0.2607154,0.1294395,0.001325184,-0.7883716,-2.88956E-05,-0.8958921,0.2227594,0.4817929,0.3390835,24,24,24,24,24,24,24,24,24,24,24,24,24,24,24,24
935,9350,-289.7531,-291.1346,-297.6197,-293.6626,-287.0048,-287.3087,-257.8651,-82.50742,46.6986,82.33393,-27.42208,-210.7984,-324.9569,-294.5738,-294.51,-293.7245,24,24,24,24,24,24,24,24,24,24,24,24,24,24,24,24,935,9350,-303.6453,-306.0052,78.17503,-101.6105,0.9175438,-0.2454104,0.9141654,0.2607925,0.1294395,0.5164054,0.1313979,-0.4041484,-0.1280027,0.7795777,-0.8431336,-0.9041916,24,24,24,24,24,24,24,24,24,24,24,24,24,24,24,24
936,9360,-288.1901,-292.2227,-293.681,-285.8674,-278.1942,-282.7424,-258.8858,-86.14365,43.35422,80.73402,-26.11664,-211.1766,-325.0759,-293.3803,-288.5485,-289.7473,24,24,24,24,24,24,24,24,24,24,24,24,24,24,24,24,936,9360,-304.8544,-304.4259,75.81799,-103.8052,-0.6583028,-0.36813,0.1305696,-0.5215271,0.2588629,-0.1274449,-1.182556,-0.1347354,-0.2559845,-0.4454241,-0.6022378,6.421245E-06,24,24,24,24,24,24,24,24,24,24,24,24,24,24,24,24
937,9370,-287.7092,-296.2126,-288.7577,-278.5594,-273.2459,-287.679,-262.0756,-88.6514,42.98262,81.2263,-28.8462,-221.1365,-338.1686,-294.5738,-287.7138,-279.985,24,24,24,24,24,24,24,24,24,24,24,24,24,24,24,24,937,9370,-289.6726,-286.7903,74.24664,-104.0634,0.1296209,0.1227517,0.9141654,0.3911116,0.7765533,-1.415147,-0.1313915,0.6735068,0.1279594,0.2227594,-0.1204465,-0.6781413,24,24,24,24,24,24,24,24,24,24,24,24,24,24,24,24
938,9380,-292.6385,-289.5629,-279.5266,-273.8093,-273.7286,-289.9004,-265.393,-90.03066,42.61103,81.8417,-25.64193,-211.5548,-325.1949,-280.8481,-276.0292,-283.2391,24,24,24,24,24,24,24,24,24,24,24,24,24,24,24,24,938,9380,-278.6556,-269.9443,74.37758,-105.3543,0.3922618,-0.1226907,-0.5224261,0.5214918,-0.3882494,-0.6424745,-0.3941842,-0.6735629,0.2559412,-0.4454241,-0.7226855,-0.1130171,24,24,24,24,24,24,24,24,24,24,24,24,24,24,24,24
939,9390,-282.2989,-281.3415,-277.3111,-275.2708,-277.5908,-293.6028,-270.6242,-94.54462,41.2485,81.22635,-28.84621,-215.5892,-327.6945,-277.6255,-274.5984,-273.3562,24,24,24,24,24,24,24,24,24,24,24,24,24,24,24,24,939,9390,-282.6862,-284.4213,74.50853,-102.256,0.5235819,0.368191,-0.3918276,-1.043035,-0.1294041,0.6452276,-0.1313883,1.212334,0.2559412,-0.2226968,0.1204493,-0.452091,24,24,24,24,24,24,24,24,24,24,24,24,24,24,24,24
940,9400,-290.4744,-285.3313,-282.6037,-288.7906,-295.5738,-311.9913,-279.428,-94.67,42.98262,80.73406,-29.43959,-211.9331,-317.6964,-277.3868,-277.8177,-282.3954,24,24,24,24,24,24,24,24,24,24,24,24,24,24,24,24,940,9400,-291.0161,-288.8961,76.34178,-103.1597,-0.001700025,0.1227517,-1.175423,-0.6519041,-0.2588276,0.1301466,0.6569865,0.4040954,-1.663778,0.1113942,0.4817929,0.7911809,24,24,24,24,24,24,24,24,24,24,24,24,24,24,24,24
941,9410,-282.1786,-285.5731,-293.8041,-296.2204,-298.1084,-303.4758,-273.6864,-91.40992,42.48716,80.98021,-28.96488,-209.7898,-321.3861,-285.6222,-288.4292,-292.2783,24,24,24,24,24,24,24,24,24,24,24,24,24,24,24,24,941,9410,-281.8801,-282.842,77.78219,-100.836,0.2609409,-1.34989,-0.2612275,0.2607347,-0.1294041,0.5164568,-0.1313883,-0.8082678,0.1279546,0.3341231,-0.9635813,-1.017215,24,24,24,24,24,24,24,24,24,24,24,24,24,24,24,24
942,9420,-288.1901,-284.7268,-293.9272,-299.6308,-298.8326,-302.1183,-270.6242,-90.15605,43.23035,81.8417,-25.16723,-207.7726,-324.3617,-299.2287,-299.0407,-297.3403,24,24,24,24,24,24,24,24,24,24,24,24,24,24,24,24,942,9420,-280.1335,-280.4731,76.86556,-103.8052,-0.6583028,-0.6135693,0.2611697,-0.1303962,0.6471315,-0.3849344,-0.5255757,0.2693873,-0.3839712,0.1113926,-0.361342,0.1130332,24,24,24,24,24,24,24,24,24,24,24,24,24,24,24,24
943,9430,-302.0164,-308.9074,-317.8052,-310.9582,-300.2808,-302.1183,-269.0931,-92.16225,40.00984,77.65731,-29.55826,-222.0191,-348.5237,-321.548,-311.9176,-303.7279,24,24,24,24,24,24,24,24,24,24,24,24,24,24,24,24,943,9430,-291.4192,-293.7656,76.73462,-103.4179,1.048865,0.4909106,-0.2612275,0.3911116,0.2588629,-1.415096,0.3941938,0.8082148,-2.729029E-05,0.5568472,-0.7226851,-0.1130171,24,24,24,24,24,24,24,24,24,24,24,24,24,24,24,24
944,9440,-305.0221,-321.6022,-317.559,-295.1242,-283.1426,-297.0583,-272.9209,-98.18085,37.16093,80.61099,-33.11856,-238.1567,-374.5902,-315.6996,-300.71,-297.7018,24,24,24,24,24,24,24,24,24,24,24,24,24,24,24,24,944,9440,-307.4071,-304.6891,73.5919,-103.1597,-0.5269819,0.4909106,-0.3918276,-1.926374E-05,-0.9059398,-0.3849344,6.421245E-06,-2.568498E-05,-2.729029E-05,2.88956E-05,0.2408974,0.3390835,24,24,24,24,24,24,24,24,24,24,24,24,24,24,24,24
945,9450,-319.4495,-309.391,-292.4502,-286.1111,-296.4187,-326.4306,-291.4216,-102.0679,39.14278,79.01108,-33.9493,-224.6667,-336.5023,-283.2352,-279.3677,-290.3499,24,24,24,24,24,24,24,24,24,24,24,24,24,24,24,24,945,9450,-283.0893,-285.0793,75.94894,-100.0614,0.3922618,0.2454714,0.2611697,-1.303789,0.7765533,0.001376554,-0.2627831,0.2693873,0.1279546,-0.4454274,-0.7226851,-0.5651178,24,24,24,24,24,24,24,24,24,24,24,24,24,24,24,24
946,9460,-289.2722,-289.9256,-284.573,-281.4826,-285.9185,-307.1782,-277.3866,-95.04617,41.9917,79.01108,-37.39093,-227.8185,-336.0262,-285.7416,-285.8062,-287.3368,24,24,24,24,24,24,24,24,24,24,24,24,24,24,24,24,946,9460,-286.4481,-281.3943,77.65124,-102.256,0.5235819,-0.36813,-0.7836247,0.1303577,0.3882863,-0.7712445,6.421245E-06,0.1346808,-0.7679151,-0.2226984,0.4817929,0.452107,24,24,24,24,24,24,24,24,24,24,24,24,24,24,24,24
947,9470,-299.8523,-290.651,-287.1577,-291.3484,-299.1946,-311.6211,-275.9831,-87.52291,45.45994,80.36485,-37.86563,-221.893,-329.5988,-289.561,-293.4369,-298.666,24,24,24,24,24,24,24,24,24,24,24,24,24,24,24,24,947,9470,-287.6573,-293.2391,78.04408,-99.28679,-0.001700025,-0.4908496,0.9141654,0.9126227,0.5177081,0.9027677,-0.3941778,-0.4041468,0.2559364,0.4454835,-1.084029,-0.9041916,24,24,24,24,24,24,24,24,24,24,24,24,24,24,24,24
948,9480,-310.3122,-306.4893,-305.7431,-306.5734,-304.2636,-306.6845,-268.7104,-87.77369,43.35422,78.39574,-30.98239,-211.6809,-317.3393,-284.3094,-286.0446,-308.4283,24,24,24,24,24,24,24,24,24,24,24,24,24,24,24,24,948,9480,-293.4344,-303.5047,79.74638,-99.80318,-0.001700025,0.1227517,-0.2612275,-1.926374E-05,0.9059767,-0.5137045,0.3941938,0.6735084,-0.1280075,-0.890882,0.1204497,0.5651306,24,24,24,24,24,24,24,24,24,24,24,24,24,24,24,24
949,9490,-283.6214,-283.0341,-290.1116,-292.0792,-288.3323,-289.1599,-262.3308,-85.76749,43.72582,77.78038,-30.98239,-210.042,-313.2924,-285.0255,-288.31,-290.1089,24,24,24,24,24,24,24,24,24,24,24,24,24,24,24,24,949,9490,-286.9855,-289.8173,77.78219,-100.3196,0.1296217,0.9817924,0.5223683,1.043,1.765843E-05,-0.7712445,0.1314044,0.1346808,-2.729029E-05,0.8909382,0.4817929,-0.3390674,24,24,24,24,24,24,24,24,24,24,24,24,24,24,24,24
950,9500,-292.879,-297.3007,-309.9279,-305.2336,-299.4359,-301.2544,-269.8587,-91.03377,40.50531,79.38029,-31.10106,-223.7841,-349.2379,-318.9222,-312.2753,-295.6529,24,24,24,24,24,24,24,24,24,24,24,24,24,24,24,24,950,9500,-294.9123,-293.1075,77.65124,-100.3196,0.3922626,-0.4908464,0.7835669,-1.043035,-0.2588276,0.1301466,0.2627991,-0.4041468,0.2559364,-0.6681547,-0.4817896,-0.452091,24,24,24,24,24,24,24,24,24,24,24,24,24,24,24,24
951,9510,-314.1595,-320.8768,-318.7899,-301.336,-296.1773,-316.9278,-281.7247,-98.30624,39.14278,77.41117,-37.15358,-238.2828,-363.7589,-308.8964,-297.2523,-302.7637,24,24,24,24,24,24,24,24,24,24,24,24,24,24,24,24,951,9510,-278.6556,-265.338,78.96071,-96.70486,-0.001699222,0.2454746,-1.305969,-0.1303962,0.5177081,-0.7712445,6.421245E-06,0.9429213,-1.151859,-0.2226984,0.6022406,0.6781574,24,24,24,24,24,24,24,24,24,24,24,24,24,24,24,24
952,9520,-319.5698,-309.7537,-297.9889,-293.0536,-303.7809,-336.1802,-293.5907,-99.93628,42.48716,80.11871,-40.00182,-234.8787,-350.3091,-290.6352,-289.6215,-290.4704,24,24,24,24,24,24,24,24,24,24,24,24,24,24,24,24,952,9520,-292.3596,-291.1334,82.6272,-98.51221,0.6549037,-0.3681268,-0.2611745,-0.1303994,0.2588629,-0.6424745,0.1314044,-0.4041468,0.5118985,2.88956E-05,-0.4817896,-0.1130171,24,24,24,24,24,24,24,24,24,24,24,24,24,24,24,24
953,9530,-303.3389,-296.3335,-294.5426,-296.464,-304.8671,-319.5195,-282.873,-93.03996,43.10649,78.76494,-37.15358,-223.532,-329.1227,-280.7287,-281.3946,-299.148,24,24,24,24,24,24,24,24,24,24,24,24,24,24,24,24,953,9530,-286.9855,-290.2121,80.40112,-98.51221,-0.6583013,-0.7362889,0.1306226,0.7822425,0.1294395,0.001376554,-0.3941778,-0.1347338,-0.2559894,0.1113926,-0.7226851,-0.3390674,24,24,24,24,24,24,24,24,24,24,24,24,24,24,24,24
954,9540,-290.234,-287.9911,-290.4809,-298.5346,-305.4705,-315.2,-275.4727,-89.6545,44.46902,78.14955,-34.54269,-218.2368,-327.2183,-296.3642,-296.5369,-291.1936,24,24,24,24,24,24,24,24,24,24,24,24,24,24,24,24,954,9540,-288.5977,-277.1828,81.1868,-100.1905,-0.2643402,-0.2454072,-0.7835717,-0.7822843,0.6471299,-1.028785,0.2627991,0.4040954,-2.729029E-05,0.4454835,-0.1204461,-0.1130171,24,24,24,24,24,24,24,24,24,24,24,24,24,24,24,24
955,9550,-305.6232,-307.5775,-314.605,-314.9776,-310.9016,-311.8679,-271.2622,-90.03066,42.61103,79.25718,-29.55826,-215.9675,-330.551,-297.0803,-294.0331,-304.3305,24,24,24,24,24,24,24,24,24,24,24,24,24,24,24,24,955,9550,-282.1488,-280.4731,79.87733,-99.54498,-0.1330193,0.859076,-0.391773,0.2607347,-0.9059414,-0.2561635,0.1314044,-0.1347338,0.1279546,-0.3340637,-0.4817896,-0.3390674,24,24,24,24,24,24,24,24,24,24,24,24,24,24,24,24
956,9560,-292.2779,-295.0035,-294.0503,-288.1816,-283.8667,-284.9639,-260.417,-86.51981,42.73489,79.13411,-29.67694,-213.446,-323.0525,-286.3384,-282.8254,-289.8678,24,24,24,24,24,24,24,24,24,24,24,24,24,24,24,24,956,9560,-278.5213,-275.2086,76.86556,-103.2888,-0.001699222,-0.2454072,2.407967E-05,-0.7822843,1.605311E-05,0.001376554,0.2627991,0.1346808,0.6398803,-0.6681547,-0.8431328,-0.1130171,24,24,24,24,24,24,24,24,24,24,24,24,24,24,24,24
957,9570,-277.0089,-284.1223,-281.7421,-274.7836,-269.9872,-273.8567,-254.6754,-87.52291,42.48716,78.88797,-26.94737,-207.2683,-310.912,-276.5513,-276.2677,-279.6234,24,24,24,24,24,24,24,24,24,24,24,24,24,24,24,24,957,9570,-272.341,-272.4449,76.86556,-99.67409,0.2609417,0.3681942,-0.7835717,-0.7822843,-0.2588276,0.2589166,-0.2627831,0.5388019,-0.8959484,-0.2226984,-0.2408938,0.1130332,24,24,24,24,24,24,24,24,24,24,24,24,24,24,24,24
958,9580,-271.2379,-271.4274,-274.234,-272.4695,-268.7803,-274.1035,-254.5477,-86.77058,42.11556,78.64183,-29.55826,-215.211,-328.2896,-295.648,-291.2908,-274.923,24,24,24,24,24,24,24,24,24,24,24,24,24,24,24,24,958,9580,-271.938,-268.6282,79.74638,-100.9651,-0.001699222,-1.104448,0.2612227,-2.247436E-05,0.1294395,0.7739977,6.421245E-06,-0.9429743,0.1279032,0.2228076,-0.8431328,-0.9041916,24,24,24,24,24,24,24,24,24,24,24,24,24,24,24,24
959,9590,-296.1252,-297.0589,-295.158,-289.765,-289.5392,-304.8333,-273.814,-94.04306,40.62917,78.7649,-33.59327,-223.658,-338.5257,-293.4997,-288.4292,-288.301,24,24,24,24,24,24,24,24,24,24,24,24,24,24,24,24,959,9590,-270.0571,-269.8127,78.96071,-99.54498,-0.5269812,-0.3681268,0.2612227,-0.1303994,-0.6470962,-0.5137045,-0.5255757,-0.2694403,0.1279032,8.026557E-05,-1.084029,-1.243266,24,24,24,24,24,24,24,24,24,24,24,24,24,24,24,24
960,9600,-292.0374,-289.3211,-282.7267,-280.021,-280.7287,-295.3306,-269.8587,-92.91457,42.48716,79.87253,-30.15165,-214.3285,-322.6954,-277.8642,-274.4792,-288.9037,24,24,24,24,24,24,24,24,24,24,24,24,24,24,24,24,960,9600,-265.6234,-264.9431,79.2226,-103.1597,0.2609417,-0.1226875,0.6530198,-2.247436E-05,1.16482,-0.9000146,0.7883812,0.2693873,-0.5120044,0.6682622,-0.1204465,-0.1130171,24,24,24,24,24,24,24,24,24,24,24,24,24,24,24,24
961,9610,-276.8886,-276.3845,-275.4649,-274.0529,-276.9873,-287.4321,-266.5413,-90.90838,40.8769,77.16499,-34.66136,-217.6064,-321.9813,-278.9384,-279.8446,-275.4052,24,24,24,24,24,24,24,24,24,24,24,24,24,24,24,24,961,9610,-263.0707,-263.4954,74.77042,-102.3851,0.3922626,-0.1226875,-0.2611745,-2.247436E-05,-1.035365,-0.9000146,0.7883812,0.2693873,-0.1280589,-0.2226471,0.1204493,0.3390835,24,24,24,24,24,24,24,24,24,24,24,24,24,24,24,24
962,9620,-286.9878,-283.809,-289.8655,-292.9318,-295.9359,-306.808,-273.5588,-89.27834,44.22128,78.7649,-33.71195,-216.4718,-322.9335,-291.3513,-290.4561,-288.06,24,24,24,24,24,24,24,24,24,24,24,24,24,24,24,24,962,9620,-268.3104,-268.8914,76.21083,-102.256,0.9175446,0.3681942,0.1306226,-0.7822843,1.605311E-05,0.5164568,-0.2627831,0.6735084,0.8957911,0.1114439,-0.4817896,-0.6781413,24,24,24,24,24,24,24,24,24,24,24,24,24,24,24,24
963,9630,-288.5508,-290.0971,-298.6043,-299.7526,-292.4359,-293.7262,-266.4138,-88.6514,43.23035,79.9956,-28.49017,-215.211,-331.7413,-295.2899,-291.41,-297.8224,24,24,24,24,24,24,24,24,24,24,24,24,24,24,24,24,963,9630,-280.2679,-278.7621,76.60368,-102.256,0.3922626,0.1227549,-0.391773,-0.1303994,0.3882847,-0.6424745,0.1314044,-2.568498E-05,-1.535854,-0.445376,0.1204493,0.2260567,24,24,24,24,24,24,24,24,24,24,24,24,24,24,24,24
964,9640,-292.3981,-293.7248,-289.127,-279.6556,-275.1769,-278.423,-256.972,-85.64211,42.61103,80.98016,-26.11664,-208.9073,-321.3861,-283.7126,-281.9908,-288.3011,24,24,24,24,24,24,24,24,24,24,24,24,24,24,24,24,964,9640,-286.3137,-292.1862,77.91314,-101.3523,1.180186,-0.7362889,-0.391773,0.1303545,-0.6470962,-0.1273935,-0.1313883,-0.5388532,-7.866025E-05,0.4455349,-1.084029,-0.6781413,24,24,24,24,24,24,24,24,24,24,24,24,24,24,24,24
965,9650,-282.4191,-285.6229,-283.4652,-274.4182,-268.0561,-280.2742,-255.8237,-84.639,44.59288,81.71858,-28.96488,-220.1279,-333.4077,-290.8738,-282.9446,-278.1772,24,24,24,24,24,24,24,24,24,24,24,24,24,24,24,24,965,9650,-296.2558,-294.1604,78.69881,-102.5142,-1.183585,0.6136335,0.7836199,0.2607347,0.2588629,-0.6424745,-0.6569704,0.1346808,-1.15191,-0.8908306,-0.2408942,-0.2260407,24,24,24,24,24,24,24,24,24,24,24,24,24,24,24,24
966,9660,-295.1634,-293.9666,-285.9269,-283.3096,-290.8669,-318.4088,-283.1282,-98.80779,40.62917,80.11867,-32.16915,-224.2884,-335.312,-272.732,-270.4254,-278.9003,24,24,24,24,24,24,24,24,24,24,24,24,24,24,24,24,966,9660,-284.8358,-285.7374,76.60368,-104.967,0.3922618,0.1227549,-0.1305744,-0.2607764,0.9059751,-0.5137045,0.3941938,-0.1347338,-0.2560408,0.3341712,-0.2408942,0.2260567,24,24,24,24,24,24,24,24,24,24,24,24,24,24,24,24
967,9670,-292.6385,-292.2737,-288.3885,-291.7138,-306.1947,-325.1965,-284.6593,-89.77989,46.327,83.19542,-34.54269,-218.9933,-327.2184,-285.0255,-285.9254,-285.5291,24,24,24,24,24,24,24,24,24,24,24,24,24,24,24,24,967,9670,-269.654,-270.7339,75.16326,-102.9015,0.6549028,0.2454746,0.1306258,0.3911116,-0.5176744,0.1301466,-0.1313883,-0.5388532,0.5118471,-0.445376,-0.361342,-0.1130171,24,24,24,24,24,24,24,24,24,24,24,24,24,24,24,24
968,9680,-295.4038,-289.0088,-290.1116,-293.7844,-295.2117,-301.6246,-267.9449,-85.51672,46.94633,81.10323,-30.62635,-210.168,-306.8651,-268.7933,-272.9292,-296.9787,24,24,24,24,24,24,24,24,24,24,24,24,24,24,24,24,968,9680,-279.193,-279.2885,76.47272,-101.4814,0.1296209,0.2454746,0.3918244,-0.9126548,0.3882847,0.1301466,0.2627991,0.1346808,-7.866025E-05,-0.1112834,-0.8431332,-0.1130171,24,24,24,24,24,24,24,24,24,24,24,24,24,24,24,24
969,9690,-286.7474,-287.3158,-286.4192,-292.6882,-290.6255,-295.3306,-262.586,-82.25664,47.19406,81.10323,-32.16915,-211.6809,-313.6495,-283.2352,-282.5869,-287.2164,24,24,24,24,24,24,24,24,24,24,24,24,24,24,24,24,969,9690,-289.8069,-288.6328,77.38935,-102.3851,-0.001700025,-0.1226875,-1.044767,-1.605311E-05,0.1294395,-0.9000146,0.3941938,-0.6735597,-0.2560408,-0.5567396,-0.361342,0.3390835,24,24,24,24,24,24,24,24,24,24,24,24,24,24,24,24
970,9700,-284.2226,-282.237,-286.2961,-286.72,-282.6598,-280.2742,-254.6754,-78.6204,48.80432,82.58007,-29.08355,-205.125,-300.7948,-269.9868,-274.5984,-286.9753,24,24,24,24,24,24,24,24,24,24,24,24,24,24,24,24,970,9700,-294.5092,-291.5282,79.35355,-101.9978,0.2609409,-0.8590086,0.1306258,0.3911149,1.605311E-05,0.1300952,-0.1313883,-0.4041468,-7.866025E-05,0.3341712,-0.361342,-0.6781413,24,24,24,24,24,24,24,24,24,24,24,24,24,24,24,24
971,9710,-274.6043,-277.2791,-289.127,-288.3034,-283.1425,-282.7424,-257.2272,-83.38512,45.58381,80.85709,-27.42208,-212.0591,-323.5286,-294.0964,-290.4561,-282.3954,24,24,24,24,24,24,24,24,24,24,24,24,24,24,24,24,971,9710,-295.3153,-293.1075,78.96071,-101.2232,-0.9209439,-0.4908464,-0.1305728,-0.130393,-0.1294058,-0.9000664,-0.7883716,0.1346808,0.5118471,-0.1112834,-0.4817896,-0.3390674,24,24,24,24,24,24,24,24,24,24,24,24,24,24,24,24
972,9720,-290.4744,-285.502,-284.6961,-282.4571,-280.246,-288.5428,-262.0757,-85.64211,46.327,81.71858,-30.74503,-220.0018,-330.6701,-291.4706,-286.1638,-292.1578,24,24,24,24,24,24,24,24,24,24,24,24,24,24,24,24,972,9720,-300.152,-296.5293,79.35355,-102.7724,-0.264341,0.1227549,-0.2611729,0.9126259,-0.1294058,-1.157607,0.5255854,-2.568498E-05,-0.3840226,0.1114439,-0.1204465,6.421245E-06,24,24,24,24,24,24,24,24,24,24,24,24,24,24,24,24
973,9730,-277.4898,-281.3905,-279.8958,-273.9311,-273.6079,-285.4575,-266.1586,-93.79229,39.63824,80.24174,-27.18473,-214.3285,-324.7188,-286.3384,-283.66,-278.9003,24,24,24,24,24,24,24,24,24,24,24,24,24,24,24,24,973,9730,-307.4071,-306.7949,78.04408,-101.9978,-0.001700025,0.2454746,0.2612243,-0.26077,-0.776518,-0.1274449,0.1313979,-0.4041468,0.5119017,-0.2226471,0.4817929,-0.1130171,24,24,24,24,24,24,24,24,24,24,24,24,24,24,24,24
974,9740,-298.5298,-294.5713,-292.6964,-285.8674,-285.0737,-296.8115,-268.7104,-89.90527,44.59288,81.71858,-28.72753,-216.2196,-324.5998,-281.6836,-277.2215,-283.7212,24,24,24,24,24,24,24,24,24,24,24,24,24,24,24,24,974,9740,-282.0144,-287.3167,79.61544,-99.67409,0.1296209,0.859076,-0.65297,-1.434163,0.3882847,-0.2562149,-0.9197664,0.2693873,-0.2559878,0.6682109,-0.361342,-0.452091,24,24,24,24,24,24,24,24,24,24,24,24,24,24,24,24
975,9750,-280.6157,-282.9626,-277.6804,-272.713,-271.5562,-282.8658,-261.8205,-87.6483,45.83154,82.33393,-26.23532,-209.5376,-315.911,-275.7159,-274.36,-274.3205,24,24,24,24,24,24,24,24,24,24,24,24,24,24,24,24,975,9750,-300.8238,-301.2673,82.23437,-100.1905,0.2609409,3.210623E-05,-0.65297,-1.605311E-05,0.3882847,0.001325184,-0.3941842,-0.4041468,-0.6399317,-0.3340637,0.1204493,0.3390835,24,24,24,24,24,24,24,24,24,24,24,24,24,24,24,24
976,9760,-275.3257,-272.9258,-271.8955,-270.277,-270.7113,-276.8186,-257.0996,-84.38823,44.09741,81.10323,-28.49017,-207.7726,-309.3647,-270.1062,-269.1139,-277.5746,24,24,24,24,24,24,24,24,24,24,24,24,24,24,24,24,976,9760,-290.613,-288.238,79.61544,-101.4814,-0.264341,-1.349887,0.2612243,-0.130393,-0.776518,0.9027163,-0.1313915,-2.568498E-05,0.3839198,2.88956E-05,-1.084029,-0.5651788,24,24,24,24,24,24,24,24,24,24,24,24,24,24,24,24
977,9770,-264.986,-267.2424,-273.7417,-275.5145,-274.9355,-277.9294,-255.5685,-83.76128,45.58381,81.2263,-25.16722,-202.4774,-301.9851,-266.7643,-266.8485,-273.3562,24,24,24,24,24,24,24,24,24,24,24,24,24,24,24,24,977,9770,-283.761,-282.9736,78.96071,-100.7069,-0.1330201,-0.1226875,0.3918244,-0.26077,0.1294395,-0.5137558,-0.9197664,0.1346808,0.255938,-0.6681547,1.605311E-06,0.452046,24,24,24,24,24,24,24,24,24,24,24,24,24,24,24,24
978,9780,-270.757,-273.7246,-270.4185,-271.7386,-269.5044,-275.4611,-252.8891,-82.50741,45.2122,79.13411,-27.42208,-204.7468,-301.0329,-265.0933,-264.7023,-271.0663,24,24,24,24,24,24,24,24,24,24,24,24,24,24,24,24,978,9780,-283.761,-279.5518,80.13922,-101.2232,0.3922618,-0.1226875,-0.3917714,0.6518688,1.605311E-05,-1.028836,-0.9197664,0.6735084,-0.5119498,0.3341199,0.7226887,0.2259957,24,24,24,24,24,24,24,24,24,24,24,24,24,24,24,24
979,9790,-264.1444,-262.3597,-265.7414,-264.7961,-263.8319,-268.3031,-249.9545,-81.6297,44.71674,79.62639,-27.18473,-201.0906,-299.0095,-263.8998,-263.0331,-268.5353,24,24,24,24,24,24,24,24,24,24,24,24,24,24,24,24,979,9790,-280.2679,-276.9196,79.09161,-100.1905,0.3922618,0.1227549,2.568498E-05,-0.130393,0.2588629,-0.5137558,0.2627959,-0.5388532,0.3839198,-0.2226984,0.1204493,-0.5651788,24,24,24,24,24,24,24,24,24,24,24,24,24,24,24,24
980,9800,-259.3352,-263.0851,-265.8644,-264.9179,-264.4354,-267.9329,-249.8269,-80.75198,45.9554,79.74946,-26.35399,-202.7296,-298.7715,-263.0643,-261.3639,-263.3529,24,24,24,24,24,24,24,24,24,24,24,24,24,24,24,24,980,9800,-274.222,-282.7104,81.44864,-98.51221,0.2609409,0.7363531,-0.3917714,-0.6519009,0.7765533,0.2588653,0.1313979,1.347042,-0.1280059,-0.3340637,0.4817929,0.2259957,24,24,24,24,24,24,24,24,24,24,24,24,24,24,24,24
981,9810,-262.1005,-264.536,-265.1259,-264.6743,-263.8319,-271.0182,-253.1443,-84.38823,42.85875,77.90341,-28.25282,-207.5204,-307.5793,-272.0159,-270.5446,-264.7991,24,24,24,24,24,24,24,24,24,24,24,24,24,24,24,24,981,9810,-282.5518,-286.7903,82.88905,-99.93227,0.9175438,-0.7362889,-0.5223715,-0.26077,1.605311E-05,-0.1274449,0.6569801,-0.8082678,-0.1280059,-0.1113348,-0.6022378,-0.6782023,24,24,24,24,24,24,24,24,24,24,24,24,24,24,24,24
982,9820,-272.1997,-273.241,-275.4649,-272.9567,-271.9183,-278.5464,-261.1825,-89.27834,40.75303,78.14955,-33.23724,-222.3973,-336.8594,-294.0965,-286.76,-272.5126,24,24,24,24,24,24,24,24,24,24,24,24,24,24,24,24,982,9820,-287.1198,-285.4742,81.18674,-100.836,0.2609409,-1.104506,0.1306258,0.782249,-0.1294058,0.5164054,-0.3941842,-0.1347338,-0.2559878,0.5568472,-0.2408942,-0.4521552,24,24,24,24,24,24,24,24,24,24,24,24,24,24,24,24
983,9830,-293.7206,-290.5301,-285.1884,-282.5789,-287.9702,-308.906,-278.5349,-96.55081,41.86783,79.25718,-36.20415,-229.7096,-339.597,-284.19,-279.3677,-282.9981,24,24,24,24,24,24,24,24,24,24,24,24,24,24,24,24,983,9830,-322.0515,-313.9018,80.53202,-101.7396,-0.264341,0.1226972,0.1306226,-0.26077,0.3882847,-0.6425259,-0.1313915,0.5388019,0.3839198,-0.556791,-0.2408942,0.3390193,24,24,24,24,24,24,24,24,24,24,24,24,24,24,24,24
984,9840,-302.1366,-291.3764,-285.6807,-285.7457,-296.66,-319.6429,-283.1282,-93.03996,44.59288,79.87253,-36.44151,-222.9016,-329.8369,-284.19,-285.21,-288.1805,24,24,24,24,24,24,24,24,24,24,24,24,24,24,24,24,984,9840,-298.6742,-294.0288,78.82971,-101.0941,0.3922618,-2.247436E-05,-0.9141703,-0.1303384,-0.1294058,-1.028836,0.1313979,0.6735084,0.6398819,0.2227562,0.3613451,-5.458059E-05,24,24,24,24,24,24,24,24,24,24,24,24,24,24,24,24
985,9850,-301.0546,-295.1245,-296.1427,-296.9512,-297.9876,-303.9695,-275.4727,-91.15915,43.72582,82.33393,-26.8287,-206.764,-313.7686,-274.0449,-273.7638,-299.7507,24,24,24,24,24,24,24,24,24,24,24,24,24,24,24,24,985,9850,-291.8222,-289.0276,81.97243,-100.1905,-0.264341,-0.1227453,0.7836199,-0.2607154,0.1294395,0.001325184,0.2627959,-0.5388532,0.3839198,-0.7795183,-0.8431336,0.112969,24,24,24,24,24,24,24,24,24,24,24,24,24,24,24,24
986,9860,-273.7627,-272.3947,-274.3571,-276.9761,-276.9873,-285.2107,-258.2479,-85.14055,44.59288,77.53419,-30.15165,-207.8986,-305.7939,-271.7772,-271.3792,-276.9719,24,24,24,24,24,24,24,24,24,24,24,24,24,24,24,24,986,9860,-277.9839,-279.5518,81.71053,-100.1905,-0.264341,0.1226972,-0.2611745,-0.6518463,1.605311E-05,0.2589166,3.210623E-06,0.9429213,-0.2559878,-0.2226984,0.1204493,0.2259957,24,24,24,24,24,24,24,24,24,24,24,24,24,24,24,24
987,9870,-273.7627,-273.8455,-278.5419,-283.7968,-284.9529,-290.1472,-259.0134,-82.6328,48.43272,83.31849,-23.86178,-203.8642,-311.7451,-281.5642,-280.6792,-279.1413,24,24,24,24,24,24,24,24,24,24,24,24,24,24,24,24,987,9870,-290.4787,-289.9489,82.49622,-100.5778,0.3922618,-0.8590663,-0.6529716,3.852747E-05,0.3882847,0.1301466,0.2627959,-0.2694403,0.1279578,0.1113926,0.240897,-0.2261049,24,24,24,24,24,24,24,24,24,24,24,24,24,24,24,24
988,9880,-277.9707,-277.8353,-282.6037,-281.1173,-277.108,-277.8059,-260.6721,-91.28453,39.14278,78.14955,-26.23531,-208.7812,-324.3618,-293.261,-290.3369,-281.3107,24,24,24,24,24,24,24,24,24,24,24,24,24,24,24,24,988,9880,-284.8358,-286.3954,80.92486,-100.7069,-1.314905,-0.981786,-0.5223731,0.9126773,1.605311E-05,-0.1273935,-1.182556,0.134676,0.6398819,-0.1113348,-0.6022378,-0.3391284,24,24,24,24,24,24,24,24,24,24,24,24,24,24,24,24
989,9890,-292.9992,-296.2126,-299.589,-291.4703,-284.4702,-290.5175,-263.9895,-90.28144,43.10649,80.61095,-26.47267,-214.8328,-329.1228,-294.932,-290.2177,-290.591,24,24,24,24,24,24,24,24,24,24,24,24,24,24,24,24,989,9890,-293.7032,-293.2391,78.82971,-103.9343,0.3922618,0.8590181,0.1306226,0.5215464,0.1294395,-0.6424745,3.210623E-06,0.2693825,-0.383968,0.6682109,0.1204493,0.112969,24,24,24,24,24,24,24,24,24,24,24,24,24,24,24,24
990,9900,-284.8237,-301.7741,-297.4966,-283.5533,-275.4183,-285.9512,-264.7551,-90.6576,42.61103,81.71858,-30.98238,-225.1709,-345.7862,-301.8545,-294.3907,-283.6006,24,24,24,24,24,24,24,24,24,24,24,24,24,24,24,24,990,9900,-283.4923,-285.869,78.69876,-101.6105,0.3922618,0.3681364,-0.6529716,-0.3910924,-0.5176744,0.2589166,0.5255854,0.134676,-0.2559878,0.2227594,1.605311E-06,0.2259957,24,24,24,24,24,24,24,24,24,24,24,24,24,24,24,24
991,9910,-302.858,-302.6204,-290.7271,-280.7519,-282.5391,-301.3778,-277.6418,-97.05236,41.37237,81.84165,-35.61077,-236.0134,-358.1648,-298.7512,-289.6215,-287.8189,24,24,24,24,24,24,24,24,24,24,24,24,24,24,24,24,991,9910,-283.0893,-282.3155,82.10337,-99.67409,0.3922618,-0.245465,-0.391773,-1.434108,-0.6470962,0.1301466,3.210623E-06,-0.134737,-0.1280059,-0.2226968,1.605311E-06,-0.3391284,24,24,24,24,24,24,24,24,24,24,24,24,24,24,24,24
992,9920,-318.4877,-310.9627,-302.9122,-304.2592,-309.574,-331.4905,-286.318,-94.16845,45.45994,80.98016,-36.91621,-231.2225,-343.2867,-288.8448,-285.21,-296.6171,24,24,24,24,24,24,24,24,24,24,24,24,24,24,24,24,992,9920,-283.2236,-280.2098,81.84148,-100.9651,-0.1330201,0.1226972,-0.5223731,0.2607925,1.16482,-0.1273935,0.6569801,-0.4041516,-0.383968,0.1113942,-0.2408942,0.1130268,24,24,24,24,24,24,24,24,24,24,24,24,24,24,24,24
993,9930,-285.0641,-286.0567,-281.8652,-284.7713,-292.5565,-309.523,-274.5796,-89.15295,46.20314,82.70314,-32.4065,-217.6064,-325.79,-274.4029,-274.8369,-288.5421,24,24,24,24,24,24,24,24,24,24,24,24,24,24,24,24,993,9930,-274.8938,-273.6293,81.84148,-101.2232,-0.5269819,-1.227225,0.6530198,0.2607925,-0.6470962,0.2589166,-1.313954,0.2693825,0.5119017,0.1113942,-1.445372,-0.9041948,24,24,24,24,24,24,24,24,24,24,24,24,24,24,24,24
994,9940,-285.545,-284.1223,-287.0346,-290.9831,-297.9876,-312.8552,-277.6418,-90.03066,44.96448,82.58007,-31.21973,-217.2282,-328.6467,-288.8448,-288.4292,-286.3727,24,24,24,24,24,24,24,24,24,24,24,24,24,24,24,24,994,9940,-279.4618,-280.3414,79.48444,-102.256,-0.5269819,-0.245465,0.1306226,-0.1303384,0.1294395,-0.5137045,-0.6569737,0.134676,0.1279578,0.1113942,-0.4817896,-0.1130235,24,24,24,24,24,24,24,24,24,24,24,24,24,24,24,24
995,9950,-285.6653,-291.6183,-290.604,-291.3484,-287.7289,-293.2325,-264.3723,-86.26904,46.07927,81.2263,-28.49017,-211.1766,-319.2437,-286.6964,-286.5215,-293.2425,24,24,24,24,24,24,24,24,24,24,24,24,24,24,24,24,995,9950,-275.5656,-280.473,80.9249,-102.5142,0.1296209,0.3681364,-0.391773,0.2607925,0.3882847,-0.5137045,-0.1313915,0.6735036,-0.7679119,0.1113942,0.240897,-0.1130235,24,24,24,24,24,24,24,24,24,24,24,24,24,24,24,24
996,9960,-282.5393,-284.485,-287.4039,-284.0404,-278.0735,-279.7805,-258.3755,-85.26594,44.59288,83.68771,-22.67501,-204.7468,-319.8388,-289.6803,-285.8062,-291.1936,24,24,24,24,24,24,24,24,24,24,24,24,24,24,24,24,996,9960,-284.5672,-284.1581,79.2226,-101.9978,0.3922618,-0.4909042,0.1306226,-0.9126002,0.1294395,0.3876867,-0.3941842,-3.050092E-05,-0.1280059,-0.4454241,-0.361342,0.1130268,24,24,24,24,24,24,24,24,24,24,24,24,24,24,24,24
997,9970,-273.8829,-281.946,-284.4499,-274.4182,-269.0217,-276.0782,-258.6307,-87.6483,43.35422,82.33393,-25.87928,-212.1852,-325.79,-286.9352,-280.7984,-279.2619,24,24,24,24,24,24,24,24,24,24,24,24,24,24,24,24,997,9970,-273.819,-274.8138,79.35355,-102.5142,-0.3956611,0.3681364,-0.391773,-1.042977,0.7765533,0.3876867,-0.1313915,0.6735036,-0.8958938,0.3341231,0.7226887,0.3390771,24,24,24,24,24,24,24,24,24,24,24,24,24,24,24,24
998,9980,-274.6042,-285.3313,-282.1113,-274.54,-270.1079,-281.5083,-261.4377,-87.14675,46.07927,83.56464,-26.71002,-214.4546,-325.671,-282.519,-275.4331,-272.5126,24,24,24,24,24,24,24,24,24,24,24,24,24,24,24,24,998,9980,-292.494,-286.9219,80.00828,-103.1597,0.5235819,-1.472613,-0.391773,0.3911694,-0.388251,-0.6424745,-0.2627895,-0.9429792,0.255938,0.1113942,-0.4817896,-0.4520974,24,24,24,24,24,24,24,24,24,24,24,24,24,24,24,24
999,9990,-285.3046,-284.1223,-276.6957,-271.8604,-276.3839,-294.7135,-271.9002,-92.03686,43.23035,81.71858,-31.93179,-220.8844,-327.2184,-273.8062,-272.3331,-267.4507,24,24,24,24,24,24,24,24,24,24,24,24,24,24,24,24,999,9990,-284.5672,-281.3943,77.91314,-103.4179,-0.3956611,-0.9817314,2.407967E-05,0.6519234,0.3882847,0.2589166,-0.6569737,0.5387971,0.255938,-0.5567878,0.1204493,-1.243272,24,24,24,24,24,24,24,24,24,24,24,24,24,24,24,24
