0,0,-550.6487,-568.123,-553.7535,-530.9285,-555.9053,-617.0674,-552.8558,-187.7075,81.38104,150.0225,-65.87333,-405.4579,-615.496,-604.4178,-599.3824,-586.7145,24,24,24,24,24,24,24,24,24,24,24,24,24,24,24,24,0,0,-575.4405,-560.8006,141.5531,-201.5312,-0.1330185,0.3681461,-0.2612211,0.2607925,7.06337E-05,-0.3849344,0.3942003,-0.1347803,-1.926374E-05,-0.6681514,1.605311E-06,-0.452136,24,24,24,24,24,24,24,24,24,24,24,24,24,24,24,24
1,10,-591.7668,-631.2343,-580.9547,-546.397,-571.3539,-646.4396,-570.9738,-199.1178,77.91279,148.7918,-75.36746,-419.2001,-628.2318,-613.7274,-607.1323,-599.0078,24,24,24,24,24,24,24,24,24,24,24,24,24,24,24,24,1,10,-575.8435,-557.7736,148.6242,-197.6583,-0.1330185,0.3681461,-1.044817,0.2607925,-0.1293512,-0.9000146,0.7883877,0.1346343,-1.151851,0.2227594,-0.1204461,1.13021,24,24,24,24,24,24,24,24,24,24,24,24,24,24,24,24
2,20,-594.7726,-618.2977,-576.2776,-543.1084,-563.6296,-626.0765,-557.1939,-192.4722,80.63785,149.6533,-69.90833,-410.7531,-603.5936,-579.7114,-584.8362,-593.4638,24,24,24,24,24,24,24,24,24,24,24,24,24,24,24,24,2,20,-565.2297,-556.7207,151.1122,-190.8162,0.6549044,0.4908657,0.7835717,-0.3910924,0.129494,-0.5137045,-0.1313819,-0.1347803,0.3839247,3.050092E-05,0.7226887,-0.2260888,24,24,24,24,24,24,24,24,24,24,24,24,24,24,24,24
3,30,-579.744,-598.9532,-584.278,-556.8718,-559.1641,-610.1563,-544.4348,-186.0775,82.6197,152.8531,-69.43362,-417.3089,-619.7809,-570.7598,-575.4171,-582.0142,24,24,24,24,24,24,24,24,24,24,24,24,24,24,24,24,3,30,-566.4388,-568.1707,147.1838,-199.5947,-0.9209414,-1.605311E-05,-0.5224197,-1.173354,-0.2587746,0.2589166,-0.2627798,-0.5388998,-0.511945,-0.3340605,-0.7226851,0.5650856,24,24,24,24,24,24,24,24,24,24,24,24,24,24,24,24
4,40,-570.8471,-584.0822,-573.939,-545.6663,-548.6639,-601.8876,-542.2657,-189.0868,80.14238,152.1147,-66.82274,-413.1485,-607.7595,-549.6341,-558.2478,-572.1313,24,24,24,24,24,24,24,24,24,24,24,24,24,24,24,24,4,40,-581.6207,-571.5925,150.8503,-193.6563,0.9175454,-0.3681749,-1.175417,-0.1303384,0.129494,-0.2561635,0.1314076,0.1346343,1.023831,1.225032,0.1204497,-1.24331,24,24,24,24,24,24,24,24,24,24,24,24,24,24,24,24
5,50,-541.7518,-548.174,-560.1538,-536.5313,-527.4221,-563.2594,-521.8512,-186.2028,77.41733,147.5611,-72.99393,-426.6385,-622.6376,-560.1373,-567.0709,-586.353,24,24,24,24,24,24,24,24,24,24,24,24,24,24,24,24,5,50,-524.6552,-523.8184,146.66,-194.4309,0.1296225,-1.104496,0.130576,0.7823004,-0.9058868,0.2589166,-0.3941746,-0.2694868,-0.2559814,0.1113942,-1.084029,-1.469361,24,24,24,24,24,24,24,24,24,24,24,24,24,24,24,24
6,60,-579.6238,-597.2606,-594.863,-567.1031,-559.7675,-598.4321,-538.9484,-190.8422,76.30254,149.6533,-73.70599,-427.6471,-623.9468,-563.9566,-568.3824,-580.8089,24,24,24,24,24,24,24,24,24,24,24,24,24,24,24,24,6,60,-595.3246,-598.8356,147.0529,-194.56,-0.7896214,-0.1226875,0.130576,-0.6518463,0.129494,-0.3849344,0.2628023,0.4040473,0.3839247,0.4454868,-0.361342,0.1129882,24,24,24,24,24,24,24,24,24,24,24,24,24,24,24,24
7,70,-560.267,-573.3219,-567.1695,-538.9673,-535.1464,-585.9674,-543.5417,-197.6131,76.4264,146.5765,-54.12433,-393.1026,-609.3068,-623.5145,-624.1824,-605.7571,24,24,24,24,24,24,24,24,24,24,24,24,24,24,24,24,7,70,-591.8315,-616.9977,145.8743,-189.6543,0.2609425,0.3681942,0.130576,0.7823004,-0.6470416,-1.286325,-0.3941746,0.1346343,-0.7679071,0.1113942,1.605311E-06,-0.1130621,24,24,24,24,24,24,24,24,24,24,24,24,24,24,24,24
8,80,-584.4329,-601.8549,-581.4471,-537.1403,-538.1637,-589.7932,-537.0345,-191.5945,78.90372,153.2223,-63.26244,-409.4923,-603.1175,-542.4728,-549.3055,-565.7437,24,24,24,24,24,24,24,24,24,24,24,24,24,24,24,24,8,80,-558.915,-580.2787,150.8503,-190.558,0.2609425,0.1227549,0.3917746,-0.3910924,7.06337E-05,0.5164568,0.7883877,-0.2694868,0.8958504,0.1113942,-0.9635809,0.3390353,24,24,24,24,24,24,24,24,24,24,24,24,24,24,24,24
9,90,-545.3587,-558.3298,-559.6615,-537.2621,-518.3703,-552.646,-517.0027,-187.0806,74.44456,147.438,-72.51923,-427.521,-618.9478,-548.2018,-555.2671,-576.8317,24,24,24,24,24,24,24,24,24,24,24,24,24,24,24,24,9,90,-538.6278,-560.9321,152.1598,-187.7178,-0.2643394,0.1227549,-1.044817,-0.6518463,-0.3881964,-1.157555,-0.788362,0.2693408,-1.151851,-0.1113332,0.3613451,-0.791213,24,24,24,24,24,24,24,24,24,24,24,24,24,24,24,24
10,100,-556.7804,-562.6824,-573.5698,-550.4164,-531.0429,-553.8801,-515.7268,-185.3251,73.94909,149.4072,-69.67098,-428.4035,-619.4239,-528.2697,-540.0056,-568.0336,24,24,24,24,24,24,24,24,24,24,24,24,24,24,24,24,10,100,-498.0533,-502.4977,152.9454,-191.2035,0.3922634,-1.104448,0.130576,0.3911694,0.2589158,0.5164568,0.1314076,-0.2694868,-0.7679071,-0.7795151,-0.6022373,-0.6781862,24,24,24,24,24,24,24,24,24,24,24,24,24,24,24,24
11,110,-547.2823,-537.4136,-571.9697,-560.4041,-529.1119,-519.4479,-492.3776,-175.1687,73.45363,144.6074,-67.17876,-435.5898,-639.8962,-531.1342,-528.321,-542.2417,24,24,24,24,24,24,24,24,24,24,24,24,24,24,24,24,11,110,-549.7791,-540.796,147.9695,-190.558,-0.6583005,-0.1226875,0.2611761,0.1304155,-0.3881964,-0.2561635,-1.445342,0.1346343,0.2559428,3.050092E-05,-0.1204461,-0.791213,24,24,24,24,24,24,24,24,24,24,24,24,24,24,24,24
12,120,-550.8892,-540.0736,-545.1378,-553.4615,-549.8708,-541.4154,-497.4813,-165.6393,79.89466,151.2532,-63.85582,-441.6414,-657.5118,-547.7244,-552.0479,-581.05,24,24,24,24,24,24,24,24,24,24,24,24,24,24,24,24,12,120,-568.3198,-549.6138,149.5408,-195.2054,0.2609425,0.7363531,1.436569,0.1304155,-0.1293512,-0.7712445,0.2627991,-7.223901E-05,-0.2559814,0.1113942,-0.2408938,0.1129882,24,24,24,24,24,24,24,24,24,24,24,24,24,24,24,24
13,130,-581.307,-566.0677,-600.2787,-602.7904,-577.1471,-553.1396,-514.7061,-184.4474,67.63193,145.3458,-63.85582,-437.7331,-659.7734,-554.7663,-551.3325,-551.8835,24,24,24,24,24,24,24,24,24,24,24,24,24,24,24,24,13,130,-555.1532,-546.5868,146.1362,-189.267,-0.001698419,0.4909138,-1.044817,0.2607925,-0.3881964,0.1301466,-0.5255757,0.1346343,1.407776,0.2227594,1.605311E-06,0.791136,24,24,24,24,24,24,24,24,24,24,24,24,24,24,24,24
14,140,-567.1201,-549.9876,-552.5227,-564.1799,-569.4229,-555.6079,-507.0506,-166.517,81.00945,152.8531,-53.05624,-421.8477,-643.9431,-559.421,-547.6364,-542.6033,24,24,24,24,24,24,24,24,24,24,24,24,24,24,24,24,14,140,-583.636,-573.5667,150.9812,-194.1727,0.9175454,0.4909138,0.5223731,-1.173354,0.2589158,-0.2561635,-0.1313883,0.6734618,0.1279626,-1.002242,-0.2408938,-0.2260888,24,24,24,24,24,24,24,24,24,24,24,24,24,24,24,24
15,150,-570.246,-553.6147,-564.7078,-589.636,-589.2162,-559.5571,-502.5849,-167.6455,75.43548,148.9149,-60.17684,-441.6414,-677.3891,-572.192,-559.0823,-569.1182,24,24,24,24,24,24,24,24,24,24,24,24,24,24,24,24,15,150,-579.6054,-570.4081,149.6718,-189.267,0.1296225,-0.2454072,-2.247436E-05,-0.6518463,0.3883393,-0.5137045,-0.5255757,-0.4041933,-0.2559814,0.3341231,0.9635841,0.3390353,24,24,24,24,24,24,24,24,24,24,24,24,24,24,24,24
16,160,-603.3088,-580.0924,-591.1706,-612.1689,-601.4061,-565.4809,-504.6264,-164.26,79.89466,154.453,-54.59904,-433.0684,-661.5588,-537.9373,-534.7593,-539.2287,24,24,24,24,24,24,24,24,24,24,24,24,24,24,24,24,16,160,-557.1685,-557.3787,145.4815,-197.7874,0.2609425,-1.47261,-0.5224197,-0.5214694,-0.5176182,-0.1273935,-0.1313883,-1.347142,-1.926374E-05,0.2227594,-0.6022373,0.1130332,24,24,24,24,24,24,24,24,24,24,24,24,24,24,24,24
17,170,-584.3126,-569.9366,-585.7549,-597.7966,-588.3714,-560.1741,-503.3504,-164.0092,81.50491,152.4839,-56.02316,-427.6471,-653.7032,-565.2693,-555.6246,-546.9421,24,24,24,24,24,24,24,24,24,24,24,24,24,24,24,24,17,170,-538.3592,-535.4,148.2314,-188.2342,-0.3956595,0.2454746,-0.3918212,3.852747E-05,0.7766063,-0.3849336,-0.7883652,-0.1347803,0.7678686,-0.2226968,0.4817929,0.2260567,24,24,24,24,24,24,24,24,24,24,24,24,24,24,24,24
18,180,-564.7153,-555.5491,-552.2766,-567.7121,-580.7678,-574.4901,-509.2197,-161.5015,83.98223,153.3454,-53.29359,-416.1743,-642.8719,-563.3597,-547.2785,-524.4045,24,24,24,24,24,24,24,24,24,24,24,24,24,24,24,24,18,180,-560.1244,-545.1391,145.6125,-196.8837,0.3922634,0.1227549,-0.6530198,-0.1303384,-0.5176182,-1.286325,-0.1313883,0.5387554,-0.1280011,0.1113942,-0.1204461,0.7911809,24,24,24,24,24,24,24,24,24,24,24,24,24,24,24,24
19,190,-554.1353,-541.6453,-530.7373,-550.7819,-584.1472,-592.1381,-528.3583,-170.404,79.15146,148.7918,-53.88697,-405.9622,-626.5655,-572.55,-564.2092,-552.1246,24,24,24,24,24,24,24,24,24,24,24,24,24,24,24,24,19,190,-535.6722,-539.8747,145.4815,-190.4289,0.9175454,3.210623E-05,0.9141718,-0.3910924,-0.1293512,0.3876867,-0.1313883,-7.223901E-05,0.3839247,-0.1113332,-0.361342,-0.2260407,24,24,24,24,24,24,24,24,24,24,24,24,24,24,24,24
20,200,-568.4424,-568.3649,-546.738,-545.3008,-555.1812,-571.6516,-520.7028,-171.9087,83.61063,152.607,-54.00565,-403.819,-620.6143,-572.4307,-557.1746,-538.3851,24,24,24,24,24,24,24,24,24,24,24,24,24,24,24,24,20,200,-534.5974,-539.085,145.8743,-192.4944,-0.6583005,3.210623E-05,-0.9142184,-1.303731,-0.3881964,0.001376554,-0.5255757,-7.223901E-05,-0.6399269,3.050092E-05,0.1204497,0.452107,24,24,24,24,24,24,24,24,24,24,24,24,24,24,24,24
21,210,-568.3223,-553.7355,-536.3991,-542.9866,-569.1815,-587.942,-524.0202,-167.1439,85.34476,153.8377,-48.66521,-398.1456,-626.4465,-587.2306,-564.4477,-538.6261,24,24,24,24,24,24,24,24,24,24,24,24,24,24,24,24,21,210,-524.3865,-531.7149,143.9101,-195.5927,0.7862253,-1.104448,-0.3918212,0.3911694,0.6471845,0.1301466,1.313963,-0.2694868,-0.2559814,0.7795777,0.2408974,-0.6781413,24,24,24,24,24,24,24,24,24,24,24,24,24,24,24,24
22,220,-570.0054,-559.6599,-539.23,-533.1208,-558.8019,-584.8568,-526.572,-168.8994,85.46862,151.9916,-57.92199,-402.0539,-604.903,-548.4404,-554.1938,-547.7858,24,24,24,24,24,24,24,24,24,24,24,24,24,24,24,24,22,220,-520.4904,-535.5316,141.2912,-197.0128,-0.5269804,-0.8590086,0.5223731,-0.1303384,-0.2587746,0.1301466,-1.051158,0.2693408,0.7678686,-0.5567878,-0.9635809,-0.452091,24,24,24,24,24,24,24,24,24,24,24,24,24,24,24,24
23,230,-545.8395,-556.8791,-529.1372,-513.8765,-529.8359,-576.2178,-525.8065,-179.3065,82.24811,150.1456,-63.14376,-408.4837,-615.1391,-571.4758,-566.4746,-564.9,24,24,24,24,24,24,24,24,24,24,24,24,24,24,24,24,23,230,-517.8033,-522.6339,145.7433,-192.4944,0.7862253,-0.1226875,-0.1306226,0.2607925,0.6471845,-1.157555,-0.3941778,0.5387554,0.1279626,0.4454868,0.8431364,0.6781574,24,24,24,24,24,24,24,24,24,24,24,24,24,24,24,24
24,240,-556.7803,-569.6948,-557.6923,-542.2559,-557.595,-608.5519,-538.9483,-181.5635,84.22996,153.8377,-62.55038,-406.8448,-606.0933,-558.2275,-557.0554,-558.8738,24,24,24,24,24,24,24,24,24,24,24,24,24,24,24,24,24,240,-537.9562,-541.3224,144.9577,-194.6891,0.2609425,0.1227549,0.130576,0.782249,-0.1293512,-0.7712445,-0.1313883,-0.2694868,-0.2559814,-0.4454241,0.1204497,0.452107,24,24,24,24,24,24,24,24,24,24,24,24,24,24,24,24
25,250,-540.6697,-545.6351,-540.0916,-515.9471,-509.9219,-533.517,-499.3951,-170.5294,86.33574,157.4067,-55.54845,-399.9106,-587.7634,-522.1824,-531.54,-557.3071,24,24,24,24,24,24,24,24,24,24,24,24,24,24,24,24,25,250,-557.706,-550.1402,144.5648,-196.1091,-0.6583005,-0.2454072,0.130576,-1.43416,0.7766063,0.7739977,0.1314044,1.077581,-0.511945,-0.1113332,-0.361342,0.3390835,24,24,24,24,24,24,24,24,24,24,24,24,24,24,24,24
26,260,-558.5837,-572.1129,-589.3245,-561.3784,-545.0431,-582.3885,-528.7411,-187.0806,80.6379,152.4839,-74.89275,-433.0684,-624.6611,-568.9694,-585.9092,-617.4478,24,24,24,24,24,24,24,24,24,24,24,24,24,24,24,24,26,260,-548.167,-544.481,142.6006,-192.3653,0.3922634,3.210623E-05,-0.5224197,-0.1303898,0.129494,-0.5137045,0.1314044,-0.9430209,-0.3839632,-0.2226968,1.605311E-06,0.1130332,24,24,24,24,24,24,24,24,24,24,24,24,24,24,24,24
27,270,-592.6083,-616.8469,-628.7107,-572.0968,-527.9049,-580.7841,-532.4412,-188.0837,87.69827,161.2219,-75.01143,-433.6987,-620.4952,-552.3791,-580.5438,-631.1874,24,24,24,24,24,24,24,24,24,24,24,24,24,24,24,24,27,270,-577.0528,-558.4316,146.0052,-195.0764,-0.2643394,-1.47261,0.3917746,0.9126259,0.129494,0.7739977,-0.9197567,-0.5388998,-0.1280011,-0.4454241,-1.324924,-1.130242,24,24,24,24,24,24,24,24,24,24,24,24,24,24,24,24
28,280,-619.78,-608.8673,-605.5713,-575.2636,-540.4568,-565.3575,-509.3472,-178.9304,79.02765,151.9916,-75.1301,-446.9366,-642.1577,-546.5308,-567.19,-608.8907,24,24,24,24,24,24,24,24,24,24,24,24,24,24,24,24,28,280,-549.6448,-550.1402,143.1244,-191.978,-0.2643394,-0.1226875,-2.247436E-05,-0.3911437,-0.3881964,-0.9000146,-0.1313819,-2.086905E-05,0.7678686,0.4454868,-0.361342,-0.2260407,24,24,24,24,24,24,24,24,24,24,24,24,24,24,24,24
29,290,-587.0779,-580.3342,-595.6016,-569.1736,-524.2842,-528.2103,-489.4429,-167.1439,87.07893,158.1451,-61.60096,-427.8993,-625.018,-520.7502,-528.3209,-541.6392,24,24,24,24,24,24,24,24,24,24,24,24,24,24,24,24,29,290,-556.8999,-552.904,144.3029,-196.8837,0.3922634,0.859076,0.7835717,-1.284249E-05,-1.423577,0.001376554,0.525595,-0.2694355,-1.926374E-05,-0.2226968,0.2408974,6.421245E-06,24,24,24,24,24,24,24,24,24,24,24,24,24,24,24,24
30,300,-531.8929,-524.4771,-527.5372,-527.5181,-518.7324,-513.771,-472.2181,-148.5866,90.29945,155.1915,-49.97065,-400.7932,-598.7136,-512.9922,-502.8055,-492.1044,24,24,24,24,24,24,24,24,24,24,24,24,24,24,24,24,30,300,-562.1396,-548.4293,145.3505,-190.558,-0.6583005,-0.1226875,0.130576,-1.173406,-0.6470416,0.3876867,1.284249E-05,0.6735132,0.3839247,-0.3340059,-0.2408938,-0.3390674,24,24,24,24,24,24,24,24,24,24,24,24,24,24,24,24
31,310,-542.7136,-535.3583,-532.0912,-541.0378,-554.6985,-548.8202,-495.0569,-153.3513,91.41424,158.7605,-46.05431,-399.0282,-618.1146,-559.6597,-547.0402,-534.7694,24,24,24,24,24,24,24,24,24,24,24,24,24,24,24,24,31,310,-566.1702,-558.6948,144.041,-197.1419,0.6549044,0.1227549,-0.7836183,-0.1303898,0.5177611,-0.2561635,-0.1313819,-0.2694355,-0.511945,-0.1112786,-0.4817896,0.1130332,24,24,24,24,24,24,24,24,24,24,24,24,24,24,24,24
32,320,-570.1256,-554.461,-537.753,-559.186,-591.7507,-597.5682,-516.6199,-158.2414,87.32667,152.8531,-46.52903,-394.6155,-621.2093,-577.2048,-559.5593,-525.3687,24,24,24,24,24,24,24,24,24,24,24,24,24,24,24,24,32,320,-552.1976,-554.8782,146.9218,-193.0108,-0.6583005,-0.9817281,-0.6530198,0.782249,7.06337E-05,1.031538,0.1314076,0.5388067,0.8958504,-0.2226422,-1.204477,-0.9041916,24,24,24,24,24,24,24,24,24,24,24,24,24,24,24,24
33,330,-560.1468,-557.8463,-520.5215,-522.6461,-554.9399,-584.6099,-517.3854,-160.1222,89.43238,154.8222,-51.39477,-383.7731,-589.5486,-557.0339,-552.4055,-540.3135,24,24,24,24,24,24,24,24,24,24,24,24,24,24,24,24,33,330,-536.7469,-539.8747,145.7433,-197.5292,0.3922634,3.210623E-05,-0.3918212,0.391118,-0.1293512,-1.930176,-0.1313819,-0.2694355,0.2559428,-0.5567332,-0.1204465,-0.5651178,24,24,24,24,24,24,24,24,24,24,24,24,24,24,24,24
34,340,-550.1678,-555.9119,-536.3991,-522.1589,-536.7154,-580.1671,-521.9787,-171.2817,87.07893,152.8531,-64.21185,-400.7932,-594.9048,-560.9727,-564.8055,-570.9262,24,24,24,24,24,24,24,24,24,24,24,24,24,24,24,24,34,340,-538.4935,-541.3224,144.041,-195.3345,-0.1330185,0.7363531,-0.1306226,1.173383,-0.3881964,-0.1273935,0.1314076,0.4040986,0.1279626,-0.5567332,0.240897,0.3390835,24,24,24,24,24,24,24,24,24,24,24,24,24,24,24,24
35,350,-562.6716,-582.8732,-567.1696,-541.0378,-544.4397,-591.2742,-532.186,-181.1873,83.61068,153.2223,-62.07567,-410.7531,-621.3283,-571.5952,-566.9517,-562.8512,24,24,24,24,24,24,24,24,24,24,24,24,24,24,24,24,35,350,-530.4323,-528.1614,142.7316,-197.6583,0.1296225,-0.3681268,-2.247436E-05,-1.43416,-0.2587746,-0.3849336,0.525595,0.1346856,0.5119065,-0.8908242,-0.4817896,-0.452091,24,24,24,24,24,24,24,24,24,24,24,24,24,24,24,24
36,360,-562.5513,-568.7275,-555.9691,-542.8649,-546.2501,-571.2813,-521.9787,-178.6796,79.52311,150.5148,-62.66905,-408.9881,-614.1868,-541.7566,-542.0325,-541.2776,24,24,24,24,24,24,24,24,24,24,24,24,24,24,24,24,36,360,-557.0342,-546.7184,144.4339,-194.0436,-0.5269804,0.4909138,-0.2612211,-0.1303898,0.3883393,-0.1273935,-0.5255693,0.2693921,-1.023871,-0.1112786,0.3613451,6.421245E-06,24,24,24,24,24,24,24,24,24,24,24,24,24,24,24,24
37,370,-528.5267,-532.9402,-525.1986,-516.4344,-517.7667,-544.871,-505.647,-171.5325,83.85841,151.9916,-60.77022,-394.9938,-580.9789,-552.7372,-562.1824,-572.9751,24,24,24,24,24,24,24,24,24,24,24,24,24,24,24,24,37,370,-577.1871,-571.066,141.9459,-199.5947,-0.1330193,-1.840769,-1.044817,0.782249,0.2589158,-0.5137045,0.3942003,-1.481797,-1.926374E-05,8.50815E-05,-0.2408942,0.1130332,24,24,24,24,24,24,24,24,24,24,24,24,24,24,24,24
38,380,-556.9006,-578.7625,-575.0469,-547.8587,-536.7154,-579.6735,-522.2339,-179.9335,81.25723,152.9762,-65.16126,-414.4093,-605.1409,-529.8211,-536.7863,-554.8967,24,24,24,24,24,24,24,24,24,24,24,24,24,24,24,24,38,380,-549.1074,-537.2425,143.7791,-193.269,-0.7896221,3.210623E-05,0.130576,0.651872,-0.6470416,-0.6424745,-0.6569641,0.8082197,0.1279626,-0.1112786,-0.361342,-0.6781413,24,24,24,24,24,24,24,24,24,24,24,24,24,24,24,24
39,390,-540.1888,-547.0859,-550.9227,-533.9735,-517.0427,-533.0235,-496.7157,-176.0465,75.80713,150.3917,-64.09317,-417.4351,-610.259,-525.1663,-534.0441,-565.3821,24,24,24,24,24,24,24,24,24,24,24,24,24,24,24,24,39,390,-550.3165,-541.7172,142.8625,-197.1419,-0.2643402,-0.613566,0.3917746,0.2607411,-0.2587746,-1.543865,0.1314076,-0.404142,-1.023871,-0.1112786,0.1204493,0.5651306,24,24,24,24,24,24,24,24,24,24,24,24,24,24,24,24
40,400,-545.3586,-555.67,-566.8004,-553.9487,-534.543,-545.1179,-496.5881,-168.0216,82.86749,155.6837,-59.93949,-418.4437,-609.0687,-517.8857,-524.744,-545.2549,24,24,24,24,24,24,24,24,24,24,24,24,24,24,24,24,40,400,-508.5328,-511.4471,143.2554,-197.1419,-0.001699222,0.3681942,0.5223731,-0.7822747,-0.9058868,0.9027677,1.182572,-0.2694355,-1.926374E-05,0.4455397,0.240897,6.421245E-06,24,24,24,24,24,24,24,24,24,24,24,24,24,24,24,24
41,410,-539.227,-544.9097,-560.0308,-555.7757,-535.9911,-542.7731,-493.7811,-170.2786,77.04579,147.8073,-60.17684,-413.2746,-605.7361,-509.6502,-514.4902,-525.2482,24,24,24,24,24,24,24,24,24,24,24,24,24,24,24,24,41,410,-511.7573,-521.4494,140.7674,-196.7546,-0.1330193,3.210623E-05,-0.6530198,-1.173406,0.3883393,0.5164568,-1.313944,-0.404142,-0.3839632,-0.1112786,-0.7226855,-0.5651178,24,24,24,24,24,24,24,24,24,24,24,24,24,24,24,24
42,420,-526.7232,-526.1697,-537.0145,-536.0441,-529.2325,-527.3465,-492.3776,-175.4195,69.7377,146.6996,-56.49787,-419.3262,-628.7078,-528.0308,-530.5863,-554.6557,24,24,24,24,24,24,24,24,24,24,24,24,24,24,24,24,42,420,-535.4034,-548.1661,144.8267,-195.8509,0.3922626,-0.8590086,-0.3918212,0.651872,1.035452,0.001376554,0.1314076,-2.086905E-05,-0.1280011,-0.3340059,-0.361342,0.3390835,24,24,24,24,24,24,24,24,24,24,24,24,24,24,24,24
43,430,-563.1525,-549.0204,-564.0925,-567.5903,-547.9397,-532.0361,-494.9294,-170.7802,76.42646,149.6533,-50.08932,-407.7273,-615.139,-517.1696,-514.6094,-527.6586,24,24,24,24,24,24,24,24,24,24,24,24,24,24,24,24,43,430,-517.9376,-522.2391,144.8267,-194.0436,0.6549037,-1.104448,-2.247436E-05,1.173383,-0.3881964,-0.3849336,-0.5255693,0.2693921,0.1279626,-0.3340059,-0.8431332,-0.6781413,24,24,24,24,24,24,24,24,24,24,24,24,24,24,24,24
44,440,-532.374,-514.563,-525.0755,-540.4289,-539.4913,-529.5679,-487.0188,-160.373,81.0095,152.9762,-48.30917,-405.3319,-627.7556,-546.6501,-535.7133,-537.0593,24,24,24,24,24,24,24,24,24,24,24,24,24,24,24,24,44,440,-534.3286,-549.4822,142.0768,-200.1111,-0.920943,-0.1226875,0.130576,-0.3911437,-0.1293512,-1.028785,-0.6569641,0.2693905,0.1279626,-0.1112786,0.240897,0.2260567,24,24,24,24,24,24,24,24,24,24,24,24,24,24,24,24
45,450,-551.3701,-543.0961,-550.1842,-565.7632,-573.1642,-557.4592,-507.3058,-172.4102,73.08208,148.7918,-46.52903,-409.2402,-645.9665,-560.9727,-546.444,-539.2288,24,24,24,24,24,24,24,24,24,24,24,24,24,24,24,24,45,450,-568.3198,-572.2505,142.0768,-193.5272,0.2609417,0.2454746,0.2611761,0.651872,-0.2587746,-0.7712445,1.284249E-05,0.5388035,0.6398867,0.7796323,0.240897,6.421245E-06,24,24,24,24,24,24,24,24,24,24,24,24,24,24,24,24
46,460,-556.5399,-548.0531,-543.1686,-554.923,-550.957,-532.7766,-493.9087,-164.26,81.62883,153.4685,-40.59519,-400.2888,-629.184,-565.1501,-548.3517,-531.0333,24,24,24,24,24,24,24,24,24,24,24,24,24,24,24,24,46,460,-600.027,-593.1765,141.684,-196.6255,0.3922626,3.210623E-05,0.130576,-0.5215207,0.2589158,0.5164568,0.3942003,-0.6735581,0.1279626,-0.4453695,-1.084029,6.421245E-06,24,24,24,24,24,24,24,24,24,24,24,24,24,24,24,24
47,470,-566.7593,-544.0634,-536.276,-570.7571,-595.6129,-573.6263,-510.2404,-164.3854,78.65605,153.3454,-35.72945,-398.1456,-665.4865,-575.8921,-556.3401,-550.3168,24,24,24,24,24,24,24,24,24,24,24,24,24,24,24,24,47,470,-575.1718,-572.6454,142.0768,-192.3653,0.1296217,0.1227549,-1.175417,-0.9126516,1.035452,0.1301466,-0.2627798,1.077631,-0.2559814,0.2228124,1.605311E-06,0.1130332,24,24,24,24,24,24,24,24,24,24,24,24,24,24,24,24
48,480,-601.0244,-569.453,-563.4771,-598.8928,-601.7681,-558.4465,-499.7779,-157.2383,83.85841,150.761,-50.44535,-398.2717,-625.0181,-562.5244,-547.6363,-518.9809,24,24,24,24,24,24,24,24,24,24,24,24,24,24,24,24,48,480,-567.2449,-553.6937,146.0052,-195.98,-0.001699222,-0.2454072,0.2611761,0.391118,7.06337E-05,-0.7712445,-0.1313819,-1.077679,-1.023871,8.50815E-05,0.1204497,-0.5651178,24,24,24,24,24,24,24,24,24,24,24,24,24,24,24,24
49,490,-547.2823,-543.338,-520.0291,-528.3707,-554.8191,-579.9203,-514.7061,-163.2569,84.47775,146.6996,-60.8889,-403.4407,-618.4717,-581.263,-564.4478,-536.4566,24,24,24,24,24,24,24,24,24,24,24,24,24,24,24,24,49,490,-571.4099,-558.5632,145.4815,-189.6543,-1.183584,-0.9817281,-2.247436E-05,0.651872,0.5177611,0.3876867,-0.2627798,0.1346824,0.6398867,0.1114487,-0.1204461,-0.5651178,24,24,24,24,24,24,24,24,24,24,24,24,24,24,24,24
50,500,-544.517,-554.2194,-532.5836,-521.5499,-541.3017,-582.6354,-520.8304,-170.7802,84.72548,151.2533,-58.63405,-389.8246,-588.9536,-551.9019,-551.6901,-550.0757,24,24,24,24,24,24,24,24,24,24,24,24,24,24,24,24,50,500,-520.356,-514.7373,148.1004,-193.9145,-0.3956603,0.4909138,0.2611761,-0.3911437,-0.3881964,-1.415095,-0.3941746,-2.407967E-05,-0.6399269,8.50815E-05,-0.2408938,0.1130332,24,24,24,24,24,24,24,24,24,24,24,24,24,24,24,24
51,510,-553.4139,-568.8486,-538.6146,-520.8192,-539.9741,-593.1255,-531.4205,-179.5573,79.02765,146.5766,-65.63596,-397.8935,-590.5009,-559.8986,-566.8323,-571.4081,24,24,24,24,24,24,24,24,24,24,24,24,24,24,24,24,51,510,-547.0921,-548.1661,144.4339,-193.269,0.2609417,1.227235,-2.247436E-05,0.651872,-0.7764634,-0.5137045,-0.1313819,0.404097,0.2559428,8.50815E-05,0.1204497,0.452107,24,24,24,24,24,24,24,24,24,24,24,24,24,24,24,24
52,520,-579.744,-591.941,-558.4307,-532.1465,-543.2327,-593.0021,-527.9755,-181.4381,79.77084,149.038,-63.14376,-398.3977,-574.0755,-514.1859,-536.4286,-580.0858,24,24,24,24,24,24,24,24,24,24,24,24,24,24,24,24,52,520,-498.8595,-503.6821,141.0293,-195.5927,0.1296217,-0.3681268,-0.3918212,-0.9126516,0.129494,0.2589166,-0.2627798,0.5388035,-1.926374E-05,-1.002188,-0.7226851,-0.2260407,24,24,24,24,24,24,24,24,24,24,24,24,24,24,24,24
53,530,-563.7536,-581.4224,-584.8935,-557.9681,-536.7154,-554.3738,-511.5163,-179.4319,77.16966,150.761,-62.55038,-414.2832,-603.7127,-513.8278,-519.7363,-532.7205,24,24,24,24,24,24,24,24,24,24,24,24,24,24,24,24,53,530,-512.2947,-515.3954,144.303,-191.5907,0.2609425,-0.1226875,-0.7836183,-0.2607668,0.2589158,0.3876867,0.2628023,0.1346824,-0.2559814,0.3341761,0.7226887,-0.2260407,24,24,24,24,24,24,24,24,24,24,24,24,24,24,24,24
54,540,-532.6144,-537.0511,-544.1533,-547.2497,-539.4913,-537.3428,-493.2707,-165.5139,80.2663,149.6533,-62.31302,-422.2259,-626.3274,-530.7761,-525.817,-526.6943,24,24,24,24,24,24,24,24,24,24,24,24,24,24,24,24,54,540,-523.1774,-520.5281,141.0293,-193.269,0.3922634,-0.8590086,0.2611761,0.521495,7.06337E-05,0.7739977,-0.5255693,-1.347092,-1.926374E-05,8.50815E-05,-1.084029,-0.452091,24,24,24,24,24,24,24,24,24,24,24,24,24,24,24,24
55,550,-533.3358,-522.5427,-531.3527,-543.5957,-549.0259,-547.0923,-496.8433,-161.8777,83.48682,154.4531,-45.46093,-391.5897,-599.4278,-528.1503,-520.8094,-508.616,24,24,24,24,24,24,24,24,24,24,24,24,24,24,24,24,55,550,-537.9561,-534.4788,145.3505,-193.5272,-1.183582,0.1227549,0.391826,-1.284249E-05,0.5177611,-0.5137045,-1.051151,0.67351,1.023831,-0.2226422,-1.084029,0.2260567,24,24,24,24,24,24,24,24,24,24,24,24,24,24,24,24
56,560,-520.4713,-517.3439,-513.752,-520.2101,-540.0947,-558.8166,-507.9437,-166.8932,79.52311,147.8073,-46.17299,-393.733,-632.8737,-596.3016,-573.5093,-550.9193,24,24,24,24,24,24,24,24,24,24,24,24,24,24,24,24,56,560,-541.0462,-533.6891,145.3505,-192.1071,0.5235835,0.3681942,-0.6529684,0.3911213,-0.3881964,-1.415095,-0.3941746,0.404097,-0.1280011,0.1114487,-0.2408938,0.2260567,24,24,24,24,24,24,24,24,24,24,24,24,24,24,24,24
57,570,-594.6523,-567.5186,-559.5385,-579.7703,-607.5613,-608.7988,-527.5928,-167.0186,81.38105,150.761,-51.03873,-404.9536,-641.4435,-590.2146,-566.2362,-531.0331,24,24,24,24,24,24,24,24,24,24,24,24,24,24,24,24,57,570,-553.2723,-542.6385,145.6124,-193.6563,-0.5269804,-0.4908464,0.391826,-0.3911405,0.3883393,0.1301466,1.284249E-05,-0.4041452,-1.926374E-05,-0.7794605,0.2408974,-0.2260407,24,24,24,24,24,24,24,24,24,24,24,24,24,24,24,24
58,580,-553.5342,-550.5922,-531.5989,-538.9673,-562.9055,-582.7587,-518.0234,-165.5139,85.71635,151.6224,-50.44535,-395.498,-614.901,-563.8373,-552.2863,-527.1764,24,24,24,24,24,24,24,24,24,24,24,24,24,24,24,24,58,580,-525.4613,-526.7137,142.9935,-192.6235,-0.6583005,-0.613566,-0.5223683,-0.6518945,7.06337E-05,0.2589166,-0.2627798,-0.1347306,-0.7679071,0.2228124,0.7226887,-0.2260407,24,24,24,24,24,24,24,24,24,24,24,24,24,24,24,24
59,590,-540.9102,-547.6906,-526.6756,-517.2869,-546.8535,-579.6733,-523.6375,-179.3065,75.55935,146.9457,-53.17492,-386.5467,-584.7878,-530.1793,-527.3671,-521.994,24,24,24,24,24,24,24,24,24,24,24,24,24,24,24,24,59,590,-533.7912,-538.1638,141.1603,-196.7546,0.1296225,-0.8590086,0.2612275,0.6518752,0.129494,0.1301466,1.284249E-05,-1.347092,-0.1280011,-0.2226422,-1.084029,-0.452091,24,24,24,24,24,24,24,24,24,24,24,24,24,24,24,24
60,600,-515.542,-526.7743,-516.9521,-501.6966,-501.2321,-519.3245,-487.9119,-168.0217,80.51398,149.8994,-54.71772,-391.5897,-573.4804,-502.9665,-509.0056,-517.2936,24,24,24,24,24,24,24,24,24,24,24,24,24,24,24,24,60,600,-540.1058,-536.5844,139.4579,-191.849,-0.2643394,0.2454746,0.2612275,-9.631868E-06,-1.164732,-0.3849344,-0.788362,-0.1347338,0.5119065,-0.1112786,-0.6022373,-1.130242,24,24,24,24,24,24,24,24,24,24,24,24,24,24,24,24
61,610,-500.6336,-497.7576,-509.321,-503.4018,-493.1458,-508.5876,-478.9805,-168.774,76.92188,144.7305,-63.38111,-406.7187,-584.7878,-510.6052,-516.2786,-542.3622,24,24,24,24,24,24,24,24,24,24,24,24,24,24,24,24,61,610,-510.9512,-513.4212,140.5055,-197.4001,-0.001698419,0.6136335,0.391826,0.7822522,0.2589158,-1.286325,-0.2627798,-0.1347338,-0.511945,-0.4453695,-0.2408938,0.3390835,24,24,24,24,24,24,24,24,24,24,24,24,24,24,24,24
62,620,-542.3529,-543.7007,-561.8771,-553.3397,-530.5601,-535.2447,-493.9087,-178.0527,72.95817,148.4226,-61.36361,-421.3434,-622.8757,-519.0793,-527.7248,-554.4145,24,24,24,24,24,24,24,24,24,24,24,24,24,24,24,24,62,620,-540.6432,-544.7443,138.2794,-192.8817,-0.6583005,3.210623E-05,-0.2611697,-9.631868E-06,-0.5176182,0.1301466,0.1314076,-0.2694403,0.8958504,3.371154E-05,0.1204497,0.6781574,24,24,24,24,24,24,24,24,24,24,24,24,24,24,24,24
63,630,-547.2823,-535.1166,-554.1229,-546.6407,-519.9393,-499.5784,-475.1528,-162.8808,78.53214,149.2841,-56.49787,-418.5697,-631.8026,-539.7276,-532.9709,-539.2286,24,24,24,24,24,24,24,24,24,24,24,24,24,24,24,24,63,630,-523.3116,-542.2437,145.3505,-193.9145,0.7862253,0.6136335,-0.1305712,-0.9126484,-0.3881964,0.2589166,-0.5255693,-0.2694403,-1.926374E-05,-0.5567846,-0.7227365,-0.452091,24,24,24,24,24,24,24,24,24,24,24,24,24,24,24,24
64,640,-555.9387,-544.6679,-548.0918,-559.5515,-562.9055,-546.3519,-493.6535,-160.8746,79.0276,147.6842,-56.85389,-428.9079,-658.2261,-557.2727,-537.144,-529.828,24,24,24,24,24,24,24,24,24,24,24,24,24,24,24,24,64,640,-522.3712,-537.2425,142.9935,-191.849,-0.001698419,-0.4908464,-1.044765,0.1303673,7.06337E-05,-0.1273935,0.525595,0.2693873,-1.926374E-05,0.556852,0.4817415,1.284249E-05,24,24,24,24,24,24,24,24,24,24,24,24,24,24,24,24
65,650,-549.9273,-562.8033,-562.7386,-586.1038,-595.8543,-563.6296,-499.5227,-155.9845,84.97316,155.9299,-46.29167,-415.5439,-660.2495,-578.9952,-554.3132,-527.056,24,24,24,24,24,24,24,24,24,24,24,24,24,24,24,24,65,650,-552.1976,-554.8782,140.1127,-198.8201,0.9175454,-1.59533,-0.1305712,0.3911213,-0.5176182,-0.2561635,-0.3941746,-0.8082678,-0.3839632,-0.3340573,-0.9636323,-0.2260375,24,24,24,24,24,24,24,24,24,24,24,24,24,24,24,24
66,660,-564.2345,-560.8689,-545.0149,-563.3273,-591.1473,-597.6916,-522.8719,-163.7585,82.61971,149.0379,-52.93756,-412.8964,-658.9402,-606.3274,-577.444,-552.6068,24,24,24,24,24,24,24,24,24,24,24,24,24,24,24,24,66,660,-530.8354,-537.1109,139.1961,-191.978,-0.5269804,-0.2454072,0.5224245,0.3911213,0.7766063,-1.028785,-0.9197567,0.5388019,-0.1280011,-0.4454209,0.6021892,0.2260632,24,24,24,24,24,24,24,24,24,24,24,24,24,24,24,24
67,670,-598.0187,-578.037,-548.7072,-560.5259,-598.5095,-605.0964,-528.8687,-168.6486,82.00037,151.7455,-44.39285,-391.7158,-618.2338,-561.4501,-548.5901,-526.5739,24,24,24,24,24,24,24,24,24,24,24,24,24,24,24,24,67,670,-538.6279,-528.2931,136.5771,-196.7546,-0.1330185,0.7363531,-0.2611697,-9.631868E-06,7.06337E-05,-0.5137045,-0.6569641,-0.1347338,-1.407815,0.1113974,-0.3613933,1.017238,24,24,24,24,24,24,24,24,24,24,24,24,24,24,24,24
68,680,-549.3262,-549.1413,-522.7368,-528.0054,-556.0261,-583.6225,-515.3441,-163.6331,86.70728,151.8686,-53.64963,-391.8418,-601.0942,-560.8533,-553.3594,-536.9388,24,24,24,24,24,24,24,24,24,24,24,24,24,24,24,24,68,680,-532.0447,-529.6092,139.8508,-192.3653,0.6549044,-0.2454072,0.2612275,-0.5215175,0.7766063,-0.2561635,0.3942003,0.4040954,0.6398867,0.4454883,0.3612938,-0.4520846,24,24,24,24,24,24,24,24,24,24,24,24,24,24,24,24
69,690,-553.2937,-556.7581,-538.8607,-530.8067,-558.1985,-595.5936,-525.8065,-167.6455,86.95502,153.5915,-54.48036,-397.137,-616.4484,-559.8985,-547.6364,-531.0333,24,24,24,24,24,24,24,24,24,24,24,24,24,24,24,24,69,690,-544.1364,-530.5305,138.0175,-192.7526,-0.2643394,0.3681942,-0.2611697,-0.9126484,0.129494,0.3876867,-0.6569641,0.5388019,0.1279626,-0.5567846,-0.1204975,-0.1130107,24,24,24,24,24,24,24,24,24,24,24,24,24,24,24,24
70,700,-534.5381,-536.8091,-520.8906,-510.1008,-517.4047,-544.5007,-495.057,-161.7523,86.70728,150.0225,-61.60096,-391.8418,-567.1721,-516.3342,-520.2133,-528.2612,24,24,24,24,24,24,24,24,24,24,24,24,24,24,24,24,70,700,-551.6602,-548.6925,141.815,-193.5272,0.7862253,-1.104499,0.2612275,-0.1303866,0.9060297,-0.1273935,1.284249E-05,-0.9429743,1.023831,-0.3340573,-0.8431842,-0.339061,24,24,24,24,24,24,24,24,24,24,24,24,24,24,24,24
71,710,-519.6298,-532.094,-527.537,-508.0301,-507.5081,-548.0797,-504.8815,-175.0434,79.64693,146.3304,-72.04451,-412.6442,-590.9771,-528.8663,-538.2171,-556.584,24,24,24,24,24,24,24,24,24,24,24,24,24,24,24,24,71,710,-542.2555,-532.373,140.1127,-193.3981,-1.052262,-0.4908978,0.391826,0.6518752,-0.1293512,0.1301466,-1.576734,-0.1347338,0.3839247,-0.3340573,-0.2409452,-0.7911617,24,24,24,24,24,24,24,24,24,24,24,24,24,24,24,24
72,720,-539.227,-542.7334,-548.338,-527.0309,-505.9391,-516.486,-488.2946,-173.5387,74.07296,149.4072,-54.48036,-403.3147,-590.501,-486.1375,-490.8825,-511.9907,24,24,24,24,24,24,24,24,24,24,24,24,24,24,24,24,72,720,-560.9305,-565.1437,141.4221,-195.5927,-0.001698419,0.3681428,2.88956E-05,0.5214983,-0.2587746,-0.5137045,0.9197824,0.6735084,-0.7679071,0.1113974,-0.2409452,0.6781605,24,24,24,24,24,24,24,24,24,24,24,24,24,24,24,24
73,730,-506.6451,-507.7925,-529.3833,-529.8323,-517.4047,-511.9198,-478.3425,-162.0031,79.77078,149.4072,-51.27609,-403.819,-603.5938,-509.1729,-504.4748,-511.3881,24,24,24,24,24,24,24,24,24,24,24,24,24,24,24,24,73,730,-560.1244,-565.9333,139.0651,-191.978,-0.2643394,-0.1227389,-0.1305712,-0.2607636,-1.294154,0.1301466,0.2628023,-0.4041468,0.3839247,0.222761,0.6021892,1.284249E-05,24,24,24,24,24,24,24,24,24,24,24,24,24,24,24,24
74,740,-518.0668,-508.6388,-511.2902,-523.4987,-523.3187,-509.2047,-469.2836,-151.0943,83.98222,150.3917,-52.58154,-407.4751,-614.663,-532.2083,-520.571,-519.1015,24,24,24,24,24,24,24,24,24,24,24,24,24,24,24,24,74,740,-548.7044,-558.8264,140.3746,-195.2054,0.2609425,0.7363017,0.7836231,-0.2607636,0.2589158,0.001376554,-0.5255693,0.1346808,-1.023871,-0.4454209,-0.6022887,-0.339061,24,24,24,24,24,24,24,24,24,24,24,24,24,24,24,24
75,750,-544.2766,-531.7312,-535.5374,-544.2047,-553.4915,-547.5861,-498.1192,-162.1284,79.15146,148.9149,-52.10683,-398.2717,-607.2835,-536.7437,-529.0363,-524.6456,24,24,24,24,24,24,24,24,24,24,24,24,24,24,24,24,75,750,-527.8798,-532.2414,139.0651,-191.5907,-0.1330185,-0.7363403,-1.044765,-0.3911405,-0.1293512,-0.6424745,0.9197824,0.2693873,-0.2559814,0.1113974,0.6021892,0.3390867,24,24,24,24,24,24,24,24,24,24,24,24,24,24,24,24
76,760,-547.162,-542.008,-534.1835,-540.0635,-552.0433,-561.9019,-502.5849,-159.3699,86.33567,154.2069,-50.44536,-393.9851,-607.7596,-559.4211,-543.5825,-523.6814,24,24,24,24,24,24,24,24,24,24,24,24,24,24,24,24,76,760,-529.7607,-532.1097,141.684,-193.5272,0.1296225,-1.104499,0.391826,1.30376,0.2589158,-0.2561635,-0.788362,-2.407967E-05,-0.1280011,-0.7795119,-0.9636323,-0.9041852,24,24,24,24,24,24,24,24,24,24,24,24,24,24,24,24
77,770,-549.4464,-544.9097,-522.983,-521.0627,-543.9569,-575.4774,-518.6614,-169.7771,81.25717,145.8382,-58.04066,-388.9421,-587.5253,-551.7824,-544.894,-526.4534,24,24,24,24,24,24,24,24,24,24,24,24,24,24,24,24,77,770,-514.3101,-509.9994,141.2912,-190.9453,-1.052262,-0.4908978,0.6530246,-0.6518945,0.5177611,-0.3849336,1.284249E-05,0.404097,0.3839247,-0.11133,0.4817415,0.4521135,24,24,24,24,24,24,24,24,24,24,24,24,24,24,24,24
78,780,-523.9579,-529.7968,-513.5057,-498.7734,-505.9391,-533.2702,-497.6088,-168.3978,83.11517,153.2224,-55.42978,-392.5983,-588.4775,-529.9406,-530.8248,-534.0463,24,24,24,24,24,24,24,24,24,24,24,24,24,24,24,24,78,780,-534.1943,-525.6609,138.6723,-199.0783,0.7862253,0.4908625,-0.3917698,0.3911213,-0.3881964,-0.7712445,-0.5255693,-0.2694371,-0.2559814,1.336399,0.8430851,0.2260632,24,24,24,24,24,24,24,24,24,24,24,24,24,24,24,24
79,790,-527.3244,-533.5448,-529.8756,-514.9727,-512.6978,-538.7004,-503.9883,-178.0527,75.6832,145.7151,-68.00951,-407.223,-588.7155,-525.2858,-529.6324,-551.04,24,24,24,24,24,24,24,24,24,24,24,24,24,24,24,24,79,790,-547.3609,-534.7419,138.8032,-191.2034,-0.6583005,-0.8590599,0.9142232,-0.6518945,0.3883393,1.031538,0.525595,0.5388035,-0.1280011,-1.113603,-0.9635809,-0.2260375,24,24,24,24,24,24,24,24,24,24,24,24,24,24,24,24
80,800,-541.872,-545.9978,-547.3533,-523.6205,-514.7495,-544.6241,-503.9883,-179.4319,75.18774,147.1919,-61.00758,-402.0539,-588.2394,-509.0536,-513.4171,-522.7171,24,24,24,24,24,24,24,24,24,24,24,24,24,24,24,24,80,800,-521.6995,-532.373,139.4579,-195.98,0.7862253,0.2454232,-0.7835669,-0.5215175,7.06337E-05,0.1301466,-0.5255693,0.5388035,-0.7679071,-0.11133,-0.2408938,0.791136,24,24,24,24,24,24,24,24,24,24,24,24,24,24,24,24
81,810,-506.1642,-511.6614,-522.6138,-511.3187,-499.7838,-511.6729,-484.5945,-170.9056,73.57748,144.7305,-63.14376,-405.4579,-586.8111,-504.3988,-512.3439,-538.0234,24,24,24,24,24,24,24,24,24,24,24,24,24,24,24,24,81,810,-554.4815,-555.931,141.2912,-193.0108,-0.1330185,-1.104499,0.1306274,0.7822522,0.2589158,0.001376554,-0.1313819,-0.6735581,0.5119065,0.4454883,-0.1204461,-1.130287,24,24,24,24,24,24,24,24,24,24,24,24,24,24,24,24
82,820,-531.5324,-535.721,-557.6923,-545.5445,-520.9048,-535.1214,-498.2468,-177.0496,72.46269,145.592,-72.16319,-427.8993,-614.1868,-522.8987,-533.9247,-569.1183,24,24,24,24,24,24,24,24,24,24,24,24,24,24,24,24,82,820,-552.8693,-574.2247,140.2436,-194.6891,-1.183582,0.1227036,0.2612275,0.9126291,-0.7764634,0.2589166,-0.788362,-2.407967E-05,-0.511945,-0.5567846,-0.9635809,0.2260118,24,24,24,24,24,24,24,24,24,24,24,24,24,24,24,24
83,830,-544.998,-544.1842,-573.5699,-553.8268,-521.991,-522.7801,-490.5913,-179.0558,70.85244,146.2074,-65.16126,-423.8649,-613.9487,-509.7697,-518.7824,-547.5448,24,24,24,24,24,24,24,24,24,24,24,24,24,24,24,24,83,830,-533.3881,-547.9029,140.3746,-195.0763,0.1296225,0.2454232,-0.1305712,0.9126291,7.06337E-05,-0.9000146,-0.1313819,0.5388035,-0.1280011,1.002308,0.1204497,-0.5651627,24,24,24,24,24,24,24,24,24,24,24,24,24,24,24,24
84,840,-540.5496,-536.8091,-550.1842,-545.4227,-529.9567,-520.3118,-484.0841,-167.0186,73.82522,147.6842,-54.59904,-406.2144,-605.6171,-509.173,-514.2516,-519.222,24,24,24,24,24,24,24,24,24,24,24,24,24,24,24,24,84,840,-518.6093,-542.507,136.3152,-197.0128,0.3922634,-0.2454585,2.88956E-05,-0.5215175,-0.6470416,0.1301466,1.284249E-05,-2.407967E-05,0.7678686,-0.6681482,-0.1204461,0.1129882,24,24,24,24,24,24,24,24,24,24,24,24,24,24,24,24
85,850,-537.5438,-533.4238,-547.9688,-555.5321,-549.6294,-542.4027,-496.9709,-170.7802,71.59563,143.6229,-62.07568,-427.6471,-640.9674,-531.3729,-531.3016,-559.597,24,24,24,24,24,24,24,24,24,24,24,24,24,24,24,24,85,850,-532.8507,-560.1426,137.6247,-195.2054,-0.001698419,0.2454232,0.1306274,-0.9126484,0.2589158,0.3876867,0.1314076,1.347046,-1.926374E-05,3.371154E-05,0.3613451,-3.852747E-05,24,24,24,24,24,24,24,24,24,24,24,24,24,24,24,24
86,860,-562.7918,-551.3176,-566.5542,-575.3854,-560.2502,-546.352,-492.3776,-164.26,78.03666,148.7918,-57.3286,-414.7875,-619.0668,-514.902,-517.1132,-520.4272,24,24,24,24,24,24,24,24,24,24,24,24,24,24,24,24,86,860,-520.356,-517.7644,139.4579,-194.56,-0.001698419,-0.8590599,-0.5223683,-9.631868E-06,7.06337E-05,0.001376554,1.284249E-05,-0.2694371,-0.7679071,-0.8908756,-0.9635809,-0.452136,24,24,24,24,24,24,24,24,24,24,24,24,24,24,24,24
87,870,-523.5974,-516.6183,-526.0602,-543.3521,-550.957,-539.5643,-489.0602,-155.8591,81.38104,147.315,-55.42978,-402.18,-611.3302,-538.6534,-529.0363,-511.9906,24,24,24,24,24,24,24,24,24,24,24,24,24,24,24,24,87,870,-540.7775,-535.9265,143.6482,-192.6235,-0.1330185,-0.6136174,-0.2611729,0.5214983,0.129494,0.5164568,0.1314076,0.1346824,0.5119065,0.1113974,-0.8431328,-0.791213,24,24,24,24,24,24,24,24,24,24,24,24,24,24,24,24
88,880,-527.084,-520.3665,-508.7055,-512.0495,-525.8531,-534.3809,-489.1878,-158.2414,81.13331,144.8536,-56.73522,-393.2287,-597.1663,-554.5276,-541.5555,-525.4891,24,24,24,24,24,24,24,24,24,24,24,24,24,24,24,24,88,880,-561.7366,-559.0897,141.815,-196.2382,-0.5269804,0.4908625,-0.3917714,0.2607411,0.2589158,-1.672636,-1.182546,-0.8082646,-0.1280011,-0.4454209,-0.2408938,-0.3391124,24,24,24,24,24,24,24,24,24,24,24,24,24,24,24,24
89,890,-545.2385,-545.756,-531.2296,-522.2807,-536.5947,-563.5063,-506.0298,-162.7554,82.74357,146.0843,-60.4142,-397.5152,-596.5712,-550.2309,-543.3439,-540.916,24,24,24,24,24,24,24,24,24,24,24,24,24,24,24,24,89,890,-542.7928,-536.1896,141.1603,-196.6255,-0.1330185,0.2454232,2.568498E-05,0.521495,1.926374E-05,0.3876867,0.525595,0.8082181,1.023831,0.3341247,-0.361342,0.6781092,24,24,24,24,24,24,24,24,24,24,24,24,24,24,24,24
90,900,-549.9274,-559.9017,-555.723,-532.5119,-530.8015,-554.4973,-506.5403,-169.5263,78.77986,143.3767,-68.6029,-406.9708,-599.9038,-535.3115,-539.29,-546.9421,24,24,24,24,24,24,24,24,24,24,24,24,24,24,24,24,90,900,-532.582,-528.2931,138.1485,-193.5272,0.1296225,-0.4908978,0.5224229,-1.303782,-0.9059382,-0.7712445,-0.3941746,0.67351,0.1279626,-0.8908756,0.4817929,-1.24331,24,24,24,24,24,24,24,24,24,24,24,24,24,24,24,24
91,910,-529.9694,-545.3932,-544.2764,-530.8067,-528.0255,-555.608,-510.4955,-179.0557,75.93095,146.0843,-66.11068,-404.5754,-590.6199,-543.189,-551.3323,-575.0239,24,24,24,24,24,24,24,24,24,24,24,24,24,24,24,24,91,910,-604.4607,-595.1506,138.4104,-199.4656,0.2609425,0.3681428,0.1306258,0.1303641,0.7765549,0.1301466,0.6569898,-0.2694371,-0.8958889,0.3341247,-0.2408938,0.1129882,24,24,24,24,24,24,24,24,24,24,24,24,24,24,24,24
92,920,-569.7651,-569.8157,-574.3084,-548.2241,-535.267,-566.7151,-518.4062,-183.4443,74.32069,142.0229,-75.96084,-416.6786,-600.2609,-532.8051,-547.3977,-582.9784,24,24,24,24,24,24,24,24,24,24,24,24,24,24,24,24,92,920,-523.5804,-523.1604,139.7198,-189.5252,0.5235835,-0.9817795,-0.1305728,0.391118,-0.5176696,0.2589166,-0.5255693,-0.9429727,0.2559428,0.222761,-1.445372,-1.469361,24,24,24,24,24,24,24,24,24,24,24,24,24,24,24,24
93,930,-555.6983,-562.4406,-580.7087,-554.3141,-526.6979,-558.1996,-515.5992,-190.466,71.96724,147.8073,-72.40054,-427.0168,-627.8747,-563.2405,-578.3977,-609.0112,24,24,24,24,24,24,24,24,24,24,24,24,24,24,24,24,93,930,-509.0703,-523.2919,146.3981,-197.5292,0.2609425,0.2454232,0.653023,-1.284249E-05,1.926374E-05,-1.028785,-1.051151,0.1346824,-0.2559814,-0.11133,1.605311E-06,-0.2260888,24,24,24,24,24,24,24,24,24,24,24,24,24,24,24,24
94,940,-579.2631,-586.3794,-600.648,-566.1287,-536.8361,-569.677,-517.1302,-190.2152,68.99446,143.6228,-71.45113,-427.6471,-618.5908,-526.9567,-538.3362,-569.1183,24,24,24,24,24,24,24,24,24,24,24,24,24,24,24,24,94,940,-556.0938,-546.3236,145.0887,-191.2034,-0.2643394,0.1227036,2.568498E-05,-0.1303898,-0.7765148,-0.5137045,0.3942003,-0.1347306,-0.1280011,-0.2226936,0.3613451,0.791136,24,24,24,24,24,24,24,24,24,24,24,24,24,24,24,24
95,950,-535.8607,-528.7087,-555.846,-553.3397,-523.0771,-517.8436,-479.7461,-165.7647,77.04575,146.8227,-61.12626,-413.1485,-606.3312,-512.1568,-514.2516,-522.8376,24,24,24,24,24,24,24,24,24,24,24,24,24,24,24,24,95,950,-591.5628,-589.3598,144.0411,-197.5292,0.3922634,0.3681428,0.2612243,-1.303782,0.9059783,0.3876867,-0.6569641,-0.5388517,-1.151851,0.3341247,1.605311E-06,-0.5651627,24,24,24,24,24,24,24,24,24,24,24,24,24,24,24,24
96,960,-530.8111,-524.4771,-533.0759,-538.1147,-535.6291,-529.8147,-485.6153,-163.0061,77.66507,146.2073,-58.8714,-411.7617,-616.5674,-523.7342,-517.8286,-518.2578,24,24,24,24,24,24,24,24,24,24,24,24,24,24,24,24,96,960,-551.5258,-558.6949,141.1603,-196.8837,-0.6583005,0.1227036,0.3918244,0.1303641,1.164824,-0.1273935,0.1314076,-0.2694371,-1.926374E-05,-0.2226936,-0.9635809,-0.2260375,24,24,24,24,24,24,24,24,24,24,24,24,24,24,24,24
97,970,-525.4008,-516.3766,-519.6599,-531.5375,-532.0084,-523.1504,-477.1942,-155.9845,81.25718,146.2073,-50.44535,-390.455,-591.3341,-529.1051,-516.8747,-498.4921,24,24,24,24,24,24,24,24,24,24,24,24,24,24,24,24,97,970,-564.2892,-553.2989,138.4104,-196.2382,0.3922634,-0.6136174,-0.1305728,-0.5215207,0.1294427,0.2589166,-0.6569641,-0.1347306,-0.3839632,-0.11133,-1.084029,-0.9041852,24,24,24,24,24,24,24,24,24,24,24,24,24,24,24,24
98,980,-526.3626,-520.0038,-512.398,-516.0689,-537.5602,-551.6588,-498.1192,-159.3699,80.51398,142.2691,-59.10875,-390.9593,-591.8102,-546.8889,-538.3362,-531.2742,24,24,24,24,24,24,24,24,24,24,24,24,24,24,24,24,98,980,-567.5137,-567.1178,143.9101,-195.7218,-0.6583005,0.1227036,0.653023,0.1303641,0.6471331,-1.415095,-0.3941746,-2.407967E-05,-0.1280011,0.4454883,-0.1204461,-0.1130107,24,24,24,24,24,24,24,24,24,24,24,24,24,24,24,24
99,990,-547.4026,-544.5471,-534.9221,-526.3001,-540.8189,-564.6171,-507.8161,-163.6331,82.74357,145.3458,-61.48229,-385.412,-573.1234,-537.5793,-539.1708,-534.4078,24,24,24,24,24,24,24,24,24,24,24,24,24,24,24,24,99,990,-567.7824,-562.3799,142.2078,-199.0783,-0.1330185,0.1227036,0.1306258,0.2607411,-1.03536,-0.7712445,0.6569898,0.9429246,-0.2559814,0.4454883,1.605311E-06,0.6781605,24,24,24,24,24,24,24,24,24,24,24,24,24,24,24,24
100,1000,-532.9752,-551.0758,-526.1832,-496.0938,-491.3354,-520.8055,-483.9566,-170.1532,76.55027,143.3767,-65.63596,-398.776,-576.218,-514.4245,-524.7439,-561.2844,24,24,24,24,24,24,24,24,24,24,24,24,24,24,24,24,100,1000,-549.6448,-547.9028,141.684,-197.1419,0.3922634,-0.2454585,0.2612243,-1.043029,0.2588645,0.7739977,-0.1313819,0.404097,0.2559428,-0.6681482,-0.6022373,-0.339061,24,24,24,24,24,24,24,24,24,24,24,24,24,24,24,24
101,1010,-554.2556,-558.8135,-564.9541,-542.1341,-525.129,-546.352,-501.6917,-179.5573,73.20589,146.6996,-66.11068,-416.6786,-618.3527,-541.876,-549.6631,-573.0955,24,24,24,24,24,24,24,24,24,24,24,24,24,24,24,24,101,1010,-518.6093,-515.2637,142.2078,-198.8201,0.1296225,-0.3681782,-1.305966,-1.284249E-05,0.2588645,0.2589166,0.9197824,-0.1347306,-0.6399269,0.222761,-0.2408938,0.1130396,24,24,24,24,24,24,24,24,24,24,24,24,24,24,24,24
102,1020,-560.1468,-566.5514,-582.0626,-557.6027,-533.8188,-558.1996,-515.982,-189.8391,67.13647,141.7768,-75.84216,-431.0512,-628.5889,-541.6373,-553.5977,-586.7146,24,24,24,24,24,24,24,24,24,24,24,24,24,24,24,24,102,1020,-516.7284,-517.1063,142.9935,-198.0456,-0.2643394,-0.9817281,0.2612243,0.782249,0.1294427,0.3876867,-0.9197567,-0.4041452,0.8958504,0.556852,-0.6022373,-1.130236,24,24,24,24,24,24,24,24,24,24,24,24,24,24,24,24
103,1030,-555.8186,-557.6046,-578.9855,-562.231,-530.6808,-545.1178,-501.8194,-186.2028,67.26033,142.7614,-69.07759,-432.1858,-633.1118,-523.4955,-529.5132,-561.5254,24,24,24,24,24,24,24,24,24,24,24,24,24,24,24,24,103,1030,-534.1943,-535.1368,137.7556,-202.9512,-1.183582,-0.613566,0.391826,0.1303641,0.2588645,-1.028785,-0.1313819,0.67351,0.2559428,-0.7795119,-0.4817896,0.3390867,24,24,24,24,24,24,24,24,24,24,24,24,24,24,24,24
104,1040,-552.332,-542.9753,-565.3234,-568.9301,-538.7672,-519.0777,-482.0427,-172.5356,70.85245,146.0843,-62.66905,-430.6729,-638.825,-519.6761,-525.4593,-558.6328,24,24,24,24,24,24,24,24,24,24,24,24,24,24,24,24,104,1040,-541.3149,-554.7465,141.684,-198.562,0.2609425,-0.2454072,-0.3917698,0.1303673,0.2588645,-0.2561635,0.525595,0.1346824,-0.3839632,0.1113974,0.2408974,0.565137,24,24,24,24,24,24,24,24,24,24,24,24,24,24,24,24
105,1050,-557.9827,-530.1596,-568.0312,-574.6547,-548.6639,-514.6349,-482.0427,-172.1594,68.87064,144.7305,-55.07375,-418.6958,-637.6348,-521.1083,-513.7747,-507.5313,24,24,24,24,24,24,24,24,24,24,24,24,24,24,24,24,105,1050,-551.6601,-571.8557,143.1245,-196.4964,-0.1330185,0.2454746,1.175422,-0.7822714,7.06337E-05,0.001376554,-1.051151,-0.2694371,-0.2559814,-0.3340573,0.1204497,-0.7911617,24,24,24,24,24,24,24,24,24,24,24,24,24,24,24,24
106,1060,-535.019,-520.85,-514.6135,-530.3195,-539.4913,-531.5424,-482.4255,-152.2228,82.74362,146.8227,-51.03873,-392.9765,-595.738,-527.7922,-519.8555,-505.4824,24,24,24,24,24,24,24,24,24,24,24,24,24,24,24,24,106,1060,-556.6312,-577.1201,144.172,-202.0476,0.2609425,0.1227549,-0.6529684,-0.6518945,0.6471845,0.001376554,0.3942003,-2.407967E-05,-1.926374E-05,-0.2226936,0.1204497,1.284249E-05,24,24,24,24,24,24,24,24,24,24,24,24,24,24,24,24
107,1070,-529.1278,-533.424,-519.783,-522.4025,-538.4051,-552.8928,-502.3297,-165.6393,77.04579,142.3922,-61.36361,-401.2975,-601.3322,-542.9503,-538.4554,-526.6944,24,24,24,24,24,24,24,24,24,24,24,24,24,24,24,24,107,1070,-538.3592,-539.7431,142.0769,-195.98,0.1296225,-1.227167,0.1306274,0.2607443,0.129494,0.1301466,-0.5255693,-0.2694371,-0.3839632,0.8909446,-0.8431328,-0.9041852,24,24,24,24,24,24,24,24,24,24,24,24,24,24,24,24
108,1080,-547.8835,-546.1188,-537.6299,-541.6469,-563.6296,-580.5373,-519.1718,-169.9025,78.03672,144.2382,-62.66905,-405.9623,-621.8044,-578.3985,-565.7592,-546.8217,24,24,24,24,24,24,24,24,24,24,24,24,24,24,24,24,108,1080,-553.5411,-549.877,140.8984,-204.5004,-0.1330185,0.2454746,0.7836231,-0.1303866,0.129494,-1.286325,-0.1313819,-0.404142,-0.1280011,0.1113974,-0.2408938,0.1130396,24,24,24,24,24,24,24,24,24,24,24,24,24,24,24,24
109,1090,-557.1411,-554.2194,-533.8144,-533.9735,-546.2501,-566.4682,-510.6231,-170.404,79.89471,145.9612,-58.51537,-393.8591,-588.2394,-531.3729,-529.2747,-528.7433,24,24,24,24,24,24,24,24,24,24,24,24,24,24,24,24,109,1090,-562.677,-566.0649,139.1961,-199.2074,0.6549044,0.1227549,2.88956E-05,0.6518752,-1.035309,0.001376554,0.6569898,0.1346856,-1.926374E-05,0.3341247,0.4817929,0.6781605,24,24,24,24,24,24,24,24,24,24,24,24,24,24,24,24
110,1100,-518.0668,-529.4341,-521.7523,-504.6197,-509.0771,-535.7384,-500.2883,-173.7895,76.55032,144.2382,-61.00758,-392.7244,-584.6687,-540.3243,-545.0131,-545.4959,24,24,24,24,24,24,24,24,24,24,24,24,24,24,24,24,110,1100,-562.677,-556.5891,141.1603,-201.5312,0.3922634,0.1227549,0.5224245,-0.7822714,0.3883393,0.1301466,-0.3941746,0.6735132,-0.1280011,-0.7794605,-0.2408938,-0.1130107,24,24,24,24,24,24,24,24,24,24,24,24,24,24,24,24
111,1110,-545.1182,-571.8711,-543.2917,-516.0689,-528.9911,-589.423,-538.1829,-190.8422,74.8162,143.7459,-74.6554,-415.4179,-617.2814,-583.8887,-583.7631,-593.7048,24,24,24,24,24,24,24,24,24,24,24,24,24,24,24,24,111,1110,-578.2619,-560.5374,142.6007,-196.8837,-0.5269804,3.210623E-05,-0.914167,-0.1303866,0.3883393,0.3876867,-0.5255693,-0.2694355,-1.023871,-0.1112786,-0.1204461,-0.339061,24,24,24,24,24,24,24,24,24,24,24,24,24,24,24,24
112,1120,-585.7554,-594.8427,-583.2934,-550.2947,-527.4221,-549.1904,-504.6264,-178.178,76.42646,150.2686,-51.98815,-395.372,-588.8345,-507.5019,-510.794,-522.5966,24,24,24,24,24,24,24,24,24,24,24,24,24,24,24,24,112,1120,-599.624,-588.8333,141.9459,-199.0784,0.6549044,-0.4908464,0.2612275,0.1303673,7.06337E-05,0.001376554,-0.2627798,-0.2694355,-0.1280011,-0.2226422,-0.8431328,-0.6781413,24,24,24,24,24,24,24,24,24,24,24,24,24,24,24,24
113,1130,-504.9619,-515.893,-523.5985,-515.8253,-502.1976,-509.4515,-482.0427,-172.661,71.2241,142.146,-65.27994,-415.9222,-600.2609,-496.0438,-512.5825,-554.053,24,24,24,24,24,24,24,24,24,24,24,24,24,24,24,24,113,1130,-597.34,-588.0437,139.5889,-198.8201,-0.7896214,-0.1226875,-0.1305712,0.1303673,0.5177611,-0.9000146,-0.1313819,-2.086905E-05,-0.3839632,-0.6680969,-0.1204461,6.421245E-06,24,24,24,24,24,24,24,24,24,24,24,24,24,24,24,24
114,1140,-551.1296,-553.6148,-573.816,-566.6158,-540.6982,-529.8146,-491.2293,-174.918,69.98544,147.6842,-58.15934,-436.8506,-664.4153,-529.7018,-524.8632,-550.3168,24,24,24,24,24,24,24,24,24,24,24,24,24,24,24,24,114,1140,-603.7889,-593.7029,140.3746,-199.982,-0.001698419,0.6136335,-0.6529684,-9.631868E-06,-0.2587746,-1.157555,0.525595,0.5388067,0.1279626,0.6682686,0.6022406,0.1130332,24,24,24,24,24,24,24,24,24,24,24,24,24,24,24,24
115,1150,-578.0608,-591.3365,-616.2794,-633.4839,-613.7166,-582.2651,-522.4891,-186.4536,65.4024,142.2691,-63.97449,-447.1888,-682.3879,-557.6307,-548.5901,-548.6295,24,24,24,24,24,24,24,24,24,24,24,24,24,24,24,24,115,1150,-556.7654,-556.3259,140.6364,-197.6583,1.048866,0.2454746,0.9142232,-0.1303866,-0.5176182,-0.3849344,0.2628023,-2.086905E-05,1.151813,-0.4453695,-0.361342,-0.1130171,24,24,24,24,24,24,24,24,24,24,24,24,24,24,24,24
116,1160,-580.1047,-562.1989,-555.2306,-574.7764,-585.1127,-565.9746,-501.947,-156.7368,81.87656,148.9149,-52.22551,-407.223,-632.8737,-561.8081,-545.0132,-519.704,24,24,24,24,24,24,24,24,24,24,24,24,24,24,24,24,116,1160,-565.4984,-566.9862,139.0651,-200.8857,-0.001698419,0.3681942,-1.044765,-0.6518945,1.164875,0.7739977,-0.788362,0.6735132,-0.511945,-0.5567332,1.605311E-06,-0.2260407,24,24,24,24,24,24,24,24,24,24,24,24,24,24,24,24
117,1170,-572.5303,-557.0001,-537.1375,-549.442,-577.5092,-577.3286,-512.537,-160.8746,83.73455,147.8073,-58.27802,-398.6499,-603.2365,-544.9792,-539.5286,-520.0657,24,24,24,24,24,24,24,24,24,24,24,24,24,24,24,24,117,1170,-511.0855,-519.8701,143.3863,-199.0783,1.836789,-0.7362889,-0.1305712,0.3911213,0.2589158,-1.286325,-0.2627798,-0.6735566,0.1279626,0.3341761,0.1204497,-0.9041916,24,24,24,24,24,24,24,24,24,24,24,24,24,24,24,24
118,1180,-539.227,-542.8544,-524.3369,-522.1589,-543.1121,-576.5881,-519.8098,-173.7895,78.65605,143.869,-61.95699,-399.7846,-605.7361,-569.3275,-561.7055,-547.6653,24,24,24,24,24,24,24,24,24,24,24,24,24,24,24,24,118,1180,-519.1467,-520.5281,136.1842,-201.9185,-0.2643394,-1.349887,0.391826,0.3911213,-0.7764634,0.5164568,-0.3941746,-0.6735566,0.1279626,-0.1112786,-0.8431328,-0.7911649,24,24,24,24,24,24,24,24,24,24,24,24,24,24,24,24
119,1190,-542.5934,-552.4058,-539.353,-517.1651,-531.2843,-578.4393,-527.4651,-184.6982,75.80713,146.8227,-64.21185,-405.2058,-606.6882,-556.5565,-554.3131,-553.4504,24,24,24,24,24,24,24,24,24,24,24,24,24,24,24,24,119,1190,-517.2658,-522.7655,138.5413,-199.4656,-0.1330185,0.3681942,0.2612275,-0.5215175,0.2589158,-0.9000146,0.1314076,0.1346856,-0.1280011,0.1114487,0.2408974,0.452107,24,24,24,24,24,24,24,24,24,24,24,24,24,24,24,24
120,1200,-538.3854,-540.799,-535.9067,-528.3707,-539.8534,-573.5028,-524.5305,-187.9583,68.37518,141.0384,-71.68848,-414.2832,-597.9995,-526.2405,-534.8786,-559.597,24,24,24,24,24,24,24,24,24,24,24,24,24,24,24,24,120,1200,-519.6841,-515.9218,138.5413,-198.0455,0.1296225,0.4909138,0.1306274,0.1303673,-0.6470416,0.001376554,-0.2627798,-0.404142,0.5119065,-0.1112786,0.1204497,6.421245E-06,24,24,24,24,24,24,24,24,24,24,24,24,24,24,24,24
121,1210,-538.5056,-544.1843,-559.0461,-547.1278,-526.4567,-539.194,-496.7156,-174.5418,75.43548,146.6996,-61.00758,-410.2488,-593.9526,-504.3987,-505.6671,-515.4858,24,24,24,24,24,24,24,24,24,24,24,24,24,24,24,24,121,1210,-555.1532,-552.5092,139.8507,-199.982,0.7862253,0.1227549,-0.2611697,-1.69491,1.035452,0.3876867,-0.2627798,0.2693921,-1.023871,-0.3340059,-0.8431328,-0.5651178,24,24,24,24,24,24,24,24,24,24,24,24,24,24,24,24
122,1220,-515.3015,-516.9811,-520.8906,-522.4025,-517.7668,-517.5968,-480.6392,-162.1284,78.2844,145.592,-61.12626,-413.0225,-605.379,-515.2599,-514.4902,-520.9093,24,24,24,24,24,24,24,24,24,24,24,24,24,24,24,24,122,1220,-567.1106,-552.1143,140.3745,-198.8201,-0.2643394,-0.1226875,-0.914167,0.1303673,0.5177611,-0.6424745,-0.2627798,0.5388067,-0.6399269,0.2228124,1.084032,0.1130332,24,24,24,24,24,24,24,24,24,24,24,24,24,24,24,24
123,1230,-518.0668,-523.2681,-537.5067,-542.743,-539.3707,-527.0996,-487.5291,-165.6393,73.20589,144.1152,-62.19435,-421.7216,-632.1595,-545.8146,-537.144,-540.3134,24,24,24,24,24,24,24,24,24,24,24,24,24,24,24,24,123,1230,-577.5901,-564.0908,137.6246,-202.1766,0.5235835,-1.227167,0.2612275,0.7822522,-0.2587746,-0.1273935,-0.1313819,-0.808263,-0.1280011,-0.3340059,-1.084029,-0.1130171,24,24,24,24,24,24,24,24,24,24,24,24,24,24,24,24
124,1240,-560.7479,-552.4058,-562.2463,-567.4684,-560.1296,-546.9691,-500.4158,-171.9087,73.20589,146.5766,-61.4823,-435.5898,-655.9645,-548.6791,-548.7094,-574.9033,24,24,24,24,24,24,24,24,24,24,24,24,24,24,24,24,124,1240,-574.0969,-561.7218,139.7198,-198.8201,-0.5269804,-0.2454072,0.5224245,-0.5215175,0.129494,-0.7712445,-0.3941746,-0.134729,0.2559428,8.50815E-05,0.2408974,0.1130332,24,24,24,24,24,24,24,24,24,24,24,24,24,24,24,24
125,1250,-584.1924,-568.6068,-590.8013,-608.5149,-590.6646,-557.5826,-501.8193,-172.0341,74.44456,148.9149,-58.27802,-437.6071,-666.9147,-548.5598,-538.4555,-543.206,24,24,24,24,24,24,24,24,24,24,24,24,24,24,24,24,125,1250,-548.7043,-547.9028,138.4103,-203.0803,0.2609425,0.3681942,-1.175366,0.3911213,-0.5176182,-0.3849336,0.525595,-2.086905E-05,-0.5119964,-0.4453695,1.605311E-06,6.421245E-06,24,24,24,24,24,24,24,24,24,24,24,24,24,24,24,24
126,1260,-566.0379,-548.0532,-562.4925,-589.6359,-595.8543,-562.0254,-506.285,-170.9056,68.74673,143.4998,-60.77024,-437.8592,-669.0572,-554.7663,-549.4247,-556.9456,24,24,24,24,24,24,24,24,24,24,24,24,24,24,24,24,126,1260,-528.2827,-532.5046,138.9341,-196.4964,0.1296225,-0.4908464,-0.3917698,-0.7822714,-0.7764634,-0.3849336,0.3942003,0.4040986,0.5118551,-0.2226422,-0.1204461,6.421245E-06,24,24,24,24,24,24,24,24,24,24,24,24,24,24,24,24
127,1270,-586.9576,-563.0452,-566.4311,-574.8982,-574.7333,-554.4973,-506.0298,-167.1439,78.03667,152.3609,-46.05432,-406.2144,-633.8259,-552.8566,-537.3823,-521.2709,24,24,24,24,24,24,24,24,24,24,24,24,24,24,24,24,127,1270,-537.4187,-540.1379,143.7791,-200.1111,-0.3956595,0.1227549,-0.5223683,-9.631868E-06,0.2589158,0.1301466,-0.788362,-2.086905E-05,-1.151902,-0.3340059,0.3613451,0.5651306,24,24,24,24,24,24,24,24,24,24,24,24,24,24,24,24
128,1280,-532.8549,-541.1618,-538.1221,-549.6856,-564.2331,-567.3322,-516.2371,-173.6641,73.94909,142.2691,-58.15934,-412.266,-627.7556,-549.5147,-537.8593,-530.3101,24,24,24,24,24,24,24,24,24,24,24,24,24,24,24,24,128,1280,-509.742,-513.158,140.2436,-197.9165,-0.001698419,-1.104448,-0.2611697,0.2607443,-0.1293512,0.1301466,0.7883877,-0.134729,-7.06337E-05,0.4455397,0.1204497,-0.452091,24,24,24,24,24,24,24,24,24,24,24,24,24,24,24,24
129,1290,-546.9217,-538.2601,-541.0761,-561.3784,-580.8885,-579.3032,-513.3025,-165.7647,78.77986,145.8382,-59.82082,-413.6528,-629.66,-560.2567,-550.8553,-534.7694,24,24,24,24,24,24,24,24,24,24,24,24,24,24,24,24,129,1290,-535.6722,-545.5339,141.9459,-201.4021,-1.052262,-0.3681268,-0.1305712,-0.2607636,-0.3881964,-0.7712445,-1.313944,0.2693921,0.5118551,-0.4453695,-0.8431328,-0.3390674,24,24,24,24,24,24,24,24,24,24,24,24,24,24,24,24
130,1300,-561.83,-550.9548,-532.5834,-540.1852,-561.5779,-574.6135,-514.706,-164.5108,81.38105,146.2074,-58.99008,-407.9794,-622.3995,-576.3695,-562.6592,-538.144,24,24,24,24,24,24,24,24,24,24,24,24,24,24,24,24,130,1300,-538.7623,-547.6396,144.041,-196.4964,0.6549044,-0.1226875,-0.6529684,0.9126291,0.2589158,-1.028785,0.3942003,0.9429262,-7.06337E-05,1.00236,0.6022406,-0.2260407,24,24,24,24,24,24,24,24,24,24,24,24,24,24,24,24
131,1310,-577.4597,-572.3546,-549.0764,-558.4552,-590.9059,-619.6592,-535.5034,-168.0217,82.37197,147.6842,-59.34612,-407.6012,-625.018,-595.4662,-583.5245,-555.3787,24,24,24,24,24,24,24,24,24,24,24,24,24,24,24,24,131,1310,-539.1653,-545.9287,141.0293,-200.3693,0.2609425,3.210623E-05,-0.3917698,-0.7822714,-0.3881964,-0.2561635,-0.3941746,-0.134729,0.6398354,-0.8908242,-0.4817896,6.421245E-06,24,24,24,24,24,24,24,24,24,24,24,24,24,24,24,24
132,1320,-592.6085,-586.3793,-557.8152,-560.7695,-600.1992,-637.3073,-545.9659,-168.0217,85.71635,150.3917,-57.32861,-402.5582,-626.4464,-605.0145,-585.1938,-560.0791,24,24,24,24,24,24,24,24,24,24,24,24,24,24,24,24,132,1320,-551.6602,-570.6713,145.4815,-197.9165,-0.3956595,0.3681942,0.1306274,-0.2607636,-0.3881964,0.5164568,0.2628023,0.4040986,-0.1280525,0.1114487,0.6022406,0.2260567,24,24,24,24,24,24,24,24,24,24,24,24,24,24,24,24
133,1330,-590.4443,-593.6335,-562.0001,-547.7369,-581.4919,-619.906,-540.3519,-169.9025,84.22996,145.4689,-64.09318,-409.3663,-633.4688,-608.5952,-585.7899,-545.978,24,24,24,24,24,24,24,24,24,24,24,24,24,24,24,24,133,1330,-535.6722,-550.7983,141.4221,-199.5947,0.3922626,-1.59533,2.88956E-05,-0.6518945,-0.5176182,0.3876867,0.3942003,-0.6735566,-0.5119964,8.50815E-05,0.7226887,6.421245E-06,24,24,24,24,24,24,24,24,24,24,24,24,24,24,24,24
134,1340,-588.8814,-591.82,-556.7075,-554.923,-585.2333,-631.3834,-546.859,-177.3003,82.00037,147.8073,-65.63598,-407.4751,-614.7819,-572.7889,-571.363,-562.4896,24,24,24,24,24,24,24,24,24,24,24,24,24,24,24,24,134,1340,-544.1364,-549.6138,144.8267,-197.1419,-0.3956603,-0.613566,0.6530246,0.2607443,0.2589158,-0.7712445,-0.2627798,0.1346856,-0.3840145,-0.5567332,-0.7226851,-0.7911649,24,24,24,24,24,24,24,24,24,24,24,24,24,24,24,24
135,1350,-550.4083,-558.8135,-541.3222,-525.0822,-533.3359,-574.1198,-524.9133,-176.9242,78.53214,143.6229,-72.75658,-410.3748,-604.4268,-569.6857,-567.0707,-560.0791,24,24,24,24,24,24,24,24,24,24,24,24,24,24,24,24,135,1350,-552.7349,-555.0098,147.4456,-199.0783,0.2609417,0.7363531,-0.2612211,-0.1303866,-0.6470416,-1.672636,0.2628023,-2.086905E-05,-0.5119964,-0.1112786,0.2408974,0.452107,24,24,24,24,24,24,24,24,24,24,24,24,24,24,24,24
136,1360,-554.1354,-570.1783,-545.9993,-518.0178,-522.9565,-569.6769,-517.0027,-173.5387,80.14239,145.592,-73.46864,-415.9221,-598.7136,-530.06,-536.4285,-556.1019,24,24,24,24,24,24,24,24,24,24,24,24,24,24,24,24,136,1360,-591.6972,-594.0977,143.7791,-201.6602,0.3922626,3.210623E-05,0.9141718,-0.1303898,-0.2587746,-0.1273935,0.6569898,0.2693921,0.2558914,-0.4453695,-0.2408938,0.2260567,24,24,24,24,24,24,24,24,24,24,24,24,24,24,24,24
137,1370,-553.1735,-550.3503,-547.5994,-528.6143,-509.1977,-519.3245,-490.5913,-173.4133,74.44455,147.1919,-58.75273,-404.8276,-592.2863,-500.9375,-502.3285,-518.4988,24,24,24,24,24,24,24,24,24,24,24,24,24,24,24,24,137,1370,-576.7841,-571.7241,142.2078,-201.273,-0.2643402,0.1227549,-0.2612211,-1.43416,-0.3881964,0.1301466,-0.1313819,0.1346856,-0.3840145,8.50815E-05,0.6022406,-0.6781413,24,24,24,24,24,24,24,24,24,24,24,24,24,24,24,24
138,1380,-512.2958,-515.0466,-529.6295,-529.7105,-524.4048,-521.9162,-488.9326,-169.9025,73.82522,145.0997,-58.99008,-408.4837,-603.4745,-516.4536,-516.7554,-527.1765,24,24,24,24,24,24,24,24,24,24,24,24,24,24,24,24,138,1380,-545.6143,-540.1379,143.1244,-201.5312,0.7862245,0.3681942,0.130576,0.1303641,0.3883393,0.6452276,0.7883877,-0.6735566,0.1279112,0.3341761,-0.6022373,0.1130332,24,24,24,24,24,24,24,24,24,24,24,24,24,24,24,24
139,1390,-529.0076,-522.1799,-532.9527,-542.8649,-533.698,-516.6094,-479.7461,-162.3792,77.29346,146.9457,-54.83639,-413.2746,-620.4951,-525.7632,-522.3593,-527.6586,24,24,24,24,24,24,24,24,24,24,24,24,24,24,24,24,139,1390,-560.2587,-545.6655,138.5413,-201.7894,-0.6583013,-0.2454072,-0.6530198,0.1303641,0.3883393,-0.1273935,-0.6569641,0.5388067,-0.2560327,-0.6680969,-0.2408938,-0.5651178,24,24,24,24,24,24,24,24,24,24,24,24,24,24,24,24
140,1400,-525.8817,-514.6839,-529.9987,-545.9099,-544.0775,-523.2737,-481.4048,-156.1098,81.13331,148.6687,-47.95314,-401.5497,-620.7332,-547.9631,-530.8246,-513.1959,24,24,24,24,24,24,24,24,24,24,24,24,24,24,24,24,140,1400,-559.4526,-548.8241,141.684,-205.6622,0.2609417,3.210623E-05,0.130576,1.043003,0.2589158,-1.672636,0.1314076,0.4040986,-0.8959403,-0.1112786,1.605311E-06,0.3390835,24,24,24,24,24,24,24,24,24,24,24,24,24,24,24,24
141,1410,-557.8624,-542.9752,-534.6758,-548.1023,-567.2503,-563.5063,-509.8576,-168.0216,73.32976,140.6692,-62.07567,-416.9308,-642.8719,-574.1017,-555.2668,-533.4436,24,24,24,24,24,24,24,24,24,24,24,24,24,24,24,24,141,1410,-565.3641,-555.5362,140.6364,-197.9165,-0.1330193,-0.1226875,0.3917746,-0.3911437,-0.3881964,-0.2561635,0.7883877,0.1346856,0.1279626,-0.3340059,0.2408974,0.5651306,24,24,24,24,24,24,24,24,24,24,24,24,24,24,24,24
142,1420,-574.3337,-555.67,-545.7532,-561.2567,-582.3367,-583.6226,-521.8512,-170.5294,77.66506,145.592,-53.53095,-399.2803,-613.2347,-563.7178,-556.8169,-539.1082,24,24,24,24,24,24,24,24,24,24,24,24,24,24,24,24,142,1420,-541.4493,-538.1638,144.041,-205.1459,-0.3956603,0.2454746,-2.247436E-05,-1.303782,0.2589158,0.1301466,1.284249E-05,1.212341,-0.8958889,0.4455397,0.2408974,0.2260567,24,24,24,24,24,24,24,24,24,24,24,24,24,24,24,24
143,1430,-557.7422,-557.6044,-536.1528,-540.6725,-567.1296,-583.9929,-524.403,-173.4133,76.30254,142.146,-58.27802,-403.5669,-631.8026,-587.8274,-568.3823,-538.144,24,24,24,24,24,24,24,24,24,24,24,24,24,24,24,24,143,1430,-560.2587,-557.9052,142.4697,-200.8857,0.2609417,-0.8590086,-1.697813,-0.1303898,1.035452,0.2589166,1.182572,-0.404142,0.2559428,0.1114487,0.2408974,-0.7911649,24,24,24,24,24,24,24,24,24,24,24,24,24,24,24,24
144,1440,-578.662,-568.4857,-543.7838,-545.5445,-577.0263,-598.4321,-528.3583,-169.6517,79.02758,141.6537,-65.27994,-400.9193,-612.0445,-576.9662,-564.8055,-537.0593,24,24,24,24,24,24,24,24,24,24,24,24,24,24,24,24,144,1440,-535.8065,-545.5339,138.4103,-206.0495,0.3922626,-0.1226875,-0.2612211,0.2607411,0.3883393,-0.5137045,-0.788362,0.1346856,0.5119065,-0.1112786,-1.084029,-0.7911649,24,24,24,24,24,24,24,24,24,24,24,24,24,24,24,24
145,1450,-552.933,-554.8237,-530.1218,-510.1008,-521.3875,-553.1396,-508.1989,-172.7864,77.78893,142.6383,-68.95892,-406.9709,-592.4054,-540.0856,-540.0055,-546.3395,24,24,24,24,24,24,24,24,24,24,24,24,24,24,24,24,145,1450,-542.524,-554.2201,140.2436,-203.984,-0.2643402,0.6136335,0.2611761,0.782249,0.3883393,-1.157555,0.2628023,-0.404142,-1.926374E-05,-0.1112786,1.605311E-06,0.1130332,24,24,24,24,24,24,24,24,24,24,24,24,24,24,24,24
146,1460,-536.4617,-545.1516,-536.0297,-516.5562,-512.3356,-544.0071,-498.6296,-175.6703,73.94908,142.5152,-71.21378,-413.4007,-593.3576,-526.5986,-534.5209,-554.8967,24,24,24,24,24,24,24,24,24,24,24,24,24,24,24,24,146,1460,-541.0462,-546.192,137.7556,-203.3385,0.2609417,-0.1226875,-2.247436E-05,-0.6518977,-1.035309,-0.2561635,0.3942003,0.1346856,0.6398867,-0.4453695,0.1204497,1.130255,24,24,24,24,24,24,24,24,24,24,24,24,24,24,24,24
147,1470,-547.643,-554.9447,-563.108,-544.4483,-530.8014,-554.6206,-511.5163,-182.5666,71.96723,144.8536,-69.19627,-419.3262,-601.2133,-514.5438,-522.3594,-543.3265,24,24,24,24,24,24,24,24,24,24,24,24,24,24,24,24,147,1470,-548.7043,-558.0368,140.6365,-203.4676,0.1296217,1.227235,0.130576,-0.1303898,0.3883393,-0.3849344,-0.788362,-0.134729,-0.3839632,0.5569034,1.605311E-06,6.421245E-06,24,24,24,24,24,24,24,24,24,24,24,24,24,24,24,24
148,1480,-536.8224,-537.7766,-550.3074,-542.4995,-521.7496,-520.3118,-484.8498,-165.89,76.92187,145.2228,-60.53288,-411.2574,-596.4522,-507.1439,-508.6479,-517.5347,24,24,24,24,24,24,24,24,24,24,24,24,24,24,24,24,148,1480,-535.9408,-527.8983,140.8984,-205.9205,-0.001699222,-1.718049,-0.3918212,0.521495,0.5177611,0.3876867,-0.1313819,-0.9429695,0.2559428,-0.5567332,-0.4817896,-0.452091,24,24,24,24,24,24,24,24,24,24,24,24,24,24,24,24
149,1490,-528.4064,-525.6862,-537.0145,-551.2691,-553.6122,-545.3646,-497.864,-172.1594,71.84337,143.0075,-65.51729,-430.5469,-633.707,-534.3567,-533.5671,-554.4146,24,24,24,24,24,24,24,24,24,24,24,24,24,24,24,24,149,1490,-586.7261,-581.2,137.8866,-207.7278,-0.001698419,-0.3681268,0.2611761,0.2607411,-0.1293512,-0.6424745,-0.3941746,0.4040986,0.7678686,8.50815E-05,-0.4817896,-1.017215,24,24,24,24,24,24,24,24,24,24,24,24,24,24,24,24
150,1500,-565.9177,-556.7582,-570.0006,-573.4366,-564.4745,-559.0635,-503.3504,-169.0247,78.28439,150.3917,-64.09317,-431.9337,-634.8973,-530.5373,-532.7324,-552.0041,24,24,24,24,24,24,24,24,24,24,24,24,24,24,24,24,150,1500,-615.8806,-606.3373,137.2319,-206.695,-0.3956595,-0.3681749,-2.247436E-05,0.2607411,0.2589158,-1.672636,-0.2627798,0.4040986,-1.023871,0.3341761,0.2408974,-0.3390674,24,24,24,24,24,24,24,24,24,24,24,24,24,24,24,24
151,1510,-551.4903,-547.8115,-567.4159,-567.9557,-557.7158,-548.3266,-497.9916,-169.1501,76.92187,147.5611,-61.71964,-427.7733,-632.2787,-525.2857,-525.9363,-550.0757,24,24,24,24,24,24,24,24,24,24,24,24,24,24,24,24,151,1510,-624.7479,-618.577,138.9342,-205.6623,0.3922634,-0.4908946,0.6529732,-0.7822747,0.2589158,0.2589166,0.1314076,-0.2694355,0.3839247,-0.2226422,-0.1204461,0.1130332,24,24,24,24,24,24,24,24,24,24,24,24,24,24,24,24
152,1520,-555.8185,-545.2725,-570.616,-576.7252,-553.9743,-540.1813,-497.226,-169.9025,76.0548,150.5148,-57.80331,-426.6385,-645.9666,-534.3567,-532.2555,-545.6164,24,24,24,24,24,24,24,24,24,24,24,24,24,24,24,24,152,1520,-620.8517,-613.3127,134.7439,-209.6643,0.1296225,-0.2454553,-0.7836183,-0.1303384,0.129494,0.001376554,1.284249E-05,-0.134729,-0.2559814,-0.4453695,0.2408974,-0.2260407,24,24,24,24,24,24,24,24,24,24,24,24,24,24,24,24
153,1530,-558.704,-549.8668,-570.4929,-583.546,-566.7676,-532.0361,-492.5052,-169.7771,71.10018,147.8073,-58.63405,-438.2375,-661.9158,-536.2664,-533.6863,-552.1246,24,24,24,24,24,24,24,24,24,24,24,24,24,24,24,24,153,1530,-601.1018,-607.785,139.1961,-205.6623,0.3922634,-0.3681749,1.04477,0.9126773,-0.1293512,0.1301466,-0.2627798,-0.5388485,-0.1280011,0.4455397,-0.7226851,6.421245E-06,24,24,24,24,24,24,24,24,24,24,24,24,24,24,24,24
154,1540,-588.6409,-566.9141,-568.2775,-592.072,-581.9747,-556.9655,-501.9469,-166.1409,77.54121,147.3149,-60.29552,-428.5297,-640.9675,-530.8954,-524.0286,-518.981,24,24,24,24,24,24,24,24,24,24,24,24,24,24,24,24,154,1540,-598.6835,-606.6006,138.0175,-204.8877,-0.2643394,-1.104496,-0.1306226,0.1304155,0.2589158,-1.157555,-1.576734,-2.086905E-05,0.6398867,-0.6680969,0.4817929,-1.469316,24,24,24,24,24,24,24,24,24,24,24,24,24,24,24,24
155,1550,-539.8281,-530.0387,-535.5375,-556.7501,-567.6125,-550.6714,-500.7986,-163.3823,79.64693,150.3917,-55.07375,-421.5956,-643.9431,-572.4307,-558.1285,-552.6068,24,24,24,24,24,24,24,24,24,24,24,24,24,24,24,24,155,1550,-609.9691,-603.8368,135.6605,-213.4081,0.2609425,0.6135853,-0.2612211,0.9126773,-0.5176182,-1.157555,0.6569384,0.2693921,-0.3839632,8.50815E-05,-0.2408938,1.130255,24,24,24,24,24,24,24,24,24,24,24,24,24,24,24,24
156,1560,-587.9195,-566.0678,-579.601,-610.0984,-621.3202,-602.2579,-524.7857,-167.7709,74.81616,144.6074,-64.80523,-449.8363,-706.7882,-625.1854,-598.7862,-572.6134,24,24,24,24,24,24,24,24,24,24,24,24,24,24,24,24,156,1560,-584.5764,-578.6995,134.7439,-204.1131,-0.1330185,-1.605311E-05,0.2611761,-0.7822233,-0.6470416,-0.2561635,1.182521,-2.086905E-05,1.023831,-0.2226422,-0.4817896,0.1130332,24,24,24,24,24,24,24,24,24,24,24,24,24,24,24,24
157,1570,-612.2056,-593.7546,-592.6476,-619.7206,-636.6481,-604.1092,-532.5688,-176.1718,73.9491,148.5457,-54.36169,-429.7904,-672.3898,-579.592,-565.5208,-550.9194,24,24,24,24,24,24,24,24,24,24,24,24,24,24,24,24,157,1570,-617.3585,-596.335,137.4938,-210.3097,-0.001698419,0.7363049,-0.5224197,3.852747E-05,0.9060297,0.6452268,-0.394226,-0.134729,-1.5358,0.1114487,1.605311E-06,6.421245E-06,24,24,24,24,24,24,24,24,24,24,24,24,24,24,24,24
158,1580,-558.2231,-550.5922,-542.6763,-547.6151,-553.7329,-554.2504,-509.2196,-168.8994,79.3992,146.0842,-58.04066,-408.6098,-623.1136,-566.7017,-551.9285,-531.3947,24,24,24,24,24,24,24,24,24,24,24,24,24,24,24,24,158,1580,-585.9199,-571.3293,139.0651,-203.4676,0.2609425,-1.227216,-0.3918212,0.3911694,0.2589158,-0.2561635,0.262751,-0.134729,0.8958472,0.4454868,-1.204476,-0.5651178,24,24,24,24,24,24,24,24,24,24,24,24,24,24,24,24
159,1590,-559.3051,-547.5696,-538.6146,-551.1473,-572.4401,-574.2433,-517.3854,-164.887,84.8493,150.1456,-58.8714,-398.1456,-607.0452,-567.6565,-556.9363,-529.2253,24,24,24,24,24,24,24,24,24,24,24,24,24,24,24,24,159,1590,-583.9047,-574.3563,136.1843,-208.6315,-0.2643394,-0.3681749,-0.2612211,0.2607925,-0.9058868,-1.157555,-1.182598,-0.6735566,0.2559412,-0.5567878,-0.8431328,-0.452091,24,24,24,24,24,24,24,24,24,24,24,24,24,24,24,24
160,1600,-544.3969,-552.7684,-530.4911,-520.8192,-538.5258,-574.7369,-525.1685,-177.1749,79.7708,145.2228,-65.39862,-399.1542,-588.9535,-557.8694,-555.3863,-554.8966,24,24,24,24,24,24,24,24,24,24,24,24,24,24,24,24,160,1600,-567.1106,-573.3034,137.1009,-207.5987,-0.001698419,0.2454264,0.2611761,0.3911694,0.2589158,-0.7712445,0.5255436,0.4040986,0.1279594,0.8909414,1.324928,-0.2260888,24,24,24,24,24,24,24,24,24,24,24,24,24,24,24,24
161,1610,-553.8949,-569.2112,-558.4308,-544.5701,-554.3364,-590.6572,-530.9101,-183.0681,77.54121,146.3304,-67.65347,-409.4924,-602.6414,-555.6017,-554.7902,-551.763,24,24,24,24,24,24,24,24,24,24,24,24,24,24,24,24,161,1610,-547.092,-543.2966,132.2559,-208.8897,0.5235835,-0.3681749,0.130576,-0.5214694,-1.035309,-0.5137045,-0.394226,-0.134729,0.3839214,-0.2226968,-0.7226851,0.3390353,24,24,24,24,24,24,24,24,24,24,24,24,24,24,24,24
162,1620,-550.0475,-562.5616,-549.692,-529.7105,-528.8705,-554.3738,-515.0888,-186.0775,70.60472,148.0534,-59.70213,-383.2688,-599.5467,-536.7437,-538.5748,-567.1899,24,24,24,24,24,24,24,24,24,24,24,24,24,24,24,24,162,1620,-580.2771,-575.6725,136.839,-205.6623,0.5235835,0.8590246,-0.5224197,-0.7822233,1.294297,-0.2561635,-0.1314333,0.2693921,-0.1280027,0.4454868,0.3613451,-0.5651627,24,24,24,24,24,24,24,24,24,24,24,24,24,24,24,24
163,1630,-553.8949,-549.8668,-562.6155,-559.4297,-552.4053,-567.8258,-523.5098,-191.5945,67.75581,144.4843,-66.58538,-430.1687,-637.7536,-546.2921,-555.0286,-584.1835,24,24,24,24,24,24,24,24,24,24,24,24,24,24,24,24,163,1630,-623.5386,-604.3633,136.708,-208.6315,0.6549044,-0.6136142,-0.2612211,0.6519234,0.6471845,-0.3849336,-0.394226,-1.212384,-0.1280027,-0.5567878,-1.084029,-0.5651627,24,24,24,24,24,24,24,24,24,24,24,24,24,24,24,24
164,1640,-565.7975,-566.9141,-586.0011,-569.5391,-541.3017,-548.0798,-507.6885,-178.805,72.8343,145.4689,-70.97642,-434.3291,-628.7078,-521.347,-528.0825,-553.6913,24,24,24,24,24,24,24,24,24,24,24,24,24,24,24,24,164,1640,-606.0728,-589.7546,136.9699,-206.9532,0.2609425,-0.3681749,0.2611761,1.043054,-0.2587746,0.9027677,-3.852747E-05,0.2693921,-0.1280027,0.8909414,-0.2408938,-1.582384,24,24,24,24,24,24,24,24,24,24,24,24,24,24,24,24
165,1650,-544.8777,-550.4713,-578.6161,-579.4048,-556.2675,-543.6369,-505.0091,-177.1749,71.34792,146.3304,-65.87332,-432.5641,-636.9205,-528.1501,-528.5594,-541.157,24,24,24,24,24,24,24,24,24,24,24,24,24,24,24,24,165,1650,-568.8571,-568.9604,134.6129,-210.8261,-0.9209414,-0.1227357,-0.1306226,-1.434108,7.06337E-05,-2.187716,-1.051203,-0.404142,-0.5119466,-0.2226968,0.3613451,-0.3391124,24,24,24,24,24,24,24,24,24,24,24,24,24,24,24,24
166,1660,-545.8395,-544.3052,-559.9077,-564.6671,-551.6812,-537.8364,-499.1399,-172.9118,73.2059,144.9766,-66.94141,-441.0111,-654.5361,-556.5565,-554.194,-577.6753,24,24,24,24,24,24,24,24,24,24,24,24,24,24,24,24,166,1660,-608.0881,-601.9943,134.0891,-207.4696,0.2609425,0.8590246,0.3917746,0.2607925,-0.3881964,0.2589166,0.3941489,0.2693921,0.3839214,0.5568504,0.6022406,0.4520621,24,24,24,24,24,24,24,24,24,24,24,24,24,24,24,24
167,1670,-582.1486,-562.8033,-580.9547,-592.1938,-570.6297,-542.4026,-500.033,-173.7895,71.59565,143.1306,-67.06009,-434.077,-639.0629,-529.2244,-532.0171,-536.0951,24,24,24,24,24,24,24,24,24,24,24,24,24,24,24,24,167,1670,-608.0881,-609.8909,131.863,-207.8569,0.6549044,-0.3681782,0.5223731,-1.303731,-0.5176182,0.001376554,-0.5256207,-0.6735566,-0.3839664,-1.113606,-0.7226851,0.2260118,24,24,24,24,24,24,24,24,24,24,24,24,24,24,24,24
168,1680,-540.9102,-535.842,-541.8146,-553.5833,-554.095,-540.3046,-497.3536,-163.6331,77.16962,146.9457,-56.49787,-411.5096,-629.8979,-562.0468,-547.1594,-526.8148,24,24,24,24,24,24,24,24,24,24,24,24,24,24,24,24,168,1680,-567.6479,-575.9357,135.6605,-209.7934,0.5235835,0.3681428,-2.247436E-05,-0.1303384,-0.3881964,0.1301466,0.1313562,0.5388067,-0.1280027,0.5568504,-0.2408938,-3.852747E-05,24,24,24,24,24,24,24,24,24,24,24,24,24,24,24,24
169,1690,-560.5074,-551.3176,-545.0148,-563.6927,-591.0266,-589.4229,-527.7203,-175.7957,69.61378,136.2386,-65.87332,-430.1687,-669.0571,-616.1144,-591.6324,-564.8999,24,24,24,24,24,24,24,24,24,24,24,24,24,24,24,24,169,1690,-573.2908,-575.8041,135.7914,-203.3385,0.9175454,-1.349938,-0.7836183,0.2607925,-0.1293512,-0.7712445,-0.2628312,-0.808263,-0.3839664,0.7795777,1.605311E-06,-1.130287,24,24,24,24,24,24,24,24,24,24,24,24,24,24,24,24
170,1700,-601.1447,-585.0496,-564.8311,-576.847,-603.6992,-618.7952,-544.052,-175.5449,77.29346,144.8536,-68.36554,-440.885,-687.9821,-622.0821,-595.8055,-575.2649,24,24,24,24,24,24,24,24,24,24,24,24,24,24,24,24,170,1700,-539.2996,-547.7713,137.4937,-212.3753,-0.001698419,0.4908625,0.2611761,0.5215464,0.7766063,0.1301466,-0.5256207,0.4040986,-0.1280027,-0.6681514,0.1204497,0.3390353,24,24,24,24,24,24,24,24,24,24,24,24,24,24,24,24
171,1710,-630.3602,-604.394,-584.1548,-613.387,-659.3381,-653.9678,-551.835,-171.1563,75.6832,142.2691,-63.38111,-437.481,-699.2894,-643.8046,-605.8208,-570.2029,24,24,24,24,24,24,24,24,24,24,24,24,24,24,24,24,171,1710,-548.3011,-549.877,135.2676,-206.4368,0.2609425,-0.1227389,-1.044817,-0.1303384,-0.3881964,-0.7712445,0.3941489,-2.086905E-05,0.3839214,1.225032,0.8431364,-0.1130621,24,24,24,24,24,24,24,24,24,24,24,24,24,24,24,24
172,1720,-616.6541,-603.064,-581.9394,-611.56,-647.0275,-643.6011,-550.6867,-175.2941,76.0548,143.0075,-66.34804,-445.2976,-697.623,-634.6143,-607.0131,-575.8675,24,24,24,24,24,24,24,24,24,24,24,24,24,24,24,24,172,1720,-549.5104,-555.4047,133.6963,-211.6007,0.1296225,-0.1227389,0.9141718,-0.1303384,-0.2587746,-0.1273935,-0.2628312,-1.212384,-0.7679103,-0.6681514,-0.361342,0.6781092,24,24,24,24,24,24,24,24,24,24,24,24,24,24,24,24
173,1730,-609.6808,-589.7648,-594.74,-627.7593,-648.5965,-621.5103,-540.607,-179.8081,72.71043,148.6688,-50.44536,-432.438,-698.0992,-603.4628,-580.7824,-566.3462,24,24,24,24,24,24,24,24,24,24,24,24,24,24,24,24,173,1730,-534.4628,-538.5587,133.4344,-205.1459,-0.7896214,-0.1227389,-0.3918212,-1.173354,0.6471845,0.7739977,0.1313562,0.5388067,-0.3839632,0.3341231,0.3613451,-0.3391124,24,24,24,24,24,24,24,24,24,24,24,24,24,24,24,24
174,1740,-608.719,-624.1012,-601.2633,-603.7648,-619.9926,-591.1507,-534.7379,-196.8608,56.23626,142.1461,-52.70022,-415.7961,-673.1039,-606.3274,-586.5054,-560.8022,24,24,24,24,24,24,24,24,24,24,24,24,24,24,24,24,174,1740,-539.1652,-531.1885,134.4819,-208.7606,1.048866,-0.2454585,-2.247436E-05,-0.1303384,-0.3881964,-0.5137045,-3.852747E-05,-1.212384,-0.2559814,-0.3340605,0.2408974,0.1129882,24,24,24,24,24,24,24,24,24,24,24,24,24,24,24,24
175,1750,-595.4939,-580.2134,-565.6926,-579.0394,-610.3373,-623.855,-545.8383,-179.3065,71.84337,138.7001,-70.38305,-436.0941,-677.3889,-609.908,-585.0745,-554.1735,24,24,24,24,24,24,24,24,24,24,24,24,24,24,24,24,175,1750,-556.631,-547.9029,135.6605,-203.5967,-0.1330185,-0.7363403,0.2611761,0.2607925,-0.7764634,0.2589166,-0.394226,0.1346856,0.2559428,0.3341231,-0.4817896,-1.24331,24,24,24,24,24,24,24,24,24,24,24,24,24,24,24,24
176,1760,-578.7822,-578.3999,-543.6608,-555.2885,-591.3887,-611.5138,-540.7346,-175.0434,77.78893,142.7614,-61.24493,-406.8448,-636.5634,-614.8015,-599.5015,-577.3138,24,24,24,24,24,24,24,24,24,24,24,24,24,24,24,24,176,1760,-547.7638,-565.1437,137.7556,-208.8897,-0.2643394,0.2454232,0.6529732,-0.2607154,7.06337E-05,-1.028785,-0.2628312,0.1346856,0.6398867,0.3341231,-0.361342,0.5650856,24,24,24,24,24,24,24,24,24,24,24,24,24,24,24,24
177,1770,-613.7686,-604.6357,-582.801,-592.072,-626.0272,-654.4614,-564.4666,-186.0775,73.57748,140.0539,-74.41805,-430.1686,-666.4386,-623.2757,-598.6668,-567.3104,24,24,24,24,24,24,24,24,24,24,24,24,24,24,24,24,177,1770,-536.0751,-539.2167,135.0057,-205.5332,0.7862253,0.3681428,-0.1306226,-0.3910924,-0.6470416,-0.3849336,1.182521,-0.404142,0.8958504,0.3341231,1.605311E-06,0.1129882,24,24,24,24,24,24,24,24,24,24,24,24,24,24,24,24
178,1780,-571.328,-582.3704,-550.7996,-547.3715,-575.3367,-604.2325,-539.8415,-177.4257,81.00945,146.2074,-69.07759,-416.1743,-622.6375,-582.5759,-578.1592,-566.9488,24,24,24,24,24,24,24,24,24,24,24,24,24,24,24,24,178,1780,-579.7397,-583.8322,134.351,-209.277,-0.1330185,0.4908625,-2.247436E-05,-0.7822233,0.2589158,-0.2561635,-0.6570154,-2.086905E-05,-0.7679071,-0.5567878,0.3613451,-3.852747E-05,24,24,24,24,24,24,24,24,24,24,24,24,24,24,24,24
179,1790,-576.3776,-586.7237,-550.4303,-528.0054,-542.5086,-597.4448,-538.3104,-185.9521,74.07295,142.023,-76.79158,-421.7216,-610.616,-544.3824,-552.0477,-568.0336,24,24,24,24,24,24,24,24,24,24,24,24,24,24,24,24,179,1790,-579.7397,-587.254,137.8866,-203.4676,0.1296225,-0.8590599,-0.2612211,0.9126773,0.3883393,-0.3849336,0.7883363,0.2693921,-1.926374E-05,0.5568504,-0.2408938,0.1129882,24,24,24,24,24,24,24,24,24,24,24,24,24,24,24,24
180,1800,-544.3969,-551.6556,-559.6615,-547.6151,-534.1809,-550.1777,-519.9373,-191.7199,63.42048,137.4694,-79.99586,-444.6672,-649.537,-551.4244,-555.7438,-576.9522,24,24,24,24,24,24,24,24,24,24,24,24,24,24,24,24,180,1800,-559.1837,-557.5104,136.9699,-205.6622,-0.7896214,-0.4908978,0.130576,0.1304155,-0.2587746,-0.1273935,-0.2628312,-0.2694355,-0.2559814,-0.1113332,-0.8431328,-0.6781862,24,24,24,24,24,24,24,24,24,24,24,24,24,24,24,24
181,1810,-553.2937,-553.8323,-567.1695,-567.5903,-562.6641,-560.0507,-513.0474,-175.1687,75.43548,144.4844,-64.21186,-418.948,-627.9936,-552.4985,-543.94,-529.1047,24,24,24,24,24,24,24,24,24,24,24,24,24,24,24,24,181,1810,-547.2263,-549.3505,141.0293,-206.3077,0.3922634,1.104464,-2.247436E-05,3.852747E-05,0.6471845,-0.9000146,0.6569384,-2.086905E-05,-0.2559814,0.6682141,0.1204497,-0.3391124,24,24,24,24,24,24,24,24,24,24,24,24,24,24,24,24
182,1820,-551.851,-552.3812,-539.353,-540.7943,-558.1985,-580.167,-529.2514,-181.4381,73.57748,140.3,-69.19627,-421.7216,-648.2278,-606.8047,-587.5784,-564.1768,24,24,24,24,24,24,24,24,24,24,24,24,24,24,24,24,182,1820,-562.1395,-555.1414,133.1725,-206.8241,0.2609425,-0.2454553,0.3917746,-0.5214694,-0.3881964,0.2589166,-0.9198081,-1.077676,-0.1280011,-1.002242,-0.6022373,0.2260118,24,24,24,24,24,24,24,24,24,24,24,24,24,24,24,24
183,1830,-586.2363,-580.9194,-550.6765,-554.5577,-591.8714,-637.4305,-555.918,-179.8081,80.39011,142.5153,-73.82467,-414.2832,-629.7789,-614.5628,-597.9514,-574.5417,24,24,24,24,24,24,24,24,24,24,24,24,24,24,24,24,183,1830,-611.1782,-594.2293,134.4819,-208.5024,0.3922634,0.7363049,-0.6530198,-0.5214694,7.06337E-05,0.5164568,0.6569384,0.8082197,-0.2559814,0.6682141,0.9635841,0.3390353,24,24,24,24,24,24,24,24,24,24,24,24,24,24,24,24
184,1840,-603.5492,-602.9275,-563.8463,-546.6407,-574.2505,-627.5574,-553.8765,-184.949,76.798,139.4385,-79.99586,-423.991,-616.4482,-562.1662,-559.9169,-564.8999,24,24,24,24,24,24,24,24,24,24,24,24,24,24,24,24,184,1840,-577.4557,-573.3034,133.3034,-203.0803,0.1296225,-0.2454553,-0.3918212,-0.130393,-0.9058868,0.1301466,-0.1314333,-0.9429695,0.2559428,0.7795777,-0.2408938,-0.6781862,24,24,24,24,24,24,24,24,24,24,24,24,24,24,24,24
185,1850,-554.1353,-569.4315,-552.7689,-530.0759,-532.4911,-572.392,-528.7411,-186.3282,73.45363,140.6692,-78.45306,-423.4867,-618.8287,-565.9856,-566.9515,-575.0238,24,24,24,24,24,24,24,24,24,24,24,24,24,24,24,24,185,1850,-601.2361,-590.9391,136.708,-204.3713,-0.5269804,-0.2454553,0.2611761,0.2607379,0.6471845,-0.7712445,-0.7884133,0.5388067,-1.926374E-05,-0.3340605,0.6022406,-0.3391124,24,24,24,24,24,24,24,24,24,24,24,24,24,24,24,24
186,1860,-566.9998,-583.7006,-567.2926,-541.5251,-547.6983,-613.9821,-562.17,-204.2586,68.37513,139.4385,-82.84409,-422.9824,-624.3038,-605.9693,-615.7168,-615.1578,24,24,24,24,24,24,24,24,24,24,24,24,24,24,24,24,186,1860,-608.2225,-603.1788,139.0651,-200.8857,-0.001698419,1.104467,-0.2612211,-0.130393,-0.5176182,-0.6424745,-3.852747E-05,-0.2694355,0.3839247,0.8909414,-0.1204461,0.1129882,24,24,24,24,24,24,24,24,24,24,24,24,24,24,24,24
187,1870,-615.3316,-652.1436,-603.848,-551.2691,-564.9572,-648.2908,-567.2736,-200.9986,71.96724,141.6538,-87.23512,-435.3377,-627.7556,-576.1307,-585.6707,-603.1056,24,24,24,24,24,24,24,24,24,24,24,24,24,24,24,24,187,1870,-590.6223,-594.3609,139.4579,-205.0168,0.7862253,-1.605311E-05,-0.2612211,-0.130393,0.5177611,0.001376554,0.262751,0.2693921,-0.3839632,-0.8908788,1.605311E-06,0.6781092,24,24,24,24,24,24,24,24,24,24,24,24,24,24,24,24
188,1880,-585.1543,-605.2251,-594.3707,-556.3847,-541.6638,-576.9583,-526.3169,-191.5945,68.99446,139.4385,-84.8616,-433.8248,-620.376,-557.9889,-569.3361,-593.4638,24,24,24,24,24,24,24,24,24,24,24,24,24,24,24,24,188,1880,-604.1919,-604.8897,139.196,-198.4328,-1.052262,-0.4908946,-0.3918212,-0.5215239,0.3883393,0.9027677,-0.2628312,0.2693921,-0.7679071,0.6682141,0.3613451,0.1129882,24,24,24,24,24,24,24,24,24,24,24,24,24,24,24,24
189,1890,-561.7097,-550.3255,-587.1088,-556.5065,-534.6636,-557.3356,-522.1064,-192.9738,66.02168,139.3154,-76.43555,-428.1514,-615.9722,-533.9987,-542.2708,-553.8119,24,24,24,24,24,24,24,24,24,24,24,24,24,24,24,24,189,1890,-560.9303,-568.3023,137.4937,-207.8569,1.180186,-0.4908946,1.04477,0.9126259,0.2589158,-0.7712445,-0.2628312,-0.6735566,-0.1280059,0.6682141,0.1204497,-0.3391124,24,24,24,24,24,24,24,24,24,24,24,24,24,24,24,24
190,1900,-545.9598,-548.6326,-551.4149,-542.0123,-530.6807,-538.7003,-507.9437,-186.9552,65.40234,137.8386,-73.70599,-427.521,-624.899,-542.9502,-543.94,-555.3787,24,24,24,24,24,24,24,24,24,24,24,24,24,24,24,24,190,1900,-555.6906,-563.696,133.9581,-199.2074,-0.6583005,-0.7363371,-2.247436E-05,-0.5215239,-0.6470416,-0.2561635,0.1313562,0.9429262,0.3839198,0.5569034,0.2408974,-0.6781862,24,24,24,24,24,24,24,24,24,24,24,24,24,24,24,24
191,1910,-532.7347,-534.2426,-546.2455,-540.7943,-539.2499,-549.5606,-513.6854,-185.8267,66.51714,139.1924,-71.92583,-426.8906,-626.4464,-545.576,-546.4438,-561.4048,24,24,24,24,24,24,24,24,24,24,24,24,24,24,24,24,191,1910,-544.0019,-556.0626,137.2318,-204.1131,0.2609425,0.4908657,-0.9142184,-0.130393,-0.1293512,-0.9000146,-3.852747E-05,-0.404142,-0.6399317,8.50815E-05,-0.3613415,0.2260118,24,24,24,24,24,24,24,24,24,24,24,24,24,24,24,24
192,1920,-557.3815,-556.009,-566.1848,-562.3528,-549.5087,-551.4118,-511.2611,-183.4443,66.14554,138.8232,-77.14761,-438.9938,-639.7772,-539.8469,-541.5555,-558.6328,24,24,24,24,24,24,24,24,24,24,24,24,24,24,24,24,192,1920,-538.2247,-559.7477,137.1009,-198.1747,-0.6583005,-0.1227357,0.6529732,-1.605311E-05,-0.1293512,-0.1273935,0.5255436,0.2693921,0.255938,-0.5567332,1.605311E-06,0.2260118,24,24,24,24,24,24,24,24,24,24,24,24,24,24,24,24
193,1930,-560.7479,-557.3391,-570.0004,-565.5197,-547.819,-536.9725,-500.2883,-175.1687,71.96724,142.2691,-66.11068,-424.3691,-620.8522,-532.9244,-530.3478,-540.3134,24,24,24,24,24,24,24,24,24,24,24,24,24,24,24,24,193,1930,-552.1974,-559.8793,137.3628,-205.4041,-0.1330185,-0.3681749,-0.3918212,-0.130393,0.9060297,-0.3849336,-0.2628312,0.1346856,-1.023876,-0.5567332,1.605311E-06,0.4520621,24,24,24,24,24,24,24,24,24,24,24,24,24,24,24,24
194,1940,-541.5114,-538.9855,-537.1375,-543.3521,-543.5947,-543.39,-501.6917,-174.0403,69.98538,141.4076,-64.21185,-426.2603,-635.0161,-539.4889,-532.8516,-541.1571,24,24,24,24,24,24,24,24,24,24,24,24,24,24,24,24,194,1940,-515.1161,-517.1064,142.9935,-197.6583,0.6549044,-0.9817763,-0.1306226,0.9126259,0.9060297,0.2589166,0.5255436,-0.808263,0.1279578,0.4455397,-0.1204457,0.1129882,24,24,24,24,24,24,24,24,24,24,24,24,24,24,24,24
195,1950,-547.8834,-536.9301,-539.9685,-552.9743,-561.8192,-560.4209,-512.1542,-174.0403,71.47177,144.7305,-57.44728,-416.3003,-639.42,-548.9179,-541.1978,-542.9649,24,24,24,24,24,24,24,24,24,24,24,24,24,24,24,24,195,1950,-531.1041,-526.1874,138.5413,-206.3077,-0.5269804,0.1227036,-0.5224197,-0.7822779,-0.3881964,0.001376554,-1.44539,0.1346856,0.7678638,8.50815E-05,-0.2408938,0.2260118,24,24,24,24,24,24,24,24,24,24,24,24,24,24,24,24
196,1960,-555.4578,-550.3503,-567.4159,-587.5654,-578.9574,-549.684,-508.0713,-178.5542,68.00353,142.8845,-59.10875,-428.1514,-651.3225,-547.9631,-539.8862,-535.613,24,24,24,24,24,24,24,24,24,24,24,24,24,24,24,24,196,1960,-559.3182,-550.5352,137.2318,-204.8877,0.5235835,0.8590246,-0.1306226,0.1303609,-0.3881964,-0.9000146,-3.852747E-05,0.8082197,0.255938,0.7796323,0.3613451,-0.2260888,24,24,24,24,24,24,24,24,24,24,24,24,24,24,24,24
197,1970,-547.162,-531.9731,-535.2914,-546.0316,-552.5259,-546.8455,-502.8401,-170.1532,71.84337,141.2846,-58.51537,-413.2745,-636.0873,-571.1179,-554.5516,-540.675,24,24,24,24,24,24,24,24,24,24,24,24,24,24,24,24,197,1970,-582.1581,-571.5927,135.6605,-201.1439,-0.001646247,-0.4908946,0.5223731,-0.26077,-0.3881964,-0.3849336,0.919731,-0.2694355,0.1279578,-0.6680969,-0.6022373,0.2260118,24,24,24,24,24,24,24,24,24,24,24,24,24,24,24,24
198,1980,-585.515,-568.6066,-576.4009,-609.6111,-631.941,-609.9095,-525.6789,-171.4071,71.47177,142.3922,-63.49979,-435.7159,-675.9606,-579.4727,-561.5861,-545.978,24,24,24,24,24,24,24,24,24,24,24,24,24,24,24,24,198,1980,-561.4678,-549.7455,136.708,-206.1786,-0.6582483,0.3681428,-0.2612211,-0.9126548,-0.1293512,0.7739977,0.262751,0.6735132,-1.023876,0.2228124,-0.3613415,-3.852747E-05,24,24,24,24,24,24,24,24,24,24,24,24,24,24,24,24
199,1990,-572.891,-558.0881,-547.8458,-570.0262,-593.4404,-590.287,-525.934,-175.6703,70.60471,138.4539,-71.21378,-440.3807,-670.2474,-579.2339,-562.1823,-547.9063,24,24,24,24,24,24,24,24,24,24,24,24,24,24,24,24,199,1990,-557.5715,-545.4024,135.1367,-202.4348,0.9175976,-0.8590599,0.3918244,0.3911149,0.3883393,-0.3849336,-3.852747E-05,-0.5388485,-0.383968,0.5569034,-0.2408938,-0.5651627,24,24,24,24,24,24,24,24,24,24,24,24,24,24,24,24
200,2000,-580.7058,-563.4078,-556.2154,-575.7508,-589.5782,-580.0437,-519.1717,-171.6579,75.18775,144.3613,-59.82081,-415.796,-634.7781,-561.0921,-548.4708,-527.4175,24,24,24,24,24,24,24,24,24,24,24,24,24,24,24,24,200,2000,-573.6939,-582.7794,140.2436,-201.273,-0.7895692,-0.7363403,1.04482,0.5215464,0.6471845,-0.1273935,-1.313995,0.2693921,0.1279578,-0.6680969,-0.7226847,0.2260118,24,24,24,24,24,24,24,24,24,24,24,24,24,24,24,24
201,2010,-540.4293,-542.4916,-526.0602,-524.4731,-541.0602,-557.0889,-516.6198,-177.6765,71.47178,140.5461,-64.4492,-406.7187,-604.5458,-541.3986,-537.2631,-542.6033,24,24,24,24,24,24,24,24,24,24,24,24,24,24,24,24,201,2010,-578.5306,-584.2271,138.2794,-206.695,-0.2642872,0.2454232,-0.3917714,0.7823004,-0.258826,-1.157555,-0.394226,0.4040986,-0.5119498,0.4455397,-0.1204457,0.2260118,24,24,24,24,24,24,24,24,24,24,24,24,24,24,24,24
202,2020,-542.4731,-549.1413,-539.23,-532.2683,-543.7155,-567.579,-523.6373,-182.8174,74.32069,143.1306,-65.27994,-410.7531,-614.7819,-560.8533,-553.0016,-540.3134,24,24,24,24,24,24,24,24,24,24,24,24,24,24,24,24,202,2020,-571.9473,-575.4093,136.4462,-205.5331,-0.3956073,0.4908625,0.2612243,3.852747E-05,1.926374E-05,-0.2561635,1.313918,-0.404142,-2.407967E-05,-0.2226422,0.602241,0.2260118,24,24,24,24,24,24,24,24,24,24,24,24,24,24,24,24
203,2030,-558.9445,-556.3954,-550.9229,-558.9424,-591.6299,-613.4886,-542.1381,-180.8112,71.71951,137.8386,-70.97642,-419.9565,-638.944,-592.1242,-581.14,-559.4765,24,24,24,24,24,24,24,24,24,24,24,24,24,24,24,24,203,2030,-586.4574,-595.1507,138.9341,-200.2402,-0.6582483,0.2454232,-0.2611729,-1.303731,-0.1294025,0.7739977,-0.1314333,0.9429262,-0.2559878,-0.5567332,0.2408974,-0.2260888,24,24,24,24,24,24,24,24,24,24,24,24,24,24,24,24
204,2040,-569.4044,-569.453,-550.7997,-539.0891,-557.4743,-593.2488,-536.0137,-178.9304,79.64693,145.7151,-69.31495,-412.266,-617.2814,-579.592,-574.3438,-563.2126,24,24,24,24,24,24,24,24,24,24,24,24,24,24,24,24,204,2040,-539.434,-540.0064,140.3745,-206.8241,0.1296746,-0.3681782,-0.5223715,0.2607925,0.5177097,-0.1273935,-3.852747E-05,-1.077676,-2.407967E-05,-0.3340059,-0.7226847,-0.5651627,24,24,24,24,24,24,24,24,24,24,24,24,24,24,24,24
205,2050,-566.1582,-573.2009,-560.8925,-536.0441,-538.5258,-587.5718,-540.4794,-190.9675,72.58657,139.5616,-75.48613,-409.3663,-609.0687,-609.7886,-609.8745,-602.3825,24,24,24,24,24,24,24,24,24,24,24,24,24,24,24,24,205,2050,-522.1025,-520.7914,134.8748,-202.1766,0.1296746,-1.227219,-0.3917714,0.2607925,-0.7765148,0.001376554,-1.44539,0.4040986,0.3839214,-0.3340059,-1.084028,-0.6781862,24,24,24,24,24,24,24,24,24,24,24,24,24,24,24,24
206,2060,-598.4996,-625.0683,-583.5397,-544.5701,-562.3019,-629.2854,-555.28,-193.6007,76.79802,145.3459,-75.36745,-412.8964,-610.378,-578.7565,-583.5245,-593.9459,24,24,24,24,24,24,24,24,24,24,24,24,24,24,24,24,206,2060,-542.524,-542.2438,138.1485,-204.7586,-0.5269282,0.2454232,0.9142216,0.3911694,0.9059783,-1.286325,-3.852747E-05,-0.6735566,0.1279594,-0.11133,0.4817933,0.791136,24,24,24,24,24,24,24,24,24,24,24,24,24,24,24,24
207,2070,-604.1504,-604.9984,-587.2321,-549.9292,-540.9395,-588.5592,-538.3103,-197.6131,69.2422,139.4385,-83.20012,-423.4867,-611.5682,-571.4758,-589.0093,-604.793,24,24,24,24,24,24,24,24,24,24,24,24,24,24,24,24,207,2070,-557.0342,-550.4035,138.2794,-200.8857,0.1296746,-1.926374E-05,0.2612243,0.1304155,-0.647093,-0.1273935,-3.852747E-05,0.1346856,0.1279594,0.4454883,-4.976465E-05,0.5650856,24,24,24,24,24,24,24,24,24,24,24,24,24,24,24,24
208,2080,-591.5264,-598.2279,-582.0627,-549.3203,-545.6465,-604.4794,-541.5001,-194.7292,73.32977,143.9921,-82.2507,-428.1514,-612.2824,-563.4791,-583.7632,-622.0277,24,24,24,24,24,24,24,24,24,24,24,24,24,24,24,24,208,2080,-560.6617,-547.2449,133.4344,-208.5024,0.6549566,0.1227036,-0.65297,-1.694862,0.2588645,0.3876867,-0.6570154,0.2693921,-0.7679103,-0.2226936,-0.8431842,-0.2260888,24,24,24,24,24,24,24,24,24,24,24,24,24,24,24,24
209,2090,-587.9195,-608.8673,-611.8485,-582.0844,-552.5259,-577.3286,-525.934,-194.9799,67.0126,141.4076,-77.85966,-436.7245,-629.8981,-536.6243,-543.4633,-568.2746,24,24,24,24,24,24,24,24,24,24,24,24,24,24,24,24,209,2090,-531.7759,-532.5047,139.4579,-199.3365,0.1296746,0.3681428,-1.044767,0.2607925,0.6471331,0.3876867,0.5255436,-0.2694355,-0.5119466,-0.11133,-0.3613933,0.2260118,24,24,24,24,24,24,24,24,24,24,24,24,24,24,24,24
210,2100,-573.6123,-569.3321,-590.063,-575.1418,-548.4225,-554.127,-509.3472,-181.5635,72.21497,144.7305,-78.33437,-444.1629,-633.2308,-528.3889,-548.1132,-595.1511,24,24,24,24,24,24,24,24,24,24,24,24,24,24,24,24,210,2100,-551.5257,-545.534,138.6722,-206.695,0.1296746,-0.8590599,0.7836215,-0.2607154,-0.7765148,0.1301466,-0.2628312,-0.404142,-0.5119466,-0.3340573,-0.7227365,-0.452136,24,24,24,24,24,24,24,24,24,24,24,24,24,24,24,24
211,2110,-576.9788,-567.1558,-600.771,-587.9308,-548.9052,-545.7349,-502.9676,-182.5666,69.36607,144.3613,-66.58538,-437.3549,-640.2532,-519.4373,-523.0748,-546.3395,24,24,24,24,24,24,24,24,24,24,24,24,24,24,24,24,211,2110,-574.6343,-571.4611,137.2319,-204.7586,-0.1329663,-1.926374E-05,0.3918244,0.3911694,0.1294427,-0.3849344,-0.1314333,-0.404142,-0.6399285,3.371154E-05,0.8430851,-0.2260888,24,24,24,24,24,24,24,24,24,24,24,24,24,24,24,24
212,2120,-545.4789,-525.3234,-561.2617,-572.4622,-548.3018,-523.8909,-485.2324,-166.7678,73.45364,143.6229,-68.95892,-442.9022,-653.703,-536.1469,-536.0709,-550.5579,24,24,24,24,24,24,24,24,24,24,24,24,24,24,24,24,212,2120,-577.3214,-572.2507,137.8866,-204.5004,-0.1329663,0.9817442,0.1306258,-0.2607154,-0.9059382,-0.3849344,-0.1314333,0.5388067,-0.1280027,-0.5567846,-0.2409452,0.791136,24,24,24,24,24,24,24,24,24,24,24,24,24,24,24,24
213,2130,-558.5838,-550.2294,-554.1229,-566.0068,-564.4745,-541.2921,-499.6502,-172.034,69.48993,141.8999,-60.65155,-413.0224,-624.5419,-542.4727,-535.1171,-525.4891,24,24,24,24,24,24,24,24,24,24,24,24,24,24,24,24,213,2130,-529.895,-532.8995,136.97,-203.3385,0.9175454,-0.3681782,0.9142216,-1.694862,-0.3882478,0.001376554,0.1313562,-0.404142,0.6398851,-0.7795119,-0.481841,0.2260118,24,24,24,24,24,24,24,24,24,24,24,24,24,24,24,24
214,2140,-538.8663,-533.303,-527.2909,-528.0052,-534.3016,-544.3773,-501.4365,-175.6703,70.97632,141.5307,-54.83639,-394.8676,-585.1448,-511.918,-510.6748,-510.4238,24,24,24,24,24,24,24,24,24,24,24,24,24,24,24,24,214,2140,-527.3422,-526.9771,135.0058,-205.6622,0.3922634,0.1227036,-1.175367,3.852747E-05,0.5177097,0.001376554,-0.5256207,-0.2694355,-0.7679103,0.1113974,-4.976465E-05,0.3390353,24,24,24,24,24,24,24,24,24,24,24,24,24,24,24,24
215,2150,-521.1927,-520.7291,-517.5674,-519.1139,-526.4567,-537.713,-503.2228,-174.918,72.71044,140.9153,-63.14376,-408.4837,-612.2824,-556.6759,-546.8017,-537.1798,24,24,24,24,24,24,24,24,24,24,24,24,24,24,24,24,215,2150,-556.4967,-572.5139,139.5889,-201.402,0.3922634,-1.349938,-0.65297,0.9126773,-0.3882478,0.001376554,-0.1314333,0.2693921,0.2559412,0.556852,-1.204528,-0.5651627,24,24,24,24,24,24,24,24,24,24,24,24,24,24,24,24
216,2160,-549.8071,-541.4034,-540.5838,-547.9805,-562.9055,-572.6389,-518.5338,-174.6672,72.09111,139.6846,-64.68655,-416.8047,-630.1361,-555.9598,-540.1248,-524.6455,24,24,24,24,24,24,24,24,24,24,24,24,24,24,24,24,216,2160,-598.4148,-594.0978,139.9817,-199.982,-0.7896214,-0.6136174,0.1306258,-0.1303898,-0.1294025,-1.415096,-3.852747E-05,0.1346856,-0.1280027,-0.5567846,0.2408461,0.2260118,24,24,24,24,24,24,24,24,24,24,24,24,24,24,24,24
217,2170,-565.557,-552.7683,-539.5991,-563.5708,-589.2162,-593.002,-523.1271,-166.8932,82.12424,147.8073,-55.7858,-410.8792,-640.8483,-584.2467,-566.8324,-541.5186,24,24,24,24,24,24,24,24,24,24,24,24,24,24,24,24,217,2170,-585.7856,-578.0415,142.0769,-203.984,0.3922634,1.104464,0.3918244,0.2607411,0.5177097,-0.7712445,0.3941489,0.2693921,-0.5119466,-0.11133,-0.2409452,0.4520621,24,24,24,24,24,24,24,24,24,24,24,24,24,24,24,24
218,2180,-566.7593,-568.0021,-543.0455,-540.4289,-566.0435,-598.1853,-532.824,-179.1811,73.20589,139.9307,-65.51729,-398.0195,-592.4053,-552.6178,-548.8286,-539.3492,24,24,24,24,24,24,24,24,24,24,24,24,24,24,24,24,218,2180,-548.8386,-540.6644,136.3152,-201.7893,0.3922634,-0.8590599,-0.1305728,-1.043029,-0.7765148,-0.2561635,0.1313562,-0.808263,0.767867,-0.11133,-1.08408,-0.6781862,24,24,24,24,24,24,24,24,24,24,24,24,24,24,24,24
219,2190,-540.1888,-548.7786,-537.5067,-513.6329,-519.4565,-557.8293,-516.8751,-180.1842,77.04575,145.592,-71.45113,-409.6184,-594.0716,-536.3856,-542.3902,-562.369,24,24,24,24,24,24,24,24,24,24,24,24,24,24,24,24,219,2190,-585.7856,-578.0415,144.0411,-201.5311,-0.1330185,0.1227036,-0.65297,-0.3911437,-0.1294025,0.1301466,-0.1314333,0.4040986,-0.5119466,0.1113974,0.2408461,0.2260118,24,24,24,24,24,24,24,24,24,24,24,24,24,24,24,24
220,2200,-545.5991,-554.8237,-574.1853,-548.3458,-535.7499,-577.3286,-531.8032,-197.7385,66.76487,138.8231,-80.82658,-431.8076,-624.5419,-570.0436,-580.4247,-605.034,24,24,24,24,24,24,24,24,24,24,24,24,24,24,24,24,220,2200,-571.4099,-560.011,142.0769,-199.2074,0.2609425,-1.84082,-0.3917714,0.391118,-0.3882478,-0.2561635,-0.394226,-0.6735581,-0.1280027,0.1113974,0.1203984,-0.3391124,24,24,24,24,24,24,24,24,24,24,24,24,24,24,24,24
221,2210,-586.2363,-602.5804,-599.294,-571.4878,-558.6813,-604.356,-543.414,-197.4877,69.73766,142.5152,-77.26629,-423.6128,-616.3292,-557.392,-568.2632,-589.125,24,24,24,24,24,24,24,24,24,24,24,24,24,24,24,24,221,2210,-581.352,-571.5927,138.8032,-202.5639,-0.6583005,-1.926374E-05,0.3918244,0.651872,0.3882879,-0.9000146,-1.051203,-0.2694371,0.1279594,-0.11133,0.1203984,-3.852747E-05,24,24,24,24,24,24,24,24,24,24,24,24,24,24,24,24
222,2220,-559.1849,-580.9387,-587.6012,-549.6856,-534.0602,-577.6988,-533.0792,-198.1147,65.8978,140.5461,-80.35189,-437.3549,-630.6122,-545.576,-562.4209,-607.9265,24,24,24,24,24,24,24,24,24,24,24,24,24,24,24,24,222,2220,-591.4285,-578.6995,141.684,-197.4001,-0.2643394,0.4908625,-0.65297,0.2607411,0.3882879,-0.3849336,0.3941489,0.404097,-0.3839664,0.890996,0.2408461,-0.1130621,24,24,24,24,24,24,24,24,24,24,24,24,24,24,24,24
223,2230,-589.3622,-598.1069,-617.264,-578.4304,-539.8534,-569.3067,-526.8271,-195.3561,71.22404,144.9766,-80.11453,-439.3721,-633.8259,-564.434,-576.8477,-604.1904,24,24,24,24,24,24,24,24,24,24,24,24,24,24,24,24,223,2230,-557.9746,-555.4047,139.4579,-201.7893,-0.001698419,0.2454232,0.2612243,-0.5215207,-0.1294025,-0.1273935,-0.5256207,-2.407967E-05,0.6398851,-0.2226422,-0.481841,-0.1130621,24,24,24,24,24,24,24,24,24,24,24,24,24,24,24,24
224,2240,-585.515,-579.6088,-578.7393,-563.3272,-539.9741,-554.6206,-506.1574,-180.435,70.48085,142.0229,-67.77216,-419.8305,-613.5917,-515.6181,-520.2132,-530.792,24,24,24,24,24,24,24,24,24,24,24,24,24,24,24,24,224,2240,-548.973,-550.5352,143.6482,-194.9472,-0.1330185,-1.926374E-05,-0.65297,-1.284249E-05,0.3882879,-0.1273935,0.919731,0.404097,-1.151854,-0.1112786,-0.2409452,0.4521135,24,24,24,24,24,24,24,24,24,24,24,24,24,24,24,24
225,2250,-526.8435,-525.0815,-537.2606,-540.3071,-532.2498,-519.3245,-484.3393,-166.517,73.20589,141.8999,-64.09318,-415.544,-612.6395,-527.5535,-519.7362,-514.1599,24,24,24,24,24,24,24,24,24,24,24,24,24,24,24,24,225,2250,-541.1806,-534.2156,148.1004,-197.5291,0.2609425,-1.472661,2.568498E-05,0.521495,-0.5176696,0.3876867,-3.852747E-05,-0.1347306,0.2559412,8.50815E-05,-0.8431842,-0.7911617,24,24,24,24,24,24,24,24,24,24,24,24,24,24,24,24
226,2260,-522.7557,-516.3766,-516.8289,-532.1465,-549.8708,-555.1143,-502.3297,-166.6424,73.94909,140.2999,-64.44921,-423.7388,-633.5878,-557.6308,-548.1131,-540.6749,24,24,24,24,24,24,24,24,24,24,24,24,24,24,24,24,226,2260,-522.7743,-527.1086,145.2196,-196.1091,-0.9209414,-1.926374E-05,0.653023,0.1303641,0.6471331,-0.6424745,-0.9198081,-0.1347306,-2.247436E-05,-0.1112786,0.3612938,-0.4520846,24,24,24,24,24,24,24,24,24,24,24,24,24,24,24,24
227,2270,-556.5399,-544.5471,-537.5067,-548.7112,-561.2158,-569.0599,-507.9437,-163.7585,79.0276,145.3458,-61.00758,-417.309,-636.3254,-570.8792,-558.9631,-542.7238,24,24,24,24,24,24,24,24,24,24,24,24,24,24,24,24,227,2270,-515.6536,-509.3414,142.9935,-202.4348,-0.001698419,0.4908625,-0.2611729,0.391118,-0.3882478,0.001376554,0.3941489,0.2693905,0.2559412,8.50815E-05,-0.3613933,0.9042109,24,24,24,24,24,24,24,24,24,24,24,24,24,24,24,24
228,2280,-565.0762,-557.2418,-550.6765,-556.6283,-571.8367,-584.1163,-525.5513,-178.4288,73.20589,141.8999,-65.16126,-409.6185,-611.4492,-545.6954,-541.0785,-535.7335,24,24,24,24,24,24,24,24,24,24,24,24,24,24,24,24,228,2280,-550.1823,-543.5598,140.1127,-195.98,1.311507,0.2454232,1.04482,-1.303782,0.3882879,-0.1273935,0.1313562,0.2693905,0.1279594,-0.5567332,-0.6022887,-1.017209,24,24,24,24,24,24,24,24,24,24,24,24,24,24,24,24
229,2290,-535.4999,-541.5245,-532.8296,-521.6718,-524.2842,-543.5134,-504.2436,-173.7895,75.55935,143.7459,-64.44921,-410.7531,-603.8316,-531.9696,-530.467,-535.2513,24,24,24,24,24,24,24,24,24,24,24,24,24,24,24,24,229,2290,-594.1155,-584.6219,140.5055,-199.8529,0.1296225,-0.2454585,-0.2611729,-0.3911437,-0.5176696,-0.5137045,0.3941489,-0.1347306,-1.023872,0.1114487,0.2408461,0.6781605,24,24,24,24,24,24,24,24,24,24,24,24,24,24,24,24
230,2300,-539.5877,-537.172,-537.0144,-531.0503,-535.2671,-558.323,-514.4508,-177.0496,75.80708,142.7614,-69.55231,-405.7101,-595.738,-541.876,-553.24,-549.1114,24,24,24,24,24,24,24,24,24,24,24,24,24,24,24,24,230,2300,-560.9304,-560.2742,143.6482,-197.0128,0.5235835,-0.4908464,0.3918244,0.521495,-0.7765148,0.5164568,-0.394226,-0.5388517,0.6398851,0.6682686,-0.3613933,-0.9041852,24,24,24,24,24,24,24,24,24,24,24,24,24,24,24,24
231,2310,-546.8015,-559.9017,-554.7382,-534.9479,-534.7843,-573.873,-527.848,-186.0775,72.21497,142.2691,-76.91026,-421.0913,-618.7098,-572.0727,-571.6016,-580.3267,24,24,24,24,24,24,24,24,24,24,24,24,24,24,24,24,231,2310,-505.3084,-509.6046,141.9459,-196.4964,-0.3956595,0.3681942,1.305969,-0.2607668,-0.647093,-1.415095,-0.2628312,-0.4041452,-0.3839664,-0.1112786,0.2408461,0.2260632,24,24,24,24,24,24,24,24,24,24,24,24,24,24,24,24
232,2320,-567.9617,-574.8937,-560.8923,-541.6469,-545.4052,-592.6317,-538.6932,-190.8422,74.94002,146.8227,-67.06009,-408.4838,-602.4033,-554.8857,-558.0093,-563.5741,24,24,24,24,24,24,24,24,24,24,24,24,24,24,24,24,232,2320,-554.3472,-555.1414,145.7434,-199.5947,0.9175454,0.7363531,-1.044817,0.3911213,0.5177097,0.001376554,0.7883363,0.1346824,0.1279594,-0.2226422,0.1203984,0.3390867,24,24,24,24,24,24,24,24,24,24,24,24,24,24,24,24
233,2330,-545.7194,-554.0984,-560.1538,-535.4351,-523.0773,-544.3773,-510.7507,-186.3282,68.00353,141.5306,-69.55231,-423.1085,-615.496,-523.2568,-530.7054,-554.2939,24,24,24,24,24,24,24,24,24,24,24,24,24,24,24,24,233,2330,-559.0495,-568.5656,138.9342,-199.4656,-0.001698419,3.210623E-05,-0.2612211,-1.564533,0.129494,-0.2561635,-0.2628312,0.1346824,0.767867,-0.3340059,-4.976465E-05,-0.5651113,24,24,24,24,24,24,24,24,24,24,24,24,24,24,24,24
234,2340,-536.7022,-540.1945,-555.3536,-551.3909,-535.1464,-523.7674,-488.6775,-170.1532,73.45363,145.2228,-64.09318,-418.948,-616.9244,-521.2277,-517.2324,-524.7659,24,24,24,24,24,24,24,24,24,24,24,24,24,24,24,24,234,2340,-544.1364,-549.7454,141.2912,-198.9492,0.1296225,-0.4908464,-0.6530198,0.2607443,0.6471845,-0.1273935,0.3941489,0.404097,-0.7679103,-0.4453695,0.1203984,0.1130396,24,24,24,24,24,24,24,24,24,24,24,24,24,24,24,24
235,2350,-539.2271,-537.7766,-554.3689,-573.9238,-569.4229,-553.7567,-502.0746,-172.661,71.47177,142.8845,-68.12819,-443.1544,-663.7011,-563.8373,-554.0746,-553.5708,24,24,24,24,24,24,24,24,24,24,24,24,24,24,24,24,235,2350,-518.475,-504.077,141.815,-195.2054,-0.5269804,-1.47261,0.2611761,-0.1303866,-0.9058868,-0.2561635,-0.2627798,0.404097,-0.3839664,0.6682686,-0.3613933,-0.7911617,24,24,24,24,24,24,24,24,24,24,24,24,24,24,24,24
236,2360,-589.8432,-575.9818,-574.1852,-593.5336,-604.5441,-594.9766,-523.6375,-165.0124,80.51398,146.6996,-61.24493,-425.756,-662.6299,-601.9113,-580.5438,-545.8574,24,24,24,24,24,24,24,24,24,24,24,24,24,24,24,24,236,2360,-522.1025,-521.0546,140.3746,-198.8201,-0.1330185,-0.3681268,-0.2612211,-0.3911405,0.3883393,-1.543866,-1.445339,-0.9429695,0.1279594,8.50815E-05,-4.976465E-05,1.284249E-05,24,24,24,24,24,24,24,24,24,24,24,24,24,24,24,24
237,2370,-596.8165,-583.236,-559.4153,-565.8851,-597.4233,-615.8333,-541.3726,-178.805,73.08203,142.1461,-66.34804,-421.3434,-640.3723,-580.4275,-568.1439,-542.8443,24,24,24,24,24,24,24,24,24,24,24,24,24,24,24,24,237,2370,-538.4935,-528.1615,140.7674,-194.56,0.2609425,0.2454746,-0.5224197,0.2607443,-1.035309,-0.6424745,1.182572,0.5388067,0.7678172,0.1114487,0.1203984,1.284249E-05,24,24,24,24,24,24,24,24,24,24,24,24,24,24,24,24
238,2380,-558.704,-557.3628,-548.0917,-549.1985,-558.9227,-571.775,-519.4269,-176.6734,74.69228,144.6075,-55.90448,-403.3146,-613.2346,-553.0953,-544.8939,-533.323,24,24,24,24,24,24,24,24,24,24,24,24,24,24,24,24,238,2380,-522.9086,-516.4483,141.4221,-196.8837,0.5235835,0.4909138,-0.1306226,-1.173402,-0.1293512,0.001376554,-1.051151,0.4040986,-0.5119964,-0.4454209,-4.976465E-05,-0.1130107,24,24,24,24,24,24,24,24,24,24,24,24,24,24,24,24
239,2390,-540.6698,-543.3381,-535.9067,-541.2815,-569.1815,-589.9166,-525.4238,-170.6548,76.55027,144.8536,-62.31303,-418.8218,-651.4416,-599.5242,-580.5439,-546.3394,24,24,24,24,24,24,24,24,24,24,24,24,24,24,24,24,239,2390,-534.7317,-538.1638,141.1603,-195.2054,-0.2643394,-0.613566,-0.6530198,1.043006,0.3883393,-0.1273935,0.6569898,-0.808263,-0.1280525,0.4454883,1.605311E-06,0.4521135,24,24,24,24,24,24,24,24,24,24,24,24,24,24,24,24
240,2400,-598.6199,-591.941,-561.877,-564.4235,-586.6817,-599.0492,-531.6757,-171.2817,79.77079,146.9458,-57.44728,-401.8017,-619.3049,-577.0856,-567.1901,-547.4242,24,24,24,24,24,24,24,24,24,24,24,24,24,24,24,24,240,2400,-488.38,-499.6023,139.9817,-199.2074,0.5235835,-1.227167,-0.3918212,-0.1303866,-1.035309,0.3876867,-0.2627798,-0.2694355,0.3838733,0.779581,-0.2408938,-0.5651178,24,24,24,24,24,24,24,24,24,24,24,24,24,24,24,24
241,2410,-564.1143,-561.3525,-539.4761,-541.6469,-566.6469,-596.9512,-535.1207,-180.5604,76.55027,143.869,-61.71964,-399.4063,-614.3058,-593.0791,-582.0939,-557.9097,24,24,24,24,24,24,24,24,24,24,24,24,24,24,24,24,241,2410,-521.5651,-538.6902,140.8984,-192.2362,-0.1330185,-0.2454072,0.2611761,0.5214983,0.9060297,-1.028785,0.3942003,0.1346856,-0.2560327,0.1113974,0.4817929,-0.452091,24,24,24,24,24,24,24,24,24,24,24,24,24,24,24,24
242,2420,-567.4807,-584.5659,-547.4763,-528.249,-550.8363,-600.9004,-538.6932,-178.0527,85.09702,153.0993,-64.44921,-396.2544,-593.3574,-566.9405,-570.5285,-568.1541,24,24,24,24,24,24,24,24,24,24,24,24,24,24,24,24,242,2420,-522.1025,-532.373,142.8626,-195.5927,0.2609425,-0.613566,0.2611761,-0.6518945,-1.164732,-0.1273935,-0.2627798,-0.6735566,0.5118551,-0.5567846,-0.9635809,0.6781574,24,24,24,24,24,24,24,24,24,24,24,24,24,24,24,24
243,2430,-564.7154,-586.6212,-562.4924,-525.5693,-525.0083,-578.1924,-527.9755,-187.4567,76.92188,150.884,-65.63597,-406.9708,-601.4511,-544.5018,-550.1401,-574.0596,24,24,24,24,24,24,24,24,24,24,24,24,24,24,24,24,243,2430,-552.3318,-545.9287,144.4339,-190.9453,-0.001698419,0.1227549,-0.1306226,-0.1303866,0.129494,0.7739977,-0.2627798,0.2693921,-7.06337E-05,3.371154E-05,-0.4817896,-0.9041916,24,24,24,24,24,24,24,24,24,24,24,24,24,24,24,24
244,2440,-550.6487,-548.6576,-555.7228,-539.2109,-522.3531,-542.0325,-506.6678,-180.0589,74.44456,147.5611,-67.29745,-420.2086,-609.4258,-526.5987,-534.7593,-562.9716,24,24,24,24,24,24,24,24,24,24,24,24,24,24,24,24,244,2440,-574.9031,-559.8793,144.4339,-192.1071,-0.1330185,-0.3681268,-0.6530198,-0.7822714,0.129494,-0.6424745,1.284249E-05,-0.9429695,-1.279884,3.371154E-05,0.2408974,0.6781574,24,24,24,24,24,24,24,24,24,24,24,24,24,24,24,24
245,2450,-551.0094,-556.5164,-568.5234,-553.9487,-532.4911,-543.7603,-505.9023,-176.1718,78.90373,152.607,-64.33054,-423.8648,-621.3283,-520.8697,-527.7248,-542.2417,24,24,24,24,24,24,24,24,24,24,24,24,24,24,24,24,245,2450,-560.5273,-546.9816,146.66,-189.6543,-0.001646247,3.210623E-05,0.9141718,0.3911213,-0.2587746,0.2589166,-0.5255693,0.1346856,0.895799,0.4454883,-0.7226851,-0.9041916,24,24,24,24,24,24,24,24,24,24,24,24,24,24,24,24
246,2460,-531.1717,-528.4669,-537.3837,-533.4863,-522.3531,-524.1376,-488.6775,-166.6424,78.656,149.1611,-56.37919,-411.3834,-615.258,-534.7148,-528.4401,-524.4044,24,24,24,24,24,24,24,24,24,24,24,24,24,24,24,24,246,2460,-508.9359,-505.9195,142.8626,-191.849,0.2609947,-0.2454585,0.130576,-0.3911405,7.06337E-05,-2.058946,-0.3941746,0.2693921,-0.2560327,3.371154E-05,-0.4817896,0.452107,24,24,24,24,24,24,24,24,24,24,24,24,24,24,24,24
247,2470,-525.7614,-524.7189,-528.2756,-528.7361,-526.0945,-527.84,-492.3776,-166.8932,79.77079,152.1147,-47.59712,-387.051,-584.9067,-517.1697,-513.6556,-503.3129,24,24,24,24,24,24,24,24,24,24,24,24,24,24,24,24,247,2470,-504.368,-506.9724,145.2196,-190.6871,1.311559,0.3681428,-2.247436E-05,0.3911213,-1.035309,-0.1273935,0.525595,-0.134729,0.7678172,-0.3340573,-0.2408938,0.6781574,24,24,24,24,24,24,24,24,24,24,24,24,24,24,24,24
248,2480,-507.9676,-510.815,-502.9206,-508.3955,-534.0602,-566.0979,-519.0442,-171.5325,81.00945,152.7301,-49.37727,-383.5208,-595.857,-558.347,-551.2132,-543.8085,24,24,24,24,24,24,24,24,24,24,24,24,24,24,24,24,248,2480,-515.6536,-514.6057,146.66,-187.847,0.1296746,0.8590246,-2.247436E-05,-0.7822233,7.06337E-05,-0.1273935,-0.6569641,-0.134729,-0.2560327,-0.11133,0.1204497,0.1130332,24,24,24,24,24,24,24,24,24,24,24,24,24,24,24,24
249,2490,-548.6048,-566.914,-543.9069,-523.0115,-539.3707,-597.9384,-545.7107,-187.7075,79.52306,150.761,-54.24301,-398.1455,-619.1859,-601.5533,-588.0554,-570.3235,24,24,24,24,24,24,24,24,24,24,24,24,24,24,24,24,249,2490,-543.0615,-540.9276,148.2314,-190.2998,0.5236357,-1.104499,0.3917746,-0.2607154,-0.1293512,0.001376554,0.6569898,-0.2694355,0.3838733,3.371154E-05,-0.6022373,0.1130332,24,24,24,24,24,24,24,24,24,24,24,24,24,24,24,24
250,2500,-575.6563,-574.5309,-537.3837,-522.5244,-538.043,-574.8602,-527.4652,-182.1904,78.28439,147.1919,-61.24493,-403.1886,-601.8082,-537.6987,-533.3286,-537.3003,24,24,24,24,24,24,24,24,24,24,24,24,24,24,24,24,250,2500,-530.0293,-540.1379,145.7434,-186.9433,-0.3956073,-0.9817795,-0.1306226,-0.5214694,-0.5176182,-0.2561635,-0.9197567,-0.5388485,0.7678172,3.371154E-05,-0.1204461,-0.9041916,24,24,24,24,24,24,24,24,24,24,24,24,24,24,24,24
251,2510,-534.4178,-540.1944,-529.3833,-516.4344,-508.5943,-519.9415,-489.6982,-169.6517,79.15146,150.2686,-56.97257,-395.6241,-582.5262,-509.2923,-514.4902,-529.1047,24,24,24,24,24,24,24,24,24,24,24,24,24,24,24,24,251,2510,-522.9086,-529.0827,148.8861,-188.8797,0.6549566,0.6135821,0.7835717,1.434188,0.5177611,-0.7712445,0.2628023,0.4040986,-0.2560327,-0.11133,-0.1204461,-0.3390674,24,24,24,24,24,24,24,24,24,24,24,24,24,24,24,24
252,2520,-525.8816,-534.512,-543.7838,-535.8005,-526.8187,-550.5479,-508.1989,-181.9397,72.09109,143.3767,-76.43555,-435.3377,-633.4688,-554.8857,-556.2209,-584.7861,24,24,24,24,24,24,24,24,24,24,24,24,24,24,24,24,252,2520,-564.2892,-572.2505,143.2554,-187.3306,-0.3956073,-0.8590599,0.3917746,-0.6518463,-0.6470416,-0.2561635,0.3942003,0.1346343,0.5118551,-0.4454209,-0.2408938,-0.2260407,24,24,24,24,24,24,24,24,24,24,24,24,24,24,24,24
253,2530,-588.7611,-589.0392,-594.4938,-571.8533,-547.3363,-561.4083,-517.2579,-185.7013,72.83429,147.9303,-70.50172,-432.1858,-627.7556,-533.9987,-543.3439,-568.5156,24,24,24,24,24,24,24,24,24,24,24,24,24,24,24,24,253,2530,-536.8813,-531.5833,144.303,-189.7834,-0.001646247,0.4908625,-0.7836183,0.1304155,0.7766063,-0.1273935,-0.1313819,0.5387554,-1.023872,0.222761,0.1204497,0.452107,24,24,24,24,24,24,24,24,24,24,24,24,24,24,24,24
254,2540,-563.2727,-557.8463,-573.0775,-562.3528,-542.3879,-543.2665,-504.2436,-179.5573,70.10925,144.7305,-69.31495,-433.5726,-633.9449,-529.2245,-537.144,-556.1018,24,24,24,24,24,24,24,24,24,24,24,24,24,24,24,24,254,2540,-555.2876,-539.7431,146.66,-183.845,-0.001646247,-1.227219,0.6529732,0.2607925,0.129494,0.5164568,1.284249E-05,-0.4041933,-0.3839664,0.5568504,1.605311E-06,-0.7911649,24,24,24,24,24,24,24,24,24,24,24,24,24,24,24,24
255,2550,-551.4903,-549.6249,-565.2002,-562.231,-537.4395,-518.3372,-483.1911,-163.5077,80.63785,154.2069,-53.53095,-417.9393,-623.9468,-520.0342,-519.9747,-528.7432,24,24,24,24,24,24,24,24,24,24,24,24,24,24,24,24,255,2550,-543.1959,-528.5563,147.4457,-188.4924,-0.2642872,0.2454232,0.6529732,-0.1303384,0.129494,-0.3849344,-1.576734,-7.223901E-05,0.3839214,0.2227594,0.2408461,-0.1130171,24,24,24,24,24,24,24,24,24,24,24,24,24,24,24,24
256,2560,-526.8434,-519.7619,-521.6291,-528.1271,-525.129,-522.163,-487.0188,-165.6393,75.80708,146.2073,-50.80139,-392.8504,-594.0716,-522.66,-514.4901,-498.3716,24,24,24,24,24,24,24,24,24,24,24,24,24,24,24,24,256,2560,-565.4984,-556.3259,148.4933,-184.8777,0.2609947,0.1227036,-0.1306226,0.5215464,-0.1293512,-0.5137045,0.525595,0.6734618,0.1279594,0.4454868,-4.976465E-05,-3.852747E-05,24,24,24,24,24,24,24,24,24,24,24,24,24,24,24,24
257,2570,-514.2195,-513.4749,-502.7975,-499.2606,-516.922,-540.1813,-501.8194,-165.8901,80.88557,151.1301,-47.83447,-382.5123,-593.9526,-549.6341,-533.9247,-515.9679,24,24,24,24,24,24,24,24,24,24,24,24,24,24,24,24,257,2570,-571.6785,-572.2505,146.2672,-189.5252,0.1296746,-1.104499,-0.2612211,-1.825239,7.06337E-05,0.6452276,0.9197824,0.1346343,-0.5119466,-0.8908788,-0.7227365,0.3390353,24,24,24,24,24,24,24,24,24,24,24,24,24,24,24,24
258,2580,-519.8703,-524.9606,-512.6441,-503.6454,-513.6633,-542.0324,-502.7125,-171.031,80.63785,150.6379,-48.07182,-380.9994,-570.9808,-525.2858,-526.4131,-530.4306,24,24,24,24,24,24,24,24,24,24,24,24,24,24,24,24,258,2580,-555.5562,-554.7466,146.1362,-181.9085,-0.2642872,0.1227036,-0.7836183,0.2607925,0.3883393,-0.2561635,0.6569898,-7.223901E-05,-0.6399285,0.4454868,0.6021892,-3.852747E-05,24,24,24,24,24,24,24,24,24,24,24,24,24,24,24,24
259,2590,-533.0955,-544.547,-535.5374,-510.4662,-511.9737,-543.8837,-498.6296,-168.5232,81.62877,146.4535,-67.17876,-401.9278,-576.575,-515.9761,-519.2593,-534.8899,24,24,24,24,24,24,24,24,24,24,24,24,24,24,24,24,259,2590,-570.6038,-563.8277,144.8267,-187.3306,0.3923156,-1.104499,-0.2612211,3.852747E-05,-1.552999,-0.2561635,0.6569898,-0.8083144,-0.2559845,-0.1113332,-1.204528,-0.452136,24,24,24,24,24,24,24,24,24,24,24,24,24,24,24,24
260,2600,-515.3016,-521.9382,-528.0294,-509.6136,-495.3182,-499.3316,-475.1528,-167.5201,74.56841,147.5611,-50.68271,-391.9679,-576.813,-487.9278,-492.5517,-513.4369,24,24,24,24,24,24,24,24,24,24,24,24,24,24,24,24,260,2600,-513.7725,-526.8455,147.1838,-180.4884,-0.1329663,0.7363017,0.2611761,-0.1303384,0.5177611,-0.2561635,-0.9197567,0.6734618,1.535755,0.6682141,0.1203984,-0.5651627,24,24,24,24,24,24,24,24,24,24,24,24,24,24,24,24
261,2610,-522.7558,-519.0364,-541.6915,-544.4483,-526.0945,-518.3372,-479.3633,-164.5108,76.67413,148.4226,-60.05817,-428.5296,-632.8737,-520.7503,-517.1132,-531.3947,24,24,24,24,24,24,24,24,24,24,24,24,24,24,24,24,261,2610,-504.0992,-519.7386,147.5766,-182.2958,-0.3956595,0.2454232,-0.9142184,-0.2607154,-0.6470416,-0.2561635,-0.2627798,0.1346343,0.2559412,-0.3340605,0.2408461,0.6781092,24,24,24,24,24,24,24,24,24,24,24,24,24,24,24,24
262,2620,-546.8015,-535.721,-556.2153,-569.4172,-547.819,-508.5876,-469.5388,-153.7275,80.76171,149.7764,-52.58154,-416.0482,-634.8971,-539.6083,-527.8439,-520.9093,24,24,24,24,24,24,24,24,24,24,24,24,24,24,24,24,262,2620,-537.2842,-564.8806,147.1838,-183.1995,0.7862253,-0.1227357,0.3917746,-0.5214694,-0.2587746,0.001376554,0.9197824,-0.1347803,0.767867,-0.7795151,-4.976465E-05,-3.852747E-05,24,24,24,24,24,24,24,24,24,24,24,24,24,24,24,24
263,2630,-558.4637,-541.7662,-540.9531,-553.9487,-570.3884,-558.4464,-503.478,-163.0061,80.01852,148.2995,-48.54653,-394.9937,-621.0902,-565.7469,-544.5362,-515.8474,24,24,24,24,24,24,24,24,24,24,24,24,24,24,24,24,263,2630,-520.6245,-528.4248,146.7909,-180.6175,-0.2643394,0.3681461,-0.7835669,-0.1303384,0.129494,0.2589166,0.7883877,-0.2694868,-0.8958921,-0.1113332,-4.976465E-05,0.5650856,24,24,24,24,24,24,24,24,24,24,24,24,24,24,24,24
264,2640,-557.3816,-545.0306,-514.9827,-528.1271,-565.5607,-586.2142,-519.4269,-164.6362,83.73449,148.6687,-51.86948,-390.0768,-612.8775,-593.0791,-572.4362,-535.0104,24,24,24,24,24,24,24,24,24,24,24,24,24,24,24,24,264,2640,-514.8474,-506.446,150.0646,-182.4249,-0.3956595,-0.8590567,0.5224245,0.3911149,0.129494,0.5164568,-0.3941746,-0.5388998,-0.3839664,0.6682141,-1.565871,-0.2260888,24,24,24,24,24,24,24,24,24,24,24,24,24,24,24,24
265,2650,-565.0762,-578.158,-539.2299,-537.9929,-568.3365,-601.2706,-520.8304,-161.3761,89.1846,153.3454,-58.15934,-392.094,-584.4306,-540.0857,-540.4824,-534.4078,24,24,24,24,24,24,24,24,24,24,24,24,24,24,24,24,265,2650,-521.0276,-512.2368,147.3147,-181.0048,-1.052262,-0.4908946,-0.6529684,-0.130393,-0.2587746,-1.415096,-0.788362,-0.4041933,0.3839214,-0.2226968,-0.2409452,-0.452136,24,24,24,24,24,24,24,24,24,24,24,24,24,24,24,24
266,2660,-526.8436,-539.2272,-522.4907,-501.2094,-497.7321,-521.546,-484.9773,-162.1285,85.59248,152.607,-57.92199,-392.7243,-569.1954,-491.0311,-493.0286,-504.0361,24,24,24,24,24,24,24,24,24,24,24,24,24,24,24,24,266,2660,-527.8796,-514.6058,147.9694,-183.1995,0.2609425,0.4908657,-0.2611697,0.9126259,-0.3881964,-0.5137045,0.2628023,0.2693408,-0.5119466,-0.1113332,-0.1204975,0.791136,24,24,24,24,24,24,24,24,24,24,24,24,24,24,24,24
267,2670,-495.9448,-500.5383,-514.4903,-512.6586,-502.439,-507.8472,-469.794,-155.4829,83.98223,149.7764,-56.97257,-404.0711,-593.7145,-512.1568,-510.1978,-516.932,24,24,24,24,24,24,24,24,24,24,24,24,24,24,24,24,267,2670,-565.6327,-559.0898,145.2195,-179.4557,-0.6583005,-0.4908946,2.88956E-05,-1.173409,-0.6470416,-0.2561635,0.6569384,-7.223901E-05,-2.247436E-05,-0.3340605,0.8430851,-3.852747E-05,24,24,24,24,24,24,24,24,24,24,24,24,24,24,24,24
268,2680,-521.9142,-515.0466,-519.0444,-527.5181,-530.0773,-539.0706,-488.1671,-159.7461,85.09702,154.8222,-50.92006,-398.902,-599.6658,-523.1375,-522.8362,-527.538,24,24,24,24,24,24,24,24,24,24,24,24,24,24,24,24,268,2680,-538.0904,-550.93,146.66,-183.4577,-0.001698419,1.227187,-0.6529684,-1.605311E-05,0.7766063,0.6452268,0.5255436,0.1346856,-0.7679103,0.1113942,0.6021892,0.4520621,24,24,24,24,24,24,24,24,24,24,24,24,24,24,24,24
269,2690,-536.1011,-534.8748,-530.9833,-530.8067,-532.6119,-531.0488,-492.25,-166.517,78.656,149.5302,-53.76831,-406.7187,-614.1868,-534.8342,-530.5862,-534.7694,24,24,24,24,24,24,24,24,24,24,24,24,24,24,24,24,269,2690,-494.9632,-503.2874,144.4339,-177.7774,0.2609425,-0.8590567,0.2612275,0.3911149,-0.1293512,1.289078,-3.852747E-05,-0.404142,0.6398851,0.2227594,-0.7227365,-1.356337,24,24,24,24,24,24,24,24,24,24,24,24,24,24,24,24
270,2700,-539.3473,-534.7538,-535.1682,-538.2365,-530.6808,-526.2357,-482.1703,-157.113,85.59248,155.9299,-53.76831,-422.2259,-632.0405,-517.7665,-515.2055,-530.069,24,24,24,24,24,24,24,24,24,24,24,24,24,24,24,24,270,2700,-506.3832,-506.0512,143.7791,-185.1359,-0.2643394,-0.4908946,2.88956E-05,0.1303609,0.2589158,-0.1273935,-0.5256207,-0.2694355,0.3839214,-0.3340059,-0.7227365,-0.1130621,24,24,24,24,24,24,24,24,24,24,24,24,24,24,24,24
271,2710,-534.8989,-525.807,-539.9684,-554.8013,-541.3017,-513.0305,-472.7285,-152.7244,84.35383,153.5915,-46.88506,-410.2488,-629.7791,-530.1794,-520.9286,-526.5739,24,24,24,24,24,24,24,24,24,24,24,24,24,24,24,24,271,2710,-517.1313,-518.9489,143.3863,-180.1012,-0.1330185,0.9817474,-0.3917698,-0.130393,-0.5176182,-1.286325,-0.1314333,0.1346856,-0.1280027,0.5569034,0.1204497,-0.452136,24,24,24,24,24,24,24,24,24,24,24,24,24,24,24,24
272,2720,-573.9731,-551.4384,-565.2003,-591.8284,-593.0784,-565.1107,-501.8194,-162.5046,78.40826,149.4071,-52.70022,-421.9738,-651.3225,-549.6341,-540.4824,-530.069,24,24,24,24,24,24,24,24,24,24,24,24,24,24,24,24,272,2720,-516.8626,-507.7621,144.041,-181.7794,0.5235835,-0.8590567,0.1306274,-1.605311E-05,0.3883393,-0.2561635,0.1313562,-2.086905E-05,-0.8958921,-1.224915,-0.6022373,-0.1130621,24,24,24,24,24,24,24,24,24,24,24,24,24,24,24,24
273,2730,-554.7365,-543.217,-532.0911,-547.7369,-558.9227,-551.4119,-494.9294,-157.8653,83.48676,151.7455,-40.23916,-386.9249,-606.6882,-541.9954,-527.1285,-505.2414,24,24,24,24,24,24,24,24,24,24,24,24,24,24,24,24,273,2730,-552.6006,-544.4811,148.1004,-176.6155,-0.001698419,0.2454264,-0.2611697,-0.26077,0.129494,0.2589166,0.6569384,0.2693921,-2.247436E-05,0.7796323,-0.3613415,0.5650856,24,24,24,24,24,24,24,24,24,24,24,24,24,24,24,24
274,2740,-527.8052,-525.2025,-517.9366,-534.4607,-561.8193,-573.6262,-507.561,-160.1223,85.34476,151.7455,-43.44343,-389.0682,-622.9946,-580.5469,-554.1938,-521.6324,24,24,24,24,24,24,24,24,24,24,24,24,24,24,24,24,274,2740,-544.5394,-538.4271,144.8267,-182.0376,0.5235835,-0.8590567,-0.2611697,0.5214918,7.06337E-05,0.1301466,-0.2628312,-0.6735566,0.6398851,0.1114487,-1.56582,-0.3391124,24,24,24,24,24,24,24,24,24,24,24,24,24,24,24,24
275,2750,-557.0208,-544.1842,-527.9064,-532.2683,-549.9915,-551.5353,-497.4813,-152.599,90.67099,155.0684,-45.93564,-374.9478,-579.3126,-539.3697,-532.6132,-518.1373,24,24,24,24,24,24,24,24,24,24,24,24,24,24,24,24,275,2750,-545.2111,-544.876,146.3981,-177.0028,0.3922634,-1.605311E-05,0.5224245,0.5214918,0.9060297,-0.5137045,-0.7884133,-2.086905E-05,-2.247436E-05,-0.7794605,-0.2408938,-0.5651627,24,24,24,24,24,24,24,24,24,24,24,24,24,24,24,24
276,2760,-508.8092,-526.6533,-509.6903,-492.8052,-502.439,-544.3773,-502.5849,-166.6424,85.96409,149.8994,-61.957,-396.1284,-593.0004,-570.1631,-572.1977,-575.7471,24,24,24,24,24,24,24,24,24,24,24,24,24,24,24,24,276,2760,-532.179,-536.4529,146.529,-181.263,-0.1330185,-0.1227357,2.88956E-05,0.9126259,-0.3881964,-0.5137045,-3.852747E-05,-0.404142,-0.7679103,-0.2226422,-0.2408938,0.5650856,24,24,24,24,24,24,24,24,24,24,24,24,24,24,24,24
277,2770,-579.3833,-586.0166,-559.4155,-543.1085,-547.6983,-597.0746,-526.3169,-172.7864,87.32661,153.4685,-62.31303,-395.6241,-586.216,-536.1472,-550.1401,-572.8545,24,24,24,24,24,24,24,24,24,24,24,24,24,24,24,24,277,2770,-497.1129,-508.4202,147.1838,-180.6176,0.2609425,-0.6136142,0.6530246,-0.391147,0.129494,0.3876867,0.3941489,0.5388067,0.6398851,-0.6680969,-0.3613415,0.2260118,24,24,24,24,24,24,24,24,24,24,24,24,24,24,24,24
278,2780,-561.1086,-577.4326,-550.0612,-517.5306,-521.629,-574.8603,-516.2372,-170.2787,89.43233,154.5761,-57.44728,-391.9679,-587.7633,-541.5181,-543.5823,-554.6556,24,24,24,24,24,24,24,24,24,24,24,24,24,24,24,24,278,2780,-512.4291,-518.0276,147.8385,-183.1995,-0.5269804,0.2454232,-0.3917698,-0.6519009,0.5177611,0.2589166,-0.394226,-2.086905E-05,-1.151854,0.2228124,0.1204497,0.2260118,24,24,24,24,24,24,24,24,24,24,24,24,24,24,24,24
279,2790,-555.8185,-567.1558,-551.0459,-529.1016,-537.4395,-587.5718,-515.3441,-171.9087,85.59248,153.3454,-63.61847,-407.4751,-605.0219,-545.0986,-545.967,-552.7272,24,24,24,24,24,24,24,24,24,24,24,24,24,24,24,24,279,2790,-523.8491,-525.7926,148.4932,-183.9741,1.048866,-0.3681782,-0.1305728,0.5214918,0.2589158,0.001376554,0.262751,-0.404142,1.023829,0.7796323,-0.7226847,-0.791213,24,24,24,24,24,24,24,24,24,24,24,24,24,24,24,24
280,2800,-531.2919,-535.3583,-536.276,-515.46,-501.8355,-527.2229,-485.2325,-167.1439,83.23904,155.9299,-53.05624,-400.541,-589.0726,-492.2247,-504.4747,-523.5608,24,24,24,24,24,24,24,24,24,24,24,24,24,24,24,24,280,2800,-535.269,-522.3708,141.815,-187.5888,-0.2643394,-0.7363403,-0.3917714,0.1304155,-0.1293512,-1.157555,-1.182598,-0.2694355,0.3839214,-0.4453695,-0.1204457,-0.1130621,24,24,24,24,24,24,24,24,24,24,24,24,24,24,24,24
281,2810,-525.2805,-521.9382,-544.0302,-534.2172,-505.4562,-495.1356,-462.5213,-153.7275,84.84934,156.5452,-50.44536,-409.2402,-608.7117,-499.9827,-501.6132,-523.3198,24,24,24,24,24,24,24,24,24,24,24,24,24,24,24,24,281,2810,-568.7229,-552.6409,142.9935,-189.3961,0.1296225,0.3681428,0.1306258,0.2607925,-0.2588243,-0.5137045,0.6569384,0.1346856,-0.5119466,0.1114487,0.2408974,0.3390353,24,24,24,24,24,24,24,24,24,24,24,24,24,24,24,24
282,2820,-533.8167,-531.1267,-552.769,-564.9107,-543.7155,-521.0523,-473.239,-160.9999,77.29353,150.5148,-55.3111,-428.2775,-642.8718,-521.3471,-522.1208,-543.5675,24,24,24,24,24,24,24,24,24,24,24,24,24,24,24,24,282,2820,-609.0287,-594.4927,141.4221,-182.4249,0.2609425,-1.926374E-05,0.5224229,-1.564485,-0.6470914,0.1301466,-0.2628312,-0.404142,0.5119033,-0.5567332,-0.2408938,-3.852747E-05,24,24,24,24,24,24,24,24,24,24,24,24,24,24,24,24
283,2830,-564.1143,-547.4487,-560.2771,-573.4367,-561.8192,-535.4916,-473.7493,-147.0819,89.30852,158.0221,-42.73137,-397.3892,-613.2346,-526.9568,-516.2786,-499.8179,24,24,24,24,24,24,24,24,24,24,24,24,24,24,24,24,283,2830,-563.8862,-558.0369,145.0886,-188.1051,-0.001698419,0.4908625,-0.5223715,-0.2607154,0.2588661,0.6452268,0.3941489,0.5388067,-0.3839664,0.2228124,0.1204497,0.1129882,24,24,24,24,24,24,24,24,24,24,24,24,24,24,24,24
284,2840,-518.4275,-507.188,-494.5512,-495.2412,-504.1286,-507.7237,-468.7733,-144.0726,89.06078,151.2532,-49.25859,-382.2602,-579.1935,-530.2988,-521.7632,-505.1208,24,24,24,24,24,24,24,24,24,24,24,24,24,24,24,24,284,2840,-541.4493,-550.1403,141.1602,-185.265,0.5235835,-1.104499,-0.9141687,-0.7822233,0.1294443,0.7739977,0.3941489,-0.134729,-2.247436E-05,0.1114487,-0.1204457,-0.2260888,24,24,24,24,24,24,24,24,24,24,24,24,24,24,24,24
285,2850,-502.3169,-506.5835,-495.782,-480.3817,-493.7491,-520.3118,-480.8944,-154.229,93.39609,163.0679,-29.91429,-356.7931,-564.7916,-534.9535,-524.1478,-508.0134,24,24,24,24,24,24,24,24,24,24,24,24,24,24,24,24,285,2850,-528.1484,-535.5317,141.815,-190.0416,-0.3956595,-0.3681782,-0.2611729,0.3911694,0.3882895,-0.1273935,-0.6570154,0.6735132,-2.407967E-05,-0.3340059,-0.4817893,-0.5651627,24,24,24,24,24,24,24,24,24,24,24,24,24,24,24,24
286,2860,-498.4695,-513.2331,-499.4745,-488.7858,-498.4562,-525.6186,-492.6328,-167.5201,82.24816,153.2223,-37.74695,-356.1627,-551.4608,-506.9052,-508.5286,-520.6682,24,24,24,24,24,24,24,24,24,24,24,24,24,24,24,24,286,2860,-528.1484,-537.9006,143.7791,-189.267,-0.2643394,-1.926374E-05,0.1306258,-0.3910924,-0.1294009,-1.028785,-0.394226,0.9429262,-0.2559878,0.4455397,0.3613451,-3.852747E-05,24,24,24,24,24,24,24,24,24,24,24,24,24,24,24,24
287,2870,-501.8359,-518.0693,-522.86,-497.799,-494.9561,-537.8364,-496.3329,-170.7802,83.85841,153.8377,-58.39669,-380.7473,-567.2911,-556.1985,-566.8325,-580.3269,24,24,24,24,24,24,24,24,24,24,24,24,24,24,24,24,287,2870,-540.7775,-539.2167,138.9341,-194.3018,0.6549044,-1.926374E-05,0.5224229,-0.9126002,-0.7765132,0.1301466,0.1313562,-0.2694355,-2.407967E-05,-0.5567332,-0.6022887,0.4520621,24,24,24,24,24,24,24,24,24,24,24,24,24,24,24,24
288,2880,-550.4083,-581.3015,-570.1237,-524.7168,-510.2839,-567.0853,-507.8161,-176.0464,82.24816,152.2378,-63.85582,-405.2058,-584.5497,-502.4891,-513.1788,-546.9421,24,24,24,24,24,24,24,24,24,24,24,24,24,24,24,24,288,2880,-556.7655,-547.2449,141.9459,-187.847,-0.3956595,0.8590246,-0.5223715,-0.2607154,0.6471347,-0.5137045,-0.394226,-2.086905E-05,-0.5119498,8.50815E-05,0.7226374,0.2260118,24,24,24,24,24,24,24,24,24,24,24,24,24,24,24,24
289,2890,-531.7728,-530.4014,-535.1683,-521.7936,-495.1974,-497.1102,-460.3522,-153.7275,84.97321,157.5298,-35.61077,-374.3175,-572.7662,-489.5988,-489.3326,-491.8634,24,24,24,24,24,24,24,24,24,24,24,24,24,24,24,24,289,2890,-539.7028,-539.3483,140.8983,-194.9473,1.048866,-0.8590599,-0.65297,3.852747E-05,-0.2588243,-0.3849336,0.262751,-0.134729,-2.407967E-05,0.6682686,-0.9636323,-0.2260888,24,24,24,24,24,24,24,24,24,24,24,24,24,24,24,24
290,2900,-495.9447,-493.7332,-507.2287,-510.2226,-505.6977,-503.7745,-466.349,-153.3513,79.89471,148.5457,-48.30917,-394.2373,-597.6424,-497.9536,-495.0557,-508.4955,24,24,24,24,24,24,24,24,24,24,24,24,24,24,24,24,290,2900,-535.0004,-535.4,139.0651,-190.6871,-0.5269804,-0.4908978,-0.2611729,0.6519234,0.3882895,-0.2561635,-0.2628312,-2.086905E-05,0.255938,-0.1112786,-0.2409452,-1.24331,24,24,24,24,24,24,24,24,24,24,24,24,24,24,24,24
291,2910,-529.8492,-511.0253,-524.2138,-544.4484,-543.2327,-522.9035,-467.8801,-143.9472,88.44146,152.9762,-43.32475,-389.0682,-598.8326,-521.4665,-508.6479,-501.3847,24,24,24,24,24,24,24,24,24,24,24,24,24,24,24,24,291,2910,-567.1107,-569.4869,138.9342,-197.0128,0.2609425,0.2454232,-1.044767,0.1304155,-0.2588243,0.001376554,0.262751,0.1346856,-0.383968,8.50815E-05,-0.3613933,0.6781092,24,24,24,24,24,24,24,24,24,24,24,24,24,24,24,24
292,2920,-533.2155,-516.4669,-512.0287,-524.3514,-537.9222,-542.8964,-480.6392,-147.8343,85.22094,148.2995,-47.12241,-377.2172,-577.6462,-517.8858,-506.8595,-480.5343,24,24,24,24,24,24,24,24,24,24,24,24,24,24,24,24,292,2920,-527.3423,-533.8208,138.2794,-190.2998,0.6549044,0.2454232,0.5224229,-0.7822233,0.2588661,0.5164568,0.3941489,-2.086905E-05,-2.407967E-05,0.4455397,-0.7227365,-0.1130621,24,24,24,24,24,24,24,24,24,24,24,24,24,24,24,24
293,2930,-498.8302,-501.9559,-485.8122,-486.9588,-516.4393,-551.0416,-496.4605,-154.1036,86.58347,150.5148,-51.39477,-385.0338,-604.0698,-566.4631,-548.471,-531.3947,24,24,24,24,24,24,24,24,24,24,24,24,24,24,24,24,293,2930,-523.8492,-530.7938,139.1961,-194.8181,-0.001646247,0.1227036,0.1306258,-0.1303384,0.6471347,-0.2561635,-0.7884133,0.2693921,-1.5358,-0.5567332,-0.2409452,0.2260118,24,24,24,24,24,24,24,24,24,24,24,24,24,24,24,24
294,2940,-544.3969,-540.168,-513.998,-500.9658,-517.4048,-554.6205,-501.1814,-160.7492,87.32667,152.3608,-49.13991,-367.0051,-558.6023,-537.5793,-533.4479,-527.297,24,24,24,24,24,24,24,24,24,24,24,24,24,24,24,24,294,2940,-508.936,-515.527,141.684,-193.0108,0.2609947,-1.595381,-0.7835685,3.852747E-05,0.5177113,0.001376554,-3.852747E-05,-1.077676,-0.383968,0.1114487,-4.976465E-05,-0.452136,24,24,24,24,24,24,24,24,24,24,24,24,24,24,24,24
295,2950,-517.4656,-532.0662,-514.4903,-490.0038,-494.3527,-548.5733,-499.2675,-172.1594,81.50497,149.7764,-59.82081,-385.6642,-570.0286,-528.389,-536.1902,-553.6914,24,24,24,24,24,24,24,24,24,24,24,24,24,24,24,24,295,2950,-514.0414,-513.1581,138.2794,-194.56,-0.001646247,-1.926374E-05,0.5224245,3.852747E-05,0.1294443,-1.801406,-1.313995,-0.5388485,-0.6399317,-1.002188,0.4817415,0.2260118,24,24,24,24,24,24,24,24,24,24,24,24,24,24,24,24
296,2960,-520.1107,-544.4004,-545.384,-510.2226,-489.7664,-531.2955,-488.6775,-168.6486,82.99136,153.3454,-61.60096,-399.4064,-578.4794,-495.4472,-506.5018,-533.3231,24,24,24,24,24,24,24,24,24,24,24,24,24,24,24,24,296,2960,-556.0938,-542.9018,143.5173,-193.0108,-1.05221,-0.1227389,0.2612275,0.1303673,-0.3882461,-0.7712445,0.3941489,-0.2694355,0.5119017,0.1114487,0.3612938,0.6781092,24,24,24,24,24,24,24,24,24,24,24,24,24,24,24,24
297,2970,-521.0725,-524.6897,-536.7682,-526.7873,-504.4908,-503.4042,-462.7764,-156.2352,79.0276,146.4535,-52.81889,-396.0024,-585.3829,-491.0311,-493.148,-518.4988,24,24,24,24,24,24,24,24,24,24,24,24,24,24,24,24,297,2970,-558.3778,-547.7713,139.327,-194.1727,0.2609947,-0.4908978,-0.2611697,-0.7822714,-0.5176696,0.3876867,-0.394226,-0.5388485,0.3839198,-0.8908242,-1.08408,-0.3391124,24,24,24,24,24,24,24,24,24,24,24,24,24,24,24,24
298,2980,-521.1927,-518.4016,-534.0604,-537.9929,-531.6464,-520.6821,-474.8976,-155.3575,80.63786,154.33,-39.40842,-385.5381,-606.5693,-533.7599,-519.3787,-514.7626,24,24,24,24,24,24,24,24,24,24,24,24,24,24,24,24,298,2980,-559.3182,-542.1122,141.4221,-196.3673,-0.2642872,0.2454232,-0.6529684,-9.631868E-06,0.6471331,0.001376554,0.1313562,-0.134729,-1.023876,-0.2226422,-0.7227365,0.6781092,24,24,24,24,24,24,24,24,24,24,24,24,24,24,24,24
299,2990,-539.3472,-524.0851,-525.8139,-537.9929,-538.0431,-522.9034,-475.0252,-153.1006,78.40826,143.746,-54.24301,-400.0367,-613.7108,-536.3857,-523.5518,-510.0623,24,24,24,24,24,24,24,24,24,24,24,24,24,24,24,24,299,2990,-553.8098,-534.8737,143.3864,-192.6235,0.1296746,-1.472661,-0.1305712,0.3911213,-0.1294025,0.001376554,-0.6569641,-0.404142,0.3839198,0.5569034,-0.3613933,-1.356337,24,24,24,24,24,24,24,24,24,24,24,24,24,24,24,24
300,3000,-539.227,-528.6802,-511.1671,-518.5049,-536.3534,-546.5987,-488.5499,-150.2166,86.21182,147.9304,-52.93756,-380.243,-580.5028,-546.7695,-536.4287,-518.0168,24,24,24,24,24,24,24,24,24,24,24,24,24,24,24,24,300,3000,-553.0037,-551.8513,141.4221,-198.5619,-0.5269282,0.4908625,0.1306274,0.3911213,0.5177097,0.001376554,-0.6569641,0.67351,-0.5119498,-0.6680969,-4.976465E-05,0.3390353,24,24,24,24,24,24,24,24,24,24,24,24,24,24,24,24
301,3010,-517.1049,-539.6843,-508.9517,-501.2094,-533.2154,-577.3285,-512.4094,-166.2663,82.24811,145.4689,-53.64963,-379.7386,-603.1176,-606.4468,-585.5517,-554.8967,24,24,24,24,24,24,24,24,24,24,24,24,24,24,24,24,301,3010,-581.4865,-572.6455,142.9935,-195.2054,-0.001646247,-1.926374E-05,2.88956E-05,0.3911213,-0.3882478,-0.5137045,-0.2627798,-2.407967E-05,-0.5119964,1.225087,0.1203984,-0.2260888,24,24,24,24,24,24,24,24,24,24,24,24,24,24,24,24
302,3020,-583.471,-593.1328,-540.3376,-521.1846,-547.5777,-605.4666,-528.1031,-165.5139,87.94595,149.8995,-66.46671,-392.8504,-596.4521,-579.4727,-577.5632,-567.0695,24,24,24,24,24,24,24,24,24,24,24,24,24,24,24,24,302,3020,-555.019,-560.4058,143.3864,-197.5292,0.7862775,0.2454232,0.2612275,-0.2607636,0.1294427,0.3876867,1.284249E-05,0.1346824,0.895799,-0.6680969,-1.204528,-0.2260888,24,24,24,24,24,24,24,24,24,24,24,24,24,24,24,24
303,3030,-575.1753,-598.9371,-569.6312,-524.7167,-531.6464,-597.6916,-525.4238,-182.3159,75.80708,143.9921,-70.73908,-403.819,-582.4073,-523.3762,-541.1977,-576.8317,24,24,24,24,24,24,24,24,24,24,24,24,24,24,24,24,303,3030,-528.0141,-536.3214,141.684,-196.1091,-1.18353,-0.2454585,-1.175366,-0.3911405,1.926374E-05,0.001376554,0.2628023,0.67351,-1.023922,0.1114487,-0.1204461,-0.2260888,24,24,24,24,24,24,24,24,24,24,24,24,24,24,24,24
304,3040,-573.7326,-574.1477,-578.4931,-550.5383,-515.3531,-535.2447,-490.081,-177.5511,72.21497,146.8227,-70.26437,-428.0254,-616.3293,-518.0051,-543.2246,-610.4575,24,24,24,24,24,24,24,24,24,24,24,24,24,24,24,24,304,3040,-517.2659,-526.7139,142.9935,-197.7874,0.6549566,-0.7363403,0.2612275,-0.1303866,-0.1294025,-0.6424745,1.284249E-05,-2.407967E-05,-0.1280525,-0.1112786,-0.6022373,-0.6781413,24,24,24,24,24,24,24,24,24,24,24,24,24,24,24,24
305,3050,-566.9998,-558.6694,-597.5709,-586.8347,-554.2158,-557.459,-501.5642,-177.5511,69.61378,147.0688,-51.51345,-406.8448,-619.1859,-505.2343,-510.1978,-520.7888,24,24,24,24,24,24,24,24,24,24,24,24,24,24,24,24,305,3050,-489.1862,-488.942,143.3864,-194.4309,-1.446171,-0.3681782,0.7836231,1.043006,0.2588645,-0.2561635,-0.6569641,0.1346824,-0.1280525,0.3341761,-0.1204461,-0.2260407,24,24,24,24,24,24,24,24,24,24,24,24,24,24,24,24
306,3060,-517.1049,-515.2576,-526.0601,-542.4995,-541.0604,-523.7673,-477.5771,-159.7461,74.69228,146.3304,-47.24109,-404.9536,-632.9927,-547.247,-535.7131,-532.9615,24,24,24,24,24,24,24,24,24,24,24,24,24,24,24,24,306,3060,-522.64,-518.1592,144.172,-199.5947,0.2609947,0.1227036,-0.7835669,0.7822522,-0.647093,-0.7712445,-0.2627798,0.404097,-0.5119964,0.7796323,1.605311E-06,0.1130332,24,24,24,24,24,24,24,24,24,24,24,24,24,24,24,24
307,3070,-555.0972,-542.1027,-542.3071,-562.1093,-569.6643,-556.7185,-498.502,-164.0093,76.92188,146.9458,-50.68271,-395.2459,-616.5674,-555.2438,-539.6477,-517.7757,24,24,24,24,24,24,24,24,24,24,24,24,24,24,24,24,307,3070,-605.2668,-583.0426,143.3864,-197.7874,0.9175976,0.8590246,0.5224245,-0.7822714,0.3882879,-0.1273935,0.6569898,-0.2694371,-0.2560327,-0.4453695,0.1204497,-0.452091,24,24,24,24,24,24,24,24,24,24,24,24,24,24,24,24
308,3080,-551.2498,-539.4424,-524.4601,-527.0309,-549.8708,-573.1324,-511.6439,-163.5077,80.63786,144.1152,-61.48229,-390.2029,-587.2872,-554.647,-552.1669,-543.206,24,24,24,24,24,24,24,24,24,24,24,24,24,24,24,24,308,3080,-627.9725,-610.6805,139.1961,-201.4021,-1.05221,0.1227036,-0.1305712,-0.7822714,0.1294427,0.6452268,-0.1313819,-2.407967E-05,-0.3840145,-0.2226422,-0.4817896,0.6781574,24,24,24,24,24,24,24,24,24,24,24,24,24,24,24,24
309,3090,-543.3148,-546.9397,-526.4294,-508.2737,-511.0081,-536.2321,-497.226,-171.4071,76.30254,141.7769,-65.75465,-395.498,-579.4316,-521.1083,-524.8631,-537.0593,24,24,24,24,24,24,24,24,24,24,24,24,24,24,24,24,309,3090,-577.9932,-570.9346,142.4697,-199.5947,0.5235828,-1.472661,0.391826,-0.3911405,-0.647093,0.001376554,0.2628023,-0.8082646,0.2558914,-0.1112786,-0.9635809,-0.2260407,24,24,24,24,24,24,24,24,24,24,24,24,24,24,24,24
310,3100,-523.1164,-531.8242,-530.8604,-518.2614,-514.3875,-541.7858,-495.695,-173.0372,73.70136,141.0384,-73.46864,-411.1313,-597.2853,-544.2631,-554.0746,-573.5776,24,24,24,24,24,24,24,24,24,24,24,24,24,24,24,24,310,3100,-541.8524,-552.246,140.5055,-201.6602,-1.183584,-0.2454072,0.6530246,0.5214983,0.2588645,-0.7712445,-0.2627798,-2.407967E-05,-7.06337E-05,-1.002188,0.2408974,0.2260567,24,24,24,24,24,24,24,24,24,24,24,24,24,24,24,24
311,3110,-544.6373,-548.028,-554.369,-536.6531,-531.405,-566.962,-522.9995,-191.3438,68.49899,144.9767,-65.992,-408.3577,-610.259,-550.4696,-556.34,-568.1541,24,24,24,24,24,24,24,24,24,24,24,24,24,24,24,24,311,3110,-562.274,-559.6161,142.8626,-201.7894,-0.001699222,0.3681942,-0.1306226,0.2607443,-0.258826,-0.2561635,0.2628023,1.077631,-0.1280525,0.4455397,0.4817929,0.1130332,24,24,24,24,24,24,24,24,24,24,24,24,24,24,24,24
312,3120,-553.2937,-561.2087,-558.8,-533.3645,-516.8013,-544.1306,-499.14,-174.7925,73.94909,144.9767,-65.63597,-409.4923,-590.858,-502.8472,-511.1516,-536.5772,24,24,24,24,24,24,24,24,24,24,24,24,24,24,24,24,312,3120,-526.6705,-528.5563,143.1245,-201.9185,0.2609417,0.3681942,-0.2612211,-0.2607668,0.2588645,0.1301466,1.284249E-05,0.1346824,-0.3840145,-0.6680969,-1.084029,0.2260567,24,24,24,24,24,24,24,24,24,24,24,24,24,24,24,24
313,3130,-512.2958,-517.676,-541.5685,-534.8261,-515.715,-522.41,-486.2532,-171.6579,72.83435,142.8845,-63.38111,-405.584,-587.5253,-500.2214,-506.5016,-525.8507,24,24,24,24,24,24,24,24,24,24,24,24,24,24,24,24,313,3130,-544.8082,-558.8265,138.5413,-205.2749,-0.6583013,-0.2454072,-0.2612211,-0.1303898,0.3883393,0.001376554,0.525595,0.2693905,-1.151902,0.1114487,0.1204497,0.1130332,24,24,24,24,24,24,24,24,24,24,24,24,24,24,24,24
314,3140,-521.5534,-514.8948,-522.9831,-519.2357,-503.0424,-501.0595,-468.3904,-159.2445,75.06393,142.6383,-63.02508,-407.4751,-594.7858,-500.8181,-500.7785,-505.4824,24,24,24,24,24,24,24,24,24,24,24,24,24,24,24,24,314,3140,-569.126,-601.4679,138.5413,-202.0475,-0.1330193,-1.227167,0.2611761,0.1303641,-0.3881964,0.1301466,0.9197824,-0.9429727,-7.06337E-05,0.7796323,-0.4817896,-0.9041916,24,24,24,24,24,24,24,24,24,24,24,24,24,24,24,24
315,3150,-506.5248,-503.5279,-516.4597,-524.2296,-522.8358,-515.7457,-479.8737,-163.8838,75.68327,144.4844,-55.90448,-399.6585,-598.1185,-523.7342,-517.8285,-513.5574,24,24,24,24,24,24,24,24,24,24,24,24,24,24,24,24,315,3150,-567.5138,-590.6759,138.8032,-203.0803,-0.6583013,0.3681942,0.3917746,-0.1303898,0.9060297,-0.3849344,-0.1313819,-0.1347306,0.3838733,-0.1112786,-0.8431328,-0.1130171,24,24,24,24,24,24,24,24,24,24,24,24,24,24,24,24
316,3160,-526.8434,-521.1828,-524.8293,-534.0953,-549.5087,-563.1362,-500.2883,-161.7523,78.77991,141.6538,-58.51537,-403.693,-615.3771,-555.4825,-543.1054,-524.6455,24,24,24,24,24,24,24,24,24,24,24,24,24,24,24,24,316,3160,-568.7229,-591.992,140.7674,-202.9512,0.7862245,0.7363531,-0.5224197,0.1303641,7.06337E-05,-0.6424745,-0.1313819,0.2693408,-7.06337E-05,0.3341761,1.605311E-06,6.421245E-06,24,24,24,24,24,24,24,24,24,24,24,24,24,24,24,24
317,3170,-536.2213,-539.926,-518.6752,-527.3963,-552.7673,-579.9203,-521.3408,-173.4133,77.66512,148.4226,-49.85197,-383.0167,-593.4766,-550.4696,-538.6938,-520.5477,24,24,24,24,24,24,24,24,24,24,24,24,24,24,24,24,317,3170,-548.4357,-555.273,143.5173,-203.0803,0.5235828,0.2454746,0.5223731,-0.2607668,0.2589158,-0.2561635,-0.6569641,-0.4041933,-0.3839632,-0.4453695,-0.8431328,0.2260567,24,24,24,24,24,24,24,24,24,24,24,24,24,24,24,24
318,3180,-524.0782,-525.657,-509.5671,-503.8889,-523.0771,-554.7441,-513.3026,-173.4133,69.24224,125.4085,-59.10875,-388.4379,-588.0014,-544.1437,-542.39,-540.916,24,24,24,24,24,24,24,24,24,24,24,24,24,24,24,24,318,3180,-524.2522,-530.7937,140.6365,-201.7894,-0.920943,-0.613566,-0.3918212,-1.284249E-05,-0.2587746,0.2589166,0.2628023,0.4040473,-0.7679071,3.050092E-05,0.4817929,0.2260567,24,24,24,24,24,24,24,24,24,24,24,24,24,24,24,24
319,3190,-531.7728,-545.6095,-536.6453,-525.5693,-530.9222,-559.187,-519.1718,-184.9489,72.83435,145.9612,-49.37727,-377.9737,-578.0033,-539.8469,-536.7863,-531.7563,24,24,24,24,24,24,24,24,24,24,24,24,24,24,24,24,319,3190,-542.2555,-528.6879,140.1127,-207.4696,-0.1330193,-1.104448,-0.3918212,-0.2607668,-0.7764634,-0.2561635,1.284249E-05,-0.5388998,-0.2559814,0.3341231,-0.1204461,-0.6781413,24,24,24,24,24,24,24,24,24,24,24,24,24,24,24,24
320,3200,-527.3244,-546.3351,-533.6913,-517.5306,-522.7151,-559.4338,-515.982,-184.9489,71.5957,140.0539,-68.48421,-406.4666,-609.1878,-576.4887,-574.5825,-569.6004,24,24,24,24,24,24,24,24,24,24,24,24,24,24,24,24,320,3200,-550.9883,-555.4047,136.97,-203.2094,-0.7896221,-0.2454072,0.6529732,0.1303641,7.06337E-05,-0.2561635,-0.2627798,0.2693408,0.7678686,-0.2226968,0.1204497,-0.4520846,24,24,24,24,24,24,24,24,24,24,24,24,24,24,24,24
321,3210,-554.2556,-567.2549,-551.9073,-528.6143,-532.7325,-581.895,-529.7618,-188.4598,74.32074,144.8536,-71.21378,-405.0798,-594.9048,-572.0726,-581.6171,-587.9198,24,24,24,24,24,24,24,24,24,24,24,24,24,24,24,24,321,3210,-559.3181,-558.9581,137.3628,-207.4696,0.9175446,-0.2454072,-1.567214,0.2607411,-0.5176182,-0.5137045,-0.3941746,-0.1347803,-0.8958889,-0.2226968,-0.1204461,0.3390867,24,24,24,24,24,24,24,24,24,24,24,24,24,24,24,24
322,3220,-576.3776,-595.5681,-575.9084,-541.2815,-539.6119,-589.2997,-525.2961,-184.6982,77.04579,147.6842,-69.78965,-414.2833,-596.6902,-529.3438,-538.3363,-559.9586,24,24,24,24,24,24,24,24,24,24,24,24,24,24,24,24,322,3220,-563.8861,-550.0086,139.7198,-202.1766,0.2609417,3.210623E-05,1.436569,-0.5215207,0.3883393,0.9027677,0.9197824,-0.9430209,-1.926374E-05,-0.7795151,-0.2408938,0.1130396,24,24,24,24,24,24,24,24,24,24,24,24,24,24,24,24
323,3230,-526.4828,-539.2273,-549.0764,-528.8579,-509.9218,-525.7421,-491.3569,-173.7894,75.31167,146.0843,-67.89082,-419.7045,-604.4268,-518.6018,-529.7517,-561.7664,24,24,24,24,24,24,24,24,24,24,24,24,24,24,24,24,323,3230,-567.6479,-559.3528,139.196,-205.6622,-0.3956603,0.4909138,-0.5224197,-0.3911437,0.2589158,-0.1273935,-0.1313819,-7.223901E-05,-0.8958889,-0.4454241,1.605311E-06,0.565137,24,24,24,24,24,24,24,24,24,24,24,24,24,24,24,24
324,3240,-547.643,-548.8995,-560.6461,-551.7563,-531.767,-535.4917,-496.4605,-171.6579,75.68327,147.8073,-62.90641,-416.8047,-607.7595,-505.9503,-508.0518,-515.6063,24,24,24,24,24,24,24,24,24,24,24,24,24,24,24,24,324,3240,-529.7605,-523.6867,142.8625,-204.6295,0.2609417,-0.7362889,0.3917746,0.782249,-0.2587746,0.1301466,0.2628023,-0.5388998,-1.926374E-05,0.5568504,-0.6022373,-1.130236,24,24,24,24,24,24,24,24,24,24,24,24,24,24,24,24
325,3250,-514.0992,-515.6513,-515.9673,-511.8059,-502.1975,-494.7655,-467.7525,-155.2321,82.74362,148.6688,-49.85197,-384.1513,-565.3867,-491.031,-488.021,-481.9805,24,24,24,24,24,24,24,24,24,24,24,24,24,24,24,24,325,3250,-568.1854,-566.1965,138.8032,-206.0495,-1.183582,0.2454746,-0.3918212,-0.5215207,0.6471845,-0.3849344,-1.445339,-0.1347803,0.6398867,0.2227594,-0.361342,-0.5651113,24,24,24,24,24,24,24,24,24,24,24,24,24,24,24,24
326,3260,-484.0421,-487.36,-478.6733,-476.7276,-489.4043,-514.8818,-484.9773,-164.7615,76.92193,142.023,-62.4317,-396.8849,-582.5263,-535.1921,-530.7056,-532.841,24,24,24,24,24,24,24,24,24,24,24,24,24,24,24,24,326,3260,-583.2328,-576.8569,138.9341,-209.0188,1.048866,-0.2454553,-1.175417,0.2607411,7.06337E-05,0.001376554,1.284249E-05,-7.223901E-05,0.2559428,0.2227594,-0.361342,0.1130396,24,24,24,24,24,24,24,24,24,24,24,24,24,24,24,24
327,3270,-538.6259,-546.2397,-538.2452,-538.6019,-561.5778,-602.7516,-540.9899,-180.9365,77.41739,145.3459,-62.4317,-401.9279,-627.3986,-624.2305,-602.3632,-574.1802,24,24,24,24,24,24,24,24,24,24,24,24,24,24,24,24,327,3270,-590.0848,-575.4092,137.8866,-205.5331,-0.2643394,-0.4908946,0.3917746,-1.564536,0.7766063,-0.3849344,-0.1313819,0.9428748,-0.511945,-1.559062,-1.084029,-0.7911617,24,24,24,24,24,24,24,24,24,24,24,24,24,24,24,24
328,3280,-595.4939,-652.1506,-593.5092,-577.4561,-608.7682,-645.0823,-561.1492,-187.3313,74.4446,142.7614,-69.19627,-418.6959,-637.7538,-591.7661,-585.3132,-570.3235,24,24,24,24,24,24,24,24,24,24,24,24,24,24,24,24,328,3280,-564.6922,-563.696,138.9341,-207.4696,0.5235835,0.2454264,-1.175417,0.6519234,-0.1293512,0.001376554,0.6569898,-7.223901E-05,-0.511945,0.8909414,-0.6022373,1.017238,24,24,24,24,24,24,24,24,24,24,24,24,24,24,24,24
329,3290,-572.0493,-600.1624,-577.0161,-552.4871,-563.9917,-595.1001,-534.993,-182.9427,74.32069,143.6229,-70.38304,-417.0569,-615.9722,-553.8113,-558.3671,-569.8414,24,24,24,24,24,24,24,24,24,24,24,24,24,24,24,24,329,3290,-542.3896,-547.7712,138.6722,-206.5659,0.3922634,-1.472658,-2.247436E-05,3.852747E-05,0.3883393,-0.2561635,-0.6569641,-0.6736079,0.1279626,0.1113942,-0.4817896,-1.356286,24,24,24,24,24,24,24,24,24,24,24,24,24,24,24,24
330,3300,-555.4578,-561.3525,-552.3996,-530.5631,-527.0601,-552.0291,-511.7715,-173.9148,80.01852,146.4535,-72.51922,-411.3835,-597.4044,-552.4985,-558.4863,-564.4179,24,24,24,24,24,24,24,24,24,24,24,24,24,24,24,24,330,3300,-528.82,-541.0591,139.5889,-208.2442,-0.5269804,-0.2454553,1.17537,0.7823004,7.06337E-05,-0.5137045,0.3942003,0.4040473,0.3839247,0.6682141,1.605311E-06,-0.339061,24,24,24,24,24,24,24,24,24,24,24,24,24,24,24,24
331,3310,-557.9827,-564.6169,-555.969,-533.1209,-533.2153,-568.6898,-522.7443,-185.1997,72.4627,142.7614,-73.11259,-417.0569,-602.7605,-529.5825,-540.3633,-557.6687,24,24,24,24,24,24,24,24,24,24,24,24,24,24,24,24,331,3310,-543.8675,-549.0873,135.6605,-208.2442,-0.001698419,0.9817474,-0.5224197,3.852747E-05,0.2589158,-1.672636,-0.788362,0.8081683,0.5119065,-0.1113332,0.7226887,-0.1130107,24,24,24,24,24,24,24,24,24,24,24,24,24,24,24,24
332,3320,-540.4293,-548.1741,-551.538,-537.3839,-515.5943,-523.8909,-493.6535,-176.0464,73.94909,147.1919,-62.9064,-414.1572,-603.9507,-517.7664,-520.3325,-539.4697,24,24,24,24,24,24,24,24,24,24,24,24,24,24,24,24,332,3320,-552.7348,-550.7983,135.9223,-209.7933,0.1296225,-0.6136142,0.2611761,3.852747E-05,0.2589158,0.7739977,0.2628023,-0.5388998,-0.6399269,-1.002242,-0.2408938,0.3390867,24,24,24,24,24,24,24,24,24,24,24,24,24,24,24,24
333,3330,-534.1774,-534.2703,-555.8459,-560.5259,-545.4052,-536.7258,-504.6264,-184.322,65.52621,144.1152,-71.68847,-445.8019,-653.8222,-530.1792,-540.7209,-574.5418,24,24,24,24,24,24,24,24,24,24,24,24,24,24,24,24,333,3330,-564.1548,-578.8311,136.0533,-206.5659,-0.2643394,0.1227036,-0.6530198,-0.3910924,0.2589158,0.5164568,0.2628023,0.6734618,-0.1280027,0.5568504,0.9635841,-0.9041852,24,24,24,24,24,24,24,24,24,24,24,24,24,24,24,24
334,3340,-590.3241,-586.8631,-626.8644,-619.3552,-566.7675,-545.8584,-512.1542,-189.0867,67.0126,146.5766,-77.50363,-462.9482,-675.3657,-548.6791,-560.394,-605.8776,24,24,24,24,24,24,24,24,24,24,24,24,24,24,24,24,334,3340,-559.5868,-568.5656,136.4462,-210.697,0.5235835,-0.3681749,0.7835717,0.5215464,7.06337E-05,-1.028785,-1.182546,-1.212435,0.2559412,-0.5567878,-0.6022373,-1.017209,24,24,24,24,24,24,24,24,24,24,24,24,24,24,24,24
335,3350,-618.698,-596.2935,-606.6788,-606.079,-572.1987,-556.3484,-515.4716,-188.836,67.50806,143.869,-76.31686,-450.3406,-658.3451,-557.6307,-569.4554,-602.6235,24,24,24,24,24,24,24,24,24,24,24,24,24,24,24,24,335,3350,-550.0477,-571.7241,137.8866,-203.7258,-0.7896214,-0.9817763,0.5223731,0.6519234,0.3883393,-0.1273935,-0.6569641,0.4040473,0.8958472,-0.5567878,-0.1204975,-1.130236,24,24,24,24,24,24,24,24,24,24,24,24,24,24,24,24
336,3360,-593.45,-594.6008,-612.7099,-589.2706,-553.4915,-564.0001,-525.5513,-195.3561,66.39327,144.4844,-81.1826,-449.7103,-648.9421,-546.6501,-567.7862,-605.6365,24,24,24,24,24,24,24,24,24,24,24,24,24,24,24,24,336,3360,-542.3896,-553.1672,137.7556,-211.4716,-0.001698419,0.3681461,-0.6530198,0.1304155,-0.2587746,-1.028785,-0.788362,0.2693408,-0.2559845,0.1113942,-0.2409452,0.3390931,24,24,24,24,24,24,24,24,24,24,24,24,24,24,24,24
337,3370,-595.3736,-602.7014,-622.0641,-590.6104,-560.4916,-574.9838,-524.403,-190.0898,69.61378,147.315,-66.58537,-428.2776,-626.4465,-519.4373,-528.0825,-549.7141,24,24,24,24,24,24,24,24,24,24,24,24,24,24,24,24,337,3370,-544.6736,-544.7443,136.4462,-209.9224,0.5235835,-1.605311E-05,1.04477,-0.6518463,-0.2587746,0.5164568,0.525595,0.6734618,0.767867,-0.3340605,0.3612938,0.3390931,24,24,24,24,24,24,24,24,24,24,24,24,24,24,24,24
338,3380,-532.7346,-534.2703,-551.7842,-547.3715,-527.3015,-524.3846,-490.4637,-173.5387,72.0911,143.1306,-63.73713,-419.7044,-617.5196,-531.2534,-531.5401,-540.7954,24,24,24,24,24,24,24,24,24,24,24,24,24,24,24,24,338,3380,-554.4814,-576.4621,133.6963,-209.1478,-0.3956595,0.1227036,-1.044817,-0.5214694,0.2589158,-0.1273935,-0.3941746,-0.6736079,-1.407818,-0.3340605,0.1203984,0.4521167,24,24,24,24,24,24,24,24,24,24,24,24,24,24,24,24
339,3390,-538.0247,-531.8522,-539.1068,-542.8649,-538.8878,-539.9346,-504.3712,-179.6827,67.63193,140.6692,-65.992,-424.1171,-628.946,-530.6566,-530.1094,-546.8215,24,24,24,24,24,24,24,24,24,24,24,24,24,24,24,24,339,3390,-589.8162,-589.3598,135.9223,-209.5351,0.7862253,-0.4908946,0.130576,0.3911694,0.3883393,0.7739977,0.6569898,-0.6736079,0.3839214,3.050092E-05,-0.9636323,-0.2260311,24,24,24,24,24,24,24,24,24,24,24,24,24,24,24,24
340,3400,-544.517,-545.1516,-563.8464,-575.3854,-565.802,-550.6714,-502.5849,-167.5201,77.29347,147.315,-65.27993,-433.8248,-647.7519,-548.2017,-542.8671,-542.7238,24,24,24,24,24,24,24,24,24,24,24,24,24,24,24,24,340,3400,-579.7397,-570.6713,135.5295,-209.9224,-0.3956595,-0.2454553,-0.1306226,-0.6518463,-0.1293512,-0.2561635,-1.182546,-0.1347803,0.8958472,-0.6681514,-0.2409452,-0.6781285,24,24,24,24,24,24,24,24,24,24,24,24,24,24,24,24
341,3410,-556.9005,-547.4487,-553.1382,-566.1286,-571.7159,-566.8386,-510.368,-171.6579,73.94909,143.746,-66.4667,-434.3291,-652.7509,-556.0791,-555.1478,-550.6783,24,24,24,24,24,24,24,24,24,24,24,24,24,24,24,24,341,3410,-595.862,-601.4678,136.3152,-209.0188,-0.001646247,0.9817474,-0.3918212,0.3911694,-0.1293512,-0.7712445,1.284249E-05,0.4040473,-0.7679103,3.050092E-05,0.2408461,-0.7911552,24,24,24,24,24,24,24,24,24,24,24,24,24,24,24,24
342,3420,-564.8356,-557.6046,-554.246,-559.5515,-570.6297,-562.8892,-507.8161,-164.1346,79.39919,146.2074,-59.22742,-418.0655,-638.468,-562.4049,-555.3862,-539.9518,24,24,24,24,24,24,24,24,24,24,24,24,24,24,24,24,342,3420,-571.0068,-565.1437,136.839,-209.1478,-0.2642872,-0.2454553,0.7835717,-1.564485,-0.2587746,-0.2561635,0.1314076,-0.5388998,-0.2559845,-1.113606,-0.481841,1.926374E-05,24,24,24,24,24,24,24,24,24,24,24,24,24,24,24,24
343,3430,-570.4863,-559.7809,-550.4304,-563.9362,-585.2335,-581.6479,-520.7028,-167.0185,78.90373,146.4535,-57.8033,-407.223,-619.9001,-548.6791,-541.7939,-526.9354,24,24,24,24,24,24,24,24,24,24,24,24,24,24,24,24,343,3430,-595.1902,-581.2,136.4462,-208.3733,-0.3956073,0.6135853,-0.3917698,-0.3910924,0.3883393,0.5164568,-0.2627798,0.6734618,-0.2559845,3.050092E-05,0.1203984,-0.2260311,24,24,24,24,24,24,24,24,24,24,24,24,24,24,24,24
344,3440,-534.538,-531.006,-517.5674,-518.9921,-529.5946,-548.0797,-504.8815,-171.4071,76.05481,140.6692,-68.84023,-405.584,-590.382,-539.2501,-538.0978,-535.613,24,24,24,24,24,24,24,24,24,24,24,24,24,24,24,24,344,3440,-630.928,-616.2081,135.9223,-207.3405,-0.3956073,-1.227216,-0.2611697,0.2607379,-0.5176182,0.5164568,-0.5255693,-1.077727,0.1279594,0.4454868,-1.08408,-0.9041788,24,24,24,24,24,24,24,24,24,24,24,24,24,24,24,24
345,3450,-531.2919,-537.6556,-529.7526,-516.4343,-530.5601,-570.1706,-527.9755,-184.5728,73.94914,143.4998,-72.51921,-415.67,-614.9011,-565.9855,-563.7324,-566.8283,24,24,24,24,24,24,24,24,24,24,24,24,24,24,24,24,345,3450,-598.8177,-583.8322,139.9817,-208.3733,-0.6582483,-0.2454553,0.5224245,0.3911149,1.294297,-0.2561635,-0.5255693,0.5387554,0.3839214,-0.3340605,-0.481841,0.1130428,24,24,24,24,24,24,24,24,24,24,24,24,24,24,24,24
346,3460,-559.786,-559.9017,-553.7536,-542.0123,-547.0949,-580.7841,-536.1413,-190.8422,71.10023,141.6537,-70.5017,-416.6786,-631.3265,-596.1822,-586.6246,-569.7208,24,24,24,24,24,24,24,24,24,24,24,24,24,24,24,24,346,3460,-573.9625,-567.9075,137.2318,-204.6295,0.7862775,0.2454264,-0.3917698,0.1303609,-0.6470416,-1.028785,0.2628023,0.4040473,0.3839214,0.3341231,-0.2409452,0.3390931,24,24,24,24,24,24,24,24,24,24,24,24,24,24,24,24
347,3470,-589.0015,-590.4901,-554.7383,-546.2752,-569.5435,-619.9059,-552.2178,-188.4598,76.67419,147.0688,-65.04259,-403.5669,-615.9723,-598.5693,-595.8054,-584.6656,24,24,24,24,24,24,24,24,24,24,24,24,24,24,24,24,347,3470,-611.9844,-601.5994,140.6364,-209.0188,0.3923156,0.2454264,1.30602,0.1303609,-0.3881964,-0.5137045,-3.852747E-05,-0.1347803,-0.3839664,-0.5567878,-1.204528,0.3390931,24,24,24,24,24,24,24,24,24,24,24,24,24,24,24,24
348,3480,-585.034,-603.4268,-569.8774,-533.3644,-535.8705,-584.1163,-532.5688,-187.8329,73.08208,144.6074,-72.87524,-413.6528,-605.022,-548.5598,-554.1939,-569.8414,24,24,24,24,24,24,24,24,24,24,24,24,24,24,24,24,348,3480,-602.0422,-588.4385,137.7556,-202.693,-0.3956073,-1.605311E-05,-1.305964,-0.391147,0.2589158,-0.5137045,-3.852747E-05,0.1346856,-0.8958921,0.3341231,-4.976465E-05,1.926374E-05,24,24,24,24,24,24,24,24,24,24,24,24,24,24,24,24
349,3490,-551.4902,-561.7153,-561.2617,-536.4095,-525.0083,-554.6206,-512.7921,-184.0713,71.96729,142.2691,-82.72541,-440.885,-618.5907,-521.5857,-530.8247,-559.1149,24,24,24,24,24,24,24,24,24,24,24,24,24,24,24,24,349,3490,-578.9336,-576.5937,138.0175,-208.7606,0.1296746,-0.4908946,0.2612275,0.5214918,0.2589158,0.3876867,-0.7884133,-0.6735566,-0.383968,0.4454868,-1.204528,-0.9041788,24,24,24,24,24,24,24,24,24,24,24,24,24,24,24,24
350,3500,-539.9483,-540.3154,-552.892,-555.8975,-538.5258,-536.2321,-499.1399,-176.9242,69.86157,142.0229,-69.67098,-428.1514,-622.6376,-527.0761,-532.8516,-557.9097,24,24,24,24,24,24,24,24,24,24,24,24,24,24,24,24,350,3500,-610.7751,-601.3362,142.2078,-202.8221,-0.9208893,0.4908657,-0.1305712,-1.605311E-05,0.9060297,-0.2561635,-0.6570154,0.2693921,0.8958456,-0.2226422,0.7226374,-0.5651049,24,24,24,24,24,24,24,24,24,24,24,24,24,24,24,24
351,3510,-551.0093,-559.6599,-577.1393,-573.0712,-551.8019,-540.9218,-503.7332,-177.4257,70.97636,143.2536,-73.82467,-438.8678,-640.7293,-540.8019,-540.7209,-547.5447,24,24,24,24,24,24,24,24,24,24,24,24,24,24,24,24,351,3510,-596.2651,-601.4678,141.4221,-207.5987,-0.1329663,0.3681461,-0.5223683,0.3911149,-0.3881964,-1.028785,-0.2628312,0.6735132,-0.5119498,-0.2226422,-0.481841,0.7911938,24,24,24,24,24,24,24,24,24,24,24,24,24,24,24,24
352,3520,-548.8452,-545.0307,-557.9384,-563.0836,-554.9399,-547.5861,-505.5194,-175.2941,70.85249,143.2536,-68.36554,-436.3463,-649.6561,-559.0631,-556.5786,-581.291,24,24,24,24,24,24,24,24,24,24,24,24,24,24,24,24,352,3520,-584.3077,-580.4103,141.553,-205.1459,-0.3956073,0.1227036,0.9142232,-1.694917,0.2589158,0.2589166,0.5255436,0.5388067,-0.1280059,-0.5567332,-0.1204975,-0.452136,24,24,24,24,24,24,24,24,24,24,24,24,24,24,24,24
353,3530,-585.6351,-573.4429,-587.9705,-594.1425,-573.4056,-563.0126,-519.1717,-186.0775,69.24224,145.4689,-72.16319,-449.0799,-661.3206,-548.0825,-554.7902,-581.4115,24,24,24,24,24,24,24,24,24,24,24,24,24,24,24,24,353,3530,-561.1991,-564.8804,138.8032,-207.2114,0.6549566,-0.2454553,-0.1305712,-0.26077,7.06337E-05,0.001376554,0.3941489,-0.808263,-0.6399317,0.4455397,-0.8431842,-3.852747E-05,24,24,24,24,24,24,24,24,24,24,24,24,24,24,24,24
354,3540,-572.0493,-570.1783,-590.6782,-587.9308,-558.1985,-544.7476,-509.092,-189.3376,61.56255,139.6846,-76.07953,-455.3836,-673.3421,-555.8405,-565.6401,-593.1022,24,24,24,24,24,24,24,24,24,24,24,24,24,24,24,24,354,3540,-551.9288,-563.038,136.708,-205.5331,0.2609947,-1.104496,0.5224245,1.303757,-0.1293512,0.5164568,-0.394226,-0.404142,0.5119017,0.1114487,-0.8431842,-0.6781862,24,24,24,24,24,24,24,24,24,24,24,24,24,24,24,24
355,3550,-575.6563,-566.5513,-601.5095,-599.2582,-569.7849,-555.1143,-518.151,-187.8329,67.26038,145.715,-72.16319,-447.9452,-653.9411,-533.5212,-538.5748,-560.9227,24,24,24,24,24,24,24,24,24,24,24,24,24,24,24,24,355,3550,-560.5273,-572.3822,137.3628,-205.5331,0.2609947,0.1227036,0.2612275,-0.130393,-0.1293512,-1.286325,-1.051203,-0.2694355,-0.7679119,-0.5567332,0.2408461,0.2260118,24,24,24,24,24,24,24,24,24,24,24,24,24,24,24,24
356,3560,-553.8949,-551.3176,-569.8773,-575.7509,-551.1984,-526.9761,-498.3743,-183.319,64.41147,138.0847,-70.38305,-441.3893,-654.0601,-555.4825,-551.8094,-563.4537,24,24,24,24,24,24,24,24,24,24,24,24,24,24,24,24,356,3560,-555.5563,-567.2495,141.0293,-200.8857,-0.001646247,1.227187,0.1306274,0.2607379,-0.1293512,0.2589166,0.5255436,-0.5388485,-0.383968,0.2228124,1.083981,0.3390353,24,24,24,24,24,24,24,24,24,24,24,24,24,24,24,24
357,3570,-572.0493,-575.619,-585.8781,-583.546,-571.9573,-563.6298,-516.7474,-181.062,67.38425,139.0693,-68.36554,-430.0425,-638.4678,-543.7858,-542.9863,-549.8347,24,24,24,24,24,24,24,24,24,24,24,24,24,24,24,24,357,3570,-559.7212,-574.6196,142.8626,-204.3713,1.048918,-0.2454553,-1.305964,-0.9126548,0.5177611,0.2589166,-0.2628312,-2.086905E-05,-1.151857,-0.8908242,-0.3613933,0.5650856,24,24,24,24,24,24,24,24,24,24,24,24,24,24,24,24
358,3580,-554.1353,-551.9221,-563.4771,-564.9106,-560.2502,-546.5987,-501.1813,-171.5325,71.71956,142.8844,-66.70407,-438.1114,-658.821,-565.8663,-557.0555,-560.4406,24,24,24,24,24,24,24,24,24,24,24,24,24,24,24,24,358,3580,-570.2007,-590.4127,145.3505,-203.4676,-0.2642872,0.3681461,-0.3917698,0.1303609,0.129494,-0.1273935,0.6569384,0.2693921,0.1279578,0.3341761,0.3612938,0.6781092,24,24,24,24,24,24,24,24,24,24,24,24,24,24,24,24
359,3590,-600.0626,-576.1027,-576.5237,-601.0852,-610.9407,-601.0237,-532.9516,-179.1812,70.72863,138.9462,-72.40055,-445.4237,-669.8904,-584.3662,-571.4824,-555.8608,24,24,24,24,24,24,24,24,24,24,24,24,24,24,24,24,359,3590,-530.8354,-548.6926,137.1009,-206.0495,-0.001646247,-1.349935,-0.5223715,0.5214918,-0.5176182,0.001376554,-1.313995,-0.6735566,-0.383968,0.3341761,-0.9636323,-0.791213,24,24,24,24,24,24,24,24,24,24,24,24,24,24,24,24
360,3600,-573.0112,-565.4632,-555.7228,-561.8657,-568.8193,-573.009,-522.4891,-172.7863,75.93099,143.6228,-70.14569,-437.9853,-665.0104,-592.363,-576.4901,-564.0563,24,24,24,24,24,24,24,24,24,24,24,24,24,24,24,24,360,3600,-541.0462,-555.9311,137.4938,-207.3405,-0.7895692,-0.1227357,0.2612243,0.1303641,0.3883393,0.1301466,0.3941489,0.2693921,-0.2559878,-0.5567332,-0.6022887,0.791136,24,24,24,24,24,24,24,24,24,24,24,24,24,24,24,24
361,3610,-613.1675,-586.7421,-584.278,-616.6755,-630.6135,-600.2833,-529.5067,-174.5418,72.0911,141.4076,-70.14569,-443.7847,-677.746,-588.663,-574.8209,-556.9454,24,24,24,24,24,24,24,24,24,24,24,24,24,24,24,24,361,3610,-545.8829,-534.742,135.5296,-200.6275,0.2609947,0.1227036,-0.65297,0.1303641,-1.294205,-0.7712445,0.262751,0.2693921,-2.407967E-05,0.6682686,1.083981,1.13021,24,24,24,24,24,24,24,24,24,24,24,24,24,24,24,24
362,3620,-571.5685,-556.3954,-543.4146,-559.6733,-581.7333,-579.3031,-523.7651,-175.7956,73.45363,143.1306,-58.63405,-415.1657,-645.3713,-594.5114,-580.6631,-560.5611,24,24,24,24,24,24,24,24,24,24,24,24,24,24,24,24,362,3620,-577.8588,-578.8311,140.3746,-202.3057,0.1296746,0.3681461,0.9142216,-1.303782,1.0354,0.1301466,-0.1314333,0.4040986,-0.5119498,-0.4453695,-0.1204975,-3.852747E-05,24,24,24,24,24,24,24,24,24,24,24,24,24,24,24,24
363,3630,-589.4825,-581.906,-556.7075,-552.8525,-569.7849,-596.334,-536.9069,-178.9303,75.68321,142.023,-66.70406,-411.5096,-625.9702,-586.6339,-578.6362,-559.838,24,24,24,24,24,24,24,24,24,24,24,24,24,24,24,24,363,3630,-548.4356,-543.5598,144.172,-194.3017,-0.3956073,-1.605311E-05,-1.567164,-0.6518977,-0.1294025,-0.1273935,1.051126,-0.134729,-0.383968,0.4455397,-0.3613933,0.5650856,24,24,24,24,24,24,24,24,24,24,24,24,24,24,24,24
364,3640,-587.7993,-587.7093,-561.3846,-549.8075,-577.0264,-630.2726,-556.9388,-185.952,76.55027,142.2691,-73.23128,-419.3261,-639.301,-615.6371,-602.7208,-578.3984,24,24,24,24,24,24,24,24,24,24,24,24,24,24,24,24,364,3640,-559.7212,-552.6409,146.1362,-197.7873,0.9175976,-0.1227357,-0.2611729,0.391118,-0.647093,-0.5137045,-0.9198081,0.1346824,-0.1280059,-0.4453695,-1.445424,-0.6781862,24,24,24,24,24,24,24,24,24,24,24,24,24,24,24,24
365,3650,-595.013,-603.5475,-571.7236,-562.7183,-595.2509,-643.4777,-560.8941,-190.8421,72.95817,140.0539,-72.04451,-423.2345,-641.5625,-592.8404,-579.7093,-561.1638,24,24,24,24,24,24,24,24,24,24,24,24,24,24,24,24,365,3650,-570.6038,-552.6409,143.1245,-198.5619,-0.9208893,-0.4908946,-0.2611729,-0.7822747,0.2588645,-1.157555,0.5255436,0.5388035,0.1279594,0.1114487,-0.1204975,-0.1130621,24,24,24,24,24,24,24,24,24,24,24,24,24,24,24,24
366,3660,-571.8089,-574.1682,-548.3379,-539.8199,-558.4399,-589.1761,-538.3104,-186.0774,74.69228,145.0997,-63.14376,-416.1743,-639.6581,-581.0242,-569.694,-552.4861,24,24,24,24,24,24,24,24,24,24,24,24,24,24,24,24,366,3660,-599.3552,-575.0144,139.9817,-198.3037,0.1296746,0.6135853,2.568498E-05,0.651872,-1.164783,-0.1273935,0.6569384,-2.407967E-05,-2.247436E-05,-0.4454209,-0.1204975,0.791136,24,24,24,24,24,24,24,24,24,24,24,24,24,24,24,24
367,3670,-558.3433,-561.4734,-544.7685,-551.7563,-583.061,-613.365,-558.0871,-196.2338,64.90688,138.0847,-63.14376,-411.5095,-656.2025,-629.6014,-606.4169,-581.4115,24,24,24,24,24,24,24,24,24,24,24,24,24,24,24,24,367,3670,-568.5885,-555.7995,143.9101,-192.3653,-0.2642872,-0.1227357,2.568498E-05,-1.564536,1.926374E-05,1.031538,-3.852747E-05,0.5388035,-0.6399285,-0.2226936,-1.08408,-0.452136,24,24,24,24,24,24,24,24,24,24,24,24,24,24,24,24
368,3680,-611.2438,-602.3386,-574.8006,-575.8726,-606.2338,-617.561,-550.5592,-191.5945,74.56842,144.3613,-60.17684,-411.2574,-644.5381,-612.7725,-597.9515,-564.4179,24,24,24,24,24,24,24,24,24,24,24,24,24,24,24,24,368,3680,-577.7244,-568.1708,147.1838,-196.8837,0.5236357,-0.3681749,-0.5223715,0.391118,0.6471331,-0.6424745,-0.1314333,-0.8082646,0.1279594,-0.3340573,-0.9636323,-0.2260375,24,24,24,24,24,24,24,24,24,24,24,24,24,24,24,24
369,3690,-559.3051,-580.3342,-549.9379,-535.4351,-552.4053,-585.3503,-534.7379,-184.5728,74.44456,141.5307,-71.45113,-411.3834,-614.1868,-574.4597,-572.0785,-572.3724,24,24,24,24,24,24,24,24,24,24,24,24,24,24,24,24,369,3690,-537.2844,-536.058,145.0887,-190.5579,-0.1329663,-0.7363371,1.17542,0.782249,-0.5176696,0.5164568,-1.182598,-0.9429727,0.767867,0.1113974,-4.976465E-05,-1.469309,24,24,24,24,24,24,24,24,24,24,24,24,24,24,24,24
370,3700,-577.2192,-585.1703,-570.3696,-550.9037,-569.4229,-620.5229,-556.4284,-193.726,74.81615,142.7614,-75.60481,-416.6786,-625.6132,-608.3563,-605.5823,-607.0829,24,24,24,24,24,24,24,24,24,24,24,24,24,24,24,24,370,3700,-523.3116,-529.2144,145.8743,-197.6582,-0.7895692,0.1227036,-0.2611729,-0.1303898,1.926374E-05,-1.415095,0.262751,-2.407967E-05,-0.1280027,-0.4454209,0.1203984,0.3390867,24,24,24,24,24,24,24,24,24,24,24,24,24,24,24,24
371,3710,-595.6141,-610.8018,-588.9551,-554.6794,-552.2847,-597.815,-545.7107,-197.4877,72.21497,144.9767,-71.68848,-424.7473,-630.0171,-583.1726,-590.4401,-609.2523,24,24,24,24,24,24,24,24,24,24,24,24,24,24,24,24,371,3710,-513.2352,-512.3683,144.4339,-191.5907,0.3923156,0.8590246,0.1306258,-1.284249E-05,-0.1294025,0.001376554,0.262751,-0.2694371,1.279791,1.002308,0.7226374,-0.1130107,24,24,24,24,24,24,24,24,24,24,24,24,24,24,24,24
372,3720,-588.4005,-599.0742,-595.3553,-571.4878,-559.4055,-593.2487,-541.5002,-192.9737,71.96724,145.2228,-78.09702,-434.0769,-632.9927,-564.3146,-570.8862,-585.5093,24,24,24,24,24,24,24,24,24,24,24,24,24,24,24,24,372,3720,-498.8595,-498.2862,141.684,-195.7218,-0.001646247,-1.605311E-05,-0.2611729,-0.9126516,0.3882879,0.001376554,-1.182598,0.9429246,-0.5119466,-0.5567846,-0.9636323,1.284249E-05,24,24,24,24,24,24,24,24,24,24,24,24,24,24,24,24
373,3730,-567.12,-574.41,-572.5852,-552.8524,-535.1464,-551.6586,-519.0442,-187.5821,72.95817,146.3304,-74.41805,-433.3205,-628.2318,-549.8727,-560.8708,-585.6299,24,24,24,24,24,24,24,24,24,24,24,24,24,24,24,24,373,3730,-541.8523,-539.2166,147.7076,-192.1071,0.2609425,-0.1227357,-0.7835685,-1.284249E-05,1.926374E-05,0.3876867,0.5255436,-0.5388517,0.3839214,0.8909446,-4.976465E-05,-0.5651113,24,24,24,24,24,24,24,24,24,24,24,24,24,24,24,24
374,3740,-565.9177,-564.4959,-570.0005,-557.359,-537.6809,-554.9908,-516.1096,-189.839,69.86152,144.2382,-72.75657,-434.4551,-631.6835,-546.1727,-556.6978,-588.4019,24,24,24,24,24,24,24,24,24,24,24,24,24,24,24,24,374,3740,-522.9086,-519.3436,144.172,-192.2362,-0.001698419,-1.595381,0.2612243,1.043003,-0.5176696,1.031538,-0.6570154,-0.2694371,-2.247436E-05,-0.5567846,-0.7227365,-0.339061,24,24,24,24,24,24,24,24,24,24,24,24,24,24,24,24
375,3750,-572.891,-572.9591,-588.832,-567.8338,-539.2499,-551.9056,-517.2578,-188.4598,72.58657,147.315,-73.94334,-437.3548,-635.6113,-550.2308,-563.4939,-597.8026,24,24,24,24,24,24,24,24,24,24,24,24,24,24,24,24,375,3750,-526.1331,-516.7114,146.5291,-197.9165,-0.001698419,0.1227036,-0.1306226,-0.2607668,0.9059783,-0.2561635,0.1313562,0.8082181,0.3839214,0.4454883,0.3612938,0.4521135,24,24,24,24,24,24,24,24,24,24,24,24,24,24,24,24
376,3760,-572.1696,-571.871,-598.6786,-574.5328,-543.4741,-561.6552,-516.4923,-187.3313,71.47177,147.4381,-74.77407,-445.2975,-643.2288,-526.8373,-542.0324,-584.5452,24,24,24,24,24,24,24,24,24,24,24,24,24,24,24,24,376,3760,-523.7147,-513.2896,142.8626,-195.7218,0.2609425,0.6135821,-2.247436E-05,0.2607443,-0.7765148,0.001376554,0.5255436,0.5388035,-0.2559845,0.4454883,0.7226374,-0.4520846,24,24,24,24,24,24,24,24,24,24,24,24,24,24,24,24
377,3770,-560.6276,-571.1456,-596.34,-590.6104,-559.7675,-553.0163,-507.4333,-183.3189,70.23312,145.4689,-72.40054,-451.8535,-661.0826,-542.1146,-548.3516,-580.0859,24,24,24,24,24,24,24,24,24,24,24,24,24,24,24,24,377,3770,-512.5635,-520.1333,143.1245,-198.8201,1.180186,0.7363017,-2.247436E-05,-1.303779,0.9060297,0.7739977,0.3941489,0.404097,-0.7679103,-0.7795119,-0.1204975,0.2260632,24,24,24,24,24,24,24,24,24,24,24,24,24,24,24,24
378,3780,-571.0875,-571.871,-594.74,-599.0146,-568.3365,-551.0417,-511.899,-186.4536,65.8978,143.4998,-79.52114,-460.8048,-667.7479,-536.9824,-553.1208,-573.8187,24,24,24,24,24,24,24,24,24,24,24,24,24,24,24,24,378,3780,-526.9392,-535.0052,143.1245,-196.8837,0.2609425,-1.349938,-0.3918212,-0.3911405,-0.2587746,-0.2561635,0.6569384,-0.4041452,0.3839214,0.1113974,-0.8431842,-0.7911617,24,24,24,24,24,24,24,24,24,24,24,24,24,24,24,24
379,3790,-564.475,-554.9446,-580.5855,-582.4498,-552.8881,-530.4318,-495.3122,-173.5387,73.70136,148.7918,-62.31302,-432.8162,-643.2288,-531.2534,-534.044,-548.991,24,24,24,24,24,24,24,24,24,24,24,24,24,24,24,24,379,3790,-534.7317,-539.7431,145.0887,-197.9165,-0.7896214,-0.2454585,0.5223731,0.5214983,0.129494,-0.3849336,-1.182546,0.2693905,0.2559412,-0.2226936,-0.8431842,-0.1130107,24,24,24,24,24,24,24,24,24,24,24,24,24,24,24,24
380,3800,-563.1525,-552.2847,-565.5695,-580.6228,-562.4227,-535.6151,-493.6535,-168.147,73.32977,142.6383,-68.72156,-438.8678,-648.704,-542.592,-537.9786,-546.9421,24,24,24,24,24,24,24,24,24,24,24,24,24,24,24,24,380,3800,-548.3013,-558.5632,145.0887,-196.8837,-0.5269804,0.1227036,-0.2612211,-0.3911405,0.5177611,-0.6424745,0.9197824,-0.2694355,-1.023872,0.3341247,-0.1204975,-0.1130107,24,24,24,24,24,24,24,24,24,24,24,24,24,24,24,24
381,3810,-564.3547,-547.2068,-549.938,-564.1798,-561.4571,-543.7603,-494.2914,-157.8652,82.24811,151.1301,-56.61653,-415.1657,-627.3985,-552.2598,-547.6363,-536.6978,24,24,24,24,24,24,24,24,24,24,24,24,24,24,24,24,381,3810,-541.9867,-554.8782,144.303,-201.4021,0.7862253,0.1227036,0.2611761,-9.631868E-06,-0.5176182,0.6452268,0.3942003,-2.086905E-05,-0.2559814,-0.3340573,0.1203984,-0.339061,24,24,24,24,24,24,24,24,24,24,24,24,24,24,24,24
382,3820,-567.4807,-558.5717,-561.0155,-580.8664,-600.0785,-597.3215,-530.6549,-175.6703,73.57749,145.715,-58.63404,-433.6988,-672.39,-566.463,-550.7363,-559.597,24,24,24,24,24,24,24,24,24,24,24,24,24,24,24,24,382,3820,-541.0462,-556.5891,142.3388,-196.7546,-0.6583005,0.6135821,0.3917746,-1.173402,1.294297,1.160308,-0.5255693,1.212341,0.2559428,-0.6680969,-0.6022887,1.284249E-05,24,24,24,24,24,24,24,24,24,24,24,24,24,24,24,24
383,3830,-585.8756,-565.8259,-570.3698,-597.9183,-604.0613,-577.0818,-506.1574,-160.8746,82.00037,151.9916,-52.58153,-414.5354,-637.7537,-555.2437,-544.0593,-520.5477,24,24,24,24,24,24,24,24,24,24,24,24,24,24,24,24,383,3830,-557.706,-584.6218,141.684,-205.4041,0.5235835,-0.4908978,-2.247436E-05,-9.631868E-06,-0.6470416,-0.7712445,-0.1313819,-0.404142,0.2559428,0.4455397,-0.361342,-0.5651113,24,24,24,24,24,24,24,24,24,24,24,24,24,24,24,24
384,3840,-563.5131,-551.1966,-534.1835,-541.525,-563.871,-576.0945,-517.1302,-165.0123,82.49584,150.2686,-54.83638,-399.0282,-612.6395,-572.5501,-561.7054,-547.0627,24,24,24,24,24,24,24,24,24,24,24,24,24,24,24,24,384,3840,-533.5225,-533.6891,139.9817,-198.1747,-0.3956595,-0.1227389,0.9141718,0.7822522,0.9060297,0.6452268,-0.2627798,0.2693921,0.2559428,-0.1112786,-0.2408938,-0.5651178,24,24,24,24,24,24,24,24,24,24,24,24,24,24,24,24
385,3850,-547.162,-555.9119,-537.2606,-533.4863,-553.0087,-583.2524,-525.6788,-170.1532,83.11517,148.4226,-59.10875,-407.4752,-622.5186,-577.3243,-559.2015,-531.3947,24,24,24,24,24,24,24,24,24,24,24,24,24,24,24,24,385,3850,-536.7469,-535.4,140.3746,-203.7258,-0.6583005,-0.1227389,-0.5224197,0.1303673,0.129494,-1.415095,-0.3941746,1.077633,0.2559428,8.50815E-05,0.2408974,0.1130332,24,24,24,24,24,24,24,24,24,24,24,24,24,24,24,24
386,3860,-564.475,-558.9344,-529.7526,-534.4606,-575.4574,-611.514,-530.7825,-160.8746,89.9278,152.2377,-50.20799,-392.094,-619.7809,-592.3629,-572.6746,-538.9877,24,24,24,24,24,24,24,24,24,24,24,24,24,24,24,24,386,3860,-559.8555,-544.481,142.6007,-202.0476,0.1296225,0.9817442,0.9141718,0.5214983,-0.5176182,0.1301466,-0.2627798,-0.808263,0.2559428,-0.2226422,-0.1204461,0.1130332,24,24,24,24,24,24,24,24,24,24,24,24,24,24,24,24
387,3870,-570.7269,-579.6088,-534.5529,-522.2807,-552.6467,-593.002,-528.4858,-170.0278,87.07888,150.7609,-60.17684,-396.8849,-606.0931,-590.8113,-578.9938,-551.522,24,24,24,24,24,24,24,24,24,24,24,24,24,24,24,24,387,3870,-563.6174,-552.7724,137.3628,-205.9205,0.2609425,0.1227036,-0.7836183,-1.303779,0.6471845,0.001376554,-0.3941746,1.077633,-0.2559814,-0.8908242,-0.8431328,0.2260567,24,24,24,24,24,24,24,24,24,24,24,24,24,24,24,24
388,3880,-568.202,-581.6641,-550.4304,-532.1465,-559.2847,-598.9258,-530.017,-171.5325,85.59248,150.6378,-65.16125,-408.9881,-611.0922,-563.0017,-558.4862,-557.9097,24,24,24,24,24,24,24,24,24,24,24,24,24,24,24,24,388,3880,-587.5322,-575.9356,140.6364,-201.4021,0.3922634,-0.4908978,-0.2612211,0.2607443,0.3883393,-0.7712445,0.1314076,-0.5388485,-0.3839632,0.1114487,1.605311E-06,6.421245E-06,24,24,24,24,24,24,24,24,24,24,24,24,24,24,24,24
389,3890,-546.08,-551.6802,-539.7224,-530.8067,-525.0082,-542.5262,-499.9055,-171.4071,82.12424,152.1147,-61.83831,-404.4494,-590.7389,-524.2115,-533.2093,-550.5579,24,24,24,24,24,24,24,24,24,24,24,24,24,24,24,24,389,3890,-571.8129,-557.5104,139.4579,-202.9512,-0.7896221,-0.6136174,-0.1306226,0.3911213,-0.3881964,0.2589166,-1.051151,-0.404142,-0.3839632,0.5569034,-0.7226851,-0.9041916,24,24,24,24,24,24,24,24,24,24,24,24,24,24,24,24
390,3900,-526.1221,-537.6555,-549.4457,-521.3063,-508.9563,-529.0742,-496.8433,-176.548,77.78894,153.2223,-58.99007,-410.501,-597.9995,-496.402,-514.3709,-547.0627,24,24,24,24,24,24,24,24,24,24,24,24,24,24,24,24,390,3900,-568.9915,-560.1425,139.4579,-204.3713,0.2609417,0.4908625,-0.2612211,-0.2607636,7.06337E-05,-0.9000146,-0.6569641,-0.2694355,0.6398867,-0.2226422,0.3613451,-0.452091,24,24,24,24,24,24,24,24,24,24,24,24,24,24,24,24
391,3910,-521.0725,-520.6082,-547.2303,-538.2365,-512.9391,-511.6729,-475.2804,-159.1191,84.72543,153.4685,-51.75079,-400.7932,-589.7867,-499.3858,-497.5594,-502.4693,24,24,24,24,24,24,24,24,24,24,24,24,24,24,24,24,391,3910,-563.7518,-558.8264,140.7674,-203.8549,0.2609417,0.1227036,0.2611777,-0.7822714,0.2589158,0.2589166,0.525595,-0.404142,0.1279626,-0.5567332,-0.361342,0.9042076,24,24,24,24,24,24,24,24,24,24,24,24,24,24,24,24
392,3920,-502.5573,-500.7801,-500.9514,-502.1838,-502.3183,-506.1194,-473.3665,-154.7306,83.61063,152.8531,-46.6477,-385.7903,-579.0745,-507.9793,-503.044,-499.9384,24,24,24,24,24,24,24,24,24,24,24,24,24,24,24,24,392,3920,-541.0462,-536.5844,141.2912,-204.6295,-0.5269812,0.2454232,-0.1306194,-0.3910924,0.3883393,-0.1273935,-0.6569641,0.8082197,-1.926374E-05,-0.6680969,0.2408974,-0.3390674,24,24,24,24,24,24,24,24,24,24,24,24,24,24,24,24
393,3930,-516.2634,-507.188,-507.844,-528.3707,-545.7673,-544.6241,-497.6089,-163.5077,78.53214,149.0379,-48.54652,-401.2975,-623.8278,-543.547,-527.8439,-515.3652,24,24,24,24,24,24,24,24,24,24,24,24,24,24,24,24,393,3930,-563.6174,-566.8546,138.0175,-206.3077,0.3922626,-0.7363403,-0.1306194,3.852747E-05,-0.3881964,-0.6424745,0.2628023,-0.9429695,-1.926374E-05,0.6682686,-0.4817896,-0.452091,24,24,24,24,24,24,24,24,24,24,24,24,24,24,24,24
394,3940,-536.7021,-525.6861,-517.5675,-528.7361,-539.7327,-539.4408,-494.5467,-164.1346,80.63786,152.4839,-43.20607,-388.69,-598.4755,-522.6599,-514.0132,-503.072,24,24,24,24,24,24,24,24,24,24,24,24,24,24,24,24,394,3940,-593.7124,-588.4385,138.2794,-208.3733,-0.5269812,-0.4908978,-0.391818,0.1304155,0.129494,0.001376554,-0.1313819,0.4040986,0.1279626,-0.1112786,-0.7226851,-0.9041916,24,24,24,24,24,24,24,24,24,24,24,24,24,24,24,24
395,3950,-512.0554,-509.4851,-500.8283,-506.4467,-513.5426,-520.8055,-485.7429,-158.9937,79.39919,145.9612,-53.88697,-386.0424,-577.0511,-525.5244,-522.5978,-507.0492,24,24,24,24,24,24,24,24,24,24,24,24,24,24,24,24,395,3950,-623.9418,-606.9954,136.0533,-203.7258,0.7862245,-1.926374E-05,0.1305776,-0.2607154,-0.5176182,-1.028785,-0.394226,0.2693921,-0.2559814,1.781905,0.2408974,6.421245E-06,24,24,24,24,24,24,24,24,24,24,24,24,24,24,24,24
396,3960,-516.3835,-519.2782,-505.6285,-497.0682,-509.9218,-533.0234,-490.2086,-159.8715,84.84929,150.6379,-56.26051,-386.6727,-568.3622,-513.1116,-513.2978,-513.7985,24,24,24,24,24,24,24,24,24,24,24,24,24,24,24,24,396,3960,-585.7856,-581.8581,139.7198,-207.8569,-0.3956603,0.3681428,0.1305776,-0.2607154,-0.3881964,0.001376554,-0.1314333,-0.9430209,1.023831,-0.4453695,-0.8431328,0.9042076,24,24,24,24,24,24,24,24,24,24,24,24,24,24,24,24
397,3970,-505.2023,-518.9155,-515.5981,-492.1962,-481.3179,-505.3789,-481.6599,-170.6548,73.70136,140.9153,-65.39862,-400.6671,-575.5038,-506.5471,-509.9593,-526.2123,24,24,24,24,24,24,24,24,24,24,24,24,24,24,24,24,397,3970,-568.7228,-562.9063,139.9817,-202.1767,-1.183584,0.6135821,-0.7836167,-1.042977,0.7766063,0.5164568,-0.2628312,1.346996,-0.1280011,-0.1112786,0.9635841,6.421245E-06,24,24,24,24,24,24,24,24,24,24,24,24,24,24,24,24
398,3980,-521.7938,-528.7087,-532.8297,-520.941,-509.1977,-525.8654,-490.4637,-172.661,74.56842,146.4535,-67.06009,-416.6786,-604.1888,-526.36,-532.3747,-549.7142,24,24,24,24,24,24,24,24,24,24,24,24,24,24,24,24,398,3980,-556.7654,-554.6149,137.8866,-208.1151,0.6549037,-0.4908978,0.2611777,0.2607925,0.6471845,0.2589166,0.1313562,-0.8083144,-0.1280011,0.4454868,-0.6022373,-0.5651178,24,24,24,24,24,24,24,24,24,24,24,24,24,24,24,24
399,3990,-548.0037,-554.34,-556.4614,-539.9417,-522.7151,-534.1341,-499.2675,-176.6734,73.94909,145.2228,-67.29745,-420.2086,-607.5215,-523.4955,-530.2285,-555.1377,24,24,24,24,24,24,24,24,24,24,24,24,24,24,24,24,399,3990,-537.553,-535.5316,136.9699,-203.4676,-0.7896221,-0.1227389,1.044774,0.3911694,0.5177611,-0.1273935,-0.394226,0.2693408,0.7678686,-0.1113332,0.1203984,-1.017215,24,24,24,24,24,24,24,24,24,24,24,24,24,24,24,24
400,4000,-542.3529,-558.9344,-571.1082,-551.2691,-533.5774,-554.9908,-513.4302,-183.9458,74.32069,149.7764,-68.6029,-425.5038,-609.5449,-518.1246,-532.2554,-570.5645,24,24,24,24,24,24,24,24,24,24,24,24,24,24,24,24,400,4000,-556.3624,-557.3787,134.2201,-207.2114,0.5235828,0.3681428,-0.5224181,-0.2607154,-0.6470416,-0.7712445,-0.9198081,-0.1347803,0.1279626,-0.1113332,-0.2409452,-0.1130621,24,24,24,24,24,24,24,24,24,24,24,24,24,24,24,24
401,4010,-559.7861,-564.2542,-575.7854,-554.6794,-529.8359,-546.2285,-508.8369,-184.1966,72.95817,148.7918,-69.55231,-430.925,-619.9,-520.7503,-535.117,-571.1672,24,24,24,24,24,24,24,24,24,24,24,24,24,24,24,24,401,4010,-555.5562,-550.9299,137.8866,-200.8857,0.6549037,0.3681428,0.5223764,0.3911694,-0.1293512,0.1301466,0.1313562,0.4040473,0.7678686,-0.3340605,-0.8431842,0.2260118,24,24,24,24,24,24,24,24,24,24,24,24,24,24,24,24
402,4020,-546.4407,-543.4589,-560.5231,-551.3909,-525.2497,-521.4225,-487.4016,-168.774,78.16054,148.1765,-69.19627,-440.1285,-633.4689,-524.4504,-535.3555,-585.2683,24,24,24,24,24,24,24,24,24,24,24,24,24,24,24,24,402,4020,-532.3132,-531.0569,138.6722,-206.0496,-0.2643402,0.6135821,-0.9142152,-0.7822233,0.129494,0.001376554,-0.2628312,0.4040473,-0.8958889,-0.4454241,-0.1204975,-0.1130621,24,24,24,24,24,24,24,24,24,24,24,24,24,24,24,24
403,4030,-584.9139,-569.8157,-600.6479,-599.5018,-564.4744,-540.4282,-499.3951,-179.4319,69.48992,147.6842,-62.43171,-441.5153,-661.6777,-536.3858,-543.5823,-566.7078,24,24,24,24,24,24,24,24,24,24,24,24,24,24,24,24,403,4030,-533.6567,-534.8736,137.4938,-201.5312,0.1296217,-0.3681782,0.7835749,0.7823004,0.5177611,-0.3849336,0.262751,-0.5388998,-0.3839632,0.4454868,-0.3613933,-0.452136,24,24,24,24,24,24,24,24,24,24,24,24,24,24,24,24
404,4040,-559.9064,-549.1413,-573.2006,-577.2124,-562.9055,-540.1813,-499.14,-172.1594,74.07296,148.1765,-54.36169,-417.3089,-630.4932,-524.5697,-526.2939,-527.297,24,24,24,24,24,24,24,24,24,24,24,24,24,24,24,24,404,4040,-523.0429,-533.6891,140.1127,-202.4349,-0.5269812,-0.6136174,-0.391818,0.1304155,-0.3881964,1.031538,-0.6570154,-0.1347803,0.1279626,-0.1113332,-1.204528,-1.582384,24,24,24,24,24,24,24,24,24,24,24,24,24,24,24,24
405,4050,-537.5438,-529.7968,-532.7065,-549.4421,-556.1467,-547.8329,-498.6296,-164.3854,78.03667,144.9766,-57.56596,-413.2745,-630.4932,-570.6405,-552.4054,-532.2384,24,24,24,24,24,24,24,24,24,24,24,24,24,24,24,24,405,4050,-534.4628,-540.5328,139.458,-203.5967,0.6549566,0.8590246,-2.086905E-05,-0.1303384,1.294297,-1.415095,0.262751,0.2693408,-0.511945,0.5568504,-4.976465E-05,-0.5651627,24,24,24,24,24,24,24,24,24,24,24,24,24,24,24,24
406,4060,-563.2727,-552.0429,-545.3839,-562.5964,-584.5093,-588.4356,-521.3408,-171.1563,75.93095,143.2536,-63.14376,-418.1915,-630.4932,-550.947,-539.767,-518.7399,24,24,24,24,24,24,24,24,24,24,24,24,24,24,24,24,406,4060,-544.405,-541.3224,134.7439,-205.0168,-0.1329663,-0.3681749,-2.086905E-05,-0.1303384,-1.035309,-0.6424745,0.5255436,-0.8083144,-0.3839632,-0.7795151,0.1203984,0.3390353,24,24,24,24,24,24,24,24,24,24,24,24,24,24,24,24
407,4070,-530.8111,-532.4567,-521.0137,-529.5887,-553.3708,-566.4681,-512.7922,-166.6424,77.78894,143.2536,-60.29553,-409.7444,-629.8981,-581.0244,-563.4939,-542.8444,24,24,24,24,24,24,24,24,24,24,24,24,24,24,24,24,407,4070,-533.3881,-529.8724,140.8984,-201.7894,-0.6582483,0.2454264,0.130576,-0.7822233,0.2589158,0.2589166,-0.5256207,0.9428748,-1.926374E-05,-0.3340605,0.7226374,-0.6781862,24,24,24,24,24,24,24,24,24,24,24,24,24,24,24,24
408,4080,-575.0552,-568.8484,-556.9537,-571.2443,-598.2681,-604.7261,-529.5067,-169.6517,79.52306,143.1306,-63.02508,-413.9049,-635.2543,-584.6049,-567.19,-541.8802,24,24,24,24,24,24,24,24,24,24,24,24,24,24,24,24,408,4080,-553.8096,-548.5609,139.0651,-202.0476,0.1296746,-0.3681749,-1.175417,0.5214918,-0.1293512,0.1301466,0.5255436,-0.8083144,-0.8958889,0.2227594,0.2408461,0.5650856,24,24,24,24,24,24,24,24,24,24,24,24,24,24,24,24
409,4090,-549.3262,-557.9672,-537.0144,-532.7556,-554.095,-586.2142,-530.1446,-176.0465,79.15146,147.5611,-58.51537,-397.0109,-607.7595,-570.6405,-562.3015,-545.3754,24,24,24,24,24,24,24,24,24,24,24,24,24,24,24,24,409,4090,-600.6987,-591.2024,140.1127,-206.3077,0.1296746,-0.8590567,-1.044817,0.3911149,0.3883393,0.3876867,-1.313995,-0.4041933,1.023831,0.1113942,-1.324976,-1.130287,24,24,24,24,24,24,24,24,24,24,24,24,24,24,24,24
410,4100,-545.2385,-556.6372,-531.2296,-526.9091,-555.0605,-598.1852,-537.6724,-183.1935,73.94909,139.4385,-71.21378,-404.0711,-604.1888,-573.9824,-566.7131,-548.8705,24,24,24,24,24,24,24,24,24,24,24,24,24,24,24,24,410,4100,-585.9199,-574.7512,136.7081,-203.984,0.2609947,0.2454264,-0.2612211,0.1303609,7.06337E-05,-1.543865,0.1313562,-0.1347803,-0.6399269,0.7795777,0.7226374,-3.852747E-05,24,24,24,24,24,24,24,24,24,24,24,24,24,24,24,24
411,4110,-555.8186,-564.7377,-537.1375,-517.8959,-533.9395,-584.2396,-533.0792,-188.7106,73.70136,144.3613,-67.89083,-408.1055,-602.9985,-553.4535,-553.24,-557.5481,24,24,24,24,24,24,24,24,24,24,24,24,24,24,24,24,411,4110,-586.8604,-573.6983,137.6247,-206.4368,-0.5269282,0.2454264,-0.3918212,0.5214918,0.2589158,0.2589166,1.051126,0.6734618,0.3839247,-0.4454241,-0.2409452,1.017186,24,24,24,24,24,24,24,24,24,24,24,24,24,24,24,24
412,4120,-545.9598,-559.418,-544.6454,-524.595,-529.7153,-557.9527,-513.175,-178.805,73.82523,143.1306,-72.28188,-416.0482,-602.8795,-533.5213,-537.0247,-546.5806,24,24,24,24,24,24,24,24,24,24,24,24,24,24,24,24,412,4120,-558.7807,-552.3776,138.6723,-203.3385,-0.001646247,0.3681461,-0.2612211,-1.173409,-0.1293512,0.2589166,-0.2628312,-0.134729,-1.535797,-0.1113332,0.7226374,-0.1130621,24,24,24,24,24,24,24,24,24,24,24,24,24,24,24,24
413,4130,-541.2709,-552.2847,-551.6611,-535.3133,-535.0257,-571.8983,-525.8065,-183.6951,74.19682,141.0384,-78.09703,-422.7302,-615.02,-564.6728,-562.4208,-564.7795,24,24,24,24,24,24,24,24,24,24,24,24,24,24,24,24,413,4130,-536.3438,-533.4259,138.9342,-205.5332,0.5236357,-0.1227357,0.6529732,0.2607379,0.5177611,0.001376554,-0.7884133,-0.5388485,-0.8958938,0.2227594,-0.3613933,-0.1130621,24,24,24,24,24,24,24,24,24,24,24,24,24,24,24,24
414,4140,-562.4312,-571.0247,-558.5537,-538.2365,-540.4568,-581.1543,-537.5449,-191.8453,71.34791,139.3154,-79.16512,-422.352,-628.3508,-608.4758,-606.2977,-593.2228,24,24,24,24,24,24,24,24,24,24,24,24,24,24,24,24,414,4140,-577.9931,-584.6219,140.8984,-201.7894,0.3923156,-1.605311E-05,0.5223731,0.6518688,-0.2587746,0.2589166,-1.051203,0.1346856,-2.407967E-05,-0.4454241,-0.481841,-1.01726,24,24,24,24,24,24,24,24,24,24,24,24,24,24,24,24
415,4150,-575.7765,-604.8775,-570.1235,-544.0829,-567.2504,-623.7317,-558.9802,-193.8515,75.06388,146.4535,-67.41612,-405.0797,-624.4229,-611.1016,-604.0323,-586.8351,24,24,24,24,24,24,24,24,24,24,24,24,24,24,24,24,415,4150,-558.512,-571.9874,135.9224,-208.1151,0.7862775,0.7363049,-0.6530198,-0.130393,0.5177611,-1.157555,-0.1314333,-0.404142,-2.407967E-05,0.4454868,0.7226374,-0.1130621,24,24,24,24,24,24,24,24,24,24,24,24,24,24,24,24
416,4160,-589.1218,-602.9431,-574.5544,-540.9161,-551.5605,-612.0074,-557.4491,-201.7509,68.49899,141.4076,-75.7235,-424.4952,-625.9702,-565.7469,-563.2555,-561.8868,24,24,24,24,24,24,24,24,24,24,24,24,24,24,24,24,416,4160,-546.0172,-551.588,135.9224,-199.3365,-0.1329663,0.1227036,0.2611761,0.9126259,0.2589158,0.2589166,0.5255436,-0.808263,0.3839198,-0.1113332,-0.2409452,0.9041595,24,24,24,24,24,24,24,24,24,24,24,24,24,24,24,24
417,4170,-548.0037,-564.2542,-557.1998,-536.0441,-538.8879,-579.4265,-530.7825,-184.949,77.16961,145.8381,-72.99393,-412.7702,-596.2141,-543.3083,-556.9363,-573.2159,24,24,24,24,24,24,24,24,24,24,24,24,24,24,24,24,417,4170,-551.1227,-579.226,141.5531,-204.7586,-0.6582483,-1.605311E-05,-0.2612211,-0.5215239,7.06337E-05,-0.2561635,-0.5256207,0.1346856,-0.383968,0.4454868,0.4817415,0.5650856,24,24,24,24,24,24,24,24,24,24,24,24,24,24,24,24
418,4180,-564.3547,-571.5084,-574.4313,-545.5445,-531.7671,-559.4337,-522.4891,-190.7168,70.60471,145.9612,-57.09125,-418.6958,-624.0659,-539.0116,-544.5363,-554.1733,24,24,24,24,24,24,24,24,24,24,24,24,24,24,24,24,418,4180,-550.9883,-560.4058,141.0293,-199.4656,-0.2642872,-0.6136142,0.2611761,0.2607379,1.164875,0.9027677,0.1313562,-1.481797,0.8958456,0.6682141,-0.6022887,-0.791213,24,24,24,24,24,24,24,24,24,24,24,24,24,24,24,24
419,4190,-533.5763,-534.9957,-538.8607,-530.4413,-512.9391,-517.2265,-496.4605,-178.178,72.71043,144.4843,-63.73715,-423.3605,-630.4932,-553.8115,-550.7363,-558.3917,24,24,24,24,24,24,24,24,24,24,24,24,24,24,24,24,419,4190,-523.8491,-531.9782,142.6006,-202.0476,-0.2642872,-0.2454553,0.3917746,0.5214918,-0.5176182,-0.5137045,-3.852747E-05,0.2693921,-0.5119498,-0.2226968,-1.204528,-0.452136,24,24,24,24,24,24,24,24,24,24,24,24,24,24,24,24
420,4200,-568.3223,-562.8033,-572.462,-581.4754,-581.9747,-579.0563,-523.1271,-179.6827,73.45363,144.4843,-64.80523,-424.7473,-638.1108,-557.6308,-552.2863,-546.2189,24,24,24,24,24,24,24,24,24,24,24,24,24,24,24,24,420,4200,-543.7332,-551.3248,140.8983,-201.1439,-0.2642872,0.9817474,-2.247436E-05,0.9126259,0.3883393,-1.028785,0.6569384,0.6735132,-0.1280059,0.7795777,0.3612938,-0.452136,24,24,24,24,24,24,24,24,24,24,24,24,24,24,24,24
421,4210,-558.9445,-551.9222,-547.2302,-545.6663,-553.8536,-564.3701,-514.3233,-171.6579,78.90373,145.2228,-69.31495,-419.7044,-621.0902,-552.8566,-551.6901,-547.0626,24,24,24,24,24,24,24,24,24,24,24,24,24,24,24,24,421,4210,-541.9866,-548.9557,134.2201,-204.8876,0.1296225,-0.6136142,0.7835717,-1.605311E-05,-0.5176182,0.001376554,0.5255436,-0.2694355,-0.6399317,-1.22497,-4.976465E-05,-0.2260888,24,24,24,24,24,24,24,24,24,24,24,24,24,24,24,24
422,4220,-551.0094,-553.9775,-542.0607,-534.2171,-539.2499,-559.1869,-510.368,-173.4133,77.29347,143.869,-66.34804,-408.3576,-595.738,-536.147,-535.4748,-540.3133,24,24,24,24,24,24,24,24,24,24,24,24,24,24,24,24,422,4220,-541.1805,-532.5046,137.8866,-202.1766,0.1296225,0.9817474,0.5223731,-0.9126548,7.06337E-05,0.5164568,-0.1314333,0.5388067,-1.023876,0.3341231,0.3612938,-0.2260888,24,24,24,24,24,24,24,24,24,24,24,24,24,24,24,24
423,4230,-536.2213,-541.8871,-540.8298,-529.4669,-520.5427,-535.6151,-498.2468,-173.2879,73.70136,143.1306,-68.6029,-421.0912,-609.7829,-516.3342,-518.0671,-531.3947,24,24,24,24,24,24,24,24,24,24,24,24,24,24,24,24,423,4230,-578.6649,-564.0908,137.3628,-199.5947,1.048866,-0.7363371,2.88956E-05,-0.26077,-0.1293512,0.9027677,-0.2628312,-1.077676,-0.383968,0.3341231,-0.3613933,0.3390353,24,24,24,24,24,24,24,24,24,24,24,24,24,24,24,24
424,4240,-519.5095,-522.18,-535.2913,-545.6663,-530.8015,-514.6349,-488.9326,-172.0341,71.96724,147.6842,-56.49787,-419.3261,-631.4454,-524.0922,-523.0748,-535.4924,24,24,24,24,24,24,24,24,24,24,24,24,24,24,24,24,424,4240,-542.6584,-544.0862,142.0768,-203.7258,0.1296225,-0.4908946,0.391826,3.852747E-05,7.06337E-05,-0.7712445,-1.051203,0.5388067,0.3839198,-0.1113332,-0.3613933,-0.6781862,24,24,24,24,24,24,24,24,24,24,24,24,24,24,24,24
425,4250,-539.4674,-530.7641,-542.9222,-551.6345,-548.1811,-538.3301,-497.3536,-171.5325,72.95817,143.7459,-58.99007,-415.796,-623.2327,-540.0857,-533.6863,-536.5771,24,24,24,24,24,24,24,24,24,24,24,24,24,24,24,24,425,4250,-519.9528,-528.5563,138.1485,-204.5004,0.3922634,1.104467,-0.914167,0.5215464,-0.5176696,-1.415095,-0.5256207,-2.086905E-05,-0.1280059,0.3341231,-0.1204975,-0.3391124,24,24,24,24,24,24,24,24,24,24,24,24,24,24,24,24
426,4260,-544.517,-543.5798,-548.0917,-559.6733,-562.4227,-559.4337,-511.0059,-176.0465,70.60471,141.8999,-60.29553,-415.2917,-625.7322,-530.5374,-523.671,-513.3163,24,24,24,24,24,24,24,24,24,24,24,24,24,24,24,24,426,4260,-536.3438,-550.6667,137.2318,-205.9204,0.6549044,0.2454264,1.044822,0.2607925,-0.5176696,0.2589166,0.7883363,-1.077676,0.1279578,-0.5567878,-0.7227365,0.5650856,24,24,24,24,24,24,24,24,24,24,24,24,24,24,24,24
427,4270,-513.0172,-528.5879,-529.8756,-540.7943,-554.8192,-559.9274,-511.7714,-173.6641,75.43548,146.0842,-52.22551,-390.2028,-598.9517,-538.7728,-531.7786,-518.2577,24,24,24,24,24,24,24,24,24,24,24,24,24,24,24,24,427,4270,-550.5852,-553.8253,138.9341,-201.0148,-0.3956595,0.4908657,-1.175366,-1.303731,-0.3882478,0.001376554,0.1313562,0.8082197,-0.2559878,0.3341231,0.4817415,-0.5651627,24,24,24,24,24,24,24,24,24,24,24,24,24,24,24,24
428,4280,-520.1107,-525.9279,-509.0747,-508.8828,-524.2842,-550.3011,-513.5577,-178.3034,73.08203,139.0693,-65.27994,-404.5754,-612.2824,-584.3662,-572.317,-549.1114,24,24,24,24,24,24,24,24,24,24,24,24,24,24,24,24,428,4280,-569.3946,-570.2765,137.8866,-206.695,1.180186,-0.8590567,0.5224245,1.303811,0.2588645,-0.2561635,-0.6570154,-1.212386,0.3839198,-0.2226968,-0.9636323,-3.852747E-05,24,24,24,24,24,24,24,24,24,24,24,24,24,24,24,24
429,4290,-552.933,-573.6846,-550.4303,-552.7307,-585.5955,-621.8806,-547.7521,-183.6951,74.81615,142.2691,-70.6204,-422.0999,-643.705,-586.5146,-579.2324,-564.5383,24,24,24,24,24,24,24,24,24,24,24,24,24,24,24,24,429,4290,-568.5885,-582.5162,137.8866,-204.8876,-0.9209414,-0.8590567,-0.1305712,0.1304155,0.5177097,-0.7712445,-1.970972,0.8082181,0.767867,-0.4454241,-0.2409452,0.3390353,24,24,24,24,24,24,24,24,24,24,24,24,24,24,24,24
430,4300,-585.515,-582.9942,-561.2615,-560.5259,-584.7507,-606.7008,-542.7761,-186.7044,71.47177,142.8844,-57.92199,-399.2803,-626.5654,-603.1048,-585.4324,-555.3786,24,24,24,24,24,24,24,24,24,24,24,24,24,24,24,24,430,4300,-583.5016,-585.6747,137.6246,-210.5679,0.7862253,0.1227036,0.5224245,0.2607925,1.926374E-05,-0.7712445,-0.1314333,0.5388035,-2.247436E-05,0.3341247,0.1203984,0.5650856,24,24,24,24,24,24,24,24,24,24,24,24,24,24,24,24
431,4310,-591.5264,-587.7094,-548.0917,-531.903,-556.7502,-598.3087,-534.993,-181.1873,75.55935,139.9307,-73.70599,-414.5354,-610.378,-567.5372,-564.4478,-557.0659,24,24,24,24,24,24,24,24,24,24,24,24,24,24,24,24,431,4310,-573.2908,-570.4081,134.351,-205.404,-0.1330185,-0.1227357,0.1306274,3.852747E-05,-0.7765148,-0.3849336,0.1313562,-0.5388517,0.2559412,-0.3340573,0.8430851,0.4520621,24,24,24,24,24,24,24,24,24,24,24,24,24,24,24,24
432,4320,-557.9827,-571.1458,-540.5837,-525.2039,-537.5602,-571.0345,-520.1924,-178.5542,77.29347,146.2073,-68.24686,-410.1228,-600.975,-532.3276,-533.4478,-536.4566,24,24,24,24,24,24,24,24,24,24,24,24,24,24,24,24,432,4320,-555.9594,-553.1673,137.1009,-210.0515,0.1296225,0.3681461,-0.5223683,-0.7822233,0.3882879,0.2589166,-0.2628312,-2.407967E-05,-0.6399285,3.371154E-05,-0.3613933,1.13021,24,24,24,24,24,24,24,24,24,24,24,24,24,24,24,24
433,4330,-526.3625,-535.4794,-537.3837,-525.8129,-522.9565,-547.4626,-508.3264,-181.3127,70.97631,141.8999,-72.6379,-417.4351,-595.3809,-537.3406,-543.3439,-557.307,24,24,24,24,24,24,24,24,24,24,24,24,24,24,24,24,433,4330,-572.8878,-554.7466,137.2318,-200.7566,0.2609425,-0.6136142,2.88956E-05,0.1304155,0.3882879,0.2589166,0.5255436,-0.9429727,0.3839214,0.556852,0.1203984,-0.5651627,24,24,24,24,24,24,24,24,24,24,24,24,24,24,24,24
434,4340,-542.4731,-555.7673,-562.9847,-541.8905,-528.267,-559.8039,-519.9373,-189.7137,71.71951,143.6228,-83.91219,-437.481,-625.7322,-576.1307,-588.89,-616.122,24,24,24,24,24,24,24,24,24,24,24,24,24,24,24,24,434,4340,-550.8539,-550.4034,139.0651,-207.7278,-0.1330185,-1.104496,-0.3917698,0.9126773,-0.258826,-1.157555,-1.051203,-0.9429727,-0.2559845,-0.2226936,-0.6022887,0.2260118,24,24,24,24,24,24,24,24,24,24,24,24,24,24,24,24
435,4350,-591.4061,-601.2347,-598.6786,-554.0705,-536.3533,-587.325,-534.993,-193.9769,72.4627,145.3458,-81.65733,-431.9337,-617.6385,-552.1405,-566.7131,-603.1056,24,24,24,24,24,24,24,24,24,24,24,24,24,24,24,24,435,4350,-572.216,-573.3034,140.7674,-204.7586,0.1296225,0.4908657,0.1306274,0.2607925,1.926374E-05,-0.6424745,-0.1314333,1.212338,-0.1280027,0.556852,0.4817415,-0.3391124,24,24,24,24,24,24,24,24,24,24,24,24,24,24,24,24
436,4360,-594.4119,-591.6817,-610.4944,-579.4048,-545.6465,-559.9274,-512.4094,-187.8329,68.49899,145.3458,-73.58731,-444.2891,-639.5391,-509.7697,-535.3555,-594.4279,24,24,24,24,24,24,24,24,24,24,24,24,24,24,24,24,436,4360,-601.6392,-591.4655,137.2319,-206.0495,0.6549044,-0.1227357,0.391826,-0.3910924,-0.5176696,-0.1273935,0.3941489,-0.2694371,-0.6399285,-0.8908756,-4.976465E-05,0.5650856,24,24,24,24,24,24,24,24,24,24,24,24,24,24,24,24
437,4370,-584.0722,-558.0648,-610.3713,-606.2007,-565.6813,-543.8837,-502.84,-181.062,70.97631,147.3149,-67.17876,-445.928,-652.9889,-536.7437,-543.7017,-564.0563,24,24,24,24,24,24,24,24,24,24,24,24,24,24,24,24,437,4370,-548.973,-545.5339,140.1127,-206.4368,-0.001646247,0.1227036,-0.6529684,-0.9126002,0.3882879,-0.2561635,0.5255436,0.9429246,-0.5119466,0.779581,0.8430851,-0.3391124,24,24,24,24,24,24,24,24,24,24,24,24,24,24,24,24
438,4380,-555.8185,-548.6328,-567.1695,-568.321,-547.6983,-545.7348,-509.3472,-184.949,68.87059,146.2073,-66.34804,-434.9595,-639.5391,-523.8535,-531.6594,-555.3787,24,24,24,24,24,24,24,24,24,24,24,24,24,24,24,24,438,4380,-574.0969,-568.3023,134.6129,-210.0515,-0.001646247,-0.4908978,-0.3917698,-0.3910924,0.1294427,-0.5137045,0.1313562,-0.9429727,0.5119033,3.371154E-05,-0.3613933,-0.452136,24,24,24,24,24,24,24,24,24,24,24,24,24,24,24,24
439,4390,-545.7193,-553.9534,-578.2469,-566.8594,-544.5604,-526.359,-492.6328,-170.9056,73.08203,147.5611,-60.05817,-431.8076,-645.8474,-535.1921,-534.5209,-555.3787,24,24,24,24,24,24,24,24,24,24,24,24,24,24,24,24,439,4390,-605.6698,-602.5207,136.4462,-208.7606,-0.9208893,-0.2454585,-0.2611729,0.2607925,0.9059783,0.001376554,-0.9198081,0.404097,0.767867,-0.11133,-4.976465E-05,-0.1130621,24,24,24,24,24,24,24,24,24,24,24,24,24,24,24,24
440,4400,-570.7269,-560.6042,-570.3696,-585.1293,-578.3539,-561.038,-502.9676,-168.6486,76.42641,147.0688,-61.00758,-427.395,-640.2532,-537.2212,-528.5594,-526.6943,24,24,24,24,24,24,24,24,24,24,24,24,24,24,24,24,440,4400,-569.7976,-569.3552,139.0651,-206.8241,-0.5269282,-1.926374E-05,0.5224229,0.5214983,-0.647093,-1.028785,-3.852747E-05,-0.2694371,-0.5119466,-0.2226936,-4.976465E-05,0.1129882,24,24,24,24,24,24,24,24,24,24,24,24,24,24,24,24
441,4410,-552.8128,-547.1816,-560.7692,-585.2512,-583.1816,-560.9146,-503.8607,-166.517,76.798,144.8535,-59.46478,-411.7617,-622.3995,-544.9792,-535.1171,-515.9678,24,24,24,24,24,24,24,24,24,24,24,24,24,24,24,24,441,4410,-584.4421,-580.6736,137.2319,-211.8589,-0.1329663,0.2454232,1.567217,0.2607443,-0.258826,0.1301466,0.6569384,-0.9429727,0.767867,-0.8908756,-0.9636323,0.791136,24,24,24,24,24,24,24,24,24,24,24,24,24,24,24,24
442,4420,-537.9045,-533.88,-517.5674,-520.4537,-543.5948,-563.3829,-512.4094,-168.5232,79.15146,143.3768,-63.49979,-396.7588,-588.1204,-542.7115,-539.4093,-531.1537,24,24,24,24,24,24,24,24,24,24,24,24,24,24,24,24,442,4420,-584.1733,-587.5173,135.2677,-207.0823,-0.2642872,0.1227036,0.1306258,-2.086044,-1.03536,0.001376554,-0.2628312,0.1346824,-0.5119466,0.4454883,0.1203984,0.6781092,24,24,24,24,24,24,24,24,24,24,24,24,24,24,24,24
443,4430,-540.0686,-553.3488,-536.7682,-517.6523,-532.6119,-583.3757,-529.7618,-180.8112,79.0276,142.6383,-73.1126,-408.9881,-604.7838,-578.9952,-575.8939,-576.5906,24,24,24,24,24,24,24,24,24,24,24,24,24,24,24,24,443,4430,-554.2128,-556.8523,138.8032,-209.5351,1.180239,-1.926374E-05,0.3918244,1.043006,1.926374E-05,0.1301466,0.7883877,-1.077679,0.5119033,0.1113974,-0.6022887,-0.3391124,24,24,24,24,24,24,24,24,24,24,24,24,24,24,24,24
444,4440,-567.12,-574.1477,-563.7232,-536.8967,-537.4395,-574.9836,-523.3822,-185.7013,70.72858,140.6692,-74.29938,-417.9393,-597.4043,-516.8116,-527.4863,-548.6294,24,24,24,24,24,24,24,24,24,24,24,24,24,24,24,24,444,4440,-530.298,-539.7431,135.0058,-208.3733,-0.3956073,-1.472661,-0.65297,0.2607443,-0.647093,-1.028785,-0.9197567,1.077631,0.5119033,-0.11133,-0.481841,-0.452136,24,24,24,24,24,24,24,24,24,24,24,24,24,24,24,24
445,4450,-533.0953,-541.0145,-551.0457,-534.217,-516.5599,-520.8054,-490.0809,-172.5356,73.94909,144.8536,-67.65348,-423.9909,-613.2346,-519.318,-522.3594,-544.5316,24,24,24,24,24,24,24,24,24,24,24,24,24,24,24,24,445,4450,-563.08,-573.3034,135.9224,-213.5371,0.3923156,1.104464,0.2612243,0.7822522,-0.258826,-1.028785,0.1314076,0.5388035,-0.5119964,0.1113974,0.1203984,0.2260118,24,24,24,24,24,24,24,24,24,24,24,24,24,24,24,24
446,4460,-552.6926,-542.5865,-557.446,-566.8594,-551.9225,-537.9598,-499.2675,-181.3127,65.40234,138.577,-74.06202,-445.6758,-648.228,-535.6696,-539.4093,-563.8152,24,24,24,24,24,24,24,24,24,24,24,24,24,24,24,24,446,4460,-547.092,-548.0344,134.351,-206.8241,-0.2642872,-0.2454585,-0.1305728,-0.3911405,0.1294427,0.6452268,0.6569898,-0.9429727,0.5118551,8.50815E-05,-0.2409452,-3.852747E-05,24,24,24,24,24,24,24,24,24,24,24,24,24,24,24,24
447,4470,-565.557,-559.8787,-576.0314,-579.6484,-565.1986,-553.0162,-504.8815,-174.291,74.94002,145.8382,-66.22936,-427.2689,-632.6357,-539.847,-538.8132,-544.8932,24,24,24,24,24,24,24,24,24,24,24,24,24,24,24,24,447,4470,-563.2144,-557.3787,138.4104,-211.6007,-0.001646247,0.8590246,-0.1305728,-0.2607636,0.6471331,-0.3849336,-0.9197567,-0.1347306,-0.5119964,0.2228124,-0.361342,-0.2260888,24,24,24,24,24,24,24,24,24,24,24,24,24,24,24,24
448,4480,-559.1849,-552.8651,-557.9383,-566.494,-567.3711,-564.7404,-513.3025,-176.2972,71.10017,140.7923,-72.87524,-433.1944,-636.8016,-552.7373,-553.3593,-564.7795,24,24,24,24,24,24,24,24,24,24,24,24,24,24,24,24,448,4480,-578.9337,-566.4598,137.1009,-208.5024,0.9175976,-1.472661,-0.1305728,0.2607443,-0.1294025,0.001376554,-0.2627798,-0.6735581,0.1279112,0.6682686,-0.361342,-0.5651178,24,24,24,24,24,24,24,24,24,24,24,24,24,24,24,24
449,4490,-569.0436,-564.5947,-579.3547,-583.9114,-575.2161,-572.8856,-531.5481,-197.2369,61.19091,143.869,-61.957,-429.0339,-652.989,-569.6857,-563.6132,-564.5385,24,24,24,24,24,24,24,24,24,24,24,24,24,24,24,24,449,4490,-604.8637,-598.5724,132.5178,-216.3772,-0.3956073,-0.8590599,-0.3917714,0.7822522,-0.9059382,-0.9000146,-0.788362,-0.1347306,-0.3840145,-0.6680969,-0.361342,0.2260567,24,24,24,24,24,24,24,24,24,24,24,24,24,24,24,24
450,4500,-578.0608,-566.2876,-575.416,-585.6166,-588.6127,-585.4738,-525.2961,-181.3127,68.87059,143.2537,-65.5173,-434.0769,-665.3675,-576.6082,-565.7593,-562.4896,24,24,24,24,24,24,24,24,24,24,24,24,24,24,24,24,450,4500,-613.731,-593.5713,136.839,-207.986,1.180239,0.6135821,0.3918244,0.5214983,0.6471331,-0.9000146,0.1314076,0.8082181,-7.06337E-05,0.4455397,0.9635841,-0.1130171,24,24,24,24,24,24,24,24,24,24,24,24,24,24,24,24
451,4510,-554.3757,-568.3433,-570.3698,-584.6422,-587.2852,-580.4138,-523.765,-178.3034,69.86152,141.4076,-67.5348,-432.1858,-653.7031,-574.6985,-566.117,-558.3918,24,24,24,24,24,24,24,24,24,24,24,24,24,24,24,24,451,4510,-589.9506,-582.1213,135.2677,-213.2789,0.1296746,-0.8590599,0.1306258,-0.5215175,-0.647093,0.3876867,0.1314076,-1.212386,-7.06337E-05,-0.8908242,-1.204476,0.3390835,24,24,24,24,24,24,24,24,24,24,24,24,24,24,24,24
452,4520,-560.6276,-550.8093,-546.4918,-556.9937,-566.2849,-566.715,-518.151,-179.3065,68.49899,139.8077,-63.9745,-428.1514,-651.9177,-567.0598,-555.9824,-556.7045,24,24,24,24,24,24,24,24,24,24,24,24,24,24,24,24,452,4520,-608.7599,-603.0472,134.0891,-210.3097,0.3923156,0.8590246,0.1306258,-0.3911405,-0.1294025,0.2589166,-0.2627798,0.67351,-0.3840145,0.3341761,1.20448,-0.2260407,24,24,24,24,24,24,24,24,24,24,24,24,24,24,24,24
453,4530,-582.2688,-571.0037,-574.9238,-593.899,-585.9575,-555.1142,-503.6056,-166.3916,75.31161,143.0075,-63.02508,-430.2947,-662.5109,-574.1017,-559.7977,-549.5936,24,24,24,24,24,24,24,24,24,24,24,24,24,24,24,24,453,4530,-608.7599,-606.4689,132.9106,-211.0843,0.5235835,-0.6136174,-0.7835685,0.1303673,1.164824,-0.1273935,0.1314076,-1.212386,-0.5119964,-0.8908242,-0.361342,0.6781574,24,24,24,24,24,24,24,24,24,24,24,24,24,24,24,24
454,4540,-570.0055,-556.9764,-551.0458,-561.1349,-575.2159,-572.6388,-519.2993,-171.1563,76.05481,143.746,-61.83832,-416.9307,-634.421,-563.9566,-551.5709,-530.1896,24,24,24,24,24,24,24,24,24,24,24,24,24,24,24,24,454,4540,-590.3536,-605.4161,133.0416,-211.3425,-0.7896214,0.1227036,0.2612243,0.1303673,-0.5176696,0.3876867,-1.051151,0.404097,0.5118551,0.3341761,-0.1204461,-0.9041916,24,24,24,24,24,24,24,24,24,24,24,24,24,24,24,24
455,4550,-564.1143,-556.7346,-539.9684,-559.0643,-584.7506,-586.7079,-520.8304,-170.1532,74.44456,141.8999,-63.49979,-434.3291,-679.1744,-603.7017,-575.417,-563.4537,24,24,24,24,24,24,24,24,24,24,24,24,24,24,24,24,455,4550,-560.5273,-558.0368,131.7321,-212.3753,0.3922634,0.3681428,0.1305776,-9.631868E-06,-0.1294025,-0.7712445,-0.5255693,-0.4041452,-0.5119964,-0.1112786,-0.4817896,0.6781574,24,24,24,24,24,24,24,24,24,24,24,24,24,24,24,24
456,4560,-630.6006,-611.876,-604.7097,-624.3489,-646.424,-639.652,-547.7521,-176.2972,76.30254,145.4689,-63.61847,-424.9995,-656.9168,-583.6501,-573.5093,-545.2548,24,24,24,24,24,24,24,24,24,24,24,24,24,24,24,24,456,4560,-532.4476,-547.7712,134.351,-209.0188,0.5235835,0.1227036,0.5223764,0.2607411,-0.3882478,0.6452268,1.051177,0.2693905,1.279743,0.3341761,-0.8431328,0.452107,24,24,24,24,24,24,24,24,24,24,24,24,24,24,24,24
457,4570,-567.6009,-565.1993,-538.9837,-537.1403,-557.7158,-577.6987,-525.9341,-174.6672,76.67413,139.8077,-73.70599,-413.9049,-608.4737,-567.0598,-563.3747,-549.2321,24,24,24,24,24,24,24,24,24,24,24,24,24,24,24,24,457,4570,-539.9714,-544.3494,136.7081,-209.1478,-0.2643394,0.2454232,-0.6530166,-0.9126516,-0.1293512,-0.9000146,-1.970921,0.404097,0.1279112,-0.5567332,0.6022406,-0.7911649,24,24,24,24,24,24,24,24,24,24,24,24,24,24,24,24
458,4580,-563.2727,-574.7522,-551.9073,-544.6919,-564.233,-600.0364,-536.269,-182.3158,76.17867,140.3,-74.29938,-411.6356,-603.3557,-569.447,-568.6208,-567.431,24,24,24,24,24,24,24,24,24,24,24,24,24,24,24,24,458,4580,-543.5989,-541.454,136.3152,-214.5699,-0.3956595,-0.3681782,0.1305776,1.043003,1.941411,0.3876867,-0.1313819,-0.1347306,-7.06337E-05,-0.8908242,-0.6022373,0.1130332,24,24,24,24,24,24,24,24,24,24,24,24,24,24,24,24
459,4590,-575.4158,-583.9425,-570.739,-547.6151,-552.6467,-597.5682,-547.6246,-196.4846,67.50806,137.4693,-81.41998,-424.8734,-631.0884,-582.4565,-582.4516,-587.0761,24,24,24,24,24,24,24,24,24,24,24,24,24,24,24,24,459,4590,-533.6568,-529.4775,130.4227,-210.9552,-0.001698419,-0.7363403,-2.086905E-05,0.521495,-1.035309,-0.6424745,-0.788362,0.1346824,-0.5119964,0.2228124,-0.361342,-0.7911649,24,24,24,24,24,24,24,24,24,24,24,24,24,24,24,24
460,4600,-586.597,-586.9656,-577.1393,-542.9867,-534.7843,-565.9745,-528.8687,-189.2121,72.83429,144.7305,-73.46864,-423.3605,-618.5908,-557.7502,-564.9247,-591.7766,24,24,24,24,24,24,24,24,24,24,24,24,24,24,24,24,460,4600,-563.8861,-557.3787,132.7797,-214.699,-0.2643394,0.8590246,0.6529748,-0.3911437,0.9060297,-0.7712445,1.284249E-05,0.1346856,0.1279112,0.2228124,0.1204497,0.452107,24,24,24,24,24,24,24,24,24,24,24,24,24,24,24,24
461,4610,-578.5417,-586.7238,-591.786,-569.6608,-565.3193,-609.4158,-558.3422,-211.7819,60.32384,136.7309,-79.04644,-424.117,-627.0414,-589.9759,-596.0438,-613.9526,24,24,24,24,24,24,24,24,24,24,24,24,24,24,24,24,461,4610,-561.4678,-553.4304,129.637,-209.7933,0.1296225,0.2454232,-0.6530166,-1.043029,-1.552999,-0.3849336,0.9197824,0.6735132,-1.926374E-05,-0.2226422,-0.1204461,0.3390835,24,24,24,24,24,24,24,24,24,24,24,24,24,24,24,24
462,4620,-592.7287,-601.3556,-606.8021,-578.5522,-568.6986,-598.1852,-545.2004,-196.7354,68.12739,143.6228,-71.21378,-419.8304,-620.8522,-552.3791,-563.2555,-580.3269,24,24,24,24,24,24,24,24,24,24,24,24,24,24,24,24,462,4620,-601.9079,-580.1472,135.1367,-212.1171,0.5235835,1.349903,-0.391818,-1.43416,0.3883393,0.6452268,-0.2627798,1.212341,-0.3839632,-0.3340059,-0.1204461,0.1130332,24,24,24,24,24,24,24,24,24,24,24,24,24,24,24,24
463,4630,-560.6276,-568.2224,-569.6312,-549.1985,-532.6118,-548.3265,-518.1511,-188.7106,69.98538,145.2228,-69.90833,-428.7817,-626.3273,-540.6824,-546.8015,-564.1769,24,24,24,24,24,24,24,24,24,24,24,24,24,24,24,24,463,4630,-621.2547,-605.8109,139.1961,-205.7914,-0.1330185,-1.227219,-0.5224181,0.1303641,-0.1293512,-0.3849336,1.31397,-0.6735566,-0.8958889,0.3341761,0.2408974,0.6781574,24,24,24,24,24,24,24,24,24,24,24,24,24,24,24,24
464,4640,-561.4692,-566.1666,-572.0929,-562.1093,-542.7499,-548.0797,-507.3058,-183.0681,67.75579,139.3154,-74.29938,-432.564,-622.8756,-527.7921,-533.5669,-554.7761,24,24,24,24,24,24,24,24,24,24,24,24,24,24,24,24,464,4640,-631.1968,-622.6569,138.9342,-211.7298,0.3922634,-0.2454585,0.2611777,0.391118,-1.035309,0.001376554,-1.051151,-0.134729,0.5119065,-0.2226422,-0.8431328,-0.7911649,24,24,24,24,24,24,24,24,24,24,24,24,24,24,24,24
465,4650,-558.1029,-558.9111,-575.5392,-562.5964,-537.5602,-528.5804,-502.4573,-183.8205,63.91595,138.9462,-77.14761,-443.0282,-643.3478,-543.4276,-547.5169,-568.9977,24,24,24,24,24,24,24,24,24,24,24,24,24,24,24,24,465,4650,-620.1799,-607.785,138.0175,-209.1478,-0.3956595,-0.1227389,0.2611777,-0.1303898,0.3883393,-0.6424745,0.1314076,-0.2694355,-1.926374E-05,-0.2226422,-0.2408938,0.452107,24,24,24,24,24,24,24,24,24,24,24,24,24,24,24,24
466,4660,-572.1696,-564.3528,-581.9394,-575.7509,-547.9397,-526.2356,-494.2915,-173.4133,69.73765,141.4076,-72.04452,-435.4637,-636.2064,-534.476,-533.09,-542.2418,24,24,24,24,24,24,24,24,24,24,24,24,24,24,24,24,466,4660,-567.9167,-559.7477,130.9464,-216.6355,1.311507,0.6135821,-0.6530166,-0.3911437,-0.9058868,-0.5137045,0.525595,0.4040986,-0.1280011,-0.2226422,-0.4817896,0.452107,24,24,24,24,24,24,24,24,24,24,24,24,24,24,24,24
467,4670,-542.9541,-539.6842,-551.1689,-564.7889,-570.509,-558.94,-510.1128,-174.0402,69.86151,141.0384,-64.80523,-424.9995,-637.2776,-555.8404,-545.6092,-534.5284,24,24,24,24,24,24,24,24,24,24,24,24,24,24,24,24,467,4670,-579.4709,-573.9615,133.1725,-208.2442,0.9175454,0.1227036,0.3917762,-0.6518977,0.6471845,0.001376554,-0.9197567,0.6735132,-0.2559814,-0.5567332,-0.6022373,-0.6781413,24,24,24,24,24,24,24,24,24,24,24,24,24,24,24,24
468,4680,-556.1793,-553.9532,-537.7529,-535.9223,-550.8362,-560.4209,-519.9373,-174.4164,72.71043,137.8386,-75.60481,-426.2603,-635.4922,-580.0693,-568.3823,-550.3168,24,24,24,24,24,24,24,24,24,24,24,24,24,24,24,24,468,4680,-582.5611,-579.4891,135.7914,-213.408,-0.6583005,0.1227036,0.1305776,-1.284249E-05,0.3883393,0.3876867,1.284249E-05,-0.134729,-1.151851,-0.2226422,1.605311E-06,0.9042076,24,24,24,24,24,24,24,24,24,24,24,24,24,24,24,24
469,4690,-581.9081,-588.1748,-564.3387,-554.3141,-577.147,-607.071,-548.0074,-189.2121,69.36605,138.4539,-70.85774,-420.713,-642.1577,-603.8209,-587.3399,-562.7306,24,24,24,24,24,24,24,24,24,24,24,24,24,24,24,24,469,4690,-554.0783,-558.958,136.9699,-209.2769,-0.001699222,-1.96354,0.5223764,-1.284249E-05,-0.2587746,0.7739977,-0.5255693,-0.404142,0.5119065,1.447814,-0.7226851,-0.7911649,24,24,24,24,24,24,24,24,24,24,24,24,24,24,24,24
470,4700,-587.1982,-586.9655,-561.8771,-573.0712,-608.5269,-635.8262,-557.9595,-185.5759,73.70135,140.6692,-67.89083,-421.3434,-649.1801,-605.1337,-587.4592,-560.0791,24,24,24,24,24,24,24,24,24,24,24,24,24,24,24,24,470,4700,-548.0325,-550.535,136.4462,-214.4408,-0.920943,0.2454232,0.2611777,0.2607411,0.3883393,-1.286325,-0.5255693,-2.086905E-05,-0.2559814,0.1114487,0.6022406,6.421245E-06,24,24,24,24,24,24,24,24,24,24,24,24,24,24,24,24
471,4710,-576.6181,-574.8732,-550.5535,-544.0829,-560.2502,-592.6317,-544.69,-186.8298,71.59563,138.8231,-72.87524,-413.2745,-617.6385,-589.0209,-578.9938,-559.1149,24,24,24,24,24,24,24,24,24,24,24,24,24,24,24,24,471,4710,-565.0952,-585.5431,134.0891,-212.3753,0.2609417,-0.1227389,-0.6530166,-0.1303898,-0.1293512,-0.1273935,0.1314076,0.2693921,0.6398867,0.6682686,0.3613451,0.3390835,24,24,24,24,24,24,24,24,24,24,24,24,24,24,24,24
472,4720,-582.3891,-585.3935,-557.6923,-540.7943,-560.8537,-609.6627,-551.5799,-190.7168,72.83429,137.9616,-86.76042,-427.8992,-616.8054,-593.437,-597.713,-604.1904,24,24,24,24,24,24,24,24,24,24,24,24,24,24,24,24,472,4720,-550.7195,-557.1155,130.2917,-213.5371,0.3922626,-0.1227389,0.2611777,-0.6518977,-0.2587746,-0.1273935,0.2628023,0.4040986,-0.2559814,-1.224915,-0.4817896,0.3390835,24,24,24,24,24,24,24,24,24,24,24,24,24,24,24,24
473,4730,-596.3356,-605.9506,-580.5855,-553.3397,-561.5778,-628.5449,-564.977,-199.87,74.56842,144.4844,-79.7585,-423.8648,-624.5419,-585.4403,-594.0168,-606.1187,24,24,24,24,24,24,24,24,24,24,24,24,24,24,24,24,473,4730,-552.3317,-551.0615,133.5653,-214.8281,0.1296217,-0.4908978,-0.1306194,-0.1303898,7.06337E-05,0.001376554,0.3942003,-0.134729,-0.7679071,0.2228124,-0.1204461,0.3390835,24,24,24,24,24,24,24,24,24,24,24,24,24,24,24,24
474,4740,-581.0666,-600.9927,-594.0015,-558.3334,-547.457,-588.5591,-542.2657,-203.757,60.57158,134.8849,-88.30323,-442.7761,-636.6824,-575.2952,-584.1207,-607.4444,24,24,24,24,24,24,24,24,24,24,24,24,24,24,24,24,474,4740,-566.4388,-561.7218,130.6845,-210.9552,0.9175446,-0.8590599,0.2611777,0.1303641,-0.6470416,0.001376554,-0.2627798,-0.808263,-0.1280011,-0.1112786,-0.361342,-0.7911649,24,24,24,24,24,24,24,24,24,24,24,24,24,24,24,24
475,4750,-598.2592,-601.2346,-589.6936,-566.7377,-552.7673,-585.227,-533.2068,-194.4784,67.87967,139.9308,-79.04642,-437.2288,-620.019,-538.1759,-547.8746,-575.265,24,24,24,24,24,24,24,24,24,24,24,24,24,24,24,24,475,4750,-551.3912,-549.6138,136.9699,-213.1499,0.6549037,0.4908625,-0.1306194,0.1303641,0.7766063,-0.7712445,0.1314076,0.2693921,-0.511945,-0.2226422,1.605311E-06,0.452107,24,24,24,24,24,24,24,24,24,24,24,24,24,24,24,24
476,4760,-562.0704,-563.3854,-574.6776,-565.2761,-532.6118,-534.998,-501.947,-184.1966,65.40234,137.8386,-78.57172,-444.5411,-639.301,-531.2534,-536.19,-552.7272,24,24,24,24,24,24,24,24,24,24,24,24,24,24,24,24,476,4760,-560.796,-560.8005,133.3034,-210.8261,0.7862245,0.8590246,-0.9142152,-0.1303898,-1.294154,-1.286325,0.525595,0.4040473,1.023831,0.2228124,0.2408974,-0.2260407,24,24,24,24,24,24,24,24,24,24,24,24,24,24,24,24
477,4770,-541.5114,-535.3309,-555.3537,-558.577,-549.7501,-544.1305,-501.1814,-173.6641,69.86152,140.3,-70.26435,-427.8992,-622.2805,-528.1501,-526.4131,-525.6097,24,24,24,24,24,24,24,24,24,24,24,24,24,24,24,24,477,4770,-578.7993,-574.8828,132.6487,-214.9572,0.5235828,0.3681428,-0.1306194,-1.173406,1.294297,-0.2561635,-0.2627798,1.077581,-0.2559814,-0.7794605,-0.2408938,6.421245E-06,24,24,24,24,24,24,24,24,24,24,24,24,24,24,24,24
478,4780,-525.2805,-522.0293,-530.368,-540.0635,-544.319,-543.6368,-503.8608,-175.7956,68.87059,138.4539,-65.27993,-422.352,-626.9225,-542.8309,-537.0246,-530.3101,24,24,24,24,24,24,24,24,24,24,24,24,24,24,24,24,478,4780,-563.08,-553.6937,133.9581,-210.697,0.3922626,-0.9817795,-1.306014,0.1303641,0.5177611,-0.6424745,1.051177,-7.223901E-05,0.2559428,0.3341231,0.4817929,-0.3390674,24,24,24,24,24,24,24,24,24,24,24,24,24,24,24,24
479,4790,-526.1221,-526.9872,-530.491,-540.7943,-551.1983,-555.3611,-511.2611,-175.7956,71.71951,139.3154,-67.89082,-418.3175,-618.7098,-546.2922,-538.8132,-532.3589,24,24,24,24,24,24,24,24,24,24,24,24,24,24,24,24,479,4790,-573.6938,-561.327,130.4226,-214.8281,0.2609417,-1.104499,0.6529748,-0.1303898,-1.423577,0.001376554,-0.788362,-0.9430209,-0.2559814,0.1113942,-0.6022373,-0.9041916,24,24,24,24,24,24,24,24,24,24,24,24,24,24,24,24
480,4800,-542.4732,-541.4981,-545.5071,-549.6857,-565.5607,-571.775,-522.2339,-179.3065,69.86152,139.8077,-66.22935,-419.8304,-639.063,-576.9662,-562.8978,-542.4828,24,24,24,24,24,24,24,24,24,24,24,24,24,24,24,24,480,4800,-573.4251,-570.0132,131.0773,-211.2134,-0.5269812,-1.926374E-05,0.2611777,-0.3911437,0.5177611,-1.028785,-0.1313819,0.4040473,0.1279626,-0.2226968,-0.1204461,-0.1130107,24,24,24,24,24,24,24,24,24,24,24,24,24,24,24,24
481,4810,-551.851,-552.1393,-537.7529,-542.6213,-557.8364,-573.1325,-526.8272,-184.5728,68.49899,137.2232,-68.12817,-415.5439,-626.9225,-575.6533,-561.944,-545.8574,24,24,24,24,24,24,24,24,24,24,24,24,24,24,24,24,481,4810,-602.1765,-594.4925,133.6963,-212.1171,0.3922626,0.8590246,0.2611777,-0.5215207,-1.164732,-1.028785,-0.3941746,-7.223901E-05,0.6398867,0.4454868,-0.361342,0.565137,24,24,24,24,24,24,24,24,24,24,24,24,24,24,24,24
482,4820,-559.5456,-568.8484,-554.4921,-550.5383,-567.2503,-591.3976,-538.0552,-182.692,71.71951,136.9771,-75.6048,-425.6299,-648.9421,-611.221,-592.2285,-564.1769,24,24,24,24,24,24,24,24,24,24,24,24,24,24,24,24,482,4820,-596.9368,-580.1472,134.0891,-208.2442,-0.3956603,0.6135821,-2.086905E-05,-0.5215207,0.3883393,0.7739977,-0.2627798,0.5387554,-0.511945,0.1113942,1.605311E-06,0.1130396,24,24,24,24,24,24,24,24,24,24,24,24,24,24,24,24
483,4830,-592.0073,-584.6868,-563.8463,-571.8533,-606.113,-630.396,-548.0074,-172.5356,79.52306,142.8844,-68.12817,-434.3291,-688.1012,-651.8015,-617.0284,-573.8187,24,24,24,24,24,24,24,24,24,24,24,24,24,24,24,24,483,4830,-584.5763,-581.9897,133.4344,-213.9244,-0.001699222,-0.8590599,-1.306014,-0.6518977,-0.2587746,-0.2561635,0.1314076,0.4040473,-0.511945,0.2227594,-0.2408938,0.3390867,24,24,24,24,24,24,24,24,24,24,24,24,24,24,24,24
484,4840,-657.0509,-618.9022,-591.4167,-614.3614,-650.4067,-652.9805,-556.0456,-176.1718,74.69228,139.8077,-73.34995,-440.7589,-690.1247,-636.8822,-609.04,-579.0012,24,24,24,24,24,24,24,24,24,24,24,24,24,24,24,24,484,4840,-549.3759,-554.3517,135.1367,-207.2114,0.2609417,-0.2454585,0.5223764,0.391118,0.3883393,0.3876867,-0.5255693,0.8081683,0.3839247,0.4454868,1.605311E-06,-1.017209,24,24,24,24,24,24,24,24,24,24,24,24,24,24,24,24
485,4850,-612.8068,-602.2177,-586.1242,-601.9378,-641.5963,-647.7972,-555.4077,-175.7956,73.45363,139.5615,-68.12817,-431.9337,-675.4846,-623.2758,-596.4016,-559.597,24,24,24,24,24,24,24,24,24,24,24,24,24,24,24,24,485,4850,-557.4371,-566.3282,132.9106,-214.8281,-0.001698419,-1.926374E-05,-0.1306194,0.521495,0.6471845,-1.028785,-0.1313819,0.4040473,0.5119065,0.4454868,-0.2408938,0.565137,24,24,24,24,24,24,24,24,24,24,24,24,24,24,24,24
486,4860,-605.3527,-585.4121,-556.3383,-565.0325,-594.8887,-605.4666,-540.6071,-179.808,74.94002,141.2845,-68.84023,-413.7788,-616.4484,-563.2405,-556.2209,-542.2418,24,24,24,24,24,24,24,24,24,24,24,24,24,24,24,24,486,4860,-577.3213,-581.9897,135.0057,-209.5351,0.1296225,0.9817474,1.305972,-0.6518977,7.06337E-05,0.001376554,0.1314076,-0.1347803,0.3839247,-0.2226968,1.084032,-0.1130107,24,24,24,24,24,24,24,24,24,24,24,24,24,24,24,24
487,4870,-551.1296,-555.1864,-538.1221,-531.2939,-549.7501,-586.3375,-532.9515,-184.322,71.47177,138.577,-74.41804,-417.1829,-622.3995,-591.4081,-584.3593,-574.3008,24,24,24,24,24,24,24,24,24,24,24,24,24,24,24,24,487,4870,-557.1684,-560.9321,134.6129,-210.1806,-0.5269804,0.3681461,-0.1306226,-0.5215207,0.129494,0.001376554,-0.3941746,-0.1347803,-0.8958889,-0.5567878,0.4817929,0.565137,24,24,24,24,24,24,24,24,24,24,24,24,24,24,24,24
488,4880,-584.1924,-582.3896,-568.4003,-551.5127,-558.0778,-585.7205,-538.438,-190.2152,70.97631,141.8999,-76.6729,-425.5038,-614.4249,-545.218,-549.4247,-559.2355,24,24,24,24,24,24,24,24,24,24,24,24,24,24,24,24,488,4880,-525.4612,-538.6902,136.708,-211.988,0.6549044,-0.4908946,0.2611761,0.2607379,-0.2587746,-0.3849336,0.2628023,-1.212435,0.5119065,0.6682141,-0.9635809,-0.9041852,24,24,24,24,24,24,24,24,24,24,24,24,24,24,24,24
489,4890,-550.4083,-553.4938,-558.5537,-545.4227,-535.7498,-555.4844,-520.0648,-191.093,65.77393,139.4385,-74.29935,-433.0683,-626.0894,-531.8503,-538.4555,-566.8284,24,24,24,24,24,24,24,24,24,24,24,24,24,24,24,24,489,4890,-536.6124,-550.0086,136.4462,-209.6642,-0.3956595,0.6135853,0.3917746,0.3911149,0.6471845,-0.7712445,-1.576734,-0.4041933,0.1279626,-1.002242,-0.7226851,-0.6781349,24,24,24,24,24,24,24,24,24,24,24,24,24,24,24,24
490,4900,-563.7536,-564.4959,-588.832,-577.9432,-555.0605,-549.3137,-517.3854,-193.6007,60.94317,140.7922,-66.82273,-442.2718,-658.5831,-533.8793,-542.0324,-576.4702,24,24,24,24,24,24,24,24,24,24,24,24,24,24,24,24,490,4900,-561.0646,-576.9885,135.1367,-213.9244,0.6549044,0.4908657,-0.5224197,0.9126259,0.2589158,-0.6424745,0.3942003,0.4040473,0.1279626,-0.2226968,-0.2408938,0.4521135,24,24,24,24,24,24,24,24,24,24,24,24,24,24,24,24
491,4910,-586.3566,-575.4981,-601.8787,-616.3102,-594.4059,-564.4935,-519.8097,-187.0806,62.30569,138.7,-78.45306,-466.7303,-685.2446,-556.4373,-561.944,-579.7242,24,24,24,24,24,24,24,24,24,24,24,24,24,24,24,24,491,4910,-536.0751,-538.6902,131.6011,-209.9224,0.6549044,0.2454264,0.5223731,-0.9126548,-0.7764634,0.001376554,0.5255436,-7.223901E-05,0.5119065,-0.5567878,-0.1204461,-0.1130107,24,24,24,24,24,24,24,24,24,24,24,24,24,24,24,24
492,4920,-586.597,-574.2891,-583.6625,-587.0782,-575.9401,-563.6296,-516.1095,-181.062,68.25125,138.7,-69.67098,-436.3463,-650.8465,-551.6631,-548.8286,-549.9552,24,24,24,24,24,24,24,24,24,24,24,24,24,24,24,24,492,4920,-563.7517,-555.5362,133.1725,-212.6335,-0.001698419,0.1227036,0.130576,0.3911149,0.129494,0.3876867,0.7883363,-0.404142,-1.279833,-0.3340605,-0.361342,1.243285,24,24,24,24,24,24,24,24,24,24,24,24,24,24,24,24
493,4930,-553.1735,-550.4712,-551.4149,-560.5259,-563.7502,-553.88,-509.4748,-173.9149,69.86151,137.9616,-71.33245,-426.3864,-629.7791,-552.3793,-548.1132,-533.2026,24,24,24,24,24,24,24,24,24,24,24,24,24,24,24,24,493,4930,-528.2826,-525.9241,133.1725,-208.1151,0.2609425,-0.9817763,-0.2612211,-1.605311E-05,-1.035309,0.6452268,-0.1314333,-0.5388485,0.255938,0.7795777,-1.084029,-1.243259,24,24,24,24,24,24,24,24,24,24,24,24,24,24,24,24
494,4940,-549.3262,-545.756,-538.9837,-547.8587,-561.5778,-568.0724,-519.5544,-173.6641,75.18774,143.2536,-68.72157,-435.5898,-658.464,-575.6533,-563.1362,-556.9456,24,24,24,24,24,24,24,24,24,24,24,24,24,24,24,24,494,4940,-546.2858,-545.0074,136.9699,-210.5679,0.1296225,0.3681461,0.3917746,0.5214918,1.035452,-1.157555,-0.394226,-2.086905E-05,0.255938,-0.2226422,-0.2408938,-0.1130107,24,24,24,24,24,24,24,24,24,24,24,24,24,24,24,24
495,4950,-575.1753,-559.5389,-556.9537,-570.2698,-572.4401,-557.8292,-511.3886,-175.5449,69.98538,135.6233,-71.68848,-431.0512,-639.182,-552.6179,-542.3901,-534.1667,24,24,24,24,24,24,24,24,24,24,24,24,24,24,24,24,495,4950,-582.9641,-573.0402,134.351,-208.7606,0.3922634,-0.1227357,-0.9142184,0.5214918,7.06337E-05,-0.6424745,-3.852747E-05,0.2693921,-2.407967E-05,-0.3340059,0.4817933,0.1130396,24,24,24,24,24,24,24,24,24,24,24,24,24,24,24,24
496,4960,-556.5399,-549.0204,-545.1378,-557.3591,-571.3538,-564.6169,-515.4716,-173.9149,73.20589,143.1306,-64.44921,-428.4036,-652.2747,-568.7307,-553.9554,-544.2906,24,24,24,24,24,24,24,24,24,24,24,24,24,24,24,24,496,4960,-559.1837,-561.4586,136.0533,-206.695,0.6549044,0.6135853,0.2611761,-0.6519009,-0.2587746,-0.2561635,0.5255436,0.8082197,0.255938,-0.8908242,-0.4817893,-0.2260888,24,24,24,24,24,24,24,24,24,24,24,24,24,24,24,24
497,4970,-567.8414,-552.7683,-545.3839,-569.7827,-584.6299,-582.3884,-526.3168,-178.9304,68.87058,134.8849,-69.55231,-417.0568,-632.8737,-583.8887,-569.5747,-539.7108,24,24,24,24,24,24,24,24,24,24,24,24,24,24,24,24,497,4970,-543.1959,-546.192,139.5889,-203.7258,-0.1330185,-0.4908946,-0.5224197,-1.605311E-05,1.164875,0.6452268,0.6569384,-0.134729,-0.6399317,0.2228124,0.8431364,0.4520621,24,24,24,24,24,24,24,24,24,24,24,24,24,24,24,24
498,4980,-573.3718,-571.0247,-536.1528,-531.4157,-557.1122,-591.2741,-534.4827,-182.4412,72.71043,139.0693,-69.55231,-406.9708,-601.5702,-555.005,-550.2593,-544.1701,24,24,24,24,24,24,24,24,24,24,24,24,24,24,24,24,498,4980,-576.5153,-567.6443,138.5413,-207.7278,0.3922634,-0.9817763,0.6529732,0.1303609,-0.3881964,0.001376554,-0.2628312,-0.9429695,0.3839198,8.50815E-05,-1.445372,-0.2260888,24,24,24,24,24,24,24,24,24,24,24,24,24,24,24,24
499,4990,-543.9159,-553.0102,-537.7529,-526.5437,-539.0085,-579.0562,-531.1653,-187.4567,70.60471,137.3463,-79.40247,-416.1743,-606.2122,-567.4178,-567.0708,-560.9227,24,24,24,24,24,24,24,24,24,24,24,24,24,24,24,24,499,4990,-571.4099,-571.5927,142.8625,-201.7894,-0.6583005,-1.605311E-05,0.130576,-0.130393,0.6471845,-1.028785,-3.852747E-05,0.5388067,0.8958456,8.50815E-05,0.2408974,-0.452136,24,24,24,24,24,24,24,24,24,24,24,24,24,24,24,24
500,5000,-559.5456,-575.2563,-558.923,-535.6786,-548.4225,-589.4229,-543.6693,-198.24,64.90688,136.2386,-74.89275,-413.9049,-610.0209,-571.7146,-575.2977,-579.3626,24,24,24,24,24,24,24,24,24,24,24,24,24,24,24,24,500,5000,-591.2941,-586.0696,139.0651,-206.8241,-0.5269804,0.1227036,-2.247436E-05,0.3911149,-1.035309,-0.5137045,-3.852747E-05,-2.086905E-05,0.255938,-0.6680969,-0.3613415,0.791136,24,24,24,24,24,24,24,24,24,24,24,24,24,24,24,24
501,5010,-576.9788,-593.5126,-575.5391,-552.8524,-558.6812,-617.1907,-560.2561,-203.8825,66.88873,138.4539,-77.14761,-423.4867,-631.0883,-593.7952,-594.0169,-590.0891,24,24,24,24,24,24,24,24,24,24,24,24,24,24,24,24,501,5010,-557.0342,-556.0627,138.9341,-204.3713,-0.1330185,0.2454264,-0.2612211,-0.5215239,7.06337E-05,0.001376554,-0.1314333,-2.086905E-05,-0.2559878,0.4455397,0.2408974,0.4520621,24,24,24,24,24,24,24,24,24,24,24,24,24,24,24,24
502,5020,-602.2267,-612.4944,-583.9087,-557.968,-578.9574,-629.6556,-557.8318,-194.6038,70.72858,139.4385,-78.21571,-417.6872,-617.5195,-581.3823,-580.1862,-574.7828,24,24,24,24,24,24,24,24,24,24,24,24,24,24,24,24,502,5020,-545.3455,-553.957,139.5889,-205.0167,0.1296225,-1.104499,-0.7836183,0.1303609,0.5177611,-0.3849336,0.1313562,-0.6735566,0.3839198,0.4455397,-0.2408938,0.3390353,24,24,24,24,24,24,24,24,24,24,24,24,24,24,24,24
503,5030,-569.2841,-591.3364,-562.6155,-535.0696,-548.5431,-604.356,-546.4762,-194.353,68.25125,137.5924,-84.38689,-430.6729,-620.019,-554.0501,-557.0555,-574.4213,24,24,24,24,24,24,24,24,24,24,24,24,24,24,24,24,503,5030,-549.5104,-552.3777,139.0651,-203.2094,-0.1330185,-0.1227389,2.88956E-05,0.1303609,0.2589158,-0.3849336,-1.051203,0.6735132,0.3839198,-0.3340059,0.7226887,-0.9042366,24,24,24,24,24,24,24,24,24,24,24,24,24,24,24,24
504,5040,-559.4254,-562.6824,-561.0154,-540.7943,-516.5599,-530.5551,-502.7124,-180.3096,70.9763,140.0538,-76.91026,-432.3119,-621.0902,-537.6986,-539.6478,-562.8511,24,24,24,24,24,24,24,24,24,24,24,24,24,24,24,24,504,5040,-568.3198,-579.4892,142.3387,-202.1766,0.2609425,0.1227036,-0.2611697,0.5214983,0.2589158,-0.5137045,0.1313562,0.2693921,-0.2559878,0.1114487,-0.6022373,-3.852747E-05,24,24,24,24,24,24,24,24,24,24,24,24,24,24,24,24
505,5050,-552.3319,-557.8463,-574.3083,-566.7375,-553.9742,-558.94,-522.489,-191.2183,63.04894,138.0847,-75.84217,-438.2374,-641.6815,-554.4082,-556.5786,-574.0596,24,24,24,24,24,24,24,24,24,24,24,24,24,24,24,24,505,5050,-554.7502,-572.2507,142.0768,-205.0167,0.6549044,0.1227036,0.7836231,-0.9126484,1.926374E-05,0.3876867,0.6569384,-2.086905E-05,-2.407967E-05,-1.113551,-0.6022373,-3.852747E-05,24,24,24,24,24,24,24,24,24,24,24,24,24,24,24,24
506,5060,-575.2955,-579.367,-596.5862,-593.4117,-574.3711,-578.4393,-534.2274,-196.61,65.0308,141.4076,-80.23321,-448.1973,-651.3225,-562.5243,-568.8593,-592.2585,24,24,24,24,24,24,24,24,24,24,24,24,24,24,24,24,506,5060,-573.0222,-585.28,138.1485,-205.1458,0.1296225,0.8590246,-0.6529684,-9.631868E-06,0.7765549,0.2589166,-3.852747E-05,0.1346856,-0.8958938,0.4455397,0.1204497,0.5650856,24,24,24,24,24,24,24,24,24,24,24,24,24,24,24,24
507,5070,-576.9788,-573.08,-586.3704,-571.2442,-542.5086,-536.8491,-510.2403,-188.4598,66.51719,142.6383,-70.26437,-431.8076,-631.8025,-537.9373,-541.6747,-552.7272,24,24,24,24,24,24,24,24,24,24,24,24,24,24,24,24,507,5070,-562.677,-560.5374,138.4103,-206.695,0.5235835,-0.9817795,0.2612275,0.1303673,0.5177097,0.6452268,0.1314076,-1.077676,-0.383968,8.50815E-05,-0.8431328,-0.6781862,24,24,24,24,24,24,24,24,24,24,24,24,24,24,24,24
508,5080,-544.3969,-543.217,-547.2302,-548.1022,-543.5947,-544.1305,-505.9022,-179.8081,65.65012,136.1156,-77.02893,-436.2203,-626.2083,-535.4308,-538.217,-548.5089,24,24,24,24,24,24,24,24,24,24,24,24,24,24,24,24,508,5080,-543.3303,-557.7737,136.1842,-202.8221,-0.3956595,-0.4908978,-0.3917698,-0.2607636,1.294245,-1.157555,-0.5255693,0.404097,0.255938,0.1114487,0.3613451,-0.1130621,24,24,24,24,24,24,24,24,24,24,24,24,24,24,24,24
509,5090,-556.9006,-556.0327,-563.4771,-565.1542,-558.4398,-555.3611,-515.4715,-184.4474,68.87064,143.1306,-68.00951,-431.8076,-631.0883,-541.6373,-544.2978,-563.8152,24,24,24,24,24,24,24,24,24,24,24,24,24,24,24,24,509,5090,-544.5394,-539.48,141.9459,-204.6295,0.1296225,0.9817442,0.1306274,0.6518752,-0.5176696,-0.5137045,-0.2627798,-0.1347306,0.2558914,-0.1112786,0.7226887,0.4520621,24,24,24,24,24,24,24,24,24,24,24,24,24,24,24,24
510,5100,-560.3871,-556.8791,-572.7082,-566.3722,-551.9225,-546.5988,-509.7299,-187.2059,61.68642,135.7464,-75.48613,-449.0799,-661.9158,-553.0953,-550.7363,-561.4048,24,24,24,24,24,24,24,24,24,24,24,24,24,24,24,24,510,5100,-575.7092,-567.2495,142.0768,-200.7566,-0.2643394,-0.3681782,0.6530246,-1.303779,0.2588645,0.2589166,0.525595,0.9429246,0.1279112,-0.1112786,-0.2408938,-0.1130621,24,24,24,24,24,24,24,24,24,24,24,24,24,24,24,24
511,5110,-566.3986,-555.791,-569.2619,-569.4172,-557.595,-545.1178,-502.3296,-169.7771,76.3026,145.715,-65.39862,-424.4953,-627.8747,-535.4308,-528.5594,-521.3913,24,24,24,24,24,24,24,24,24,24,24,24,24,24,24,24,511,5110,-579.7398,-577.2518,141.2912,-208.3733,-0.001698419,0.1227036,-1.044765,-0.3911405,1.0354,0.2589166,0.1314076,-0.8082646,-0.7679585,-0.2226422,-0.8431842,-0.452136,24,24,24,24,24,24,24,24,24,24,24,24,24,24,24,24
512,5120,-544.517,-534.512,-529.5063,-549.0767,-567.4918,-566.5916,-514.4507,-171.6579,73.94914,139.4385,-70.26437,-426.7646,-638.1108,-571.9532,-559.6786,-543.8085,24,24,24,24,24,24,24,24,24,24,24,24,24,24,24,24,512,5120,-575.4406,-567.5128,138.9341,-204.6295,0.6549044,-0.6136174,0.1306274,0.2607443,-1.03536,0.1301466,-0.3941746,-0.1347306,0.6398354,-0.1112786,-0.7227365,-1.130242,24,24,24,24,24,24,24,24,24,24,24,24,24,24,24,24
513,5130,-545.5991,-533.4238,-519.9059,-513.1457,-521.8703,-535.7384,-500.4158,-167.7709,77.78899,142.6383,-68.84024,-403.1886,-583.2404,-522.7792,-524.744,-521.0298,24,24,24,24,24,24,24,24,24,24,24,24,24,24,24,24,513,5130,-571.4099,-566.1967,136.0533,-207.7278,-0.1330185,-0.2454585,-0.1305712,-9.631868E-06,-0.3882478,-1.543865,0.1314076,0.67351,-0.3840145,-0.1112786,0.2408461,6.421245E-06,24,24,24,24,24,24,24,24,24,24,24,24,24,24,24,24
514,5140,-521.7938,-527.137,-528.5217,-517.1651,-523.4393,-556.225,-515.9819,-181.9397,72.21502,138.8231,-74.77407,-414.9136,-603.8316,-554.2888,-554.671,-559.4765,24,24,24,24,24,24,24,24,24,24,24,24,24,24,24,24,514,5140,-572.0817,-558.4316,138.2794,-202.4348,-0.001698419,0.9817442,0.5224245,0.6518752,-0.647093,0.2589166,0.9197824,-0.1347306,-7.06337E-05,-0.1112786,0.2408461,0.1130332,24,24,24,24,24,24,24,24,24,24,24,24,24,24,24,24
515,5150,-572.7708,-581.906,-570.1236,-555.8975,-565.9227,-607.9349,-543.6692,-189.2121,72.58662,138.577,-74.89275,-412.6443,-608.1166,-574.2209,-573.3901,-566.4668,24,24,24,24,24,24,24,24,24,24,24,24,24,24,24,24,515,5150,-569.3946,-562.5115,136.0533,-205.404,0.3922634,0.2454232,-0.2611697,-1.173402,1.926374E-05,0.3876867,-0.2627798,0.5388035,-1.023922,-0.3340059,-0.481841,0.1130332,24,24,24,24,24,24,24,24,24,24,24,24,24,24,24,24
516,5160,-553.8949,-564.6168,-545.0148,-532.9991,-536.1119,-576.7115,-528.9962,-187.7075,72.33889,143.4998,-77.02893,-423.3606,-615.9722,-554.4081,-559.2017,-565.5026,24,24,24,24,24,24,24,24,24,24,24,24,24,24,24,24,516,5160,-555.5563,-548.9557,140.6364,-203.984,1.180186,-0.1227389,2.88956E-05,0.1303673,0.2588645,-0.7712445,0.525595,-0.4041452,0.2558914,0.3341761,0.1203984,-0.452091,24,24,24,24,24,24,24,24,24,24,24,24,24,24,24,24
517,5170,-547.5228,-562.6824,-559.5385,-537.1403,-530.3187,-562.3956,-520.32,-187.5821,71.84342,144.1151,-72.04451,-417.5612,-606.5692,-533.0437,-535.7133,-550.3168,24,24,24,24,24,24,24,24,24,24,24,24,24,24,24,24,517,5170,-530.4323,-530.1356,141.4221,-202.3057,-0.2643394,-0.9817795,0.1306274,0.3911213,-0.647093,-0.1273935,-0.9197567,0.2693905,-0.3840145,-0.5567332,-0.9636323,-0.6781413,24,24,24,24,24,24,24,24,24,24,24,24,24,24,24,24
518,5180,-550.288,-559.2972,-561.2617,-550.2947,-548.6638,-586.8314,-531.6756,-187.8329,72.58662,141.5306,-77.74099,-421.3434,-614.3058,-574.6984,-577.5632,-581.8937,24,24,24,24,24,24,24,24,24,24,24,24,24,24,24,24,518,5180,-541.8523,-541.454,141.1602,-204.7586,0.1296225,0.3681428,0.5224245,-0.1303866,0.5177097,-1.028785,1.284249E-05,0.5388035,0.7678172,-0.5567332,-4.976465E-05,-0.1130171,24,24,24,24,24,24,24,24,24,24,24,24,24,24,24,24
519,5190,-565.0761,-577.4326,-572.9545,-544.3265,-537.3188,-574.9838,-528.4859,-186.4536,75.68327,148.6687,-73.70599,-421.2173,-613.8297,-557.5114,-562.7786,-576.7112,24,24,24,24,24,24,24,24,24,24,24,24,24,24,24,24,519,5190,-555.9594,-560.4057,138.8032,-205.5331,-0.1330185,-1.926374E-05,-2.086905E-05,0.5214983,-1.682474,-0.9000146,-0.3941746,-0.9429727,0.1279112,-1.002188,-0.1204975,-0.1130171,24,24,24,24,24,24,24,24,24,24,24,24,24,24,24,24
520,5200,-557.0208,-570.662,-564.7079,-535.9223,-533.3359,-585.3504,-538.438,-194.2276,73.57755,144.4843,-80.2332,-429.2861,-627.1605,-577.6823,-581.3786,-597.5616,24,24,24,24,24,24,24,24,24,24,24,24,24,24,24,24,520,5200,-535.9408,-545.7971,138.1485,-203.3385,0.9175454,0.6135821,0.5223764,-0.6518977,0.6471331,1.160308,-0.5255693,0.67351,-0.2560327,-0.3340059,-0.7227365,6.421245E-06,24,24,24,24,24,24,24,24,24,24,24,24,24,24,24,24
521,5210,-576.8585,-580.0924,-581.2009,-559.7951,-546.7327,-580.0437,-525.041,-184.6982,74.19682,144.9766,-73.46863,-422.8563,-609.6639,-527.9115,-534.2825,-549.7142,24,24,24,24,24,24,24,24,24,24,24,24,24,24,24,24,521,5210,-526.6705,-528.0298,138.9341,-202.3057,0.3922634,0.3681428,-1.175414,-0.6518977,-0.6470416,-1.157555,-0.1313819,-0.6735581,-0.3840145,0.1114487,-4.976465E-05,0.3390835,24,24,24,24,24,24,24,24,24,24,24,24,24,24,24,24
522,5220,-535.3796,-538.3809,-547.9688,-537.5057,-529.8359,-551.1651,-512.1542,-182.8173,71.59564,145.2228,-73.82466,-429.6644,-619.1859,-540.0856,-550.8555,-575.7471,24,24,24,24,24,24,24,24,24,24,24,24,24,24,24,24,522,5220,-539.9714,-539.4799,140.8983,-204.5004,0.7862253,-0.8590599,0.1305776,1.043003,-0.1293512,0.6452276,-0.2627798,-2.407967E-05,0.3838733,0.4455397,-1.445424,-0.9041916,24,24,24,24,24,24,24,24,24,24,24,24,24,24,24,24
523,5230,-568.683,-572.1129,-578.7393,-561.2567,-542.2672,-563.2595,-518.0234,-188.7106,69.36606,142.3922,-74.6554,-432.8163,-622.6376,-539.4888,-546.3248,-572.0108,24,24,24,24,24,24,24,24,24,24,24,24,24,24,24,24,523,5230,-540.3744,-541.1908,137.3628,-203.5967,-0.1330185,-0.7363403,0.1305776,-0.3911437,0.5177611,-0.9000146,1.284249E-05,1.077631,-0.2560327,8.50815E-05,-0.3613933,-0.3390674,24,24,24,24,24,24,24,24,24,24,24,24,24,24,24,24
524,5240,-558.4635,-564.2542,-576.2777,-561.8657,-543.9569,-559.4338,-517.1302,-185.1997,73.70136,147.1919,-77.14761,-439.246,-637.2776,-554.05,-564.567,-594.7896,24,24,24,24,24,24,24,24,24,24,24,24,24,24,24,24,524,5240,-577.8588,-595.2822,140.6364,-206.4368,0.7862253,1.104464,0.2611777,-0.1303898,-0.3881964,0.001376554,0.2628023,0.1346343,-0.2560327,-0.6680969,-0.1204975,-0.2260407,24,24,24,24,24,24,24,24,24,24,24,24,24,24,24,24
525,5250,-570.246,-577.7953,-596.4631,-570.5135,-549.8707,-562.0254,-520.8304,-188.5852,69.73766,143.6229,-77.38496,-441.5153,-637.6346,-533.5211,-542.9863,-566.2257,24,24,24,24,24,24,24,24,24,24,24,24,24,24,24,24,525,5250,-582.1581,-596.5983,139.0651,-201.9185,0.1296225,-0.2454585,0.6529748,-0.1303898,0.3883393,-0.3849344,0.3942003,-0.2694868,-0.511945,-0.6680969,-0.481841,6.421245E-06,24,24,24,24,24,24,24,24,24,24,24,24,24,24,24,24
526,5260,-566.7593,-567.7604,-584.6472,-581.9626,-558.3191,-559.5571,-518.1511,-189.0867,68.74673,144.7305,-74.77407,-449.0798,-659.7733,-566.5823,-570.767,-594.5486,24,24,24,24,24,24,24,24,24,24,24,24,24,24,24,24,526,5260,-573.9626,-583.8322,138.8032,-207.0823,0.5235835,1.104464,-0.9142152,0.1303641,0.3883393,-0.6424745,-0.9197567,-0.4041933,-0.7679071,0.1113942,-4.976465E-05,0.5651306,24,24,24,24,24,24,24,24,24,24,24,24,24,24,24,24
527,5270,-582.9902,-571.1456,-598.4324,-585.6166,-550.1122,-550.1778,-513.0474,-185.952,70.85245,145.8382,-80.2332,-452.8621,-644.3,-527.3148,-538.9324,-584.3041,24,24,24,24,24,24,24,24,24,24,24,24,24,24,24,24,527,5270,-523.3116,-535.4,140.6364,-201.7894,0.5235835,-0.8590599,-2.086905E-05,0.391118,0.129494,-0.2561635,-0.788362,0.2693408,-1.926374E-05,0.2227594,-1.084029,-0.7911649,24,24,24,24,24,24,24,24,24,24,24,24,24,24,24,24
528,5280,-537.7842,-563.166,-604.3404,-596.5786,-564.4744,-542.8964,-500.671,-174.7925,73.82523,146.8227,-68.24686,-442.9022,-652.9889,-532.8051,-537.1439,-554.0529,24,24,24,24,24,24,24,24,24,24,24,24,24,24,24,24,528,5280,-546.5546,-555.4046,139.9817,-205.0168,0.1296225,0.2454232,0.6529748,-0.9126516,0.6471845,-0.7712445,-0.6569641,-0.8083144,-1.926374E-05,0.1113942,-0.1204461,0.565137,24,24,24,24,24,24,24,24,24,24,24,24,24,24,24,24
529,5290,-557.9827,-546.3605,-557.4461,-568.321,-556.3881,-542.4028,-502.3297,-173.2879,75.06388,148.4226,-54.95507,-413.7788,-625.3751,-540.9211,-533.09,-524.1633,24,24,24,24,24,24,24,24,24,24,24,24,24,24,24,24,529,5290,-556.228,-565.2753,139.0651,-206.3077,-0.7896214,0.9817442,0.2611777,1.173383,0.6471845,-0.6424745,0.2628023,-0.1347803,-0.3839632,0.6682141,0.2408974,-0.1130107,24,24,24,24,24,24,24,24,24,24,24,24,24,24,24,24
530,5300,-539.227,-537.8973,-533.322,-553.2179,-575.5781,-583.8694,-524.7858,-172.2848,75.68321,145.2228,-66.22935,-435.3377,-666.0816,-585.2017,-567.7861,-554.8966,24,24,24,24,24,24,24,24,24,24,24,24,24,24,24,24,530,5300,-551.5256,-555.6678,137.2318,-203.4676,1.048866,0.2454232,0.5223764,-0.7822747,-0.6470416,0.001376554,0.525595,0.5387554,0.1279626,-0.7795151,-0.2408938,1.017238,24,24,24,24,24,24,24,24,24,24,24,24,24,24,24,24
531,5310,-595.9749,-577.1907,-564.954,-581.3536,-591.3886,-591.7679,-528.1031,-173.4133,73.45363,143.6229,-59.93949,-426.1342,-665.8436,-590.9307,-569.9323,-545.8574,24,24,24,24,24,24,24,24,24,24,24,24,24,24,24,24,531,5310,-559.3181,-580.542,140.2436,-201.9185,-0.2643394,0.9817442,0.2611777,-0.6518977,0.9060297,0.3876867,-0.1313819,0.4040473,-0.511945,0.6682141,0.2408974,-0.339061,24,24,24,24,24,24,24,24,24,24,24,24,24,24,24,24
532,5320,-575.5359,-563.166,-546.3686,-563.4491,-589.5782,-593.6191,-525.5513,-165.7646,81.75265,144.9767,-65.63596,-419.5783,-632.6356,-566.5823,-556.34,-531.9973,24,24,24,24,24,24,24,24,24,24,24,24,24,24,24,24,532,5320,-558.6464,-549.7454,140.6364,-205.9204,0.3922634,-0.6136174,-1.175414,0.391118,0.129494,0.001376554,0.3942003,-0.8083144,0.1279626,-0.4454241,-0.7226851,0.2260632,24,24,24,24,24,24,24,24,24,24,24,24,24,24,24,24
533,5330,-548.6048,-553.7355,-536.8913,-535.9223,-555.6639,-576.4647,-525.041,-173.2879,77.16961,143.1306,-68.60288,-418.0654,-636.4444,-580.7855,-567.0707,-548.991,24,24,24,24,24,24,24,24,24,24,24,24,24,24,24,24,533,5330,-571.5442,-555.273,142.0768,-199.4656,-0.3956603,-0.4908978,0.3917762,0.651872,-0.7764634,-0.1273935,-0.1313819,0.6734618,-1.926374E-05,0.1113942,-0.4817896,-1.130236,24,24,24,24,24,24,24,24,24,24,24,24,24,24,24,24
534,5340,-577.3394,-568.4857,-551.0457,-554.923,-576.9057,-590.9039,-525.8065,-168.8993,82.00037,147.0688,-61.83831,-407.4751,-616.3292,-563.1211,-552.2862,-530.7921,24,24,24,24,24,24,24,24,24,24,24,24,24,24,24,24,534,5340,-585.9199,-584.4902,141.815,-206.5659,-0.1330193,0.4908657,-0.1306194,0.391118,0.129494,-0.6424745,-0.2627798,-0.2694868,-1.279833,-0.4454241,-0.4817896,-0.1130107,24,24,24,24,24,24,24,24,24,24,24,24,24,24,24,24
535,5350,-541.6315,-553.9774,-532.4603,-528.7361,-550.3535,-586.9547,-528.7411,-178.5542,77.41734,144.7305,-67.29745,-412.5181,-617.1624,-564.0759,-554.79,-539.7108,24,24,24,24,24,24,24,24,24,24,24,24,24,24,24,24,535,5350,-548.9729,-545.2707,140.3745,-203.7258,0.5235828,0.1227036,0.3917762,-0.2607668,0.2589158,0.001376554,1.284249E-05,0.2693408,1.151813,0.2227594,0.1204497,-0.9041852,24,24,24,24,24,24,24,24,24,24,24,24,24,24,24,24
536,5360,-549.8071,-556.5164,-535.6605,-526.3001,-538.7672,-567.332,-522.8719,-177.4257,75.55935,142.3922,-69.67097,-404.7014,-596.095,-557.6307,-553.5977,-544.1701,24,24,24,24,24,24,24,24,24,24,24,24,24,24,24,24,536,5360,-548.1668,-543.0333,138.9341,-203.984,-0.1330193,0.6135853,-0.2612195,-0.9126002,0.129494,0.001376554,-1.313944,-0.4041933,-0.1280011,-0.3340605,0.1204497,-0.1130107,24,24,24,24,24,24,24,24,24,24,24,24,24,24,24,24
537,5370,-544.517,-553.3729,-535.0451,-521.3063,-526.0945,-554.1269,-511.2611,-175.6703,78.28439,147.315,-61.83831,-401.2974,-581.693,-523.8535,-526.4131,-538.1439,24,24,24,24,24,24,24,24,24,24,24,24,24,24,24,24,537,5370,-560.1242,-560.4057,140.7674,-206.5659,-0.2643402,-1.595378,-0.2612195,0.1304155,0.6471845,0.2589166,0.525595,0.1346343,0.3839247,0.5568504,0.3613451,-0.1130107,24,24,24,24,24,24,24,24,24,24,24,24,24,24,24,24
538,5380,-522.6354,-531.4894,-535.7836,-520.941,-513.6633,-545.7348,-516.7475,-192.8484,66.88873,139.0693,-71.80716,-419.8304,-609.3068,-549.8727,-554.6708,-573.3365,24,24,24,24,24,24,24,24,24,24,24,24,24,24,24,24,538,5380,-536.2094,-546.4552,137.7556,-202.4348,-0.5269812,-0.2454553,0.6529748,0.5215464,-0.7764634,0.001376554,-0.788362,-0.1347803,0.2559428,0.2227594,-0.2408938,-0.2260375,24,24,24,24,24,24,24,24,24,24,24,24,24,24,24,24
539,5390,-566.3986,-570.1783,-579.6008,-554.5577,-536.7154,-556.9654,-513.175,-181.6889,73.45362,143.6229,-76.31688,-433.4466,-621.5663,-527.9116,-534.6401,-552.004,24,24,24,24,24,24,24,24,24,24,24,24,24,24,24,24,539,5390,-567.7823,-580.6736,140.5055,-208.6315,-0.1330193,0.8590246,0.5223764,0.7823004,1.294297,-1.028785,0.3942003,0.6734618,-0.1280011,0.3341231,0.1204497,-0.339061,24,24,24,24,24,24,24,24,24,24,24,24,24,24,24,24
540,5400,-533.8167,-530.4014,-558.3076,-557.7245,-533.9395,-516.8562,-489.443,-173.9149,71.96723,143.0075,-64.21186,-423.991,-626.5654,-533.6405,-529.0363,-532.9615,24,24,24,24,24,24,24,24,24,24,24,24,24,24,24,24,540,5400,-526.6704,-542.1121,138.4103,-204.8877,0.2609417,0.3681461,-0.6530166,-0.5214694,-1.035309,-0.5137045,-0.2627798,-0.5388998,0.7678686,0.1113942,0.7226887,-0.1130107,24,24,24,24,24,24,24,24,24,24,24,24,24,24,24,24
541,5410,-530.0897,-520.7291,-523.5984,-530.4413,-533.8188,-533.6404,-494.5467,-166.2662,78.16052,147.8073,-58.39669,-402.054,-595.1429,-525.5244,-524.267,-520.9092,24,24,24,24,24,24,24,24,24,24,24,24,24,24,24,24,541,5410,-555.0188,-562.5115,140.1126,-207.986,0.6549037,0.2454264,-0.391818,-0.7822233,0.6471845,0.1301466,-0.788362,-0.1347803,-0.7679071,-0.7795151,-0.6022373,1.284249E-05,24,24,24,24,24,24,24,24,24,24,24,24,24,24,24,24
542,5420,-519.8702,-523.0262,-523.3522,-516.3125,-519.4565,-538.0832,-504.2436,-177.4257,73.08202,143.1306,-66.46671,-409.4924,-595.738,-528.0309,-527.4863,-534.6488,24,24,24,24,24,24,24,24,24,24,24,24,24,24,24,24,542,5420,-546.0172,-549.3505,139.327,-204.7586,-0.1330193,-0.8590567,-0.9142152,-0.5214694,0.129494,0.001376554,1.182572,0.1346343,-1.926374E-05,0.6682141,0.3613451,-0.1130107,24,24,24,24,24,24,24,24,24,24,24,24,24,24,24,24
543,5430,-531.0515,-532.094,-536.5221,-529.1015,-521.8704,-540.428,-506.4127,-181.6889,72.71043,144.4844,-70.73908,-421.4695,-607.1644,-539.2503,-550.7363,-582.2552,24,24,24,24,24,24,24,24,24,24,24,24,24,24,24,24,543,5430,-562.0051,-562.1166,135.3986,-210.5679,0.9175446,-0.3681749,0.1305776,0.2607925,-0.6470416,-0.1273935,-1.051151,-0.9430209,-0.1280011,-0.2226968,-0.6022373,-1.130236,24,24,24,24,24,24,24,24,24,24,24,24,24,24,24,24
544,5440,-566.1582,-578.037,-594.3707,-562.1093,-539.1293,-565.1107,-525.1685,-196.9862,65.1546,139.6846,-86.76042,-450.0885,-638.825,-541.2793,-552.644,-590.2097,24,24,24,24,24,24,24,24,24,24,24,24,24,24,24,24,544,5440,-556.3624,-560.6689,134.351,-205.2749,-1.577545,-0.2454553,0.1305776,-0.3910924,0.7766063,0.1301466,-0.788362,0.2693408,0.2559428,-0.3340605,-0.2408938,0.1129882,24,24,24,24,24,24,24,24,24,24,24,24,24,24,24,24
545,5450,-586.8375,-583.5986,-602.3711,-588.2962,-556.6295,-567.7023,-521.9788,-192.3468,67.75579,146.9458,-79.16512,-448.8277,-653.3459,-568.9695,-586.6247,-622.7507,24,24,24,24,24,24,24,24,24,24,24,24,24,24,24,24,545,5450,-565.2296,-573.5667,137.2318,-207.4696,0.3922626,0.8590246,-0.6530166,-0.2607154,-0.3881964,-0.6424745,1.284249E-05,-7.223901E-05,0.5119065,0.4454868,0.1204497,0.5650856,24,24,24,24,24,24,24,24,24,24,24,24,24,24,24,24
546,5460,-594.2916,-593.3918,-618.0024,-594.8734,-555.5433,-568.1959,-523.2546,-193.4753,67.75579,144.6075,-76.67291,-446.5584,-646.9186,-539.847,-553.3594,-578.6395,24,24,24,24,24,24,24,24,24,24,24,24,24,24,24,24,546,5460,-559.5867,-555.273,138.1485,-203.4676,0.5235828,0.2454264,0.6529748,-0.1303384,0.7766063,0.1301466,-0.5255693,0.6734618,-0.1280011,-0.6681514,1.605311E-06,-0.452136,24,24,24,24,24,24,24,24,24,24,24,24,24,24,24,24
547,5470,-549.6869,-544.9098,-564.9541,-559.3079,-533.2153,-517.2265,-490.081,-172.2848,72.83429,147.4381,-59.58346,-419.4523,-624.4229,-523.0181,-523.5517,-531.0331,24,24,24,24,24,24,24,24,24,24,24,24,24,24,24,24,547,5470,-566.3044,-558.0368,138.8032,-205.1459,-0.2643402,-0.8590567,-1.044815,0.1304155,0.5177611,-0.3849336,1.051177,-7.223901E-05,-0.511945,-0.3340605,0.6022406,0.3390353,24,24,24,24,24,24,24,24,24,24,24,24,24,24,24,24
548,5480,-542.2327,-535.2375,-545.6302,-551.269,-545.4052,-541.1685,-502.0746,-171.7833,72.33883,143.3768,-68.72157,-434.4553,-642.9908,-545.6954,-538.3363,-543.5674,24,24,24,24,24,24,24,24,24,24,24,24,24,24,24,24,548,5480,-549.6447,-552.3776,141.1602,-201.273,0.1296217,-0.6136142,0.1305776,0.9126773,-0.7764634,0.001376554,0.1314076,-0.2694868,0.2559428,0.8909414,0.1204497,-1.356337,24,24,24,24,24,24,24,24,24,24,24,24,24,24,24,24
549,5490,-568.8032,-553.1311,-558.3077,-572.9494,-572.0781,-552.8928,-501.6917,-170.0279,71.59563,142.023,-67.77216,-444.9194,-666.5577,-563.7179,-553.2401,-559.2354,24,24,24,24,24,24,24,24,24,24,24,24,24,24,24,24,549,5490,-542.1209,-538.0322,137.2318,-208.1151,-1.183582,-1.605311E-05,-0.5224181,-0.1303384,1.42372,0.1301466,-1.051151,-0.2694868,0.1279626,-0.7795151,-0.361342,0.1129882,24,24,24,24,24,24,24,24,24,24,24,24,24,24,24,24
550,5500,-575.6563,-565.9469,-572.3391,-580.8664,-578.3539,-562.7658,-509.4748,-169.5263,76.30254,150.1456,-60.65156,-429.9165,-648.704,-549.0374,-541.794,-551.6425,24,24,24,24,24,24,24,24,24,24,24,24,24,24,24,24,550,5500,-584.1733,-592.9133,136.1842,-205.7914,-0.1330185,0.4908657,-0.391818,3.852747E-05,-0.6470416,-0.5137045,0.2628023,0.8081683,0.7678686,-0.1113332,1.605311E-06,-0.1130621,24,24,24,24,24,24,24,24,24,24,24,24,24,24,24,24
551,5510,-569.1639,-559.539,-578.9854,-595.6042,-584.2679,-555.8547,-503.4779,-170.1532,72.21497,143.1306,-68.48422,-444.9194,-666.5577,-547.3664,-539.5286,-540.4339,24,24,24,24,24,24,24,24,24,24,24,24,24,24,24,24,551,5510,-568.8571,-582.3845,136.4462,-201.0148,0.3922634,-0.2454553,0.130576,-0.6518463,0.5177611,-0.5137045,0.1314076,-7.223901E-05,-0.1280011,-1.22497,-1.084029,0.3390353,24,24,24,24,24,24,24,24,24,24,24,24,24,24,24,24
552,5520,-562.3109,-557.7255,-550.6766,-564.058,-573.7677,-561.5317,-505.009,-161.6269,79.39919,147.4381,-59.70214,-417.8133,-632.9927,-561.4502,-550.9747,-535.613,24,24,24,24,24,24,24,24,24,24,24,24,24,24,24,24,552,5520,-559.4524,-568.9603,143.5172,-199.4656,0.1296225,-0.1227357,-0.5224197,-0.5214694,7.06337E-05,0.6452268,0.525595,-0.2694868,-1.023871,0.2227594,0.9635841,0.1129882,24,24,24,24,24,24,24,24,24,24,24,24,24,24,24,24
553,5530,-558.2231,-555.7911,-552.2766,-565.1542,-586.4403,-577.3286,-514.068,-163.2569,78.16055,143.6229,-59.46478,-423.4867,-663.4631,-591.6469,-565.9978,-546.46,24,24,24,24,24,24,24,24,24,24,24,24,24,24,24,24,553,5530,-541.0461,-553.2988,141.815,-199.8529,0.2609425,-0.7363371,0.6529732,0.9126773,-0.1294041,0.2589166,-0.3941746,-0.9430209,0.2559428,0.4454868,-1.324924,-0.5651627,24,24,24,24,24,24,24,24,24,24,24,24,24,24,24,24
554,5540,-607.3965,-585.2914,-561.6309,-583.7896,-610.2166,-598.8024,-525.0408,-164.1346,82.24812,145.592,-65.75465,-424.8735,-643.5859,-575.0566,-558.6055,-539.1082,24,24,24,24,24,24,24,24,24,24,24,24,24,24,24,24,554,5540,-551.7943,-546.4552,139.0651,-203.984,-0.6583005,0.4908657,1.17537,0.2607925,0.9059767,-0.7712445,-0.6569641,0.1346343,-0.3839632,-0.6681514,-0.7226851,-0.2260888,24,24,24,24,24,24,24,24,24,24,24,24,24,24,24,24
555,5550,-550.8891,-556.1537,-532.8296,-535.6786,-550.4742,-563.7531,-512.9197,-166.3916,83.48678,146.4535,-65.87331,-405.7101,-596.9282,-544.1438,-542.7479,-537.1797,24,24,24,24,24,24,24,24,24,24,24,24,24,24,24,24,555,5550,-533.791,-544.8759,138.8032,-199.8529,0.5235835,-1.605311E-05,-0.1306226,0.7823004,1.765843E-05,-1.543865,-3.852747E-05,0.2693408,-0.3839632,0.4454868,1.605311E-06,-0.3391124,24,24,24,24,24,24,24,24,24,24,24,24,24,24,24,24
556,5560,-543.6754,-548.295,-540.4607,-534.3389,-541.6638,-560.7913,-511.3886,-175.4195,75.55936,143.1306,-66.70405,-404.7015,-590.3818,-536.147,-540.244,-546.0984,24,24,24,24,24,24,24,24,24,24,24,24,24,24,24,24,556,5560,-537.1498,-558.4316,137.8866,-202.693,-0.1330185,-0.7363371,0.3917746,0.3911694,0.1294411,-0.3849336,-0.2628312,-0.4041933,-0.3839632,-0.6681514,-0.2408938,0.4520621,24,24,24,24,24,24,24,24,24,24,24,24,24,24,24,24
557,5570,-536.8224,-562.078,-555.1075,-531.0502,-526.4567,-561.6552,-518.7889,-185.8267,73.45364,141.4076,-77.97833,-422.8563,-599.6658,-536.9825,-542.3902,-556.7044,24,24,24,24,24,24,24,24,24,24,24,24,24,24,24,24,557,5570,-533.2536,-531.3201,139.9817,-198.5619,-0.5269804,-1.605311E-05,-1.697813,-0.2607154,-0.1294041,0.5164568,0.919731,-0.2694868,-1.926374E-05,0.7795777,0.4817929,0.5650856,24,24,24,24,24,24,24,24,24,24,24,24,24,24,24,24
558,5580,-542.2327,-545.9979,-558.8,-534.826,-516.1979,-534.8745,-500.033,-177.5511,75.31163,146.3304,-76.6729,-435.0856,-621.9234,-537.3405,-548.4709,-583.3399,24,24,24,24,24,24,24,24,24,24,24,24,24,24,24,24,558,5580,-542.2552,-530.2672,145.3505,-198.3038,0.6549044,-0.6136142,0.7835717,0.3911694,0.6471315,0.1301466,-0.2628312,-0.9430209,-0.7679071,-0.2226968,-1.084029,-0.6781862,24,24,24,24,24,24,24,24,24,24,24,24,24,24,24,24
559,5590,-574.2134,-569.5739,-591.9091,-570.2698,-553.3708,-575.971,-526.9547,-191.5945,68.00354,141.5306,-82.60673,-443.4065,-633.3498,-539.9662,-550.3785,-577.5548,24,24,24,24,24,24,24,24,24,24,24,24,24,24,24,24,559,5590,-553.4065,-553.6937,140.5055,-198.691,-0.7896214,-0.8590567,-0.2612211,0.2607925,0.6471315,0.3876867,-1.051203,0.4040473,1.023831,-0.3340605,-0.7227365,-1.01726,24,24,24,24,24,24,24,24,24,24,24,24,24,24,24,24
560,5600,-555.2173,-556.2747,-566.6772,-558.2116,-535.6292,-533.6404,-494.9294,-173.7895,73.2059,145.8381,-65.51728,-436.4724,-639.6581,-527.5534,-533.9247,-562.61,24,24,24,24,24,24,24,24,24,24,24,24,24,24,24,24,560,5600,-582.2924,-568.9603,137.2318,-206.695,0.5235835,0.2454264,-0.1306226,0.3911694,-0.1294041,-1.543865,0.1313562,0.5387554,-0.2559814,-0.2226968,-0.1204975,0.4520621,24,24,24,24,24,24,24,24,24,24,24,24,24,24,24,24
561,5610,-567.9615,-554.2194,-578.2469,-584.155,-568.8193,-553.3865,-506.6677,-175.2941,70.97632,141.8999,-72.0445,-438.2375,-641.8005,-533.0437,-533.2094,-540.675,24,24,24,24,24,24,24,24,24,24,24,24,24,24,24,24,561,5610,-566.7075,-572.3821,135.7914,-193.9145,0.2609425,-1.605311E-05,0.5223731,3.852747E-05,-1.294207,0.2589166,1.182521,0.1346343,-1.926374E-05,0.1113942,0.3612938,0.3390353,24,24,24,24,24,24,24,24,24,24,24,24,24,24,24,24
562,5620,-544.8777,-544.1842,-553.0151,-563.5708,-559.0433,-542.4027,-499.6502,-168.3978,75.68323,145.592,-62.55037,-426.1343,-637.2776,-544.7404,-536.5478,-530.7921,24,24,24,24,24,24,24,24,24,24,24,24,24,24,24,24,562,5620,-564.2891,-568.8287,140.6364,-199.7238,-1.183582,-0.2454553,-0.6530198,-0.2607154,0.6471315,0.1301466,0.1313562,0.2693408,-0.8958889,3.050092E-05,-4.976465E-05,0.1129882,24,24,24,24,24,24,24,24,24,24,24,24,24,24,24,24
563,5630,-553.7746,-547.6904,-552.2766,-566.1286,-574.4919,-567.0853,-516.4922,-177.1749,69.73766,141.8999,-64.56787,-438.7418,-669.7714,-581.3822,-568.1439,-561.6459,24,24,24,24,24,24,24,24,24,24,24,24,24,24,24,24,563,5630,-521.1619,-538.8218,144.4339,-196.1091,0.6549044,-0.3681749,-0.6530198,-0.2607154,1.035398,0.001376554,0.1313562,-0.8083144,0.3839247,0.5568504,-4.976465E-05,-0.5651627,24,24,24,24,24,24,24,24,24,24,24,24,24,24,24,24
564,5640,-578.4214,-575.498,-573.816,-585.1293,-585.1127,-567.4555,-510.8782,-169.0248,73.70136,145.8381,-62.31302,-435.716,-673.4611,-576.25,-561.3477,-556.7045,24,24,24,24,24,24,24,24,24,24,24,24,24,24,24,24,564,5640,-538.4935,-539.3483,139.0651,-199.4656,0.5235835,-1.595378,-1.044817,0.6519234,1.765843E-05,0.001376554,-0.6570154,0.4040473,-0.3839632,-0.3340605,-0.7227365,-0.791213,24,24,24,24,24,24,24,24,24,24,24,24,24,24,24,24
565,5650,-607.2763,-584.9285,-594.1246,-620.6949,-622.2857,-583.746,-523.2546,-176.7988,71.34792,147.8072,-54.36168,-427.7733,-670.9616,-569.6855,-556.9362,-539.3492,24,24,24,24,24,24,24,24,24,24,24,24,24,24,24,24,565,5650,-547.8981,-565.1437,142.7316,-197.5292,0.7862253,0.2454264,0.3917746,0.5215464,0.1294411,-1.930176,0.1313562,0.1346343,-0.6399269,0.6682141,0.9635327,0.1129882,24,24,24,24,24,24,24,24,24,24,24,24,24,24,24,24
566,5660,-562.5513,-544.0633,-532.0912,-549.442,-565.802,-568.0726,-516.3647,-171.031,75.68323,142.3922,-58.04065,-414.1572,-639.42,-583.65,-564.2093,-542.4828,24,24,24,24,24,24,24,24,24,24,24,24,24,24,24,24,566,5660,-548.7043,-551.9827,135.1367,-201.273,-0.2643394,-0.3681749,1.305969,-0.9126002,-1.035362,1.031538,1.051126,-0.9430209,0.2559428,-0.5567878,-0.6022887,0.1129882,24,24,24,24,24,24,24,24,24,24,24,24,24,24,24,24
567,5670,-588.8813,-577.3116,-567.0465,-583.3024,-600.9233,-590.4103,-523.765,-170.5294,78.53214,149.8994,-51.03873,-404.4494,-640.4913,-583.65,-563.9708,-533.6846,24,24,24,24,24,24,24,24,24,24,24,24,24,24,24,24,567,5670,-522.9085,-522.2391,136.3152,-199.5947,-0.001698419,1.595346,-2.247436E-05,-1.434108,0.1294411,0.1301466,-1.70818,0.2693408,0.2559428,-0.3340605,-0.3613933,-0.1130621,24,24,24,24,24,24,24,24,24,24,24,24,24,24,24,24
568,5680,-558.1028,-553.3729,-533.5682,-536.2877,-550.8362,-566.098,-517.2578,-174.0402,77.04575,147.6842,-55.31109,-395.2459,-590.8579,-527.3147,-529.8709,-528.6227,24,24,24,24,24,24,24,24,24,24,24,24,24,24,24,24,568,5680,-514.1756,-521.581,143.2554,-192.7526,0.7862253,-0.2454553,-0.6530198,0.6519234,0.6471315,-0.9000146,-0.6570154,-0.9430209,1.023831,-0.2226968,-0.6022887,-0.452136,24,24,24,24,24,24,24,24,24,24,24,24,24,24,24,24
569,5690,-523.8378,-531.6103,-525.5679,-519.1139,-527.6635,-556.4719,-521.0856,-191.8452,67.13651,142.2691,-59.22742,-395.372,-587.1682,-533.0437,-541.7939,-567.5515,24,24,24,24,24,24,24,24,24,24,24,24,24,24,24,24,569,5690,-531.9102,-536.7161,143.3863,-198.8201,-0.2643394,-0.8590567,0.3917746,1.303811,0.3883393,-0.2561635,-0.6570154,0.8081683,0.3839247,-0.2226968,-1.204528,0.2260118,24,24,24,24,24,24,24,24,24,24,24,24,24,24,24,24
570,5700,-563.3929,-579.0042,-570.739,-541.7686,-529.1118,-575.6008,-538.8207,-201.8762,67.01265,143.3767,-75.6048,-428.7819,-629.66,-560.2565,-575.6555,-615.2784,24,24,24,24,24,24,24,24,24,24,24,24,24,24,24,24,570,5700,-519.4153,-510.9207,137.8866,-203.8549,-0.6583005,0.1227036,-0.1306226,0.2607925,0.129494,-2.574026,-0.1314333,0.4040473,-0.6399269,3.050092E-05,0.2408461,0.4520621,24,24,24,24,24,24,24,24,24,24,24,24,24,24,24,24
571,5710,-604.0301,-612.0107,-617.1411,-579.6484,-556.2674,-595.5937,-540.4794,-196.4846,73.94914,149.8994,-75.1301,-428.6558,-616.0912,-530.6566,-545.0132,-581.7731,24,24,24,24,24,24,24,24,24,24,24,24,24,24,24,24,571,5710,-534.1942,-529.4775,139.0651,-196.3673,-0.3956595,-0.2454553,0.5223731,0.1304155,-0.7764634,0.7739977,1.313918,-0.2694868,-0.1280011,3.050092E-05,-4.976465E-05,0.3390353,24,24,24,24,24,24,24,24,24,24,24,24,24,24,24,24
572,5720,-570.6066,-582.7523,-583.1703,-561.9874,-545.2845,-571.2814,-524.1478,-189.9644,70.97636,145.0997,-68.24686,-423.2345,-626.3273,-544.8598,-548.2324,-563.4537,24,24,24,24,24,24,24,24,24,24,24,24,24,24,24,24,572,5720,-581.2176,-571.4609,139.4579,-197.5292,-0.5269804,-1.605311E-05,-0.1306226,-1.434108,0.5177611,0.1301466,-0.7884133,0.5388067,-0.3839632,-0.1113332,0.8430851,-3.852747E-05,24,24,24,24,24,24,24,24,24,24,24,24,24,24,24,24
573,5730,-546.3205,-550.9548,-565.6926,-554.0704,-530.4394,-534.3809,-497.226,-175.2941,73.82528,148.7918,-67.89082,-433.951,-629.4221,-513.947,-526.7709,-568.6362,24,24,24,24,24,24,24,24,24,24,24,24,24,24,24,24,573,5730,-539.2996,-538.2953,137.3628,-202.5639,0.6549044,-1.472658,-0.3918212,0.3911694,0.3883393,-0.6424745,-0.5256207,-0.808263,-0.1280027,3.050092E-05,-0.481841,-3.852747E-05,24,24,24,24,24,24,24,24,24,24,24,24,24,24,24,24
574,5740,-577.5799,-566.4304,-599.6634,-594.7516,-558.0778,-539.4409,-501.1813,-179.808,69.48997,144.3613,-70.02701,-444.2891,-651.6797,-531.7308,-531.7786,-545.2548,24,24,24,24,24,24,24,24,24,24,24,24,24,24,24,24,574,5740,-559.0494,-557.3787,140.8983,-190.8162,-0.2643394,-1.472658,-0.2612211,0.1304155,-0.3881964,0.5164568,-0.2628312,0.4040986,-0.1280027,-0.1112786,-0.8431842,-0.6781862,24,24,24,24,24,24,24,24,24,24,24,24,24,24,24,24
575,5750,-550.1678,-541.6452,-553.2613,-561.2566,-551.0777,-537.096,-495.5673,-171.4071,73.20595,145.592,-63.26244,-428.1515,-633.5879,-520.0341,-519.6171,-530.4306,24,24,24,24,24,24,24,24,24,24,24,24,24,24,24,24,575,5750,-555.0188,-556.8523,145.8743,-199.982,0.1296225,-0.1227357,0.5223731,0.2607925,-0.1293512,-1.157555,0.3941489,0.4040986,-0.7679103,0.2228124,-0.1204457,0.5650856,24,24,24,24,24,24,24,24,24,24,24,24,24,24,24,24
576,5760,-542.954,-532.9402,-553.9998,-571.1224,-567.009,-535.6151,-488.2946,-162.2538,73.82528,143.2536,-65.63596,-440.5068,-660.9636,-544.7404,-538.0978,-536.0952,24,24,24,24,24,24,24,24,24,24,24,24,24,24,24,24,576,5760,-564.5579,-565.6701,138.8032,-200.3693,-0.7896214,0.3681461,1.04477,0.6519234,-0.3881964,0.9027677,-3.852747E-05,-0.134729,0.2559412,-0.1112786,0.3613451,0.4520621,24,24,24,24,24,24,24,24,24,24,24,24,24,24,24,24
577,5770,-565.3165,-546.4814,-553.6306,-567.3466,-569.7849,-555.608,-500.1606,-161.8776,79.89471,147.0688,-55.3111,-406.7187,-615.1391,-541.5179,-530.944,-512.8343,24,24,24,24,24,24,24,24,24,24,24,24,24,24,24,24,577,5770,-565.2296,-570.8029,134.351,-203.5967,-0.2643394,0.4908657,0.2611761,-1.434108,7.06337E-05,0.7739977,-0.5256207,1.077633,-0.2559845,-0.2226422,-0.8431328,-0.3391124,24,24,24,24,24,24,24,24,24,24,24,24,24,24,24,24
578,5780,-538.5056,-535.1166,-520.2753,-522.4025,-543.5947,-559.804,-505.3919,-158.9937,86.58347,148.6687,-58.99007,-393.733,-585.7399,-542.592,-537.7401,-526.9354,24,24,24,24,24,24,24,24,24,24,24,24,24,24,24,24,578,5780,-532.985,-551.1931,140.1126,-196.3673,-0.001698419,-0.7363371,-0.9142184,-0.3910924,0.5177611,0.001376554,0.5255436,-0.134729,-2.247436E-05,0.4455397,-0.1204457,0.1129882,24,24,24,24,24,24,24,24,24,24,24,24,24,24,24,24
579,5790,-525.5209,-535.2375,-524.4601,-508.0301,-522.2324,-557.706,-513.1749,-174.6672,79.27538,146.9457,-67.17876,-404.5754,-597.9995,-557.9888,-559.5593,-564.6589,24,24,24,24,24,24,24,24,24,24,24,24,24,24,24,24,579,5790,-509.742,-507.7621,138.8032,-199.8529,-0.6583005,-0.2454553,0.2611761,0.7823004,-0.9058868,0.6452268,-0.7884133,-0.2694355,0.1279594,-0.2226422,-0.6022373,-0.791213,24,24,24,24,24,24,24,24,24,24,24,24,24,24,24,24
580,5800,-566.5188,-577.5535,-557.323,-538.8455,-561.8192,-619.7826,-541.1174,-182.065,80.01858,144.3613,-73.82466,-408.3577,-600.618,-570.1629,-570.0516,-566.1052,24,24,24,24,24,24,24,24,24,24,24,24,24,24,24,24,580,5800,-540.1057,-540.2696,140.6364,-199.2074,-0.001698419,-0.2454553,0.5223731,-0.3910924,0.2589158,-0.9000146,-0.1314333,0.2693921,-1.023872,0.2228124,-0.1204457,-3.852747E-05,24,24,24,24,24,24,24,24,24,24,24,24,24,24,24,24
581,5810,-557.2612,-578.6417,-556.9537,-523.0115,-528.3877,-589.9167,-529.8893,-182.692,78.53219,147.5611,-72.40054,-418.0655,-615.4962,-562.6436,-568.0247,-586.1119,24,24,24,24,24,24,24,24,24,24,24,24,24,24,24,24,581,5810,-558.512,-561.4586,142.4697,-194.6891,0.2609947,0.6135853,-0.3918212,-0.3910924,-0.2587746,0.2589166,0.6569384,-0.134729,0.3839214,-0.1112786,1.605311E-06,0.3390353,24,24,24,24,24,24,24,24,24,24,24,24,24,24,24,24
582,5820,-570.2459,-578.0371,-574.4315,-537.6274,-525.6118,-567.0853,-524.403,-188.9613,71.47182,145.592,-70.38304,-414.4093,-600.7371,-533.0437,-539.0516,-555.6198,24,24,24,24,24,24,24,24,24,24,24,24,24,24,24,24,582,5820,-562.9456,-548.5609,142.4697,-199.5947,1.048918,0.1227036,0.130576,-1.042977,1.035452,0.1301466,-0.1314333,0.4040986,-0.1280027,-1.002188,-0.7226847,-0.3391124,24,24,24,24,24,24,24,24,24,24,24,24,24,24,24,24
583,5830,-539.5876,-542.0081,-549.0765,-531.9028,-510.0425,-518.9543,-491.9948,-178.5542,70.23317,142.7614,-65.39862,-424.3692,-621.4474,-519.5567,-521.644,-541.8802,24,24,24,24,24,24,24,24,24,24,24,24,24,24,24,24,583,5830,-532.985,-523.8184,135.5295,-202.693,-0.6582483,-0.4908946,-0.6529684,-0.5214694,0.5177611,-0.5137045,0.3941489,-0.134729,-0.1280027,8.50815E-05,0.2408974,0.3390353,24,24,24,24,24,24,24,24,24,24,24,24,24,24,24,24
584,5840,-541.0303,-539.2273,-551.7843,-558.0898,-547.457,-540.7983,-496.5881,-170.9056,77.16966,149.6533,-60.17684,-415.2918,-616.9244,-526.0018,-525.5786,-535.7335,24,24,24,24,24,24,24,24,24,24,24,24,24,24,24,24,584,5840,-520.4902,-520.1334,139.327,-195.98,-0.001646247,-0.7363371,0.7836231,0.3911694,7.06337E-05,0.3876867,0.262751,-0.404142,-0.1280027,-0.1112786,-0.6022373,-0.2260888,24,24,24,24,24,24,24,24,24,24,24,24,24,24,24,24
585,5850,-538.5056,-536.4465,-557.9384,-563.2054,-549.5087,-548.5734,-510.3679,-187.0805,66.39332,142.3922,-72.04451,-438.8678,-641.4435,-545.934,-559.4401,-594.6691,24,24,24,24,24,24,24,24,24,24,24,24,24,24,24,24,585,5850,-540.7774,-549.877,138.4103,-200.6275,-0.7895692,-0.2454553,0.391826,3.852747E-05,-0.1294025,-0.5137045,-1.051203,-0.808263,0.1279594,-0.4453695,-0.4817893,-0.3391124,24,24,24,24,24,24,24,24,24,24,24,24,24,24,24,24
586,5860,-578.7821,-575.8609,-589.8168,-569.539,-544.9224,-553.1396,-507.5609,-182.065,72.71049,146.6996,-67.77215,-433.8248,-635.4923,-529.7018,-534.4017,-554.4146,24,24,24,24,24,24,24,24,24,24,24,24,24,24,24,24,586,5860,-568.7228,-577.6466,141.4221,-200.3693,0.1296746,0.9817474,-0.2611697,1.043054,-0.1294025,-0.3849336,0.1313562,0.9429262,-2.247436E-05,0.4455397,-0.6022373,0.4520621,24,24,24,24,24,24,24,24,24,24,24,24,24,24,24,24
587,5870,-544.6372,-547.086,-559.0461,-560.5258,-545.6465,-535.6151,-496.3329,-174.7926,70.35703,143.9921,-56.37919,-410.1228,-615.9722,-523.2567,-526.1747,-544.2906,24,24,24,24,24,24,24,24,24,24,24,24,24,24,24,24,587,5870,-560.1242,-591.992,144.172,-194.4309,0.5236357,-0.8590567,2.88956E-05,-0.6518463,1.926374E-05,-0.2561635,-0.1314333,-2.086905E-05,0.5119033,-0.7794605,-0.4817893,-0.2260888,24,24,24,24,24,24,24,24,24,24,24,24,24,24,24,24
588,5880,-542.2326,-536.9302,-556.8307,-566.6158,-546.2499,-522.6567,-485.4877,-166.1408,77.04579,149.8994,-60.77022,-423.991,-626.3274,-514.9019,-514.6094,-527.0559,24,24,24,24,24,24,24,24,24,24,24,24,24,24,24,24,588,5880,-534.4628,-554.2202,145.2195,-200.1111,-0.3956073,-0.1227357,-0.6529684,3.852747E-05,0.2588645,-0.5137045,-0.1314333,0.6735132,-1.151854,-0.5567332,0.1204497,-3.852747E-05,24,24,24,24,24,24,24,24,24,24,24,24,24,24,24,24
589,5890,-534.1774,-532.2149,-542.4301,-552.6088,-543.8362,-532.7766,-489.9533,-170.2786,70.4809,139.5615,-61.60096,-417.5611,-618.7098,-525.5244,-521.7632,-520.3067,24,24,24,24,24,24,24,24,24,24,24,24,24,24,24,24,589,5890,-542.524,-546.4552,140.8983,-197.6583,-0.001646247,-0.8590567,0.1306274,0.3911694,0.2588645,0.001376554,0.3941489,0.1346856,-2.407967E-05,0.3341761,0.4817933,0.1129882,24,24,24,24,24,24,24,24,24,24,24,24,24,24,24,24
590,5900,-529.3682,-520.9709,-524.0909,-533.3644,-540.2154,-534.7512,-488.805,-160.7492,77.54126,145.715,-55.7858,-393.8591,-591.6912,-533.2825,-526.4132,-509.5802,24,24,24,24,24,24,24,24,24,24,24,24,24,24,24,24,590,5900,-551.1226,-550.0087,137.2318,-203.5967,-0.6582483,-0.1227357,-0.1305712,0.6519234,-0.1294025,-0.2561635,-1.182598,0.4040986,-0.6399317,-0.4453695,1.605311E-06,-0.5651627,24,24,24,24,24,24,24,24,24,24,24,24,24,24,24,24
591,5910,-525.2805,-523.9935,-511.7826,-513.0239,-530.0773,-551.9055,-501.8193,-163.2569,82.99136,146.4535,-62.90641,-395.8763,-584.7878,-544.0244,-545.2516,-532.1179,24,24,24,24,24,24,24,24,24,24,24,24,24,24,24,24,591,5910,-573.4251,-569.6185,139.8507,-195.3345,0.2609947,1.104467,2.88956E-05,-0.1303384,0.2588645,-0.6424745,0.6569384,0.8082197,0.5119017,0.890996,-0.1204457,-0.452136,24,24,24,24,24,24,24,24,24,24,24,24,24,24,24,24
592,5920,-551.851,-558.4509,-537.0145,-518.6267,-540.2154,-600.0365,-529.379,-178.178,78.03672,143.0075,-73.1126,-410.8792,-606.4503,-558.705,-555.5054,-554.053,24,24,24,24,24,24,24,24,24,24,24,24,24,24,24,24,592,5920,-562.8113,-550.6667,139.196,-200.2402,0.5236357,0.3681461,0.2612275,-0.7822233,-0.7765148,0.001376554,-3.852747E-05,-0.404142,0.1279578,-1.002188,-0.1204457,-0.4520814,24,24,24,24,24,24,24,24,24,24,24,24,24,24,24,24
593,5930,-550.0475,-556.6373,-547.2303,-534.0953,-530.9222,-559.5571,-513.0474,-178.805,73.32981,142.8844,-70.02701,-410.7531,-600.7371,-536.8631,-541.6747,-555.0172,24,24,24,24,24,24,24,24,24,24,24,24,24,24,24,24,593,5930,-570.3351,-558.1685,144.3029,-195.0763,-0.7895692,0.7363049,0.6530246,-0.2607154,-0.258826,0.1301466,-0.1314333,0.5388067,-0.383968,-0.4453695,0.4817933,-0.2260311,24,24,24,24,24,24,24,24,24,24,24,24,24,24,24,24
594,5940,-552.2117,-559.9016,-563.231,-541.525,-537.4395,-570.5408,-521.2131,-181.3127,78.16058,149.4072,-67.77215,-408.1055,-593.8336,-544.2631,-556.1016,-580.5679,24,24,24,24,24,24,24,24,24,24,24,24,24,24,24,24,594,5940,-575.5748,-548.9558,146.0052,-197.0128,0.3923156,-1.104496,-0.2611697,0.5215464,0.5177097,-0.2561635,0.1313562,-0.5388485,-0.7679119,-0.3340059,-1.204476,0.9042173,24,24,24,24,24,24,24,24,24,24,24,24,24,24,24,24
595,5950,-563.5131,-588.3138,-579.8471,-546.8842,-532.6118,-569.1833,-520.8304,-188.3344,72.09116,143.9921,-71.45113,-413.9049,-596.6902,-526.8373,-539.0516,-576.5907,24,24,24,24,24,24,24,24,24,24,24,24,24,24,24,24,595,5950,-581.4863,-580.1472,143.3863,-196.8837,-0.9208893,-0.9817763,0.1306274,0.2607925,1.926374E-05,0.7739977,-0.9198081,-0.6735566,0.8958456,0.6682686,-0.3613415,-1.469303,24,24,24,24,24,24,24,24,24,24,24,24,24,24,24,24
596,5960,-567.12,-567.8812,-579.724,-554.6794,-534.7843,-557.8293,-515.7267,-187.0805,68.87064,141.7768,-78.33437,-433.8248,-628.5889,-544.7405,-554.9092,-574.0597,24,24,24,24,24,24,24,24,24,24,24,24,24,24,24,24,596,5960,-578.2618,-572.7771,141.553,-200.4984,-0.9208893,-0.1227357,-0.2611697,-0.5214694,0.1294427,-1.415095,-0.394226,0.1346856,-2.407967E-05,0.5569034,-0.9635805,-0.6781285,24,24,24,24,24,24,24,24,24,24,24,24,24,24,24,24
597,5970,-553.2937,-560.7479,-575.7854,-559.0643,-540.0947,-560.2976,-514.1957,-185.0743,69.48997,142.2691,-77.14761,-432.1858,-622.6376,-528.747,-537.2631,-560.4407,24,24,24,24,24,24,24,24,24,24,24,24,24,24,24,24,597,5970,-558.2433,-562.6432,139.4579,-199.0783,0.3923156,1.227187,0.1306274,1.043054,-0.3882478,-0.7712445,0.3941489,-2.086905E-05,-0.383968,0.2228124,0.4817933,0.2260696,24,24,24,24,24,24,24,24,24,24,24,24,24,24,24,24
598,5980,-546.2003,-546.1186,-573.0776,-555.2885,-521.1461,-525.125,-496.9709,-180.1842,71.10023,146.4535,-64.09317,-422.7302,-617.9957,-516.0954,-520.3324,-537.3004,24,24,24,24,24,24,24,24,24,24,24,24,24,24,24,24,598,5980,-529.3575,-529.7409,140.8983,-195.3345,-0.3956073,-0.7363371,0.5224245,-0.1303384,0.2588645,0.1301466,-0.394226,-2.086905E-05,-0.383968,-0.5567332,-0.7226847,0.1130428,24,24,24,24,24,24,24,24,24,24,24,24,24,24,24,24
599,5990,-530.5706,-522.9053,-535.4144,-535.9223,-518.853,-507.7238,-478.5978,-163.6331,75.1878,145.9612,-55.90448,-405.0797,-600.618,-510.8439,-507.5747,-505.7235,24,24,24,24,24,24,24,24,24,24,24,24,24,24,24,24,599,5990,-544.1363,-535.6633,144.9577,-197.7874,-0.1329663,0.7363049,-0.7836183,3.852747E-05,0.5177097,0.9027677,1.708103,0.4040986,-0.6399317,0.2228124,0.1204497,-0.7911552,24,24,24,24,24,24,24,24,24,24,24,24,24,24,24,24
600,6000,-526.3625,-522.3008,-529.8757,-546.2753,-557.2329,-548.5734,-501.309,-170.1532,71.84342,142.0229,-56.14183,-409.9966,-627.5176,-541.5179,-532.9708,-524.2839,24,24,24,24,24,24,24,24,24,24,24,24,24,24,24,24,600,6000,-530.9697,-530.5305,137.8866,-199.0783,-0.001646247,-1.595378,-0.6530198,0.1304155,-0.1294025,0.001376554,-1.051203,-1.077676,0.3839198,8.50815E-05,-0.7226847,-0.5651049,24,24,24,24,24,24,24,24,24,24,24,24,24,24,24,24
601,6010,-542.5934,-528.8295,-525.4448,-544.9355,-564.9572,-556.9655,-501.0538,-158.9937,83.11517,151.4993,-46.76638,-394.3633,-621.5664,-573.5049,-554.6708,-522.235,24,24,24,24,24,24,24,24,24,24,24,24,24,24,24,24,601,6010,-530.298,-528.1616,143.6482,-195.98,-0.6582483,-0.1227357,0.3917746,0.1304155,0.7766063,-0.7712445,-0.5256207,-0.404142,0.3839198,-0.7794605,-0.4817893,0.3390931,24,24,24,24,24,24,24,24,24,24,24,24,24,24,24,24
602,6020,-563.6334,-551.5593,-525.6909,-525.4475,-551.0776,-574.9838,-520.4477,-170.5294,78.53214,144.1152,-60.4142,-396.3806,-602.0463,-557.7501,-551.5708,-537.3004,24,24,24,24,24,24,24,24,24,24,24,24,24,24,24,24,602,6020,-555.1532,-550.1403,142.4697,-195.2054,0.5236357,-1.605311E-05,-0.1306226,0.5215464,-0.6470416,-0.5137045,-0.2628312,-0.404142,-0.5119498,0.1114487,0.8431364,0.4521167,24,24,24,24,24,24,24,24,24,24,24,24,24,24,24,24
603,6030,-535.8606,-541.1616,-522.4908,-511.3187,-524.4048,-554.3738,-508.7093,-174.291,77.66507,145.7151,-59.22742,-386.5467,-569.6716,-530.0599,-530.467,-539.3492,24,24,24,24,24,24,24,24,24,24,24,24,24,24,24,24,603,6030,-554.6158,-555.4047,141.9459,-199.4656,-0.5269282,0.3681461,0.6529732,-0.1303384,-0.2587746,0.7739977,0.262751,-0.9429695,-0.5119498,-0.6680969,-0.3613415,0.3390931,24,24,24,24,24,24,24,24,24,24,24,24,24,24,24,24
604,6040,-531.4122,-538.7435,-529.8757,-508.3955,-505.2148,-534.7512,-495.1846,-170.404,79.89466,146.8227,-68.36552,-408.6098,-582.5263,-513.3503,-521.0478,-547.1832,24,24,24,24,24,24,24,24,24,24,24,24,24,24,24,24,604,6040,-527.0735,-533.8208,142.0768,-193.3981,-0.3956073,-1.605311E-05,-1.567214,-0.5214694,-0.2587746,0.1301466,0.7883363,0.2693921,-1.5358,8.50815E-05,-0.1204457,0.2260696,24,24,24,24,24,24,24,24,24,24,24,24,24,24,24,24
605,6050,-525.7614,-527.6205,-562.8617,-542.4995,-517.0426,-525.6187,-494.2915,-179.6827,69.24219,142.023,-75.96083,-437.9852,-629.7792,-523.376,-540.6016,-573.2161,24,24,24,24,24,24,24,24,24,24,24,24,24,24,24,24,605,6050,-537.15,-529.8725,143.3863,-194.6891,0.5236357,-0.8590567,-0.1306226,-0.2607154,0.2589158,-0.1273935,0.3941489,-0.808263,-0.5119466,-0.3340059,-0.3613415,-0.5651049,24,24,24,24,24,24,24,24,24,24,24,24,24,24,24,24
606,6060,-560.8681,-559.5389,-588.709,-586.3475,-556.9915,-548.3266,-507.3058,-185.1997,67.0126,142.7614,-79.87716,-452.1056,-644.1812,-529.105,-549.7823,-611.1807,24,24,24,24,24,24,24,24,24,24,24,24,24,24,24,24,606,6060,-551.3913,-542.507,142.6006,-194.8181,-0.7895692,-1.349935,-2.247436E-05,0.6519234,-0.1293512,0.001376554,-0.6570154,0.4040986,-2.247436E-05,-0.2226968,-0.2408938,-0.3390546,24,24,24,24,24,24,24,24,24,24,24,24,24,24,24,24
607,6070,-608.5988,-574.2891,-633.634,-600.3544,-549.75,-535.9853,-499.5227,-179.3065,70.23312,146.9458,-70.62038,-450.7188,-660.1305,-531.3727,-542.2708,-573.9392,24,24,24,24,24,24,24,24,24,24,24,24,24,24,24,24,607,6070,-545.7485,-535.0052,141.815,-196.4964,0.7862775,0.3681461,0.3917746,3.852747E-05,0.6471845,-1.415095,-0.1314333,0.2693921,-0.7679103,-0.2226968,-0.1204975,0.9042173,24,24,24,24,24,24,24,24,24,24,24,24,24,24,24,24
608,6080,-578.4214,-567.6393,-582.9241,-590.3668,-561.3364,-539.6877,-496.3329,-172.1594,71.59564,145.8382,-65.75464,-435.968,-647.8709,-536.0276,-539.0516,-549.5936,24,24,24,24,24,24,24,24,24,24,24,24,24,24,24,24,608,6080,-557.4372,-550.93,141.0293,-193.3981,-0.2642872,0.3681461,-0.7836183,0.2607925,-1.035309,0.1301466,0.7883363,0.2693921,0.3839214,0.2227594,0.7226374,0.4520621,24,24,24,24,24,24,24,24,24,24,24,24,24,24,24,24
609,6090,-553.1735,-540.678,-550.6766,-561.9874,-555.3018,-537.4662,-492.1224,-162.5046,79.15146,148.5457,-58.75271,-422.0998,-636.5636,-539.4888,-530.2285,-533.3231,24,24,24,24,24,24,24,24,24,24,24,24,24,24,24,24,609,6090,-558.7808,-563.5645,142.7316,-196.4964,0.3923156,0.4908657,0.5223731,-1.955619,0.2589158,0.3876867,-3.852747E-05,0.4040986,0.1279594,-0.4454241,-0.481841,-3.852747E-05,24,24,24,24,24,24,24,24,24,24,24,24,24,24,24,24
610,6100,-551.4902,-542.1289,-547.4764,-569.9044,-573.0435,-553.2631,-505.3919,-172.034,71.34791,145.0997,-56.02315,-420.5869,-648.8231,-563.2404,-548.9478,-535.2515,24,24,24,24,24,24,24,24,24,24,24,24,24,24,24,24,610,6100,-589.5475,-603.1788,141.553,-191.5907,0.3923156,-0.1227357,-0.5224197,0.5215464,0.7766063,0.3876867,0.7883363,-0.134729,0.2559412,0.3341231,-4.976465E-05,0.3390353,24,24,24,24,24,24,24,24,24,24,24,24,24,24,24,24
611,6110,-569.5245,-548.2949,-541.8147,-561.3785,-584.0264,-574.9838,-506.923,-156.6114,83.48676,149.7764,-58.99007,-426.1342,-656.0837,-578.0403,-560.2746,-538.9877,24,24,24,24,24,24,24,24,24,24,24,24,24,24,24,24,611,6110,-582.6955,-591.8604,141.9459,-195.0763,0.2609947,-1.472658,-0.3918212,1.173434,-0.2587746,-0.2561635,-0.2628312,-2.086905E-05,0.3839214,-0.2226968,-1.445424,-0.6781862,24,24,24,24,24,24,24,24,24,24,24,24,24,24,24,24
612,6120,-577.7,-566.793,-558.1846,-572.2186,-590.6644,-584.8568,-519.6821,-168.3978,80.39012,152.7301,-35.37341,-387.051,-622.1616,-563.2404,-549.3054,-536.9388,24,24,24,24,24,24,24,24,24,24,24,24,24,24,24,24,612,6120,-553.0035,-562.3799,142.8625,-194.9472,-0.2642872,0.1227036,0.6529732,0.7823004,0.7766063,-1.028785,0.1313562,0.2693921,0.1279594,0.4454868,0.3612938,-0.5651627,24,24,24,24,24,24,24,24,24,24,24,24,24,24,24,24
613,6130,-550.6486,-549.6249,-541.0762,-554.4358,-579.3195,-590.287,-522.6168,-169.7771,78.77986,147.6842,-51.75079,-399.6584,-628.2319,-575.6533,-559.0823,-531.3947,24,24,24,24,24,24,24,24,24,24,24,24,24,24,24,24,613,6130,-514.4443,-519.0805,139.5889,-196.1091,-0.5269282,0.4908657,-0.3918212,0.9126773,-0.3881964,-0.2561635,-3.852747E-05,-0.134729,-0.1280027,-0.6681514,-0.481841,0.4520621,24,24,24,24,24,24,24,24,24,24,24,24,24,24,24,24
614,6140,-564.2344,-557.4836,-525.6909,-526.6655,-552.4053,-575.971,-525.2961,-173.9148,75.68321,146.6996,-50.08932,-379.7386,-592.7625,-565.0307,-561.3477,-544.2906,24,24,24,24,24,24,24,24,24,24,24,24,24,24,24,24,614,6140,-520.8932,-525.7925,144.3029,-192.3653,-0.1329663,0.1227036,0.6529732,-0.6518463,0.3883393,0.001376554,0.1313562,0.8082197,-0.1280027,-0.5567878,-0.2409452,-0.452136,24,24,24,24,24,24,24,24,24,24,24,24,24,24,24,24
615,6150,-548.0036,-562.1987,-549.6919,-529.1015,-538.6464,-580.0436,-524.403,-182.5666,75.93095,143.869,-68.24685,-419.5783,-634.6592,-577.3242,-570.29,-574.3008,24,24,24,24,24,24,24,24,24,24,24,24,24,24,24,24,615,6150,-518.4749,-519.4753,141.815,-191.7198,0.3923156,0.1227036,-0.6530198,0.5215464,1.035452,-0.2561635,0.1313562,-0.2694355,-1.279836,3.050092E-05,0.7226374,0.5650856,24,24,24,24,24,24,24,24,24,24,24,24,24,24,24,24
616,6160,-576.7382,-579.0043,-567.5388,-558.9424,-566.8882,-602.9984,-536.9069,-184.1966,77.78894,150.3917,-59.93948,-405.584,-609.0688,-556.4372,-557.1746,-559.4765,24,24,24,24,24,24,24,24,24,24,24,24,24,24,24,24,616,6160,-535.4034,-541.7173,144.041,-195.2054,-0.1329663,-0.9817763,0.130576,0.3911694,0.129494,0.7739977,-0.2628312,-0.808263,0.1279594,-0.5567878,-1.204528,0.1129882,24,24,24,24,24,24,24,24,24,24,24,24,24,24,24,24
617,6170,-563.6333,-569.3321,-566.9235,-545.788,-547.819,-579.0563,-522.1063,-178.9304,76.79802,146.0843,-67.89082,-419.3261,-613.8298,-534.7147,-540.2439,-560.9227,24,24,24,24,24,24,24,24,24,24,24,24,24,24,24,24,617,6170,-519.4154,-524.608,146.3981,-186.0396,-0.7895692,0.3681461,-2.247436E-05,-0.5214694,0.3882879,-0.3849336,-1.70818,-0.134729,0.1279594,3.050092E-05,0.3612938,-0.5651627,24,24,24,24,24,24,24,24,24,24,24,24,24,24,24,24
618,6180,-548.3643,-551.4384,-552.3997,-545.4227,-536.8361,-544.6241,-493.6535,-160.7492,85.9641,151.2533,-60.77022,-409.8705,-603.1176,-527.9115,-526.4131,-533.3231,24,24,24,24,24,24,24,24,24,24,24,24,24,24,24,24,618,6180,-553.944,-567.9075,150.0646,-191.8489,0.3923156,0.4908657,-2.247436E-05,3.852747E-05,0.9059783,0.2589166,0.5255436,0.1346856,-0.6399285,-0.4454241,-0.1204975,0.2260118,24,24,24,24,24,24,24,24,24,24,24,24,24,24,24,24
619,6190,-539.9483,-537.4136,-545.6302,-552.6088,-553.6122,-558.8167,-498.8847,-163.3823,79.64693,146.6996,-62.9064,-414.6614,-614.425,-534.476,-533.4478,-528.8638,24,24,24,24,24,24,24,24,24,24,24,24,24,24,24,24,619,6190,-550.4509,-555.4047,147.0528,-188.7506,-0.1329663,-1.104496,0.5223731,-0.7822233,1.926374E-05,0.001376554,0.6569384,-0.2694355,1.151811,3.050092E-05,-4.976465E-05,-0.2260888,24,24,24,24,24,24,24,24,24,24,24,24,24,24,24,24
620,6200,-546.6811,-539.9526,-534.9221,-536.8967,-542.7499,-542.2793,-496.2053,-161.7523,80.76173,146.6996,-61.36361,-408.2315,-605.9742,-532.9244,-530.3478,-523.1992,24,24,24,24,24,24,24,24,24,24,24,24,24,24,24,24,620,6200,-538.3591,-532.373,147.3147,-191.978,0.9175976,0.7363049,0.3917746,-0.9126002,0.5177097,0.2589166,-0.1314333,0.1346856,-1.279836,-0.2226968,-0.8431842,0.1129882,24,24,24,24,24,24,24,24,24,24,24,24,24,24,24,24
621,6210,-526.603,-526.5325,-518.9214,-518.3831,-526.4566,-539.6876,-498.2468,-167.7709,78.28441,143.746,-61.60095,-403.5668,-595.1429,-536.7437,-532.6132,-531.2742,24,24,24,24,24,24,24,24,24,24,24,24,24,24,24,24,621,6210,-565.4984,-554.3517,146.2671,-188.4924,0.6549566,-0.9817763,-1.044817,-0.6518463,1.926374E-05,-0.9000146,0.5255436,-0.2694355,-0.1280027,0.5568504,-0.1204975,-0.791213,24,24,24,24,24,24,24,24,24,24,24,24,24,24,24,24
622,6220,-533.4559,-535.8419,-529.9988,-524.3513,-528.5083,-553.0162,-508.3264,-171.4071,80.1424,149.038,-64.21185,-413.7788,-613.5917,-544.2631,-545.0131,-554.1735,24,24,24,24,24,24,24,24,24,24,24,24,24,24,24,24,622,6220,-588.8757,-580.1472,147.9694,-187.2015,0.5236357,-0.3681749,0.7835717,0.3911694,0.1294427,1.031538,-0.9198081,-0.5388485,-2.247436E-05,-0.1113332,-0.6022887,-0.3391124,24,24,24,24,24,24,24,24,24,24,24,24,24,24,24,24
623,6230,-546.6811,-544.6678,-556.9537,-551.0254,-547.5776,-567.0853,-516.8751,-180.1842,74.19683,146.2074,-69.31493,-426.7646,-622.5186,-521.1083,-524.3862,-535.0104,24,24,24,24,24,24,24,24,24,24,24,24,24,24,24,24,623,6230,-625.8227,-633.7122,152.0288,-185.0068,-1.05221,0.8590246,0.2611761,0.3911694,1.294245,-0.7712445,0.1313562,0.4040986,1.023829,3.050092E-05,-0.1204975,-3.852747E-05,24,24,24,24,24,24,24,24,24,24,24,24,24,24,24,24
624,6240,-536.7021,-533.303,-545.1379,-551.1472,-540.4568,-530.8019,-488.4222,-161.7523,81.13332,149.8995,-54.59903,-412.0138,-619.4239,-523.2567,-512.8209,-505.4824,24,24,24,24,24,24,24,24,24,24,24,24,24,24,24,24,624,6240,-559.0494,-564.3541,151.8978,-189.9125,0.7862775,0.6135853,-2.247436E-05,3.852747E-05,1.926374E-05,-0.5137045,-0.6570154,-0.404142,-2.247436E-05,0.7795777,0.1203984,0.2260118,24,24,24,24,24,24,24,24,24,24,24,24,24,24,24,24
625,6250,-536.8224,-524.8398,-524.5832,-542.0123,-552.8881,-545.2412,-494.419,-159.2445,82.12425,151.8686,-49.1399,-396.7587,-609.6639,-539.4889,-527.7247,-506.8081,24,24,24,24,24,24,24,24,24,24,24,24,24,24,24,24,625,6250,-551.66,-557.9052,152.0288,-182.6831,-0.2642872,-0.1227357,1.04477,-0.1303384,0.5177097,0.6452268,0.6569384,1.077633,0.5119033,-0.5567878,-0.7227365,-0.2260888,24,24,24,24,24,24,24,24,24,24,24,24,24,24,24,24
626,6260,-533.3358,-527.9833,-518.9214,-524.4731,-541.3017,-553.2631,-506.0298,-165.7647,79.52306,145.9612,-55.90447,-393.9851,-601.0941,-565.3888,-552.0477,-523.3198,24,24,24,24,24,24,24,24,24,24,24,24,24,24,24,24,626,6260,-568.4541,-574.6196,148.886,-190.558,-0.2642872,0.2454264,-0.3918212,-0.5214694,1.926374E-05,-0.7712445,-3.852747E-05,-0.2694355,-1.151854,-0.2226968,-0.6022887,0.5650856,24,24,24,24,24,24,24,24,24,24,24,24,24,24,24,24
627,6270,-530.9312,-547.9323,-519.1675,-510.1007,-529.9566,-561.6552,-506.0298,-160.2476,87.82208,150.1456,-60.05816,-388.0596,-573.4803,-545.8147,-544.7747,-540.0723,24,24,24,24,24,24,24,24,24,24,24,24,24,24,24,24,627,6270,-551.7944,-560.4058,150.1955,-183.0704,0.5236357,-0.8590567,0.3917746,0.1304155,1.926374E-05,0.2589166,-0.6570154,-0.9429695,0.2559412,0.2227594,-0.1204975,-1.130287,24,24,24,24,24,24,24,24,24,24,24,24,24,24,24,24
628,6280,-543.6754,-558.0881,-537.0144,-516.5562,-532.6118,-577.8222,-519.0441,-172.4102,81.62878,146.8227,-69.19626,-406.9708,-599.5468,-539.9663,-541.5555,-555.2582,24,24,24,24,24,24,24,24,24,24,24,24,24,24,24,24,628,6280,-546.8234,-570.6713,150.9812,-184.2323,-1.05221,-0.4908946,0.130576,0.2607925,-1.03536,0.2589166,-1.051203,0.1346856,-0.3839664,-0.3340605,-0.6022887,-0.1130621,24,24,24,24,24,24,24,24,24,24,24,24,24,24,24,24
629,6290,-540.5495,-549.1413,-553.9998,-533.2427,-524.4048,-560.6678,-515.344,-180.5604,78.40827,149.6533,-72.51921,-417.5611,-610.0209,-561.0921,-574.94,-598.8874,24,24,24,24,24,24,24,24,24,24,24,24,24,24,24,24,629,6290,-521.0276,-526.8454,156.2191,-183.3286,0.3923156,0.3681461,-0.2612211,1.173434,0.1294427,-1.286325,-0.5256207,1.077633,-0.3839664,0.5568504,0.8430851,-0.1130621,24,24,24,24,24,24,24,24,24,24,24,24,24,24,24,24
630,6300,-597.0569,-610.9226,-594.6169,-549.3203,-531.2842,-589.2996,-535.2482,-196.1084,74.19683,146.2074,-80.94525,-432.3119,-625.3751,-572.4307,-590.9169,-621.425,24,24,24,24,24,24,24,24,24,24,24,24,24,24,24,24,630,6300,-532.1789,-533.0311,152.9454,-183.4577,0.3923156,-0.3681749,0.130576,-0.5214694,-0.7765148,0.001376554,0.262751,0.1346856,-2.247436E-05,-0.6681514,0.6021892,0.5650856,24,24,24,24,24,24,24,24,24,24,24,24,24,24,24,24
631,6310,-600.303,-617.3305,-603.8481,-553.8268,-528.267,-589.7933,-533.0792,-192.096,74.44456,147.4381,-78.33437,-425.6299,-618.2336,-563.0017,-573.7477,-591.897,24,24,24,24,24,24,24,24,24,24,24,24,24,24,24,24,631,6310,-534.866,-534.084,155.3024,-186.1687,-0.001646247,0.7363049,0.5223731,-1.042977,0.6471331,0.5164568,0.1313562,1.077633,-2.247436E-05,-0.2226968,-0.6022887,0.1129882,24,24,24,24,24,24,24,24,24,24,24,24,24,24,24,24
632,6320,-564.1143,-589.7647,-585.3857,-552.6089,-528.8704,-565.2341,-516.6199,-186.7044,72.58657,145.0997,-69.78964,-419.9565,-613.7107,-532.2083,-540.2439,-555.8608,24,24,24,24,24,24,24,24,24,24,24,24,24,24,24,24,632,6320,-555.5563,-547.6396,152.5526,-186.4269,0.2609947,-0.9817763,-2.247436E-05,-0.1303384,-0.1294025,-0.5137045,-0.6570154,-0.9429695,-0.1280027,-0.3340605,-0.2409452,0.2260118,24,24,24,24,24,24,24,24,24,24,24,24,24,24,24,24
633,6330,-538.2651,-539.9526,-543.6608,-526.6655,-507.8701,-522.5333,-485.6152,-170.2786,75.93099,146.4535,-63.49978,-413.0224,-597.1663,-505.1148,-511.867,-530.5511,24,24,24,24,24,24,24,24,24,24,24,24,24,24,24,24,633,6330,-601.5049,-566.065,153.0763,-184.3614,0.2609947,-0.9817763,0.2611761,1.173434,0.129494,1.031538,-0.7884133,0.5388067,0.6398851,0.3341231,-1.565871,-1.469361,24,24,24,24,24,24,24,24,24,24,24,24,24,24,24,24
634,6340,-526.2423,-524.1144,-537.1375,-539.5764,-528.9911,-525.6187,-486.2532,-167.6455,75.68327,148.7918,-57.20992,-406.2144,-602.8795,-509.889,-515.5632,-528.5022,24,24,24,24,24,24,24,24,24,24,24,24,24,24,24,24,634,6340,-573.0222,-556.0627,153.7311,-182.6831,-0.1329663,-0.2454553,-0.1306226,-0.7822233,0.3883393,-1.672636,-1.182598,-0.404142,-0.2559845,-0.2226968,0.2408461,-0.6781862,24,24,24,24,24,24,24,24,24,24,24,24,24,24,24,24
635,6350,-521.4332,-513.7167,-527.7832,-527.0309,-519.4565,-525.0016,-483.7014,-163.2569,79.52311,151.1302,-55.31109,-408.3576,-604.6648,-516.2148,-515.5632,-532.6,24,24,24,24,24,24,24,24,24,24,24,24,24,24,24,24,635,6350,-532.1789,-528.5563,158.4451,-183.7159,0.2609947,0.7363049,0.2611761,0.1304155,0.3883393,-0.9000146,0.919731,1.212341,-0.1280027,0.4454868,-0.7227365,0.4520621,24,24,24,24,24,24,24,24,24,24,24,24,24,24,24,24
636,6360,-532.6144,-529.555,-552.769,-550.0511,-524.4048,-513.8944,-484.8497,-175.1687,69.61384,144.2382,-63.61846,-428.1515,-632.7546,-522.6599,-523.3132,-537.5414,24,24,24,24,24,24,24,24,24,24,24,24,24,24,24,24,636,6360,-544.6737,-549.0874,154.2549,-182.8122,0.2609947,-0.8590567,0.2611761,-1.303731,-0.3881964,-0.6424745,0.3941489,0.1346343,0.3839214,-0.3340605,-4.976465E-05,0.2260118,24,24,24,24,24,24,24,24,24,24,24,24,24,24,24,24
637,6370,-538.9866,-542.6125,-554.7383,-556.7501,-542.9913,-522.4099,-479.3633,-155.4829,83.85841,155.0684,-51.51344,-412.14,-620.1381,-527.1954,-524.3862,-528.1406,24,24,24,24,24,24,24,24,24,24,24,24,24,24,24,24,637,6370,-514.9818,-526.1874,153.993,-187.2015,0.3923156,0.6135853,-0.2612211,-0.6518463,0.2589158,0.5164568,0.262751,0.2693408,-1.407818,3.050092E-05,0.2408461,0.2260118,24,24,24,24,24,24,24,24,24,24,24,24,24,24,24,24
638,6380,-543.5552,-537.8973,-547.4764,-568.1993,-574.6125,-559.1869,-499.5226,-164.1346,75.55939,148.6688,-51.75079,-423.7389,-661.9158,-565.15,-549.6631,-542.1213,24,24,24,24,24,24,24,24,24,24,24,24,24,24,24,24,638,6380,-519.9528,-526.1874,152.9454,-177.0029,0.5236357,-1.349935,-0.3918212,0.5215464,0.7766063,0.2589166,0.1313562,-0.5388998,0.3839214,0.2227594,-0.1204975,-0.5651627,24,24,24,24,24,24,24,24,24,24,24,24,24,24,24,24
639,6390,-592.7287,-567.5185,-568.7697,-593.1682,-599.475,-564.9873,-497.0984,-157.4891,83.61068,152.7301,-50.20799,-411.1314,-635.1353,-553.8113,-543.4632,-529.1048,24,24,24,24,24,24,24,24,24,24,24,24,24,24,24,24,639,6390,-524.5208,-523.1604,154.7787,-185.6523,0.1296746,-0.1227357,0.5223731,0.5215464,-0.1293512,0.2589166,-1.313995,-0.1347803,-0.7679103,-0.5567878,-1.08408,-1.24331,24,24,24,24,24,24,24,24,24,24,24,24,24,24,24,24
640,6400,-532.9751,-537.2927,-525.6908,-536.0441,-556.7502,-564.4937,-500.4158,-152.3482,89.43238,153.0993,-53.53094,-398.2717,-614.901,-564.4339,-548.9478,-525.3687,24,24,24,24,24,24,24,24,24,24,24,24,24,24,24,24,640,6400,-510.4138,-513.158,156.35,-178.9393,-1.708812,0.3681461,0.6529732,-0.6518463,7.06337E-05,-0.7712445,0.262751,0.2693408,-0.1280027,0.2227594,0.3612938,-3.852747E-05,24,24,24,24,24,24,24,24,24,24,24,24,24,24,24,24
641,6410,-547.2823,-541.7662,-525.4446,-526.3001,-551.319,-573.5028,-514.8336,-161.7523,86.8312,152.2378,-52.70021,-389.8247,-603.5937,-568.1339,-555.5055,-532.7205,24,24,24,24,24,24,24,24,24,24,24,24,24,24,24,24,641,6410,-503.1587,-517.6328,157.5285,-183.9741,0.2609947,0.6135853,-0.2612211,-0.2607154,-1.164732,0.001376554,0.5255436,-0.5388998,-0.1280027,3.050092E-05,-0.2409452,1.017186,24,24,24,24,24,24,24,24,24,24,24,24,24,24,24,24
642,6420,-529.8492,-530.3732,-500.9514,-491.1,-507.7494,-555.4845,-508.1989,-162.1284,92.90063,154.4531,-58.63404,-386.2946,-591.9293,-598.9273,-592.1093,-573.6982,24,24,24,24,24,24,24,24,24,24,24,24,24,24,24,24,642,6420,-536.8812,-543.2966,158.4451,-179.5848,-0.3956073,0.2454264,0.7835717,-0.7822233,0.129494,0.1301466,0.5255436,-0.1347803,-2.247436E-05,0.3341231,-1.08408,-1.01726,24,24,24,24,24,24,24,24,24,24,24,24,24,24,24,24
643,6430,-577.2192,-590.2306,-552.1536,-546.6407,-582.0954,-652.487,-558.087,-183.3189,84.72548,151.4994,-59.22742,-385.4121,-596.2141,-596.4209,-593.0631,-585.8709,24,24,24,24,24,24,24,24,24,24,24,24,24,24,24,24,643,6430,-533.7911,-539.4799,153.6001,-186.4269,0.5236357,-0.2454553,-1.175417,3.852747E-05,0.2589158,-0.1273935,-3.852747E-05,-0.4041933,-1.407818,-0.1113332,-0.3613933,0.3390353,24,24,24,24,24,24,24,24,24,24,24,24,24,24,24,24
644,6440,-595.4939,-595.5513,-570.739,-527.8834,-525.9738,-576.0945,-518.4061,-176.0464,85.96414,155.8068,-65.04258,-402.6844,-590.0248,-537.8179,-552.167,-580.3269,24,24,24,24,24,24,24,24,24,24,24,24,24,24,24,24,644,6440,-559.3182,-551.1931,153.6001,-183.3286,0.1296746,-1.227216,0.3917746,0.7823004,-0.2587746,0.3876867,-0.1314333,-0.2694868,0.3839214,0.5568504,-0.3613933,-1.130287,24,24,24,24,24,24,24,24,24,24,24,24,24,24,24,24
645,6450,-562.1906,-566.7713,-569.8774,-540.0635,-516.8013,-544.5008,-502.3297,-173.5387,84.60161,157.1606,-60.77022,-415.2919,-613.9489,-551.5436,-562.6593,-583.34,24,24,24,24,24,24,24,24,24,24,24,24,24,24,24,24,645,6450,-591.8315,-580.9368,153.862,-182.1667,-0.6582483,0.1227036,-0.1306226,-0.3910924,0.2589158,-1.157555,-0.7884133,-0.4041933,0.3839214,-0.3340605,0.2408461,0.4520621,24,24,24,24,24,24,24,24,24,24,24,24,24,24,24,24
646,6460,-553.0532,-560.4833,-565.9388,-543.7175,-523.6807,-556.5952,-514.9612,-181.5635,81.3811,156.4222,-67.89082,-420.0827,-613.8298,-541.3985,-554.7901,-582.3758,24,24,24,24,24,24,24,24,24,24,24,24,24,24,24,24,646,6460,-559.7212,-548.6926,155.8262,-184.1031,0.5236357,0.7363049,0.130576,0.6519234,-0.1293512,-0.5137045,0.6569384,0.6734618,-0.7679103,0.2227594,-0.2409452,-0.1130621,24,24,24,24,24,24,24,24,24,24,24,24,24,24,24,24
647,6470,-533.5763,-529.6476,-579.7239,-540.5507,-509.6805,-534.6277,-497.3535,-174.4164,83.23908,156.7914,-61.95699,-420.7131,-611.6873,-517.647,-533.5671,-572.3724,24,24,24,24,24,24,24,24,24,24,24,24,24,24,24,24,647,6470,-590.7567,-577.6466,152.2906,-185.6523,-0.1329663,0.2454264,0.6529748,3.852747E-05,-0.7764634,0.6452268,0.3941489,-0.2694868,-2.247436E-05,-0.5567878,-0.1204975,0.1129882,24,24,24,24,24,24,24,24,24,24,24,24,24,24,24,24
648,6480,-544.6373,-551.293,-592.6476,-560.7694,-523.9221,-539.194,-495.4397,-173.7895,83.23908,157.6529,-64.21185,-432.1859,-631.3264,-519.5567,-529.8709,-558.6328,24,24,24,24,24,24,24,24,24,24,24,24,24,24,24,24,648,6480,-579.2023,-576.0673,154.7787,-183.1995,-0.1329663,0.6135853,-2.086905E-05,-0.6518977,0.129494,1.160308,0.262751,1.346996,0.5119033,-0.1113332,-0.1204975,0.1129882,24,24,24,24,24,24,24,24,24,24,24,24,24,24,24,24
649,6490,-561.5895,-542.7075,-555.3537,-547.9805,-531.1636,-522.9035,-477.3217,-153.3513,87.20275,156.053,-51.75079,-412.0139,-618.7098,-525.405,-519.4978,-522.8376,24,24,24,24,24,24,24,24,24,24,24,24,24,24,24,24,649,6490,-521.5651,-520.6598,151.2431,-186.4269,-0.1329663,-0.3681749,-0.7836167,-0.5215207,-0.3882494,-0.3849336,-0.6570154,-1.077727,-1.407818,-0.2226968,-0.1204975,0.4520621,24,24,24,24,24,24,24,24,24,24,24,24,24,24,24,24
650,6500,-530.9312,-526.3827,-528.891,-533.7299,-541.181,-537.4662,-484.4668,-150.4674,91.0426,158.2682,-50.56403,-409.7446,-617.2815,-527.7921,-520.094,-530.6716,24,24,24,24,24,24,24,24,24,24,24,24,24,24,24,24,650,6500,-535.8065,-531.0569,152.9454,-187.9761,0.2609947,-0.9817763,0.7835749,1.043003,-0.2588276,1.289078,0.262751,-0.1347803,0.1279594,-0.2226968,-0.9636323,-0.452136,24,24,24,24,24,24,24,24,24,24,24,24,24,24,24,24
651,6510,-544.2766,-528.9221,-540.7068,-560.5258,-560.3709,-546.3519,-487.5291,-150.0912,90.42326,157.6529,-50.208,-407.7274,-618.8289,-540.4437,-534.6401,-522.1145,24,24,24,24,24,24,24,24,24,24,24,24,24,24,24,24,651,6510,-554.7501,-560.4058,149.1479,-189.0088,-0.2642872,-0.1227357,-0.2612195,0.521495,-0.2588276,-1.157555,-0.9197567,-0.4041933,-0.1280027,0.2227594,-0.481841,-0.9042366,24,24,24,24,24,24,24,24,24,24,24,24,24,24,24,24
652,6520,-529.8492,-524.9316,-518.6751,-523.6205,-546.3707,-558.4464,-502.4572,-152.4736,92.90059,158.0221,-50.44535,-405.2058,-630.6123,-582.2177,-559.4401,-527.6586,24,24,24,24,24,24,24,24,24,24,24,24,24,24,24,24,652,6520,-526.5361,-543.2966,149.9336,-191.7198,0.7862775,0.3681461,-2.086905E-05,0.521495,0.9059767,-0.7712445,1.284249E-05,0.6734618,-0.7679103,0.6682141,0.4817415,0.791136,24,24,24,24,24,24,24,24,24,24,24,24,24,24,24,24
653,6530,-545.4789,-572.2129,-549.5688,-560.8912,-609.7338,-624.3488,-528.6134,-156.6114,91.29033,156.6683,-43.91814,-401.8018,-648.1088,-611.5789,-583.5247,-549.2321,24,24,24,24,24,24,24,24,24,24,24,24,24,24,24,24,653,6530,-527.6109,-536.1896,146.9218,-187.3306,-0.2642872,-0.1227357,0.2611777,-1.284249E-05,-0.3882494,-0.5137045,0.3942003,0.4040473,1.023779,-0.3340605,-0.2409452,-0.2260888,24,24,24,24,24,24,24,24,24,24,24,24,24,24,24,24
654,6540,-594.1714,-589.1423,-545.9995,-546.8842,-579.923,-602.6282,-525.8064,-160.4984,92.90059,159.2528,-43.68079,-387.5554,-609.5449,-562.0468,-553.3593,-527.6586,24,24,24,24,24,24,24,24,24,24,24,24,24,24,24,24,654,6540,-514.9818,-516.1851,147.9694,-193.7854,0.2609947,0.1227036,0.6529748,-0.6518977,0.1294411,0.1301466,-0.788362,0.5387554,-0.5119964,-0.8908242,-0.481841,0.5650856,24,24,24,24,24,24,24,24,24,24,24,24,24,24,24,24
655,6550,-513.8588,-532.0662,-506.1208,-491.2217,-507.6287,-540.3047,-495.9501,-157.8653,94.26311,160.2374,-48.90255,-380.1169,-570.9808,-534.1179,-535.8325,-538.144,24,24,24,24,24,24,24,24,24,24,24,24,24,24,24,24,655,6550,-520.6246,-524.2132,150.3265,-187.5888,-0.3956073,-0.2454553,-0.6530166,-0.1303898,1.765843E-05,0.3876867,1.284249E-05,-0.4041933,-0.2560327,1.00236,0.240897,-0.1130621,24,24,24,24,24,24,24,24,24,24,24,24,24,24,24,24
656,6560,-536.1011,-549.8419,-533.0757,-505.2287,-506.5425,-555.2377,-500.6709,-162.8808,93.02445,158.3913,-60.17684,-401.0453,-582.8832,-530.1792,-533.5671,-543.0854,24,24,24,24,24,24,24,24,24,24,24,24,24,24,24,24,656,6560,-541.1805,-532.1098,147.0528,-197.0128,0.2609947,-0.6136142,0.6529748,0.782249,-0.5176712,0.7739977,-1.182546,-1.212435,-0.3840145,0.4455397,-1.084029,-1.017215,24,24,24,24,24,24,24,24,24,24,24,24,24,24,24,24
657,6570,-521.1927,-529.4058,-531.7219,-511.8059,-495.0768,-511.3027,-477.8321,-163.1315,86.08796,158.7605,-49.97065,-399.7846,-589.1916,-507.9793,-517.3517,-539.3492,24,24,24,24,24,24,24,24,24,24,24,24,24,24,24,24,657,6570,-564.1548,-553.1673,146.9218,-190.558,-0.7895692,-0.3681749,-0.1306194,-1.284249E-05,1.765843E-05,-1.286325,-0.6569641,-0.4041933,-0.1280525,0.2228124,1.605311E-06,-0.6781413,24,24,24,24,24,24,24,24,24,24,24,24,24,24,24,24
658,6580,-533.5763,-535.2374,-545.5071,-537.871,-524.4049,-527.3464,-488.805,-163.6331,89.06074,161.4681,-43.91814,-397.137,-603.3555,-514.1857,-510.6748,-515.4858,24,24,24,24,24,24,24,24,24,24,24,24,24,24,24,24,658,6580,-623.5387,-621.2092,145.7433,-198.562,-0.2642872,-0.2454553,-0.391818,-0.1303898,-0.2588276,-0.7712445,-0.2627798,0.1346343,-1.023922,0.2228124,0.3613451,0.3390835,24,24,24,24,24,24,24,24,24,24,24,24,24,24,24,24
659,6590,-526.8434,-524.4771,-528.0295,-529.3451,-528.0256,-539.5643,-487.9118,-157.7399,90.2994,161.4681,-41.06989,-381.1255,-589.7867,-529.5825,-515.444,-506.6876,24,24,24,24,24,24,24,24,24,24,24,24,24,24,24,24,659,6590,-607.9538,-598.8356,141.9459,-196.6255,-0.3956073,-0.6136142,1.044774,-0.3911437,0.2588629,0.001376554,0.2628023,-0.4041933,-7.06337E-05,-0.1112786,-0.8431332,-0.1130171,24,24,24,24,24,24,24,24,24,24,24,24,24,24,24,24
660,6600,-514.3397,-525.3234,-517.4444,-501.8184,-498.4562,-518.8309,-489.4429,-164.5108,88.68914,163.3141,-38.57769,-377.0911,-567.41,-481.0052,-486.948,-507.2903,24,24,24,24,24,24,24,24,24,24,24,24,24,24,24,24,660,6600,-533.5224,-534.4788,144.8268,-195.98,-0.9208893,0.1227036,-0.6530166,-1.284249E-05,0.1294411,0.7739977,-0.788362,0.4040473,-0.2560327,-0.1112786,-0.6022373,0.2260567,24,24,24,24,24,24,24,24,24,24,24,24,24,24,24,24
661,6610,-493.9009,-504.5281,-522.9831,-518.8703,-491.8181,-481.5602,-460.6073,-158.743,83.85838,157.1606,-46.17299,-405.458,-604.1887,-491.7471,-496.3672,-506.9286,24,24,24,24,24,24,24,24,24,24,24,24,24,24,24,24,661,6610,-540.9119,-541.3224,147.4457,-193.3981,1.048866,-1.227216,-0.391818,-1.284249E-05,0.7765533,-0.6424745,-0.2627798,-0.4041933,-0.1280525,0.3341761,1.605311E-06,-0.1130171,24,24,24,24,24,24,24,24,24,24,24,24,24,24,24,24
662,6620,-510.8531,-502.4727,-523.7216,-538.8455,-533.5775,-514.3881,-470.4319,-147.3327,91.7858,160.4835,-45.93564,-412.5182,-630.0171,-536.5049,-527.9633,-528.9843,24,24,24,24,24,24,24,24,24,24,24,24,24,24,24,24,662,6620,-537.2843,-541.8488,143.6482,-199.982,-0.5269804,-1.104499,-2.086905E-05,0.391118,-0.1294041,0.001376554,-1.182546,-0.1347803,-0.5119964,-1.002188,-0.6022373,-0.3390674,24,24,24,24,24,24,24,24,24,24,24,24,24,24,24,24
663,6630,-540.1888,-531.1267,-534.799,-549.5639,-548.0604,-531.2957,-483.1911,-151.2197,90.79486,161.8373,-48.78388,-415.67,-636.0873,-538.8921,-530.3478,-523.0787,24,24,24,24,24,24,24,24,24,24,24,24,24,24,24,24,663,6630,-509.0703,-515.1321,144.6958,-199.5947,-0.001698419,-0.2454585,-2.247436E-05,0.2607411,1.765843E-05,-1.672636,1.284249E-05,0.6734618,-0.5119964,0.4455397,0.240897,6.421245E-06,24,24,24,24,24,24,24,24,24,24,24,24,24,24,24,24
664,6640,-538.3854,-527.9833,-529.0142,-547.1279,-565.5607,-563.6298,-498.8847,-151.3451,92.15739,165.0371,-35.25474,-390.5811,-633.7068,-563.2404,-552.7632,-538.144,24,24,24,24,24,24,24,24,24,24,24,24,24,24,24,24,664,6640,-521.2963,-529.7408,141.684,-197.6583,-0.001698419,0.3681428,0.6529732,-0.6518945,-0.9059398,-0.1273935,1.284249E-05,-0.8083144,0.7678172,8.50815E-05,0.1204493,0.7911809,24,24,24,24,24,24,24,24,24,24,24,24,24,24,24,24
665,6650,-570.246,-563.5287,-546.3688,-565.0325,-599.2336,-608.799,-519.2994,-152.3482,95.00635,163.5603,-40.71387,-408.862,-655.1313,-565.6275,-546.444,-527.4175,24,24,24,24,24,24,24,24,24,24,24,24,24,24,24,24,665,6650,-542.9271,-544.3494,143.9101,-201.0148,-0.001698419,-0.1227389,-0.3918212,-1.69491,0.129494,0.2589166,-0.3941746,0.2693408,-7.06337E-05,0.1114487,0.4817929,6.421245E-06,24,24,24,24,24,24,24,24,24,24,24,24,24,24,24,24
666,6660,-566.0379,-544.0634,-531.722,-555.0449,-581.1299,-572.2687,-501.5642,-146.3296,94.01542,155.1915,-50.68271,-395.1198,-615.6151,-570.0436,-555.3863,-517.5347,24,24,24,24,24,24,24,24,24,24,24,24,24,24,24,24,666,6660,-534.4629,-520.2649,141.5531,-196.6255,0.3922634,0.4908625,-0.3918212,-1.564533,-0.1293512,-0.5137045,0.2628023,-0.2694868,-0.3840145,0.5569034,-0.1204465,0.2260567,24,24,24,24,24,24,24,24,24,24,24,24,24,24,24,24
667,6670,-556.2994,-545.8768,-522.9831,-548.8331,-595.1301,-616.5739,-522.6168,-150.4674,96.12115,160.2374,-43.5621,-394.9938,-635.7303,-599.6435,-571.9594,-532.3589,24,24,24,24,24,24,24,24,24,24,24,24,24,24,24,24,667,6670,-525.0582,-521.8442,146.791,-199.2074,-0.001698419,-1.718101,-0.2612211,0.2607443,-0.2587746,0.6452268,0.2627991,-0.5388998,0.7678172,0.3341761,-0.8431332,-0.2260407,24,24,24,24,24,24,24,24,24,24,24,24,24,24,24,24
668,6680,-580.2249,-574.0473,-533.199,-528.6143,-556.0261,-592.385,-520.3201,-158.4922,94.88248,160.1143,-47.83447,-387.9336,-595.1429,-547.7243,-539.6478,-522.1145,24,24,24,24,24,24,24,24,24,24,24,24,24,24,24,24,668,6680,-540.6431,-527.2402,145.7434,-197.5292,-0.7896214,-1.926374E-05,0.9141718,0.1303673,0.5177611,-0.6424745,-0.7883652,0.67351,0.3838733,-0.6680969,0.7226887,0.452107,24,24,24,24,24,24,24,24,24,24,24,24,24,24,24,24
669,6690,-528.8873,-538.6227,-520.3984,-504.4979,-509.9219,-539.0707,-497.864,-166.7677,84.35388,156.5453,-51.63212,-386.1685,-572.0521,-512.2761,-516.7556,-529.8279,24,24,24,24,24,24,24,24,24,24,24,24,24,24,24,24,669,6690,-531.2384,-529.0827,141.815,-202.9512,-0.001698419,0.8590246,0.5223731,0.9126291,-0.6470416,-0.1273935,-0.1313883,0.1346824,-0.2560327,0.1114487,1.605311E-06,0.6781574,24,24,24,24,24,24,24,24,24,24,24,24,24,24,24,24
670,6700,-518.7881,-535.9629,-536.5222,-516.9216,-511.1288,-537.3429,-497.0985,-168.3978,86.58347,154.33,-60.05816,-398.776,-580.8599,-530.0599,-537.144,-556.1019,24,24,24,24,24,24,24,24,24,24,24,24,24,24,24,24,670,6700,-558.1089,-556.1943,141.4221,-199.7238,0.9175454,0.3681428,0.2611761,-0.2607636,-0.5176182,0.6452268,0.1314044,-0.6735581,1.023779,0.4454883,-0.2408942,0.2260567,24,24,24,24,24,24,24,24,24,24,24,24,24,24,24,24
671,6710,-547.162,-560.8689,-561.5078,-531.903,-520.1807,-556.4719,-511.006,-178.0526,82.74362,152.8531,-63.73713,-405.458,-589.0726,-532.5663,-540.4824,-557.7892,24,24,24,24,24,24,24,24,24,24,24,24,24,24,24,24,671,6710,-532.985,-538.1638,143.3864,-202.3057,0.2609425,0.1227036,-0.2612211,-0.5215175,0.6471845,0.3876867,-1.051158,0.1346824,-0.6399782,-0.3340573,-0.361342,0.1130332,24,24,24,24,24,24,24,24,24,24,24,24,24,24,24,24
672,6720,-544.517,-548.7786,-548.0918,-525.4475,-509.8012,-534.381,-499.7779,-177.1749,77.29353,151.0071,-63.73713,-417.0569,-600.7371,-503.5632,-513.5363,-546.0985,24,24,24,24,24,24,24,24,24,24,24,24,24,24,24,24,672,6720,-557.5715,-569.75,144.303,-199.982,-0.001698419,-1.349938,-0.9142184,0.6518752,7.06337E-05,-0.1273935,0.1314044,-0.2694371,-0.5119964,-0.11133,-0.1204461,-0.1130107,24,24,24,24,24,24,24,24,24,24,24,24,24,24,24,24
673,6730,-524.6793,-525.3234,-548.0918,-541.8905,-517.6461,-511.3028,-476.1735,-159.4953,85.84027,156.9145,-54.00565,-415.7961,-617.7576,-523.6147,-521.644,-530.9127,24,24,24,24,24,24,24,24,24,24,24,24,24,24,24,24,673,6730,-594.9216,-592.1236,144.9577,-202.8221,-0.001698419,-1.227219,-0.1306226,0.3911213,-1.035309,0.3876867,-0.1313883,-0.5388517,-0.5119964,0.556852,-0.6022373,-0.339061,24,24,24,24,24,24,24,24,24,24,24,24,24,24,24,24
674,6740,-529.8492,-521.2127,-521.5061,-527.7617,-522.9565,-515.6223,-476.9391,-156.7368,81.87656,149.7764,-51.75079,-407.8534,-618.8289,-522.3019,-514.1324,-512.9548,24,24,24,24,24,24,24,24,24,24,24,24,24,24,24,24,674,6740,-538.3591,-553.2988,144.0411,-200.3693,-1.446223,-0.2454585,0.5223731,-0.6518945,0.6471845,-0.2561635,-0.3941778,0.404097,0.895799,0.222761,0.2408974,-0.2260375,24,24,24,24,24,24,24,24,24,24,24,24,24,24,24,24
675,6750,-522.9962,-512.2659,-520.1522,-539.6981,-545.8879,-527.3465,-477.0667,-150.0912,86.08801,154.4531,-44.03681,-395.6241,-611.8063,-543.905,-534.044,-519.463,24,24,24,24,24,24,24,24,24,24,24,24,24,24,24,24,675,6750,-545.7485,-563.4327,139.327,-210.697,0.3922634,0.1227036,-0.5224197,-0.1303866,-1.035309,-0.5137045,0.6569865,0.2693905,0.2558914,3.371154E-05,0.3613451,-0.2260375,24,24,24,24,24,24,24,24,24,24,24,24,24,24,24,24
676,6760,-551.6105,-541.1617,-533.8144,-540.429,-552.7673,-561.285,-506.5403,-163.7585,83.73455,150.1456,-53.64962,-398.0196,-602.4034,-539.8469,-531.1824,-516.45,24,24,24,24,24,24,24,24,24,24,24,24,24,24,24,24,676,6760,-557.4372,-562.5115,138.4104,-202.693,0.7862253,-0.3681782,0.130576,-0.1303866,0.7766063,0.1301466,0.6569865,-2.407967E-05,0.3838733,-0.7795119,0.6022406,-0.1130107,24,24,24,24,24,24,24,24,24,24,24,24,24,24,24,24
677,6770,-537.664,-538.5018,-520.5215,-528.858,-552.1639,-568.4429,-509.6024,-162.63,83.61068,149.038,-52.46285,-399.0282,-625.1371,-579.95,-562.7786,-530.9127,24,24,24,24,24,24,24,24,24,24,24,24,24,24,24,24,677,6770,-546.1516,-547.7712,139.7198,-204.5004,-0.6582483,-1.926374E-05,-0.2612211,-0.6518945,0.129494,0.1301466,-0.7883652,0.5388035,-0.5119964,-0.4454209,-0.9635809,0.565137,24,24,24,24,24,24,24,24,24,24,24,24,24,24,24,24
678,6780,-604.511,-589.8856,-554.7384,-561.7439,-605.8717,-633.8515,-553.3662,-179.0557,77.66512,146.4535,-48.19049,-388.69,-634.183,-637.9563,-614.1669,-557.1866,24,24,24,24,24,24,24,24,24,24,24,24,24,24,24,24,678,6780,-554.2128,-563.9592,144.5649,-205.0168,1.311559,-1.926374E-05,-0.3918212,-0.2607636,0.3883393,-0.6424745,1.051174,-0.5388517,-0.3840145,0.222761,0.4817929,-0.4520846,24,24,24,24,24,24,24,24,24,24,24,24,24,24,24,24
679,6790,-649.3563,-621.8039,-550.5536,-552.7307,-588.8541,-632.6174,-550.0488,-176.7988,80.88564,146.0843,-65.51728,-406.0883,-623.3517,-582.6952,-572.1978,-559.4765,24,24,24,24,24,24,24,24,24,24,24,24,24,24,24,24,679,6790,-545.0768,-542.3752,139.5889,-207.986,-0.6582483,-1.104499,0.2612275,0.2607443,-0.3881964,0.3876867,-0.5255757,-0.1347306,-7.06337E-05,0.3341247,-0.9635809,-0.2260375,24,24,24,24,24,24,24,24,24,24,24,24,24,24,24,24
680,6800,-565.557,-571.1456,-546.6149,-527.3964,-533.5775,-565.6042,-513.6853,-175.0434,78.90379,149.4072,-61.36361,-398.3978,-585.3829,-523.376,-529.0363,-539.1082,24,24,24,24,24,24,24,24,24,24,24,24,24,24,24,24,680,6800,-554.6158,-546.9816,141.815,-209.2769,0.2609947,-0.3681782,-0.1305712,-0.5215207,0.5177611,-0.7712445,6.421245E-06,0.404097,0.5118551,-0.2226936,-0.361342,0.2260632,24,24,24,24,24,24,24,24,24,24,24,24,24,24,24,24
681,6810,-523.5973,-527.9833,-524.337,-507.9084,-504.7321,-534.7511,-499.7779,-173.9148,80.14238,151.0071,-61.24493,-407.223,-595.619,-530.7761,-532.6132,-553.2093,24,24,24,24,24,24,24,24,24,24,24,24,24,24,24,24,681,6810,-595.7277,-584.4902,138.5413,-210.5679,-0.1329663,0.1227036,-1.044765,0.782249,-0.6470914,-1.028785,-0.5255757,-2.407967E-05,-1.151902,0.222761,0.3613451,0.4521135,24,24,24,24,24,24,24,24,24,24,24,24,24,24,24,24
682,6820,-534.7785,-539.9526,-543.5379,-526.6656,-515.8358,-537.8364,-505.7746,-183.6951,72.33883,147.5611,-59.10875,-404.8276,-604.903,-534.7147,-537.6208,-551.8836,24,24,24,24,24,24,24,24,24,24,24,24,24,24,24,24,682,6820,-598.4148,-592.1236,135.6605,-210.9552,0.3923156,0.1227036,0.7836231,-0.5215207,2.086905E-05,0.2589166,0.6569865,0.2693905,0.6398354,-0.4454209,-0.2408938,0.2260632,24,24,24,24,24,24,24,24,24,24,24,24,24,24,24,24
683,6830,-537.1831,-531.3685,-539.23,-522.159,-508.5943,-516.8562,-489.8257,-171.5325,74.69228,145.7151,-66.34804,-415.2918,-598.9517,-507.9793,-510.9132,-526.2123,24,24,24,24,24,24,24,24,24,24,24,24,24,24,24,24,683,6830,-562.1395,-544.7443,135.6605,-208.3733,-0.1329663,0.6135821,-0.5223683,-1.564536,-0.3882461,0.3876867,-0.1314333,-0.2694371,-0.8959403,0.1113974,0.4817929,0.4521135,24,24,24,24,24,24,24,24,24,24,24,24,24,24,24,24
684,6840,-519.8702,-517.7065,-526.0602,-524.595,-514.5081,-500.8126,-470.4319,-158.116,79.89465,148.2996,-58.8714,-421.0913,-622.9947,-525.8825,-519.8555,-527.0559,24,24,24,24,24,24,24,24,24,24,24,24,24,24,24,24,684,6840,-569.7976,-566.9862,137.7556,-210.4388,1.180239,-0.4908978,0.1306274,1.043003,0.3882895,0.5164568,0.262751,-0.8082646,-0.1280525,3.371154E-05,-0.361342,-0.7911617,24,24,24,24,24,24,24,24,24,24,24,24,24,24,24,24
685,6850,-541.7518,-529.555,-542.0609,-548.5895,-551.5605,-545.1177,-500.1606,-168.774,73.70135,141.2846,-64.09318,-418.4437,-626.2083,-542.8308,-534.9978,-532.7205,24,24,24,24,24,24,24,24,24,24,24,24,24,24,24,24,685,6850,-601.7736,-591.3339,138.8032,-207.5987,-0.7895692,-1.349938,-0.6529684,0.782249,-0.1294009,-0.3849336,-0.2628312,0.1346824,0.3839214,0.1113974,-0.2408938,-0.5651113,24,24,24,24,24,24,24,24,24,24,24,24,24,24,24,24
686,6860,-545.1182,-535.6001,-527.7833,-534.5826,-546.3707,-548.2031,-500.5434,-159.1191,87.6982,155.5607,-51.03874,-394.6155,-593.9526,-524.3309,-518.5439,-499.6973,24,24,24,24,24,24,24,24,24,24,24,24,24,24,24,24,686,6860,-678.7576,-672.9317,142.9935,-210.9552,0.3923156,-0.2454585,0.6530246,-0.1303898,1.035402,-0.7712445,-0.1314333,0.67351,-0.2559845,-0.3340573,0.2408974,0.1130396,24,24,24,24,24,24,24,24,24,24,24,24,24,24,24,24
687,6870,-523.8378,-522.6635,-509.9365,-510.3444,-523.3187,-541.5388,-500.7986,-168.6486,79.27532,145.7151,-58.51537,-394.4895,-580.9789,-523.4955,-520.4518,-516.691,24,24,24,24,24,24,24,24,24,24,24,24,24,24,24,24,687,6870,-647.7222,-637.6604,139.8508,-205.6622,-0.6582483,0.4908625,0.2612275,0.521495,-1.294204,-1.028785,0.5255436,0.1346824,-0.3839664,0.4454883,1.083981,1.284249E-05,24,24,24,24,24,24,24,24,24,24,24,24,24,24,24,24
688,6880,-523.7175,-527.2578,-513.9981,-506.2032,-519.2151,-550.1777,-504.8815,-164.8869,85.34475,151.3763,-60.53288,-394.8677,-583.7165,-537.46,-536.0709,-534.8899,24,24,24,24,24,24,24,24,24,24,24,24,24,24,24,24,688,6880,-648.5283,-631.4747,139.7198,-214.3117,0.7862775,0.3681428,0.2612275,-0.9126516,-0.3882461,-0.1273935,-3.852747E-05,-0.5388517,0.5119033,-1.002239,-0.2409452,-0.6781862,24,24,24,24,24,24,24,24,24,24,24,24,24,24,24,24
689,6890,-540.7899,-549.1413,-538.3684,-517.896,-516.6806,-540.428,-501.9469,-169.0247,81.50491,148.1765,-63.38111,-401.1714,-583.7165,-529.1051,-532.1363,-537.7824,24,24,24,24,24,24,24,24,24,24,24,24,24,24,24,24,689,6890,-612.9247,-606.6006,135.9224,-208.8897,-0.3956073,0.3681428,-1.305964,-1.173406,0.1294443,0.2589166,-0.6570154,0.9429246,-0.2559845,-0.4454209,-4.976465E-05,-0.1130621,24,24,24,24,24,24,24,24,24,24,24,24,24,24,24,24
690,6900,-530.3301,-540.8936,-535.4144,-517.5306,-519.8185,-555.6078,-511.7714,-180.8112,76.30254,147.1919,-64.68657,-406.2144,-599.4277,-557.1534,-558.6055,-564.9,24,24,24,24,24,24,24,24,24,24,24,24,24,24,24,24,690,6900,-604.0574,-597.1248,135.9224,-211.4716,0.9175976,-0.3681782,-0.914167,0.521495,0.1294443,-0.7712445,0.6569384,-2.407967E-05,-0.2559845,3.371154E-05,0.1203984,0.1129882,24,24,24,24,24,24,24,24,24,24,24,24,24,24,24,24
691,6910,-550.6487,-555.2836,-548.4611,-528.858,-522.4738,-545.3646,-505.7746,-174.4164,78.40826,148.2996,-71.33245,-412.7703,-595.857,-533.5212,-542.9863,-560.5612,24,24,24,24,24,24,24,24,24,24,24,24,24,24,24,24,691,6910,-594.6528,-590.6759,138.5413,-206.695,-0.6582483,-0.3681782,0.7836231,0.521495,0.1294443,0.5164568,-0.394226,-0.4041452,-0.2559845,3.371154E-05,-0.1204975,-1.356337,24,24,24,24,24,24,24,24,24,24,24,24,24,24,24,24
692,6920,-548.0037,-556.7346,-557.9384,-537.6274,-521.0255,-544.3773,-512.537,-189.3375,70.85244,146.9458,-69.43362,-424.7474,-625.1371,-572.6695,-585.5516,-617.5683,24,24,24,24,24,24,24,24,24,24,24,24,24,24,24,24,692,6920,-558.915,-558.4317,132.5178,-211.988,-0.1329663,0.3681428,0.2612275,-0.5215207,2.086905E-05,-0.1273935,-0.5256207,0.404097,-2.247436E-05,-0.3340573,-0.7227365,0.2260118,24,24,24,24,24,24,24,24,24,24,24,24,24,24,24,24
693,6930,-609.5607,-624.3312,-617.6333,-581.9626,-578.1126,-632.7408,-559.6181,-203.3809,73.32976,153.7146,-60.8889,-411.0053,-627.3985,-581.0243,-584.2401,-596.5974,24,24,24,24,24,24,24,24,24,24,24,24,24,24,24,24,693,6930,-551.3912,-554.615,137.6247,-208.6315,0.6549566,0.8590246,0.6530246,0.521495,-0.6470914,-1.543865,0.1313562,0.404097,0.1279594,0.8909446,0.1203984,-0.452136,24,24,24,24,24,24,24,24,24,24,24,24,24,24,24,24
694,6940,-574.4539,-583.9426,-572.216,-546.0316,-523.0773,-542.8963,-514.3232,-187.5821,70.72858,148.9149,-58.63405,-406.7187,-611.4492,-533.6406,-536.5479,-552.2451,24,24,24,24,24,24,24,24,24,24,24,24,24,24,24,24,694,6940,-548.0324,-556.0627,139.1961,-207.3405,0.1296746,-0.49084,-0.1305712,-1.284249E-05,-0.3882461,0.5164568,-0.2628312,-2.407967E-05,-0.1280027,-0.7795119,-0.3613933,0.3390353,24,24,24,24,24,24,24,24,24,24,24,24,24,24,24,24
695,6950,-548.725,-559.6368,-574.6776,-564.667,-535.0257,-523.7673,-497.226,-185.4505,63.17275,140.6692,-68.6029,-434.3291,-636.8015,-527.7922,-534.5209,-552.9683,24,24,24,24,24,24,24,24,24,24,24,24,24,24,24,24,695,6950,-539.5682,-546.3236,140.5055,-209.1478,0.5236357,0.7363595,-0.2612211,-0.9126516,0.2588661,0.5164568,0.5255436,1.481752,-0.3839664,0.1113974,-0.1204975,-0.9042366,24,24,24,24,24,24,24,24,24,24,24,24,24,24,24,24
696,6960,-571.8089,-564.8366,-578.9854,-591.9501,-574.3712,-563.0126,-509.2195,-174.5418,73.82522,146.2074,-68.24686,-438.3635,-647.5137,-545.9341,-547.0402,-561.5254,24,24,24,24,24,24,24,24,24,24,24,24,24,24,24,24,696,6960,-557.7058,-560.669,137.6247,-211.8589,0.5236357,-0.6135596,-0.2612211,0.1304155,0.1294443,-0.3849336,-3.852747E-05,-0.8082646,-1.023872,-0.4454209,-0.1204975,-3.852747E-05,24,24,24,24,24,24,24,24,24,24,24,24,24,24,24,24
697,6970,-565.4368,-559.6368,-557.9384,-565.7632,-564.3538,-550.6713,-505.9022,-171.7833,74.4446,146.3304,-64.09318,-429.034,-642.0386,-544.1438,-538.2171,-540.1929,24,24,24,24,24,24,24,24,24,24,24,24,24,24,24,24,697,6970,-566.9761,-576.0673,136.839,-209.9224,0.5236357,-0.9817218,0.2611761,0.6519234,-0.1293512,0.3876867,0.262751,-0.5388517,0.2559412,0.3341247,-0.8431842,-0.5651627,24,24,24,24,24,24,24,24,24,24,24,24,24,24,24,24
698,6980,-559.5456,-550.8094,-563.3541,-580.0138,-577.0264,-555.8547,-509.7299,-174.6672,69.61384,141.7768,-70.50172,-452.7361,-678.8173,-570.8792,-565.6401,-579.4832,24,24,24,24,24,24,24,24,24,24,24,24,24,24,24,24,698,6980,-569.6632,-574.6196,135.0058,-213.2789,-0.5269282,-1.104441,0.130576,3.852747E-05,-0.3881964,-1.286325,-0.5256207,-2.407967E-05,-0.2559845,0.1113974,0.2408461,-0.2260888,24,24,24,24,24,24,24,24,24,24,24,24,24,24,24,24
699,6990,-587.1981,-577.2917,-587.7242,-593.6553,-585.4748,-571.2813,-512.2817,-170.9056,75.06393,144.2382,-62.78773,-429.1601,-644.181,-554.7663,-548.5901,-542.4828,24,24,24,24,24,24,24,24,24,24,24,24,24,24,24,24,699,6990,-566.8418,-572.5138,135.7915,-212.3753,0.3923156,0.6136399,-0.1306226,0.6519234,-0.2587746,0.3876867,0.3941489,0.67351,-0.2559845,-0.11133,-0.6022887,1.13021,24,24,24,24,24,24,24,24,24,24,24,24,24,24,24,24
700,7000,-562.0704,-555.7673,-548.5842,-555.8975,-568.2159,-568.3193,-521.3407,-174.1656,73.45368,139.6846,-68.48421,-418.4436,-625.3751,-559.7792,-556.2209,-544.1702,24,24,24,24,24,24,24,24,24,24,24,24,24,24,24,24,700,7000,-572.2159,-576.7253,136.4462,-207.986,0.7862775,3.852747E-05,-2.247436E-05,-0.7822233,-1.164732,-0.2561635,-0.394226,-0.4041933,0.5119033,0.222761,-0.1204975,0.2260118,24,24,24,24,24,24,24,24,24,24,24,24,24,24,24,24
701,7010,-564.7154,-569.5527,-553.2613,-549.1984,-575.0953,-602.2579,-544.6899,-183.4443,75.1878,144.1151,-65.27994,-426.2603,-661.5587,-599.5242,-582.4517,-567.5515,24,24,24,24,24,24,24,24,24,24,24,24,24,24,24,24,701,7010,-570.6037,-563.5644,139.0651,-213.9244,0.2609947,0.6136399,-0.3918212,-0.9126002,0.3883393,0.6452268,-1.182598,-0.2694868,-1.279833,-0.8908756,-0.1204975,0.5650856,24,24,24,24,24,24,24,24,24,24,24,24,24,24,24,24
702,7020,-580.1047,-579.7103,-555.846,-565.276,-595.7336,-614.2289,-544.0519,-180.1842,74.19688,140.7922,-67.77215,-414.7875,-631.8025,-586.8726,-577.0862,-553.812,24,24,24,24,24,24,24,24,24,24,24,24,24,24,24,24,702,7020,-581.3519,-566.8547,134.0891,-209.2769,0.7862775,-0.7362825,-1.044817,-0.5214694,0.129494,-0.5137045,0.3941489,-0.8083144,0.7678686,1.002305,0.2408461,-0.3391124,24,24,24,24,24,24,24,24,24,24,24,24,24,24,24,24
703,7030,-575.1753,-583.7007,-548.8303,-532.7555,-555.3019,-587.5717,-538.1827,-183.6951,75.43553,143.6228,-70.50171,-408.862,-596.5712,-548.0824,-548.8286,-552.4861,24,24,24,24,24,24,24,24,24,24,24,24,24,24,24,24,703,7030,-601.3704,-581.5949,134.8748,-215.2154,-0.001646247,-0.3681204,0.3917746,0.5215464,-0.1293512,-0.5137045,-1.44539,-0.4041933,-0.511945,-0.3340605,-1.204476,-0.1130621,24,24,24,24,24,24,24,24,24,24,24,24,24,24,24,24
704,7040,-550.8891,-562.7809,-556.3383,-539.8198,-544.9224,-583.6225,-529.7617,-184.4474,73.70141,139.4384,-79.87717,-423.7388,-613.4727,-577.4435,-576.4901,-574.6623,24,24,24,24,24,24,24,24,24,24,24,24,24,24,24,24,704,7040,-627.4348,-610.0225,135.0058,-207.4696,-0.1329663,-0.3681204,-2.247436E-05,-0.1303384,0.7766063,-0.9000146,-0.1314333,0.5387554,0.5119065,-0.3340605,0.1204497,-0.2260375,24,24,24,24,24,24,24,24,24,24,24,24,24,24,24,24
705,7050,-560.1468,-578.6219,-568.1542,-539.4544,-544.8018,-602.011,-554.5144,-200.1208,72.09116,141.2845,-83.43747,-426.5125,-629.0649,-612.8918,-616.4323,-609.3728,24,24,24,24,24,24,24,24,24,24,24,24,24,24,24,24,705,7050,-597.7429,-581.2001,134.8748,-212.3753,0.6549566,0.3682006,-0.3918212,-0.1303384,-1.164732,-0.7712445,0.5255436,-0.4041933,0.3839247,3.050092E-05,-0.1204461,-0.2260375,24,24,24,24,24,24,24,24,24,24,24,24,24,24,24,24
706,7060,-624.2285,-633.2896,-584.8934,-547.1278,-589.5783,-698.2722,-597.6402,-203.6317,76.67419,141.2845,-87.94719,-425.3778,-645.2523,-658.0078,-639.9207,-605.9982,24,24,24,24,24,24,24,24,24,24,24,24,24,24,24,24,706,7060,-577.3213,-569.2236,137.7556,-208.6315,-0.1329663,0.245481,0.7835717,0.1304155,0.2589158,0.3876867,0.262751,-7.223901E-05,0.3839247,-0.5567878,-0.1204461,-0.4520846,24,24,24,24,24,24,24,24,24,24,24,24,24,24,24,24
707,7070,-652.0013,-649.6115,-600.771,-562.7182,-591.9921,-680.7484,-583.4776,-197.9892,78.65605,143.869,-80.35188,-422.6041,-631.0883,-633.1821,-637.0591,-633.3568,24,24,24,24,24,24,24,24,24,24,24,24,24,24,24,24,707,7070,-557.5714,-553.2988,135.6605,-211.7298,-0.3956073,0.1227582,-2.247436E-05,0.1304155,7.06337E-05,-0.5137045,-0.1314333,0.5387554,-0.7679071,-0.1113332,-0.1204461,0.1130396,24,24,24,24,24,24,24,24,24,24,24,24,24,24,24,24
708,7080,-616.7744,-680.8045,-619.4794,-562.7182,-588.4921,-666.9261,-587.4329,-210.6534,69.3661,142.3921,-76.91026,-425.1256,-655.3694,-629.6014,-619.89,-603.3467,24,24,24,24,24,24,24,24,24,24,24,24,24,24,24,24,708,7080,-597.8773,-582.6477,135.1367,-210.9552,1.180239,-0.6135596,-0.3918212,0.1304155,0.129494,-0.2561635,0.6569384,-0.4041933,0.2559428,-0.1113332,-0.2408938,-0.5651113,24,24,24,24,24,24,24,24,24,24,24,24,24,24,24,24
709,7090,-592.1275,-605.6028,-585.2626,-560.0386,-573.2849,-631.3833,-560.7664,-198.24,72.58662,142.0229,-82.84409,-426.3864,-627.3985,-595.5854,-598.6669,-598.6463,24,24,24,24,24,24,24,24,24,24,24,24,24,24,24,24,709,7090,-562.2738,-573.6982,133.1725,-213.408,-0.1330193,-1.472603,-0.1306226,0.9126773,-0.5176182,0.2589166,-1.182598,-0.2694868,0.1279626,-0.4454241,-0.361342,-0.6781349,24,24,24,24,24,24,24,24,24,24,24,24,24,24,24,24
710,7100,-595.1332,-606.9328,-583.5395,-557.1154,-565.9227,-624.3488,-561.0215,-198.9923,72.71049,141.6537,-84.74291,-431.8076,-632.5166,-596.6596,-595.6862,-597.5616,24,24,24,24,24,24,24,24,24,24,24,24,24,24,24,24,710,7100,-633.4807,-626.2104,132.6487,-210.3097,-0.001699222,-0.1227389,0.5223731,0.2607925,0.2589158,-0.9000146,0.6569384,0.8081683,0.3839247,3.050092E-05,-0.1204461,-0.339061,24,24,24,24,24,24,24,24,24,24,24,24,24,24,24,24
711,7110,-586.9576,-594.8425,-582.9241,-564.5452,-569.1813,-619.0421,-555.0248,-193.6007,74.56847,143.6228,-82.60674,-427.395,-625.8512,-574.9371,-579.7093,-587.1967,24,24,24,24,24,24,24,24,24,24,24,24,24,24,24,24,711,7110,-608.3568,-602.2575,133.0415,-210.3097,-0.1330193,0.2454232,-0.6530166,-0.1303384,-1.164732,-1.286325,0.1313562,-0.4041933,-0.8958889,-0.1113332,-0.1204461,-0.2260375,24,24,24,24,24,24,24,24,24,24,24,24,24,24,24,24
712,7120,-570.246,-571.2665,-569.2619,-541.1597,-532.0084,-568.0726,-530.9102,-196.3592,67.38425,142.7613,-73.34996,-421.4695,-606.8073,-541.0405,-548.2324,-568.1541,24,24,24,24,24,24,24,24,24,24,24,24,24,24,24,24,712,7120,-592.3688,-594.3609,139.7198,-204.2422,1.048865,-0.4908978,0.6529748,-1.303782,7.06337E-05,-0.6424745,0.6569384,0.2693408,0.3839247,0.1113942,-0.2408938,-0.1130107,24,24,24,24,24,24,24,24,24,24,24,24,24,24,24,24
713,7130,-563.0322,-572.8382,-573.4467,-555.6539,-541.1809,-568.6896,-526.1893,-192.3468,69.11832,143.6228,-71.21378,-424.4953,-618.3527,-545.8146,-551.8093,-570.3235,24,24,24,24,24,24,24,24,24,24,24,24,24,24,24,24,713,7130,-577.4557,-576.9885,139.196,-206.5659,-0.7896221,0.2454232,-0.391818,-0.6518977,-0.1293512,0.001376554,-0.9198081,-0.1347803,-0.7679071,0.1113942,0.2408974,0.1130396,24,24,24,24,24,24,24,24,24,24,24,24,24,24,24,24
714,7140,-553.0532,-558.9344,-564.8309,-551.7562,-542.5085,-565.2341,-519.2994,-183.3189,74.07296,146.4535,-71.0951,-426.5125,-614.1868,-520.3922,-531.4209,-549.7142,24,24,24,24,24,24,24,24,24,24,24,24,24,24,24,24,714,7140,-598.8177,-599.8885,138.8032,-210.3097,0.1296217,-0.9817795,-0.2612195,1.043003,0.7766063,0.1301466,0.3941489,-0.2694868,0.1279626,0.2227594,-0.4817896,-0.7911617,24,24,24,24,24,24,24,24,24,24,24,24,24,24,24,24
715,7150,-538.3854,-538.3809,-552.8919,-549.8074,-534.3015,-527.84,-501.8194,-184.4474,66.88873,138.9462,-69.90833,-432.5641,-632.9927,-537.4598,-532.8516,-546.0985,24,24,24,24,24,24,24,24,24,24,24,24,24,24,24,24,715,7150,-567.9166,-574.4879,131.0773,-205.5331,-0.3956603,-0.7363403,0.5223764,-0.1303898,-1.294154,-0.5137045,-0.788362,-0.4041933,-0.1280011,0.1113942,1.605311E-06,-0.6781349,24,24,24,24,24,24,24,24,24,24,24,24,24,24,24,24
716,7160,-557.7422,-553.7355,-564.954,-573.802,-565.802,-551.6587,-509.2197,-176.4226,72.21497,142.0229,-74.77407,-446.8105,-657.9879,-558.1082,-555.6247,-568.2746,24,24,24,24,24,24,24,24,24,24,24,24,24,24,24,24,716,7160,-548.4355,-551.5879,135.6605,-209.0188,-0.1330193,0.2454232,0.2611777,-0.1303898,0.9060297,-0.1273935,0.7883877,0.1346856,0.5119065,0.1113942,-0.1204461,0.4521135,24,24,24,24,24,24,24,24,24,24,24,24,24,24,24,24
717,7170,-581.7878,-568.3647,-581.324,-601.5723,-595.7335,-569.3067,-517.2579,-180.3096,69.24219,143.0075,-72.51922,-455.3836,-680.8408,-575.0565,-568.6208,-579.8448,24,24,24,24,24,24,24,24,24,24,24,24,24,24,24,24,717,7170,-595.0558,-600.9414,136.4462,-202.1766,-0.001699222,0.7363017,-0.7836167,-1.284249E-05,-1.164732,-0.6424745,-0.2627798,0.2693921,0.3838733,0.1113942,1.084032,-0.4520846,24,24,24,24,24,24,24,24,24,24,24,24,24,24,24,24
718,7180,-594.2916,-581.9059,-596.217,-608.2713,-598.0266,-579.4266,-522.3615,-181.8143,68.99446,141.6537,-75.24879,-451.7274,-665.0104,-569.9243,-565.7593,-568.8773,24,24,24,24,24,24,24,24,24,24,24,24,24,24,24,24,718,7180,-586.3229,-588.4385,141.1602,-205.1459,0.6549037,0.3681428,0.3917762,-0.6518977,1.035452,0.3876867,1.284249E-05,-0.2694355,-0.3840145,-0.3340059,1.605311E-06,-0.2260375,24,24,24,24,24,24,24,24,24,24,24,24,24,24,24,24
719,7190,-577.5799,-572.3546,-582.0625,-592.8027,-585.2333,-575.6008,-526.6996,-188.3344,63.17276,140.3,-71.33245,-449.2059,-670.8427,-558.1083,-556.1016,-561.6459,24,24,24,24,24,24,24,24,24,24,24,24,24,24,24,24,719,7190,-577.993,-580.1472,144.5648,-199.982,-1.183584,-0.1227389,-1.175414,-0.3911437,-0.3881964,-0.1273935,-0.1313819,0.4040986,-0.7679585,0.4455397,0.4817415,1.284249E-05,24,24,24,24,24,24,24,24,24,24,24,24,24,24,24,24
720,7200,-587.3184,-581.1804,-582.5548,-597.4312,-598.8715,-582.7587,-524.0202,-177.8018,70.60471,142.6383,-66.58538,-435.968,-657.869,-572.9082,-562.1823,-554.535,24,24,24,24,24,24,24,24,24,24,24,24,24,24,24,24,720,7200,-639.1235,-641.8718,143.3863,-206.5659,1.968109,-0.3681782,-2.086905E-05,-0.2607668,0.2589158,0.1301466,0.2628023,-0.2694355,0.5118551,-0.2226422,-0.7227365,-0.4520846,24,24,24,24,24,24,24,24,24,24,24,24,24,24,24,24
721,7210,-570.1257,-563.4078,-557.9383,-571.2442,-576.4228,-574.4901,-525.2961,-180.9365,69.36606,140.7922,-66.70406,-425.756,-642.8718,-570.2824,-560.99,-546.3394,24,24,24,24,24,24,24,24,24,24,24,24,24,24,24,24,721,7210,-561.3334,-563.1695,138.2794,-204.6295,-0.920943,-0.4908978,-0.1306194,-0.6518977,-0.1293512,-0.1273935,-0.5255693,0.1346856,-7.06337E-05,-0.3340059,0.4817415,-0.4520846,24,24,24,24,24,24,24,24,24,24,24,24,24,24,24,24
722,7220,-566.9998,-557.8463,-554.3689,-560.4041,-575.4573,-579.4266,-520.5753,-168.774,77.9128,143.4998,-67.41612,-422.9823,-646.0855,-600.2404,-584.9554,-553.5708,24,24,24,24,24,24,24,24,24,24,24,24,24,24,24,24,722,7220,-574.0969,-570.2764,136.3152,-206.8241,0.3922626,0.2454232,-0.391818,-1.284249E-05,-0.1293512,-0.3849336,0.2628023,0.1346856,-7.06337E-05,0.4455397,-0.2409452,0.2260632,24,24,24,24,24,24,24,24,24,24,24,24,24,24,24,24
723,7230,-581.3069,-580.9387,-559.4153,-563.6926,-594.1645,-618.5484,-549.9212,-179.5573,75.06388,139.6846,-70.73907,-426.7646,-659.7734,-619.8145,-596.64,-555.3786,24,24,24,24,24,24,24,24,24,24,24,24,24,24,24,24,723,7230,-553.4066,-559.2213,136.1843,-201.4021,0.2609417,-0.3681782,0.1305776,-1.284249E-05,0.129494,0.001376554,0.3942003,0.5388067,0.6398354,0.4455397,0.3612938,-0.339061,24,24,24,24,24,24,24,24,24,24,24,24,24,24,24,24
724,7240,-590.6848,-590.611,-552.6458,-569.6608,-612.1475,-632.1238,-552.4731,-177.1749,77.16961,142.146,-69.43362,-430.5468,-663.5822,-615.7565,-601.4092,-577.7958,24,24,24,24,24,24,24,24,24,24,24,24,24,24,24,24,724,7240,-551.5257,-569.2236,141.0293,-202.4348,0.6549037,-1.926374E-05,-2.086905E-05,-0.7822747,0.129494,1.289078,-0.5255693,-2.086905E-05,-0.8959403,-0.7794605,-4.976465E-05,0.1130396,24,24,24,24,24,24,24,24,24,24,24,24,24,24,24,24
725,7250,-610.4023,-600.0414,-575.7853,-583.3024,-610.2166,-615.0928,-540.4795,-174.4164,76.55027,141.8999,-70.26437,-431.8076,-664.2963,-603.5823,-583.4053,-548.2678,24,24,24,24,24,24,24,24,24,24,24,24,24,24,24,24,725,7250,-566.9763,-578.6995,146.2672,-198.3038,0.1296217,-0.2454585,-0.7836167,-0.1303898,7.06337E-05,-0.5137045,0.6569898,-0.404142,-0.1280525,0.6682686,0.2408461,-0.1130107,24,24,24,24,24,24,24,24,24,24,24,24,24,24,24,24
726,7260,-580.1047,-571.9919,-545.0146,-547.9805,-579.6816,-604.6027,-540.8622,-179.3065,75.55935,140.6692,-70.26437,-418.8218,-627.8747,-574.6985,-564.6862,-552.6066,24,24,24,24,24,24,24,24,24,24,24,24,24,24,24,24,726,7260,-534.5972,-548.5609,142.3388,-208.1151,0.1296217,-0.9817281,-0.5224181,0.391118,-0.6470416,-0.2561635,-1.182546,-0.5388485,0.1279112,-0.3340059,-1.08408,-0.4520846,24,24,24,24,24,24,24,24,24,24,24,24,24,24,24,24
727,7270,-554.6162,-558.5717,-536.0297,-524.7167,-542.8707,-575.9709,-531.1653,-184.8235,74.81615,143.6228,-68.72157,-408.6098,-603.4747,-560.6147,-560.2746,-555.3786,24,24,24,24,24,24,24,24,24,24,24,24,24,24,24,24,727,7270,-566.4388,-575.804,139.8508,-203.984,-0.2643402,0.2454746,-0.1306226,-0.2607668,0.6471845,-0.7712445,-0.5255693,0.4040986,0.895799,0.1114487,0.4817415,-0.6781349,24,24,24,24,24,24,24,24,24,24,24,24,24,24,24,24
728,7280,-552.8128,-562.6824,-547.7225,-537.0184,-560.733,-609.0456,-550.4315,-194.1022,68.62286,137.8386,-78.69041,-426.2603,-629.7791,-583.6501,-579.113,-574.1801,24,24,24,24,24,24,24,24,24,24,24,24,24,24,24,24,728,7280,-526.9391,-529.8724,136.97,-204.5004,-0.001699222,0.6136335,-0.7836183,0.521495,-0.5176182,-0.6424745,-0.1313819,-0.2694355,-0.3840145,-0.7794605,-0.3613933,0.6781605,24,24,24,24,24,24,24,24,24,24,24,24,24,24,24,24
729,7290,-564.7154,-569.3321,-557.1998,-543.4738,-547.9397,-578.5626,-532.6964,-191.4691,70.23311,140.1769,-77.74099,-428.7817,-625.2562,-563.8373,-566.2361,-578.5189,24,24,24,24,24,24,24,24,24,24,24,24,24,24,24,24,729,7290,-530.701,-531.1885,138.9342,-205.4041,0.2609417,-0.1226875,0.5223731,-0.6518977,7.06337E-05,1.289078,1.31397,0.5388067,1.151761,8.50815E-05,-4.976465E-05,-0.2260375,24,24,24,24,24,24,24,24,24,24,24,24,24,24,24,24
730,7300,-586.7172,-603.3058,-592.2783,-571.366,-580.6472,-640.269,-574.1635,-210.6534,66.14553,138.4539,-83.43747,-438.4895,-663.9392,-635.9273,-627.8784,-613.1089,24,24,24,24,24,24,24,24,24,24,24,24,24,24,24,24,730,7300,-558.6464,-553.1672,137.8866,-200.8857,0.3922626,0.3681942,-0.1306226,-1.173406,0.129494,0.3876867,-0.2627798,0.4040986,-0.1280525,8.50815E-05,-4.976465E-05,-0.339061,24,24,24,24,24,24,24,24,24,24,24,24,24,24,24,24
731,7310,-634.5682,-639.3348,-611.9714,-575.8726,-581.1299,-628.915,-563.1906,-199.6193,71.96723,143.9921,-81.89468,-425.756,-625.2562,-586.3953,-594.3746,-607.9265,24,24,24,24,24,24,24,24,24,24,24,24,24,24,24,24,731,7310,-608.4912,-585.9379,143.7792,-202.693,0.6549037,-0.2454072,0.2611761,0.391118,0.3883393,0.001376554,0.262751,-1.347091,-0.3840145,8.50815E-05,-0.481841,-0.1130107,24,24,24,24,24,24,24,24,24,24,24,24,24,24,24,24
732,7320,-593.5703,-607.0538,-589.2012,-558.0898,-556.8709,-614.2289,-551.4523,-198.3654,71.59563,142.5153,-77.97836,-422.8562,-612.8776,-570.8792,-575.2977,-591.7764,24,24,24,24,24,24,24,24,24,24,24,24,24,24,24,24,732,7320,-561.8708,-550.7983,143.6482,-200.7566,0.1296217,-0.9817281,-0.3918212,0.521495,-1.294154,0.2589166,-1.051203,0.8082181,0.1279112,8.50815E-05,0.1203984,-0.9041852,24,24,24,24,24,24,24,24,24,24,24,24,24,24,24,24
733,7330,-568.4425,-584.9285,-580.2162,-553.8268,-548.3018,-589.4229,-538.6932,-196.8608,69.24218,142.3922,-73.70599,-419.3261,-615.8531,-568.8502,-578.2784,-587.5581,24,24,24,24,24,24,24,24,24,24,24,24,24,24,24,24,733,7330,-567.1106,-570.4081,141.684,-206.0495,-0.3956603,-0.3681268,-0.1306226,0.1303641,0.129494,-1.415096,0.262751,-0.2694371,-0.3839632,0.4455397,0.2408461,0.565137,24,24,24,24,24,24,24,24,24,24,24,24,24,24,24,24
734,7340,-578.181,-593.6335,-582.0625,-553.2178,-549.0259,-601.394,-546.9866,-198.9924,69.73765,142.5153,-82.36939,-433.9508,-633.2308,-583.1726,-586.863,-596.4768,24,24,24,24,24,24,24,24,24,24,24,24,24,24,24,24,734,7340,-582.4268,-588.3069,140.5055,-201.5312,0.1296217,-0.2454072,-1.306015,-0.1303898,-1.035309,-1.028785,-3.852747E-05,-2.407967E-05,0.3839247,0.3341247,0.6021892,1.284249E-05,24,24,24,24,24,24,24,24,24,24,24,24,24,24,24,24
735,7350,-581.6677,-598.4696,-578.7393,-543.8393,-539.612,-585.844,-529.7618,-186.3282,76.17867,144.9767,-81.18262,-433.9508,-620.2571,-563.4791,-572.0785,-599.0078,24,24,24,24,24,24,24,24,24,24,24,24,24,24,24,24,735,7350,-584.8452,-620.8144,141.2912,-203.4676,0.1296217,0.4909138,0.5223731,-1.82529,0.2589158,0.2589166,0.1313562,-2.407967E-05,0.1279626,-0.11133,-0.6022887,-0.4520846,24,24,24,24,24,24,24,24,24,24,24,24,24,24,24,24
736,7360,-579.3833,-589.7647,-592.1552,-567.712,-549.6294,-572.6388,-523.3822,-188.9614,68.87058,142.1461,-75.60481,-430.5468,-622.0424,-545.218,-556.34,-583.0989,24,24,24,24,24,24,24,24,24,24,24,24,24,24,24,24,736,7360,-642.3481,-634.8966,139.0651,-199.8529,-0.3956603,-0.1226875,-0.7836183,-0.1303898,0.6471845,0.2589166,0.262751,-0.1347306,-0.511945,-0.3340573,-0.1204975,0.3390353,24,24,24,24,24,24,24,24,24,24,24,24,24,24,24,24
737,7370,-573.8528,-584.2032,-595.6016,-561.8656,-550.1122,-595.9638,-544.052,-196.7354,72.95816,145.9612,-81.53865,-436.2202,-632.8737,-570.6404,-584.8361,-602.3824,24,24,24,24,24,24,24,24,24,24,24,24,24,24,24,24,737,7370,-592.9063,-585.6747,141.0293,-206.0495,0.3922626,-1.227167,0.5223731,-0.1303898,-0.3881964,-0.1273935,-0.394226,-0.8082646,0.5119065,-0.11133,-1.08408,-0.9042366,24,24,24,24,24,24,24,24,24,24,24,24,24,24,24,24
738,7380,-578.9024,-599.316,-597.0786,-566.2504,-556.1467,-601.7642,-545.4554,-201.7509,67.0126,140.3,-80.58924,-432.564,-628.8268,-552.4985,-563.6131,-583.2194,24,24,24,24,24,24,24,24,24,24,24,24,24,24,24,24,738,7380,-591.0253,-631.0799,139.8508,-196.4964,-0.2643402,-0.4908464,0.130576,-0.3911437,-0.2587746,0.3876867,-0.7884133,0.2693905,0.2559428,3.371154E-05,0.3612938,-0.791213,24,24,24,24,24,24,24,24,24,24,24,24,24,24,24,24
739,7390,-565.4368,-578.7625,-582.6779,-560.7694,-552.7673,-590.9039,-532.4412,-186.7044,76.0548,146.9458,-80.35189,-432.9423,-624.78,-570.163,-584.24,-606.9623,24,24,24,24,24,24,24,24,24,24,24,24,24,24,24,24,739,7390,-574.903,-597.1247,141.5531,-205.7914,-0.2643402,0.3681942,0.2611761,0.1303641,0.3883393,-1.415096,0.1313562,0.2693905,-0.511945,0.1113974,-0.481841,0.5650856,24,24,24,24,24,24,24,24,24,24,24,24,24,24,24,24
740,7400,-600.7839,-624.4637,-615.1716,-563.5708,-562.4227,-643.1075,-573.7807,-204.6348,74.94001,146.5766,-80.94527,-432.6901,-644.181,-606.4467,-605.8207,-603.1056,24,24,24,24,24,24,24,24,24,24,24,24,24,24,24,24,740,7400,-521.2963,-538.5586,141.9459,-198.0455,0.2609417,0.4909138,-0.1306226,-1.173406,-1.164732,0.2589166,0.5255436,-2.407967E-05,1.279794,3.371154E-05,0.4817415,0.4520621,24,24,24,24,24,24,24,24,24,24,24,24,24,24,24,24
741,7410,-596.095,-595.4471,-581.2009,-553.4614,-541.9051,-574.49,-527.21,-185.5759,75.18774,143.0075,-72.40055,-417.6872,-607.1644,-545.934,-552.4054,-566.3462,24,24,24,24,24,24,24,24,24,24,24,24,24,24,24,24,741,7410,-534.0598,-533.2943,139.7198,-204.1131,-0.1329663,-0.4908464,-2.247436E-05,-1.43416,0.3883393,0.001376554,-3.852747E-05,0.2693905,-0.2559814,-0.2226936,-0.481841,0.1129882,24,24,24,24,24,24,24,24,24,24,24,24,24,24,24,24
742,7420,-543.9159,-554.34,-553.5073,-532.3901,-529.3531,-568.4427,-525.5513,-185.9521,74.81615,146.2074,-71.92584,-410.5009,-599.7848,-553.8115,-559.5593,-577.3138,24,24,24,24,24,24,24,24,24,24,24,24,24,24,24,24,742,7420,-563.8861,-557.2471,142.3388,-199.982,0.1296746,-0.1227389,-0.7836183,-0.1303898,-0.1293512,-0.3849344,0.1313562,0.404097,-0.6399269,0.6682173,0.2408461,-0.452136,24,24,24,24,24,24,24,24,24,24,24,24,24,24,24,24
743,7430,-570.9673,-587.7093,-581.2009,-546.397,-530.198,-558.3229,-515.8544,-186.579,70.85244,145.3459,-72.16319,-430.5468,-622.0424,-535.6696,-540.3631,-559.7175,24,24,24,24,24,24,24,24,24,24,24,24,24,24,24,24,743,7430,-543.5989,-540.0063,138.8032,-201.7893,-0.001646247,-1.349938,0.2612243,0.521495,-0.2587746,-0.1273935,-0.394226,-0.6735581,-0.511945,-0.7795119,-0.9636323,-1.130287,24,24,24,24,24,24,24,24,24,24,24,24,24,24,24,24
744,7440,-549.4464,-555.67,-566.431,-558.2116,-539.9741,-547.586,-506.285,-179.4319,73.32976,146.5766,-79.28379,-448.3233,-647.0376,-557.6307,-567.0707,-599.7309,24,24,24,24,24,24,24,24,24,24,24,24,24,24,24,24,744,7440,-562.1395,-560.4057,139.5889,-201.1439,-0.7895692,-0.2454585,0.5224229,-0.2607668,0.129494,-0.6424745,0.3941489,0.2693905,0.2559428,-0.2226936,-0.6022887,-0.452136,24,24,24,24,24,24,24,24,24,24,24,24,24,24,24,24
745,7450,-594.4119,-595.9307,-618.864,-590.0013,-557.1122,-567.9491,-520.958,-190.8422,67.50811,145.592,-71.21378,-438.4895,-638.4678,-531.3728,-543.7016,-572.8544,24,24,24,24,24,24,24,24,24,24,24,24,24,24,24,24,745,7450,-523.7146,-521.581,139.327,-199.3365,-0.001646247,0.6135821,-0.3917714,0.391118,-0.3882461,-0.9000146,-0.2628312,0.404097,-0.1280011,0.556852,0.3612938,0.2260118,24,24,24,24,24,24,24,24,24,24,24,24,24,24,24,24
746,7460,-551.4903,-553.131,-566.5541,-560.7694,-534.7843,-526.9761,-494.419,-175.7957,70.85249,144.6074,-70.73908,-440.2545,-639.6581,-518.2438,-523.4324,-557.4276,24,24,24,24,24,24,24,24,24,24,24,24,24,24,24,24,746,7460,-533.7911,-528.6879,139.8508,-199.0783,-0.1329663,0.7363017,0.5224229,-1.284249E-05,-0.3882461,-0.3849336,0.5255436,-0.4041452,0.5119065,-1.113603,-1.204528,-0.1130621,24,24,24,24,24,24,24,24,24,24,24,24,24,24,24,24
747,7470,-566.5189,-559.0553,-588.2166,-592.1938,-554.2157,-538.0832,-505.1367,-183.4443,68.25131,147.3149,-63.85582,-434.0769,-646.0854,-541.9954,-549.3054,-575.6264,24,24,24,24,24,24,24,24,24,24,24,24,24,24,24,24,747,7470,-554.0783,-552.3776,143.7792,-196.1091,0.1296746,-0.3681782,-0.3917714,-0.9126516,-0.6470914,0.2589166,-0.2628312,0.8082181,-0.1280011,0.4454883,0.4817415,-0.5651627,24,24,24,24,24,24,24,24,24,24,24,24,24,24,24,24
748,7480,-566.9998,-554.2192,-571.7236,-563.5708,-545.5258,-535.2447,-497.864,-170.2786,76.67419,149.4071,-60.29553,-417.8133,-616.2102,-514.5438,-514.7286,-519.1014,24,24,24,24,24,24,24,24,24,24,24,24,24,24,24,24,748,7480,-548.9729,-546.0604,145.0886,-199.5947,0.1296746,-1.104499,-0.2611729,0.521495,0.1294443,0.7739977,0.7883363,-0.6735566,-1.926374E-05,0.556852,-0.1204975,-0.2260888,24,24,24,24,24,24,24,24,24,24,24,24,24,24,24,24
749,7490,-527.2041,-522.4218,-529.5063,-541.0378,-544.0775,-543.5134,-497.226,-164.887,76.05486,141.2845,-62.19435,-413.4007,-615.9722,-541.9954,-530.2285,-519.463,24,24,24,24,24,24,24,24,24,24,24,24,24,24,24,24,749,7490,-568.5884,-551.5879,139.4579,-194.9472,-0.7895692,-0.9817795,2.568498E-05,0.521495,-0.1294009,0.1301466,-0.7884133,-0.134729,0.5119033,0.6682173,-0.8431842,-1.24331,24,24,24,24,24,24,24,24,24,24,24,24,24,24,24,24
750,7500,-546.4407,-539.1063,-539.7222,-549.9292,-564.4744,-566.8384,-507.0506,-157.6145,86.33574,149.8994,-60.17685,-410.7531,-628.4698,-586.5146,-570.8862,-544.6522,24,24,24,24,24,24,24,24,24,24,24,24,24,24,24,24,750,7500,-551.3912,-543.0333,144.0411,-196.6255,-0.3956073,0.7363017,0.1306258,0.521495,0.1294443,-0.6424745,0.262751,-0.134729,0.6398851,0.8909446,-0.3613933,0.1129882,24,24,24,24,24,24,24,24,24,24,24,24,24,24,24,24
751,7510,-567.9615,-559.7808,-553.8766,-552.9742,-583.423,-613.1182,-545.4554,-184.4474,77.16966,148.4226,-58.99007,-395.8763,-614.6629,-581.7404,-573.2709,-557.307,24,24,24,24,24,24,24,24,24,24,24,24,24,24,24,24,751,7510,-522.9085,-519.6069,141.2912,-194.9472,0.1296746,-0.1227389,-0.9141687,-0.3911437,-1.035358,0.001376554,-3.852747E-05,-0.404142,0.1279594,-0.11133,-0.481841,-3.852747E-05,24,24,24,24,24,24,24,24,24,24,24,24,24,24,24,24
752,7520,-555.0972,-563.5287,-537.6298,-517.0433,-531.8878,-567.9491,-522.3615,-181.062,78.53219,146.4535,-61.60097,-398.776,-591.215,-545.218,-547.5171,-552.9682,24,24,24,24,24,24,24,24,24,24,24,24,24,24,24,24,752,7520,-545.4797,-546.5868,143.9101,-198.0455,0.2609947,0.3681428,0.5224229,-0.7822747,0.9059799,0.6452268,-3.852747E-05,-2.086905E-05,-0.3839664,-0.2226936,-0.2409452,-0.6781285,24,24,24,24,24,24,24,24,24,24,24,24,24,24,24,24
753,7530,-529.9694,-553.6147,-548.7072,-516.0688,-520.6634,-568.4427,-530.5273,-192.2215,71.5957,146.3304,-65.992,-410.2488,-609.9019,-567.5372,-572.5555,-588.0402,24,24,24,24,24,24,24,24,24,24,24,24,24,24,24,24,753,7530,-532.4476,-525.0028,144.0411,-191.4616,-0.2642872,-0.2454585,-0.65297,0.391118,-0.1294009,-0.3849336,0.919731,0.1346856,-0.3839664,3.371154E-05,0.3612938,0.4521167,24,24,24,24,24,24,24,24,24,24,24,24,24,24,24,24
754,7540,-586.1161,-599.316,-594.0015,-570.5134,-567.1297,-606.4539,-542.9037,-188.5852,77.91286,145.0997,-84.38689,-438.1114,-629.184,-568.134,-578.0401,-600.213,24,24,24,24,24,24,24,24,24,24,24,24,24,24,24,24,754,7540,-525.3269,-531.1886,139.9817,-199.3365,0.1296746,-0.9817795,2.568498E-05,0.1303641,-0.7765132,0.001376554,-0.6570154,-0.2694355,0.3839214,0.3341247,-0.6022887,-0.6781285,24,24,24,24,24,24,24,24,24,24,24,24,24,24,24,24
755,7550,-566.0379,-592.9081,-605.6942,-572.4622,-560.8537,-606.5773,-544.9451,-192.723,77.78899,146.2073,-84.62425,-432.438,-625.6132,-586.9921,-601.8862,-623.8354,24,24,24,24,24,24,24,24,24,24,24,24,24,24,24,24,755,7550,-520.4902,-513.8162,142.2078,-196.4964,0.1296746,0.4908625,0.3918244,0.2607411,0.9059799,-0.5137045,-0.6570154,-0.5388485,0.3839214,-0.11133,0.1203984,-0.1130075,24,24,24,24,24,24,24,24,24,24,24,24,24,24,24,24
756,7560,-621.7037,-647.5563,-635.1109,-585.7383,-583.9058,-657.4234,-578.1188,-213.9135,67.87971,145.715,-76.55424,-416.5526,-620.2571,-605.6113,-622.1554,-635.2851,24,24,24,24,24,24,24,24,24,24,24,24,24,24,24,24,756,7560,-535.1347,-523.4236,141.2912,-196.7546,0.1296746,-1.926374E-05,-0.2611729,0.651872,-0.5176679,-0.3849336,-0.5256207,0.1346856,-0.1280027,0.222761,-0.1204975,0.5651435,24,24,24,24,24,24,24,24,24,24,24,24,24,24,24,24
757,7570,-612.0854,-636.3123,-601.0172,-559.0642,-553.4914,-615.5865,-551.1971,-200.497,70.23317,144.6074,-83.43748,-439.4982,-635.2542,-569.3276,-581.1401,-608.6496,24,24,24,24,24,24,24,24,24,24,24,24,24,24,24,24,757,7570,-562.5426,-560.9323,146.0053,-194.3018,0.3923156,-0.2454585,0.9142216,-0.2607668,0.3882895,-0.5137045,0.5255436,-0.134729,0.2559412,-1.113603,-0.8431842,-0.6781285,24,24,24,24,24,24,24,24,24,24,24,24,24,24,24,24
758,7580,-584.1924,-603.5475,-636.3417,-579.1612,-533.698,-563.8765,-524.0201,-198.4908,69.3661,147.6842,-88.54058,-464.4611,-656.3215,-562.1663,-593.8978,-654.2071,24,24,24,24,24,24,24,24,24,24,24,24,24,24,24,24,758,7580,-550.1822,-553.5621,141.9459,-198.9492,-0.9208893,0.3681428,-0.65297,-0.1303898,-0.2588243,0.9027677,0.5255436,-0.134729,-0.8958921,-0.11133,-4.976465E-05,0.9042173,24,24,24,24,24,24,24,24,24,24,24,24,24,24,24,24
759,7590,-636.7323,-600.2832,-645.5729,-609.2457,-573.8883,-589.7932,-530.2722,-189.9645,71.84342,148.0534,-78.33438,-451.7275,-657.8689,-541.7567,-555.1478,-571.2876,24,24,24,24,24,24,24,24,24,24,24,24,24,24,24,24,759,7590,-567.1106,-559.2214,138.1485,-198.9492,0.9175976,-1.472661,0.5224229,0.391118,0.1294443,0.9027677,0.1313562,-1.077676,0.5119033,0.222761,-1.08408,-0.6781285,24,24,24,24,24,24,24,24,24,24,24,24,24,24,24,24
760,7600,-573.0112,-564.3751,-575.5391,-572.0968,-547.2155,-533.7638,-495.057,-174.1656,71.96729,146.6996,-64.56789,-431.9337,-636.2064,-529.9406,-532.3748,-548.2678,24,24,24,24,24,24,24,24,24,24,24,24,24,24,24,24,760,7600,-572.6191,-567.2495,139.0651,-198.1747,-0.7895692,-1.926374E-05,0.7836215,-0.2607668,0.9059799,-0.5137045,-1.44539,0.4040986,1.151811,-0.5567846,-0.9636323,0.2260696,24,24,24,24,24,24,24,24,24,24,24,24,24,24,24,24
761,7610,-547.2823,-547.3278,-557.3229,-569.1736,-557.957,-543.0198,-497.9916,-171.4071,73.82523,146.4535,-59.58346,-424.7474,-638.5869,-553.8115,-545.6094,-552.3656,24,24,24,24,24,24,24,24,24,24,24,24,24,24,24,24,761,7610,-531.1041,-538.2955,139.8508,-197.271,0.6549566,0.8590246,-0.2611729,0.521495,0.2588661,-1.028785,0.262751,1.077633,-2.247436E-05,0.1113974,0.2408461,1.926374E-05,24,24,24,24,24,24,24,24,24,24,24,24,24,24,24,24
762,7620,-582.8699,-571.7502,-589.2012,-596.7003,-590.061,-573.5027,-519.8098,-175.5449,74.07296,146.4535,-66.70407,-433.3205,-648.585,-546.0535,-541.794,-541.157,24,24,24,24,24,24,24,24,24,24,24,24,24,24,24,24,762,7620,-514.0413,-518.8173,137.8866,-197.7874,0.2609947,-0.1227389,1.17542,-0.5215207,-0.6470914,-0.2561635,-0.1314333,-0.9429695,-2.247436E-05,3.371154E-05,0.7226374,0.3390931,24,24,24,24,24,24,24,24,24,24,24,24,24,24,24,24
763,7630,-547.7632,-539.2272,-546.6147,-552.8524,-551.6811,-537.3428,-495.8226,-165.2631,79.0276,148.2995,-53.64962,-410.8792,-622.8756,-545.3373,-537.144,-536.2156,24,24,24,24,24,24,24,24,24,24,24,24,24,24,24,24,763,7630,-536.2095,-536.4529,141.5531,-194.56,-0.9208893,0.4908625,2.568498E-05,-0.9126516,0.9059799,0.5164568,0.3941489,0.4040986,-0.8958921,-0.2226936,-0.1204975,0.5651435,24,24,24,24,24,24,24,24,24,24,24,24,24,24,24,24
764,7640,-545.4789,-542.008,-544.6454,-554.4358,-570.509,-577.3286,-518.5338,-175.2941,73.32977,143.7459,-61.00757,-423.3605,-644.5381,-558.705,-547.2786,-539.1082,24,24,24,24,24,24,24,24,24,24,24,24,24,24,24,24,764,7640,-553.6754,-552.3777,139.7198,-194.4309,0.6549566,-0.6136174,-0.9141687,0.1303641,0.1294443,-0.2561635,0.262751,-0.134729,0.2559412,0.222761,-0.2409452,1.926374E-05,24,24,24,24,24,24,24,24,24,24,24,24,24,24,24,24
765,7650,-549.0858,-542.9752,-535.9067,-541.2814,-547.819,-545.9817,-496.3329,-160.9999,81.87651,149.6533,-55.19241,-401.1713,-598.8326,-528.2697,-527.3671,-523.9223,24,24,24,24,24,24,24,24,24,24,24,24,24,24,24,24,765,7650,-548.8386,-557.5104,138.9342,-198.3038,-0.6582483,-0.6136174,0.5224229,0.521495,0.1294443,0.001376554,-0.6570154,0.1346856,0.1279594,-0.7795119,-0.8431842,-0.3390546,24,24,24,24,24,24,24,24,24,24,24,24,24,24,24,24
766,7660,-528.0457,-527.2578,-524.3369,-522.1589,-528.2669,-543.39,-502.3297,-170.9055,77.78894,143.7459,-62.31302,-412.8963,-614.3059,-548.918,-543.5825,-542.9648,24,24,24,24,24,24,24,24,24,24,24,24,24,24,24,24,766,7660,-555.1532,-548.9558,138.8032,-192.7526,-0.1329663,0.1227036,-0.3917714,-1.284249E-05,0.2588661,-1.157555,0.5255436,1.077633,0.5119033,0.222761,-4.976465E-05,1.926374E-05,24,24,24,24,24,24,24,24,24,24,24,24,24,24,24,24
767,7670,-544.6373,-550.9548,-551.1688,-555.2884,-555.4225,-562.3956,-512.537,-173.1625,78.2844,148.2995,-61.83831,-420.0826,-635.2543,-558.5857,-552.0478,-550.4372,24,24,24,24,24,24,24,24,24,24,24,24,24,24,24,24,767,7670,-545.3455,-537.9006,140.8984,-195.2054,0.2609947,0.3681428,0.1306258,-0.3911437,-1.423627,-0.5137045,-0.1314333,-0.6735566,-0.2559845,-0.6681482,0.6021892,1.017241,24,24,24,24,24,24,24,24,24,24,24,24,24,24,24,24
768,7680,-552.5724,-550.8339,-559.6615,-563.8145,-569.0607,-571.775,-515.5992,-170.6548,78.90373,146.6996,-59.3461,-406.2144,-607.9976,-529.7019,-538.5747,-528.1406,24,24,24,24,24,24,24,24,24,24,24,24,24,24,24,24,768,7680,-510.1451,-511.5788,139.7198,-193.5272,-0.1329663,0.4908625,0.1306258,-1.564536,0.7765566,0.7739977,-3.852747E-05,-2.086905E-05,0.6398851,0.222761,-0.1204975,-0.6781862,24,24,24,24,24,24,24,24,24,24,24,24,24,24,24,24
769,7690,-552.6926,-550.5921,-532.3373,-541.7686,-572.44,-592.6317,-523.6375,-166.0154,85.22089,149.7764,-51.75079,-393.2286,-603.5937,-559.0631,-548.3516,-527.538,24,24,24,24,24,24,24,24,24,24,24,24,24,24,24,24,769,7690,-522.9086,-527.3719,140.7674,-192.3653,1.311559,-1.926374E-05,-0.3917714,-1.284249E-05,0.7765566,-0.5137045,0.1313562,-0.808263,0.6398851,0.1113974,-0.3613933,0.1129882,24,24,24,24,24,24,24,24,24,24,24,24,24,24,24,24
770,7700,-531.4122,-538.26,-514.1211,-509.9789,-530.5601,-566.098,-511.6439,-164.0092,87.45048,152.73,-57.09124,-391.7157,-586.9302,-545.3373,-542.3901,-534.1667,24,24,24,24,24,24,24,24,24,24,24,24,24,24,24,24,770,7700,-523.5804,-538.2955,143.9101,-191.0743,-0.7895692,-0.8590599,0.1306258,0.391118,0.3882895,0.9027677,-0.7884133,0.1346856,0.1279594,-0.11133,-1.08408,-1.24331,24,24,24,24,24,24,24,24,24,24,24,24,24,24,24,24
771,7710,-531.5323,-529.1923,-524.9523,-511.3187,-517.7667,-541.4154,-498.6296,-167.8962,81.38105,149.5302,-59.22742,-393.4808,-571.8141,-510.3665,-518.5439,-529.7075,24,24,24,24,24,24,24,24,24,24,24,24,24,24,24,24,771,7710,-494.8289,-502.3661,142.9935,-195.3345,-0.9208893,0.2454232,-0.1305728,-0.2607668,2.086905E-05,-1.543865,-3.852747E-05,-2.086905E-05,-0.2559845,0.3341247,0.2408461,-0.452136,24,24,24,24,24,24,24,24,24,24,24,24,24,24,24,24
772,7720,-513.0172,-526.8951,-536.2759,-517.896,-506.3011,-535.9852,-500.2883,-181.4381,73.08203,145.9612,-67.89082,-418.5697,-608.2356,-537.2212,-542.7478,-566.3463,24,24,24,24,24,24,24,24,24,24,24,24,24,24,24,24,772,7720,-501.6809,-500.6552,140.6365,-193.269,0.1296746,0.7363017,0.1306258,0.782249,-0.2588243,-0.1273935,-3.852747E-05,-0.134729,-0.3839664,0.4454883,-4.976465E-05,-0.1130621,24,24,24,24,24,24,24,24,24,24,24,24,24,24,24,24
773,7730,-550.7689,-556.3954,-562.3694,-550.4165,-538.7672,-555.3611,-499.6503,-167.0185,82.61971,152.4839,-64.68655,-417.435,-606.6883,-512.5149,-518.4247,-536.9388,24,24,24,24,24,24,24,24,24,24,24,24,24,24,24,24,773,7730,-539.8371,-536.8478,139.7198,-196.4964,-0.001646247,-0.6136174,0.1306258,-1.303782,0.2588661,0.3876867,-0.1314333,-0.5388485,-0.1280027,-0.8908756,-0.9636323,-0.1130621,24,24,24,24,24,24,24,24,24,24,24,24,24,24,24,24
774,7740,-525.2805,-525.6861,-543.2916,-543.1085,-528.1463,-525.0015,-489.9534,-172.034,72.4627,145.2228,-60.77022,-419.7044,-621.8044,-520.0342,-517.8286,-528.2612,24,24,24,24,24,24,24,24,24,24,24,24,24,24,24,24,774,7740,-541.9867,-549.4822,139.8508,-191.2034,1.048918,0.2454264,-0.2611729,0.2607411,0.5177113,0.001376554,-3.852747E-05,0.2693921,-0.1280027,0.6682173,0.6021892,-0.2260888,24,24,24,24,24,24,24,24,24,24,24,24,24,24,24,24
775,7750,-528.5267,-524.9606,-534.922,-538.9673,-530.4395,-514.2645,-480.1288,-162.3792,76.17867,144.7305,-55.19241,-403.1886,-605.7361,-528.0309,-520.6902,-518.0168,24,24,24,24,24,24,24,24,24,24,24,24,24,24,24,24,775,7750,-535.269,-537.3742,140.1127,-196.6255,-0.2642872,-0.6136142,-0.2611729,0.9126259,0.1294443,0.001376554,-1.051203,-0.9429695,-0.2559845,-0.2226936,-0.8431842,-0.452136,24,24,24,24,24,24,24,24,24,24,24,24,24,24,24,24
776,7760,-534.5381,-523.9935,-513.3826,-523.377,-540.6982,-544.9943,-498.7571,-161.2507,81.25718,149.5302,-51.39476,-385.0338,-585.2639,-529.9406,-523.6709,-508.7365,24,24,24,24,24,24,24,24,24,24,24,24,24,24,24,24,776,7760,-524.2521,-511.7104,143.2554,-189.5252,-0.3956073,0.1227036,0.653023,0.2607411,0.6471347,0.5164568,-1.182598,0.6735132,0.2559412,-0.3340573,0.1203984,-0.5651627,24,24,24,24,24,24,24,24,24,24,24,24,24,24,24,24
777,7770,-522.7557,-523.8726,-500.459,-485.3754,-497.1286,-527.0995,-497.864,-170.5294,77.41733,143.3767,-66.11067,-403.1886,-595.619,-558.9437,-555.5055,-566.9489,24,24,24,24,24,24,24,24,24,24,24,24,24,24,24,24,777,7770,-551.1227,-545.6656,144.0411,-192.8817,-0.2642872,1.227187,-0.1305728,0.521495,-0.7765148,-1.286325,-0.9198081,-0.404142,-1.023872,0.779581,-0.3613933,0.2260118,24,24,24,24,24,24,24,24,24,24,24,24,24,24,24,24
778,7780,-557.0208,-558.209,-551.9073,-530.6849,-524.5256,-556.5952,-511.7714,-176.4226,81.8765,151.3763,-63.49978,-408.2315,-602.8795,-541.2793,-542.8671,-554.053,24,24,24,24,24,24,24,24,24,24,24,24,24,24,24,24,778,7780,-568.1855,-568.5656,146.0053,-193.7854,-0.001646247,-0.1227357,0.5224229,0.1303641,-0.5176696,0.1301466,0.7883363,-0.2694355,0.767867,-0.7795119,-0.481841,0.1129882,24,24,24,24,24,24,24,24,24,24,24,24,24,24,24,24
779,7790,-545.5991,-557.3627,-558.1846,-535.3134,-534.543,-578.4392,-527.3375,-187.4567,73.45362,145.3459,-73.82467,-418.6958,-606.2122,-548.7986,-558.7247,-592.3792,24,24,24,24,24,24,24,24,24,24,24,24,24,24,24,24,779,7790,-557.4373,-559.4846,144.172,-190.0416,-0.1329663,0.3681461,-0.5223715,-0.1303898,0.6471331,0.2589166,-0.6570154,0.1346856,-0.5119466,0.222761,0.8430851,-0.3391124,24,24,24,24,24,24,24,24,24,24,24,24,24,24,24,24
780,7800,-582.0283,-557.7253,-592.2783,-563.3273,-542.9913,-571.7749,-523.5098,-190.0898,71.96723,148.9149,-71.0951,-427.8993,-619.1859,-539.3696,-550.7363,-582.7373,24,24,24,24,24,24,24,24,24,24,24,24,24,24,24,24,780,7800,-542.6584,-546.9817,144.5649,-197.6582,-0.001646247,-0.7363371,2.568498E-05,-0.1303898,-0.1294025,-0.1273935,-0.1314333,-0.9429695,-0.3839664,-0.2226936,-0.6022887,0.1129882,24,24,24,24,24,24,24,24,24,24,24,24,24,24,24,24
781,7810,-555.5781,-542.8544,-569.7543,-541.7687,-510.8874,-522.78,-492.5052,-177.5511,73.94908,145.3459,-72.99393,-430.5468,-616.6863,-513.1116,-521.7632,-545.1343,24,24,24,24,24,24,24,24,24,24,24,24,24,24,24,24,781,7810,-533.2538,-528.03,141.4221,-190.5579,-0.2642872,-0.4908946,0.2612243,0.2607411,1.926374E-05,-1.028785,-0.2628312,0.2693921,0.2559412,0.4454883,0.4817415,-0.5651627,24,24,24,24,24,24,24,24,24,24,24,24,24,24,24,24
782,7820,-534.8988,-535.721,-556.0922,-549.9293,-531.5257,-522.4099,-479.1081,-161.1254,78.77985,146.6996,-59.82081,-410.3748,-602.8795,-502.8472,-501.7325,-508.4955,24,24,24,24,24,24,24,24,24,24,24,24,24,24,24,24,782,7820,-537.0156,-547.7713,143.7792,-196.8837,-0.001646247,0.7363049,2.568498E-05,1.173383,0.2588645,-1.157555,-3.852747E-05,-0.5388485,-0.2559845,-0.11133,-0.9636323,0.3390353,24,24,24,24,24,24,24,24,24,24,24,24,24,24,24,24
783,7830,-501.7157,-504.0444,-516.7058,-541.8906,-549.7501,-536.2321,-486.5084,-157.1129,79.89465,146.0843,-56.26051,-414.2832,-623.1136,-536.8632,-530.1094,-530.069,24,24,24,24,24,24,24,24,24,24,24,24,24,24,24,24,783,7830,-524.3865,-534.084,142.7316,-194.8181,-0.7895692,-0.3681749,-0.5223715,0.2607411,-1.164783,0.7739977,0.7883363,0.1346856,1.023829,0.222761,0.7226887,0.1129882,24,24,24,24,24,24,24,24,24,24,24,24,24,24,24,24
784,7840,-542.4731,-533.6657,-536.5221,-557.7245,-568.8193,-558.6932,-497.0984,-159.3699,81.25717,151.2533,-50.80139,-417.6872,-652.9889,-551.7825,-536.7863,-531.0332,24,24,24,24,24,24,24,24,24,24,24,24,24,24,24,24,784,7840,-515.9223,-523.9501,144.303,-195.2054,1.44288,0.8590246,0.3918244,-0.5215207,1.0354,0.001376554,-3.852747E-05,-2.086905E-05,-0.7679103,-0.7795119,1.605311E-06,-0.3391124,24,24,24,24,24,24,24,24,24,24,24,24,24,24,24,24
785,7850,-571.8089,-555.4282,-561.0155,-585.9821,-593.4404,-562.0253,-504.6263,-167.3947,75.31161,146.8227,-50.68271,-407.9794,-637.5156,-553.3341,-540.7209,-519.9451,24,24,24,24,24,24,24,24,24,24,24,24,24,24,24,24,785,7850,-548.1669,-538.0322,143.1245,-197.7873,0.3923156,-0.8590567,-0.7835685,0.2607411,1.926374E-05,0.3876867,0.6569384,-0.2694355,-0.3839664,-0.3340573,-0.1204457,0.5650856,24,24,24,24,24,24,24,24,24,24,24,24,24,24,24,24
786,7860,-547.4025,-529.4341,-516.5827,-538.2366,-570.509,-566.2213,-500.9262,-153.1005,86.45954,151.1302,-45.46094,-384.2773,-608.1166,-574.9372,-549.7824,-513.7985,24,24,24,24,24,24,24,24,24,24,24,24,24,24,24,24,786,7860,-550.854,-543.9547,141.1603,-199.7238,0.2609947,-1.472658,-0.5223715,0.2607411,1.926374E-05,0.1301466,-1.313995,-2.086905E-05,0.767867,0.4454883,-0.6022373,-1.356337,24,24,24,24,24,24,24,24,24,24,24,24,24,24,24,24
787,7870,-545.8395,-539.5899,-518.1828,-518.3832,-548.4225,-576.0944,-512.9197,-169.1501,78.53212,142.8845,-59.34611,-389.8246,-585.8589,-531.1342,-529.5132,-521.8735,24,24,24,24,24,24,24,24,24,24,24,24,24,24,24,24,787,7870,-571.2756,-558.5633,143.9101,-195.2054,-0.2642872,0.2454264,0.9142216,0.1303641,-0.1294025,0.001376554,-0.394226,-0.2694355,0.5119033,-0.5567846,1.605311E-06,0.3390353,24,24,24,24,24,24,24,24,24,24,24,24,24,24,24,24
788,7880,-522.5153,-524.9606,-512.521,-503.0363,-506.9046,-530.0614,-489.8257,-165.5139,81.62877,148.7918,-58.63405,-389.3203,-565.3867,-503.4439,-510.3171,-528.5022,24,24,24,24,24,24,24,24,24,24,24,24,24,24,24,24,788,7880,-547.2264,-542.1121,142.6007,-198.8201,-0.3956073,-1.605311E-05,2.568498E-05,-0.9126516,-0.9059382,-0.1273935,0.262751,0.6735132,-0.2559845,0.1113974,-0.6022373,0.1129882,24,24,24,24,24,24,24,24,24,24,24,24,24,24,24,24
789,7890,-502.0764,-520.7291,-533.9373,-511.6841,-493.8699,-513.7709,-484.2117,-171.9087,76.4264,147.1919,-63.49979,-411.2574,-599.3087,-515.4987,-517.7094,-537.903,24,24,24,24,24,24,24,24,24,24,24,24,24,24,24,24,789,7890,-564.4236,-564.8805,145.6124,-195.3345,0.9175454,0.6135853,0.9142216,-0.5215207,0.3882879,0.3876867,-0.1314333,1.481754,-0.3839664,-1.336332,0.1204497,-0.5651627,24,24,24,24,24,24,24,24,24,24,24,24,24,24,24,24
790,7900,-531.0515,-534.2702,-547.7225,-539.0891,-517.7668,-515.0051,-483.5738,-169.5263,74.56841,146.5766,-66.22936,-420.5869,-613.5917,-520.3923,-526.8901,-545.1343,24,24,24,24,24,24,24,24,24,24,24,24,24,24,24,24,790,7900,-563.8862,-561.0638,144.8268,-196.4964,0.5235835,-0.6136174,-1.044767,-0.1303898,0.3882879,-1.157555,-0.5256207,-0.5388485,-0.7679103,-0.2226936,-0.3613415,0.1129882,24,24,24,24,24,24,24,24,24,24,24,24,24,24,24,24
791,7910,-537.3033,-534.0284,-540.2145,-534.8261,-522.7151,-522.4099,-482.2979,-164.3854,77.78893,148.7918,-52.81889,-397.0109,-589.7867,-496.044,-497.3209,-505.2414,24,24,24,24,24,24,24,24,24,24,24,24,24,24,24,24,791,7910,-551.3914,-554.7466,149.017,-193.269,0.1296225,-0.4908978,-0.1305712,0.651872,0.1294427,0.7739977,-0.1314333,-0.2694355,0.3839214,0.556852,-0.3613415,-1.130287,24,24,24,24,24,24,24,24,24,24,24,24,24,24,24,24
792,7920,-508.3283,-508.1552,-517.0751,-523.8641,-520.5427,-514.5114,-478.0873,-162.1285,75.55934,143.4998,-53.76831,-393.9851,-585.978,-504.1601,-497.3209,-495.238,24,24,24,24,24,24,24,24,24,24,24,24,24,24,24,24,792,7920,-527.3423,-532.2414,146.2672,-193.0108,-0.6583005,-0.3681782,0.1306274,-0.5215207,-0.1294025,-0.3849336,-0.6570154,-0.134729,0.1279594,-0.3340573,-0.2408938,0.3390353,24,24,24,24,24,24,24,24,24,24,24,24,24,24,24,24
793,7930,-499.792,-494.8559,-500.4589,-513.7548,-526.9394,-529.0742,-487.1463,-160.6238,77.04579,145.8382,-55.66713,-410.7531,-630.9693,-550.1115,-540.1247,-550.4373,24,24,24,24,24,24,24,24,24,24,24,24,24,24,24,24,793,7930,-547.7639,-562.9064,147.3147,-193.7854,1.180186,0.6135821,0.6530246,-1.284249E-05,-0.647093,0.3876867,0.1313562,-2.086905E-05,0.767867,-0.2226936,-0.2408938,-0.1130621,24,24,24,24,24,24,24,24,24,24,24,24,24,24,24,24
794,7940,-567.4807,-557.7253,-566.5541,-584.8858,-584.8713,-562.8892,-499.7779,-165.0124,76.05486,145.592,-53.05624,-415.5439,-644.181,-551.1857,-536.3093,-523.1992,24,24,24,24,24,24,24,24,24,24,24,24,24,24,24,24,794,7940,-527.611,-540.0063,149.017,-189.7834,-0.1330185,-1.926374E-05,2.88956E-05,-1.43416,0.1294427,-0.1273935,-0.2628312,-2.086905E-05,-1.023872,-0.8908756,0.3613451,-0.1130621,24,24,24,24,24,24,24,24,24,24,24,24,24,24,24,24
795,7950,-559.3051,-543.4589,-533.9373,-560.0387,-571.5953,-556.7186,-505.647,-172.4102,69.48997,142.6383,-49.13991,-400.2888,-627.8747,-547.247,-532.6132,-521.1503,24,24,24,24,24,24,24,24,24,24,24,24,24,24,24,24,795,7950,-522.3712,-522.2391,148.6242,-194.0436,-0.001698419,0.3681428,-0.914167,-0.3911437,-0.3882478,-0.3849336,1.445313,-0.2694355,-1.151854,3.371154E-05,1.605311E-06,0.3390353,24,24,24,24,24,24,24,24,24,24,24,24,24,24,24,24
796,7960,-547.2823,-538.7436,-524.3369,-528.9797,-540.5775,-544.5007,-495.1846,-157.4891,83.11522,147.3149,-52.81889,-386.4207,-580.9789,-527.6729,-521.2863,-500.4204,24,24,24,24,24,24,24,24,24,24,24,24,24,24,24,24,796,7960,-519.9528,-535.4,148.3623,-187.5887,-0.1330185,-1.227219,0.1306274,0.1303641,-0.647093,0.3876867,-0.7884133,-0.5388485,-0.3839664,0.3341247,-0.6022373,-1.130287,24,24,24,24,24,24,24,24,24,24,24,24,24,24,24,24
797,7970,-524.0782,-541.0408,-516.0904,-501.8184,-516.0771,-555.8547,-502.3297,-165.6393,83.48682,146.3304,-68.12819,-405.0797,-585.7399,-525.8826,-528.0825,-544.0496,24,24,24,24,24,24,24,24,24,24,24,24,24,24,24,24,797,7970,-528.2827,-538.427,150.3265,-190.0416,-0.2643394,0.7363017,0.6530246,0.1303641,0.3882879,-0.5137045,0.1313562,-2.086905E-05,-0.3839632,-0.4454209,0.1204497,0.2260118,24,24,24,24,24,24,24,24,24,24,24,24,24,24,24,24
798,7980,-531.5323,-541.2825,-541.3222,-524.7167,-529.2325,-569.3067,-518.6614,-181.062,76.55032,143.2536,-73.23128,-417.8133,-615.496,-557.2727,-557.5324,-558.9944,24,24,24,24,24,24,24,24,24,24,24,24,24,24,24,24,798,7980,-531.3729,-530.7937,147.4457,-191.2034,0.2609425,-0.1227389,-0.1305712,0.1303641,-0.9059382,-0.6424745,0.1313562,-0.2694355,-0.1280011,-0.5567846,0.4817933,-0.1130621,24,24,24,24,24,24,24,24,24,24,24,24,24,24,24,24
799,7990,-542.8339,-563.2869,-549.5687,-521.4282,-525.6118,-570.7877,-521.4684,-181.8143,77.91286,147.1919,-69.90833,-407.8534,-591.215,-543.905,-551.9286,-562.61,24,24,24,24,24,24,24,24,24,24,24,24,24,24,24,24,799,7990,-547.8982,-544.7443,148.1004,-189.267,1.180186,0.7363017,0.7836231,-0.6518977,1.926374E-05,-0.3849336,-0.2628312,-0.134729,-0.3839632,-1.002239,-0.3613933,0.2260118,24,24,24,24,24,24,24,24,24,24,24,24,24,24,24,24
800,8000,-545.8395,-549.0204,-552.6458,-525.0822,-505.9391,-528.3337,-497.0984,-178.1781,74.69234,145.4689,-70.26437,-420.713,-609.3068,-534.476,-540.4825,-563.3332,24,24,24,24,24,24,24,24,24,24,24,24,24,24,24,24,800,8000,-578.5306,-580.4104,149.8027,-186.4269,-0.3956595,-0.2454585,-0.5223683,-1.284249E-05,1.926374E-05,-0.2561635,1.313918,0.6735132,-0.2559814,0.4454883,0.6021892,0.6781092,24,24,24,24,24,24,24,24,24,24,24,24,24,24,24,24
801,8010,-558.8242,-563.5287,-568.1542,-547.006,-528.1463,-551.2885,-499.1399,-171.4071,80.51404,151.007,-66.46671,-414.2832,-594.4287,-509.4116,-521.0479,-552.8478,24,24,24,24,24,24,24,24,24,24,24,24,24,24,24,24,801,8010,-556.3624,-552.6409,149.5408,-191.5907,0.2609425,-1.227219,0.1306274,0.2607411,-0.1294025,0.3876867,-0.7884133,-0.404142,0.2559428,0.4454883,-1.08408,-0.3391124,24,24,24,24,24,24,24,24,24,24,24,24,24,24,24,24
802,8020,-539.8281,-539.8317,-554.8613,-548.9549,-525.4911,-524.1376,-489.4429,-173.4133,73.32981,146.3304,-65.16126,-425.1257,-622.8756,-523.4954,-527.3671,-545.4959,24,24,24,24,24,24,24,24,24,24,24,24,24,24,24,24,802,8020,-556.0938,-547.7713,147.9695,-186.6851,-0.1330185,0.6135821,0.9142232,0.2607411,0.5177097,0.1301466,-0.7884133,0.1346856,0.2559428,0.556852,0.4817415,-0.9042366,24,24,24,24,24,24,24,24,24,24,24,24,24,24,24,24
803,8030,-544.998,-537.051,-544.6456,-544.6919,-528.6291,-526.1122,-490.9741,-175.1688,74.32074,150.0225,-50.92006,-409.4924,-618.5907,-517.4083,-520.0941,-538.144,24,24,24,24,24,24,24,24,24,24,24,24,24,24,24,24,803,8030,-575.7092,-561.7219,147.0528,-194.1727,-0.2643394,0.1227036,-0.6529684,0.9126259,1.926374E-05,-1.028785,0.262751,0.1346856,-1.023871,0.3341247,-0.3613933,-0.2260888,24,24,24,24,24,24,24,24,24,24,24,24,24,24,24,24
804,8040,-530.3301,-523.3889,-530.7373,-538.9673,-527.5428,-510.3154,-480.5116,-167.3947,71.71956,143.4998,-55.42978,-409.7445,-623.2327,-531.6115,-519.0209,-513.1959,24,24,24,24,24,24,24,24,24,24,24,24,24,24,24,24,804,8040,-585.517,-564.6173,147.7076,-188.7506,0.3922634,-1.926374E-05,1.30602,0.2607411,-0.1294025,0.1301466,0.5255436,-0.2694355,0.2559428,-1.002239,0.1203984,-0.3391124,24,24,24,24,24,24,24,24,24,24,24,24,24,24,24,24
805,8050,-537.5438,-529.555,-525.814,-534.9479,-548.3018,-548.9436,-500.033,-160.2477,79.64698,145.3458,-58.04066,-399.5325,-602.0463,-544.7405,-538.4556,-530.9127,24,24,24,24,24,24,24,24,24,24,24,24,24,24,24,24,805,8050,-565.2297,-558.0369,146.3981,-192.6235,-0.2642872,0.2454232,0.6530246,-0.7822747,-0.3882478,0.3876867,-0.1314333,0.4040986,-0.3839632,3.371154E-05,-0.1204975,0.4520621,24,24,24,24,24,24,24,24,24,24,24,24,24,24,24,24
806,8060,-539.9484,-541.2825,-529.0142,-530.9285,-546.2501,-561.1616,-509.3472,-168.6486,78.40832,145.2228,-56.85389,-408.7359,-623.7087,-549.5146,-539.4094,-520.7888,24,24,24,24,24,24,24,24,24,24,24,24,24,24,24,24,806,8060,-535.269,-534.742,148.8861,-192.8817,0.5236357,-0.3681782,-1.044765,0.1303641,0.3882879,-0.3849336,0.5255436,-0.5388485,0.2559428,0.556852,-0.6022887,-0.791213,24,24,24,24,24,24,24,24,24,24,24,24,24,24,24,24
807,8070,-539.7079,-537.4136,-527.7833,-537.0185,-563.6296,-587.8187,-525.6789,-170.6548,80.76177,147.0688,-60.17685,-396.7588,-602.5223,-564.1953,-558.6055,-541.8802,24,24,24,24,24,24,24,24,24,24,24,24,24,24,24,24,807,8070,-558.7808,-572.119,143.9101,-195.4636,-0.001646247,-1.104499,-0.1305712,0.9126259,0.6471331,0.001376554,-1.182598,0.4040986,0.2559428,-0.2226936,-0.2409452,-0.6781862,24,24,24,24,24,24,24,24,24,24,24,24,24,24,24,24
808,8080,-548.6048,-552.0429,-532.3374,-524.8386,-535.1464,-568.1961,-518.6614,-173.0371,81.25723,147.3149,-63.73715,-400.0367,-588.0013,-527.7922,-529.7517,-525.1276,24,24,24,24,24,24,24,24,24,24,24,24,24,24,24,24,808,8080,-531.1041,-543.165,139.9817,-202.4348,0.2609947,-1.926374E-05,-0.2611697,0.9126291,0.5177097,-1.157555,0.262751,0.6735132,-0.511945,0.556852,0.8430851,-0.2260888,24,24,24,24,24,24,24,24,24,24,24,24,24,24,24,24
809,8090,-521.6736,-541.1617,-532.7066,-513.7548,-516.8013,-564.0001,-520.0649,-184.1966,77.16966,147.9303,-67.41612,-410.1228,-604.4268,-558.9437,-561.5863,-572.1313,24,24,24,24,24,24,24,24,24,24,24,24,24,24,24,24,809,8090,-571.2756,-591.7288,137.8866,-197.5292,0.3923156,0.8590246,0.6530246,-0.7822714,-0.7765148,-0.3849336,0.1313562,-0.808263,-1.926374E-05,-0.5567846,0.2408461,0.1129882,24,24,24,24,24,24,24,24,24,24,24,24,24,24,24,24
810,8100,-551.7308,-563.8914,-556.4614,-530.9285,-530.0773,-571.7751,-526.8272,-187.8328,77.04579,151.9917,-64.33054,-406.4666,-605.498,-545.4567,-554.7902,-574.3008,24,24,24,24,24,24,24,24,24,24,24,24,24,24,24,24,810,8100,-546.0173,-555.9311,144.172,-197.7874,-0.001646247,-1.926374E-05,0.5224245,-1.434156,0.7765549,1.417848,0.262751,1.61646,-1.926374E-05,0.1113974,-0.6022887,-0.2260888,24,24,24,24,24,24,24,24,24,24,24,24,24,24,24,24
811,8110,-562.7917,-573.08,-570.0005,-551.5127,-550.2328,-588.3124,-528.9963,-185.7012,79.39925,155.1915,-56.26051,-397.8935,-593.9526,-530.0599,-535.4748,-540.3134,24,24,24,24,24,24,24,24,24,24,24,24,24,24,24,24,811,8110,-557.0342,-569.8817,142.6007,-200.4984,0.7862775,-0.9817795,-1.436563,-0.7822714,-0.5176696,-0.3849336,-3.852747E-05,-0.6735566,-0.1280011,0.556852,0.3612938,-0.3391124,24,24,24,24,24,24,24,24,24,24,24,24,24,24,24,24
812,8120,-522.9962,-539.9526,-532.7066,-509.4918,-500.1459,-534.5044,-499.2675,-176.1718,79.02765,151.1302,-65.51729,-417.0569,-605.0219,-524.8083,-530.944,-555.8608,24,24,24,24,24,24,24,24,24,24,24,24,24,24,24,24,812,8120,-562.4083,-562.6431,141.5531,-202.0475,-0.1329663,-1.926374E-05,0.2612275,-0.1303866,-0.258826,-0.2561635,-0.6570154,-0.2694371,0.3839247,-0.8908756,-1.204528,-0.2260888,24,24,24,24,24,24,24,24,24,24,24,24,24,24,24,24
813,8130,-543.1945,-546.965,-562.3694,-548.4677,-529.3533,-546.7223,-511.1335,-183.4443,75.31167,152.8531,-60.29552,-414.4093,-609.6639,-516.5729,-525.3401,-544.1702,24,24,24,24,24,24,24,24,24,24,24,24,24,24,24,24,813,8130,-572.0817,-565.9334,140.5055,-200.7566,-0.5269282,-0.4908978,-0.3917698,-0.2607636,0.2588645,-1.543865,0.7883363,0.5388035,-0.1280525,0.556852,0.1203984,0.5650856,24,24,24,24,24,24,24,24,24,24,24,24,24,24,24,24
814,8140,-530.811,-531.1267,-540.9531,-534.4607,-517.2841,-522.7802,-490.3362,-171.2817,81.13337,156.6683,-56.14183,-415.1658,-614.1869,-517.8857,-520.9286,-540.3134,24,24,24,24,24,24,24,24,24,24,24,24,24,24,24,24,814,8140,-588.8758,-589.2282,137.1009,-208.8897,0.6549566,0.2454232,-0.1305712,0.2607443,-0.258826,0.6452268,0.919731,-0.4041452,0.1279112,0.3341247,0.1203984,0.3390353,24,24,24,24,24,24,24,24,24,24,24,24,24,24,24,24
815,8150,-537.5438,-536.0838,-546.6149,-549.8075,-532.6119,-526.1124,-489.3154,-171.7832,76.79806,152.8531,-48.07182,-404.3234,-608.2356,-507.86,-509.1248,-525.6097,24,24,24,24,24,24,24,24,24,24,24,24,24,24,24,24,815,8150,-553.5411,-542.3753,133.5654,-201.7894,0.5236357,0.4908625,2.88956E-05,-0.6518945,0.2588645,0.7739977,-0.1314333,0.5388035,-0.2560327,-0.5567846,-0.8431328,-0.452136,24,24,24,24,24,24,24,24,24,24,24,24,24,24,24,24
816,8160,-529.4885,-516.4974,-540.2147,-550.9037,-532.6119,-508.958,-475.0252,-159.1191,83.48682,160.1143,-47.00373,-408.736,-618.7098,-521.5857,-523.0748,-539.7108,24,24,24,24,24,24,24,24,24,24,24,24,24,24,24,24,816,8160,-513.3696,-511.3155,140.2436,-204.7586,0.1296746,0.4908625,-0.914167,0.2607443,0.1294427,-0.6424745,0.3941489,0.2693905,-0.5119964,-0.3340573,-0.2408938,0.7911873,24,24,24,24,24,24,24,24,24,24,24,24,24,24,24,24
817,8170,-555.8185,-550.2294,-562.7386,-572.9495,-554.4571,-535.7385,-491.4845,-162.8807,82.61976,156.176,-49.37727,-413.905,-623.5898,-512.7535,-513.2979,-522.7171,24,24,24,24,24,24,24,24,24,24,24,24,24,24,24,24,817,8170,-558.6464,-573.3035,143.1245,-200.4984,-0.1329663,-1.104499,-0.5223683,0.2607443,-1.03536,0.5164568,-0.6570154,-2.407967E-05,0.5118551,0.4454883,-0.1204461,-0.6781349,24,24,24,24,24,24,24,24,24,24,24,24,24,24,24,24
818,8180,-520.9523,-514.5321,-526.7986,-554.923,-555.5433,-530.9254,-478.0874,-147.7089,89.68011,156.4222,-43.68079,-397.011,-612.0444,-552.7372,-539.0517,-524.6455,24,24,24,24,24,24,24,24,24,24,24,24,24,24,24,24,818,8180,-558.9151,-566.8546,137.1009,-208.8897,-0.9208893,-0.8590599,0.1306274,-0.6518945,1.926374E-05,-0.3849336,-0.394226,0.5388035,0.1279112,-0.3340573,-0.361342,0.9042109,24,24,24,24,24,24,24,24,24,24,24,24,24,24,24,24
819,8190,-555.0972,-542.7075,-527.9063,-549.4421,-566.4055,-569.1834,-508.8369,-157.4891,89.43238,158.6375,-46.41035,-405.5841,-639.063,-556.0791,-539.7671,-532.7205,24,24,24,24,24,24,24,24,24,24,24,24,24,24,24,24,819,8190,-536.4783,-539.7431,139.1961,-202.693,0.5236357,0.2454232,2.88956E-05,0.5214983,0.2588645,-0.2561635,0.7883363,0.2693905,0.1279112,1.336399,0.7226887,1.284249E-05,24,24,24,24,24,24,24,24,24,24,24,24,24,24,24,24
820,8200,-551.7308,-554.3162,-559.9077,-587.5654,-608.6476,-583.4993,-502.2021,-152.8497,85.7164,154.2069,-49.02123,-422.226,-664.6534,-569.2081,-547.7556,-522.7171,24,24,24,24,24,24,24,24,24,24,24,24,24,24,24,24,820,8200,-555.0189,-556.8523,137.8866,-206.695,-0.1329663,-1.926374E-05,-0.3917698,-1.043025,-0.1294025,0.2589166,-0.1314333,-2.407967E-05,-0.1280525,-0.8908756,-1.084029,0.2260632,24,24,24,24,24,24,24,24,24,24,24,24,24,24,24,24
821,8210,-556.4197,-537.8705,-526.3062,-546.6406,-565.9227,-568.8132,-501.0538,-152.4736,89.43238,155.8068,-48.66521,-397.011,-613.9489,-562.1661,-549.6632,-521.5119,24,24,24,24,24,24,24,24,24,24,24,24,24,24,24,24,821,8210,-577.4558,-573.0402,136.839,-204.8877,0.1296746,0.1227036,-1.044765,-0.5215175,0.6471331,0.1301466,-0.1314333,0.9429246,-0.5119964,3.371154E-05,0.9635841,-0.2260375,24,24,24,24,24,24,24,24,24,24,24,24,24,24,24,24
822,8220,-539.8281,-539.0798,-513.998,-512.0495,-540.3361,-576.7115,-517.7682,-164.5108,88.19373,155.4376,-49.02123,-388.0597,-612.2825,-578.3984,-560.1555,-533.3231,24,24,24,24,24,24,24,24,24,24,24,24,24,24,24,24,822,8220,-535.1347,-531.5833,138.1485,-207.8569,-0.001646247,-0.9817795,2.88956E-05,0.7822522,-0.5176696,0.2589166,-0.2628312,-0.2694371,-0.2560327,0.222761,-0.8431328,-0.5651113,24,24,24,24,24,24,24,24,24,24,24,24,24,24,24,24
823,8230,-548.8453,-558.7903,-527.9063,-521.0627,-553.7329,-600.6536,-531.4204,-169.5263,88.81306,158.0221,-46.17299,-380.1169,-596.0951,-571.9532,-561.7055,-542.4828,24,24,24,24,24,24,24,24,24,24,24,24,24,24,24,24,823,8230,-535.0004,-534.4788,139.4579,-206.0495,-0.5269282,-0.1227389,0.2611761,-0.1303866,0.2588645,-0.3849336,-0.2628312,0.8082181,0.895799,-0.3340573,0.1204497,-0.4520846,24,24,24,24,24,24,24,24,24,24,24,24,24,24,24,24
824,8240,-570.7269,-577.6545,-546.2456,-535.1915,-563.0261,-616.6972,-541.7553,-178.4288,84.35388,154.8223,-51.7508,-384.1513,-602.5224,-583.2919,-576.1324,-556.1019,24,24,24,24,24,24,24,24,24,24,24,24,24,24,24,24,824,8240,-543.1959,-557.2471,138.4104,-207.7278,0.1296746,0.7363017,-2.247436E-05,-0.1303866,-1.03536,-1.157555,-0.2628312,-1.077679,-7.06337E-05,0.1113974,-0.7226851,0.2260632,24,24,24,24,24,24,24,24,24,24,24,24,24,24,24,24
825,8250,-572.1696,-576.6871,-545.2609,-527.6398,-546.3707,-587.5718,-526.1891,-173.4133,84.35388,153.9608,-56.02316,-388.0597,-588.8346,-543.7856,-544.5363,-542.7239,24,24,24,24,24,24,24,24,24,24,24,24,24,24,24,24,825,8250,-565.4984,-571.066,138.5413,-209.5351,0.5236357,-0.7363403,0.2611761,-0.7822714,0.1294427,0.5164568,0.262751,0.5388035,0.6398354,-0.8908756,-0.7226851,1.284249E-05,24,24,24,24,24,24,24,24,24,24,24,24,24,24,24,24
826,8260,-535.4999,-547.7863,-532.0911,-505.3505,-501.1114,-534.8745,-497.6088,-171.1564,80.01858,147.438,-70.38304,-411.1314,-591.9293,-520.6309,-528.9171,-555.9813,24,24,24,24,24,24,24,24,24,24,24,24,24,24,24,24,826,8260,-549.1074,-545.7971,137.8866,-205.4041,-0.001646247,-0.6136174,-1.306015,-9.631868E-06,1.926374E-05,-0.3849336,0.1313562,-2.407967E-05,-0.5119964,-0.4454209,1.605311E-06,-0.4520846,24,24,24,24,24,24,24,24,24,24,24,24,24,24,24,24
827,8270,-552.4521,-563.6273,-574.3084,-544.0829,-519.8185,-562.2722,-514.8336,-185.3251,76.67419,147.1919,-79.7585,-431.1773,-611.6873,-535.3115,-542.2709,-564.9,24,24,24,24,24,24,24,24,24,24,24,24,24,24,24,24,827,8270,-599.4896,-586.4644,142.7316,-206.695,-0.2642872,-1.595381,0.5223731,1.564514,0.3882879,0.3876867,0.1314076,-0.5388517,-0.2560327,-0.3340573,-0.8431328,-0.5651113,24,24,24,24,24,24,24,24,24,24,24,24,24,24,24,24
828,8280,-545.8395,-552.986,-564.9541,-550.66,-531.0429,-544.871,-504.7539,-181.1874,69.24224,143.6228,-73.58731,-433.0684,-618.9479,-505.8309,-525.2209,-584.3041,24,24,24,24,24,24,24,24,24,24,24,24,24,24,24,24,828,8280,-589.4132,-582.7793,138.0175,-206.4368,-1.05221,-0.2454585,-2.247436E-05,-0.2607636,-0.1294025,-1.286325,-0.5255693,-0.404142,-7.06337E-05,0.1113974,-0.2408938,-0.2260375,24,24,24,24,24,24,24,24,24,24,24,24,24,24,24,24
829,8290,-586.8375,-573.7849,-594.4938,-585.6166,-542.7499,-527.9634,-494.9294,-181.3127,68.37518,147.3149,-68.36554,-448.8277,-665.9626,-534.7147,-540.4825,-569.4799,24,24,24,24,24,24,24,24,24,24,24,24,24,24,24,24,829,8290,-610.6409,-590.5443,139.7198,-208.7606,-0.2642872,1.227183,0.130576,0.6518752,0.2588645,-1.028785,0.3942003,0.1346856,-0.3840145,3.371154E-05,0.3613451,-0.1130107,24,24,24,24,24,24,24,24,24,24,24,24,24,24,24,24
830,8300,-574.8146,-571.2456,-593.1399,-602.0595,-577.2678,-547.4626,-503.3503,-176.6734,68.37518,141.1614,-61.00758,-433.3205,-657.2737,-547.605,-542.8671,-550.9194,24,24,24,24,24,24,24,24,24,24,24,24,24,24,24,24,830,8300,-568.9916,-561.7218,139.4579,-204.8877,-0.001646247,-0.2454585,0.2611761,-0.3911405,0.2588645,-0.3849336,0.1314076,-0.134729,1.279743,-0.4454209,-0.4817896,0.2260632,24,24,24,24,24,24,24,24,24,24,24,24,24,24,24,24
831,8310,-565.0761,-548.7537,-555.2306,-570.5134,-568.3365,-546.2285,-502.3296,-171.1564,69.98544,143.7459,-59.82081,-431.0512,-664.4153,-556.4373,-543.9401,-535.1309,24,24,24,24,24,24,24,24,24,24,24,24,24,24,24,24,831,8310,-541.0462,-541.9805,137.4938,-210.9552,0.3923156,0.6135821,-0.2612211,-0.1303866,0.6471331,-0.1273935,-0.2627798,0.6735132,-0.5119964,0.4454883,0.2408461,0.3390867,24,24,24,24,24,24,24,24,24,24,24,24,24,24,24,24
832,8320,-576.0169,-550.4466,-551.5381,-575.02,-590.061,-572.6389,-515.2163,-171.2818,72.58662,141.7768,-61.83832,-423.4867,-648.1088,-564.434,-552.4055,-535.1308,24,24,24,24,24,24,24,24,24,24,24,24,24,24,24,24,832,8320,-524.6552,-527.3718,141.815,-204.2422,0.3923156,-0.7363403,0.2611761,1.043006,0.1294427,0.3876867,1.284249E-05,-0.2694355,0.6398354,0.3341247,-0.1204975,-0.6781413,24,24,24,24,24,24,24,24,24,24,24,24,24,24,24,24
833,8330,-565.3166,-555.5255,-548.9534,-556.6282,-573.0435,-574.6135,-513.4301,-164.2601,79.64698,144.2382,-60.53288,-414.9135,-638.7059,-579.234,-562.6593,-536.8181,24,24,24,24,24,24,24,24,24,24,24,24,24,24,24,24,833,8330,-537.0156,-537.7689,140.8984,-210.0515,-1.05221,0.3681428,0.130576,0.5214983,0.6471331,-0.6424745,-1.182546,-0.134729,0.1279112,-0.11133,-0.1204975,6.421245E-06,24,24,24,24,24,24,24,24,24,24,24,24,24,24,24,24
834,8340,-577.4596,-565.4632,-543.907,-555.2884,-589.4575,-606.2072,-537.6724,-175.6703,75.31167,141.7768,-69.07759,-422.2259,-652.9889,-604.2984,-584.2401,-555.8607,24,24,24,24,24,24,24,24,24,24,24,24,24,24,24,24,834,8340,-532.7163,-532.6362,139.7198,-206.3077,0.1296746,0.3681428,-0.7836183,0.2607443,1.926374E-05,-1.028785,0.3942003,-2.086905E-05,-0.3840145,0.4454883,-0.3613933,0.1130332,24,24,24,24,24,24,24,24,24,24,24,24,24,24,24,24
835,8350,-572.7708,-567.2767,-546.2455,-547.615,-562.9055,-580.2905,-521.7234,-172.0341,79.39925,143.7459,-67.65348,-406.4665,-597.6424,-537.2212,-533.9247,-522.476,24,24,24,24,24,24,24,24,24,24,24,24,24,24,24,24,835,8350,-574.5,-575.5408,137.8866,-211.988,0.6549566,0.1227036,-0.2612211,-0.7822714,-0.7765148,0.1301466,-0.1313819,-0.808263,0.2558914,-0.6681482,-0.7227365,0.2260567,24,24,24,24,24,24,24,24,24,24,24,24,24,24,24,24
836,8360,-516.0229,-528.9504,-516.952,-502.4274,-506.1804,-529.0742,-495.0569,-171.9087,75.1878,143.1306,-66.22936,-404.0711,-582.5262,-517.7664,-520.4517,-533.564,24,24,24,24,24,24,24,24,24,24,24,24,24,24,24,24,836,8360,-588.0696,-601.7311,137.1009,-206.3077,-0.5269282,-0.1227389,-0.5224197,-0.3911405,0.2588645,0.001376554,-1.182546,0.1346856,-0.8959403,-0.11133,0.2408461,-0.2260407,24,24,24,24,24,24,24,24,24,24,24,24,24,24,24,24
837,8370,-503.6393,-519.641,-539.8453,-529.9541,-524.6463,-543.5134,-507.5609,-181.4381,68.87064,140.5461,-79.52115,-437.9853,-631.5644,-544.9792,-554.4324,-577.0726,24,24,24,24,24,24,24,24,24,24,24,24,24,24,24,24,837,8370,-585.7856,-587.7805,137.6247,-210.1806,0.7862253,-0.4908978,-0.5224197,-9.631868E-06,0.2588645,-0.1273935,0.3942003,0.1346856,-0.3840145,-0.11133,0.1203984,0.7911809,24,24,24,24,24,24,24,24,24,24,24,24,24,24,24,24
838,8380,-566.639,-566.5513,-581.4471,-574.2892,-556.1469,-565.7277,-516.6198,-186.4536,66.76492,139.3154,-78.33438,-439.8764,-636.2064,-533.2825,-538.217,-550.9193,24,24,24,24,24,24,24,24,24,24,24,24,24,24,24,24,838,8380,-569.6633,-577.1201,138.5413,-206.1786,0.5235835,-0.3681268,0.2611761,0.7822522,-0.7765148,0.6452268,-0.788362,0.6735132,0.3838733,0.6682173,-0.481841,-1.582339,24,24,24,24,24,24,24,24,24,24,24,24,24,24,24,24
839,8390,-545.7193,-551.8011,-563.4771,-561.0131,-548.5433,-549.4372,-508.9644,-180.5604,71.2241,144.1151,-68.72157,-427.6471,-622.7566,-530.2986,-532.9709,-547.3036,24,24,24,24,24,24,24,24,24,24,24,24,24,24,24,24,839,8390,-571.5442,-586.0695,138.5413,-210.3097,-0.6583005,-0.1226875,-0.2612211,-0.2607636,0.7765549,-0.3849336,-0.9197567,-0.2694355,-7.06337E-05,-0.11133,-4.976465E-05,6.421245E-06,24,24,24,24,24,24,24,24,24,24,24,24,24,24,24,24
840,8400,-550.7689,-547.0859,-561.877,-566.1287,-554.3365,-556.2249,-509.9851,-178.6796,71.34796,144.3613,-70.73908,-433.3205,-642.1577,-554.5276,-552.6439,-560.1995,24,24,24,24,24,24,24,24,24,24,24,24,24,24,24,24,840,8400,-578.5306,-580.4103,139.4579,-209.0188,0.3922634,0.9817956,-0.9142184,0.2607443,-0.1294025,-0.2561635,0.6569898,0.4040986,0.5118551,0.6682173,0.7226374,0.1130332,24,24,24,24,24,24,24,24,24,24,24,24,24,24,24,24
841,8410,-580.1047,-569.2111,-568.1542,-570.8788,-578.1127,-597.6916,-532.186,-179.5573,73.32976,141.1614,-73.46864,-427.6471,-632.8737,-564.1953,-563.4939,-565.7435,24,24,24,24,24,24,24,24,24,24,24,24,24,24,24,24,841,8410,-590.891,-581.3316,133.9582,-211.3425,-0.5269804,-0.2454072,0.130576,-0.9126484,-0.1293512,-0.3849336,-0.2627798,-2.086905E-05,-0.2560327,-1.113603,-0.481841,-0.3390674,24,24,24,24,24,24,24,24,24,24,24,24,24,24,24,24
842,8420,-556.7803,-561.1106,-553.2612,-540.4289,-535.0258,-544.6241,-507.0506,-176.0465,74.44455,146.3304,-56.97257,-406.8448,-608.3546,-530.06,-530.5863,-534.6487,24,24,24,24,24,24,24,24,24,24,24,24,24,24,24,24,842,8420,-644.4977,-627.1317,138.5413,-210.0515,-0.2643394,0.3681942,-0.9142184,0.1303673,1.035452,0.3876867,1.051177,-0.2694355,-1.279884,0.3341247,-0.481841,0.3390835,24,24,24,24,24,24,24,24,24,24,24,24,24,24,24,24
843,8430,-534.6583,-531.8521,-539.5991,-547.8587,-551.0778,-550.5479,-507.9437,-176.4226,68.49899,139.8077,-70.73908,-436.4724,-645.7283,-545.218,-542.6286,-554.2939,24,24,24,24,24,24,24,24,24,24,24,24,24,24,24,24,843,8430,-733.2843,-722.8071,135.5296,-206.3077,0.1296225,-0.8590086,0.130576,0.3911213,-0.1293512,-0.3849336,-0.6569641,-1.077676,-0.2560327,0.222761,-0.3613933,-1.130242,24,24,24,24,24,24,24,24,24,24,24,24,24,24,24,24
844,8440,-565.9177,-560.627,-581.4471,-591.0977,-574.7333,-562.3955,-515.9819,-181.8143,67.38419,143.0075,-68.12819,-440.9308,-654.2982,-536.2664,-536.6671,-544.0495,24,24,24,24,24,24,24,24,24,24,24,24,24,24,24,24,844,8440,-637.9145,-617.261,137.7556,-210.5679,-1.446223,-0.7362889,0.2611761,-0.2607636,0.6471845,0.1301466,-1.051151,0.5388067,0.5118551,3.371154E-05,-0.7227365,-0.3390674,24,24,24,24,24,24,24,24,24,24,24,24,24,24,24,24
845,8450,-551.6105,-536.8091,-545.6301,-558.8206,-561.4573,-554.7439,-509.73,-174.1656,70.23311,138.3308,-72.75657,-440.1745,-657.2737,-572.1921,-561.3477,-550.9193,24,24,24,24,24,24,24,24,24,24,24,24,24,24,24,24,845,8450,-606.0728,-594.6241,137.7556,-207.3405,0.3922634,-0.3681268,-0.2612211,0.3911213,-0.3881964,-1.157555,1.284249E-05,0.9429262,0.2558914,0.4454883,0.7226374,-0.5651178,24,24,24,24,24,24,24,24,24,24,24,24,24,24,24,24
846,8460,-566.639,-553.6147,-548.9533,-557.8463,-570.9919,-573.2559,-516.7474,-169.6517,78.03666,147.6842,-59.82081,-413.4514,-632.9927,-553.9308,-543.2247,-517.8961,24,24,24,24,24,24,24,24,24,24,24,24,24,24,24,24,846,8460,-589.4131,-578.3046,134.482,-211.4716,0.6549044,-0.1226875,1.17537,0.3911213,0.2589158,0.6452268,0.6569898,-0.404142,-7.06337E-05,-1.224967,-0.3613933,0.3390835,24,24,24,24,24,24,24,24,24,24,24,24,24,24,24,24
847,8470,-564.3547,-548.2949,-532.8296,-554.1923,-585.9576,-584.9801,-523.1271,-168.3978,78.28439,144.1151,-66.94141,-428.3256,-658.464,-604.8951,-588.5322,-562.851,24,24,24,24,24,24,24,24,24,24,24,24,24,24,24,24,847,8470,-569.5289,-575.9356,136.7081,-207.4696,-0.5269804,0.3681942,-0.7836183,-0.6518945,0.3883393,0.2589166,0.1314076,0.4040986,-0.2560327,0.4454883,-0.1204975,0.3390835,24,24,24,24,24,24,24,24,24,24,24,24,24,24,24,24
848,8480,-560.1468,-572.2338,-556.9537,-563.9363,-590.7853,-604.3558,-538.0552,-175.2941,79.64692,146.4535,-56.26051,-408.7876,-643.5859,-608.8338,-586.863,-552.6068,24,24,24,24,24,24,24,24,24,24,24,24,24,24,24,24,848,8480,-550.1822,-554.0885,136.7081,-211.4716,0.6549044,-0.2454072,-0.2612211,0.3911213,1.035452,-0.1273935,1.284249E-05,-1.212384,-7.06337E-05,0.1113974,-0.2409452,-0.9041852,24,24,24,24,24,24,24,24,24,24,24,24,24,24,24,24
849,8490,-605.1122,-594.2381,-562.2462,-576.7252,-613.7167,-641.0095,-558.8525,-183.1935,74.19682,142.146,-68.24686,-415.5943,-642.3957,-606.8047,-589.6053,-553.812,24,24,24,24,24,24,24,24,24,24,24,24,24,24,24,24,849,8490,-547.0921,-553.0356,136.0533,-208.1151,-0.5269804,-1.227167,-0.3918212,0.5214983,0.2589158,0.3876867,-0.5255693,-0.134729,0.1279112,-0.6681482,-1.204528,-1.130236,24,24,24,24,24,24,24,24,24,24,24,24,24,24,24,24
850,8500,-570.1257,-573.1802,-546.6147,-529.9541,-554.5778,-593.619,-534.4827,-176.9242,79.64692,144.7305,-71.45113,-411.6867,-598.4755,-556.1985,-554.0746,-555.4993,24,24,24,24,24,24,24,24,24,24,24,24,24,24,24,24,850,8500,-575.3062,-581.4633,137.8866,-212.6335,0.1296225,0.6136335,-0.6530198,-0.1303866,-0.5176182,-1.930176,-0.1313819,0.4040986,-7.06337E-05,0.1113974,0.1203984,0.1130396,24,24,24,24,24,24,24,24,24,24,24,24,24,24,24,24
851,8510,-550.8891,-566.4084,-560.6462,-545.7881,-542.8707,-565.9745,-518.9165,-180.5604,72.71043,141.4076,-74.29938,-421.7709,-604.6648,-527.4341,-528.7977,-541.0366,24,24,24,24,24,24,24,24,24,24,24,24,24,24,24,24,851,8510,-557.0342,-566.4598,133.8273,-208.5024,-0.2643394,3.210623E-05,0.5223731,0.7822522,7.06337E-05,-0.1273935,0.3942003,-0.2694355,-0.2560327,-0.11133,0.7226374,-0.1130107,24,24,24,24,24,24,24,24,24,24,24,24,24,24,24,24
852,8520,-536.3415,-532.1869,-536.0297,-527.7617,-517.2841,-521.0522,-494.6742,-171.5325,75.31161,145.3458,-69.90833,-425.5525,-619.0668,-534.7147,-535.4747,-547.6653,24,24,24,24,24,24,24,24,24,24,24,24,24,24,24,24,852,8520,-559.5869,-572.9086,133.8273,-212.5044,-0.001698419,0.1227549,-0.5224197,-0.9126484,7.06337E-05,0.5164568,-0.3941746,-0.2694355,-0.3840145,-0.4454209,-0.3613933,-0.2260375,24,24,24,24,24,24,24,24,24,24,24,24,24,24,24,24
853,8530,-560.3871,-550.0836,-558.8,-565.6414,-560.4916,-555.4844,-511.6438,-180.435,69.86151,143.9921,-65.63597,-421.8969,-626.8034,-534.8341,-531.4208,-536.0952,24,24,24,24,24,24,24,24,24,24,24,24,24,24,24,24,853,8530,-563.8862,-567.381,136.7081,-208.1151,1.048918,-0.1226875,-0.5224197,-9.631868E-06,0.129494,0.3876867,-0.1313819,0.1346856,-0.6399782,-0.2226936,-0.8431842,1.284249E-05,24,24,24,24,24,24,24,24,24,24,24,24,24,24,24,24
854,8540,-538.145,-533.517,-532.3373,-537.5057,-537.6809,-541.0452,-505.1367,-176.0465,71.3479,142.6383,-62.31303,-416.4767,-622.6376,-555.363,-545.8477,-536.3362,24,24,24,24,24,24,24,24,24,24,24,24,24,24,24,24,854,8540,-556.4968,-572.2505,134.8748,-209.6642,-0.2642872,-1.963488,-0.3918212,1.043006,-0.3881964,-0.3849336,-0.2627798,-0.2694355,-7.06337E-05,3.371154E-05,-0.8431842,-0.339061,24,24,24,24,24,24,24,24,24,24,24,24,24,24,24,24
855,8550,-556.059,-548.6326,-549.938,-565.6414,-587.1645,-591.5211,-533.9724,-179.6827,72.83429,146.4535,-62.31303,-433.1156,-673.6992,-589.4984,-568.9784,-560.4407,24,24,24,24,24,24,24,24,24,24,24,24,24,24,24,24,855,8550,-589.4132,-607.5219,142.7316,-207.8569,0.1296746,-0.2454072,0.5223731,0.1303673,0.129494,-0.5137045,-1.313944,0.2693921,-0.5119964,-0.4454209,-4.976465E-05,-0.339061,24,24,24,24,24,24,24,24,24,24,24,24,24,24,24,24
856,8560,-581.9081,-578.5008,-577.6315,-608.6368,-625.5443,-598.8024,-525.041,-171.5325,71.10017,142.5152,-65.75465,-453.4099,-700.2417,-597.3758,-579.7092,-569.4799,24,24,24,24,24,24,24,24,24,24,24,24,24,24,24,24,856,8560,-561.0648,-577.515,136.7081,-211.7298,-0.3956073,0.4909138,-0.7836183,-9.631868E-06,-0.9058868,-0.6424745,-0.3941746,-0.134729,-1.407866,0.1113974,-0.1204975,0.3390867,24,24,24,24,24,24,24,24,24,24,24,24,24,24,24,24
857,8570,-607.9977,-587.5701,-599.6633,-616.1884,-626.0271,-603.2453,-531.4205,-176.9241,70.97631,144.4844,-65.16126,-454.6705,-704.5267,-593.3177,-580.4246,-584.6657,24,24,24,24,24,24,24,24,24,24,24,24,24,24,24,24,857,8570,-544.2707,-559.2213,135.3986,-211.2134,0.5236357,-0.3681268,0.2611761,-1.82529,-0.647093,0.001376554,0.2628023,0.1346856,0.5118551,3.371154E-05,-0.481841,0.2260632,24,24,24,24,24,24,24,24,24,24,24,24,24,24,24,24
858,8580,-607.8774,-584.4261,-582.4317,-610.8292,-613.7166,-567.3322,-510.6231,-174.4164,66.641,143.0075,-66.94141,-463.4941,-710.5969,-573.6243,-562.6592,-574.4213,24,24,24,24,24,24,24,24,24,24,24,24,24,24,24,24,858,8580,-549.9135,-566.0649,135.0058,-208.6315,0.1296746,0.1227549,-0.9142184,0.6518752,0.6471331,-0.2561635,-0.2627798,0.6735132,-0.8959403,-0.11133,0.3612938,0.3390867,24,24,24,24,24,24,24,24,24,24,24,24,24,24,24,24
859,8590,-603.0683,-582.975,-590.9244,-616.7974,-609.8545,-559.804,-506.4127,-167.8962,74.19682,144.9767,-63.49978,-447.9897,-690.6007,-580.6662,-564.6861,-566.9489,24,24,24,24,24,24,24,24,24,24,24,24,24,24,24,24,859,8590,-575.8436,-578.6995,135.7914,-211.2134,-0.1329663,-1.104448,-0.3918212,0.2607443,0.1294427,0.001376554,0.2628023,-0.5388485,0.3838733,0.3341247,-0.6022887,0.2260632,24,24,24,24,24,24,24,24,24,24,24,24,24,24,24,24
860,8600,-596.3355,-573.6639,-588.7089,-625.567,-629.4065,-589.6699,-527.21,-177.3003,72.0911,144.4844,-62.9064,-445.2975,-688.1012,-583.1726,-572.6746,-559.7175,24,24,24,24,24,24,24,24,24,24,24,24,24,24,24,24,860,8600,-572.4847,-578.8311,139.0651,-205.5331,-0.5269282,-0.4908464,-0.2612211,0.2607443,-0.1294025,-0.5137045,-0.788362,-0.2694371,-0.2560327,0.1113974,0.6021892,-0.5651113,24,24,24,24,24,24,24,24,24,24,24,24,24,24,24,24
861,8610,-582.7497,-575.1149,-557.8153,-570.148,-582.4575,-569.677,-524.9133,-174.5418,76.05481,145.9612,-57.09124,-409.4923,-637.7537,-602.0306,-588.2938,-558.8738,24,24,24,24,24,24,24,24,24,24,24,24,24,24,24,24,861,8610,-572.7535,-576.4621,140.5055,-211.6007,-0.2642872,0.3681942,0.6529732,0.6518752,0.2588645,-0.3849336,0.525595,0.2693905,-0.3840145,-0.11133,-0.1204975,0.2260632,24,24,24,24,24,24,24,24,24,24,24,24,24,24,24,24
862,8620,-612.8068,-606.4342,-572.216,-572.3405,-623.2512,-668.1605,-573.9084,-186.7043,75.18775,140.1769,-68.95891,-429.5382,-681.1977,-659.2014,-635.3898,-591.0534,24,24,24,24,24,24,24,24,24,24,24,24,24,24,24,24,862,8620,-555.9594,-555.7994,137.2319,-210.1806,0.3923156,-0.3681268,-2.247436E-05,-1.173402,1.926374E-05,-0.1273935,0.1314076,-2.407967E-05,1.151761,0.3341247,0.7226374,-0.4520846,24,24,24,24,24,24,24,24,24,24,24,24,24,24,24,24
863,8630,-720.0507,-682.3746,-602.4941,-607.906,-682.2694,-716.1641,-583.2225,-174.7925,84.22996,145.0997,-70.38303,-430.2947,-688.9343,-692.9786,-666.8667,-621.7866,24,24,24,24,24,24,24,24,24,24,24,24,24,24,24,24,863,8630,-567.5137,-563.5643,138.2794,-210.9552,0.5236357,0.7363531,0.5223731,-0.9126484,0.3882879,0.001376554,-0.6569641,0.5388035,-7.06337E-05,-0.7795119,-0.1204975,-0.1130107,24,24,24,24,24,24,24,24,24,24,24,24,24,24,24,24
864,8640,-659.4554,-640.5349,-589.5705,-587.4436,-634.3549,-675.6886,-577.6085,-187.5821,72.8343,137.7155,-75.48612,-431.4294,-672.985,-627.2144,-604.5091,-577.7958,24,24,24,24,24,24,24,24,24,24,24,24,24,24,24,24,864,8640,-586.8605,-569.4868,139.1961,-205.5331,-0.1329663,-1.104448,-0.6530198,-9.631868E-06,0.3882879,-0.3849336,1.051177,-2.407967E-05,0.3838733,-0.2226936,0.1203984,0.2260632,24,24,24,24,24,24,24,24,24,24,24,24,24,24,24,24
865,8650,-614.7305,-620.0988,-579.1085,-591.7066,-629.6478,-646.81,-558.5975,-185.3251,74.56842,142.7614,-66.94141,-422.478,-652.6318,-601.5532,-582.0938,-557.548,24,24,24,24,24,24,24,24,24,24,24,24,24,24,24,24,865,8650,-588.6071,-573.8299,142.9935,-207.5987,0.2609947,-0.613566,-0.1306226,0.3911213,-1.294205,0.3876867,-1.313944,-0.5388517,-0.5119964,0.3341247,-0.6022887,-0.7911617,24,24,24,24,24,24,24,24,24,24,24,24,24,24,24,24
866,8660,-582.5092,-581.4031,-553.0151,-550.7819,-576.4229,-601.394,-538.8208,-181.6889,73.57749,139.5616,-73.94333,-412.8963,-615.258,-586.2758,-585.1938,-582.8577,24,24,24,24,24,24,24,24,24,24,24,24,24,24,24,24,866,8660,-627.435,-620.8144,144.4339,-202.693,-0.6582483,-0.613566,0.3917746,0.3911213,0.9059783,-0.5137045,0.6569898,-2.407967E-05,0.1279112,0.556852,0.1203984,1.284249E-05,24,24,24,24,24,24,24,24,24,24,24,24,24,24,24,24
867,8670,-591.1657,-590.4724,-562.0001,-534.7043,-540.9395,-581.1544,-533.8447,-186.3282,74.44456,143.0075,-73.94333,-412.7702,-597.1663,-538.176,-542.0323,-553.5708,24,24,24,24,24,24,24,24,24,24,24,24,24,24,24,24,867,8670,-603.2515,-592.1236,141.9459,-209.0188,0.1296746,0.6136335,0.2611761,-9.631868E-06,-0.647093,-0.6424745,1.284249E-05,0.1346824,-0.3840145,-0.11133,0.7226374,0.4521135,24,24,24,24,24,24,24,24,24,24,24,24,24,24,24,24
868,8680,-540.5495,-544.884,-545.1378,-534.7043,-527.3015,-552.029,-510.8784,-183.4443,69.73766,139.5616,-76.43554,-427.6471,-612.6395,-532.8051,-542.7477,-564.5383,24,24,24,24,24,24,24,24,24,24,24,24,24,24,24,24,868,8680,-567.245,-567.1178,141.4221,-203.8549,0.7862775,0.3681942,0.5223731,-0.6518945,0.9059783,0.5164568,0.2628023,1.077631,-0.2560327,-0.7795119,-4.976465E-05,-0.4520846,24,24,24,24,24,24,24,24,24,24,24,24,24,24,24,24
869,8690,-555.9387,-560.3622,-570.4927,-558.5771,-539.1293,-548.0798,-513.0474,-186.9551,66.2694,139.1924,-76.55421,-430.925,-617.5195,-528.8663,-539.4092,-562.2484,24,24,24,24,24,24,24,24,24,24,24,24,24,24,24,24,869,8690,-564.4236,-560.8005,138.1485,-206.5659,0.1296225,-1.104448,-0.5224197,-0.5215175,0.1294427,-0.1273935,-0.1313819,-0.5388517,-1.151902,-0.11133,-0.1204975,0.2260632,24,24,24,24,24,24,24,24,24,24,24,24,24,24,24,24
870,8700,-558.4635,-562.6599,-581.5701,-569.7827,-549.1467,-566.2213,-526.1893,-193.3499,68.62286,144.3613,-82.96275,-444.1629,-628.4698,-552.1405,-568.3823,-605.2749,24,24,24,24,24,24,24,24,24,24,24,24,24,24,24,24,870,8700,-577.8589,-573.5667,142.2078,-201.6602,-0.2643394,-0.7362889,0.3917746,0.5214983,-0.3882478,0.2589166,0.1314076,-0.5388517,-0.1280525,3.371154E-05,-0.481841,-1.130236,24,24,24,24,24,24,24,24,24,24,24,24,24,24,24,24
871,8710,-581.0665,-583.9425,-591.786,-570.6353,-541.3017,-561.5316,-521.3408,-194.353,66.51714,142.023,-79.87716,-443.9108,-633.4688,-538.7728,-549.6631,-582.7372,24,24,24,24,24,24,24,24,24,24,24,24,24,24,24,24,871,8710,-576.5153,-576.0673,143.7792,-199.982,-0.6583005,-0.2454072,0.2612275,-0.1303866,0.5177097,0.2589166,-1.051151,-0.1347306,0.2558914,-0.4454209,-4.976465E-05,1.284249E-05,24,24,24,24,24,24,24,24,24,24,24,24,24,24,24,24
872,8720,-579.6237,-582.0077,-606.1865,-586.5911,-562.3021,-577.2051,-529.7618,-195.7323,63.54436,141.4076,-79.1651,-440.6328,-634.7781,-535.0728,-547.7554,-575.0237,24,24,24,24,24,24,24,24,24,24,24,24,24,24,24,24,872,8720,-593.3094,-595.5454,148.3623,-201.1439,1.048866,0.2454746,-0.5223683,-0.1303898,0.1294427,-1.415095,0.525595,0.8082181,-0.1280525,3.371154E-05,-0.1204975,0.3390867,24,24,24,24,24,24,24,24,24,24,24,24,24,24,24,24
873,8730,-564.8356,-563.1436,-582.4317,-572.3405,-550.957,-563.3829,-527.9755,-198.6162,63.66822,142.5153,-72.28185,-434.8334,-632.9927,-541.3986,-550.3785,-580.0857,24,24,24,24,24,24,24,24,24,24,24,24,24,24,24,24,873,8730,-571.4099,-568.4339,143.6482,-201.5311,-0.3956595,3.210623E-05,0.1306274,-0.6518977,0.2588645,0.1301466,0.1314076,-0.4041452,0.3838733,-1.224967,0.4817415,0.1130396,24,24,24,24,24,24,24,24,24,24,24,24,24,24,24,24
874,8740,-575.0551,-572.4548,-592.0322,-585.8603,-554.9399,-547.586,-519.4269,-199.2431,59.08518,139.3154,-77.26627,-452.8621,-665.8436,-556.9147,-562.5399,-589.7275,24,24,24,24,24,24,24,24,24,24,24,24,24,24,24,24,874,8740,-573.694,-571.3293,141.684,-202.5639,-0.3956595,0.4909138,0.1306274,-0.7822747,1.926374E-05,0.3876867,-0.1313819,0.2693905,-0.3840145,-0.2226936,-0.8431842,0.3390867,24,24,24,24,24,24,24,24,24,24,24,24,24,24,24,24
875,8750,-589.4825,-581.8868,-608.7712,-602.9122,-581.4919,-585.3503,-536.3965,-202.2524,61.5625,143.3767,-79.63982,-459.1658,-666.6767,-555.363,-566.8323,-605.6365,24,24,24,24,24,24,24,24,24,24,24,24,24,24,24,24,875,8750,-553.5411,-555.6678,139.8508,-198.8201,1.311507,-0.613566,-0.3917698,0.521495,-0.1294025,-1.286325,0.1314076,-0.8082646,0.5118551,0.556852,-0.3613933,-0.9041852,24,24,24,24,24,24,24,24,24,24,24,24,24,24,24,24
876,8760,-591.887,-592.2863,-611.7252,-589.2707,-556.6295,-559.8039,-521.0856,-194.7292,64.65914,141.4076,-78.09703,-453.7446,-657.7498,-547.0082,-555.0284,-577.3137,24,24,24,24,24,24,24,24,24,24,24,24,24,24,24,24,876,8760,-535.6721,-540.796,147.0528,-196.7546,-0.001698419,3.210623E-05,0.5224245,0.9126259,0.5177097,0.1301466,-0.6569641,0.2693905,0.5118551,3.371154E-05,-1.204528,-0.4520846,24,24,24,24,24,24,24,24,24,24,24,24,24,24,24,24
877,8770,-566.639,-560.1204,-574.8006,-579.7703,-554.6985,-537.8364,-505.9023,-186.8298,62.42956,139.0693,-72.28188,-442.7761,-653.5839,-549.0372,-552.6438,-565.7435,24,24,24,24,24,24,24,24,24,24,24,24,24,24,24,24,877,8770,-536.3439,-541.1908,148.7552,-195.98,0.2609425,0.3681942,0.2612275,-0.3911437,1.926374E-05,-1.028785,-0.2627798,-0.1347306,-0.1280011,0.6682173,0.3612938,-0.5651113,24,24,24,24,24,24,24,24,24,24,24,24,24,24,24,24
878,8780,-556.9006,-547.3025,-553.1381,-560.4041,-557.1123,-546.4753,-506.5402,-174.4164,72.09109,144.2382,-68.48422,-443.2804,-661.6776,-549.1566,-541.3169,-552.1245,24,24,24,24,24,24,24,24,24,24,24,24,24,24,24,24,878,8780,-570.8725,-583.7006,150.7193,-200.4984,0.2609425,0.7363531,0.2612275,0.521495,-0.9059382,-0.5137045,-0.2627798,0.1346824,0.1279626,-0.8908756,-4.976465E-05,0.1130396,24,24,24,24,24,24,24,24,24,24,24,24,24,24,24,24
879,8790,-591.4061,-568.7061,-582.801,-610.342,-608.7682,-579.6733,-516.6199,-175.7957,68.49899,139.5615,-71.0951,-455.3836,-692.1479,-592.0048,-577.2054,-572.8544,24,24,24,24,24,24,24,24,24,24,24,24,24,24,24,24,879,8790,-539.0309,-547.2448,148.2314,-195.0763,0.2609425,-0.3681268,-0.2611697,-0.9126516,-0.5176696,0.3876867,0.3942003,0.9429246,-0.3839632,0.3341247,0.2408461,-0.5651113,24,24,24,24,24,24,24,24,24,24,24,24,24,24,24,24
880,8800,-601.5053,-580.9194,-590.5552,-601.2071,-596.5784,-570.6642,-515.7267,-170.6548,75.93094,147.1919,-68.24686,-444.289,-670.6044,-570.9985,-561.7055,-558.1506,24,24,24,24,24,24,24,24,24,24,24,24,24,24,24,24,880,8800,-532.3134,-525.2661,146.0053,-203.0803,0.2609425,-0.7362889,-0.7835669,0.2607411,0.2588645,-0.2561635,-0.2627798,-0.1347306,-0.7679071,0.4454883,-4.976465E-05,1.284249E-05,24,24,24,24,24,24,24,24,24,24,24,24,24,24,24,24
881,8810,-573.1313,-560.8459,-571.2312,-588.7834,-592.837,-576.3412,-521.5959,-178.5542,70.10925,143.4998,-64.80523,-435.0856,-664.8912,-572.4307,-559.4401,-552.1245,24,24,24,24,24,24,24,24,24,24,24,24,24,24,24,24,881,8810,-557.5716,-552.5092,145.0887,-194.1726,-0.6583005,-1.349887,-0.1305712,0.651872,-0.1294025,0.5164568,-0.5255693,0.404097,0.3839247,0.3341247,-0.2409452,-1.130236,24,24,24,24,24,24,24,24,24,24,24,24,24,24,24,24
882,8820,-566.1581,-552.6474,-555.3536,-566.6159,-571.4745,-570.0471,-518.0234,-177.9272,70.10925,138.4539,-70.38305,-432.5641,-647.5137,-570.8792,-557.7709,-539.2286,24,24,24,24,24,24,24,24,24,24,24,24,24,24,24,24,882,8820,-557.4373,-566.1965,145.3505,-198.1746,-0.9209414,-0.1226875,2.88956E-05,-0.6518977,0.5177097,-0.9000146,-0.5255693,-0.1347306,-0.1280011,-0.2226936,-0.7227365,-0.339061,24,24,24,24,24,24,24,24,24,24,24,24,24,24,24,24
883,8830,-550.5284,-546.965,-539.8453,-546.2753,-562.0607,-569.3066,-520.3201,-173.0371,75.93094,145.4689,-68.36554,-421.8477,-629.3029,-565.3888,-560.7516,-549.8345,24,24,24,24,24,24,24,24,24,24,24,24,24,24,24,24,883,8830,-556.4968,-554.4833,150.1956,-193.269,0.2609425,0.3681942,0.391826,-1.284249E-05,0.1294427,-0.1273935,0.9197824,-2.407967E-05,0.3839247,0.8909446,0.6021892,-0.1130107,24,24,24,24,24,24,24,24,24,24,24,24,24,24,24,24
884,8840,-574.5741,-572.4755,-563.3539,-573.0712,-593.3198,-606.8242,-536.5241,-173.6641,80.51398,148.1764,-64.92391,-429.7904,-655.4883,-591.7662,-576.3708,-560.6816,24,24,24,24,24,24,24,24,24,24,24,24,24,24,24,24,884,8840,-564.6923,-579.2259,149.5408,-197.271,0.1296225,0.1227549,0.2612275,-1.43416,-0.3882478,-0.2561635,0.2628023,-0.1347306,-0.8958889,-0.6681482,-0.7227365,0.1130396,24,24,24,24,24,24,24,24,24,24,24,24,24,24,24,24
885,8850,-581.6676,-575.1354,-566.1848,-575.5072,-591.2679,-590.1634,-525.2961,-168.6486,79.27532,145.9612,-61.00758,-423.1084,-659.0591,-616.1144,-593.6592,-561.1637,24,24,24,24,24,24,24,24,24,24,24,24,24,24,24,24,885,8850,-544.6738,-576.9885,152.4216,-193.7854,-0.1329663,0.4909138,-0.5223683,0.521495,0.6471331,0.3876867,-0.2627798,0.2693905,-1.926374E-05,0.779581,0.6021892,0.1130396,24,24,24,24,24,24,24,24,24,24,24,24,24,24,24,24
886,8860,-619.1788,-601.4922,-582.5548,-584.5204,-625.5443,-643.9714,-550.8143,-166.3916,87.3266,154.9453,-53.41228,-425.3778,-689.7675,-642.9692,-610.8285,-568.0335,24,24,24,24,24,24,24,24,24,24,24,24,24,24,24,24,886,8860,-564.4236,-571.9873,150.4574,-198.3038,1.180239,-1.227219,-0.6529684,0.521495,0.2588645,0.2589166,-0.1313819,-0.2694371,-0.2559814,0.3341247,-1.08408,-0.2260375,24,24,24,24,24,24,24,24,24,24,24,24,24,24,24,24
887,8870,-653.9249,-621.3203,-586.1242,-592.9246,-635.441,-633.8516,-549.2831,-172.4102,81.00945,148.2995,-59.22743,-415.4178,-643.9429,-586.2758,-570.767,-536.8181,24,24,24,24,24,24,24,24,24,24,24,24,24,24,24,24,887,8870,-569.2603,-572.119,146.529,-199.7238,-0.5269282,-0.1227389,0.5224245,0.651872,0.7765549,-0.5137045,-0.788362,-2.407967E-05,0.8958504,-0.3340573,-0.481841,-0.6781349,24,24,24,24,24,24,24,24,24,24,24,24,24,24,24,24
888,8880,-551.2498,-560.8689,-527.7832,-516.9215,-539.1292,-574.7369,-531.0375,-180.5604,81.50491,148.6687,-65.63597,-409.8706,-614.0677,-581.1436,-575.6555,-566.4667,24,24,24,24,24,24,24,24,24,24,24,24,24,24,24,24,888,8880,-550.1823,-551.9827,145.2196,-197.1419,-0.1329663,-0.3681782,-0.6529684,0.3911213,-0.258826,-0.9000146,0.1314076,0.2693905,-0.6399269,-0.2226936,-0.3613933,0.3390867,24,24,24,24,24,24,24,24,24,24,24,24,24,24,24,24
889,8890,-574.4539,-576.7072,-555.7228,-540.5507,-552.6467,-585.7206,-533.9722,-184.322,78.28441,148.4226,-67.65348,-412.0139,-611.6872,-564.6727,-567.667,-578.3984,24,24,24,24,24,24,24,24,24,24,24,24,24,24,24,24,889,8890,-540.9119,-541.7172,149.9337,-194.0436,0.5236357,-1.926374E-05,0.1306274,-0.5215175,0.3882879,0.6452268,0.7883877,0.2693905,-0.1280011,-0.4454209,-0.1204975,-0.2260375,24,24,24,24,24,24,24,24,24,24,24,24,24,24,24,24
890,8900,-565.1963,-580.3342,-579.3547,-559.9168,-558.3191,-591.8912,-534.2274,-184.0712,78.65601,148.0534,-69.67098,-418.3176,-614.0677,-551.0663,-551.2132,-556.7043,24,24,24,24,24,24,24,24,24,24,24,24,24,24,24,24,890,8900,-553.0036,-547.6396,148.3623,-195.2054,-0.5269282,0.2454232,0.1306274,-1.043025,0.1294427,0.001376554,-0.788362,-2.407967E-05,-0.2559814,-0.3340573,0.3612938,-0.2260375,24,24,24,24,24,24,24,24,24,24,24,24,24,24,24,24
891,8910,-546.9216,-553.4938,-550.1841,-533.3644,-535.1464,-577.8222,-530.1445,-183.3189,81.50492,149.8995,-73.70599,-421.0912,-625.4941,-600.479,-604.1516,-602.3824,24,24,24,24,24,24,24,24,24,24,24,24,24,24,24,24,891,8910,-579.7398,-561.8535,150.5884,-196.7546,0.1296746,-0.1227389,1.044822,0.6518752,0.5177097,0.3876867,1.284249E-05,-0.1347306,0.5119065,0.4454883,-1.204528,-0.339061,24,24,24,24,24,24,24,24,24,24,24,24,24,24,24,24
892,8920,-595.1332,-608.7464,-583.7856,-553.4614,-560.9743,-609.6627,-548.2624,-190.3406,78.16055,146.9458,-77.38496,-426.7646,-625.9702,-568.492,-571.1247,-583.3398,24,24,24,24,24,24,24,24,24,24,24,24,24,24,24,24,892,8920,-588.6071,-567.5126,149.148,-193.5272,-0.1329663,-0.4908978,-0.2611697,-1.564533,-0.647093,-0.3849336,-0.788362,-0.4041452,0.5119065,-0.2226936,-0.3613933,-0.7911617,24,24,24,24,24,24,24,24,24,24,24,24,24,24,24,24
893,8930,-573.3718,-579.4879,-585.8781,-567.3466,-553.6122,-578.6861,-526.5718,-183.9458,80.88559,152.3609,-69.19627,-428.2774,-629.184,-558.3469,-561.944,-575.9879,24,24,24,24,24,24,24,24,24,24,24,24,24,24,24,24,893,8930,-554.2128,-552.904,148.3623,-202.1766,0.5236357,0.3681428,0.9142232,0.6518752,-0.1294025,-1.415095,0.7883877,0.1346824,-1.407866,-0.2226936,-4.976465E-05,0.2260632,24,24,24,24,24,24,24,24,24,24,24,24,24,24,24,24
894,8940,-560.5074,-564.7377,-565.4464,-550.1728,-552.6467,-593.8658,-534.0998,-180.3096,82.74358,149.5303,-76.6729,-423.9909,-608.9497,-548.6791,-559.0824,-565.623,24,24,24,24,24,24,24,24,24,24,24,24,24,24,24,24,894,8940,-541.9867,-538.0322,144.0411,-195.0763,0.2609947,0.1227036,1.175422,-0.9126484,-0.5176696,-0.1273935,0.3942003,-0.2694371,0.2558914,-1.002239,-0.2409452,-0.2260375,24,24,24,24,24,24,24,24,24,24,24,24,24,24,24,24
895,8950,-549.0857,-562.1987,-565.9387,-543.2302,-525.3703,-554.6206,-510.3678,-176.6734,82.24812,153.2224,-68.36554,-425.5038,-616.9244,-528.7469,-533.3285,-555.8607,24,24,24,24,24,24,24,24,24,24,24,24,24,24,24,24,895,8950,-545.7486,-546.9816,149.148,-200.8857,0.2609947,0.8590246,-0.2611697,-0.5215175,0.3882879,-0.2561635,0.1314076,0.404097,-0.6399782,-0.2226936,0.1203984,0.1130396,24,24,24,24,24,24,24,24,24,24,24,24,24,24,24,24
896,8960,-549.807,-544.3051,-552.5227,-544.9354,-528.1462,-539.811,-501.8192,-178.4288,76.79802,153.3454,-59.93949,-420.5869,-618.9478,-533.2824,-544.417,-580.9295,24,24,24,24,24,24,24,24,24,24,24,24,24,24,24,24,896,8960,-526.9392,-532.8994,149.2789,-195.2054,0.1296746,-1.349938,-0.5223683,0.3911213,0.3882879,0.001376554,-0.1313819,-0.6735581,1.023779,0.222761,-0.1204975,-0.7911649,24,24,24,24,24,24,24,24,24,24,24,24,24,24,24,24
897,8970,-570.0055,-559.9017,-583.5395,-566.9812,-539.8534,-558.6932,-519.1716,-187.2059,72.09111,148.9149,-73.82466,-439.3721,-628.9459,-523.2567,-543.8208,-598.8874,24,24,24,24,24,24,24,24,24,24,24,24,24,24,24,24,897,8970,-528.2827,-537.7689,149.8027,-197.271,-0.5269282,-0.1227389,2.88956E-05,0.7822522,0.5177097,-0.1273935,-1.182546,-0.1347306,-0.2560327,-0.3340573,-0.481841,-0.3390674,24,24,24,24,24,24,24,24,24,24,24,24,24,24,24,24
898,8980,-582.1486,-590.5933,-618.0024,-597.9183,-550.5949,-548.2031,-511.0058,-186.2028,72.8343,151.0071,-70.85774,-444.9194,-647.5137,-535.5502,-548.1131,-581.7731,24,24,24,24,24,24,24,24,24,24,24,24,24,24,24,24,898,8980,-534.866,-554.6149,150.7193,-196.4964,-0.9208893,-1.926374E-05,0.2612275,0.1303673,-0.1294025,-0.9000146,-0.1313819,0.67351,-0.3840145,0.3341247,0.6021892,0.2260567,24,24,24,24,24,24,24,24,24,24,24,24,24,24,24,24
899,8990,-576.8585,-574.9941,-587.9705,-573.0712,-544.8018,-550.0543,-511.0058,-182.9427,73.9491,152.607,-53.17492,-418.0654,-625.1371,-517.0502,-527.4863,-547.5448,24,24,24,24,24,24,24,24,24,24,24,24,24,24,24,24,899,8990,-523.3116,-536.4528,143.6482,-201.7894,0.5236357,0.3681428,0.5224245,0.6518752,-0.5176696,0.001376554,0.2628023,-0.5388517,0.895799,-0.3340573,-0.481841,0.2260567,24,24,24,24,24,24,24,24,24,24,24,24,24,24,24,24
900,9000,-547.0418,-546.5769,-563.1078,-574.5329,-559.4054,-534.2575,-495.0569,-169.6517,76.79802,152.8531,-54.12433,-422.0998,-638.1108,-530.2985,-526.7708,-532.2384,24,24,24,24,24,24,24,24,24,24,24,24,24,24,24,24,900,9000,-547.7639,-545.7971,145.3505,-194.56,0.2609947,0.7363017,2.88956E-05,-1.173402,0.3882879,0.1301466,-0.6569641,0.67351,0.2558914,3.371154E-05,-0.6022887,-0.6781413,24,24,24,24,24,24,24,24,24,24,24,24,24,24,24,24
901,9010,-551.1296,-544.4003,-550.5533,-561.8657,-562.1813,-558.94,-510.1126,-172.1594,78.77987,154.9453,-56.02316,-427.8992,-645.3713,-545.934,-549.9016,-578.1575,24,24,24,24,24,24,24,24,24,24,24,24,24,24,24,24,901,9010,-552.8693,-538.9534,149.4099,-196.7546,0.2609947,-0.7363403,-0.7835669,0.5214983,-0.258826,-0.1273935,0.1314076,-2.407967E-05,-0.6399782,-0.2226936,-4.976465E-05,1.130255,24,24,24,24,24,24,24,24,24,24,24,24,24,24,24,24
902,9020,-596.3355,-588.5377,-609.0174,-606.3226,-580.8885,-570.5409,-515.9819,-179.4319,77.16962,156.053,-57.92199,-428.2774,-635.1351,-523.0179,-530.2285,-554.6556,24,24,24,24,24,24,24,24,24,24,24,24,24,24,24,24,902,9020,-552.3318,-544.7443,151.2431,-192.2362,0.6549566,-1.104448,2.88956E-05,0.6518752,-0.258826,0.001376554,1.284249E-05,0.5388035,0.7678172,0.556852,-0.6022887,-1.130242,24,24,24,24,24,24,24,24,24,24,24,24,24,24,24,24
903,9030,-550.5284,-549.8419,-575.416,-580.1356,-562.7847,-545.8583,-507.561,-176.548,76.92188,154.33,-57.56596,-426.5124,-640.3723,-533.163,-534.5209,-550.0757,24,24,24,24,24,24,24,24,24,24,24,24,24,24,24,24,903,9030,-555.6907,-555.273,152.0288,-197.271,-0.6582483,-0.4908464,0.391826,0.1303673,0.5177097,-0.5137045,-0.6569641,-2.407967E-05,-0.6399782,-1.113603,0.3612938,0.1130332,24,24,24,24,24,24,24,24,24,24,24,24,24,24,24,24
904,9040,-560.3871,-554.558,-563.3539,-572.7059,-560.4916,-544.6242,-501.309,-170.6548,78.40827,154.2069,-63.26244,-449.458,-668.105,-546.0533,-554.79,-580.6884,24,24,24,24,24,24,24,24,24,24,24,24,24,24,24,24,904,9040,-549.6448,-543.823,152.4216,-195.8509,0.3923156,1.472674,-0.2611697,0.3911213,-0.647093,0.001376554,0.9197824,0.8082181,0.1279112,0.556852,0.6021892,-0.452091,24,24,24,24,24,24,24,24,24,24,24,24,24,24,24,24
905,9050,-571.328,-555.2835,-579.6008,-596.0914,-565.9227,-525.7421,-488.805,-168.2724,75.18775,150.3917,-60.29552,-443.7846,-672.1519,-557.0339,-550.0208,-557.4276,24,24,24,24,24,24,24,24,24,24,24,24,24,24,24,24,905,9050,-548.0326,-557.1155,146.0053,-199.2074,0.7862775,0.1227549,-0.1305712,-0.5215175,-0.5176696,-0.6424745,-0.788362,-0.8082646,0.6398354,-1.447695,-0.481841,6.421245E-06,24,24,24,24,24,24,24,24,24,24,24,24,24,24,24,24
906,9060,-589.6027,-564.5946,-574.3083,-602.3032,-596.9405,-559.4338,-500.9262,-155.859,87.20275,160.8527,-49.02123,-427.7731,-667.2719,-567.7758,-554.0746,-542.8444,24,24,24,24,24,24,24,24,24,24,24,24,24,24,24,24,906,9060,-555.825,-555.6678,146.529,-199.2074,-0.3956073,0.859076,-0.2611697,-0.6518945,0.7765549,0.7739977,0.1314076,0.9429246,-0.5119964,3.371154E-05,-0.3613933,0.5651306,24,24,24,24,24,24,24,24,24,24,24,24,24,24,24,24
907,9070,-569.765,-560.3622,-566.0618,-587.0782,-599.837,-589.9167,-519.9373,-169.0247,79.39919,150.2687,-57.8033,-428.1514,-650.8464,-566.463,-559.9169,-555.6198,24,24,24,24,24,24,24,24,24,24,24,24,24,24,24,24,907,9070,-553.6754,-555.4046,145.4815,-193.1399,0.3923156,0.1227549,-0.7835669,-0.5215175,-0.5176696,-0.6424745,1.284249E-05,-0.5388517,0.3838733,0.4454883,-0.2409452,-0.6781413,24,24,24,24,24,24,24,24,24,24,24,24,24,24,24,24
908,9080,-578.6619,-568.1014,-572.7082,-589.5142,-592.5955,-584.1163,-514.4509,-163.5077,86.45955,159.3759,-49.49593,-415.9221,-635.3732,-546.0533,-537.9785,-531.7563,24,24,24,24,24,24,24,24,24,24,24,24,24,24,24,24,908,9080,-537.2844,-542.2437,146.529,-199.5947,-1.05221,-0.1226875,0.9142232,0.7822522,1.926374E-05,0.6452268,-0.3941746,-0.2694371,-0.8959403,-0.3340573,-0.9636323,-0.452091,24,24,24,24,24,24,24,24,24,24,24,24,24,24,24,24
909,9090,-541.9922,-534.9683,-533.9373,-542.6213,-552.8881,-548.2032,-500.1607,-158.3668,85.59248,153.5916,-51.63211,-406.7187,-619.0669,-541.7566,-530.9439,-524.0428,24,24,24,24,24,24,24,24,24,24,24,24,24,24,24,24,909,9090,-545.7486,-558.4316,149.017,-191.8489,-0.7895692,-0.613566,-0.2611697,-0.3911405,0.1294427,-0.6424745,-0.1313819,-0.1347306,-0.2560327,-0.11133,0.6021892,0.6781574,24,24,24,24,24,24,24,24,24,24,24,24,24,24,24,24
910,9100,-554.0151,-542.4655,-532.7065,-535.5569,-550.8362,-557.0889,-508.8369,-163.3823,85.22089,153.3454,-49.97063,-397.5152,-613.5917,-566.3436,-552.8823,-533.3231,24,24,24,24,24,24,24,24,24,24,24,24,24,24,24,24,910,9100,-545.8829,-554.8782,152.8145,-195.98,0.5236357,0.4909138,2.88956E-05,0.7822522,0.1294427,0.001376554,0.2628023,-0.2694371,-0.5119964,-0.3340573,0.6021892,0.7911809,24,24,24,24,24,24,24,24,24,24,24,24,24,24,24,24
911,9110,-546.9216,-543.6747,-533.9373,-547.4933,-571.8366,-579.55,-519.2994,-165.2631,85.71635,154.33,-48.6652,-397.0109,-623.4708,-571.7145,-556.9362,-529.8279,24,24,24,24,24,24,24,24,24,24,24,24,24,24,24,24,911,9110,-519.2811,-523.8184,150.7193,-191.4616,-0.6582483,-0.9817281,-0.7835669,-0.9126484,1.926374E-05,-0.2561635,-0.2627798,0.5388035,-0.1280525,0.3341247,-0.481841,6.421245E-06,24,24,24,24,24,24,24,24,24,24,24,24,24,24,24,24
912,9120,-551.1296,-550.3256,-529.9987,-526.1783,-555.3019,-586.7079,-529.8894,-172.5356,85.59248,156.6683,-50.44535,-383.5209,-588.8346,-555.9598,-552.0477,-547.1832,24,24,24,24,24,24,24,24,24,24,24,24,24,24,24,24,912,9120,-531.9102,-534.3471,151.7669,-197.0128,0.1296746,0.2454746,-0.3917698,-0.1303866,0.1294427,-0.5137045,0.2628023,-0.2694371,-0.3840145,0.4454883,0.3612938,0.2260632,24,24,24,24,24,24,24,24,24,24,24,24,24,24,24,24
913,9130,-542.2326,-552.5023,-538.2452,-523.3769,-530.198,-562.6425,-520.1925,-180.9365,77.78894,147.6842,-66.58537,-412.3921,-603.8317,-541.0405,-542.7477,-548.0269,24,24,24,24,24,24,24,24,24,24,24,24,24,24,24,24,913,9130,-539.0309,-532.373,148.1004,-194.6891,-0.001646247,-1.104448,2.88956E-05,0.1303673,-0.5176696,1.031538,0.1314076,-0.1347306,0.1279112,0.1113974,-1.204528,-0.7911617,24,24,24,24,24,24,24,24,24,24,24,24,24,24,24,24
914,9140,-525.6411,-539.9526,-535.5374,-509.979,-505.577,-539.4409,-503.9884,-173.4133,84.97316,156.176,-61.83831,-411.7617,-599.6658,-528.6276,-535.3555,-556.9456,24,24,24,24,24,24,24,24,24,24,24,24,24,24,24,24,914,9140,-538.8966,-532.373,148.2314,-199.2074,-0.3956073,0.1227549,0.391826,-0.5215175,0.9059783,-0.3849336,-0.2627798,-0.1347306,0.3838733,-0.11133,0.2408461,1.284249E-05,24,24,24,24,24,24,24,24,24,24,24,24,24,24,24,24
915,9150,-543.7956,-548.4159,-560.8924,-540.6725,-524.7669,-545.2413,-508.5817,-180.6858,76.17867,150.5148,-65.51728,-420.8391,-607.9976,-519.7954,-529.0363,-551.2809,24,24,24,24,24,24,24,24,24,24,24,24,24,24,24,24,915,9150,-587.3979,-593.5714,149.6718,-193.5272,-0.5269282,0.2454746,-0.3917698,0.5214983,-0.5176696,-0.9000146,1.284249E-05,0.2693905,0.1279112,-0.11133,-4.976465E-05,-0.1130107,24,24,24,24,24,24,24,24,24,24,24,24,24,24,24,24
916,9160,-516.3835,-526.1697,-554.8613,-536.166,-511.0081,-515.6222,-488.9326,-172.661,79.77079,153.2224,-65.75464,-434.3291,-625.4943,-525.2856,-530.8247,-554.4146,24,24,24,24,24,24,24,24,24,24,24,24,24,24,24,24,916,9160,-552.0631,-547.2448,149.9337,-198.691,0.2609947,-0.7362889,-0.1305712,-9.631868E-06,1.926374E-05,0.3876867,0.3942003,0.404097,-0.2560327,-0.6681482,-0.481841,0.6781605,24,24,24,24,24,24,24,24,24,24,24,24,24,24,24,24
917,9170,-549.6868,-547.8113,-568.1542,-563.3273,-538.8878,-536.2321,-493.9087,-164.5108,86.21182,159.1297,-57.68462,-423.3606,-619.662,-512.5147,-518.4247,-539.1082,24,24,24,24,24,24,24,24,24,24,24,24,24,24,24,24,917,9170,-519.5498,-520.5282,153.6002,-194.56,-0.1329655,3.210623E-05,-1.436563,-0.7822714,-0.3882478,-0.5137045,0.1314076,0.1346824,0.3838733,0.8909446,0.7226374,0.1130396,24,24,24,24,24,24,24,24,24,24,24,24,24,24,24,24
918,9180,-540.7899,-542.3707,-559.0461,-554.1923,-534.4222,-526.6059,-485.7429,-163.3823,82.00037,153.8377,-58.87138,-431.3033,-636.0875,-517.7664,-524.8632,-546.2191,24,24,24,24,24,24,24,24,24,24,24,24,24,24,24,24,918,9180,-552.6006,-554.3517,147.7076,-202.4348,-0.1329655,-1.472661,2.88956E-05,0.7822522,-0.647093,-0.1273935,-0.788362,-1.481799,-0.2560327,-0.2226936,-1.927215,-0.7911617,24,24,24,24,24,24,24,24,24,24,24,24,24,24,24,24
919,9190,-553.2936,-546.2396,-561.0155,-571.7314,-554.9398,-523.8908,-482.4254,-157.6145,83.85836,154.5761,-52.58153,-425.6299,-644.7762,-532.0889,-521.6439,-523.5608,24,24,24,24,24,24,24,24,24,24,24,24,24,24,24,24,919,9190,-620.4487,-615.9449,148.2314,-197.271,-0.5269274,-0.2454585,0.6530246,-0.5215175,0.7765549,-0.7712445,-0.1313819,0.67351,1.023779,0.4454883,0.2408461,-0.9041852,24,24,24,24,24,24,24,24,24,24,24,24,24,24,24,24
920,9200,-546.3204,-535.8419,-537.8761,-549.5639,-557.1122,-552.5226,-505.3919,-163.7585,83.3629,152.8531,-52.46285,-405.8362,-623.9469,-556.1985,-544.2977,-528.5022,24,24,24,24,24,24,24,24,24,24,24,24,24,24,24,24,920,9200,-588.8758,-592.7817,145.2196,-199.982,-0.001645444,0.3681428,-0.1305712,0.1303673,-0.3882478,-0.9000146,-0.5255693,-0.1347306,-0.8959403,-0.2226936,-0.481841,0.9042109,24,24,24,24,24,24,24,24,24,24,24,24,24,24,24,24
921,9210,-551.4902,-544.7888,-540.8301,-550.7819,-559.8882,-567.3321,-510.8783,-163.3823,87.07893,155.1915,-54.83638,-399.1542,-604.1888,-545.934,-538.0977,-525.007,24,24,24,24,24,24,24,24,24,24,24,24,24,24,24,24,921,9210,-558.5121,-571.4609,149.6718,-196.7546,-0.1329655,-1.104499,0.2612275,-0.7822714,-0.5176696,0.5164568,0.2628023,0.1346824,0.7678172,0.1113974,0.3612938,-0.1130107,24,24,24,24,24,24,24,24,24,24,24,24,24,24,24,24
922,9220,-535.7404,-541.4034,-525.9371,-520.941,-534.1809,-570.5408,-517.7682,-170.2786,86.21188,151.6224,-63.49978,-399.5324,-582.8834,-552.8566,-557.4131,-562.4896,24,24,24,24,24,24,24,24,24,24,24,24,24,24,24,24,922,9220,-537.6874,-540.796,148.3623,-198.5619,-0.3956065,0.2454232,-0.914167,-9.631868E-06,1.926374E-05,-0.1273935,0.2628023,0.5388035,-0.5119964,0.3341247,0.9635327,0.3390867,24,24,24,24,24,24,24,24,24,24,24,24,24,24,24,24
923,9230,-558.5837,-569.3321,-561.6309,-531.5375,-532.3705,-575.8476,-525.4237,-180.5604,83.61068,156.176,-63.73714,-408.7359,-600.1419,-541.2791,-548.2323,-556.5839,24,24,24,24,24,24,24,24,24,24,24,24,24,24,24,24,923,9230,-533.3881,-551.0615,144.9577,-204.2422,0.6549574,-0.7363403,0.6530246,0.9126291,0.6471331,0.001376554,0.2628023,-1.481799,0.1279112,-0.11133,-0.6022887,-1.130236,24,24,24,24,24,24,24,24,24,24,24,24,24,24,24,24
924,9240,-545.4788,-552.6474,-542.6763,-519.4793,-522.5945,-556.4718,-517.0027,-178.9304,83.36295,156.4221,-54.48036,-393.6068,-584.7878,-526.3599,-531.0632,-552.3657,24,24,24,24,24,24,24,24,24,24,24,24,24,24,24,24,924,9240,-541.718,-544.6127,143.3864,-198.3038,-0.6582475,-0.7363403,0.1306274,0.7822522,0.1294427,-0.6424745,-1.576734,-2.407967E-05,0.2558914,3.371154E-05,0.2408461,-1.130236,24,24,24,24,24,24,24,24,24,24,24,24,24,24,24,24
925,9250,-534.8987,-538.5018,-547.7226,-532.9991,-519.6979,-542.1559,-508.5816,-181.1873,79.27538,154.9453,-61.00758,-421.2173,-626.9225,-541.5179,-542.7477,-557.3071,24,24,24,24,24,24,24,24,24,24,24,24,24,24,24,24,925,9250,-562.1396,-547.5081,144.4339,-203.0803,0.3923164,0.1227036,2.88956E-05,0.6518752,0.9059783,-0.7712445,0.525595,0.2693905,-0.7679071,3.371154E-05,-4.976465E-05,0.565137,24,24,24,24,24,24,24,24,24,24,24,24,24,24,24,24
926,9260,-556.0589,-554.7028,-561.2617,-551.2691,-542.7499,-560.9146,-520.958,-181.9397,80.39017,154.9453,-61.36361,-411.2574,-612.1634,-548.4405,-555.3862,-563.3332,24,24,24,24,24,24,24,24,24,24,24,24,24,24,24,24,926,9260,-520.356,-525.3977,141.2912,-200.6275,0.9175984,-0.6136174,-0.7835669,-1.434156,-0.9059382,-0.2561635,0.525595,-0.4041452,-1.926374E-05,3.371154E-05,-0.2409452,-0.2260375,24,24,24,24,24,24,24,24,24,24,24,24,24,24,24,24
927,9270,-549.6868,-558.6926,-554.7383,-528.3707,-527.5428,-563.8765,-516.4923,-176.6734,85.09708,156.176,-64.92391,-417.1829,-608.1166,-529.1051,-533.09,-546.0985,24,24,24,24,24,24,24,24,24,24,24,24,24,24,24,24,927,9270,-540.1058,-543.4282,146.3981,-201.9185,0.5236365,0.8590246,0.6530246,-0.3911405,0.2588645,0.2589166,1.284249E-05,0.67351,-1.279833,-0.6681482,-4.976465E-05,0.565137,24,24,24,24,24,24,24,24,24,24,24,24,24,24,24,24
928,9280,-532.7346,-536.4465,-543.6609,-533.3645,-515.353,-529.8146,-496.3329,-175.2941,76.55032,148.2995,-70.50171,-429.0339,-615.2581,-525.5244,-538.3362,-571.6493,24,24,24,24,24,24,24,24,24,24,24,24,24,24,24,24,928,9280,-541.718,-547.5081,144.303,-200.1111,0.6549574,-0.3681782,-1.436563,-9.631868E-06,0.2588645,-0.1273935,0.525595,-0.2694371,-0.3839632,3.371154E-05,-0.6022887,0.2260632,24,24,24,24,24,24,24,24,24,24,24,24,24,24,24,24
929,9290,-558.704,-558.209,-573.0776,-557.3591,-534.543,-552.5226,-508.0713,-175.9211,81.87656,159.1297,-61.71964,-424.8734,-618.2337,-523.9728,-537.0246,-568.1541,24,24,24,24,24,24,24,24,24,24,24,24,24,24,24,24,929,9290,-544.6738,-551.9828,141.5531,-207.5987,-0.001645444,-0.2454585,0.5224245,0.5214983,-0.647093,0.001376554,-1.313944,-2.407967E-05,0.1279626,-0.3340573,-0.481841,-0.9041852,24,24,24,24,24,24,24,24,24,24,24,24,24,24,24,24
930,9300,-557.3816,-555.6463,-578.0009,-568.0775,-540.8189,-538.3301,-498.5019,-172.1594,81.0095,156.5452,-54.00565,-421.4694,-627.3986,-516.5729,-518.9016,-529.1048,24,24,24,24,24,24,24,24,24,24,24,24,24,24,24,24,930,9300,-545.2111,-541.0591,137.2319,-203.8549,-0.3956065,0.1227036,0.9142232,0.7822522,0.3882879,-1.286325,-0.1313819,-2.407967E-05,-0.511945,0.6682173,0.3612938,0.4521135,24,24,24,24,24,24,24,24,24,24,24,24,24,24,24,24
931,9310,-523.5974,-528.0755,-537.5067,-549.5639,-543.7155,-533.6404,-487.5291,-160.4984,84.47775,154.6992,-51.39477,-408.988,-614.901,-528.1503,-520.2131,-517.6552,24,24,24,24,24,24,24,24,24,24,24,24,24,24,24,24,931,9310,-534.0599,-538.6902,136.839,-207.0823,-0.5269274,0.7363017,2.88956E-05,0.1303673,-1.423629,-0.1273935,0.6569898,0.1346824,-0.3839632,0.3341247,-4.976465E-05,0.9042109,24,24,24,24,24,24,24,24,24,24,24,24,24,24,24,24
932,9320,-529.9694,-528.4383,-524.3369,-533.6081,-541.4223,-535.4916,-496.9709,-165.5139,80.6379,152.4839,-54.24301,-407.6012,-616.6864,-528.1503,-520.2131,-510.7854,24,24,24,24,24,24,24,24,24,24,24,24,24,24,24,24,932,9320,-529.4919,-525.5292,143.6482,-201.4021,0.7862783,0.4908625,0.2612275,-0.7822714,0.5177097,0.001376554,-0.6569641,0.404097,-0.2559814,-0.11133,-0.481841,-0.6781349,24,24,24,24,24,24,24,24,24,24,24,24,24,24,24,24
933,9330,-519.0286,-517.5552,-513.8749,-526.7873,-542.5086,-546.7222,-497.9916,-156.6114,88.56532,155.6837,-51.86947,-400.541,-606.0932,-541.3986,-531.1823,-513.3163,24,24,24,24,24,24,24,24,24,24,24,24,24,24,24,24,933,9330,-533.6568,-530.004,141.815,-205.5331,0.3922634,-0.8590599,-0.6529684,0.2607443,0.5177097,-0.1273935,0.7883877,-0.4041452,-0.2559814,-0.3340573,-0.8431842,0.4521135,24,24,24,24,24,24,24,24,24,24,24,24,24,24,24,24
934,9340,-531.6526,-524.5688,-508.4594,-508.761,-527.1807,-548.8203,-502.2021,-157.4891,92.2813,156.5452,-56.02316,-390.2028,-577.8843,-545.0986,-548.4707,-541.3981,24,24,24,24,24,24,24,24,24,24,24,24,24,24,24,24,934,9340,-558.6464,-553.6937,145.4815,-204.1131,-0.3956595,0.1227549,0.7836231,0.7822522,-0.258826,-0.5137045,-1.051151,0.2693905,-1.926374E-05,0.222761,-0.481841,-1.017209,24,24,24,24,24,24,24,24,24,24,24,24,24,24,24,24
935,9350,-549.3262,-561.5715,-548.5842,-523.8641,-532.0084,-576.2179,-533.7172,-185.8267,80.39017,152.607,-62.78773,-402.5582,-608.4737,-589.8565,-588.6514,-578.8806,24,24,24,24,24,24,24,24,24,24,24,24,24,24,24,24,935,9350,-597.2057,-596.7299,139.7198,-209.7933,-0.6583005,-0.3681268,0.130576,0.5214983,0.9059783,-1.286325,-0.1313819,0.5388035,-0.3839632,-0.4454209,-0.3613933,0.7911873,24,24,24,24,24,24,24,24,24,24,24,24,24,24,24,24
936,9360,-568.0819,-582.0077,-560.5231,-525.9348,-538.8878,-586.4611,-531.6757,-182.3158,83.23908,155.8068,-58.99007,-401.5496,-596.2141,-536.6244,-533.4477,-538.9877,24,24,24,24,24,24,24,24,24,24,24,24,24,24,24,24,936,9360,-592.2346,-586.7276,136.4462,-205.2749,0.2609425,0.7363531,-2.247436E-05,0.5214983,0.1294427,-0.5137045,0.9197824,-2.407967E-05,0.5119065,-0.6681482,-0.2409452,1.284249E-05,24,24,24,24,24,24,24,24,24,24,24,24,24,24,24,24
937,9370,-531.7729,-535.8147,-533.1989,-513.024,-501.3527,-522.2865,-491.1017,-168.147,83.85836,152.4839,-63.14376,-410.3748,-586.3351,-504.8761,-512.8208,-532.841,24,24,24,24,24,24,24,24,24,24,24,24,24,24,24,24,937,9370,-562.5427,-562.1166,139.9817,-206.0495,-0.2643394,3.210623E-05,0.130576,-1.434156,0.6471845,0.001376554,-1.051151,-0.8082646,-1.926374E-05,-0.7795119,0.3612938,0.1130396,24,24,24,24,24,24,24,24,24,24,24,24,24,24,24,24
938,9380,-522.1546,-529.5266,-545.0148,-533.1209,-524.7669,-544.6242,-511.1335,-180.8111,77.78894,152.8531,-66.46671,-416.8046,-610.6161,-551.0663,-563.4938,-589.0045,24,24,24,24,24,24,24,24,24,24,24,24,24,24,24,24,938,9380,-554.4815,-551.8511,138.2794,-206.4368,1.574148,-0.3681268,-0.7836183,0.2607443,0.7766063,-0.1273935,0.6569898,-0.2694371,0.7678686,0.1113974,0.2408461,0.1130396,24,24,24,24,24,24,24,24,24,24,24,24,24,24,24,24
939,9390,-554.4961,-577.5335,-578.37,-540.0635,-542.2672,-605.7136,-556.1732,-200.8732,75.55935,150.2686,-66.94141,-411.3834,-622.7567,-601.0758,-601.7668,-603.9493,24,24,24,24,24,24,24,24,24,24,24,24,24,24,24,24,939,9390,-550.4509,-550.9299,135.5296,-206.9532,-0.2643394,-0.7362889,0.2611761,0.7822522,-0.9058868,-0.2561635,-0.788362,-0.6735581,-0.2559814,0.3341247,-0.8431842,-1.243259,24,24,24,24,24,24,24,24,24,24,24,24,24,24,24,24
940,9400,-587.3184,-613.6898,-574.1853,-533.2427,-543.5947,-617.6846,-555.7904,-194.1022,81.38105,153.9608,-68.72156,-416.9308,-615.3771,-561.2114,-571.4822,-593.5844,24,24,24,24,24,24,24,24,24,24,24,24,24,24,24,24,940,9400,-551.5258,-572.119,143.7792,-204.7586,-0.2643394,3.210623E-05,0.130576,0.1303673,0.2589158,-0.2561635,0.9197824,0.9429262,0.5119065,0.3341247,0.1203984,1.284249E-05,24,24,24,24,24,24,24,24,24,24,24,24,24,24,24,24
941,9410,-573.2517,-597.9697,-587.2319,-554.0705,-549.5087,-596.0873,-538.438,-188.836,78.03667,151.6224,-69.55229,-424.6213,-618.5908,-546.5308,-557.0554,-579.0012,24,24,24,24,24,24,24,24,24,24,24,24,24,24,24,24,941,9410,-527.0735,-532.8994,138.6723,-204.8877,-0.2643394,0.859076,-0.2612211,-0.9126484,-1.552999,-0.2561635,0.7883877,-2.086905E-05,-7.06337E-05,0.222761,0.4817415,1.284249E-05,24,24,24,24,24,24,24,24,24,24,24,24,24,24,24,24
942,9420,-547.6431,-550.4465,-561.8771,-539.2109,-520.0599,-541.5389,-504.4987,-174.291,83.23904,158.5143,-56.49786,-410.3748,-602.0463,-515.3793,-521.6439,-540.675,24,24,24,24,24,24,24,24,24,24,24,24,24,24,24,24,942,9420,-530.9698,-530.2672,142.2078,-208.6315,-0.001698419,3.210623E-05,-2.247436E-05,-0.5215175,0.7766063,0.6452268,0.1314076,0.5388067,-1.279884,-1.33628,-0.7227365,1.284249E-05,24,24,24,24,24,24,24,24,24,24,24,24,24,24,24,24
943,9430,-520.5916,-515.3785,-539.5991,-539.9417,-519.4565,-515.3754,-487.0188,-171.4071,73.82523,146.2073,-64.21185,-435.0856,-644.5381,-544.2631,-539.4093,-550.5579,24,24,24,24,24,24,24,24,24,24,24,24,24,24,24,24,943,9430,-548.3013,-539.2166,138.9342,-203.2094,-0.001698419,-0.4908464,-1.828413,0.5214983,0.5177611,-0.3849336,0.2628023,-0.134729,-0.2560327,-0.3340059,-0.481841,0.3390867,24,24,24,24,24,24,24,24,24,24,24,24,24,24,24,24
944,9440,-558.8243,-550.2047,-564.7079,-573.3148,-565.802,-545.9818,-498.3744,-162.3792,82.9913,153.4685,-58.99007,-429.6643,-647.0377,-555.4824,-548.4709,-545.4959,24,24,24,24,24,24,24,24,24,24,24,24,24,24,24,24,944,9440,-539.7027,-534.8735,137.1009,-208.6315,-0.001698419,-0.613566,-0.2612211,0.9126291,-0.5176182,0.1301466,-0.5255693,-0.6735566,-7.06337E-05,0.2228124,-0.1204975,-0.4520846,24,24,24,24,24,24,24,24,24,24,24,24,24,24,24,24
945,9450,-562.5513,-553.7115,-550.6766,-560.7695,-570.147,-581.8948,-520.0649,-171.4071,80.51398,147.6842,-68.24685,-421.0912,-618.4717,-549.9921,-544.1786,-540.3134,24,24,24,24,24,24,24,24,24,24,24,24,24,24,24,24,945,9450,-565.4984,-558.5632,137.8866,-203.3385,-0.3956595,3.210623E-05,-0.2612211,-0.1303866,1.553142,-0.6424745,0.3942003,1.077633,0.7678172,0.5569034,0.3612938,1.284249E-05,24,24,24,24,24,24,24,24,24,24,24,24,24,24,24,24
946,9460,-530.0897,-544.3051,-540.3376,-535.0697,-531.405,-543.7603,-499.14,-167.2693,81.75265,149.2841,-65.51728,-412.7703,-590.977,-515.4987,-521.2863,-536.3362,24,24,24,24,24,24,24,24,24,24,24,24,24,24,24,24,946,9460,-616.1493,-608.9695,137.1009,-207.0823,0.3922634,0.9817956,-0.1306226,0.1303673,-1.682423,-0.2561635,-0.6569641,-0.9429695,0.5118551,8.50815E-05,-0.481841,0.3390867,24,24,24,24,24,24,24,24,24,24,24,24,24,24,24,24
947,9470,-524.0782,-522.5427,-544.5225,-542.3777,-531.0429,-532.5298,-500.0331,-176.4226,74.81615,148.5457,-64.9239,-425.6299,-620.8522,-522.0632,-524.0286,-539.9518,24,24,24,24,24,24,24,24,24,24,24,24,24,24,24,24,947,9470,-590.7567,-577.1201,142.4697,-200.6275,0.3922634,0.7363531,1.17537,-0.1303866,0.129494,0.1301466,0.3942003,-0.404142,0.2558914,-0.8908242,-0.481841,-0.6781349,24,24,24,24,24,24,24,24,24,24,24,24,24,24,24,24
948,9480,-529.4885,-530.2804,-541.8147,-545.5444,-534.905,-531.0488,-493.6535,-169.2755,78.656,153.0993,-56.14183,-423.1084,-633.3499,-536.5051,-533.3286,-550.7989,24,24,24,24,24,24,24,24,24,24,24,24,24,24,24,24,948,9480,-605.5355,-591.2023,140.8983,-207.986,-0.2643394,0.1227549,-0.7836183,-0.2607636,-0.3881964,0.001376554,-0.1313819,0.1346856,-1.407866,-0.3340059,0.1203984,0.7911873,24,24,24,24,24,24,24,24,24,24,24,24,24,24,24,24
949,9490,-545.5991,-538.6227,-564.0925,-566.3722,-544.4396,-530.802,-502.4573,-181.6889,68.87059,144.6074,-62.9064,-430.0425,-634.7781,-522.3019,-529.9901,-550.4373,24,24,24,24,24,24,24,24,24,24,24,24,24,24,24,24,949,9490,-598.8178,-589.0966,137.8866,-207.7278,0.3922634,-0.9817281,-0.1306226,0.2607443,-0.5176182,0.3876867,-0.5255693,-0.5388485,-0.3840145,8.50815E-05,-0.1204975,-0.4520846,24,24,24,24,24,24,24,24,24,24,24,24,24,24,24,24
950,9500,-554.9769,-542.8544,-554.7383,-553.096,-540.2154,-530.0614,-502.9677,-180.8111,69.11832,142.7614,-68.12817,-428.7818,-632.2786,-540.5631,-540.0055,-549.2321,24,24,24,24,24,24,24,24,24,24,24,24,24,24,24,24,950,9500,-603.1171,-598.704,135.9223,-205.5331,-0.9209414,-0.9817281,0.130576,0.1303673,-0.5176182,0.001376554,-0.6569641,-2.086905E-05,0.2558914,8.50815E-05,-0.2409452,1.284249E-05,24,24,24,24,24,24,24,24,24,24,24,24,24,24,24,24
951,9510,-545.9598,-548.174,-559.2923,-562.1092,-550.3535,-541.1686,-500.1606,-172.5356,75.31161,145.3458,-62.43169,-420.2087,-618.3527,-529.5825,-524.3863,-523.5608,24,24,24,24,24,24,24,24,24,24,24,24,24,24,24,24,951,9510,-553.944,-557.1155,138.5413,-204.6295,0.6549044,-0.1226875,-2.086905E-05,-0.1303866,0.5177611,-1.157555,0.1314076,-2.086905E-05,-7.06337E-05,0.5569034,0.4817415,0.1130396,24,24,24,24,24,24,24,24,24,24,24,24,24,24,24,24
952,9520,-537.3033,-532.9402,-537.753,-546.6406,-545.7673,-540.0579,-499.0123,-169.1501,76.42641,145.9612,-58.39669,-408.4837,-608.9498,-529.9406,-524.6248,-512.5932,24,24,24,24,24,24,24,24,24,24,24,24,24,24,24,24,952,9520,-625.4196,-619.8931,137.4937,-206.5659,-0.3956595,3.210623E-05,0.3917762,0.1303673,-0.9058868,-0.1273935,0.2628023,-0.404142,1.279743,-0.3340059,-0.2409452,0.3390867,24,24,24,24,24,24,24,24,24,24,24,24,24,24,24,24
953,9530,-524.5591,-521.3336,-518.5521,-521.4281,-533.8187,-537.713,-503.7332,-173.1625,73.94914,146.0843,-55.19241,-405.3319,-619.0669,-555.8405,-547.3978,-538.0234,24,24,24,24,24,24,24,24,24,24,24,24,24,24,24,24,953,9530,-567.648,-566.9862,139.7198,-203.4676,-0.2643394,0.7363531,0.5223764,-0.9126484,1.926374E-05,0.6452268,0.1314076,1.077633,-0.5119964,8.50815E-05,0.1203984,0.1130396,24,24,24,24,24,24,24,24,24,24,24,24,24,24,24,24
954,9540,-555.4578,-549.504,-545.6302,-552.9742,-562.0606,-566.2214,-517.8958,-177.4257,72.21502,141.2845,-62.07566,-415.9221,-635.2543,-584.7242,-570.6478,-558.6328,24,24,24,24,24,24,24,24,24,24,24,24,24,24,24,24,954,9540,-558.7808,-573.4351,138.2794,-204.2422,0.1296225,0.1227549,-0.9142152,-0.2607636,0.6471331,0.001376554,-0.1313819,-0.6735566,-0.3840145,8.50815E-05,0.1203984,0.3390867,24,24,24,24,24,24,24,24,24,24,24,24,24,24,24,24
955,9550,-589.3622,-592.1827,-583.2934,-590.0013,-609.9751,-601.394,-530.2722,-174.0402,74.94007,146.5765,-56.26051,-432.3119,-681.1978,-592.6016,-572.4362,-548.991,24,24,24,24,24,24,24,24,24,24,24,24,24,24,24,24,955,9550,-571.4099,-576.4621,141.4221,-204.7586,-0.3956595,-1.718049,-0.1306194,0.1303673,-0.647093,0.5164568,-0.3941746,-2.086905E-05,0.5118551,8.50815E-05,-1.204528,-0.339061,24,24,24,24,24,24,24,24,24,24,24,24,24,24,24,24
956,9560,-625.6713,-595.6888,-592.4015,-602.5468,-618.665,-590.904,-530.017,-172.034,75.31167,143.1306,-62.43169,-418.948,-648.1089,-593.7952,-580.3054,-552.3657,24,24,24,24,24,24,24,24,24,24,24,24,24,24,24,24,956,9560,-566.0358,-581.5948,140.6364,-201.9185,-0.7896214,-0.613566,0.1305776,-0.7822714,0.2588645,-1.543866,-0.9197567,-0.6735566,0.5118551,0.1114487,0.1203984,0.4521135,24,24,24,24,24,24,24,24,24,24,24,24,24,24,24,24
957,9570,-581.1867,-579.9715,-548.338,-547.8586,-570.3883,-602.5048,-538.1828,-180.9365,78.28445,145.3458,-69.19626,-411.7617,-605.2599,-557.392,-559.0824,-564.6589,24,24,24,24,24,24,24,24,24,24,24,24,24,24,24,24,957,9570,-551.5257,-561.4586,144.172,-203.4676,0.6549044,3.210623E-05,-0.7836167,0.9126291,-1.03536,-0.2561635,0.3942003,0.4040986,-0.7679585,-0.2226422,0.1203984,0.4521135,24,24,24,24,24,24,24,24,24,24,24,24,24,24,24,24
958,9580,-551.1296,-568.9693,-558.5538,-536.5313,-533.9395,-566.8384,-522.3615,-183.5697,74.94007,143.2536,-75.01141,-419.4523,-601.0941,-528.3889,-536.0709,-557.066,24,24,24,24,24,24,24,24,24,24,24,24,24,24,24,24,958,9580,-531.3728,-537.9005,143.2554,-198.5619,-0.2643394,-0.3681268,-2.086905E-05,-0.7822714,-0.647093,-0.1273935,0.2628023,-0.404142,1.023779,-0.5567332,-4.976465E-05,-0.1130107,24,24,24,24,24,24,24,24,24,24,24,24,24,24,24,24
959,9590,-540.5495,-547.8113,-556.9537,-535.6786,-514.8702,-527.3464,-500.5434,-182.8174,71.47182,143.3767,-72.75656,-430.6729,-620.4951,-522.3018,-530.1094,-555.0172,24,24,24,24,24,24,24,24,24,24,24,24,24,24,24,24,959,9590,-544.9424,-565.8017,142.7316,-202.8221,-0.001698419,0.6136335,-0.2612195,-1.043025,0.1294427,0.001376554,-0.3941746,-2.086905E-05,-0.5119964,0.2228124,0.4817929,0.4521135,24,24,24,24,24,24,24,24,24,24,24,24,24,24,24,24
960,9600,-554.496,-548.5368,-565.9388,-564.3016,-547.5776,-536.3555,-499.6503,-178.0526,70.4809,142.6383,-71.09509,-441.8936,-652.2747,-552.6178,-549.5439,-560.4407,24,24,24,24,24,24,24,24,24,24,24,24,24,24,24,24,960,9600,-530.701,-519.8701,145.6124,-200.1111,0.1296225,-1.227167,0.1305776,0.5214983,1.926374E-05,0.6452276,0.2628023,-0.6735566,0.5118551,0.3341761,-0.2408938,-0.339061,24,24,24,24,24,24,24,24,24,24,24,24,24,24,24,24
961,9610,-578.3012,-567.7604,-570.739,-567.5902,-554.5778,-549.3138,-504.3711,-173.6641,74.4446,146.4535,-64.80522,-422.0998,-617.5195,-525.405,-524.267,-520.4272,24,24,24,24,24,24,24,24,24,24,24,24,24,24,24,24,961,9610,-560.7961,-548.2977,143.3863,-202.9512,-0.2643394,-0.1226875,-2.086905E-05,0.2607443,0.3882879,-0.5137045,-1.708128,-0.404142,-0.1280525,-0.6680969,-0.1204461,0.6781605,24,24,24,24,24,24,24,24,24,24,24,24,24,24,24,24
962,9620,-530.811,-527.2291,-529.1372,-530.6849,-530.0773,-533.7638,-498.7571,-172.4102,74.69234,144.7305,-60.77022,-407.7273,-603.8316,-531.0147,-525.3401,-518.7399,24,24,24,24,24,24,24,24,24,24,24,24,24,24,24,24,962,9620,-576.381,-566.9862,145.2195,-200.8857,-0.2643394,0.1227549,0.6529748,0.6518752,0.6471331,-1.157555,0.2628023,0.6735132,0.1279112,0.7796323,0.2408974,1.284249E-05,24,24,24,24,24,24,24,24,24,24,24,24,24,24,24,24
963,9630,-545.7193,-541.0144,-537.753,-549.1984,-567.7331,-571.775,-511.3886,-167.6455,80.51404,148.7918,-58.87139,-412.0139,-616.4482,-545.934,-535.3555,-521.6325,24,24,24,24,24,24,24,24,24,24,24,24,24,24,24,24,963,9630,-570.6038,-565.2753,146.2672,-202.693,0.2609425,0.6136335,-2.086905E-05,-9.631868E-06,-1.03536,-0.1273935,0.2628023,-0.808263,-0.6399782,-0.1112786,-0.361342,0.7911873,24,24,24,24,24,24,24,24,24,24,24,24,24,24,24,24
964,9640,-534.1774,-536.4193,-524.4601,-525.6911,-539.1292,-548.8202,-507.6885,-172.661,74.19688,141.6537,-63.73713,-406.4665,-603.7126,-547.8436,-540.7209,-522.7172,24,24,24,24,24,24,24,24,24,24,24,24,24,24,24,24,964,9640,-523.7147,-527.2402,147.7076,-197.9165,0.2609425,0.7363531,-0.391818,-1.173402,1.0354,-0.5137045,-0.5255693,0.1346856,-0.2560327,-0.2226422,-0.2408938,-0.2260375,24,24,24,24,24,24,24,24,24,24,24,24,24,24,24,24
965,9650,-529.248,-535.0891,-520.1522,-516.6779,-540.8189,-570.294,-520.0648,-170.6548,81.13337,147.0688,-64.80522,-411.5096,-619.7809,-581.0242,-572.6747,-560.9228,24,24,24,24,24,24,24,24,24,24,24,24,24,24,24,24,965,9650,-528.4171,-529.3459,148.4933,-202.9512,0.2609425,-0.1226875,-1.044815,-0.7822714,0.3882879,-0.5137045,-0.3941746,-0.404142,-0.5119964,-0.1112786,0.2408974,0.2260632,24,24,24,24,24,24,24,24,24,24,24,24,24,24,24,24
966,9660,-587.7993,-585.1517,-569.8774,-577.456,-618.3029,-657.5468,-565.3597,-189.9644,74.8162,142.7614,-64.33051,-415.5439,-650.3704,-622.6788,-604.7477,-569.1183,24,24,24,24,24,24,24,24,24,24,24,24,24,24,24,24,966,9660,-551.9288,-549.2189,146.0053,-199.7238,-0.2643394,-0.9817795,-0.1306194,0.6518752,-0.258826,0.3876867,-0.5255693,0.2693921,-7.06337E-05,0.5569034,-0.7226851,-0.5651113,24,24,24,24,24,24,24,24,24,24,24,24,24,24,24,24
967,9670,-577.2192,-595.793,-557.9384,-552.6088,-588.8541,-629.1619,-548.2625,-175.1687,82.99136,147.8073,-68.0095,-412.8964,-626.9224,-587.2306,-578.9939,-556.2225,24,24,24,24,24,24,24,24,24,24,24,24,24,24,24,24,967,9670,-547.8982,-555.7994,142.8626,-204.1131,-1.314903,-0.4908978,0.7835717,-9.631868E-06,-0.258826,-1.415096,-0.1313819,0.1346856,-0.3840145,-0.2226422,-1.084029,0.2260632,24,24,24,24,24,24,24,24,24,24,24,24,24,24,24,24
968,9680,-585.6351,-589.6259,-560.5231,-542.4995,-568.3365,-615.5865,-547.4969,-181.1873,79.52311,147.438,-65.16125,-412.0139,-636.9205,-610.0273,-598.0708,-580.6885,24,24,24,24,24,24,24,24,24,24,24,24,24,24,24,24,968,9680,-548.0326,-548.8241,144.5649,-198.9492,-0.1330185,0.8590246,0.3917746,0.3911213,-0.3882478,0.1301466,0.525595,0.2693921,0.5118551,8.50815E-05,0.6022406,0.565137,24,24,24,24,24,24,24,24,24,24,24,24,24,24,24,24
969,9690,-589.9634,-590.7142,-559.4154,-548.3458,-572.0779,-623.9786,-557.1938,-192.723,72.58657,137.7155,-77.02892,-419.074,-628.2318,-600.1208,-591.7516,-570.2031,24,24,24,24,24,24,24,24,24,24,24,24,24,24,24,24,969,9690,-552.7349,-571.1977,144.9577,-199.7238,-0.7896214,0.3681428,0.3917746,-1.303779,0.3883393,-0.2561635,-0.788362,-0.2694355,0.2558914,-1.33628,-0.8431328,-0.4520846,24,24,24,24,24,24,24,24,24,24,24,24,24,24,24,24
970,9700,-596.095,-610.6667,-567.0465,-544.0829,-570.0262,-629.5321,-559.1077,-189.5883,77.16961,145.5919,-71.92583,-409.1141,-606.8073,-573.7436,-581.2593,-574.6624,24,24,24,24,24,24,24,24,24,24,24,24,24,24,24,24,970,9700,-557.8403,-556.0626,149.148,-200.8857,-0.001698419,-0.3681782,-0.6530198,-9.631868E-06,0.7766063,0.1301466,0.9197824,-2.086905E-05,-0.2560327,8.50815E-05,-0.4817896,0.565137,24,24,24,24,24,24,24,24,24,24,24,24,24,24,24,24
971,9710,-559.0647,-570.3989,-554.246,-529.954,-533.0946,-567.3321,-520.4476,-181.4381,76.05481,143.6228,-78.80908,-422.6041,-607.2834,-555.9598,-565.1631,-587.9199,24,24,24,24,24,24,24,24,24,24,24,24,24,24,24,24,971,9710,-518.6093,-525.2661,146.791,-197.5292,-0.7896214,-0.9817795,-0.6530198,-0.6518945,-0.9058868,0.3876867,-0.6569641,-0.6735566,-0.1280525,0.2228124,-0.1204461,-0.5651113,24,24,24,24,24,24,24,24,24,24,24,24,24,24,24,24
972,9720,-589.3622,-605.5879,-593.7554,-565.0324,-569.5435,-640.8861,-570.7185,-208.5218,70.72858,143.4998,-78.45305,-422.226,-630.7313,-607.0435,-604.6285,-604.0699,24,24,24,24,24,24,24,24,24,24,24,24,24,24,24,24,972,9720,-546.8234,-538.2953,150.1956,-201.1439,-0.7896214,0.3681428,0.130576,-9.631868E-06,1.164875,0.1301466,-0.3941746,0.2693921,-0.5119964,-0.1112786,-0.2408938,0.565137,24,24,24,24,24,24,24,24,24,24,24,24,24,24,24,24
973,9730,-587.9195,-599.7834,-575.6623,-551.7562,-549.2673,-588.5591,-532.5687,-185.5759,76.798,145.715,-75.1301,-420.7131,-613.9487,-554.2888,-562.8978,-572.7341,24,24,24,24,24,24,24,24,24,24,24,24,24,24,24,24,973,9730,-589.2788,-580.4103,145.3505,-204.2422,0.2609425,0.8590246,-0.6530198,0.1303673,-0.9058868,-0.5137045,0.2628023,-0.5388485,0.2558914,0.6682686,1.605311E-06,0.1130396,24,24,24,24,24,24,24,24,24,24,24,24,24,24,24,24
974,9740,-531.1717,-557.4601,-569.0158,-537.0184,-528.267,-560.7913,-526.1891,-194.4784,70.72858,145.715,-73.70599,-424.4953,-612.4014,-540.6824,-550.2593,-581.5322,24,24,24,24,24,24,24,24,24,24,24,24,24,24,24,24,974,9740,-571.2756,-562.9063,142.0769,-204.1131,0.5235835,-0.1227389,1.17537,-0.2607636,-0.7764634,-0.1273935,0.1314076,-0.5388485,-7.06337E-05,-0.2226936,-0.6022373,0.4521135,24,24,24,24,24,24,24,24,24,24,24,24,24,24,24,24
975,9750,-572.7708,-577.8962,-580.4625,-562.7182,-540.3361,-562.2722,-526.0616,-197.8638,64.78301,140.5461,-75.36745,-426.6386,-609.9019,-536.6243,-555.3862,-595.0307,24,24,24,24,24,24,24,24,24,24,24,24,24,24,24,24,975,9750,-566.9763,-558.8264,144.6958,-200.1111,0.3922634,-0.3681782,-1.306015,0.1303673,0.5177611,-0.1273935,-0.1313819,0.2693921,-0.2560327,-0.3340573,-0.1204975,-0.339061,24,24,24,24,24,24,24,24,24,24,24,24,24,24,24,24
976,9760,-568.3223,-584.5471,-591.4169,-554.4358,-534.543,-564.7404,-522.9994,-191.9706,71.47177,146.4534,-81.18262,-440.8851,-634.421,-568.85,-585.1939,-613.35,24,24,24,24,24,24,24,24,24,24,24,24,24,24,24,24,976,9760,-605.1324,-593.4397,143.7792,-206.4368,0.6549044,-1.349938,0.3917746,0.9126291,7.06337E-05,0.001376554,-0.3941746,-2.086905E-05,-0.2560327,0.3341247,-0.1204975,-0.452091,24,24,24,24,24,24,24,24,24,24,24,24,24,24,24,24
977,9770,-589.4824,-599.0579,-599.048,-568.321,-534.543,-553.1396,-512.5369,-183.6951,72.0911,146.8226,-73.34996,-436.0943,-627.2795,-510.3664,-529.9901,-553.6913,24,24,24,24,24,24,24,24,24,24,24,24,24,24,24,24,977,9770,-639.5266,-616.8661,143.2554,-200.2402,-0.6583005,-0.6136174,0.3917746,-9.631868E-06,0.2589158,-0.3849336,-0.6569641,-0.2694355,-0.1280525,-0.4454209,-0.3613933,-0.1130171,24,24,24,24,24,24,24,24,24,24,24,24,24,24,24,24
978,9780,-536.4617,-536.0566,-554.7383,-552.4871,-530.198,-520.1884,-490.4637,-174.0402,74.56842,148.5456,-63.61846,-434.8335,-643.1098,-529.5825,-534.1632,-562.61,24,24,24,24,24,24,24,24,24,24,24,24,24,24,24,24,978,9780,-625.6883,-608.0482,146.791,-204.7586,0.2609425,0.8590246,0.2611761,-0.5215175,-0.1293512,-0.7712445,0.2628023,-0.134729,0.2558914,0.4454883,-0.2409452,6.421245E-06,24,24,24,24,24,24,24,24,24,24,24,24,24,24,24,24
979,9790,-566.0378,-546.6979,-576.1546,-585.1293,-560.2502,-534.0106,-498.5019,-175.5449,71.10017,150.3917,-59.34611,-438.3636,-667.0338,-546.6501,-547.0401,-557.9097,24,24,24,24,24,24,24,24,24,24,24,24,24,24,24,24,979,9790,-594.9216,-592.1235,144.172,-201.4021,0.1296225,-0.1227389,0.130576,-0.1303866,-0.3881964,0.1301466,0.1314076,-0.6735566,0.2558914,-0.4454209,-0.2409452,0.1130332,24,24,24,24,24,24,24,24,24,24,24,24,24,24,24,24
980,9800,-568.6829,-550.4465,-561.3847,-567.1029,-556.1467,-532.1595,-493.781,-162.3792,81.87651,153.5915,-49.13991,-404.8276,-620.1381,-540.3243,-529.1555,-512.1111,24,24,24,24,24,24,24,24,24,24,24,24,24,24,24,24,980,9800,-579.2023,-579.0942,143.5173,-204.8877,-1.183582,0.4908625,-0.2612211,-0.6518945,7.06337E-05,0.1301466,-0.6569641,-2.086905E-05,-0.5119964,-0.6681482,-0.8431842,0.3390835,24,24,24,24,24,24,24,24,24,24,24,24,24,24,24,24
981,9810,-526.2422,-527.1082,-515.5981,-525.082,-546.1293,-559.3102,-515.9819,-174.9179,76.67414,148.6687,-48.54653,-394.2373,-617.1624,-581.1435,-568.1439,-549.8347,24,24,24,24,24,24,24,24,24,24,24,24,24,24,24,24,981,9810,-590.7566,-585.4114,145.4815,-199.5947,0.3922634,-0.8590599,-0.3918212,0.2607443,-0.2587746,-0.5137045,1.31397,0.4040986,-0.5119964,0.4454883,0.6021892,-0.7911649,24,24,24,24,24,24,24,24,24,24,24,24,24,24,24,24
982,9820,-574.6943,-574.5105,-554.6152,-549.0766,-566.1641,-590.5337,-532.4412,-174.5418,80.76172,147.1919,-64.56788,-406.9709,-611.9253,-567.6565,-567.3093,-556.5839,24,24,24,24,24,24,24,24,24,24,24,24,24,24,24,24,982,9820,-546.2859,-557.9052,141.9459,-203.3385,0.2609425,-0.8590599,-0.2612211,0.5214983,-0.5176182,0.2589166,-0.6569641,-0.5388485,-0.2560327,-0.3340573,-1.565871,-0.6781413,24,24,24,24,24,24,24,24,24,24,24,24,24,24,24,24
983,9830,-544.8777,-589.0214,-564.0925,-539.8198,-546.0087,-582.5118,-529.2514,-176.548,83.85836,151.2532,-73.23128,-421.0913,-609.3068,-545.0985,-542.7478,-551.0399,24,24,24,24,24,24,24,24,24,24,24,24,24,24,24,24,983,9830,-557.8402,-561.5901,145.6124,-201.6602,-0.001698419,0.1227036,-0.3918212,0.3911213,0.129494,-1.286325,0.3942003,0.8082197,0.6398354,1.002308,1.083981,-0.3390674,24,24,24,24,24,24,24,24,24,24,24,24,24,24,24,24
984,9840,-537.0628,-538.3541,-531.845,-520.4537,-513.1805,-526.7293,-492.2499,-171.031,79.0276,148.6687,-62.78773,-412.8964,-599.7848,-519.9147,-520.9286,-531.7563,24,24,24,24,24,24,24,24,24,24,24,24,24,24,24,24,984,9840,-538.0904,-558.0367,143.1245,-198.9492,0.3922634,0.4908625,0.130576,-0.6518945,-0.7764634,-0.7712445,-0.5255693,-0.134729,-0.5119964,-0.6681482,0.4817415,0.5651306,24,24,24,24,24,24,24,24,24,24,24,24,24,24,24,24
985,9850,-527.4445,-526.7454,-534.799,-531.4156,-521.5083,-526.4825,-496.9709,-174.4164,77.04575,152.2377,-56.97257,-407.9795,-600.3799,-516.3341,-520.3325,-529.3458,24,24,24,24,24,24,24,24,24,24,24,24,24,24,24,24,985,9850,-574.903,-586.4643,147.0528,-199.982,0.2609425,-0.3681782,-0.2612211,-0.9126484,0.5177611,0.2589166,-0.1313819,0.1346856,-0.2560327,-0.11133,-0.7227365,6.421245E-06,24,24,24,24,24,24,24,24,24,24,24,24,24,24,24,24
986,9860,-528.2861,-530.1313,-539.1068,-543.9609,-544.5604,-557.4591,-512.1542,-175.6703,78.2844,149.5302,-65.87332,-425.2518,-630.4932,-551.663,-548.2324,-548.3884,24,24,24,24,24,24,24,24,24,24,24,24,24,24,24,24,986,9860,-552.4661,-568.1707,146.791,-200.1111,0.2609425,0.1227036,-0.7836183,-0.3911405,-0.1293512,-0.1273935,-0.1313819,-0.2694355,-0.5119964,-0.11133,0.8430851,0.3390835,24,24,24,24,24,24,24,24,24,24,24,24,24,24,24,24
987,9870,-531.4121,-524.6897,-543.2916,-531.0502,-523.3187,-543.39,-506.4126,-176.7988,78.40826,152.2377,-63.61847,-424.3693,-622.8756,-541.9953,-547.2786,-566.7078,24,24,24,24,24,24,24,24,24,24,24,24,24,24,24,24,987,9870,-540.9118,-560.274,147.5766,-199.3365,0.1296225,-0.6136174,0.9141718,0.9126291,0.3883393,0.9027677,-0.2627798,-0.808263,0.1279112,3.371154E-05,-1.565871,-0.3390674,24,24,24,24,24,24,24,24,24,24,24,24,24,24,24,24
988,9880,-553.4139,-555.7672,-570.8621,-554.0704,-537.9223,-559.3102,-515.7267,-180.9366,79.52306,154.3299,-66.82274,-428.5296,-619.0668,-522.4212,-537.144,-568.0336,24,24,24,24,24,24,24,24,24,24,24,24,24,24,24,24,988,9880,-549.6447,-575.5408,148.8861,-197.4001,-0.6583005,0.1227036,-0.1306226,-1.173402,-0.2587746,-0.5137045,-0.788362,-0.5388485,0.6398354,-0.11133,-0.2409452,-0.3390674,24,24,24,24,24,24,24,24,24,24,24,24,24,24,24,24
989,9890,-541.3911,-545.8515,-575.0469,-558.2115,-530.4395,-538.5769,-506.5402,-182.5666,75.55935,152.2377,-67.65348,-437.8591,-640.4913,-549.1566,-560.5131,-595.0306,24,24,24,24,24,24,24,24,24,24,24,24,24,24,24,24,989,9890,-535.8064,-545.9287,147.1838,-201.6602,0.5235835,1.104464,0.2611761,1.564514,0.3883393,-0.6424745,0.525595,0.5388067,-0.2560327,-0.11133,-0.1204975,0.3390835,24,24,24,24,24,24,24,24,24,24,24,24,24,24,24,24
990,9900,-585.2744,-578.7429,-589.8167,-578.0649,-553.3708,-564.4937,-515.5991,-183.4443,74.56842,149.7764,-69.31495,-436.5984,-631.4454,-521.3471,-533.0901,-555.3787,24,24,24,24,24,24,24,24,24,24,24,24,24,24,24,24,990,9900,-542.9271,-533.0309,144.4339,-197.1419,0.2609425,-0.6136174,-0.1306226,-0.6518945,-0.3881964,-0.1273935,0.7883877,-0.134729,1.023779,-0.2226936,0.1203984,0.452107,24,24,24,24,24,24,24,24,24,24,24,24,24,24,24,24
991,9910,-552.6925,-552.0186,-566.1849,-559.5513,-540.2155,-532.7766,-495.4398,-170.2787,80.51398,156.5452,-48.1905,-411.6356,-625.3751,-515.4987,-512.2247,-517.2936,24,24,24,24,24,24,24,24,24,24,24,24,24,24,24,24,991,9910,-546.1516,-538.5585,149.148,-198.8201,-0.001698419,0.2454232,-0.1306226,0.3911213,0.3883393,0.6452268,0.525595,0.5388067,-1.535848,0.4454883,0.9635327,0.452107,24,24,24,24,24,24,24,24,24,24,24,24,24,24,24,24
992,9920,-526.9636,-526.2617,-535.2913,-548.9548,-554.2157,-549.8075,-504.2436,-164.887,80.76172,148.7918,-61.24493,-420.0826,-629.8981,-555.1244,-544.417,-529.1047,24,24,24,24,24,24,24,24,24,24,24,24,24,24,24,24,992,9920,-571.6785,-561.327,148.4933,-195.0763,0.5235835,-1.227219,-0.2612211,-0.1303866,7.06337E-05,0.5164568,-0.2627798,-0.808263,0.2558914,1.113672,-0.3613933,-0.4520846,24,24,24,24,24,24,24,24,24,24,24,24,24,24,24,24
993,9930,-551.851,-547.7863,-536.5221,-550.7817,-571.7159,-580.7841,-521.2131,-167.7709,83.3629,151.7455,-59.34611,-426.3864,-658.464,-583.292,-567.1901,-549.5936,24,24,24,24,24,24,24,24,24,24,24,24,24,24,24,24,993,9930,-576.6497,-576.3304,147.5766,-203.2094,-0.2643394,-0.7363403,-0.2612211,-0.2607636,0.3883393,-0.5137045,-1.313944,0.5388067,0.3838733,-0.3340573,-4.976465E-05,-0.1130107,24,24,24,24,24,24,24,24,24,24,24,24,24,24,24,24
994,9940,-587.0779,-580.4357,-565.9388,-573.8019,-590.7852,-595.8405,-532.5688,-171.1564,82.61971,150.7609,-61.12626,-415.0396,-636.6824,-567.1792,-553.8362,-530.4305,24,24,24,24,24,24,24,24,24,24,24,24,24,24,24,24,994,9940,-622.4639,-613.0494,146.1362,-198.0455,-0.1330185,0.1227036,-0.2612211,0.2607443,0.2589158,-1.028785,1.284249E-05,0.2693921,0.1279112,3.371154E-05,-4.976465E-05,1.284249E-05,24,24,24,24,24,24,24,24,24,24,24,24,24,24,24,24
995,9950,-551.4903,-550.2047,-530.6141,-530.4412,-554.5778,-574.7369,-524.6581,-168.5232,85.09702,149.5302,-59.22743,-406.4665,-627.8747,-594.2726,-577.9208,-556.5839,24,24,24,24,24,24,24,24,24,24,24,24,24,24,24,24,995,9950,-632.2717,-617.5241,146.0053,-199.4656,-0.1330185,-0.7363403,0.6529732,-0.7822714,-0.1293512,-0.5137045,0.3942003,-0.404142,0.895799,-1.224967,-0.6022887,0.2260632,24,24,24,24,24,24,24,24,24,24,24,24,24,24,24,24
996,9960,-593.2095,-587.8121,-565.2002,-555.0449,-578.9575,-609.2925,-542.1381,-176.2972,83.85836,148.2995,-58.63405,-402.5582,-632.6356,-621.2468,-603.317,-567.5515,24,24,24,24,24,24,24,24,24,24,24,24,24,24,24,24,996,9960,-578.1276,-564.8804,147.8385,-197.9165,-0.6583005,0.3681428,-0.3918212,-0.3911405,0.2589158,0.3876867,-0.9197567,0.2693921,-0.5119964,0.222761,0.4817415,0.1130396,24,24,24,24,24,24,24,24,24,24,24,24,24,24,24,24
997,9970,-607.1561,-607.1599,-565.2002,-568.0775,-621.8029,-668.5306,-575.6946,-192.9738,75.68321,150.6378,-51.15742,-395.8762,-639.6581,-647.0273,-624.3015,-577.0727,24,24,24,24,24,24,24,24,24,24,24,24,24,24,24,24,997,9970,-558.9151,-550.4034,144.6958,-200.8857,1.048918,-1.595381,-0.5224197,-0.2607636,-0.1293512,-0.2561635,0.1314076,-1.212384,-0.1280525,-0.2226936,-0.7227365,1.284249E-05,24,24,24,24,24,24,24,24,24,24,24,24,24,24,24,24
998,9980,-626.9938,-611.6341,-560.8923,-558.2117,-595.4922,-643.9714,-562.6803,-184.3221,83.23904,150.1456,-68.72157,-418.1915,-641.4435,-606.6855,-596.5208,-571.2876,24,24,24,24,24,24,24,24,24,24,24,24,24,24,24,24,998,9980,-590.8911,-574.0931,147.5766,-196.8837,-0.1329663,-0.3681268,0.2611761,0.7822522,7.06337E-05,0.2589166,-0.3941746,0.6735132,1.023779,0.6682173,-4.976465E-05,-1.356286,24,24,24,24,24,24,24,24,24,24,24,24,24,24,24,24
999,9990,-577.0989,-592.2863,-563.7232,-532.7556,-535.3878,-595.2233,-539.4587,-185.8267,80.26626,147.438,-77.26629,-422.8562,-614.5439,-575.8921,-581.8554,-589.4865,24,24,24,24,24,24,24,24,24,24,24,24,24,24,24,24,999,9990,-572.3504,-561.5902,147.8385,-199.0783,-0.5269282,0.1227549,0.6529732,0.5214983,0.2589158,-0.9000146,-0.2627798,-2.086905E-05,-0.3840145,0.3341247,0.1203984,0.565137,24,24,24,24,24,24,24,24,24,24,24,24,24,24,24,24
