0,0,-957.5021,-933.5283,-961.8013,-925.2774,-905.345,-946.5356,-858.984,-299.4276,116.8067,224.2338,-122.3634,-691.5216,-1033.632,-908.2581,-891.7363,-878.7984,24,24,24,24,24,24,24,24,24,24,24,24,25,24,25,24,0,0,-933.087,-934.3962,224.5732,-331.0147,1.180188,0.4909203,0.5223731,-0.6518881,1.164827,0.2588653,-0.3941649,-0.2694868,0.5118551,-0.7794541,-0.0008455978,0.2260696,24,24,24,24,24,24,24,24,24,24,24,24,24,24,24,24
1,10,-905.5632,-901.8626,-954.1726,-949.2551,-911.5015,-903.7188,-831.8218,-296.0421,116.6828,231.7411,-125.3303,-688.4963,-997.8049,-921.9815,-920.7094,-905.0632,24,24,24,24,24,24,24,24,24,24,24,24,25,24,25,24,1,10,-988.4088,-966.6346,224.1803,-334.7586,-0.3956579,0.3682006,-0.5224197,-0.3911341,2.247436E-05,0.001325184,0.5256046,-0.8083144,-0.2560327,0.1114552,0.2400081,0.2260696,24,24,24,24,24,24,24,24,24,24,24,24,24,24,24,24
2,20,-920.3514,-911.1304,-901.5118,-931.6064,-949.2845,-917.1685,-830.164,-294.4121,105.5349,228.172,-124.1435,-710.2867,-1010.422,-897.1601,-929.5327,-955.7859,24,24,24,24,24,24,24,24,24,24,24,24,25,24,25,24,2,20,-907.843,-923.8694,218.5496,-335.7913,-0.789619,-0.7362825,0.3917746,0.7822586,-0.5176663,0.001325184,-1.445329,-0.1347803,0.6398354,9.150275E-05,-0.7234063,-0.5651049,24,24,24,24,24,24,24,24,24,24,24,24,24,24,24,24
3,30,-908.2083,-960.0707,-921.6904,-909.5761,-948.9224,-978.2473,-858.4739,-286.2619,114.701,229.895,-109.665,-707.0123,-1037.917,-850.2616,-868.9632,-923.3764,24,24,24,24,24,24,24,24,24,24,24,24,25,24,25,24,3,30,-844.196,-862.2873,221.4304,-328.691,-0.789619,0.4909203,0.2611761,-0.2607571,0.2588677,-0.6425259,2.247436E-05,1.077581,-7.06337E-05,-0.7794541,-0.2416989,-0.9041788,24,24,24,24,24,24,24,24,24,24,24,24,24,24,24,24
4,40,-885.9659,-910.7679,-943.9604,-881.7036,-852.3524,-902.3615,-836.9227,-292.0298,121.142,228.4182,-113.8187,-660.3868,-962.3352,-881.7659,-870.8708,-864.3406,24,24,24,24,24,24,24,24,24,24,24,24,25,24,25,24,4,40,-969.2073,-958.2132,224.1803,-333.7258,-0.001696814,1.104522,-0.2612211,0.5215046,-0.2588227,-0.2562149,2.247436E-05,0.4040473,0.2558914,0.1114552,-0.1212724,0.3390931,24,24,24,24,24,24,24,24,24,24,24,24,24,24,24,24
5,50,-855.1874,-875.9659,-911.3549,-929.6591,-918.9857,-900.7573,-821.3649,-286.6381,113.71,228.7874,-120.8206,-687.3619,-984.9501,-878.4245,-892.571,-903.256,24,24,24,24,24,24,24,24,24,24,24,24,25,24,25,24,5,50,-997.8082,-986.8988,225.7516,-324.6891,-0.2642856,0.4909203,0.5223731,-0.3911341,0.5177129,-0.6425259,2.247436E-05,0.5387554,-0.6399782,-1.559001,0.3604349,0.1130428,24,24,24,24,24,24,24,24,24,24,24,24,24,24,24,24
6,60,-912.4163,-912.9431,-864.846,-858.4561,-904.1381,-924.5719,-819.5796,-262.0621,123.7432,232.1103,-104.5619,-705.3751,-1046.486,-870.6678,-880.1709,-914.8223,24,24,24,24,24,24,24,24,24,24,24,24,25,24,25,24,6,60,-949.3345,-949.1339,232.299,-326.6255,0.1296754,-0.6135596,-1.175417,0.1303738,1.035403,0.001325184,2.247436E-05,0.6734618,-0.3840145,0.2228188,0.3604349,-0.4520814,24,24,24,24,24,24,24,24,24,24,24,24,24,24,24,24
7,70,-919.5097,-911.493,-917.9991,-878.9041,-860.078,-894.2176,-841.0034,-298.1737,114.9487,223.9876,-116.3109,-676.3954,-1006.018,-941.3138,-920.5902,-902.2921,24,24,24,24,24,24,24,24,24,24,24,24,25,24,25,24,7,70,-889.1786,-908.8687,230.8586,-329.8529,0.7862783,-1.104441,0.7835749,0.7822586,-0.1293993,-0.1274449,-0.5255597,-1.212435,-0.5119964,-0.1112722,-0.2416989,0.1130428,24,24,24,24,24,24,24,24,24,24,24,24,24,24,24,24
8,80,-938.5059,-922.8519,-931.5334,-936.962,-922.7278,-914.0836,-844.1915,-305.697,111.7282,226.6952,-132.6883,-699.204,-1020.182,-937.4951,-938.2365,-913.9788,24,24,24,24,24,24,24,24,24,24,24,24,25,24,25,24,8,80,-885.2845,-882.5516,222.478,-330.1111,-0.3956065,-0.2454007,-0.1306194,0.1303738,0.7765581,-0.1274449,-0.3941649,-0.1347803,-7.06337E-05,-0.1112722,-0.1212724,-0.4520814,24,24,24,24,24,24,24,24,24,24,24,24,24,24,24,24
9,90,-948.7255,-938.1986,-919.8447,-944.7518,-956.4066,-932.5924,-836.5401,-288.8951,112.7192,233.8333,-116.4296,-714.3167,-1044.225,-895.728,-914.1517,-943.2558,24,24,24,24,24,24,24,24,24,24,24,24,25,24,25,24,9,90,-921.8078,-905.1841,225.8826,-327.6583,0.1296754,0.7363595,-0.1306194,0.5215046,-0.7765132,-1.672687,-0.5255597,-0.2694868,-0.2560327,0.2228188,-0.8438327,0.2260696,24,24,24,24,24,24,24,24,24,24,24,24,24,24,24,24
10,100,-910.733,-927.9273,-915.2921,-873.9138,-885.4276,-923.0912,-838.3254,-273.8486,127.4592,233.5872,-109.5463,-703.7379,-1048.391,-883.7946,-887.6824,-911.8102,24,24,24,24,24,24,24,24,24,24,24,24,25,24,25,24,10,100,-857.3552,-866.2349,226.6683,-324.5599,-0.001645444,-0.3681204,1.175372,-0.2607571,-0.3882461,-0.1273935,-0.1313723,-0.8083144,0.3838733,-0.2226358,-0.0008455978,0.2260696,24,24,24,24,24,24,24,24,24,24,24,24,24,24,24,24
11,110,-886.6874,-901.1006,-941.0075,-903.4904,-873.1149,-923.338,-853.118,-295.9167,123,232.7257,-113.344,-671.2273,-1010.541,-941.6718,-918.9211,-895.6658,24,24,24,24,24,24,24,24,24,24,24,24,25,24,25,24,11,110,-915.8997,-941.5019,233.0846,-325.3345,-0.5269274,0.1227582,-0.5224181,-0.782265,1.164825,0.3876867,-0.5255661,-0.1347803,-1.407866,-0.5567268,-0.1212724,0.4521167,24,24,24,24,24,24,24,24,24,24,24,24,24,24,24,24
12,120,-951.611,-932.0358,-977.181,-1001.958,-947.1117,-939.5023,-870.4611,-321.9973,110.118,234.5717,-119.5151,-679.2946,-1026.609,-982.3647,-966.9711,-917.7138,24,24,24,24,24,24,24,24,24,24,24,24,25,24,25,24,12,120,-929.73,-936.6332,237.7987,-324.6891,0.5236365,-0.7362825,-0.2612195,-0.2607571,-0.6470914,-0.5137045,0.131414,-0.5388469,0.6398354,0.4455462,-0.1212724,0.2260696,24,24,24,24,24,24,24,24,24,24,24,24,24,24,24,24
13,130,-936.2216,-921.5227,-892.5299,-908.359,-932.6262,-912.7263,-830.8016,-290.7759,106.5259,229.8951,-105.986,-695.8037,-1006.494,-882.8399,-918.4442,-956.8702,24,24,24,24,24,24,24,24,24,24,24,24,25,25,25,24,13,130,-929.1929,-909.0001,228.7634,-331.1439,-0.1329655,-0.6135596,0.6529748,1.043012,0.3882895,-0.2561635,-1.051145,0.1346872,0.1279128,-0.7794541,0.2400081,-1.130229,24,24,24,24,24,24,24,24,24,24,24,24,24,24,24,24
14,140,-935.1395,-958.6207,-926.9811,-885.3549,-925.6249,-994.4116,-871.4813,-278.3625,127.8308,231.0027,-120.8206,-720.4877,-1071.601,-919.6334,-912.7209,-954.4606,24,24,24,24,24,24,24,24,24,24,24,24,25,25,25,24,14,140,-937.6523,-946.5021,220.7757,-339.0188,-0.7895676,0.3682006,-0.2612195,-0.3911341,2.086905E-05,-1.801406,-0.3941681,0.2693937,0.2558947,0.3341279,-0.0008455978,0.1130428,24,24,24,24,24,24,24,24,24,24,24,24,24,24,24,24
15,150,-956.5403,-952.0952,-982.7179,-923.9385,-884.9448,-942.4637,-873.0115,-306.8255,119.9034,229.5258,-113.1066,-677.4038,-1042.32,-970.0012,-939.9058,-929.2801,24,24,24,24,24,24,24,24,24,24,24,24,25,25,25,25,15,150,-882.3306,-906.1053,224.7041,-329.0783,-0.001645444,0.6136399,1.044774,-0.1303802,-0.7765132,-0.2561635,-0.1313787,-0.9429679,0.1279128,-1.002236,-0.602979,-0.2260311,24,24,24,24,24,24,24,24,24,24,24,24,24,24,24,24
16,160,-971.5688,-946.1741,-936.8242,-941.8304,-909.4494,-898.5363,-826.4659,-292.7821,117.5499,232.3565,-123.4315,-681.1854,-988.8781,-923.2141,-921.1865,-897.232,24,24,24,24,24,24,24,24,24,24,24,24,25,25,25,25,16,160,-932.9526,-963.8715,233.2156,-327.0128,-0.2642856,0.8590792,0.5223764,-0.2607571,2.086905E-05,0.9027677,0.3942035,0.2693937,-0.5119932,0.2227642,-0.1212724,0.4521167,24,24,24,24,24,24,24,24,24,24,24,24,24,24,24,24
17,170,-921.4334,-904.8467,-869.3984,-890.5887,-918.3821,-916.058,-824.298,-279.7418,119.0363,237.1562,-94.94908,-670.9752,-998.8761,-848.6171,-863.9554,-892.2922,24,24,24,24,24,24,24,24,24,24,24,24,25,25,25,25,17,170,-955.1083,-937.028,231.7752,-337.8569,0.1296754,-0.49084,-0.1306194,-3.210623E-06,0.2588661,0.2589166,-0.2627734,-0.9429679,-0.2560311,0.1114006,-0.4825526,1.130268,24,24,24,24,24,24,24,24,24,24,24,24,24,24,24,24
18,180,-874.905,-889.6558,-878.0113,-871.3578,-908.0009,-924.5719,-830.4191,-274.2247,121.0182,237.5254,-97.44129,-686.1014,-1019.706,-859.7171,-875.1631,-912.1716,24,24,24,24,24,24,24,24,24,24,24,24,25,25,25,25,18,180,-936.3095,-917.1585,227.1921,-337.7278,-0.1329655,-0.49084,-2.086905E-05,0.5215046,-0.3882461,0.3876867,-0.6569608,0.1346872,-6.902839E-05,3.692216E-05,0.1195812,-0.3390546,24,24,24,24,24,24,24,24,24,24,24,24,24,24,24,24
19,190,-910.4926,-904.7634,-920.2138,-891.6841,-873.96,-905.6931,-837.5604,-287.265,127.2115,234.5717,-112.7506,-674.2525,-1000.304,-921.3044,-910.3364,-910.7258,24,24,24,24,24,24,24,24,24,24,24,24,25,25,25,25,19,190,-921.0021,-950.1865,225.4897,-340.697,-0.1329655,0.1227582,-0.391818,0.9126356,0.6471347,-0.3849336,0.2628087,-1.926374E-05,-0.639975,0.1114006,-1.084686,-1.130229,24,24,24,24,24,24,24,24,24,24,24,24,24,24,24,24
20,200,-924.5594,-910.323,-954.5419,-949.2551,-910.053,-922.3509,-854.0107,-310.4617,114.4533,234.8179,-123.7875,-681.5635,-1000.185,-965.9432,-955.5251,-921.6896,24,24,24,24,24,24,24,24,24,24,24,24,25,25,25,25,20,200,-887.433,-886.8938,216.3235,-345.99,0.3923164,0.3682006,0.7835749,-0.5215111,-0.3882461,0.9027677,1.051184,-0.1347257,-0.1280493,-0.3340541,-0.3621257,0.4521167,24,24,24,24,24,24,24,24,24,24,24,24,24,24,24,24
21,210,-952.0918,-936.5499,-912.9544,-949.0118,-976.8071,-918.279,-827.4861,-294.5375,105.9065,233.2179,-119.5151,-711.7979,-1032.917,-917.127,-938.2365,-945.063,24,24,24,24,24,24,24,24,24,24,24,24,25,25,25,25,21,210,-900.9949,-886.4991,218.5496,-338.8896,-0.001645444,0.3682006,-1.306014,-0.912642,0.1294443,0.9027677,-0.5255661,0.4041018,-1.407863,-0.7795087,-0.3621257,-0.3390546,24,24,24,24,24,24,24,24,24,24,24,24,24,24,24,24
22,220,-936.3418,-946.0979,-909.3862,-876.7133,-902.6895,-936.5409,-842.7887,-279.491,123.2478,235.4332,-95.66115,-675.8912,-1008.636,-865.4461,-864.0747,-883.1357,24,24,24,24,24,24,24,24,24,24,24,24,25,25,25,25,22,220,-904.6204,-911.3687,228.3705,-335.0168,0.5236365,-0.8590535,-0.7836167,0.2607507,0.5177113,-0.5137045,-0.1313787,-0.2694322,-0.2560311,0.4454916,0.2400081,0.2260696,24,24,24,24,24,24,24,24,24,24,24,24,24,24,24,24
23,230,-877.0691,-881.1954,-895.4828,-882.4338,-884.4619,-938.6384,-850.5676,-291.5282,123.8671,232.3565,-107.6475,-660.2607,-989.116,-917.2463,-891.8555,-867.3525,24,24,24,24,24,24,24,24,24,24,24,24,25,25,25,25,23,230,-944.6348,-967.6873,229.0253,-339.5351,-0.2642856,-0.2454521,0.3918308,0.3911277,0.5177113,-0.7712445,-0.6569608,-0.1347257,0.2558947,-0.4454177,0.1195812,-0.7911552,24,24,24,24,24,24,24,24,24,24,24,24,24,24,24,24
24,240,-906.4048,-896.0614,-928.4575,-949.2551,-916.9336,-901.8678,-839.7281,-306.7001,110.8612,229.1566,-137.91,-710.4126,-1039.702,-974.0593,-974.2443,-927.2319,24,24,24,24,24,24,24,24,24,24,24,24,25,25,25,25,24,240,-926.1046,-938.3438,222.6089,-345.3445,0.2609963,0.7363082,-0.2611665,0.1303705,-0.6470914,-1.415095,0.131414,-1.926374E-05,-0.1280493,0.7795826,-0.3621257,0.1130428,24,24,24,24,24,24,24,24,24,24,24,24,24,24,24,24
25,250,-966.6396,-970.1493,-924.5202,-956.9232,-985.9812,-931.8521,-819.3246,-267.9554,122.7522,239.6176,-122.8381,-738.4969,-1057.079,-883.3494,-935.971,-1016.99,24,24,24,24,24,24,24,24,24,24,24,24,25,25,25,25,25,250,-976.7268,-957.0289,220.3828,-342.5044,1.048918,-1.284249E-05,0.5224293,-0.6518912,-0.3882461,0.2589166,0.2628087,0.2693937,0.5118567,-0.2226904,-0.3621257,0.4521167,24,24,24,24,24,24,24,24,24,24,24,24,24,24,24,24
26,260,-991.5269,-994.8051,-967.707,-917.1226,-951.3367,-1013.537,-871.9913,-275.4786,131.4229,238.7561,-106.6981,-710.7904,-1065.411,-890.3914,-895.194,-923.9789,24,24,24,24,24,24,24,24,24,24,24,24,25,25,25,25,26,260,-1069.646,-1065.192,218.1567,-344.1826,-0.5269274,0.2454296,-1.044761,-6.421245E-06,0.3882895,0.2589166,-0.2627734,0.5388083,-0.3840129,0.1114006,-0.3621257,-0.2260311,24,24,24,24,24,24,24,24,24,24,24,24,24,24,24,24
27,270,-920.5917,-911.2899,-936.9473,-903.2471,-854.4045,-902.3614,-855.6685,-303.0638,125.8489,236.5408,-117.8537,-672.3617,-999.9473,-931.0914,-917.7287,-901.9307,24,24,24,24,24,24,24,24,24,24,24,24,25,25,25,25,27,270,-981.9637,-1014.005,217.2401,-343.408,1.44288,-0.8590535,0.1306322,-0.7822682,-0.1294009,-0.2561635,-0.1313723,-1.481795,0.3838765,0.1114006,-0.7234063,-0.2260311,24,24,24,24,24,24,24,24,24,24,24,24,24,24,24,24
28,280,-898.8304,-878.8992,-881.7023,-891.4407,-884.5826,-872.2538,-803.6393,-275.9802,120.7704,236.1716,-120.1085,-686.7316,-990.4254,-922.9753,-927.3865,-911.0873,24,24,24,24,24,24,24,24,24,24,24,24,25,25,25,25,28,280,-928.5217,-970.5822,220.9066,-337.986,-0.7895676,-0.1227325,0.7836279,-0.1303834,0.6471347,-0.2561635,-0.6569544,-0.4041404,1.023782,-0.5567814,0.4808614,-0.6781285,24,24,24,24,24,24,24,24,24,24,24,24,24,24,24,24
29,290,-922.3953,-918.5416,-896.344,-913.2277,-936.489,-920.1298,-817.4117,-269.46,124.1148,242.2021,-97.4413,-678.5382,-997.0907,-843.3655,-860.1401,-886.1478,24,24,24,24,24,24,24,24,24,24,24,24,25,24,25,25,29,290,-928.6558,-918.2112,227.7158,-339.1478,0.1296754,0.1227068,-0.1305664,0.3911245,0.7765566,-1.028785,0.5256046,-0.1347257,-0.8959371,0.5568552,-0.9642596,-1.356279,24,24,24,24,24,24,24,24,24,24,24,24,24,24,24,24
30,300,-859.2752,-880.712,-869.8906,-834.9653,-845.2304,-902.7314,-834.2447,-279.6164,125.2296,232.9718,-105.1553,-689.2526,-1045.534,-905.7521,-894.0018,-955.6653,24,24,24,24,24,24,24,24,24,24,24,24,25,24,25,25,30,300,-927.4474,-913.7372,225.0969,-342.2462,0.5236365,-0.3681718,0.3918308,-0.7822682,-1.035358,-1.157555,0.7883941,-1.926374E-05,0.5118567,-0.8908724,0.7217151,1.926374E-05,24,24,24,24,24,24,24,24,24,24,24,24,24,24,24,24
31,310,-961.9506,-963.1393,-995.7601,-938.0574,-931.902,-1036.858,-906.2947,-296.0421,133.5286,242.6943,-100.1709,-676.3953,-1058.746,-973.4147,-934.898,-932.8945,24,24,24,24,24,24,24,24,24,24,24,24,25,24,25,25,31,310,-865.9488,-882.8147,224.0493,-343.6662,-0.001645444,0.8590278,-0.5223635,-0.1303834,0.5177113,1.031538,-0.262767,-0.4041404,-0.8959371,-0.1113267,-0.2416989,0.1130428,24,24,24,24,24,24,24,24,24,24,24,24,24,24,24,24
32,320,-992.7292,-959.5134,-974.7204,-959.3575,-914.8815,-905.076,-845.2116,-303.44,119.0363,236.1716,-120.7019,-682.1937,-1013.159,-967.09,-956.9559,-918.4367,24,24,24,24,24,24,24,24,24,24,24,24,25,24,25,25,32,320,-935.3697,-920.3165,215.145,-349.2174,0.1296754,-1.840814,-0.5223635,0.1303705,-0.2588243,-0.5137045,-0.1313723,-0.9429679,0.5118567,0.5568552,0.3604349,0.7911969,24,24,24,24,24,24,24,24,24,24,24,24,24,24,24,24
33,330,-945.4792,-921.2005,-911.2319,-931.1196,-938.2997,-907.7906,-816.264,-275.8548,118.0453,234.5717,-117.2603,-704.9972,-1014.111,-873.5319,-894.0018,-913.9788,24,24,24,24,24,24,24,24,24,24,24,24,25,24,25,25,33,330,-945.0375,-935.8436,211.6094,-343.0207,-0.1329655,0.1227068,0.5224293,0.6518784,0.5177113,0.001376554,-0.9197471,-0.5388469,-0.2560311,0.3341279,0.3604349,-0.9041756,24,24,24,24,24,24,24,24,24,24,24,24,24,24,24,24
34,340,-905.8038,-917.1725,-927.5961,-897.7698,-921.0378,-961.9596,-855.5409,-280.7449,121.3897,233.7102,-107.0541,-709.5309,-1055.175,-886.6586,-893.5248,-934.7017,24,24,24,24,24,24,24,24,24,24,24,24,25,24,25,25,34,340,-876.0195,-883.4725,218.1567,-339.9224,-0.5269274,0.4908689,3.210623E-05,0.3911245,-0.1294009,-1.415095,-0.1313723,0.5388083,-0.2560311,0.1114006,-0.7234063,-1.243249,24,24,24,24,24,24,24,24,24,24,24,24,24,24,24,24
35,350,-914.34,-923.5768,-925.7507,-888.5195,-872.3907,-924.2017,-855.5409,-292.0298,127.4591,237.1562,-107.7662,-674.2524,-1013.754,-911.9575,-889.3517,-887.714,24,24,24,24,24,24,24,24,24,24,24,24,25,24,25,25,35,350,-908.2457,-891.6309,227.9777,-332.693,0.6549574,0.2454296,0.1306322,-0.7822682,0.5177113,0.2589166,0.6569993,0.2693937,0.3838765,-0.5567814,0.2400081,-0.2260246,24,24,24,24,24,24,24,24,24,24,24,24,24,24,24,24
36,360,-934.8991,-926.2354,-930.7952,-916.5139,-900.8788,-940.4894,-879.3875,-316.8564,117.5499,233.8333,-117.8537,-677.1516,-1044.582,-1007.186,-974.1251,-935.4246,24,24,24,24,24,24,24,24,24,24,24,24,25,24,25,25,36,360,-925.836,-919.5271,226.4064,-338.6315,-0.001645444,-1.284249E-05,-0.9141622,-1.303776,-0.2588243,-0.7712445,-0.3941649,0.2693937,-1.151901,-0.3340541,-0.2416989,-0.3390514,24,24,24,24,24,24,24,24,24,24,24,24,24,24,24,24
37,370,-965.6777,-952.9411,-966.3536,-990.6381,-954.113,-918.2789,-856.051,-314.3487,105.411,228.2952,-127.1105,-700.5894,-1018.039,-916.8502,-925.8363,-913.738,24,24,24,24,24,24,24,24,24,24,24,24,25,24,25,25,37,370,-938.8608,-915.7111,221.1685,-339.7933,1.048867,-0.3681718,3.210623E-05,-0.1303834,0.1294443,0.001376554,2.247436E-05,-0.6735533,-0.3840129,0.2227642,-0.1212724,0.2260728,24,24,24,24,24,24,24,24,24,24,24,24,24,24,24,24
38,380,-911.6949,-909.3178,-885.6396,-900.2042,-929.6083,-917.9088,-830.5465,-285.635,113.8339,233.4641,-120.9393,-716.0798,-1027.799,-890.2386,-919.1595,-953.9788,24,24,24,24,24,24,24,24,24,24,24,24,25,24,25,25,38,380,-922.8818,-920.5798,218.6805,-332.0475,-0.5269788,-0.49084,-0.2611665,0.9126323,0.1294443,-1.028785,-0.7883492,-0.1347257,-6.902839E-05,0.3341279,0.7217151,2.568498E-05,24,24,24,24,24,24,24,24,24,24,24,24,24,24,24,24
39,390,-940.1892,-956.2038,-926.1197,-894.9704,-925.5041,-977.2601,-874.0317,-291.5282,118.6647,232.9718,-106.2234,-688.8745,-1029.466,-906.8262,-902.8248,-914.0994,24,24,24,24,24,24,24,24,24,24,24,24,25,24,25,25,39,390,-876.288,-903.8683,221.0376,-333.0803,-0.1330169,0.4909203,3.210623E-05,-6.421245E-06,0.2588661,0.1301466,0.2628151,0.6735148,0.2558947,0.4454916,-1.32554,0.2260728,24,24,24,24,24,24,24,24,24,24,24,24,24,24,24,24
40,400,-928.7674,-923.5768,-934.3633,-915.5402,-892.9117,-901.621,-845.2116,-306.9508,107.7645,222.6339,-124.1435,-682.5718,-989.9492,-902.6494,-901.9902,-888.6779,24,24,24,24,24,24,24,24,24,24,24,24,25,24,25,25,40,400,-911.4684,-910.7109,223.0018,-327.6583,0.260945,-0.7362825,3.210623E-05,-1.955664,-0.5176679,-0.5137045,-0.1313723,-0.2694322,-0.1280493,-0.4454177,-0.6029794,0.5651466,24,24,24,24,24,24,24,24,24,24,24,24,24,24,24,24
41,410,-917.9468,-909.922,-883.548,-880.6082,-890.6183,-897.6725,-816.009,-275.8547,118.0453,233.4641,-109.4276,-698.8262,-1018.396,-856.2283,-874.6862,-944.2197,24,24,24,24,24,24,24,24,24,24,24,24,25,24,25,25,41,410,-977.2639,-951.6339,232.5609,-319.3961,0.3922651,1.472681,0.5224293,0.2607475,0.3882895,1.160308,0.1314172,0.8082213,-1.023919,-0.1113267,-0.2416989,-0.2260246,24,24,24,24,24,24,24,24,24,24,24,24,24,24,24,24
42,420,-941.6319,-931.794,-940.8845,-895.4573,-884.824,-915.0707,-844.9566,-289.1458,119.6556,231.618,-110.9704,-680.303,-997.2097,-871.9805,-872.54,-897.5934,24,24,24,24,24,24,24,24,24,24,24,24,25,24,25,25,42,420,-877.4965,-898.0786,234.0013,-325.4636,-0.789619,-2.208921,0.3918308,0.3911245,-0.6470914,0.001325184,-0.6569544,-0.2694322,-0.1280493,0.4454916,-0.6029794,0.3390996,24,24,24,24,24,24,24,24,24,24,24,24,24,24,24,24
43,430,-880.6758,-899.7714,-954.0497,-927.7117,-901.9651,-970.597,-894.8178,-319.1134,114.5771,229.1566,-119.5151,-699.5818,-1053.866,-949.3091,-923.6903,-910.6055,24,24,24,24,24,24,24,24,24,24,24,24,25,24,25,25,43,430,-867.4258,-877.1565,229.2872,-323.0108,-0.264337,-0.3681204,3.210623E-05,0.1303705,0.6471347,-1.028836,0.2628087,0.1346872,0.7678204,0.1114006,-0.7234063,-1.582323,24,24,24,24,24,24,24,24,24,24,24,24,24,24,24,24
44,440,-933.2158,-916.689,-937.6854,-951.6894,-922.4864,-934.9368,-869.4409,-317.9849,109.8702,225.0953,-127.5852,-688.2443,-1023.276,-971.386,-950.2787,-903.9789,24,24,24,24,24,24,24,24,24,24,24,24,25,24,25,25,44,440,-941.5464,-928.8696,230.2038,-320.1707,-0.1330169,-0.1226811,-0.5223635,-0.3911373,-1.035358,-0.6425259,0.131414,-0.5388998,0.7678204,-0.1113267,-0.7234063,0.1130492,24,24,24,24,24,24,24,24,24,24,24,24,24,24,24,24
45,450,-974.3342,-944.6031,-933.6251,-969.3381,-955.0788,-902.4849,-827.4861,-295.4152,111.3566,233.0949,-137.554,-727.6662,-1043.511,-945.8484,-970.0712,-973.6171,24,24,24,24,24,24,24,24,24,24,24,24,25,25,25,25,45,450,-905.5603,-893.4731,227.323,-321.8489,0.5235851,0.6136399,0.6530294,-0.6518912,0.2588661,0.2588653,1.926374E-05,0.6734618,-0.1280493,-0.8908724,0.4808614,0.1130492,24,24,24,24,24,24,24,24,24,24,24,24,24,24,24,24
46,460,-995.9753,-1005.386,-930.5491,-952.0545,-1032.818,-1019.83,-868.9308,-286.5127,111.6043,233.7102,-131.1454,-781.0641,-1135.993,-941.5947,-996.4213,-1073.978,24,24,24,24,24,24,24,24,24,24,24,24,25,25,25,25,46,460,-875.2138,-889.7887,226.2754,-319.9124,-0.264337,-0.3681204,-0.9141622,-0.3911373,2.086905E-05,-1.028836,-0.1313787,0.4040473,-1.151901,3.371154E-05,0.2400081,-0.6781253,24,24,24,24,24,24,24,24,24,24,24,24,24,24,24,24
47,470,-1047.914,-1027.62,-980.3802,-920.4088,-982.1183,-1058.575,-903.3619,-290.7758,122.0091,233.4641,-105.986,-715.1982,-1107.07,-936.343,-923.8094,-966.8701,24,24,24,24,24,24,24,24,24,24,24,24,25,25,25,25,47,470,-881.7933,-898.4734,232.168,-309.4556,0.5235851,-1.349881,0.3918308,1.303763,-0.6470914,0.6451755,-1.051145,-0.6736079,0.8958007,0.1113974,-0.3621257,0.2260728,24,24,24,24,24,24,24,24,24,24,24,24,24,24,24,24
48,480,-984.0727,-968.5294,-1003.019,-955.2191,-910.053,-969.2397,-891.6298,-313.0948,120.2749,238.2638,-107.0541,-667.6978,-1021.015,-938.1334,-913.9133,-891.8104,24,24,24,24,24,24,24,24,24,24,24,24,25,25,25,25,48,480,-890.7898,-857.0239,238.1916,-309.0684,-0.789619,-0.3681204,0.7836279,-0.6518912,2.086905E-05,-1.286376,-0.3941681,-7.223901E-05,-0.3840129,-0.4454209,0.1195812,-0.4520749,24,24,24,24,24,24,24,24,24,24,24,24,24,24,24,24
49,490,-904.7215,-903.2759,-917.5069,-931.7283,-905.8279,-889.6522,-846.1043,-316.8564,106.6497,230.3873,-125.3303,-688.3703,-1016.849,-957.5882,-946.8212,-912.533,24,24,24,24,24,24,24,24,24,24,24,24,25,25,25,25,49,490,-916.1682,-929.0012,232.5609,-314.2322,-0.1330169,0.7363595,-0.1305664,0.2607475,-0.3882461,0.001325184,0.6569961,0.1346343,0.1279128,0.1113974,-0.4825526,2.568498E-05,24,24,24,24,24,24,24,24,24,24,24,24,24,24,24,24
50,500,-916.3837,-914.1515,-893.1451,-908.6025,-928.522,-914.207,-833.6071,-287.6411,113.5862,228.9105,-117.0229,-699.7079,-1010.064,-868.3106,-878.2632,-896.8705,24,24,24,24,24,24,24,24,24,24,24,24,25,25,25,25,50,500,-907.8431,-940.4492,230.0729,-309.5848,0.5235851,-0.2454007,0.3918308,-1.173399,0.3882895,0.6451755,-0.9197503,-0.2694868,-6.902839E-05,-1.336332,-0.8438327,0.1130492,24,24,24,24,24,24,24,24,24,24,24,24,24,24,24,24
51,510,-869.8553,-886.7208,-886.5009,-862.8378,-869.1313,-915.0707,-840.7484,-286.0111,122.1329,228.7874,-117.0229,-681.6896,-999.2332,-882.0366,-875.6401,-877.1116,24,24,24,24,24,24,24,24,24,24,24,24,25,25,25,25,51,510,-868.3658,-859.6556,231.9061,-307.9065,0.1296241,-0.7362825,-0.391765,0.5215014,0.5177113,0.6451755,0.3942035,-0.9430209,-0.3840129,-0.11133,-0.2416989,0.3390996,24,24,24,24,24,24,24,24,24,24,24,24,24,24,24,24
52,520,-907.6071,-890.7085,-931.4104,-946.6991,-905.1038,-886.1971,-835.1374,-306.8254,109.127,226.4491,-136.9606,-702.3525,-1006.851,-944.9366,-948.9672,-920.3643,24,24,24,24,24,24,24,24,24,24,24,24,25,25,25,25,52,520,-867.0231,-860.7083,230.7276,-310.2303,-0.1330169,-0.8590021,3.210623E-05,0.5215014,-0.2588243,0.2588653,-0.9197503,-7.223901E-05,0.3838765,-0.3340573,0.1195812,-0.1130011,24,24,24,24,24,24,24,24,24,24,24,24,24,24,24,24
53,530,-919.0289,-940.8571,-898.0668,-918.218,-957.0101,-959.245,-848.0172,-286.2619,117.1783,232.8487,-115.7175,-705.7529,-1032.322,-880.9623,-893.5248,-919.4006,24,24,24,24,24,24,24,24,24,24,24,24,25,25,25,25,53,530,-881.2563,-913.8689,232.8227,-302.8718,-0.6582989,0.6136399,0.3918308,-0.1303834,0.9059799,-2.316537,0.5255982,0.4040473,0.5118567,3.371154E-05,-0.9642596,-0.1130011,24,24,24,24,24,24,24,24,24,24,24,24,24,24,24,24
54,540,-899.9125,-911.1304,-902.373,-870.019,-874.3219,-920.1298,-842.6612,-287.1396,124.2386,235.4332,-106.342,-659.5045,-972.8095,-865.0881,-856.563,-839.8829,24,24,24,24,24,24,24,24,24,24,24,24,25,25,25,25,54,540,-880.7192,-895.8416,237.1439,-304.1627,-0.3956579,3.852747E-05,3.210623E-05,-0.5215143,-0.9059366,0.1300952,0.3942035,-0.4041933,0.8958007,-0.3340573,-1.084686,-0.2260246,24,24,24,24,24,24,24,24,24,24,24,24,24,24,24,24
55,550,-833.3057,-842.01,-851.8038,-872.575,-876.1326,-864.9738,-806.5724,-280.9956,117.0544,232.2334,-119.3965,-708.7755,-1032.084,-906.3849,-918.3248,-935.9064,24,24,24,24,24,24,24,24,24,24,24,24,25,25,25,25,55,550,-913.7512,-899.3945,231.5132,-307.0028,-0.001696814,-0.1226811,-0.5223635,-1.303776,0.2588661,0.2588653,1.926374E-05,0.6734618,-0.3840129,-0.3340573,0.3604349,0.6781734,24,24,24,24,24,24,24,24,24,24,24,24,24,24,24,24
56,560,-929.0078,-931.6732,-935.1016,-931.7283,-938.6617,-964.5508,-864.4675,-299.553,115.0726,233.341,-115.1241,-697.6928,-1026.728,-915.6946,-914.7478,-906.1476,24,24,24,24,24,24,24,24,24,24,24,24,25,25,25,25,56,560,-838.9594,-877.946,231.5132,-301.839,-0.1330169,-0.49084,-1.044761,-0.1303866,0.7765566,-0.1274449,1.926374E-05,-7.223901E-05,-0.3840129,-0.11133,-0.4825526,-0.3390514,24,24,24,24,24,24,24,24,24,24,24,24,24,24,24,24
57,570,-894.382,-892.2794,-883.1789,-904.4642,-916.0886,-890.7626,-822.7677,-288.7697,113.2146,237.2793,-121.5326,-702.4785,-1013.516,-917.3657,-940.0249,-943.9786,24,24,24,24,24,24,24,24,24,24,24,24,25,25,25,25,57,570,-902.472,-893.8679,235.9654,-303.0009,-0.5269788,-0.6135596,-0.5223635,-0.2607636,-0.7765115,0.2588653,-0.5255661,0.4040473,-6.902839E-05,3.371154E-05,-0.0008451964,-0.1130011,24,24,24,24,24,24,24,24,24,24,24,24,24,24,24,24
58,580,-925.8818,-942.6697,-904.4648,-888.3979,-928.522,-946.0421,-838.963,-270.4631,130.0604,237.2792,-108.7156,-696.6853,-1017.563,-861.2687,-865.3862,-890.7261,24,24,24,24,24,24,24,24,24,24,24,24,25,25,25,25,58,580,-880.8535,-862.0242,232.9537,-305.9701,0.1296241,0.1227582,3.210623E-05,-0.1303866,0.1294459,-1.157606,0.131414,-7.223901E-05,-0.7679569,1.002308,-1.084686,-1.130223,24,24,24,24,24,24,24,24,24,24,24,24,24,24,24,24
59,590,-872.1396,-897.7172,-907.6637,-868.6802,-867.9243,-938.762,-853.8831,-280.3687,134.7673,235.4332,-111.3265,-677.1517,-1026.014,-932.0463,-902.2285,-900.6055,24,24,24,24,24,24,24,24,24,24,24,24,25,25,25,25,59,590,-838.0194,-847.5497,230.7276,-305.9701,0.1296241,0.245481,0.3918308,-0.1303866,0.3882911,0.001325184,0.2628087,-0.5388998,0.2558947,-0.7795119,0.2400081,0.3390996,24,24,24,24,24,24,24,24,24,24,24,24,24,24,24,24
60,600,-918.9087,-894.3337,-937.9315,-945.3602,-905.5865,-907.1737,-845.7217,-301.3084,120.6466,239.2483,-111.6825,-660.765,-1003.161,-959.8561,-930.248,-884.0995,24,24,24,24,24,24,24,24,24,24,24,24,25,25,25,25,60,600,-867.1573,-870.972,232.9537,-304.0336,0.3922651,3.852747E-05,-1.175361,-1.043025,-0.2588227,-0.1274449,0.131414,0.4041018,-1.151901,-0.3340573,-0.0008451964,2.568498E-05,24,24,24,24,24,24,24,24,24,24,24,24,24,24,24,24
61,610,-932.0135,-928.2897,-945.5599,-989.9078,-948.5604,-888.7883,-819.9622,-290.5251,120.7705,248.9709,-100.2896,-685.5972,-1002.804,-895.2849,-920.7094,-914.2198,24,24,24,24,24,24,24,24,24,24,24,24,25,24,25,25,61,610,-895.2211,-880.3145,231.9061,-305.3246,0.7862269,-0.3681204,0.2612307,-9.631868E-06,0.5177129,-0.5137558,0.5255982,-1.926374E-05,0.1279128,0.4454883,-0.2416989,0.1130492,24,24,24,24,24,24,24,24,24,24,24,24,24,24,24,24
62,620,-896.3057,-922.7311,-885.8857,-861.499,-890.6183,-922.7211,-832.0768,-273.5978,126.4683,235.4332,-95.4238,-665.807,-994.2341,-855.2736,-858.7092,-894.4609,24,24,24,24,24,24,24,24,24,24,24,24,25,24,24,25,62,620,-837.0795,-847.9445,231.2513,-311.263,-0.264337,-0.1226811,0.2612307,-0.3911405,-0.3882445,0.2588653,-0.6569608,-0.5388469,0.2558947,9.150275E-05,-0.1212724,-0.6781253,24,24,24,24,24,24,24,24,24,24,24,24,24,24,24,24
63,630,-878.2714,-886.6,-901.0197,-861.7424,-836.539,-882.6188,-829.9089,-280.4941,134.2718,244.7865,-96.01718,-645.7648,-988.0449,-900.9787,-874.3285,-850.7261,24,24,24,24,24,24,24,24,24,24,24,24,25,24,24,24,63,630,-847.2845,-841.2336,232.5608,-307.9065,-0.1330169,0.1227582,3.210623E-05,-0.3911405,2.247436E-05,-0.6425259,0.5255982,-0.1347257,-1.151901,-0.1112722,-0.2416989,-0.5650985,24,24,24,24,24,24,24,24,24,24,24,24,24,24,24,24
64,640,-876.2274,-893.0045,-927.9653,-940.0048,-905.7073,-884.4697,-818.0494,-287.3904,126.0967,244.2942,-121.5327,-689.1266,-1005.661,-926.5162,-929.175,-901.2078,24,24,24,24,24,24,24,24,24,24,24,24,25,24,24,24,64,640,-907.0374,-901.763,229.0253,-316.685,0.1296241,0.1227582,0.5224293,0.5214983,-0.1293993,0.2588653,0.3942035,-0.5388469,0.1279128,-0.3339995,-0.3621257,-0.3390546,24,24,24,24,24,24,24,24,24,24,24,24,24,24,24,24
65,650,-900.8743,-906.2968,-878.1342,-889.3716,-919.3479,-913.8368,-800.4513,-253.5358,131.9184,241.8328,-99.69616,-692.1516,-1012.564,-840.9535,-856.3246,-899.6417,24,24,24,24,24,24,24,24,24,24,24,24,25,24,24,24,65,650,-898.578,-945.1863,222.8708,-317.2014,-0.5269788,-0.1226811,-0.6529636,-1.303779,0.2588677,0.5164054,-0.2627734,0.5388083,-0.5119932,-0.1112722,-0.4825526,-0.4520814,24,24,24,24,24,24,24,24,24,24,24,24,24,24,24,24
66,660,-889.4525,-891.3478,-898.1896,-852.2487,-856.9395,-922.1041,-841.641,-277.234,133.4048,245.2788,-80.47054,-648.79,-1013.516,-880.4532,-851.4362,-857.2322,24,24,24,24,24,24,24,24,24,24,24,24,25,24,24,24,66,660,-873.4683,-875.8406,228.6324,-313.4577,0.917547,-0.1226811,0.7836279,-0.1303866,0.3882911,0.1300952,0.2628087,-0.1347257,-0.2560311,0.5569098,0.2400081,0.2260696,24,24,24,24,24,24,24,24,24,24,24,24,24,24,24,24
67,670,-887.5288,-870.4388,-902.8651,-902.0298,-882.289,-919.1427,-842.0236,-283.6288,136.6253,250.8169,-89.96468,-646.8993,-991.9726,-895.3701,-871.2286,-837.3527,24,24,24,24,24,24,24,24,24,24,24,24,25,24,24,24,67,670,-857.758,-863.34,229.4182,-313.4577,-0.6582989,-0.49084,-0.2611665,0.5214983,2.247436E-05,0.2588653,-1.182543,-0.4041404,0.5118567,-0.2226358,-0.2416989,-0.2260311,24,24,24,24,24,24,24,24,24,24,24,24,24,24,24,24
68,680,-853.0233,-837.5646,-839.3768,-883.2859,-885.9103,-841.4061,-772.7789,-258.0498,126.8399,245.2788,-99.10278,-673.6223,-968.1675,-842.6241,-878.144,-911.8102,24,24,24,24,24,24,24,24,24,24,24,24,25,24,24,24,68,680,-819.4892,-828.733,227.7159,-321.978,-0.001696814,0.245481,0.2612307,0.1303673,0.5177129,-1.028836,0.131414,0.2693937,-0.1280493,0.3341825,0.3604349,-0.7911552,24,24,24,24,24,24,24,24,24,24,24,24,24,24,24,24
69,690,-874.424,-895.2153,-865.2151,-839.347,-897.9817,-965.0444,-834.8823,-252.7835,140.4651,242.4482,-94.71173,-687.614,-1049.938,-878.7826,-868.367,-910.003,24,24,24,24,24,24,24,24,24,24,24,24,25,24,24,24,69,690,-852.387,-845.3127,222.347,-323.6563,-0.001645444,3.852747E-05,-0.1305664,-9.631868E-06,2.247436E-05,-0.7712959,0.131414,-0.1347257,-0.2560311,-0.5567268,-1.084686,0.1130428,24,24,24,24,24,24,24,24,24,24,24,24,24,24,24,24
70,700,-919.0289,-915.52,-962.5394,-912.619,-878.547,-951.5947,-864.34,-286.5127,138.4833,249.9554,-82.36937,-640.0925,-1007.922,-926.0389,-892.4518,-861.6899,24,24,24,24,24,24,24,24,24,24,24,24,25,24,24,24,70,700,-939.1295,-921.3692,226.0135,-314.6195,0.3923164,0.245481,-0.2611665,-0.7822714,0.1294459,0.5164054,0.131414,1.212342,-0.2560311,0.4455462,0.6012883,0.2260696,24,24,24,24,24,24,24,24,24,24,24,24,24,24,24,24
71,710,-893.1797,-874.1855,-871.7361,-882.5557,-863.458,-839.8019,-773.4166,-257.172,134.5196,248.6017,-84.38687,-643.4958,-959.0025,-845.7269,-857.1592,-856.3887,24,24,24,24,24,24,24,24,24,24,24,24,25,24,24,24,71,710,-922.2106,-921.3692,231.9061,-315.9105,-0.2642856,3.852747E-05,-0.5224181,-9.631868E-06,0.1294459,-0.7712959,0.3942035,-1.212381,-0.639975,-0.1112722,-0.2416989,-0.6781285,24,24,24,24,24,24,24,24,24,24,24,24,24,24,24,24
72,720,-822.7256,-841.1904,-832.6096,-830.7053,-862.9751,-874.9684,-794.3303,-253.7866,132.0423,241.5867,-94.83041,-684.5887,-1006.851,-813.2679,-845.4746,-932.1716,24,24,24,24,24,24,24,24,24,24,24,24,25,24,24,24,72,720,-857.758,-880.3145,225.6207,-325.3345,0.3923164,-0.2454007,0.3917762,1.043009,-0.7765115,0.001325184,-0.6569608,-0.5388469,0.3838765,0.1114552,-0.3621257,-0.7911552,24,24,24,24,24,24,24,24,24,24,24,24,24,24,24,24
73,730,-916.2635,-925.5515,-939.7771,-875.4962,-863.9407,-962.2064,-845.9768,-258.3005,150.2505,248.4786,-85.81099,-654.2103,-1019.348,-890.9546,-860.6169,-876.6298,24,24,24,24,24,24,24,24,24,24,24,24,25,24,24,24,73,730,-882.4648,-870.1824,227.323,-319.3961,-0.2642856,0.7363595,-0.2612195,0.2607475,-0.2588227,-1.415146,-0.1313787,-0.4041404,-0.1280493,9.150275E-05,-0.2416989,-1.017206,24,24,24,24,24,24,24,24,24,24,24,24,24,24,24,24
74,740,-918.4277,-895.0945,-947.4056,-932.702,-860.923,-882.4954,-820.4724,-290.2743,132.4138,244.7865,-109.4276,-642.8656,-961.1451,-909.4515,-902.1094,-866.6297,24,24,24,24,24,24,24,24,24,24,24,24,25,24,24,24,74,740,-873.6025,-869.3929,230.8586,-321.978,0.1296754,0.6136399,0.5223764,0.7822554,-0.1293993,-0.1273935,1.926374E-05,-0.4041404,0.2558947,0.7796371,-0.4825526,0.1130428,24,24,24,24,24,24,24,24,24,24,24,24,24,24,24,24
75,750,-884.2827,-897.9952,-850.3273,-880.6082,-923.5728,-898.2895,-789.2294,-245.511,133.9002,243.1866,-90.3207,-669.9667,-988.7589,-840.9535,-856.8016,-891.3284,24,24,24,24,24,24,24,24,24,24,24,24,25,24,24,24,75,750,-890.9242,-925.58,223.1327,-326.1091,0.7862783,-0.49084,-0.391818,-0.3911373,0.1294459,-1.157555,-0.6569608,0.1346872,-0.3840129,-1.113547,-0.2416989,0.5651435,24,24,24,24,24,24,24,24,24,24,24,24,24,24,24,24
76,760,-898.4698,-909.7187,-920.829,-856.7522,-820.243,-914.3304,-841.641,-280.3687,140.5889,244.7865,-92.69423,-635.6806,-996.3766,-946.4451,-903.3018,-878.5574,24,24,24,24,24,24,24,24,24,24,24,24,25,24,24,24,76,760,-895.7582,-924.9221,222.7399,-324.8181,0.2609963,0.245481,-0.2612195,0.1303705,1.035403,-0.7712445,1.182578,-0.1347242,-0.8959371,0.1114552,0.1195812,-0.2260311,24,24,24,24,24,24,24,24,24,24,24,24,24,24,24,24
77,770,-919.9907,-906.5763,-944.5757,-948.038,-902.6895,-885.3334,-803.1293,-279.1148,124.3625,242.9404,-97.79733,-651.4371,-968.7627,-907.1841,-905.0903,-870.9672,24,24,24,24,24,24,24,24,24,24,24,24,25,24,24,24,77,770,-904.7547,-884.3937,227.0611,-322.2362,0.1296754,-0.49084,-0.391818,-0.3911373,-1.035357,-0.1273935,-1.182543,-0.6735517,0.1279128,-0.1112722,-0.2416989,-0.2260311,24,24,24,24,24,24,24,24,24,24,24,24,24,24,24,24
78,780,-903.5193,-891.3478,-861.8931,-881.7036,-905.5866,-881.7551,-775.9671,-239.2416,135.5104,241.7097,-93.76233,-666.9414,-972.4525,-824.1273,-837.7245,-865.6659,24,24,24,24,24,24,24,24,24,24,24,24,25,24,25,24,78,780,-950.4086,-950.4496,228.2396,-327.0128,-0.3956065,0.3682006,0.3917762,-0.1303834,1.164827,-0.7712445,-0.1313787,0.5388099,0.6398386,0.5569098,0.3604349,0.3390931,24,24,24,24,24,24,24,24,24,24,24,24,24,24,24,24
79,790,-858.1931,-853.5183,-853.2803,-831.3138,-833.4006,-877.1895,-799.6862,-260.0559,137.3684,242.202,-83.43745,-631.773,-969.9529,-851.5742,-826.8744,-842.7744,24,24,24,24,24,24,24,24,24,24,24,24,25,24,25,24,79,790,-876.5566,-893.7363,223.2637,-331.9184,-0.1329655,0.4909203,-0.9142152,0.3911245,-0.905935,-1.286325,-0.9197503,-0.5388436,-0.8959371,-0.1112722,-1.084686,0.1130428,24,24,24,24,24,24,24,24,24,24,24,24,24,24,24,24
80,800,-885.1243,-859.4404,-926.858,-917.366,-848.9725,-852.758,-797.3908,-280.3687,128.0785,242.4482,-103.3751,-646.7732,-954.2416,-885.1072,-882.317,-862.8949,24,24,24,24,24,24,24,24,24,24,24,24,25,24,25,24,80,800,-911.737,-909.5266,224.3112,-324.1727,-0.001645444,-0.2454007,0.6529748,-0.3911373,0.1294459,0.6452268,0.3942035,0.5388099,-6.902839E-05,-0.3339995,0.2400081,0.678167,24,24,24,24,24,24,24,24,24,24,24,24,24,24,24,24
81,810,-877.0691,-865.3627,-838.3924,-850.9099,-888.3248,-877.0661,-779.2827,-246.1379,132.2899,238.2638,-98.03469,-660.0086,-976.4993,-849.3068,-854.2976,-871.5696,24,24,24,24,24,24,24,24,24,24,24,24,25,24,25,24,81,810,-901.8007,-896.2365,226.4064,-324.3018,-0.2642856,-0.3681204,-1.306014,0.5215014,-0.2588227,-0.1273935,-0.3941681,-0.6735517,-1.151901,-0.2226358,-0.2416989,-0.2260311,24,24,24,24,24,24,24,24,24,24,24,24,24,24,24,24
82,820,-874.0633,-880.1954,-880.3488,-848.5974,-849.3346,-888.6649,-807.21,-264.8207,132.6615,240.2329,-90.43938,-640.0924,-963.4066,-843.5788,-829.0206,-818.6782,24,24,24,24,24,24,24,24,24,24,24,24,25,24,25,24,82,820,-889.7158,-904.2631,218.9424,-333.984,-0.1329655,-1.349881,0.5223764,0.1303705,-0.2588227,1.289078,0.6569961,0.1346904,0.1279128,9.150275E-05,-1.205113,0.2260696,24,24,24,24,24,24,24,24,24,24,24,24,24,24,24,24
83,830,-812.386,-815.9085,-815.7533,-827.419,-817.4665,-803.4014,-760.6644,-263.316,122.2568,233.5871,-105.63,-653.9581,-943.1722,-865.7751,-874.567,-868.437,24,24,24,24,24,24,24,24,24,24,24,24,25,24,25,24,83,830,-903.9492,-875.5775,221.0376,-321.8489,-1.183529,-0.3681204,0.2611777,-0.2607604,-0.3882445,-1.028785,-0.6569608,-0.2694306,-0.3840129,-0.1112722,-0.4825526,-0.7911552,24,24,24,24,24,24,24,24,24,24,24,24,24,24,24,24
84,840,-865.8878,-866.5406,-850.5735,-855.535,-887.7211,-900.8807,-800.5789,-259.0529,119.9033,230.8796,-104.9179,-693.2849,-1015.421,-845.4882,-863.24,-923.6174,24,24,24,24,24,24,24,24,24,24,24,24,25,24,25,24,84,840,-917.9138,-913.2109,227.8468,-328.0456,-0.001645444,0.7363595,-0.5224181,0.1303705,-0.7765115,0.001376554,-0.1313787,0.5388099,0.2558947,0.5569098,-0.3621257,0.1130428,24,24,24,24,24,24,24,24,24,24,24,24,24,24,24,24
85,850,-919.2694,-935.9027,-944.3296,-885.2333,-901.1203,-1015.512,-887.2939,-288.8951,128.3262,231.9872,-95.54247,-666.8154,-1041.844,-897.3987,-866.817,-879.4009,24,24,24,24,24,24,24,24,24,24,24,24,25,24,25,24,85,850,-971.4902,-967.2926,221.1685,-331.7894,0.1296754,-0.6135596,0.2611777,-0.3911373,2.247436E-05,0.001376554,-0.2627734,0.2693969,-6.902839E-05,-0.4453631,-0.4825526,-0.4520814,24,24,24,24,24,24,24,24,24,24,24,24,24,24,24,24
86,860,-916.5042,-890.7085,-919.3525,-905.3163,-865.0272,-866.3311,-807.0825,-291.6536,112.3475,231.4949,-104.0872,-648.79,-952.2182,-884.3912,-890.3055,-864.7021,24,24,24,24,24,24,24,24,24,24,24,24,25,24,25,24,86,860,-881.5249,-895.4469,221.8233,-326.6255,-0.3956065,-1.284249E-05,-0.1306194,0.1303705,0.2588677,0.001376554,0.2628087,-0.1347242,-0.8959371,-0.1112722,-0.2416989,-0.2260311,24,24,24,24,24,24,24,24,24,24,24,24,24,24,24,24
87,870,-863.7237,-866.4197,-833.5939,-841.7813,-877.5814,-888.7883,-802.4917,-266.7015,122.8761,232.7256,-96.37321,-658.3699,-963.5256,-813.2679,-831.1667,-862.4129,24,24,24,24,24,24,24,24,24,24,24,24,25,24,25,24,87,870,-872.9312,-867.156,224.4422,-331.7894,0.5236365,-1.227212,0.2612307,-0.1303834,-0.5176663,-0.2561635,-1.182543,-0.4041371,-0.3840129,-0.3339995,0.2400081,1.926374E-05,24,24,24,24,24,24,24,24,24,24,24,24,24,24,24,24
88,880,-840.2791,-838.0223,-851.8038,-827.1755,-811.6723,-836.7172,-791.9073,-274.0994,121.8852,229.6489,-105.274,-649.2942,-960.907,-873.2932,-863.24,-860.8466,24,24,24,24,24,24,24,24,24,24,24,24,25,24,25,24,88,880,-948.126,-930.8434,213.7046,-338.1151,-0.3956065,-0.2454521,0.2612307,-6.421245E-06,0.5177129,-0.9000146,1.926374E-05,-1.765843E-05,-6.902839E-05,0.3341825,0.4808614,-1.243253,24,24,24,24,24,24,24,24,24,24,24,24,24,24,24,24
89,890,-871.1779,-872.4617,-873.4588,-868.0717,-848.2482,-852.7581,-797.9009,-282.3749,121.0181,234.6948,-103.6125,-640.4706,-944.7195,-880.4532,-881.6016,-854.5817,24,24,24,24,24,24,24,24,24,24,24,24,25,24,25,24,89,890,-886.6274,-902.9472,213.0498,-331.273,-0.1329655,0.4908689,-0.6529636,-6.421245E-06,-0.9059366,-0.5137045,0.5255982,-0.2694306,0.2558947,-0.4453631,-1.566393,-0.3390546,24,24,24,24,24,24,24,24,24,24,24,24,24,24,24,24
90,900,-862.7618,-864.1237,-856.6024,-893.6317,-922.8486,-911.2456,-815.3715,-275.3532,121.0181,241.0944,-101.8323,-676.6474,-991.1395,-886.6586,-916.894,-924.2197,24,24,24,24,24,24,24,24,24,24,24,24,25,24,25,24,90,900,-889.5815,-888.4729,225.2279,-324.3018,0.1296754,0.2454296,0.5224293,-0.9126452,0.5177113,0.2588653,0.3942035,0.673518,1.023782,-0.7794541,-0.1212724,0.5651435,24,24,24,24,24,24,24,24,24,24,24,24,24,24,24,24
91,910,-930.09,-929.3774,-886.3779,-889.7368,-939.6275,-951.5947,-826.0833,-263.6922,126.5921,238.0177,-96.72923,-698.5743,-1040.416,-866.0137,-886.3708,-938.0752,24,24,24,24,24,24,24,24,24,24,24,24,25,24,25,24,91,910,-939.2637,-916.2374,226.6683,-330.7566,-0.1329655,0.7363082,-0.7835621,-0.2607604,0.2588661,0.1300952,0.3942099,0.5388099,-1.151901,-0.5567268,-0.0008451964,-0.4520814,24,24,24,24,24,24,24,24,24,24,24,24,24,24,24,24
92,920,-921.7943,-913.7889,-914.9231,-872.9401,-857.9053,-913.7134,-843.0438,-293.2836,117.9215,228.049,-102.9004,-646.0169,-969.5958,-888.0906,-866.4592,-842.5336,24,24,24,24,24,24,24,24,24,24,24,24,25,24,25,24,92,920,-898.4437,-902.8157,220.6447,-339.0188,-0.2642856,-1.718094,-0.391765,0.5215014,-0.2588243,-0.2562149,0.1314172,-1.926374E-05,1.023782,0.2228188,-0.4825526,0.3390931,24,24,24,24,24,24,24,24,24,24,24,24,24,24,24,24
93,930,-878.5118,-862.4319,-877.7651,-895.9442,-876.4949,-874.2281,-810.3981,-284.0049,118.417,234.2025,-107.7662,-655.0927,-956.9792,-873.7705,-884.7016,-871.0876,24,24,24,24,24,24,24,24,24,24,24,24,25,24,25,24,93,930,-873.7368,-869.1298,221.1685,-333.7258,-0.2642856,-0.2454521,0.6530294,0.3911245,0.3882895,-0.2562149,-0.9197471,-0.6735533,0.3838765,-0.1112722,0.1195812,-1.695353,24,24,24,24,24,24,24,24,24,24,24,24,24,24,24,24
94,940,-864.5653,-869.8032,-843.3141,-845.0676,-869.9764,-872.624,-801.9816,-268.7077,120.6465,234.9409,-90.43938,-662.9078,-979.951,-816.6092,-835.3398,-893.0151,24,24,24,24,24,24,24,24,24,24,24,24,25,24,25,24,94,940,-965.4476,-944.6599,218.2877,-340.9552,-0.001645444,0.3681493,-0.5223635,0.2607475,-0.1294009,-1.286376,0.5256046,0.5388083,-0.3840129,3.692216E-05,0.2400081,-0.2260311,24,24,24,24,24,24,24,24,24,24,24,24,24,24,24,24
95,950,-878.9928,-890.9501,-894.7446,-854.4396,-854.2839,-937.8982,-851.7153,-284.3811,125.1057,230.8796,-98.5094,-671.4794,-1043.63,-916.4922,-886.9672,-901.6899,24,24,24,24,24,24,24,24,24,24,24,24,25,24,25,24,95,950,-896.8323,-904.6578,213.4427,-339.9225,0.6549574,0.1227068,0.9142264,-6.421245E-06,2.086905E-05,0.001325184,0.7883941,0.2693937,-0.5119932,-1.1136,-0.2416989,-0.4520814,24,24,24,24,24,24,24,24,24,24,24,24,24,24,24,24
96,960,-948.7255,-925.2688,-975.7047,-938.3007,-871.7871,-901.621,-846.7419,-303.1892,122.6284,240.6022,-101.951,-654.2103,-997.2097,-915.8955,-894.0018,-844.7021,24,24,24,24,24,24,24,24,24,24,24,24,25,24,25,24,96,960,-871.5885,-868.8666,217.633,-333.2094,-0.001645444,0.4908689,-0.7835621,-0.2607604,0.3882895,-0.5137558,-0.262767,0.4041018,-0.1280493,0.6682189,-0.0008455978,0.1130428,24,24,24,24,24,24,24,24,24,24,24,24,24,24,24,24
97,970,-864.8057,-882.9748,-860.1705,-879.0259,-888.3248,-865.7142,-806.1898,-285.7604,109.7463,233.4641,-95.4238,-664.0423,-974.7139,-870.9063,-893.0479,-916.027,24,24,24,24,24,24,24,24,24,24,24,24,25,24,25,24,97,970,-930.8043,-916.1058,220.121,-332.3058,0.5236365,-0.9817731,-0.2611665,-0.2607604,-0.5176679,-0.1274449,-0.3941649,-1.212381,-0.3840129,3.692216E-05,-1.566394,-0.2260311,24,24,24,24,24,24,24,24,24,24,24,24,24,24,24,24
98,980,-888.9717,-983.6857,-914.431,-893.5098,-947.2324,-992.1905,-857.7088,-273.4724,124.3625,228.4182,-113.1066,-710.2867,-1066.245,-895.7279,-892.8093,-925.1836,24,24,24,24,24,24,24,24,24,24,24,24,25,24,25,24,98,980,-865.9488,-881.3672,217.502,-332.6931,-0.7895676,0.1227068,-0.2611665,-6.421245E-06,-0.1294009,0.2588653,-0.7883492,0.2693937,1.151764,3.692216E-05,-0.1212724,-0.3390546,24,24,24,24,24,24,24,24,24,24,24,24,24,24,24,24
99,990,-910.2522,-921.3214,-951.9579,-908.846,-873.1149,-933.4561,-866.7628,-308.2047,117.426,229.6489,-115.2428,-664.7986,-1003.875,-941.3138,-910.3364,-885.9067,24,24,24,24,24,24,24,24,24,24,24,24,25,24,25,24,99,990,-914.154,-899.3945,219.4662,-337.2114,-0.1329655,0.2454296,3.210623E-05,0.1303705,0.3882895,-1.028836,-0.7883492,0.5388083,-0.5119932,0.5568552,-0.4825526,-0.7911552,24,24,24,24,24,24,24,24,24,24,24,24,24,24,24,24
100,1000,-917.7064,-899.8081,-917.876,-930.8762,-907.1558,-892.1199,-824.043,-286.5127,120.1511,238.3869,-116.9043,-684.2106,-991.3775,-891.5513,-902.4671,-898.1959,24,24,24,24,24,24,24,24,24,24,24,24,25,24,25,24,100,1000,-915.7653,-902.8157,217.3711,-332.8221,-0.1329655,-0.2454521,0.7836279,-0.2607604,2.086905E-05,0.001325184,0.7883941,0.8082213,0.8958007,-0.1113267,-0.2416989,0.4521167,24,24,24,24,24,24,24,24,24,24,24,24,24,24,24,24
101,1010,-872.8611,-879.5035,-853.5263,-850.0578,-884.2205,-920.8702,-826.7209,-273.5978,121.6375,231.1258,-100.6456,-677.1517,-1008.398,-855.7509,-853.3439,-883.2563,24,24,24,24,24,24,24,24,24,24,24,24,25,24,25,24,101,1010,-892.267,-906.2369,216.3235,-337.5987,0.1296754,0.1227068,-0.5223635,-0.7822682,-0.3882461,0.1300952,-0.3941649,0.2693937,-6.902839E-05,-0.3340541,-0.7234063,-0.3390546,24,24,24,24,24,24,24,24,24,24,24,24,24,24,24,24
102,1020,-885.0042,-881.7997,-925.1354,-904.7076,-865.51,-899.1532,-834.1172,-292.7821,121.142,232.1103,-116.3109,-672.1097,-1011.612,-936.7791,-913.4365,-885.5453,24,24,24,24,24,24,24,24,24,24,24,24,25,24,25,24,102,1020,-875.4825,-902.8157,216.9783,-335.1459,0.2609963,-1.104493,-0.7835621,0.3911245,0.2588661,0.1300952,0.2628151,-1.077674,0.3838765,3.692216E-05,-0.6029794,0.4521167,24,24,24,24,24,24,24,24,24,24,24,24,24,24,24,24
103,1030,-888.1301,-876.2402,-897.9437,-918.0961,-909.4494,-887.9246,-823.9154,-292.2805,116.9306,239.3714,-101.4763,-650.3027,-971.1431,-907.184,-911.171,-893.3766,24,24,24,24,24,24,24,24,24,24,24,24,25,24,25,24,103,1030,-938.7266,-931.7645,223.3946,-331.5312,-0.3956065,-0.2454521,0.2611777,0.2607475,2.086905E-05,-0.6425259,-1.313931,-1.926374E-05,0.5118567,-0.4454177,0.3604349,-0.6781285,24,24,24,24,24,24,24,24,24,24,24,24,24,24,24,24
104,1040,-899.9126,-900.775,-863.3695,-870.7492,-914.64,-921.4871,-819.5796,-273.974,114.3294,228.049,-109.5463,-707.1382,-1034.227,-886.8972,-923.4517,-992.1713,24,24,24,24,24,24,24,24,24,24,24,24,25,24,25,24,104,1040,-982.6349,-958.8711,224.966,-337.2114,-0.3956065,-0.1227325,-2.086905E-05,0.3911245,-0.5176679,-1.543917,-0.1313723,0.1346872,-0.5119932,0.4454916,-0.7234063,-0.3390546,24,24,24,24,24,24,24,24,24,24,24,24,24,24,24,24
105,1050,-963.6339,-976.9176,-952.9422,-919.1915,-960.7523,-1006.504,-874.6693,-286.1366,119.5318,232.1103,-110.8518,-712.4277,-1073.029,-905.1553,-913.4365,-938.9185,24,24,24,24,24,24,24,24,24,24,24,24,25,24,25,24,105,1050,-917.108,-917.4216,219.99,-335.5331,0.5236365,0.1227068,1.175372,-0.2607604,-0.6470914,0.001325184,0.3942099,-0.5388469,0.1279128,-0.6681451,-0.7234063,-0.1130075,24,24,24,24,24,24,24,24,24,24,24,24,24,24,24,24
106,1060,-920.4717,-923.376,-928.2112,-894.7271,-888.9282,-931.2351,-851.9703,-289.522,122.6284,228.6643,-111.9199,-677.5298,-1023.157,-909.3321,-886.1325,-867.955,24,24,24,24,24,24,24,24,24,24,24,24,25,24,25,24,106,1060,-933.6241,-952.1603,221.0376,-335.275,0.1296754,0.3681493,-0.7836167,-0.5215143,1.035402,0.001325184,0.2628151,0.8082213,-0.1280493,0.4454916,0.2400081,0.2260696,24,24,24,24,24,24,24,24,24,24,24,24,24,24,24,24
107,1070,-902.5575,-887.4802,-907.5406,-901.6647,-874.8049,-855.4727,-802.2366,-288.1428,109.8702,223.4953,-135.4178,-693.9147,-979.5939,-900.8593,-914.3903,-908.0754,24,24,24,24,24,24,24,24,24,24,24,24,25,24,25,24,107,1070,-924.2247,-906.8948,217.2401,-338.5024,0.6549574,-1.284249E-05,0.6529748,0.9126323,0.1294443,0.001325184,-0.5255597,-1.077674,-0.2560311,0.4454916,-0.8438327,0.1130428,24,24,24,24,24,24,24,24,24,24,24,24,24,24,24,24
108,1080,-911.5747,-901.2585,-891.5454,-916.7574,-960.9937,-944.8082,-837.8153,-292.6567,100.9519,224.4799,-105.63,-690.3871,-1034.108,-886.3005,-900.9172,-922.0511,24,24,24,24,24,24,24,24,24,24,24,24,25,24,25,24,108,1080,-895.6239,-888.3413,215.4069,-334.7586,-0.7895676,0.3681493,0.1305776,-0.5215143,-0.3882461,-0.900066,-0.262767,-1.926374E-05,-6.902839E-05,-0.5567814,0.4808614,-0.9041788,24,24,24,24,24,24,24,24,24,24,24,24,24,24,24,24
109,1090,-897.1472,-911.7733,-897.5744,-870.1406,-887.359,-937.6514,-846.2318,-277.3595,126.8398,227.5567,-116.5482,-701.471,-1041.844,-887.6133,-875.2823,-908.9186,24,24,24,24,24,24,24,24,24,24,24,24,25,24,25,24,109,1090,-931.6099,-936.2385,228.2396,-328.691,0.9175984,0.4908689,0.2611777,0.6518784,0.1294443,-0.7712959,2.247436E-05,0.4041018,0.2558914,0.5568552,-1.084686,-0.4520814,24,24,24,24,24,24,24,24,24,24,24,24,24,24,24,24
110,1100,-912.4163,-895.578,-918.2451,-901.1779,-873.3564,-894.4644,-829.7814,-295.9168,119.5318,233.8332,-112.1572,-658.7481,-984.2361,-938.5691,-922.021,-888.3164,24,24,24,24,24,24,24,24,24,24,24,24,25,24,25,24,110,1100,-954.5712,-975.5825,228.3706,-331.273,-0.001645444,-0.4908914,-0.1306194,-0.9126452,-0.5176679,0.001325184,0.2628151,-1.926374E-05,-0.3840145,-0.6681482,-0.3621261,0.2260696,24,24,24,24,24,24,24,24,24,24,24,24,24,24,24,24
111,1110,-936.1014,-911.7733,-903.9725,-937.9356,-930.9362,-887.6778,-814.8613,-291.779,106.402,224.726,-134.1124,-708.2717,-1006.256,-906.11,-930.4866,-925.9065,24,24,24,24,24,24,24,24,24,24,24,24,25,24,25,25,111,1110,-998.2111,-961.7661,224.835,-336.0495,-0.1329655,1.10447,-0.2612195,-0.2607604,0.2588661,0.001325184,-0.1313723,0.5388083,-0.8959403,-0.2226936,-0.3621257,-0.2260311,24,24,24,24,24,24,24,24,24,24,24,24,24,24,24,24
112,1120,-928.527,-930.0234,-894.0063,-878.2955,-909.9323,-930.0012,-832.842,-278.2372,114.8248,223.2492,-107.8848,-685.7232,-1020.063,-866.1331,-860.9747,-894.2198,24,24,24,24,24,24,24,24,24,24,24,24,25,24,25,25,112,1120,-992.1686,-1011.242,221.2995,-336.4368,-0.1329655,-1.718094,-0.2612195,-0.1303834,-0.9059366,-0.2562149,-0.7883492,-1.077674,-0.5119964,0.4454883,-0.4825526,0.1130492,24,24,24,24,24,24,24,24,24,24,24,24,24,24,24,24
113,1130,-906.2846,-901.5001,-926.4887,-908.4807,-874.5635,-882.2486,-832.842,-302.3116,112.3475,230.1411,-106.8168,-648.79,-966.5011,-938.5691,-924.1672,-900.967,24,24,24,24,24,24,24,24,24,24,24,24,25,24,25,25,113,1130,-910.6628,-981.5038,221.5614,-331.6602,-0.2642856,-0.1227325,0.5223764,0.2607475,1.035402,0.2588653,-0.7883492,-1.926374E-05,0.1279112,3.371154E-05,0.6012883,-0.2260246,24,24,24,24,24,24,24,24,24,24,24,24,24,24,24,24
114,1140,-926.4831,-940.2966,-932.2715,-965.1997,-956.0444,-917.1685,-839.6006,-302.0608,103.0576,224.726,-125.3303,-706.2567,-1016.492,-901.9333,-925.598,-936.1474,24,24,24,24,24,24,24,24,24,24,24,24,25,24,25,25,114,1140,-926.5075,-943.7388,222.478,-334.6294,-0.001645444,0.4908689,-0.6530166,-0.3911373,-0.9059366,-0.6425259,0.2628151,-1.926374E-05,0.2558914,3.371154E-05,-0.4825526,-0.1130011,24,24,24,24,24,24,24,24,24,24,24,24,24,24,24,24
115,1150,-903.2789,-931.4737,-908.8941,-900.6909,-940.4725,-957.3941,-846.3593,-279.491,122.0091,233.5871,-106.9354,-680.303,-1004.351,-856.7057,-853.1054,-872.7744,24,24,24,24,24,24,24,24,24,24,24,24,25,24,25,25,115,1150,-982.9035,-964.5294,225.6207,-329.982,0.9175984,0.6135885,0.7835749,-0.7822682,0.7765566,0.001325184,0.2628151,0.5388083,-0.3840145,-1.336332,0.7217151,-0.1130011,24,24,24,24,24,24,24,24,24,24,24,24,24,24,24,24
116,1160,-887.6492,-882.2832,-893.8832,-881.5819,-856.8188,-864.4802,-818.0494,-297.923,108.0122,223.9876,-119.9899,-677.4038,-976.2612,-902.1721,-910.9324,-911.0873,24,24,24,24,24,24,24,24,24,24,24,24,25,24,25,25,116,1160,-871.5883,-886.1043,227.8467,-331.7894,-0.5269274,-0.9817731,-1.044815,-0.3911373,0.2588661,-0.6425259,0.2628151,-0.6735533,-0.5119964,0.4454883,0.2400081,-0.4520749,24,24,24,24,24,24,24,24,24,24,24,24,24,24,24,24
117,1170,-931.8934,-925.4307,-903.1112,-917.1226,-945.0596,-951.1011,-849.0372,-291.4028,111.8521,228.9104,-111.0891,-692.1516,-1015.302,-844.6528,-859.5439,-913.2559,24,24,24,24,24,24,24,24,24,24,24,24,25,24,25,25,117,1170,-892.8041,-901.105,226.1445,-337.986,0.1296241,-1.595374,0.6529748,0.6518784,0.6471347,0.001325184,-0.5255597,-0.6735533,0.7678172,-0.2226936,-0.4825526,0.7911969,24,24,24,24,24,24,24,24,24,24,24,24,24,24,24,24
118,1180,-957.3819,-952.6245,-957.1255,-913.7145,-896.6539,-941.8467,-857.0712,-300.4307,115.0726,224.2337,-116.5482,-662.7818,-972.3334,-905.394,-890.5439,-860.1237,24,24,24,24,24,24,24,24,24,24,24,24,25,24,25,25,118,1180,-934.1613,-935.9753,223.1327,-334.6295,-1.840183,-0.7362825,-0.391818,-1.043022,2.086905E-05,-0.7712959,-0.1313723,0.1346872,-0.2560327,-0.5567846,-0.0008451964,-1.243249,24,24,24,24,24,24,24,24,24,24,24,24,24,24,24,24
119,1190,-878.2714,-871.8892,-875.9194,-906.655,-903.2932,-874.3515,-805.4247,-285.8858,111.3566,230.3873,-127.4665,-698.5744,-1007.684,-928.6644,-930.1288,-917.7138,24,24,24,24,24,24,24,24,24,24,24,24,25,24,25,25,119,1190,-990.2887,-965.8451,220.7757,-335.275,0.1296241,0.4909203,-0.5224181,0.6518784,-0.7765132,-0.7712959,0.1314172,0.4041018,-0.1280525,0.6682173,-0.2416989,-0.1130011,24,24,24,24,24,24,24,24,24,24,24,24,24,24,24,24
120,1200,-914.4603,-921.0797,-903.3572,-905.0728,-931.4192,-922.7211,-821.3649,-278.1118,112.9669,225.4645,-119.8712,-709.2792,-1025.3,-874.0092,-894.2401,-926.509,24,24,24,24,24,24,24,24,24,24,24,24,25,24,25,25,120,1200,-998.7481,-1004.268,216.8473,-337.7278,-0.1330169,-0.3681204,0.3917762,-0.9126484,-0.2588243,-0.6425259,-0.262767,-1.212381,0.5118551,-0.5567846,-0.1212724,0.5651466,24,24,24,24,24,24,24,24,24,24,24,24,24,24,24,24
121,1210,-911.3343,-915.8827,-906.9254,-878.2955,-891.7047,-933.7029,-843.2988,-277.7356,122.3806,229.0335,-107.6475,-690.6393,-1036.012,-889.5226,-884.344,-916.3885,24,24,24,24,24,24,24,24,24,24,24,24,25,24,25,25,121,1210,-939.2637,-980.8459,219.0733,-334.7586,-0.5269788,0.6136399,-1.175414,-0.5215175,0.7765566,0.6451755,1.051187,0.2693937,-0.7679585,3.371154E-05,0.4808614,0.1130492,24,24,24,24,24,24,24,24,24,24,24,24,24,24,24,24
122,1220,-898.4698,-909.1144,-944.9446,-912.7407,-884.8242,-940.983,-863.4473,-307.0762,114.8248,229.2797,-107.0541,-655.2187,-999.7093,-943.9391,-919.5172,-903.4971,24,24,24,24,24,24,24,24,24,24,24,24,25,24,25,25,122,1220,-909.8571,-914.0005,228.2396,-328.8201,-0.001696814,-1.349881,-0.1306194,0.1303673,-0.1294009,0.001376554,-0.5255597,-0.6735533,-0.3840145,-0.3340573,-0.8438327,0.3390996,24,24,24,24,24,24,24,24,24,24,24,24,24,24,24,24
123,1230,-944.9982,-918.1789,-953.9266,-957.41,-917.7786,-902.3614,-842.5337,-305.4462,111.1088,227.6798,-131.7389,-694.1666,-1011.374,-948.7125,-954.2135,-922.4125,24,24,24,24,24,24,24,24,24,24,24,24,25,24,25,25,123,1230,-967.7303,-945.3179,228.8943,-335.7914,-1.052261,0.1227582,0.2611777,-0.1303866,1.294247,-0.6424745,2.247436E-05,0.8082213,0.1279112,0.1113974,-0.2416989,-1.017199,24,24,24,24,24,24,24,24,24,24,24,24,24,24,24,24
124,1240,-926.7235,-916.6078,-907.2946,-959.2357,-974.9963,-918.8958,-829.9089,-289.2712,108.8793,227.6798,-134.2311,-733.7112,-1029.704,-883.5558,-919.2786,-963.2557,24,24,24,24,24,24,24,24,24,24,24,24,25,24,25,25,124,1240,-925.4333,-917.6849,222.6089,-341.8589,0.1296241,0.245481,-1.044815,0.5214983,-0.3882461,-1.672635,-0.1313723,0.2693408,-0.6399782,0.222761,-0.9642596,0.2260728,24,24,24,24,24,24,24,24,24,24,24,24,24,24,24,24
125,1250,-952.212,-958.9091,-917.999,-899.5955,-920.4343,-950.8543,-847.8896,-274.6009,123.3716,229.2797,-108.0035,-702.6044,-1050.89,-894.6541,-893.0479,-934.7017,24,24,24,24,24,24,24,24,24,24,24,24,25,24,25,25,125,1250,-893.4754,-895.7101,216.7163,-339.6642,-0.1330169,-0.2454007,0.1305776,-1.043025,0.9059799,0.2589166,0.1314172,0.6734618,-0.5119932,-1.113603,0.2400081,0.7911969,24,24,24,24,24,24,24,24,24,24,24,24,24,24,24,24
126,1260,-945.5995,-929.6607,-942.4839,-910.5499,-917.5372,-976.89,-876.4545,-297.0453,122.1329,234.3256,-111.8012,-685.7231,-1031.608,-913.5089,-894.1209,-882.1718,24,24,24,24,24,24,24,24,24,24,24,24,25,24,25,25,126,1260,-905.1575,-930.5803,217.6329,-337.0823,0.3922651,-0.3681204,-1.436612,-0.1303866,-0.2588243,-0.6424745,-0.1313723,-0.8083144,-0.2560311,-0.2226936,-0.1212724,-0.7911488,24,24,24,24,24,24,24,24,24,24,24,24,24,24,24,24
127,1270,-894.2618,-894.4902,-915.6613,-919.1917,-890.1354,-873.9813,-826.3383,-305.5716,107.5167,223.9877,-125.6863,-687.3619,-998.1619,-928.0676,-935.0172,-913.0151,24,24,24,24,24,24,24,24,24,24,24,24,25,24,25,25,127,1270,-929.73,-919.5271,219.3352,-336.9532,-0.3956579,-0.8590021,-2.086905E-05,1.30376,0.6471347,0.3876867,-1.051142,0.6734618,-0.1280493,0.1113974,0.1195812,0.5651466,24,24,24,24,24,24,24,24,24,24,24,24,24,24,24,24
128,1280,-909.1702,-917.9373,-903.2343,-901.6647,-917.4166,-917.9087,-818.3044,-270.7139,122.2568,231.7411,-108.8343,-692.1515,-1012.683,-861.3597,-873.6131,-907.3525,24,24,24,24,24,24,24,24,24,24,24,24,25,24,25,25,128,1280,-964.9105,-955.1866,225.3588,-332.6931,-0.9209399,-0.49084,-0.1306194,-0.6518945,0.9059799,0.001376554,-0.1313723,0.2693408,0.2558947,-0.4454209,0.2400081,-1.130223,24,24,24,24,24,24,24,24,24,24,24,24,24,24,24,24
129,1290,-901.235,-921.8048,-941.4996,-917.9745,-928.1599,-1003.789,-886.5287,-297.6722,121.3897,232.4795,-105.5113,-688.8745,-1052.2,-901.2173,-875.4015,-898.4367,24,24,24,24,24,24,24,24,24,24,24,24,25,24,25,25,129,1290,-940.6065,-965.7136,226.9301,-335.7914,0.3922651,0.6136399,-0.5224181,-0.1303866,-0.2588243,-0.1273935,0.2628151,-0.2694868,-0.1280493,3.371154E-05,-0.4825526,0.4521231,24,24,24,24,24,24,24,24,24,24,24,24,24,24,24,24
130,1300,-916.384,-899.1673,-980.2571,-959.8443,-900.7581,-928.1502,-857.4537,-312.5933,113.4623,227.9259,-131.9762,-688.6224,-1031.132,-1018.642,-986.1674,-928.6776,24,24,24,24,24,24,24,24,24,24,24,24,25,24,25,25,130,1300,-898.041,-918.4744,219.3352,-339.1479,0.1296241,-0.3681204,-0.2612195,-1.173402,0.5177113,0.3876867,-0.262767,0.4040473,-0.3840129,-1.336332,-0.4825526,2.568498E-05,24,24,24,24,24,24,24,24,24,24,24,24,24,24,24,24
131,1310,-997.5384,-965.871,-956.8796,-1003.175,-999.0182,-930.9882,-835.6474,-293.0328,110.8611,231.7411,-133.9937,-725.5252,-1030.537,-915.8955,-950.5172,-973.4966,24,24,24,24,24,24,24,24,24,24,24,24,25,24,25,25,131,1310,-941.2778,-919.3956,215.5378,-339.5351,0.917547,-0.3681204,-0.7836167,0.2607443,0.3882895,-0.6424745,0.7883941,0.4040473,0.3838765,0.556852,-0.0008451964,-0.1130011,24,24,24,24,24,24,24,24,24,24,24,24,24,24,24,24
132,1320,-952.4525,-974.0881,-927.8422,-898.6218,-964.3737,-1042.658,-892.65,-284.6319,125.1057,234.6948,-112.1572,-732.074,-1104.452,-932.2443,-929.1749,-978.1954,24,24,24,24,24,24,24,24,24,24,24,24,25,24,25,25,132,1320,-958.0624,-962.0291,218.2877,-338.5023,-0.001696814,-1.349881,-0.1306194,0.2607443,-0.1294009,0.1301466,-0.6569544,-7.223901E-05,0.1279128,-0.3340573,-0.7234063,-0.9041756,24,24,24,24,24,24,24,24,24,24,24,24,24,24,24,24
133,1330,-943.0748,-993.5434,-1007.818,-908.8458,-877.702,-997.7432,-915.0938,-310.4617,128.9455,232.8487,-116.1922,-692.1515,-1066.84,-984.7514,-948.1326,-933.1355,24,24,24,24,24,24,24,24,24,24,24,24,25,24,25,25,133,1330,-983.1721,-1027.296,222.347,-334.1131,-0.3956579,-0.2454007,-2.086905E-05,-0.1303866,0.6471347,-0.2561635,-0.1313723,0.4040473,0.5118567,-0.11133,0.1195812,-0.1130011,24,24,24,24,24,24,24,24,24,24,24,24,24,24,24,24
134,1340,-973.7331,-929.7398,-951.4658,-958.1402,-919.2271,-925.1888,-851.4602,-309.8348,113.71,231.7411,-128.8906,-681.3113,-999.9473,-959.2139,-948.9673,-893.3766,24,24,24,24,24,24,24,24,24,24,24,24,25,24,25,25,134,1340,-914.1541,-941.6334,224.5731,-338.5023,-0.3956579,0.3682006,-0.2612195,-0.3911405,-1.164782,-0.9000146,-0.3941649,0.1346343,-6.902839E-05,-0.4454209,-1.205113,-0.4520749,24,24,24,24,24,24,24,24,24,24,24,24,24,24,24,24
135,1350,-939.8286,-942.0656,-919.2294,-944.8734,-955.5616,-929.1373,-838.0704,-293.9106,112.843,237.2793,-108.5969,-694.6703,-1020.182,-887.4939,-904.7324,-911.8102,24,24,24,24,24,24,24,24,24,24,24,24,25,24,25,25,135,1350,-877.4967,-889.7888,225.3588,-336.5659,0.3922651,0.245481,0.3917762,-1.173402,-0.2588243,-0.2561635,0.1314172,0.9428748,-0.3840129,-0.11133,0.1195812,-0.4520749,24,24,24,24,24,24,24,24,24,24,24,24,24,24,24,24
136,1360,-889.8134,-895.1796,-879.8568,-863.3246,-873.9598,-911.4923,-834.8823,-281.121,121.5136,233.341,-94.35571,-681.8156,-1030.894,-868.7584,-866.4592,-908.6776,24,24,24,24,24,24,24,24,24,24,24,24,25,24,25,25,136,1360,-957.3912,-935.8436,224.704,-337.2114,-0.001696814,-0.1226811,-0.9142152,-0.5215175,0.2588661,-0.5137036,0.1314172,0.2693408,-6.902839E-05,-0.3340573,-0.7234063,-0.9041756,24,24,24,24,24,24,24,24,24,24,24,24,24,24,24,24
137,1370,-929.0079,-928.7731,-943.4683,-914.4447,-896.2916,-938.8853,-868.1656,-305.697,117.7976,231.1258,-112.5132,-674.5046,-1023.753,-958.0205,-936.6864,-925.7861,24,24,24,24,24,24,24,24,24,24,24,24,25,24,25,25,137,1370,-967.059,-969.9243,218.8114,-343.1498,0.260945,-1.104441,0.1305776,0.7822522,-1.035357,-0.2561635,-0.9197471,-0.2694868,-0.2560311,0.8909446,-0.7234063,-0.2260246,24,24,24,24,24,24,24,24,24,24,24,24,24,24,24,24
138,1380,-932.735,-923.8187,-945.437,-955.5843,-925.0214,-919.1425,-856.4335,-311.7156,116.1874,232.8487,-128.4159,-690.261,-1041.13,-1013.153,-984.2597,-933.1355,24,24,24,24,24,24,24,24,24,24,24,24,25,24,25,25,138,1380,-956.854,-1003.347,219.5971,-336.695,-0.5269788,0.3682006,0.3917762,-0.9126484,0.2588677,-1.415095,-0.1313723,0.5387554,-0.3840129,-0.2226936,-0.1212724,-1.356273,24,24,24,24,24,24,24,24,24,24,24,24,24,24,24,24
139,1390,-983.9525,-974.813,-946.6674,-994.046,-996.6038,-939.0087,-843.5538,-294.6629,112.3475,232.9717,-132.0949,-722.7545,-1026.133,-935.4664,-980.3251,-981.6893,24,24,24,24,24,24,24,24,24,24,24,24,25,24,25,25,139,1390,-933.7585,-916.2374,226.6682,-332.5639,-0.264337,0.3682006,-0.5224181,0.2607443,-0.1293993,-0.7712442,0.3942035,0.1346343,-0.2560311,-0.2226936,-0.3621257,-0.1130011,24,24,24,24,24,24,24,24,24,24,24,24,24,24,24,24
140,1400,-974.9353,-974.6923,-932.0256,-936.8402,-985.4982,-1012.55,-863.4473,-276.2309,117.3022,231.8641,-109.1903,-732.8296,-1091.597,-881.0499,-912.3632,-969.1594,24,24,24,24,24,24,24,24,24,24,24,24,25,24,25,25,140,1400,-910.3944,-915.3164,229.1562,-335.5331,1.048867,-0.2454007,0.3917762,-1.043025,-0.6470898,0.5164568,0.3942035,0.1346872,0.1279128,-0.3340573,-0.602979,0.9042237,24,24,24,24,24,24,24,24,24,24,24,24,24,24,24,24
141,1410,-963.5136,-972.6381,-973.3669,-907.6288,-887.1176,-972.5712,-890.6096,-305.0701,122.8761,230.0181,-115.2428,-698.1965,-1071.482,-951.3378,-924.0479,-916.1476,24,24,24,24,24,24,24,24,24,24,24,24,25,24,25,25,141,1410,-956.7197,-988.7411,227.5849,-334.7585,0.3922651,0.1227582,-0.2612195,-0.2607636,0.5177129,-0.3849336,1.926374E-05,-1.926374E-05,-0.7679585,0.3341247,-0.1212724,-0.4520749,24,24,24,24,24,24,24,24,24,24,24,24,24,24,24,24
142,1420,-932.6148,-930.5857,-953.0654,-944.5083,-897.8611,-907.0502,-846.9969,-307.7032,115.4442,228.6643,-130.4334,-684.5887,-1009.231,-955.3952,-947.4172,-906.2682,24,24,24,24,24,24,24,24,24,24,24,24,25,24,25,25,142,1420,-914.2883,-903.6053,226.0135,-334.2422,-0.1330169,-0.6135596,0.7835749,0.7822522,-0.5176663,-0.2561635,-1.313938,-0.6735533,0.1279112,0.3341279,0.3604349,2.568498E-05,24,24,24,24,24,24,24,24,24,24,24,24,24,24,24,24
143,1430,-946.3209,-933.486,-904.2186,-941.1002,-948.5604,-902.1146,-822.8953,-292.0298,107.7645,229.4027,-140.7583,-728.5477,-1032.917,-950.9799,-982.7097,-966.5087,24,24,24,24,24,24,24,24,24,24,24,24,25,24,25,25,143,1430,-896.5638,-897.947,225.0969,-333.8549,-1.314901,-0.2454007,0.6529748,-0.2607636,2.247436E-05,-0.3849336,1.926374E-05,0.9429294,1.023779,-0.3340541,0.1195812,-1.017199,24,24,24,24,24,24,24,24,24,24,24,24,24,24,24,24
144,1440,-971.8094,-992.9391,-916.3995,-906.655,-955.9237,-968.0056,-846.2318,-273.0963,120.0272,229.895,-113.344,-707.516,-1038.75,-874.7252,-880.1709,-902.8946,24,24,24,24,24,24,24,24,24,24,24,24,25,24,25,25,144,1440,-897.3694,-891.8942,224.5731,-333.2094,0.5235851,0.4909203,-0.391818,0.3911213,-0.6470898,-0.5137036,-0.3941681,-1.926374E-05,-7.06337E-05,-0.1113267,-1.566393,-0.4520814,24,24,24,24,24,24,24,24,24,24,24,24,24,24,24,24
145,1450,-885.6053,-900.9799,-907.9099,-901.2996,-903.2932,-938.8853,-852.7354,-293.0328,119.0363,230.2642,-111.0891,-683.4542,-1022.8,-900.5014,-893.1671,-905.6657,24,24,24,24,24,24,24,24,24,24,24,24,25,24,25,25,145,1450,-920.7335,-922.2903,228.7634,-326.2382,0.1296241,-0.2454007,0.2611777,-0.6518945,0.5177129,0.6452268,1.926374E-05,0.4041018,0.3838733,-0.7795087,-0.0008451964,1.017241,24,24,24,24,24,24,24,24,24,24,24,24,24,24,24,24
146,1460,-927.6854,-923.6979,-963.1547,-955.2191,-904.5001,-930.9882,-871.3536,-316.3549,115.9396,228.7874,-129.9587,-683.4542,-1011.255,-957.9012,-946.5826,-918.5571,24,24,24,24,24,24,24,24,24,24,24,24,25,24,25,25,146,1460,-893.4754,-907.816,235.5726,-326.8837,0.7862269,0.1227582,-0.7836167,-0.5215175,0.3882911,-0.3849336,1.313973,-0.6735533,-1.023922,-0.8908724,-0.4825526,-0.4520814,24,24,24,24,24,24,24,24,24,24,24,24,24,24,24,24
147,1470,-944.9984,-935.0568,-933.748,-942.074,-943.3697,-934.4432,-842.7887,-294.2867,111.9759,232.4795,-120.9393,-690.5131,-992.9248,-909.9288,-936.2096,-937.1113,24,24,24,24,24,24,24,24,24,24,24,24,25,24,25,25,147,1470,-941.8149,-929.0012,233.2156,-326.6255,0.654906,-0.8590021,0.1305776,0.7822522,-1.16478,-0.6424745,-0.5255661,-0.8082598,1.023779,0.8909462,-0.2416989,0.5651435,24,24,24,24,24,24,24,24,24,24,24,24,24,24,24,24
148,1480,-952.5728,-970.2212,-901.6347,-921.139,-986.5848,-983.0595,-851.4602,-277.4848,117.0544,232.4795,-112.0385,-719.2283,-1053.985,-909.8094,-925.3594,-960.4846,24,24,24,24,24,24,24,24,24,24,24,24,25,24,25,25,148,1480,-917.3766,-906.5001,234.3941,-328.4328,-1.052261,0.3682006,1.436571,0.2607443,0.2588677,-0.3849336,-0.7883556,-0.1347257,-0.1280525,0.5568552,0.3604349,1.926374E-05,24,24,24,24,24,24,24,24,24,24,24,24,24,24,24,24
149,1490,-939.1071,-960.554,-927.2269,-910.4282,-957.7345,-1015.635,-888.6968,-290.9013,115.6919,225.9568,-110.021,-722.3768,-1093.025,-917.8049,-923.5711,-962.6533,24,24,24,24,24,24,24,24,24,24,24,24,25,24,25,25,149,1490,-887.9701,-890.8414,226.6683,-333.3385,-0.1329655,0.245481,-0.1306194,0.5214983,-0.5176663,-0.9000146,-0.6569608,-0.1347257,0.1279112,0.2227642,-0.4825526,-0.1130075,24,24,24,24,24,24,24,24,24,24,24,24,24,24,24,24
150,1500,-953.4144,-930.8275,-972.5056,-930.2677,-889.894,-919.266,-853.7556,-299.9292,121.6375,228.172,-124.0249,-682.6979,-1011.136,-939.4044,-917.2518,-896.1477,24,24,24,24,24,24,24,24,24,24,24,24,25,24,25,25,150,1500,-843.7933,-832.549,219.99,-330.4984,0.9175984,0.1227582,0.5223764,-1.173402,0.1294459,0.2589166,-0.1313787,0.5388083,-0.3840145,-0.2226904,-0.0008451964,0.3390931,24,24,24,24,24,24,24,24,24,24,24,24,24,24,24,24
151,1510,-920.592,-898.684,-909.8784,-938.6659,-922.0035,-890.3924,-816.9017,-286.5127,113.0907,228.4182,-138.9781,-723.762,-1021.848,-916.7309,-944.198,-967.2316,24,24,24,24,24,24,24,24,24,24,24,24,25,24,25,25,151,1510,-886.3588,-865.0507,227.8468,-324.0436,0.3923164,3.852747E-05,-0.5224181,-0.2607636,2.247436E-05,-0.3849336,0.3942035,-0.2694322,-1.023922,3.692216E-05,-0.0008451964,-1.017206,24,24,24,24,24,24,24,24,24,24,24,24,24,24,24,24
152,1520,-970.9678,-981.5801,-943.8373,-927.955,-959.4245,-983.9233,-862.2996,-286.8889,111.6043,227.6797,-118.2097,-727.918,-1071.005,-900.024,-925.598,-1009.761,24,24,24,24,24,24,24,24,24,24,24,24,25,24,25,25,152,1520,-944.5005,-923.0798,231.2514,-328.5619,-0.001645444,-0.3681204,0.2611777,0.7822554,-0.1293993,0.1301466,-0.3941681,-0.2694322,0.5118551,3.692216E-05,-0.3621257,1.926374E-05,24,24,24,24,24,24,24,24,24,24,24,24,24,24,24,24
153,1530,-1000.304,-1018.436,-988.5007,-929.2939,-970.0472,-1044.632,-904.8921,-292.5313,118.5408,228.6643,-104.3246,-727.0365,-1124.091,-959.6912,-953.2596,-990.0026,24,24,24,24,24,24,24,24,24,24,24,24,25,24,25,25,153,1530,-944.0977,-965.4504,234.3941,-325.0763,-0.2642856,0.3682006,0.2611777,0.1303705,0.7765581,-1.672635,-0.9197503,0.2693937,0.2558914,-0.5567814,-0.2416989,-1.243253,24,24,24,24,24,24,24,24,24,24,24,24,24,24,24,24
154,1540,-996.817,-1002.848,-1000.189,-954.854,-925.2628,-972.4479,-884.616,-307.954,117.426,228.4182,-117.9724,-684.0845,-1019.944,-910.4061,-894.1209,-877.473,24,24,24,24,24,24,24,24,24,24,24,24,25,24,25,25,154,1540,-928.9244,-969.2664,232.8228,-329.2074,0.5236365,3.852747E-05,-0.391818,0.9126323,-0.1293993,-0.384985,0.2628087,-0.8082598,-0.3840145,0.3341279,-1.32554,-0.4520814,24,24,24,24,24,24,24,24,24,24,24,24,24,24,24,24
155,1550,-898.59,-897.113,-901.2656,-908.1155,-883.6169,-869.2925,-823.7879,-297.9229,110.3656,227.8028,-126.8731,-682.0677,-981.2603,-909.3321,-915.9402,-900.1235,24,24,24,24,24,24,24,24,24,24,24,24,25,24,25,25,155,1550,-943.4262,-933.4752,222.2161,-333.4676,0.5236365,0.7363595,-0.1306194,-1.434153,0.3882911,0.001325184,-1.182537,-1.926374E-05,-0.3840145,-0.7795087,0.2400081,0.5651435,24,24,24,24,24,24,24,24,24,24,24,24,24,24,24,24
156,1560,-916.7446,-916.6892,-897.9435,-917.2442,-953.1474,-930.0011,-833.4796,-288.1428,110.6134,227.6797,-137.6727,-735.9781,-1041.487,-929.1417,-960.8904,-991.5688,24,24,24,24,24,24,24,24,24,24,24,24,25,24,25,25,156,1560,-925.4333,-917.4216,219.5972,-325.98,0.2609963,3.852747E-05,-0.1306194,0.7822554,0.5177129,-0.384985,0.6569993,-0.5388469,-0.2560327,0.2227642,-0.1212724,-0.6781285,24,24,24,24,24,24,24,24,24,24,24,24,24,24,24,24
157,1570,-985.8762,-976.8674,-943.3452,-911.8888,-955.9238,-1016.869,-883.851,-282.1241,126.7159,236.2946,-104.0872,-710.2866,-1091.121,-926.397,-918.0864,-946.8702,24,24,24,24,24,24,24,24,24,24,24,24,25,24,25,25,157,1570,-883.0019,-895.3152,225.7516,-320.6871,-0.3956065,-1.104441,-0.2612195,0.3911245,-0.3882445,-0.5137558,-1.708119,-0.6735533,0.1279128,-0.1113267,-0.2416989,-0.2260311,24,24,24,24,24,24,24,24,24,24,24,24,24,24,24,24
158,1580,-968.6835,-954.2704,-970.1678,-932.3369,-918.3821,-989.4758,-909.6103,-327.8905,111.852,229.7719,-119.3965,-707.8938,-1091.359,-993.5822,-970.9059,-974.822,24,24,24,24,24,24,24,24,24,24,24,24,25,24,25,25,158,1580,-854.9382,-846.3654,229.5491,-326.2382,-0.6582475,-0.1226811,0.5223764,0.5215014,1.294249,-0.2562149,-0.1313723,0.8082213,0.2558947,0.5569098,-0.4825526,-1.243253,24,24,24,24,24,24,24,24,24,24,24,24,24,24,24,24
159,1590,-975.6567,-946.5366,-942.2379,-945.3602,-922.7278,-904.0889,-834.2447,-289.6474,120.1511,235.3101,-124.9743,-703.6119,-1005.185,-894.4154,-910.6941,-923.6174,24,24,24,24,24,24,24,24,24,24,24,24,25,24,25,25,159,1590,-1032.989,-1000.452,229.4182,-324.1727,-0.3956065,0.1227582,-0.5224181,-0.6518912,-1.682471,0.001325184,0.3942099,0.1346872,0.2558947,-0.2226358,-1.32554,-0.1130075,24,24,24,24,24,24,24,24,24,24,24,24,24,24,24,24
160,1600,-897.7485,-918.1393,-885.6395,-884.6247,-919.4686,-949.2502,-840.2382,-274.4755,126.2205,235.0639,-116.3109,-718.4727,-1055.889,-909.6901,-919.7556,-946.2679,24,24,24,24,24,24,24,24,24,24,24,24,25,24,25,25,160,1600,-935.6382,-935.7121,232.168,-323.269,0.1296754,0.3682006,0.5223764,-0.9126452,2.247436E-05,0.5164054,-1.051142,0.9429294,-0.639975,0.3341825,0.4808614,0.678167,24,24,24,24,24,24,24,24,24,24,24,24,24,24,24,24
161,1610,-948.0041,-979.7676,-947.5285,-897.2831,-940.9554,-1027.11,-901.3215,-297.6722,119.284,233.9563,-109.665,-718.3467,-1084.455,-909.8094,-903.5401,-933.0149,24,24,24,24,24,24,24,24,24,24,24,24,25,24,25,25,161,1610,-880.8536,-890.973,228.7634,-324.4308,0.9175984,-0.6135596,-0.2612195,-0.1303834,-0.1293993,-0.7712959,-0.5255597,-1.347087,-0.2560311,-0.1112722,-0.7234063,-0.1130075,24,24,24,24,24,24,24,24,24,24,24,24,24,24,24,24
162,1620,-945.4792,-924.302,-974.9664,-933.7974,-904.0173,-924.4484,-857.1987,-295.5406,127.583,239.1253,-112.9879,-696.8112,-1047.558,-919.4756,-906.4016,-917.1113,24,24,24,24,24,24,24,24,24,24,24,24,25,24,25,25,162,1620,-831.8427,-827.1539,222.2161,-328.3037,-0.2642856,3.852747E-05,0.6529748,0.5215014,2.247436E-05,0.5164054,0.2628151,-0.2694322,0.5118567,0.2228188,-0.4825526,-0.1130075,24,24,24,24,24,24,24,24,24,24,24,24,24,24,24,24
163,1630,-919.9908,-900.859,-936.701,-917.9745,-869.9764,-889.1585,-832.7145,-292.7821,125.8489,235.3101,-121.058,-671.4793,-975.5471,-886.4199,-883.2708,-865.3044,24,24,24,24,24,24,24,24,24,24,24,24,25,24,25,25,163,1630,-882.7333,-874.9194,224.3112,-322.3653,-0.2642856,0.245481,-2.086905E-05,0.2607475,-0.3882445,-1.415146,-0.262767,0.1346872,-0.3840129,0.2228188,-1.084686,-0.6781285,24,24,24,24,24,24,24,24,24,24,24,24,24,24,24,24
164,1640,-863.9642,-871.2533,-853.6494,-864.4202,-890.1354,-884.8397,-811.5457,-276.7325,118.0453,240.8483,-95.54247,-690.1349,-1018.039,-884.6299,-908.1901,-949.039,24,24,24,24,24,24,24,24,24,24,24,24,25,24,25,25,164,1640,-908.3801,-917.29,228.5015,-320.1707,0.1296754,0.1227582,0.3917762,-0.1303834,-0.1293993,0.1300952,0.2628151,-0.4041404,1.279745,-0.2226358,0.3604349,0.2260696,24,24,24,24,24,24,24,24,24,24,24,24,24,24,24,24
165,1650,-928.7675,-929.0147,-905.9412,-882.3122,-915.3643,-961.3425,-850.1849,-270.9647,131.6706,240.1098,-106.4607,-712.5535,-1050.89,-881.1693,-889.3517,-934.0992,24,24,24,24,24,24,24,24,24,24,24,24,25,24,25,25,165,1650,-911.0657,-889.5256,231.1205,-323.7854,0.1296241,0.4909203,-1.044815,-0.6518912,2.247436E-05,-0.7712959,2.247436E-05,-1.926374E-05,-1.279881,0.1114552,0.3604349,-0.7911552,24,24,24,24,24,24,24,24,24,24,24,24,24,24,24,24
166,1660,-920.2313,-949.7992,-952.8193,-901.2996,-895.326,-963.4402,-874.4142,-291.5282,131.4229,239.8637,-103.6125,-678.9164,-1044.582,-955.5145,-917.8479,-915.6656,24,24,24,24,24,24,24,24,24,24,24,24,25,24,25,25,166,1660,-921.405,-898.0787,229.5491,-324.6891,0.1296241,-1.472655,0.5223764,0.2607475,-0.2588227,-0.2562149,0.5256046,-1.926374E-05,0.2558947,-0.3339995,0.2400081,1.243291,24,24,24,24,24,24,24,24,24,24,24,24,24,24,24,24
167,1670,-945.4792,-920.7975,-968.1993,-962.1569,-927.4356,-930.1246,-851.7153,-298.4245,124.4864,239.6175,-118.9218,-680.0508,-1001.019,-926.2776,-919.6364,-887.8344,24,24,24,24,24,24,24,24,24,24,24,24,25,24,25,25,167,1670,-904.3519,-931.5014,228.8944,-326.7546,-0.789619,0.1227068,0.5223764,-0.2607604,2.247436E-05,-0.7712959,-0.7883492,-0.4041404,-0.639975,-0.8908178,-0.2416989,-0.3390546,24,24,24,24,24,24,24,24,24,24,24,24,24,24,24,24
168,1680,-909.4107,-905.6926,-900.1583,-933.3104,-941.8003,-915.0707,-819.5797,-277.1086,125.3534,245.0326,-102.5444,-683.8324,-989.4731,-855.9896,-875.0439,-889.2802,24,24,24,24,24,24,24,24,24,24,24,24,25,24,25,25,168,1680,-885.6875,-897.6837,221.4304,-332.8221,-0.5269788,0.7363082,-0.391818,0.5215014,-0.2588227,-0.2562149,0.1314172,1.481755,-0.1280493,0.3341825,-0.7234063,-0.7911552,24,24,24,24,24,24,24,24,24,24,24,24,24,24,24,24
169,1690,-878.8726,-892.1586,-886.2548,-876.4698,-892.429,-926.176,-830.5466,-271.8423,126.4682,237.5254,-97.79733,-689.7568,-1019.348,-849.4262,-855.7284,-879.7623,24,24,24,24,24,24,24,24,24,24,24,24,25,24,25,25,169,1690,-908.9172,-891.6309,219.8591,-329.5947,0.1296241,0.2454296,-0.391818,-1.564533,-0.7765132,0.1300952,0.1314172,-0.6735533,0.1279128,-0.8908178,-0.2416989,0.4521167,24,24,24,24,24,24,24,24,24,24,24,24,24,24,24,24
170,1700,-863.4833,-885.5123,-894.2524,-863.9333,-833.0383,-847.8224,-798.156,-271.4662,129.5649,239.2484,-102.7817,-644,-940.7917,-869.1165,-865.0284,-836.6299,24,24,24,24,24,24,24,24,24,24,24,24,25,24,25,25,170,1700,-914.4227,-899.7893,224.835,-326.1091,-0.6582989,0.3681493,-0.1306194,0.1303705,0.6471347,0.2588653,-0.1313723,0.1346872,-0.8959371,0.3341825,0.8421419,0.678167,24,24,24,24,24,24,24,24,24,24,24,24,24,24,24,24
171,1710,-852.6627,-857.5982,-836.5468,-845.0676,-865.2685,-864.4802,-798.411,-272.3439,123.6193,238.7561,-105.1553,-668.5801,-971.7383,-882.3625,-888.2785,-879.8827,24,24,24,24,24,24,24,24,24,24,24,24,25,24,25,25,171,1710,-911.3343,-932.9488,228.1087,-327.1419,0.654906,-1.595374,-0.2612195,0.6518784,2.086905E-05,1.160256,-1.051135,-0.2694322,0.8958007,-0.1112722,-1.32554,1.926374E-05,24,24,24,24,24,24,24,24,24,24,24,24,24,24,24,24
172,1720,-892.6988,-884.4247,-869.6446,-900.9344,-926.5906,-902.855,-820.9824,-288.2681,110.1179,235.9255,-101.2389,-690.8914,-1024.824,-914.9409,-940.1441,-963.8582,24,24,24,24,24,24,24,24,24,24,24,24,25,24,25,25,172,1720,-899.9207,-919.0006,224.0493,-330.4984,-0.3956579,-0.4908914,0.2611777,-0.2607604,-0.2588243,-1.415146,-1.445323,-0.1347257,0.2558947,-0.2226358,0.9625688,-0.7911552,24,24,24,24,24,24,24,24,24,24,24,24,24,24,24,24
173,1730,-946.9221,-963.3333,-921.6902,-907.5071,-950.4916,-983.3064,-865.7428,-280.4941,123.3716,240.2329,-85.92966,-699.2041,-1082.313,-888.0906,-898.5323,-974.7014,24,24,24,24,24,24,24,24,24,24,24,24,25,25,25,25,173,1730,-954.8399,-932.0276,225.0969,-327.1419,0.654906,1.10447,-0.2612195,0.7822554,-0.6470914,-1.028836,0.7884005,-0.1347257,-0.639975,0.1114552,-1.566394,-0.9041788,24,24,24,24,24,24,24,24,24,24,24,24,24,24,24,24
174,1740,-996.0956,-990.8848,-1016.554,-942.3174,-924.0557,-1004.53,-893.415,-304.4431,127.8308,237.0331,-113.344,-672.8659,-1022.562,-944.8172,-918.0864,-891.6898,24,24,24,24,24,24,24,24,24,24,24,24,25,25,25,25,174,1740,-928.5217,-912.8161,222.7399,-329.2074,0.260945,-0.2454521,0.3917762,-0.6518912,-1.164782,-0.1274449,0.3942131,0.8082213,0.3838765,-0.5567814,-0.1212724,0.2260696,24,24,24,24,24,24,24,24,24,24,24,24,24,24,24,24
175,1750,-939.2275,-930.8273,-937.3163,-955.8278,-936.2476,-925.3123,-834.8824,-294.4121,116.6828,235.1871,-128.2972,-699.456,-1015.064,-941.3559,-953.498,-941.3282,24,24,24,24,24,24,24,24,24,24,24,24,25,25,25,24,175,1750,-828.8886,-842.1547,223.0018,-324.5599,0.3922651,0.1227068,-0.391818,-0.5215143,0.3882895,-0.2562149,0.2628184,0.5388083,-0.639975,-0.1113267,-1.32554,-0.4520814,24,24,24,24,24,24,24,24,24,24,24,24,24,24,24,24
176,1760,-942.2331,-927.5646,-903.4803,-909.9414,-929.7291,-925.6824,-814.7339,-262.5637,130.3081,245.648,-106.6981,-705.627,-1020.658,-859.8364,-893.5248,-941.0872,24,24,24,24,24,24,24,24,24,24,24,24,25,25,25,24,176,1760,-884.0762,-862.2873,224.0493,-324.8181,-0.5269788,-0.8590535,-2.086905E-05,0.2607475,-0.2588243,0.3876353,0.6570058,-0.5388469,0.3838765,-0.1113267,-0.2416989,0.5651466,24,24,24,24,24,24,24,24,24,24,24,24,24,24,24,24
177,1770,-903.6396,-924.302,-914.6769,-879.9995,-903.2932,-960.3555,-848.2722,-277.9863,126.8398,238.8791,-89.72731,-662.0255,-999.8284,-857.4493,-852.1515,-861.931,24,24,24,24,24,24,24,24,24,24,24,24,25,25,25,24,177,1770,-873.7369,-869.5245,226.9301,-319.7834,-0.1330169,-1.284249E-05,0.9141734,-6.421245E-06,0.1294443,-1.028836,-0.6569512,-0.1347257,-0.2560311,3.692216E-05,-0.4825526,-0.7911488,24,24,24,24,24,24,24,24,24,24,24,24,24,24,24,24
178,1780,-843.8858,-850.0134,-878.9955,-880.243,-859.4744,-876.0791,-812.6935,-285.3842,121.2659,233.5871,-112.9879,-654.7145,-960.6689,-911.0399,-908.4287,-887.473,24,24,24,24,24,24,24,24,24,24,24,24,25,25,25,24,178,1780,-823.249,-833.4701,227.5849,-323.0108,-0.5269788,0.6135885,-0.391818,0.7822554,-0.1294009,0.1300952,0.1314236,-1.926374E-05,0.2558947,0.2227642,-0.3621261,-0.1130011,24,24,24,24,24,24,24,24,24,24,24,24,24,24,24,24
179,1790,-945.5994,-935.3412,-916.3995,-979.197,-1007.951,-958.7514,-835.52,-283.7542,117.1783,240.9713,-129.6027,-730.311,-1047.915,-930.0173,-962.3211,-967.2316,24,24,24,24,24,24,24,24,24,24,24,24,25,25,25,24,179,1790,-832.7827,-833.8649,226.9301,-326.4964,0.1296241,0.2454296,1.044774,-1.303776,-0.1294009,-0.1274449,0.1314236,-0.1347257,-6.902839E-05,-0.5567814,-0.3621261,-0.1130011,24,24,24,24,24,24,24,24,24,24,24,24,24,24,24,24
180,1800,-956.0593,-956.9753,-916.1535,-911.4018,-950.1296,-960.4789,-841.0035,-270.8392,132.6615,251.8015,-80.58921,-676.3954,-1040.297,-854.3461,-856.4438,-892.5333,24,24,24,24,24,24,24,24,24,24,24,24,25,25,25,24,180,1800,-874.4082,-895.1839,222.2161,-324.5599,0.5235851,0.4908689,-0.9142152,-6.421245E-06,0.5177113,-0.1274449,0.2628184,0.5388083,-0.5119932,-0.2226904,0.6012883,-0.3390514,24,24,24,24,24,24,24,24,24,24,24,24,24,24,24,24
181,1810,-892.0975,-891.2269,-922.9206,-898.5001,-864.1822,-891.6264,-838.453,-291.4028,126.5921,229.1566,-97.32261,-664.4205,-987.5687,-856.8525,-850.7208,-849.0395,24,24,24,24,24,24,24,24,24,24,24,24,25,25,25,24,181,1810,-927.0446,-928.3434,224.0493,-320.9453,0.260945,-0.8590535,-2.086905E-05,-6.421245E-06,-0.1294009,0.2588653,-0.9197407,-0.4041404,0.3838765,3.692216E-05,-1.445967,-0.1130011,24,24,24,24,24,24,24,24,24,24,24,24,24,24,24,24
182,1820,-850.7389,-837.5646,-828.0572,-830.34,-823.7436,-829.8072,-776.9873,-266.7015,123.2477,236.91,-97.32261,-642.6135,-929.3652,-809.8267,-823.2975,-827.2324,24,24,24,24,24,24,24,24,24,24,24,24,25,25,25,24,182,1820,-941.278,-941.2387,227.0611,-319.9125,-0.9209399,0.3682006,0.6529748,0.2607475,0.7765566,-0.5137558,-0.1313691,-0.2694322,0.2558947,-0.3340541,-0.1212724,-0.9041756,24,24,24,24,24,24,24,24,24,24,24,24,24,24,24,24
183,1830,-823.6874,-837.3229,-829.1646,-832.8961,-867.0793,-890.2691,-798.9211,-258.9275,129.441,242.8174,-97.44129,-682.4459,-999.2332,-848.7364,-870.1554,-914.0994,24,24,24,24,24,24,24,24,24,24,24,24,25,25,25,24,183,1830,-934.5641,-943.8705,230.2038,-321.9781,0.654906,0.7363595,3.210623E-05,1.043009,-0.2588243,-0.1274449,-0.2627638,-0.1347257,0.1279128,-0.6681451,-2.288954,-0.4520749,24,24,24,24,24,24,24,24,24,24,24,24,24,24,24,24
184,1840,-878.8724,-921.0797,-901.5118,-846.6498,-879.2713,-956.5304,-866.8904,-295.1645,119.0363,234.9409,-87.59113,-638.8319,-997.6859,-903.8784,-882.1978,-866.8707,24,24,24,24,24,24,24,24,24,24,24,24,25,25,25,24,184,1840,-842.0477,-874.6564,227.4539,-321.2035,0.1296241,-0.2454007,0.1306322,-1.434153,0.6471347,0.5164054,-0.2627638,1.077636,-0.5119932,-1.002236,0.4808614,0.1130492,24,24,24,24,24,24,24,24,24,24,24,24,24,24,24,24
185,1850,-882.3591,-884.8213,-888.7156,-904.2206,-890.2562,-862.9996,-810.1431,-287.1397,117.1783,235.5562,-110.7331,-673.7483,-989.116,-902.9236,-905.2094,-873.0151,24,24,24,24,24,24,24,24,24,24,24,24,25,25,25,24,185,1850,-924.7619,-910.316,226.6682,-325.8509,0.1296241,-0.1226811,-1.175361,-6.421245E-06,0.3882911,0.001325184,0.3942131,0.1346872,-0.5119932,3.692216E-05,0.1195812,-0.4520749,24,24,24,24,24,24,24,24,24,24,24,24,24,24,24,24
186,1860,-875.506,-879.3826,-858.694,-871.1144,-901.7238,-891.1328,-804.022,-269.5854,117.0544,232.3564,-116.0735,-711.672,-1014.707,-854.5848,-886.8478,-944.2197,24,24,24,24,24,24,24,24,24,24,24,24,25,25,25,24,186,1860,-914.2884,-910.8425,221.8232,-324.4308,-0.264337,-0.9817218,3.210623E-05,0.2607475,-0.6470898,-0.384985,-1.051135,-0.8082598,0.2558947,3.692216E-05,-0.6029794,0.1130492,24,24,24,24,24,24,24,24,24,24,24,24,24,24,24,24
187,1870,-920.8323,-952.2618,-926.858,-877.5652,-906.7938,-978.7408,-858.474,-275.7294,130.0603,234.8178,-107.4101,-681.0593,-1009.945,-873.9203,-867.6516,-886.7501,24,24,24,24,24,24,24,24,24,24,24,24,25,25,25,24,187,1870,-889.5815,-914.7899,223.0017,-324.1727,0.1296241,0.4909203,1.175425,-0.1303834,0.6471363,-1.157606,2.247436E-05,0.4041018,-0.639975,0.4454916,0.6012883,-0.7911488,24,24,24,24,24,24,24,24,24,24,24,24,24,24,24,24
188,1880,-890.2942,-895.3362,-909.2634,-884.2595,-853.801,-888.6649,-836.5401,-294.5375,120.8943,230.7565,-120.1085,-674.3785,-1007.565,-936.9399,-914.1517,-890.3646,24,24,24,24,24,24,24,24,24,24,24,24,25,25,25,24,188,1880,-921.9421,-926.501,223.6564,-321.7198,0.260945,0.4909203,-0.1305664,-0.6518912,2.247436E-05,-0.2562149,0.5256046,-0.9429679,0.3838765,-0.5567814,-0.6029794,-0.7911488,24,24,24,24,24,24,24,24,24,24,24,24,24,24,24,24
189,1890,-909.8914,-893.1607,-897.4515,-922.7213,-914.64,-897.796,-825.0632,-287.6412,118.7886,233.9563,-112.3946,-677.2778,-993.5201,-881.559,-884.5823,-875.6658,24,24,24,24,24,24,24,24,24,24,24,24,25,24,25,24,189,1890,-923.2849,-903.7368,230.4657,-317.0724,-0.5269788,0.6136399,-0.1305664,-0.9126452,0.2588677,0.9027163,-0.262767,0.4041018,-0.6399782,-0.3340541,-0.0008455978,0.3390996,24,24,24,24,24,24,24,24,24,24,24,24,24,24,24,24
190,1900,-863.7236,-875.2733,-863.9847,-864.9069,-888.5662,-884.2228,-803.1293,-267.5792,119.1602,231.2487,-114.2934,-716.4576,-1035.655,-859.9277,-882.4363,-946.8702,24,24,24,24,24,24,24,24,24,24,24,24,25,24,25,24,190,1900,-891.9984,-898.4734,230.0728,-324.5599,0.917547,-0.6135596,-0.1305664,0.6518784,-0.2588227,0.001325184,0.5256046,-0.4041404,-0.6399782,-0.3340541,-0.8438327,-0.1130011,24,24,24,24,24,24,24,24,24,24,24,24,24,24,24,24
191,1910,-916.7444,-946.5814,-961.8013,-909.5761,-896.5331,-951.5947,-863.9574,-296.5437,120.6465,233.2179,-106.6981,-678.9164,-1025.776,-908.2581,-894.5978,-907.5933,24,24,24,24,24,24,24,24,24,24,24,24,25,24,25,25,191,1910,-878.3022,-882.9463,225.0969,-323.7854,-0.3956579,3.852747E-05,0.6530294,0.5215014,0.7765581,-0.5137558,-1.313931,-1.926374E-05,-0.1280525,-0.6681451,-0.362074,-0.4520749,24,24,24,24,24,24,24,24,24,24,24,24,24,24,24,24
192,1920,-922.275,-926.2767,-957.7408,-935.1362,-898.3439,-935.8005,-858.2189,-300.0546,123.2477,233.8332,-117.4977,-679.0425,-1019.587,-946.2065,-922.6173,-900.2441,24,24,24,24,24,24,24,24,24,24,24,24,25,24,25,25,192,1920,-886.2245,-880.8409,226.1445,-324.0436,0.1296241,3.852747E-05,-0.5223635,-0.2607604,-0.5176663,-0.900066,-0.262767,-1.212381,-7.06337E-05,0.1114006,-0.4825008,0.2260696,24,24,24,24,24,24,24,24,24,24,24,24,24,24,24,24
193,1930,-931.0517,-915.52,-943.3453,-967.5124,-931.2984,-916.3047,-834.4998,-291.9044,120.6465,238.3868,-122.0074,-681.9417,-991.8536,-946.6838,-948.848,-905.0632,24,24,24,24,24,24,24,24,24,24,24,24,25,24,25,25,193,1930,-929.0588,-906.2371,223.6564,-325.7218,-0.001696814,-0.49084,0.5224293,-0.1303834,2.247436E-05,0.3876353,0.9197921,-0.1347257,0.6398354,-1.336329,-0.0007938265,-0.2260311,24,24,24,24,24,24,24,24,24,24,24,24,24,24,24,24
194,1940,-939.588,-938.3195,-888.8386,-889.4933,-920.3135,-932.469,-829.909,-269.0839,126.8398,236.1716,-105.7487,-688.4963,-1013.992,-852.7675,-862.1669,-890.7261,24,24,24,24,24,24,24,24,24,24,24,24,25,24,25,25,194,1940,-870.2457,-893.2099,223.9184,-325.5927,-0.5269788,-0.1226811,-0.6529636,0.1303705,0.1294459,0.001325184,-0.262767,0.1346872,-7.06337E-05,0.1114006,0.7217665,1.926374E-05,24,24,24,24,24,24,24,24,24,24,24,24,24,24,24,24
195,1950,-855.1874,-856.8733,-865.7073,-830.8268,-810.4652,-851.4008,-804.4045,-274.4756,128.9456,236.1716,-103.9685,-646.1429,-948.2902,-868.8777,-863.0016,-857.955,24,24,24,24,24,24,24,24,24,24,24,24,25,24,25,25,195,1950,-876.4224,-898.0786,225.2279,-329.0783,1.048867,-0.2454007,-0.1305664,0.1303705,0.3882911,0.2588653,-0.9197471,-0.4041404,0.1279112,0.6682189,-0.2416475,0.4521167,24,24,24,24,24,24,24,24,24,24,24,24,24,24,24,24
196,1960,-868.653,-862.9153,-864.969,-888.4858,-891.2218,-877.4364,-794.9679,-273.2216,120.6465,234.8178,-115.8362,-678.6643,-971.0241,-881.5272,-897.4594,-891.0875,24,24,24,24,24,24,24,24,24,24,24,24,25,24,25,25,196,1960,-910.9313,-900.0524,226.0135,-325.98,-0.001696814,0.4909203,0.3918308,-0.1303834,1.035403,-0.1274449,-0.1313723,-0.9429679,-0.7679585,-0.5567814,0.1196326,-1.243253,24,24,24,24,24,24,24,24,24,24,24,24,24,24,24,24
197,1970,-859.6359,-867.9907,-852.9111,-839.687,-866.355,-888.6649,-804.9146,-256.0436,133.0331,238.3868,-103.8498,-680.6812,-1009.35,-863.1498,-860.2593,-875.5455,24,24,24,24,24,24,24,24,24,24,24,24,25,24,25,25,197,1970,-862.4577,-874.9196,228.2396,-330.8857,1.180239,1.227241,-0.391765,0.5215014,2.247436E-05,-0.5137558,0.2628151,0.1346872,-0.2560327,0.1114006,-2.048048,-0.2260311,24,24,24,24,24,24,24,24,24,24,24,24,24,24,24,24
198,1980,-859.7561,-849.3812,-852.665,-834.5759,-830.0206,-846.8352,-795.223,-274.2248,124.6103,235.187,-95.89851,-638.7059,-935.0785,-834.3901,-833.9092,-829.8829,24,24,24,24,24,24,24,24,24,24,24,24,25,24,25,25,198,1980,-904.0833,-913.8689,219.8591,-335.0168,-0.1329655,-0.2454007,0.2612307,-1.434153,-0.2588227,0.001325184,0.1314172,-1.926374E-05,-0.2560327,-1.1136,-0.4825008,0.2260696,24,24,24,24,24,24,24,24,24,24,24,24,24,24,24,24
199,1990,-821.6436,-825.2133,-816.7375,-812.1843,-826.8821,-846.7119,-794.3303,-272.9709,118.417,230.7565,-93.881,-658.1179,-970.4291,-842.9822,-844.0438,-868.9188,24,24,24,24,24,24,24,24,24,24,24,24,25,24,25,25,199,1990,-972.5644,-934.0015,218.8115,-328.8201,-0.1329655,0.245481,-0.7836167,0.3911245,1.035403,0.1300952,0.7883941,-0.4041404,-0.6399782,0.4454916,0.2400595,-0.4520814,24,24,24,24,24,24,24,24,24,24,24,24,24,24,24,24
200,2000,-870.5767,-876.4495,-888.8386,-855.7504,-855.7324,-922.2274,-845.0841,-285.2588,126.8398,233.9563,-105.7487,-661.3952,-1014.23,-957.3046,-925.3596,-899.2802,24,24,24,24,24,24,24,24,24,24,24,24,25,24,25,25,200,2000,-878.5707,-882.8147,219.0734,-328.9492,-0.7895676,-1.349881,-0.391818,0.5215014,-0.6470898,0.6451755,-0.6569544,-0.5388469,0.1279112,-0.4454177,-0.6029276,0.1130428,24,24,24,24,24,24,24,24,24,24,24,24,24,24,24,24
201,2010,-939.588,-924.0604,-945.929,-966.7344,-936.6097,-918.0321,-834.3723,-293.0328,122.1329,239.6175,-119.5152,-687.2358,-1012.326,-942.3878,-937.402,-899.6417,24,24,24,24,24,24,24,24,24,24,24,24,25,24,25,25,201,2010,-847.6873,-860.8398,220.7757,-322.8817,-0.7895676,-0.1226811,0.5223764,0.6518784,1.035405,-0.7712959,-0.6569544,-0.2694322,1.023779,0.1114006,-0.1212207,-1.017206,24,24,24,24,24,24,24,24,24,24,24,24,24,24,24,24
202,2020,-894.1416,-907.8677,-867.5528,-881.0625,-915.485,-914.3304,-815.1165,-268.4569,119.0363,233.2179,-112.5132,-715.8279,-1042.201,-881.1693,-914.1517,-963.9786,24,24,24,24,24,24,24,24,24,24,24,24,25,24,25,25,202,2020,-873.8712,-873.9985,225.4897,-323.9144,0.1296754,-0.1226811,-0.7836167,0.7822554,2.407967E-05,-0.384985,2.247436E-05,-1.926374E-05,-0.6399782,3.692216E-05,-0.9642078,-0.5651049,24,24,24,24,24,24,24,24,24,24,24,24,24,24,24,24
203,2030,-944.6376,-947.5034,-922.4285,-888.9727,-918.865,-970.1034,-845.7218,-262.6891,135.1388,235.3101,-112.988,-716.8354,-1073.029,-874.9638,-879.4554,-933.9788,24,24,24,24,24,24,24,24,24,24,24,24,25,24,25,25,203,2030,-989.3488,-967.5557,224.3112,-324.5599,-0.001645444,-0.2454007,1.436571,-1.303776,0.5177145,0.7739463,-0.1313787,0.4041018,0.5118551,-0.8908724,0.60134,0.1130428,24,24,24,24,24,24,24,24,24,24,24,24,24,24,24,24
204,2040,-920.7122,-918.8642,-926.1197,-872.5441,-847.2825,-894.2176,-830.0366,-284.5065,127.3353,236.91,-96.61057,-651.563,-985.7833,-889.8806,-866.9362,-841.2081,24,24,24,24,24,24,24,24,24,24,24,24,25,24,25,25,204,2040,-889.4472,-910.7109,224.835,-322.1071,-0.1329655,0.1227582,-0.391818,-6.421245E-06,0.5177145,0.001325184,-0.3941681,0.1346872,-0.8959403,-0.4454177,-0.1212207,-0.4520814,24,24,24,24,24,24,24,24,24,24,24,24,24,24,24,24
205,2050,-891.9775,-875.241,-897.0823,-929.2531,-913.1915,-889.7755,-811.9283,-285.5096,115.8158,232.1103,-120.7019,-690.5131,-993.639,-893.3413,-915.3441,-919.4006,24,24,24,24,24,24,24,24,24,24,24,24,25,24,25,25,205,2050,-932.9528,-935.7121,223.7874,-325.8509,0.6549574,-0.6135596,-0.2612195,0.5215014,-0.1293977,0.6451755,-0.3941681,-0.9429679,0.3838765,0.2227642,-0.6029276,0.5651435,24,24,24,24,24,24,24,24,24,24,24,24,24,24,24,24
206,2060,-921.9144,-924.0604,-884.6553,-876.4382,-918.5029,-937.1578,-831.4393,-269.8362,122.1329,235.8024,-102.7818,-697.063,-1027.323,-863.985,-877.0708,-919.1595,24,24,24,24,24,24,24,24,24,24,24,24,25,24,25,25,206,2060,-969.2075,-939.5281,219.3353,-325.8509,-0.3956065,-0.1226811,0.3917762,0.5215014,0.5177145,-0.5137558,-1.445332,-1.926374E-05,0.2558947,0.1114552,0.4809132,-0.7911552,24,24,24,24,24,24,24,24,24,24,24,24,24,24,24,24
207,2070,-880.0746,-892.7628,-921.9363,-874.9778,-861.8886,-918.4024,-848.0172,-288.3935,123.9909,231.495,-108.4782,-681.4373,-1038.274,-927.829,-905.3286,-932.4126,24,24,24,24,24,24,24,24,24,24,24,24,25,24,25,24,207,2070,-928.6558,-950.976,225.2279,-320.2997,0.1296754,0.245481,-2.086905E-05,0.6518784,-0.5176647,-0.384985,-0.2627734,0.2693937,0.2558947,9.150275E-05,-0.8438327,0.2260696,24,24,24,24,24,24,24,24,24,24,24,24,24,24,24,24
208,2080,-963.5136,-937.3528,-992.8071,-958.3375,-905.1038,-925.559,-850.4401,-298.5499,124.3625,238.0177,-114.056,-668.7061,-994.5912,-918.9983,-909.2632,-873.9791,24,24,24,24,24,24,24,24,24,24,24,24,25,24,25,24,208,2080,-841.9135,-835.8386,227.0611,-322.7526,0.5236365,3.852747E-05,0.1305776,-0.5215143,-0.9059334,-0.5137558,0.131414,0.6735148,0.5118567,-0.6680905,0.1195812,0.1130428,24,24,24,24,24,24,24,24,24,24,24,24,24,24,24,24
209,2090,-882.7198,-876.3286,-870.1367,-901.9937,-910.7772,-869.169,-799.8137,-281.748,112.7191,235.4332,-119.5152,-700.7152,-1003.756,-897.518,-921.3056,-940.3643,24,24,24,24,24,24,24,24,24,24,24,24,25,24,25,24,209,2090,-902.4719,-882.9462,224.1803,-326.2382,-0.001645444,0.4909203,-0.2612195,-0.1303834,-0.2588211,0.3876353,-0.3941681,0.6735148,-1.023919,0.8910007,0.4808614,0.2260696,24,24,24,24,24,24,24,24,24,24,24,24,24,24,24,24
210,2100,-944.0366,-961.6416,-896.7133,-876.4382,-919.8307,-956.9005,-837.9429,-269.5854,125.725,231.0027,-108.1222,-696.5593,-1036.369,-872.8159,-866.2208,-886.7501,24,24,24,24,24,24,24,24,24,24,24,24,25,24,25,24,210,2100,-904.6204,-913.2109,223.9184,-322.6235,-0.5269274,-1.840762,-0.7836167,0.3911245,-0.388243,-0.2562149,-0.7883556,-1.751208,-0.1280493,9.150275E-05,-1.205113,-0.6781285,24,24,24,24,24,24,24,24,24,24,24,24,24,24,24,24
211,2110,-887.1682,-882.9747,-911.724,-897.7345,-855.8531,-877.1895,-821.11,-288.5189,123.6193,233.8333,-111.3265,-660.8909,-976.9755,-899.1887,-892.094,-889.4008,24,24,24,24,24,24,24,24,24,24,24,24,25,24,25,24,211,2110,-873.6027,-884.2621,224.966,-322.8817,-0.001645444,-0.2454007,0.7835749,-6.421245E-06,0.9059832,-0.384985,-0.3941681,0.6735148,0.5118567,9.150275E-05,0.7217151,-0.1130075,24,24,24,24,24,24,24,24,24,24,24,24,24,24,24,24
212,2120,-902.9182,-897.2338,-893.7603,-888.3979,-879.8748,-867.0715,-803.3843,-278.1118,118.6647,235.6794,-113.4627,-674.1263,-977.2134,-907.6614,-923.8094,-897.232,24,24,24,24,24,24,24,24,24,24,24,24,25,24,25,24,212,2120,-912.0056,-909.5266,223.7874,-324.0436,-1.052209,-0.2454007,-0.2612195,-0.1303834,-0.1293977,-0.6425259,0.131414,-0.6735533,-0.3840129,0.1114552,-0.7234063,-0.1130075,24,24,24,24,24,24,24,24,24,24,24,24,24,24,24,24
213,2130,-906.0442,-893.8503,-855.7411,-880.8516,-924.2971,-891.9966,-794.7128,-258.9275,122.8761,234.4487,-115.4802,-714.4426,-1029.109,-852.6483,-876.9515,-921.8102,24,24,24,24,24,24,24,24,24,24,24,24,25,24,25,24,213,2130,-871.0512,-867.5507,229.2872,-314.4904,0.7862783,-0.2454007,0.2611777,-0.5215143,0.3882927,0.7739463,0.5255982,-0.1347257,0.5118567,-0.1112722,0.4808614,0.678167,24,24,24,24,24,24,24,24,24,24,24,24,24,24,24,24
214,2140,-914.8209,-929.4982,-923.0436,-875.2527,-881.444,-938.762,-844.9566,-281.2464,124.858,230.8796,-104.6806,-665.5548,-994.8292,-888.5679,-874.9246,-872.8948,24,24,24,24,24,24,24,24,24,24,24,24,25,24,25,24,214,2140,-877.4965,-899.1312,233.0846,-320.1707,-0.5269274,0.3682006,-0.391818,-0.6518912,-0.2588211,-0.384985,0.131414,-1.926374E-05,-0.2560311,9.150275E-05,0.6012883,-0.3390546,24,24,24,24,24,24,24,24,24,24,24,24,24,24,24,24
215,2150,-879.3534,-876.2077,-890.5612,-878.0522,-855.6116,-890.1457,-841.8961,-308.4555,110.8611,225.5876,-116.4296,-666.5632,-994.9484,-932.483,-916.6556,-894.8223,24,24,24,24,24,24,24,24,24,24,24,24,25,24,25,24,215,2150,-896.8323,-877.1565,226.9301,-321.9781,-0.3956065,-0.9817218,-2.086905E-05,0.6518784,2.407967E-05,0.2588653,-0.6569608,-0.8082598,-6.902839E-05,0.2228188,-0.4825526,0.678167,24,24,24,24,24,24,24,24,24,24,24,24,24,24,24,24
216,2160,-886.447,-892.1586,-891.4225,-893.1447,-895.326,-883.1124,-807.3376,-271.3408,122.1329,232.3565,-107.2915,-677.1516,-985.3073,-852.8869,-866.1015,-881.8103,24,24,24,24,24,24,24,24,24,24,24,24,25,24,25,24,216,2160,-916.5709,-889.6571,231.7752,-315.5232,-0.001645444,-0.1226811,0.3917762,0.5215014,-0.2588211,-0.900066,-1.182543,0.5388083,-0.5119932,-0.2226358,0.6012883,-0.3390546,24,24,24,24,24,24,24,24,24,24,24,24,24,24,24,24
217,2170,-874.0633,-877.1744,-883.548,-862.7162,-855.7324,-898.6597,-837.0503,-290.0235,118.417,227.8029,-108.0035,-674.6306,-1023.633,-916.3729,-883.9863,-897.1116,24,24,24,24,24,24,24,24,24,24,24,24,25,24,25,24,217,2170,-887.5673,-904,234.656,-317.847,0.1296754,-0.1226811,-0.2612195,-6.421245E-06,-0.3882445,-0.5137558,0.3942035,0.5388083,0.2558947,0.4455462,-1.084686,-0.5651049,24,24,24,24,24,24,24,24,24,24,24,24,24,24,24,24
218,2180,-934.1777,-904.6051,-937.9315,-926.738,-889.4111,-900.017,-838.0704,-296.1675,120.5227,232.2334,-122.8381,-674.8826,-1002.209,-952.5311,-932.9902,-894.4609,24,24,24,24,24,24,24,24,24,24,24,24,25,24,25,24,218,2180,-851.3127,-861.103,229.811,-317.7179,-0.001645444,-0.1226811,0.5223764,-0.9126452,-0.1293993,0.5164568,0.3942035,-0.1347257,-0.1280493,-0.7794541,-0.1212724,0.1130428,24,24,24,24,24,24,24,24,24,24,24,24,24,24,24,24
219,2190,-945.9601,-915.1182,-932.3947,-979.6838,-950.8537,-874.8451,-809.3779,-283.6288,117.9215,236.4178,-122.7194,-705.7527,-999.5903,-889.0453,-927.0287,-953.0148,24,24,24,24,24,24,24,24,24,24,24,24,25,24,25,24,219,2190,-833.7225,-830.0488,232.8228,-315.6523,-0.2642856,0.3682006,-1.175414,-0.1303834,1.423672,0.5164568,0.2628087,0.2693937,-0.639975,-0.1112722,-0.1212724,0.1130428,24,24,24,24,24,24,24,24,24,24,24,24,24,24,24,24
220,2200,-931.8934,-925.8729,-895.1136,-867.9499,-866.4756,-905.1995,-823.2779,-272.8455,125.725,236.787,-94.47438,-662.6557,-992.8058,-852.4096,-851.7938,-859.8828,24,24,24,24,24,24,24,24,24,24,24,24,25,24,25,24,220,2200,-866.7545,-874.6563,233.4775,-316.1687,0.7862783,-1.595323,-0.391818,-0.1303834,-0.3882445,-0.1273935,1.926374E-05,-1.077674,0.3838765,9.150275E-05,-0.2416989,0.2260696,24,24,24,24,24,24,24,24,24,24,24,24,24,24,24,24
221,2210,-848.0939,-835.1221,-854.7567,-850.6664,-843.9025,-881.7551,-814.7339,-280.6195,122.2568,231.0027,-111.2078,-653.8321,-965.549,-876.9926,-870.6323,-852.0515,24,24,24,24,24,24,24,24,24,24,24,24,25,24,25,24,221,2210,-866.8888,-881.6304,235.9655,-311.3921,-0.7895676,-0.1226811,0.7835749,-6.421245E-06,0.5177129,-0.3849336,-0.3941681,-0.4041404,0.3838765,-0.3339995,0.3604349,-0.1130075,24,24,24,24,24,24,24,24,24,24,24,24,24,24,24,24
222,2220,-885.2445,-876.6911,-876.5347,-868.5584,-866.5965,-868.0586,-799.3037,-275.1024,117.1783,232.7257,-111.2078,-675.1349,-966.1442,-893.58,-920.8287,-924.4608,24,24,24,24,24,24,24,24,24,24,24,24,25,24,25,24,222,2220,-936.8467,-915.9742,234.0013,-315.5232,-0.2642856,0.1227582,-0.7836167,0.3911245,-0.2588227,-0.7712445,-0.3941681,-0.1347257,-0.2560311,0.4454916,-0.4825526,0.4521167,24,24,24,24,24,24,24,24,24,24,24,24,24,24,24,24
223,2230,-954.3762,-969.3752,-914.3079,-920.4088,-958.4587,-953.0754,-825.7008,-270.2123,115.568,233.7102,-103.4938,-715.702,-1063.031,-889.0453,-907.4749,-946.2679,24,24,24,24,24,24,24,24,24,24,24,24,25,24,25,25,223,2230,-967.7303,-962.2924,231.1205,-313.0704,0.2609963,-0.49084,0.5223764,-0.6518912,-0.2588227,0.001376554,0.5255982,-0.5388469,0.5118567,-0.2226904,0.1204497,1.926374E-05,24,24,24,24,24,24,24,24,24,24,24,24,24,24,24,24
224,2240,-953.4143,-952.6994,-942.73,-903.9774,-913.1915,-958.9982,-853.3732,-280.6195,128.9456,237.5254,-98.98409,-661.5213,-1017.087,-905.0361,-882.7941,-874.0997,24,24,24,24,24,24,24,24,24,24,24,24,25,24,25,25,224,2240,-917.3766,-975.1877,232.8228,-315.0068,0.2609963,-0.2454007,-0.391818,0.3911245,1.035403,0.5164568,-0.2627734,0.5388083,-0.5119932,-0.1113267,-0.3613415,-0.4520814,24,24,24,24,24,24,24,24,24,24,24,24,24,24,24,24
225,2250,-914.34,-904.8467,-916.8918,-925.0339,-903.6552,-894.5878,-828.2512,-296.7944,112.5953,233.0949,-114.412,-667.5718,-983.6409,-935.4664,-930.4866,-895.5452,24,24,24,24,24,24,24,24,24,24,24,24,25,24,25,25,225,2250,-921.942,-932.8172,231.6442,-313.0704,0.2609963,-1.349881,0.5223764,0.6518784,-0.3882445,0.3876867,-0.5255661,-0.4041404,0.3838765,0.6682189,-0.3613415,0.7911938,24,24,24,24,24,24,24,24,24,24,24,24,24,24,24,24
226,2260,-940.6701,-930.5069,-918.6143,-967.1472,-963.5285,-911.1223,-820.9825,-288.7697,112.7191,235.9255,-124.3809,-702.8563,-1008.279,-918.9982,-953.0211,-960.0028,24,24,24,24,24,24,24,24,24,24,24,24,25,24,25,25,226,2260,-911.0657,-880.0514,238.7153,-309.843,-0.2642856,0.245481,0.2611777,-0.5215143,0.2588677,-0.1273935,-0.9197503,0.5388083,0.1279128,-0.4454177,0.4817933,-1.130229,24,24,24,24,24,24,24,24,24,24,24,24,24,24,24,24
227,2270,-922.5156,-938.8463,-885.0244,-853.9528,-904.3795,-962.0829,-843.2989,-271.09,124.858,235.6794,-90.43937,-665.9331,-1017.563,-879.1405,-878.6207,-887.714,24,24,24,24,24,24,24,24,24,24,24,24,25,24,25,25,227,2270,-925.4333,-911.3687,235.9654,-316.1687,0.2609963,0.8590792,-2.086905E-05,0.9126323,-0.2588227,-0.6424745,0.2628087,-0.4041404,-0.639975,-0.1113267,-0.8431328,-0.1130075,24,24,24,24,24,24,24,24,24,24,24,24,24,24,24,24
228,2280,-886.3267,-868.2634,-879.9799,-852.6138,-819.6393,-834.7429,-810.7807,-296.2929,115.568,232.4795,-102.1884,-640.0925,-957.4553,-906.8262,-895.7902,-872.2923,24,24,24,24,24,24,24,24,24,24,24,24,25,24,25,25,228,2280,-910.9313,-915.5795,228.8943,-315.7814,1.048918,-0.6135596,-0.1306194,-6.421245E-06,0.7765581,0.2589166,0.131414,0.8082213,0.1279128,-1.1136,-0.7226847,0.3390931,24,24,24,24,24,24,24,24,24,24,24,24,24,24,24,24
229,2290,-876.5881,-868.6259,-850.2043,-865.1505,-896.5331,-881.8784,-795.9881,-268.833,116.0635,228.9105,-109.9023,-686.7316,-998.9952,-876.3958,-895.194,-922.2921,24,24,24,24,24,24,24,24,24,24,24,24,25,24,25,25,229,2290,-885.9559,-902.0261,230.0728,-315.9105,-0.001696814,-0.49084,-1.044815,0.1303705,0.3882911,-0.7712445,0.131414,-1.926374E-05,-0.7679569,-0.1113267,0.1204497,1.926374E-05,24,24,24,24,24,24,24,24,24,24,24,24,24,24,24,24
230,2300,-909.05,-924.7054,-894.0063,-853.831,-880.3577,-918.8959,-827.4861,-269.0838,128.2024,238.51,-96.01717,-677.0256,-1020.539,-865.5364,-864.4324,-892.4127,24,24,24,24,24,24,24,24,24,24,24,24,25,24,25,25,230,2300,-931.4756,-910.316,225.6207,-310.2303,-0.5269788,-1.104441,-0.1306194,0.6518784,-0.5176663,0.3876867,-0.6569608,0.4041018,0.1279128,0.2227642,1.605311E-06,-0.4520814,24,24,24,24,24,24,24,24,24,24,24,24,24,24,24,24
231,2310,-889.6931,-901.8628,-916.0304,-884.9898,-858.5087,-903.1018,-840.6208,-293.409,121.142,232.1103,-104.0872,-658.37,-1006.613,-924.8456,-893.644,-887.3525,24,24,24,24,24,24,24,24,24,24,24,24,25,24,25,25,231,2310,-862.7262,-841.6283,237.4058,-303.9045,-0.264337,0.6136399,0.3918308,-0.1303834,0.7765581,-1.286325,-0.3941681,-0.5388469,-0.5119932,0.6682189,0.1204497,-0.4520814,24,24,24,24,24,24,24,24,24,24,24,24,24,24,24,24
232,2320,-922.2751,-908.2684,-956.3875,-963.9827,-890.8597,-863.3698,-821.7476,-303.8162,114.5771,235.3101,-116.0735,-665.681,-964.8348,-885.9426,-894.0018,-880.8466,24,24,24,24,24,24,24,24,24,24,24,24,25,24,25,25,232,2320,-900.1893,-882.5515,239.3701,-310.8757,-0.1330169,0.245481,-0.391765,0.5215014,0.1294459,0.3876867,0.2628087,0.5388083,0.7678204,-0.5567814,-1.324924,-0.3390546,24,24,24,24,24,24,24,24,24,24,24,24,24,24,24,24
233,2330,-881.5175,-885.9091,-852.5421,-843.3635,-870.3386,-885.7036,-799.8137,-258.1752,129.5649,239.1253,-99.9335,-684.2106,-1001.376,-848.4716,-856.3246,-886.9911,24,24,24,24,24,24,24,24,24,24,24,24,25,24,25,25,233,2330,-899.9207,-894.131,235.5726,-312.554,-0.264337,0.3682006,0.2612307,-0.9126452,0.1294443,0.1301466,-0.5255661,1.077636,-0.2560311,-0.7795087,0.2408974,0.2260696,24,24,24,24,24,24,24,24,24,24,24,24,24,24,24,24
234,2340,-886.4468,-897.6326,-911.8472,-869.7755,-863.0958,-924.3251,-841.131,-282.6257,126.9637,235.0639,-101.8323,-662.7818,-1000.9,-882.8399,-857.5169,-849.5213,24,24,24,24,24,24,24,24,24,24,24,24,25,24,25,25,234,2340,-920.8679,-919.5271,239.3701,-305.0664,0.260945,-1.104441,-0.5223635,0.1303705,0.1294443,0.001325184,0.9197856,-0.4041404,-0.2560311,0.5568552,-0.4817893,-0.3390546,24,24,24,24,24,24,24,24,24,24,24,24,24,24,24,24
235,2350,-853.5042,-861.2534,-896.4672,-902.7601,-873.7185,-864.4802,-808.6128,-286.7635,122.1329,237.0331,-111.8012,-663.6642,-970.191,-885.9426,-895.4325,-885.1839,24,24,24,24,24,24,24,24,24,24,24,24,25,24,25,25,235,2350,-910.9313,-938.4754,235.1798,-310.8757,-0.001696814,-0.49084,-0.1305664,0.6518784,-1.423627,-0.1274449,-1.576724,-0.5388469,0.3838765,0.2227642,-0.2408938,0.1130428,24,24,24,24,24,24,24,24,24,24,24,24,24,24,24,24
236,2360,-900.8743,-886.8759,-872.1053,-891.9276,-917.0543,-900.3871,-809.6329,-275.8548,119.0363,241.4636,-98.27204,-681.0592,-998.7571,-864.5818,-891.4977,-917.5934,24,24,24,24,24,24,24,24,24,24,24,24,25,24,25,25,236,2360,-859.7721,-858.0765,230.7276,-312.2958,-1.314901,-0.1226811,0.9142264,0.7822554,0.2588661,-1.028836,-0.262767,-0.2694322,-6.902839E-05,-0.2226904,-1.084028,-0.7911552,24,24,24,24,24,24,24,24,24,24,24,24,24,24,24,24
237,2370,-891.9775,-902.8296,-887.4853,-859.1864,-880.8406,-923.7082,-829.3989,-270.087,129.3171,242.0789,-91.74482,-679.6727,-1027.323,-871.9805,-876.2361,-901.8103,24,24,24,24,24,24,24,24,24,24,24,24,25,24,25,25,237,2370,-890.5214,-883.999,239.8938,-297.0624,0.1296241,0.245481,0.7836279,-6.421245E-06,-0.9059366,-0.5137558,0.1314172,-1.212381,0.3838765,-0.4454177,-0.6022373,-0.9041788,24,24,24,24,24,24,24,24,24,24,24,24,24,24,24,24
238,2380,-880.6758,-880.5911,-885.5167,-863.0812,-839.3155,-859.7914,-807.8477,-279.9926,129.3171,243.4327,-95.06776,-636.3109,-934.9594,-841.5502,-840.2284,-826.6299,24,24,24,24,24,24,24,24,24,24,24,24,25,24,25,25,238,2380,-824.726,-842.2863,244.8698,-301.4517,-0.1330169,0.1227582,-0.5223635,-0.2607604,0.5177113,0.5164054,-0.1313723,0.9429294,-0.3840129,0.4454883,0.3613451,0.2260696,24,24,24,24,24,24,24,24,24,24,24,24,24,24,24,24
239,2390,-833.0653,-842.399,-824.612,-822.0635,-843.0576,-855.7195,-789.4844,-261.8114,130.1842,243.1866,-86.2857,-638.5798,-935.5546,-810.2846,-821.3898,-847.4732,24,24,24,24,24,24,24,24,24,24,24,24,25,24,25,24,239,2390,-864.7404,-833.47,239.501,-308.2938,0.7862269,-0.49084,-0.1305664,0.5215014,-0.2588243,-0.384985,0.5256046,-1.077674,-0.3840129,0.3341247,-0.4825526,0.2260696,24,24,24,24,24,24,24,24,24,24,24,24,24,24,24,24
240,2400,-835.7103,-848.8047,-842.5759,-819.5075,-856.6981,-929.0141,-823.6604,-258.8021,137.2446,243.0635,-86.52305,-665.5549,-1009.827,-837.3735,-827.3514,-862.5334,24,24,24,24,24,24,24,24,24,24,24,24,25,24,25,24,240,2400,-811.9697,-804.916,238.4534,-303.6463,-0.9209399,-0.1226811,3.210623E-05,-0.3911373,0.5177113,0.2588653,-0.9197471,0.4041018,1.151764,-0.2226936,0.7217151,-0.3391027,24,24,24,24,24,24,24,24,24,24,24,24,24,24,24,24
241,2410,-887.1682,-868.1425,-905.5721,-880.9733,-832.9177,-854.8557,-815.6265,-292.9075,126.0966,239.9867,-103.2565,-648.916,-996.2574,-974.1307,-925.598,-873.7382,24,24,24,24,24,24,24,24,24,24,24,24,25,24,25,24,241,2410,-800.4221,-792.1522,243.5603,-304.55,-0.3956579,0.8590792,3.210623E-05,0.2607475,-0.6470914,-1.286376,-0.5255597,0.2693937,-0.5119932,-0.11133,-0.602979,-0.6781766,24,24,24,24,24,24,24,24,24,24,24,24,24,24,24,24
242,2420,-942.7139,-914.2723,-928.0884,-952.0545,-903.6552,-847.699,-794.8403,-282.5003,120.1511,243.0635,-108.4782,-676.0172,-986.8545,-904.2007,-923.4517,-911.2079,24,24,24,24,24,24,24,24,24,24,24,24,25,24,25,24,242,2420,-887.2988,-863.9979,235.3107,-310.6176,-0.3956579,0.1227582,1.175425,-0.1303834,-0.7765132,-0.1274449,0.3942099,-0.2694322,0.5118567,-0.4454209,-0.1212724,0.2260214,24,24,24,24,24,24,24,24,24,24,24,24,24,24,24,24
243,2430,-927.2045,-924.0604,-868.4142,-887.6676,-956.0444,-955.0497,-817.0292,-256.169,127.8307,242.202,-102.0697,-723.0065,-1061.007,-861.2403,-892.2131,-977.3521,24,24,24,24,24,24,24,24,24,24,24,24,25,24,25,24,243,2430,-878.168,-872.9458,234.9179,-309.3266,-0.1330169,0.3682006,-0.7835621,-0.9126452,0.1294443,0.3876353,2.247436E-05,-1.926374E-05,-0.7679569,-0.11133,-0.0008451964,-0.226076,24,24,24,24,24,24,24,24,24,24,24,24,24,24,24,24
244,2440,-968.6835,-972.3964,-977.3041,-909.3328,-905.2244,-998.9771,-871.0986,-276.7325,138.9787,242.6943,-86.04834,-673.6222,-1065.411,-932.8411,-909.144,-953.1353,24,24,24,24,24,24,24,24,24,24,24,24,25,24,25,24,244,2440,-842.8534,-862.0242,241.2033,-305.1955,-0.001696814,-0.8590021,3.210623E-05,-0.2607604,-0.5176679,0.1300952,-0.7883492,-1.481795,0.2558947,0.1113974,-1.084686,0.5650953,24,24,24,24,24,24,24,24,24,24,24,24,24,24,24,24
245,2450,-992.1281,-960.7957,-969.0604,-931.9717,-908.6044,-954.4327,-860.7694,-295.2899,128.8217,243.0635,-97.4413,-660.2607,-1020.777,-935.347,-908.3094,-864.943,24,24,24,24,24,24,24,24,24,24,24,24,25,24,25,24,245,2450,-882.7335,-870.4456,241.4652,-310.8757,-0.9209399,3.852747E-05,0.5224293,0.6518784,0.5177113,-0.5137558,-0.6569544,0.1346872,0.8958007,3.371154E-05,-0.0008451964,-0.904227,24,24,24,24,24,24,24,24,24,24,24,24,24,24,24,24
246,2460,-875.8668,-866.178,-875.5505,-908.359,-902.5688,-853.4984,-793.5651,-271.2155,123,240.1098,-108.8343,-674.0003,-969.3577,-863.985,-895.3132,-906.75,24,24,24,24,24,24,24,24,24,24,24,24,25,24,25,24,246,2460,-892.5355,-881.7619,232.4299,-318.2342,-0.3956579,0.3682006,-0.2611665,0.3911245,-0.9059366,-1.286376,0.1314172,0.2693937,-0.1280493,0.556852,-0.4825526,-0.4521263,24,24,24,24,24,24,24,24,24,24,24,24,24,24,24,24
247,2470,-910.8533,-915.6016,-869.8906,-868.6802,-924.5385,-946.7824,-821.1099,-253.5358,134.2718,242.202,-98.74674,-706.7603,-1046.01,-862.7917,-891.7362,-966.6291,24,24,24,24,24,24,24,24,24,24,24,24,25,24,25,24,247,2470,-890.9243,-902.6841,231.1204,-314.2322,0.654906,0.3682006,0.5223764,-0.7822682,-0.5176679,-0.6425259,0.5256046,-0.2694322,0.1279128,-0.7795119,-0.3621257,-2.568498E-05,24,24,24,24,24,24,24,24,24,24,24,24,24,24,24,24
248,2480,-954.1357,-950.4035,-952.3272,-898.8652,-895.5675,-991.2034,-874.6693,-286.3873,135.6343,242.3251,-95.18644,-669.9667,-1035.298,-917.3275,-894.5978,-895.7863,24,24,24,24,24,24,24,24,24,24,24,24,25,24,25,24,248,2480,-902.7406,-901.8947,230.5966,-313.5868,0.1296241,3.852747E-05,0.3917762,-0.3911405,2.086905E-05,0.5164054,-0.3941649,-0.4041404,-1.023919,-0.3340573,0.1195812,0.2260214,24,24,24,24,24,24,24,24,24,24,24,24,24,24,24,24
249,2490,-901.716,-890.2252,-936.8242,-917.3658,-870.7006,-877.313,-820.8549,-286.8889,129.1933,237.6484,-114.4121,-650.3026,-970.3101,-955.0372,-937.0441,-868.3165,24,24,24,24,24,24,24,24,24,24,24,24,25,24,25,24,249,2490,-886.4932,-872.1561,229.0253,-317.976,0.5235851,-1.472603,-2.086905E-05,0.3911213,-0.388243,0.3876353,2.247436E-05,-0.1347257,-0.3840129,0.4454883,-0.7234063,0.1129979,24,24,24,24,24,24,24,24,24,24,24,24,24,24,24,24
250,2500,-942.9543,-908.3512,-892.5299,-944.1431,-952.7852,-895.9451,-793.6926,-253.5358,137.2446,251.3093,-93.4063,-680.8071,-998.4,-855.5123,-881.8401,-902.2921,24,24,24,24,24,24,24,24,24,24,24,24,25,24,25,24,250,2500,-882.5992,-882.6831,229.4181,-313.4577,-0.789619,-0.2454007,-0.391818,0.3911213,0.2588693,-0.6424745,-0.5255597,-1.926374E-05,-0.1280493,3.371154E-05,1.564703,0.2260214,24,24,24,24,24,24,24,24,24,24,24,24,24,24,24,24
251,2510,-875.987,-888.05,-872.3514,-825.5933,-837.1426,-896.562,-809.5054,-254.7897,143.5617,245.0327,-82.48804,-643.874,-989.3542,-865.2977,-841.6591,-863.9792,24,24,24,24,24,24,24,24,24,24,24,24,25,24,25,24,251,2510,-907.1717,-906.1053,234.525,-317.0724,-0.264337,0.8590792,-0.1306194,0.7822522,-0.9059334,-1.028785,-0.2627734,0.6735148,-6.902839E-05,0.1113974,-0.602979,0.2260214,24,24,24,24,24,24,24,24,24,24,24,24,24,24,24,24
252,2520,-915.5423,-913.1848,-919.8447,-896.1876,-867.9243,-863.7399,-801.4716,-273.974,127.583,238.7561,-107.4101,-659.5045,-964.3588,-885.2266,-894.3594,-879.5213,24,24,24,24,24,24,24,24,24,24,24,24,25,24,25,24,252,2520,-864.8747,-877.025,233.6084,-319.3961,0.654906,0.3682006,0.9141734,-0.1303866,2.407967E-05,0.001376554,-0.1313787,-0.2694322,-0.1280493,0.1113974,-0.0008451964,0.4520717,24,24,24,24,24,24,24,24,24,24,24,24,24,24,24,24
253,2530,-887.5291,-894.4547,-877.642,-896.1876,-906.1902,-884.8398,-797.5183,-261.9368,128.4501,242.8174,-104.7993,-689.0005,-998.4,-871.7418,-895.7902,-930.6054,24,24,24,24,24,24,24,24,24,24,24,24,25,24,25,24,253,2530,-929.9987,-903.342,229.811,-323.9144,0.260945,0.1227582,-0.1306194,0.6518752,0.3882927,-0.3849336,1.926374E-05,-1.926374E-05,-0.7679585,3.371154E-05,-0.3621257,-0.5651498,24,24,24,24,24,24,24,24,24,24,24,24,24,24,24,24
254,2540,-918.7885,-932.5192,-908.5251,-882.0687,-903.6552,-934.9368,-822.3852,-253.7866,139.4742,246.7557,-96.37321,-706.0048,-1055.532,-868.9971,-883.5093,-963.9786,24,24,24,24,24,24,24,24,24,24,24,24,25,24,25,24,254,2540,-963.8364,-939.6595,221.4304,-323.269,0.260945,-1.104441,-2.086905E-05,1.434137,0.3882927,0.1301466,-0.2627734,-0.2694322,0.1279112,0.2228188,-0.1212724,0.3390482,24,24,24,24,24,24,24,24,24,24,24,24,24,24,24,24
255,2550,-931.4125,-958.2581,-967.9531,-875.983,-872.9941,-975.1625,-870.5886,-276.4817,141.9515,248.1094,-90.67673,-655.3447,-1004.946,-894.296,-883.6285,-886.2682,24,24,24,24,24,24,24,24,24,24,24,24,25,24,25,24,255,2550,-893.6098,-924.1325,224.9659,-318.7506,-0.3956579,3.852747E-05,-0.6530166,-0.6518945,1.164828,-1.157555,0.131414,-0.4041404,-0.5119964,0.2228188,-0.602979,-1.356324,24,24,24,24,24,24,24,24,24,24,24,24,24,24,24,24
256,2560,-902.5576,-900.6174,-906.5563,-899.5955,-870.097,-872.3773,-802.3642,-276.1055,131.1751,245.648,-97.91601,-640.0925,-940.3156,-878.9019,-883.6285,-856.8707,24,24,24,24,24,24,24,24,24,24,24,24,25,24,25,24,256,2560,-888.9102,-883.0778,229.1562,-316.685,-0.1330169,0.4909203,-0.6530166,0.1303673,-0.5176647,-0.9000146,-0.5255661,-0.2694322,0.5118551,-0.5567268,-0.3621257,0.2260696,24,24,24,24,24,24,24,24,24,24,24,24,24,24,24,24
257,2570,-891.8572,-884.7874,-848.3587,-873.1835,-902.5688,-887.6778,-783.8734,-242.5017,143.314,255.3706,-82.13201,-659.8826,-973.0475,-819.4733,-831.4053,-853.9792,24,24,24,24,24,24,24,24,24,24,24,24,25,24,25,24,257,2570,-894.684,-879.5251,235.1798,-314.4904,-0.001696814,0.3682006,0.6529748,-1.043025,0.7765597,0.1301466,1.926374E-05,-1.926374E-05,-0.6399782,-1.559001,-0.0008451964,0.5651435,24,24,24,24,24,24,24,24,24,24,24,24,24,24,24,24
258,2580,-837.2734,-853.1556,-847.9896,-815.7344,-830.0206,-895.3281,-810.2706,-256.9213,144.4288,248.6017,-79.40244,-635.8067,-983.5218,-882.0045,-856.5631,-843.9792,24,24,24,24,24,24,24,24,24,24,24,24,25,24,25,24,258,2580,-886.2247,-896.8943,237.1439,-315.1359,-0.1330169,-0.49084,-1.175414,-0.2607636,0.5177145,-0.5137036,0.2628087,-0.9429679,-0.1280525,-0.4453631,0.1195812,1.926374E-05,24,24,24,24,24,24,24,24,24,24,24,24,24,24,24,24
259,2590,-873.2218,-864.6375,-894.8676,-889.0065,-850.5416,-835.2365,-779.7928,-258.6767,136.3775,248.3556,-84.98026,-635.0504,-937.5779,-827.23,-835.6976,-820.7264,24,24,24,24,24,24,24,24,24,24,24,24,25,24,25,24,259,2590,-921.9422,-929.9223,236.7511,-317.5887,0.1296241,-0.49084,0.3917762,0.3911213,-1.035355,0.5164568,-0.6569608,-0.1347257,0.1279112,0.1114552,-0.2416989,0.4521167,24,24,24,24,24,24,24,24,24,24,24,24,24,24,24,24
260,2600,-820.2009,-818.8312,-797.6664,-801.4938,-817.4664,-829.4371,-760.9194,-241.7494,143.4379,258.4473,-57.68462,-606.3106,-924.4852,-783.3149,-784.5474,-805.5458,24,24,24,24,24,24,24,24,24,24,24,24,25,24,25,24,260,2600,-1012.579,-971.3717,232.0371,-319.9124,-0.264337,0.1227582,-0.2612195,-0.2607636,-0.2588211,-1.543865,1.926374E-05,0.5388083,-0.2560327,0.1114552,-0.2416989,-1.017206,24,24,24,24,24,24,24,24,24,24,24,24,24,24,24,24
261,2610,-800.1226,-805.4156,-815.7532,-795.5298,-781.2527,-808.0903,-771.1213,-262.6891,134.5195,243.0636,-85.81099,-622.4453,-934.8403,-867.0877,-844.4016,-829.7625,24,24,24,24,24,24,24,24,24,24,24,24,25,24,25,24,261,2610,-983.1721,-974.6614,229.9419,-318.8797,0.3923164,0.3682006,0.3917762,0.5214983,-0.77651,0.3876867,0.3942035,0.2693937,0.6398354,-0.2226358,-0.4825526,0.1130428,24,24,24,24,24,24,24,24,24,24,24,24,24,24,24,24
262,2620,-847.9738,-839.9818,-870.2598,-886.2071,-850.4211,-821.2933,-780.5579,-284.5065,117.426,239.0022,-101.7137,-659.3784,-960.788,-869.9518,-878.8593,-889.4008,24,24,24,24,24,24,24,24,24,24,24,24,25,24,25,24,262,2620,-894.5497,-893.6047,233.0846,-315.5232,0.1296754,-0.3681204,-0.1306194,-0.7822714,0.2588693,-0.3849336,-0.2627734,0.4041018,-1.023922,-0.5567268,-0.1212724,0.2260696,24,24,24,24,24,24,24,24,24,24,24,24,24,24,24,24
263,2630,-881.0366,-886.5134,-859.5553,-846.8933,-867.8036,-897.6725,-803.5118,-257.5482,137.3684,250.0786,-85.33628,-662.1516,-991.9726,-843.8174,-841.3015,-873.3768,24,24,24,24,24,24,24,24,24,24,24,24,25,24,25,24,263,2630,-868.2316,-881.6304,238.0606,-312.1667,0.9175984,-0.6135596,-0.2612195,0.3911213,0.3882927,0.001376554,0.5255982,-0.4041404,0.5118551,0.4455462,-0.1212724,0.3390931,24,24,24,24,24,24,24,24,24,24,24,24,24,24,24,24
264,2640,-877.7904,-874.7898,-871.244,-838.7385,-836.5391,-882.989,-813.2036,-260.8083,143.5617,246.6326,-88.77791,-637.8235,-973.8807,-888.4485,-857.1592,-831.4492,24,24,24,24,24,24,24,24,24,24,24,24,25,24,25,24,264,2640,-890.6556,-878.9987,237.4059,-315.5232,-0.6582475,3.852747E-05,-0.5224181,-0.2607571,0.3882927,-0.5137036,-1.313938,-1.926374E-05,0.1279112,-0.2226358,0.1195812,1.926374E-05,24,24,24,24,24,24,24,24,24,24,24,24,24,24,24,24
265,2650,-855.5482,-843.366,-870.2598,-884.9898,-859.2331,-837.2108,-783.1083,-268.7077,126.0966,237.8946,-107.7662,-665.807,-956.9792,-856.2282,-869.0824,-888.9189,24,24,24,24,24,24,24,24,24,24,24,24,25,24,25,24,265,2650,-850.2385,-851.6288,235.9655,-320.0415,0.2609963,-0.2454007,0.1305776,0.3911277,0.7765581,-1.157555,0.2628087,-0.1347257,-0.5119964,-0.2226358,-0.4825526,-0.3390546,24,24,24,24,24,24,24,24,24,24,24,24,24,24,24,24
266,2660,-882.239,-888.5681,-863.6156,-862.5945,-890.739,-903.2252,-808.8678,-264.1938,128.0785,243.1866,-88.06585,-659.6305,-992.9248,-853.8416,-856.2054,-879.2803,24,24,24,24,24,24,24,24,24,24,24,24,25,24,25,24,266,2660,-875.0796,-880.8409,228.1087,-319.9124,-0.001645444,-0.7362825,0.2611777,-0.6518881,-0.2588227,0.001376554,1.926374E-05,-0.1347257,0.1279112,-0.2226358,-0.0008451964,0.4521167,24,24,24,24,24,24,24,24,24,24,24,24,24,24,24,24
267,2670,-888.2504,-889.7767,-897.0823,-876.1047,-879.2713,-917.045,-841.8961,-282.7511,129.6888,244.9096,-91.74482,-667.8239,-1030.18,-908.1387,-888.0402,-892.5333,24,24,24,24,24,24,24,24,24,24,24,24,25,24,25,24,267,2670,-865.2775,-849.1287,227.8468,-317.8469,-1.183529,0.4909203,0.1305776,0.5215046,1.035403,0.9027677,0.3942099,0.8082213,-1.407866,9.150275E-05,0.1195812,-0.5651049,24,24,24,24,24,24,24,24,24,24,24,24,24,24,24,24
268,2680,-910.4927,-920.9589,-937.5624,-923.0866,-879.7542,-909.5182,-842.5337,-298.6753,125.8489,242.4482,-105.0366,-668.8323,-1004.827,-932.1251,-922.8557,-902.6536,24,24,24,24,24,24,24,24,24,24,24,24,25,24,25,24,268,2680,-843.9276,-868.6034,228.7634,-316.1687,0.1296754,-1.472603,-0.7836167,-3.210623E-06,-0.3882445,-0.1273935,-0.9197471,-0.8082598,0.1279112,0.2228188,-0.1212724,0.5651435,24,24,24,24,24,24,24,24,24,24,24,24,24,24,24,24
269,2690,-906.7656,-899.0829,-884.7784,-879.0259,-883.0134,-883.4825,-805.2972,-274.7263,118.5408,236.5408,-98.5094,-666.3113,-983.5218,-878.7825,-895.5517,-897.3524,24,24,24,24,24,24,24,24,24,24,24,24,25,24,25,24,269,2690,-867.4259,-887.2885,233.6084,-313.3286,-0.6582475,3.852747E-05,0.3917762,0.3911277,1.294249,0.6452268,-1.051142,0.2693937,-6.902839E-05,9.150275E-05,-0.0008451964,-1.130229,24,24,24,24,24,24,24,24,24,24,24,24,24,24,24,24
270,2700,-891.8572,-889.7767,-854.8798,-857.4825,-895.2053,-915.441,-819.3246,-269.5854,123.4955,239.8637,-93.76233,-687.8661,-1028.632,-873.4125,-900.2017,-957.4727,24,24,24,24,24,24,24,24,24,24,24,24,25,24,25,24,270,2700,-954.9741,-936.6331,237.4059,-318.2342,0.3923164,0.3682006,-0.391818,0.7822586,-0.7765115,-1.157555,-0.5255597,-1.926374E-05,-0.5119932,0.2227642,-1.205113,-0.1130075,24,24,24,24,24,24,24,24,24,24,24,24,24,24,24,24
271,2710,-922.7561,-934.3745,-924.7662,-879.9995,-907.6387,-974.7922,-858.6015,-278.8641,127.8308,238.0176,-93.16894,-675.2609,-1028.156,-867.8038,-855.2515,-874.2201,24,24,24,24,24,24,24,24,24,24,24,24,25,24,25,24,271,2710,-954.437,-918.4744,235.0488,-317.4597,0.6549574,0.245481,0.7835749,-0.782265,0.2588677,0.1301466,0.1314172,0.6735148,-0.5119932,-0.6681451,-0.0008455978,1.926374E-05,24,24,24,24,24,24,24,24,24,24,24,24,24,24,24,24
272,2720,-896.0653,-892.7982,-926.9811,-909.9414,-873.2357,-891.1328,-821.8751,-284.7573,124.6103,238.8791,-100.2896,-641.2269,-947.6952,-865.4171,-867.4131,-849.6418,24,24,24,24,24,24,24,24,24,24,24,24,25,24,25,24,272,2720,-819.4893,-837.944,231.6442,-322.1071,0.3923164,-0.1226811,-1.175414,-0.5215111,-0.2588227,-0.6424745,0.3942099,-0.4041404,-0.5119932,0.3341279,0.2400081,-0.4520749,24,24,24,24,24,24,24,24,24,24,24,24,24,24,24,24
273,2730,-864.5651,-866.2087,-857.7097,-880.4865,-906.3109,-887.061,-809.5054,-288.1428,108.5077,233.9563,-111.8012,-692.9072,-1008.041,-920.7882,-949.5634,-946.0269,24,24,24,24,24,24,24,24,24,24,24,24,25,24,25,24,273,2730,-867.963,-862.6821,222.8708,-327.6583,-0.5269274,-1.718043,0.3917762,0.6518816,-0.1293993,0.2589166,0.1314172,-0.5388469,0.5118567,0.5568552,-0.4825526,2.568498E-05,24,24,24,24,24,24,24,24,24,24,24,24,24,24,24,24
274,2740,-946.9219,-942.0656,-893.022,-907.5071,-960.5109,-958.2579,-824.6805,-267.4538,123.3716,241.0944,-90.08335,-689.2527,-1040.297,-879.0212,-903.3016,-946.7498,24,24,24,24,24,24,24,24,24,24,24,24,25,24,25,24,274,2740,-888.2388,-870.314,222.2161,-319.267,-0.2642856,-0.2454007,0.2611777,-0.1303802,0.5177129,-0.7712445,-0.5255597,-1.926374E-05,-0.3840129,-0.5567814,-0.1212724,-1.017199,24,24,24,24,24,24,24,24,24,24,24,24,24,24,24,24
275,2750,-906.1643,-919.831,-918.6143,-876.5916,-880.8406,-948.2631,-854.7758,-280.7449,129.3172,237.2792,-91.15144,-654.5884,-1015.778,-893.1027,-867.2939,-861.0876,24,24,24,24,24,24,24,24,24,24,24,24,25,24,25,24,275,2750,-902.4719,-876.8933,232.6918,-314.1031,0.6549574,1.349961,0.7835749,0.1303738,-0.3882445,0.001376554,2.247436E-05,-0.8082598,0.2558947,-0.2226904,-0.1212724,-0.3390514,24,24,24,24,24,24,24,24,24,24,24,24,24,24,24,24
276,2760,-878.151,-869.1991,-906.9255,-916.0272,-867.6829,-853.992,-802.8743,-278.6133,124.9818,240.2329,-100.8829,-651.185,-955.9078,-865.0591,-874.9247,-860.8466,24,24,24,24,24,24,24,24,24,24,24,24,25,24,25,24,276,2760,-847.2845,-844.7864,235.3107,-317.3306,-0.2642856,0.245481,-0.2612195,-0.3911341,2.247436E-05,0.3876867,0.5256046,0.2693937,-0.5119932,-0.7795087,-0.3621261,2.568498E-05,24,24,24,24,24,24,24,24,24,24,24,24,24,24,24,24
277,2770,-865.046,-877.7787,-852.665,-857.6041,-889.1697,-895.575,-804.022,-265.573,125.1057,237.4023,-101.8323,-676.2693,-991.3775,-840.3568,-853.2245,-883.8585,24,24,24,24,24,24,24,24,24,24,24,24,25,24,25,24,277,2770,-869.44,-858.6028,235.1798,-319.6543,0.3923164,-0.6135596,0.2611777,0.2607507,0.5177129,-0.2561635,0.3942099,-0.2694322,0.5118567,0.3341279,0.8421419,0.2260728,24,24,24,24,24,24,24,24,24,24,24,24,24,24,24,24
278,2780,-883.5613,-907.6261,-900.6506,-861.3773,-875.5292,-937.528,-840.1108,-271.9678,134.6434,241.0944,-101.7137,-676.5215,-1025.181,-904.3201,-882.0786,-898.3163,24,24,24,24,24,24,24,24,24,24,24,24,25,24,25,24,278,2780,-870.6484,-852.4184,234.525,-319.267,-1.052209,-0.1226811,0.2611777,-3.210623E-06,-0.5176663,-0.5137045,-0.7883492,-0.8082598,0.1279128,3.692216E-05,-0.1212724,-0.9041756,24,24,24,24,24,24,24,24,24,24,24,24,24,24,24,24
279,2790,-905.443,-900.8591,-952.0811,-930.998,-894.3603,-951.4713,-863.7024,-292.1551,135.7582,244.9096,-106.1047,-661.5213,-1006.851,-970.67,-935.971,-883.7382,24,24,24,24,24,24,24,24,24,24,24,24,25,24,25,24,279,2790,-875.214,-898.0786,229.2872,-328.691,0.1296754,0.4909203,-0.9141622,0.6518816,2.247436E-05,-0.1273935,0.6569993,0.6735148,0.1279128,0.6682189,-0.96426,-0.1130011,24,24,24,24,24,24,24,24,24,24,24,24,24,24,24,24
280,2800,-943.4352,-933.9692,-930.5491,-987.9603,-981.3941,-916.4281,-814.6063,-280.118,127.2114,245.7711,-123.7875,-708.6495,-1022.919,-934.7504,-961.6058,-960.3643,24,24,24,24,24,24,24,24,24,24,24,24,25,24,25,24,280,2800,-892.6699,-910.974,224.7041,-325.5927,0.2609963,0.1227582,0.3918308,-1.564533,0.6471363,-0.7712445,-0.5255597,0.1346872,-0.1280493,-1.447692,-0.4825526,2.568498E-05,24,24,24,24,24,24,24,24,24,24,24,24,24,24,24,24
281,2810,-948.4849,-983.0302,-926.4888,-923.5734,-976.9277,-1003.543,-848.5272,-259.429,134.024,249.8324,-92.10085,-685.093,-1034.584,-884.6299,-895.6708,-921.8102,24,24,24,24,24,24,24,24,24,24,24,24,25,24,25,24,281,2810,-920.465,-921.764,229.5491,-318.6215,-0.1329655,0.3682006,-1.044761,-0.2607604,0.9059799,0.1301466,1.445374,0.5388083,0.1279128,0.8909462,0.1195812,-0.1130011,24,24,24,24,24,24,24,24,24,24,24,24,24,24,24,24
282,2820,-913.2579,-927.8065,-912.0932,-880.6082,-896.4124,-951.9648,-844.9566,-266.5761,136.3775,245.4018,-86.64173,-673.118,-1031.727,-874.4865,-862.5246,-887.2321,24,24,24,24,24,24,24,24,24,24,24,24,25,24,25,24,282,2820,-946.1118,-895.9732,231.5133,-321.9781,0.5236365,-1.349881,0.2612307,0.2607475,-0.9059366,0.3876867,-0.7883492,-0.6735533,-0.7679569,0.2227642,-0.4825526,-0.2260246,24,24,24,24,24,24,24,24,24,24,24,24,24,24,24,24
283,2830,-893.4201,-884.5458,-926.7349,-917.4877,-868.5279,-879.1638,-818.1769,-286.7635,128.574,242.202,-100.6456,-646.5211,-966.8582,-896.6826,-887.8016,-858.9189,24,24,24,24,24,24,24,24,24,24,24,24,25,24,25,24,283,2830,-885.6875,-908.737,229.5491,-324.8181,-0.7895676,-0.7362825,0.3918308,0.2607475,0.9059799,-1.286325,-0.3941649,0.4041018,0.1279128,0.2227642,-0.3621261,-0.7911488,24,24,24,24,24,24,24,24,24,24,24,24,24,24,24,24
284,2840,-882.4792,-875.7244,-870.2598,-893.3882,-895.6882,-874.1047,-804.4045,-277.1086,121.7613,242.6943,-95.54247,-664.4205,-980.5463,-862.9111,-868.6055,-876.2683,24,24,24,24,24,24,24,24,24,24,24,24,25,24,25,24,284,2840,-850.5071,-852.9447,234.7869,-317.976,0.2609963,1.227241,0.1306322,-6.421245E-06,-0.6470914,0.1301466,0.9197921,-1.926374E-05,0.1279128,-0.2226904,-0.4825526,-0.4520749,24,24,24,24,24,24,24,24,24,24,24,24,24,24,24,24
285,2850,-876.8284,-882.9749,-857.5866,-838.3733,-848.1275,-869.7861,-803.0018,-259.6798,136.2536,243.0635,-89.37128,-650.8069,-966.8582,-821.9793,-815.5475,-833.6179,24,24,24,24,24,24,24,24,24,24,24,24,25,24,25,24,285,2850,-931.61,-911.1056,234.1322,-323.6563,-0.1329655,0.6136399,0.2612307,-0.9126452,0.7765566,0.001376554,-0.5255597,0.5388083,-0.8959371,-0.4454177,0.1195812,-0.7911488,24,24,24,24,24,24,24,24,24,24,24,24,24,24,24,24
286,2860,-858.5538,-856.2692,-886.5009,-881.4601,-844.8683,-858.4341,-810.143,-284.7573,127.8308,239.4945,-110.9704,-662.0255,-983.5218,-923.4136,-907.1171,-880.726,24,24,24,24,24,24,24,24,24,24,24,24,25,24,25,24,286,2860,-923.0162,-944.1335,228.5015,-326.8837,0.7862783,-0.8590021,-1.305959,0.2607475,0.2588661,-0.5137036,0.1314172,-0.9429679,-6.902839E-05,0.5568552,-0.2416989,2.568498E-05,24,24,24,24,24,24,24,24,24,24,24,24,24,24,24,24
287,2870,-896.9067,-881.6456,-859.4323,-867.7064,-879.5128,-863.8633,-783.6184,-254.0374,132.1661,246.6325,-85.2176,-653.0758,-954.3605,-803.7212,-821.6284,-852.0515,24,24,24,24,24,24,24,24,24,24,24,24,25,24,25,24,287,2870,-920.7335,-953.4761,228.7634,-319.0088,-0.3956065,-0.3681204,0.5224293,0.2607475,0.7765566,0.1301466,-1.970911,0.4041018,-0.1280493,-0.4454177,0.9625688,-0.2260246,24,24,24,24,24,24,24,24,24,24,24,24,24,24,24,24
288,2880,-850.4984,-857.7192,-849.7121,-819.3858,-829.2963,-895.8217,-822.5126,-268.8331,134.7672,244.1711,-84.14951,-647.0253,-992.8058,-878.9019,-859.6631,-845.3045,24,24,24,24,24,24,24,24,24,24,24,24,25,24,25,24,288,2880,-910.7972,-911.5003,232.299,-320.4289,0.1296754,3.852747E-05,-0.9141622,-0.3911373,0.2588661,-1.028785,0.3942099,1.347049,-1.151901,0.2227642,-0.3621257,-1.017206,24,24,24,24,24,24,24,24,24,24,24,24,24,24,24,24
289,2890,-866.9698,-883.579,-902.127,-916.6356,-870.3386,-877.8065,-841.2584,-337.6708,89.43233,220.4186,-70.85773,-618.2855,-996.8527,-1008.26,-955.0482,-895.1838,24,24,24,24,24,24,24,24,24,24,24,24,25,24,25,24,289,2890,-931.7442,-931.5013,230.9895,-324.8181,0.3923164,0.245481,0.7836279,0.1303705,-0.6470914,0.001376554,0.5256046,-0.4041404,0.5118567,-0.4454177,-0.7234063,-0.1130075,24,24,24,24,24,24,24,24,24,24,24,24,24,24,24,24
290,2900,-960.6282,-944.4823,-936.5781,-960.6962,-961.4765,-922.1041,-842.2786,-304.9447,106.1542,246.0172,-65.63596,-633.2856,-1007.565,-912.9122,-912.244,-898.6777,24,24,24,24,24,24,24,24,24,24,24,24,25,24,25,24,290,2900,-911.6027,-926.7643,229.2872,-323.7854,0.3923164,0.3682006,-0.1305664,-0.7822682,-0.1294009,-0.3849336,-0.1313723,0.6735148,-1.023919,3.692216E-05,-0.0008451964,-0.3390546,24,24,24,24,24,24,24,24,24,24,24,24,24,24,24,24
291,2910,-910.9736,-901.5842,-899.2969,-920.4088,-925.0214,-883.7293,-803.3843,-266.7015,125.2296,241.2175,-103.3751,-690.8914,-1006.613,-846.2042,-862.6439,-894.9429,24,24,24,24,24,24,24,24,24,24,24,24,25,24,25,24,291,2910,-875.4825,-897.0259,231.5132,-325.7218,0.2609963,-1.104441,0.2612307,1.043009,0.3882895,0.3876867,0.1314172,-0.2694322,0.7678204,0.8909462,-0.1212724,0.5651435,24,24,24,24,24,24,24,24,24,24,24,24,24,24,24,24
292,2920,-879.5939,-883.0956,-869.6446,-841.051,-831.2277,-869.2925,-807.3375,-272.0932,132.4138,238.633,-97.55998,-643.6219,-966.8582,-883.556,-864.1939,-856.5092,24,24,24,24,24,24,24,24,24,24,24,24,25,24,25,24,292,2920,-912.9456,-906.3685,223.5255,-334.2422,-0.2642856,0.1227582,3.210623E-05,-0.6518912,-0.1294009,-1.028785,-0.7883492,-0.1347257,-6.902839E-05,-0.7795087,0.3604349,-0.9041788,24,24,24,24,24,24,24,24,24,24,24,24,24,24,24,24
293,2930,-876.9489,-871.6157,-883.7941,-878.1738,-865.7515,-880.5211,-807.8476,-277.4848,122.1329,232.7256,-112.2759,-656.6053,-961.383,-884.8686,-881.4825,-856.3888,24,24,24,24,24,24,24,24,24,24,24,24,25,24,25,24,293,2930,-924.6276,-919.2639,219.4662,-332.4348,0.7862783,0.8590792,-0.391765,0.9126323,-0.1294009,-0.5137036,-0.1313723,-0.1347257,-0.5119932,0.2227642,-0.8438327,-0.3390546,24,24,24,24,24,24,24,24,24,24,24,24,24,24,24,24
294,2940,-863.6035,-874.3951,-863.6156,-867.8281,-881.9269,-868.5521,-798.921,-270.4631,125.725,241.7097,-89.60864,-661.0171,-997.0907,-883.3172,-885.7747,-894.22,24,24,24,24,24,24,24,24,24,24,24,24,25,24,25,24,294,2940,-954.7055,-943.4756,229.0253,-319.5251,0.2609963,3.852747E-05,0.3918308,-0.6518912,-0.2588243,-0.2561635,-0.1313723,0.4041018,0.1279128,-0.6681451,0.3604349,0.1130428,24,24,24,24,24,24,24,24,24,24,24,24,24,24,24,24
295,2950,-886.447,-894.8171,-895.606,-906.4117,-928.0392,-930.7415,-818.942,-266.0746,130.6797,242.5712,-97.4413,-667.9499,-984.8311,-846.0849,-849.5284,-853.6177,24,24,24,24,24,24,24,24,24,24,24,24,25,24,25,24,295,2950,-878.168,-909.5266,233.3465,-328.0455,-0.9208885,0.245481,-0.391818,-6.421245E-06,0.7765566,0.1301466,0.2628151,0.4041018,-0.2560311,-0.2226904,0.2400081,-0.4520814,24,24,24,24,24,24,24,24,24,24,24,24,24,24,24,24
296,2960,-842.4432,-844.7893,-846.636,-837.8864,-833.7627,-849.0562,-802.3641,-279.2402,121.142,237.4023,-91.03276,-644.6303,-960.6689,-849.5456,-845.2361,-835.7865,24,24,24,24,24,24,24,24,24,24,24,24,25,24,25,24,296,2960,-903.949,-919.2639,227.0611,-330.6275,-0.3956065,-0.8590021,-0.7836167,0.5215014,-0.3882461,0.001376554,-0.1313723,-0.9429679,-0.5119932,0.4454916,-0.602979,0.4521167,24,24,24,24,24,24,24,24,24,24,24,24,24,24,24,24
297,2970,-834.1475,-833.7928,-839.3768,-847.7453,-850.7832,-847.4521,-796.4981,-278.6133,120.6465,240.7252,-90.43938,-650.9329,-953.1704,-833.9128,-847.9785,-859.1598,24,24,24,24,24,24,24,24,24,24,24,24,25,24,25,24,297,2970,-930.1329,-923.0798,228.7634,-327.2709,-0.7895676,-0.2454007,-2.086905E-05,0.5215014,1.164828,-0.7712442,-0.9197471,0.1346872,-6.902839E-05,-0.7795087,-0.1212724,-0.9041788,24,24,24,24,24,24,24,24,24,24,24,24,24,24,24,24
298,2980,-850.1379,-853.0065,-839.6229,-845.311,-872.7527,-881.2614,-806.0623,-271.5916,120.8942,233.9564,-94.94909,-666.1852,-974.1188,-823.1727,-829.8553,-863.9792,24,24,24,24,24,24,24,24,24,24,24,24,25,24,25,24,298,2980,-958.4652,-927.159,225.0969,-332.1766,-0.5269274,0.245481,-0.2612195,0.5215014,-0.9059334,-1.286376,-0.3941649,-0.2694322,-0.639975,-0.2226904,-0.602979,-0.1130075,24,24,24,24,24,24,24,24,24,24,24,24,24,24,24,24
299,2990,-859.2753,-868.8364,-890.0691,-860.0385,-858.388,-932.5923,-854.5208,-287.7666,127.4591,236.5408,-95.89851,-665.5549,-1030.775,-910.4061,-876.2361,-885.5453,24,24,24,24,24,24,24,24,24,24,24,24,25,24,25,24,299,2990,-919.2565,-939.9228,221.2994,-328.0455,0.6549574,-0.1226811,0.5223764,-0.1303834,0.1294475,-0.1274449,0.7883909,0.1346872,0.7678204,-0.4454177,0.3604349,0.3390931,24,24,24,24,24,24,24,24,24,24,24,24,24,24,24,24
300,3000,-907.2466,-902.6716,-948.8819,-935.7448,-892.3083,-916.7982,-852.3529,-304.5685,122.1329,236.91,-105.7487,-666.6893,-1019.111,-944.2972,-910.9324,-882.6537,24,24,24,24,24,24,24,24,24,24,24,24,25,24,25,24,300,3000,-891.5956,-907.0264,230.8585,-324.5599,-0.1329655,-0.3681204,-0.391818,-0.9126452,-0.77651,-0.6425259,-0.2627734,-0.2694322,-1.535845,-0.2226904,-0.3621257,-0.1130075,24,24,24,24,24,24,24,24,24,24,24,24,24,24,24,24
301,3010,-929.9698,-910.647,-947.8976,-973.5981,-908.363,-883.6058,-834.1172,-304.6939,120.0272,240.1099,-117.6163,-671.6053,-985.7833,-938.9271,-936.4481,-900.7259,24,24,24,24,24,24,24,24,24,24,24,24,25,24,25,24,301,3010,-876.5566,-865.577,231.6442,-329.3365,0.7862783,-0.7362825,0.5223764,0.9126323,0.2588693,0.2588653,1.926374E-05,-0.8082598,0.1279112,0.1114006,-0.9642596,0.7911938,24,24,24,24,24,24,24,24,24,24,24,24,24,24,24,24
302,3020,-893.1797,-913.1848,-883.917,-891.1973,-926.8321,-922.7209,-814.9888,-261.4352,122.8761,236.5408,-106.5794,-711.9238,-1031.013,-855.1543,-896.6247,-982.1712,24,24,24,24,24,24,24,24,24,24,24,24,25,24,25,24,302,3020,-879.9135,-883.7358,225.4897,-335.1458,-1.183529,-0.6135596,-0.2612195,-0.2607604,0.6471379,-1.028836,-0.6569608,-0.2694322,0.6398354,-0.4453631,0.3604349,-0.2260311,24,24,24,24,24,24,24,24,24,24,24,24,24,24,24,24
303,3030,-993.4506,-971.7921,-956.8796,-902.882,-888.0833,-927.78,-836.5401,-279.6164,129.8126,239.3714,-98.27205,-661.269,-994.1151,-883.0786,-868.9631,-868.7984,24,24,24,24,24,24,24,24,24,24,24,24,25,24,25,24,303,3030,-843.9275,-839.2598,226.6682,-328.9492,0.1296754,0.245481,0.1305776,0.6518784,2.407967E-05,-0.900066,-0.1313787,-1.926374E-05,0.2558914,0.6682734,-0.1212724,-0.3390546,24,24,24,24,24,24,24,24,24,24,24,24,24,24,24,24
304,3040,-869.134,-857.2358,-868.168,-867.5847,-847.6446,-852.7579,-795.733,-271.4662,130.3081,243.1866,-101.595,-652.4454,-958.8835,-879.7372,-875.5208,-847.7141,24,24,24,24,24,24,24,24,24,24,24,24,25,24,25,24,304,3040,-908.9172,-901.4998,224.9659,-327.4001,0.1296754,-0.3681204,-0.1306194,-0.5215143,-0.1293977,0.1300952,-0.1313787,-0.5388469,0.3838733,0.2228188,-0.2416989,-0.3390546,24,24,24,24,24,24,24,24,24,24,24,24,24,24,24,24
305,3050,-869.6149,-861.7069,-852.9111,-882.5557,-904.5002,-878.1766,-799.8137,-270.4631,118.0453,235.4332,-120.3459,-710.7903,-1020.301,-898.592,-927.2672,-931.4487,24,24,24,24,24,24,24,24,24,24,24,24,25,24,25,24,305,3050,-996.8682,-979.5301,223.1327,-330.7566,-0.1329655,1.104522,-0.391818,-6.421245E-06,-0.2588211,0.3876353,-0.5255661,-0.1347257,-0.3840145,-0.1112722,0.1195812,-0.1130075,24,24,24,24,24,24,24,24,24,24,24,24,24,24,24,24
306,3060,-918.3076,-936.2653,-882.3176,-844.8242,-901.7238,-970.3502,-848.5272,-264.6953,132.7854,243.9251,-93.52498,-694.6702,-1052.676,-902.1721,-903.1825,-948.4365,24,24,24,24,24,24,24,24,24,24,24,24,25,24,25,24,306,3060,-972.43,-958.7396,224.835,-327.1418,0.1296754,-1.104441,-2.086905E-05,0.5215014,-0.2588211,-0.1274449,0.6569961,-0.4041404,-0.1280525,-0.2226358,-1.084686,0.678167,24,24,24,24,24,24,24,24,24,24,24,24,24,24,24,24
307,3070,-925.6415,-935.1777,-934.1172,-893.3882,-915.1229,-997.9899,-885.2535,-291.9044,133.6524,245.4019,-79.99583,-657.6136,-1067.435,-964.1066,-922.021,-914.9427,24,24,24,24,24,24,24,24,24,24,24,24,25,24,25,24,307,3070,-897.9066,-918.7376,232.8228,-319.7834,-0.001645444,-0.3681204,-0.1306194,-6.421245E-06,0.3882927,-0.6425259,-0.9197503,0.5388083,0.2558914,0.1114552,0.1195812,-0.5651049,24,24,24,24,24,24,24,24,24,24,24,24,24,24,24,24
308,3080,-960.3876,-923.9395,-950.9737,-941.1002,-896.2917,-899.3999,-839.0905,-302.1862,118.5408,242.8174,-103.7312,-643.7478,-969.2387,-932.7217,-938.3557,-903.3765,24,24,24,24,24,24,24,24,24,24,24,24,25,24,25,24,308,3080,-893.8782,-885.1832,230.7276,-330.2402,0.3923164,3.852747E-05,-0.1306194,0.6518784,-0.388243,-0.900066,-0.3941681,-1.926374E-05,-0.5119964,0.4455462,-1.084686,-0.9041788,24,24,24,24,24,24,24,24,24,24,24,24,24,24,24,24
309,3090,-915.903,-911.9763,-875.7964,-896.9179,-929.4877,-918.0321,-816.9017,-275.3532,117.9215,233.7102,-113.4627,-702.6043,-1014.349,-870.7872,-903.3016,-940.9667,24,24,24,24,24,24,24,24,24,24,24,24,25,24,25,24,309,3090,-944.0977,-919.9218,221.8233,-329.0783,-0.001645444,-0.3681204,0.1305776,-1.303776,-0.5176647,-0.2562149,0.3942035,0.1346872,0.1279112,-0.4453631,-0.0008451964,1.926374E-05,24,24,24,24,24,24,24,24,24,24,24,24,24,24,24,24
310,3100,-909.05,-942.3072,-911.2319,-869.2887,-909.5701,-991.697,-862.9372,-270.8393,132.7854,240.4791,-102.3071,-698.3224,-1054.937,-917.2083,-908.1901,-917.9548,24,24,24,24,24,24,24,24,24,24,24,24,25,24,25,24,310,3100,-963.2992,-975.1877,222.478,-325.7218,-0.3956065,0.1227582,-0.391818,-0.2607604,0.6471379,0.5164054,0.6569961,0.4041018,-1.535848,0.4455462,1.082995,-0.4520814,24,24,24,24,24,24,24,24,24,24,24,24,24,24,24,24
311,3110,-896.5462,-915.239,-919.3524,-880.243,-876.7363,-934.3199,-854.1382,-295.9167,121.6374,234.8179,-104.3246,-659.6304,-1004.708,-910.6448,-883.3901,-874.4611,24,24,24,24,24,24,24,24,24,24,24,24,25,24,25,24,311,3110,-972.0272,-977.8195,224.1803,-327.1418,0.2609963,-1.472603,-1.305959,-6.421245E-06,2.407967E-05,-0.2562149,-0.3941681,-1.077674,-0.2560327,0.3341825,-0.602979,-0.4520814,24,24,24,24,24,24,24,24,24,24,24,24,24,24,24,24
312,3120,-883.4412,-873.1866,-916.6456,-930.511,-892.1876,-882.0018,-828.2512,-305.07,108.2599,226.203,-128.1786,-686.7315,-995.0673,-922.2203,-931.0825,-929.0391,24,24,24,24,24,24,24,24,24,24,24,24,25,24,25,24,312,3120,-950.4086,-973.8719,226.7992,-321.7198,-0.2642856,-0.2454007,0.7836279,0.7822554,2.407967E-05,0.5164054,-0.1313787,0.6735148,0.7678172,0.2228188,0.7217151,1.926374E-05,24,24,24,24,24,24,24,24,24,24,24,24,24,24,24,24
313,3130,-924.9202,-929.0148,-916.8918,-920.1653,-929.3669,-927.4099,-833.8622,-285.7603,116.3112,235.4332,-113.9374,-689.5046,-998.519,-900.2627,-924.4056,-928.0751,24,24,24,24,24,24,24,24,24,24,24,24,25,24,25,24,313,3130,-928.5215,-920.0533,234.2632,-321.7198,0.1296754,0.6136399,3.210623E-05,-0.2607604,-0.5176663,-1.543917,-0.6569608,0.6735148,-1.279884,-0.3339995,-0.9642596,-0.7911552,24,24,24,24,24,24,24,24,24,24,24,24,24,24,24,24
314,3140,-905.924,-924.5436,-884.2863,-886.0852,-937.4548,-942.5872,-831.1843,-271.09,124.1148,238.7561,-102.7818,-700.2115,-1034.108,-861.121,-873.8516,-916.7499,24,24,24,24,24,24,24,24,24,24,24,24,25,24,25,24,314,3140,-889.7158,-921.3692,230.5967,-324.9472,0.2609963,-0.1226811,3.210623E-05,0.2607475,-0.5176663,-0.1273935,0.5255982,0.5388083,1.279743,0.1114552,-0.9642596,-0.2260311,24,24,24,24,24,24,24,24,24,24,24,24,24,24,24,24
315,3150,-873.5825,-928.6522,-926.7349,-881.0949,-880.5991,-952.2116,-869.3134,-294.0359,125.2296,235.064,-96.37321,-665.1766,-1034.941,-935.5858,-909.7402,-903.8585,24,24,24,24,24,24,24,24,24,24,24,24,25,24,25,24,315,3150,-859.7722,-855.5764,226.6683,-327.6583,-0.1329655,0.981802,0.2612307,-0.2607604,0.5177129,0.001376554,-0.262767,0.9429294,-1.279884,0.1114552,0.2400081,-0.1130075,24,24,24,24,24,24,24,24,24,24,24,24,24,24,24,24
316,3160,-935.9813,-923.4562,-941.1304,-930.6329,-904.5001,-932.2222,-855.4135,-299.8037,124.1148,238.3869,-110.2584,-669.0844,-1011.136,-942.149,-918.3248,-880.2441,24,24,24,24,24,24,24,24,24,24,24,24,25,24,25,24,316,3160,-890.387,-883.4725,220.9066,-331.1439,1.180239,-0.49084,0.1306322,-0.5215143,0.2588677,-0.2561635,0.9197921,-0.6735533,0.3838733,-0.3339995,-0.3621257,0.3390931,24,24,24,24,24,24,24,24,24,24,24,24,24,24,24,24
317,3170,-910.4927,-897.7172,-892.0378,-925.2774,-915.6057,-869.2925,-811.0357,-289.6474,112.3475,236.5408,-115.9548,-691.7737,-997.9239,-901.0981,-923.2133,-932.292,24,24,24,24,24,24,24,24,24,24,24,24,25,25,25,24,317,3170,-927.9845,-942.4229,223.0018,-323.5272,-0.9208885,-0.7362825,0.5224293,0.2607475,-0.5176663,-0.5137045,-1.313931,0.1346872,-6.902839E-05,-0.5567268,-0.3621257,-0.7911552,24,24,24,24,24,24,24,24,24,24,24,24,24,24,24,24
318,3180,-933.9374,-954.5121,-911.3549,-902.2733,-944.6975,-954.9263,-842.4062,-279.491,120.7704,239.9868,-104.5619,-708.3976,-1042.082,-881.3204,-907.7132,-955.4245,24,24,24,24,24,24,24,24,24,24,24,24,25,25,25,24,318,3180,-894.1468,-913.0793,230.3348,-323.269,0.1296754,0.1227582,-0.1305664,-0.2607604,2.247436E-05,-1.286325,0.7883941,0.4041018,0.7678204,0.7795826,-0.2416989,-1.130229,24,24,24,24,24,24,24,24,24,24,24,24,24,24,24,24
319,3190,-921.674,-941.2196,-931.6566,-885.4768,-887.8419,-942.4637,-854.0107,-283.0018,127.9546,236.5408,-101.2389,-703.612,-1081.123,-912.3527,-892.6902,-936.6295,24,24,24,24,24,24,24,24,24,24,24,24,25,25,25,24,319,3190,-934.1613,-920.843,231.5133,-318.7506,0.5236365,0.7363595,0.1306322,-6.421245E-06,-1.035357,-0.5137045,0.1314172,-0.2694322,-0.1280493,-0.3340541,-0.9642596,1.926374E-05,24,24,24,24,24,24,24,24,24,24,24,24,24,24,24,24
320,3200,-945.5996,-930.7066,-957.6179,-922.9647,-877.2192,-897.796,-839.4732,-296.2929,123.1239,236.5408,-110.4957,-664.2944,-985.6644,-904.4753,-892.0941,-863.2562,24,24,24,24,24,24,24,24,24,24,24,24,25,25,25,24,320,3200,-961.285,-951.2392,232.5609,-321.7198,-0.3956065,0.7363595,0.5224293,-0.1303834,0.3882911,0.7739977,-0.262767,0.6735148,-0.639975,3.692216E-05,-0.2416989,0.3390996,24,24,24,24,24,24,24,24,24,24,24,24,24,24,24,24
321,3210,-863.1224,-852.7647,-847.3744,-845.5544,-854.2838,-847.4522,-783.1083,-268.7077,117.9215,231.8642,-110.6144,-684.8409,-981.4985,-845.2751,-866.4594,-893.0151,24,24,24,24,24,24,24,24,24,24,24,24,25,25,25,24,321,3210,-885.9559,-929.2643,226.6683,-322.4944,0.3923164,-0.49084,-1.436559,0.3911245,2.247436E-05,-0.3849336,-0.262767,-0.6735533,-6.902839E-05,-0.1113267,-0.1212724,-0.2260246,24,24,24,24,24,24,24,24,24,24,24,24,24,24,24,24
322,3220,-868.8934,-882.6459,-866.5685,-833.6263,-850.7831,-906.4333,-829.7815,-278.3625,125.8489,233.8333,-104.6806,-675.2609,-999.9473,-870.459,-861.2131,-876.3887,24,24,24,24,24,24,24,24,24,24,24,24,25,25,25,24,322,3220,-866.8887,-883.0778,226.9301,-316.9433,0.2609963,-0.7362825,1.044827,1.303763,0.1294459,0.3876867,-0.3941649,-0.4041404,1.023782,-0.4454177,0.1195812,-0.1130011,24,24,24,24,24,24,24,24,24,24,24,24,24,24,24,24
323,3230,-881.2771,-879.1408,-890.8074,-869.2887,-842.2125,-852.1411,-807.4651,-281.748,126.0966,240.9714,-92.21952,-643.874,-965.1918,-885.9752,-873.1363,-849.8829,24,24,24,24,24,24,24,24,24,24,24,24,25,25,25,24,323,3230,-899.2492,-879.1302,233.8703,-318.2342,-0.2642856,0.7363595,3.210623E-05,-0.1303834,-0.7765115,-1.157555,-0.6569544,0.1346872,-1.151901,-0.1113267,-1.205113,-1.243249,24,24,24,24,24,24,24,24,24,24,24,24,24,24,24,24
324,3240,-888.8515,-886.6343,-889.577,-904.3425,-914.5193,-913.3433,-830.6741,-288.3935,120.5227,235.3101,-119.2778,-675.2609,-989.116,-930.0173,-926.5518,-896.991,24,24,24,24,24,24,24,24,24,24,24,24,25,25,25,24,324,3240,-883.6732,-874.9196,232.0371,-315.265,0.7862783,0.1227582,1.044827,-0.2607604,-1.16478,0.001376554,0.6569993,-0.4041404,0.8958007,0.2227642,0.1195812,0.4521231,24,24,24,24,24,24,24,24,24,24,24,24,24,24,24,24
325,3250,-929.4888,-925.4307,-901.2657,-944.1431,-971.4957,-914.207,-813.8412,-279.9925,113.2146,234.6948,-129.0093,-737.7413,-1046.724,-917.2463,-953.7366,-980.9665,24,24,24,24,24,24,24,24,24,24,24,24,25,25,25,24,325,3250,-863.8003,-885.1832,238.7153,-309.4557,-0.001645444,0.7363595,3.210623E-05,-1.043022,-0.1293993,-0.6424745,-1.313931,0.4041018,-0.5119932,-0.4454177,-0.2416989,0.7911969,24,24,24,24,24,24,24,24,24,24,24,24,24,24,24,24
326,3260,-962.5518,-991.7834,-934.6095,-921.0174,-968.9607,-987.8718,-848.2722,-271.3408,123,242.079,-104.0872,-722.5027,-1059.698,-849.9299,-886.0131,-966.2677,24,24,24,24,24,24,24,24,24,24,24,24,25,25,25,24,326,3260,-898.5779,-886.3674,240.1558,-311.5212,-0.2642856,-0.3681718,-0.2611665,0.6518784,0.3882911,-0.9000146,0.1314172,-0.1347257,0.3838765,0.1114006,0.9625688,-0.3390514,24,24,24,24,24,24,24,24,24,24,24,24,24,24,24,24
327,3270,-967.6014,-975.709,-941.3766,-882.5555,-899.9131,-973.0648,-861.7896,-278.2371,133.9002,240.356,-93.99966,-671.3533,-1036.845,-904.2366,-878.3824,-881.6899,24,24,24,24,24,24,24,24,24,24,24,24,25,25,25,24,327,3270,-897.638,-893.9995,233.3465,-318.8797,0.1296754,-0.7363338,0.2612307,0.3911245,-0.3882445,-0.6424745,-1.051142,-0.1347257,-0.1280493,0.2227642,0.2400081,-0.2260246,24,24,24,24,24,24,24,24,24,24,24,24,24,24,24,24
328,3280,-916.0233,-902.8296,-913.9388,-912.3755,-881.3234,-885.21,-824.8081,-290.2743,120.3988,234.9409,-110.377,-661.0171,-974.595,-914.143,-907.7132,-878.7984,24,24,24,24,24,24,24,24,24,24,24,24,25,25,25,24,328,3280,-930.2672,-959.1343,229.5491,-315.265,-0.6582475,0.2454296,-0.391765,-0.2607604,0.3882911,-1.028785,0.1314172,-0.2694322,-0.2560311,0.4454916,-0.0008451964,-0.6781253,24,24,24,24,24,24,24,24,24,24,24,24,24,24,24,24
329,3290,-921.7943,-908.3892,-894.2524,-934.1626,-946.1461,-899.1532,-816.5192,-281.748,116.5589,237.5254,-116.5482,-700.4635,-998.1619,-871.6526,-909.3825,-952.4124,24,24,24,24,24,24,24,24,24,24,24,24,25,25,25,24,329,3290,-899.5178,-890.973,236.6202,-308.4229,0.5236365,0.6135885,-0.391765,-0.5215143,-0.5176679,0.1301466,-0.1313723,-0.2694322,0.5118567,-0.6681451,-0.4825526,-0.3390514,24,24,24,24,24,24,24,24,24,24,24,24,24,24,24,24
330,3300,-949.0862,-975.1046,-939.1619,-917.9745,-955.9238,-993.1776,-856.051,-268.2061,128.0785,239.0022,-106.2234,-725.1475,-1076.481,-912.1141,-926.3135,-962.2919,24,24,24,24,24,24,24,24,24,24,24,24,25,25,25,24,330,3300,-915.3625,-896.8943,239.8939,-309.7139,0.2609963,0.1227068,-0.2611665,-0.7822682,0.5177113,-0.5137045,-0.262767,0.8082213,-0.2560311,3.692216E-05,1.203422,0.6781734,24,24,24,24,24,24,24,24,24,24,24,24,24,24,24,24
331,3310,-952.8133,-968.9407,-985.1787,-904.099,-890.8597,-982.1957,-889.972,-311.3394,118.0453,232.2334,-106.5794,-676.1432,-1046.248,-965.4657,-941.9326,-911.8102,24,24,24,24,24,24,24,24,24,24,24,24,25,25,25,24,331,3310,-867.8287,-880.3145,240.4176,-311.7794,0.5236365,-0.1227325,-0.391765,0.3911245,0.3882895,0.1301466,0.1314172,-1.077674,-0.8959371,0.5568552,0.1195812,2.568498E-05,24,24,24,24,24,24,24,24,24,24,24,24,24,24,24,24
332,3320,-951.611,-923.8594,-937.5624,-965.5648,-928.522,-901.3743,-841.2585,-311.0887,115.6919,240.1099,-119.0404,-678.5382,-1022.562,-987.6657,-969.8328,-918.5571,24,24,24,24,24,24,24,24,24,24,24,24,25,25,25,24,332,3320,-857.4894,-869.3929,234.7869,-313.7159,-1.314849,-1.104493,3.210623E-05,-6.421245E-06,0.1294443,-0.3849336,-1.313931,-0.2694322,-6.902839E-05,-0.5567814,0.1195812,0.1130492,24,24,24,24,24,24,24,24,24,24,24,24,24,24,24,24
333,3330,-963.1529,-943.0764,-907.7867,-919.1917,-939.7482,-924.2017,-825.0632,-279.1148,114.8248,233.4641,-104.4432,-698.8262,-1025.062,-865.3267,-894.1209,-953.4967,24,24,24,24,24,24,24,24,24,24,24,24,25,24,25,24,333,3330,-859.1007,-846.1022,232.168,-318.3633,-0.001645444,0.6135885,0.3918308,0.5215014,0.2588661,-1.157555,-1.182537,0.2693937,-0.1279963,0.4454916,-0.9642596,-0.2260246,24,24,24,24,24,24,24,24,24,24,24,24,24,24,24,24
334,3340,-927.6854,-957.4589,-933.1329,-870.6276,-889.5319,-977.2601,-865.6152,-278.2371,131.6706,238.3869,-94.23702,-677.7819,-1042.201,-909.5707,-888.3979,-888.9189,24,24,24,24,24,24,24,24,24,24,24,24,25,24,25,24,334,3340,-894.4153,-892.9467,229.4182,-312.6831,0.7862783,-1.284249E-05,0.9142264,-0.1303834,-0.9059366,-0.2561635,0.3942099,-0.2694322,0.5119113,-0.2226936,-0.2416989,-0.1130011,24,24,24,24,24,24,24,24,24,24,24,24,24,24,24,24
335,3350,-909.7713,-895.0945,-905.3259,-890.5887,-856.3359,-862.7527,-811.8008,-286.8889,121.8852,230.3873,-118.8031,-666.1852,-965.1918,-910.7642,-903.5401,-867.1116,24,24,24,24,24,24,24,24,24,24,24,24,25,24,25,24,335,3350,-812.2382,-825.0486,232.9537,-308.9393,0.2609963,0.3681493,-0.1305664,-0.5215143,0.5177113,0.5164568,2.247436E-05,-0.2694322,-0.8958842,0.556852,0.1195812,-0.4520749,24,24,24,24,24,24,24,24,24,24,24,24,24,24,24,24
336,3360,-889.8134,-887.1177,-861.4009,-868.8019,-887.7211,-884.2228,-801.7266,-263.6922,124.2386,236.91,-106.8167,-692.4034,-1009.707,-870.7872,-896.5055,-937.3524,24,24,24,24,24,24,24,24,24,24,24,24,25,24,25,24,336,3360,-859.5035,-854.3921,238.3225,-310.3594,-0.1329655,-0.8590535,0.5224293,0.2607475,-0.7765132,0.1301466,-0.262767,-0.6735533,0.1279674,-0.11133,-0.4825526,0.6781734,24,24,24,24,24,24,24,24,24,24,24,24,24,24,24,24
337,3370,-914.2198,-924.8264,-905.2029,-871.8447,-902.5688,-961.2192,-851.7153,-274.3501,127.8307,235.8024,-108.4782,-714.0648,-1069.101,-906.3487,-905.5671,-939.0389,24,24,24,24,24,24,24,24,24,24,24,24,25,24,25,24,337,3370,-875.6168,-903.6052,240.2867,-309.4557,-0.9208885,-0.3681718,0.1306322,0.2607475,0.3882895,-0.5137045,-0.5255597,0.1346872,0.6398916,-1.002239,-0.0008455978,-0.5650985,24,24,24,24,24,24,24,24,24,24,24,24,24,24,24,24
338,3380,-930.9315,-942.7906,-961.309,-922.478,-893.5154,-949.497,-861.662,-293.6598,128.9455,238.1407,-109.4276,-673.4962,-1020.896,-944.7745,-916.7748,-897.5934,24,24,24,24,24,24,24,24,24,24,24,24,25,24,25,24,338,3380,-862.0549,-860.7083,240.1558,-312.6831,-0.2642856,0.3681493,-0.391765,0.6518784,2.086905E-05,-1.028785,2.247436E-05,0.5388083,-0.3839584,-0.11133,-0.7234063,2.568498E-05,24,24,24,24,24,24,24,24,24,24,24,24,24,24,24,24
339,3390,-966.399,-925.9937,-960.5709,-978.71,-925.9871,-914.0836,-847.507,-301.9354,123.4954,238.633,-127.9412,-686.3534,-1013.754,-977.2334,-968.5212,-936.9909,24,24,24,24,24,24,24,24,24,24,24,24,25,24,25,24,339,3390,-892.4012,-888.9992,236.7511,-310.7466,0.2609963,0.3681493,0.1306322,-0.6518912,0.3882895,0.001376554,0.3942099,-0.5388469,-0.2559765,3.371154E-05,-0.1212724,0.2260728,24,24,24,24,24,24,24,24,24,24,24,24,24,24,24,24
340,3400,-961.2293,-946.0533,-918.9834,-932.9453,-939.024,-900.5105,-812.4384,-274.8517,110.3656,230.5104,-123.1941,-732.8296,-1056.603,-894.1766,-923.2133,-973.8581,24,24,24,24,24,24,24,24,24,24,24,24,25,24,25,24,340,3400,-844.196,-846.6286,239.501,-306.3574,-0.001645444,-0.7363338,-0.391765,0.5215014,0.1294443,-0.7712445,0.1314172,-1.926374E-05,-0.7679023,3.371154E-05,-0.0008455978,2.568498E-05,24,24,24,24,24,24,24,24,24,24,24,24,24,24,24,24
341,3410,-966.0383,-966.1126,-916.0304,-862.7161,-891.101,-965.6613,-844.4465,-259.9306,143.6856,244.5404,-98.39071,-676.7735,-1015.421,-875.5604,-864.5516,-874.8226,24,24,24,24,24,24,24,24,24,24,24,24,25,24,25,24,341,3410,-941.9492,-977.2931,240.8104,-312.554,0.5235851,-0.4908914,0.6530294,0.6518784,0.5177113,-0.1273935,-0.7883492,-0.6735533,-0.5119402,-0.11133,-0.3621261,0.5651466,24,24,24,24,24,24,24,24,24,24,24,24,24,24,24,24
342,3420,-890.8954,-880.6788,-892.8989,-878.2955,-862.2508,-885.7036,-818.0494,-279.2402,129.3171,239.9868,-109.665,-659.8825,-990.6633,-921.9815,-901.1555,-885.4249,24,24,24,24,24,24,24,24,24,24,24,24,25,24,25,24,342,3420,-887.2987,-912.2899,238.1915,-307.0028,-0.9209399,-0.1227325,0.3918308,0.6518784,0.5177113,-0.3849336,-0.6569544,0.5388083,-1.44478E-05,-0.5567846,0.2400081,-0.9041756,24,24,24,24,24,24,24,24,24,24,24,24,24,24,24,24
343,3430,-908.3285,-892.5211,-903.2344,-919.1915,-900.9996,-882.7422,-806.6999,-276.2309,127.583,243.5558,-109.5463,-673.8743,-976.4993,-876.8732,-891.3786,-891.2079,24,24,24,24,24,24,24,24,24,24,24,24,25,24,25,24,343,3430,-907.1717,-894.3942,244.346,-308.2938,0.7862269,0.9817506,-0.1305664,1.303763,-0.2588243,-0.3849336,-0.1313723,-0.6735533,-0.1279963,3.371154E-05,-0.8438327,-0.3390514,24,24,24,24,24,24,24,24,24,24,24,24,24,24,24,24
344,3440,-876.9489,-878.262,-863.8616,-861.9858,-885.4275,-904.8293,-814.7338,-268.4569,128.4501,242.9405,-85.92966,-675.7651,-1006.137,-836.8961,-853.5822,-911.4487,24,24,24,24,24,24,24,24,24,24,24,24,25,24,25,24,344,3440,-881.7935,-871.3667,241.0724,-309.4557,-0.264337,-0.4908914,0.5224293,-1.173399,-0.5176679,-0.1273935,0.1314172,-1.926374E-05,-0.2559765,-0.5567846,-0.2416989,0.4521231,24,24,24,24,24,24,24,24,24,24,24,24,24,24,24,24
345,3450,-877.4297,-887.2042,-892.7759,-846.0412,-839.9189,-900.1404,-824.6805,-270.5885,139.7219,247.0018,-92.57555,-647.9076,-994.9484,-906.9454,-877.7862,-857.8346,24,24,24,24,24,24,24,24,24,24,24,24,25,24,25,24,345,3450,-938.458,-945.0546,236.882,-308.8102,-0.6582989,0.6135885,-0.6529636,-1.043022,0.3882895,0.6452268,-0.7883492,1.347049,-0.7679023,0.1113974,-0.6029794,-0.3390514,24,24,24,24,24,24,24,24,24,24,24,24,24,24,24,24
346,3460,-886.3265,-870.649,-885.0245,-891.8058,-861.0436,-851.7709,-799.0485,-276.7325,129.3172,245.5249,-97.20394,-649.0421,-946.2669,-852.1709,-861.3323,-854.9431,24,24,24,24,24,24,24,24,24,24,24,24,25,24,25,24,346,3460,-869.0372,-877.8145,239.7629,-305.7119,0.5235851,-1.104493,0.3918308,0.1303705,-0.2588243,-0.6425259,0.2628151,-1.616502,-1.44478E-05,0.1113974,-0.2416989,2.568498E-05,24,24,24,24,24,24,24,24,24,24,24,24,24,24,24,24
347,3470,-854.4661,-861.8277,-841.5916,-843.2418,-877.9435,-899.8936,-807.8476,-260.5575,129.5649,240.8482,-100.6456,-705.3751,-1030.537,-870.3098,-901.2747,-962.5329,24,24,24,24,24,24,24,24,24,24,24,24,25,24,25,24,347,3470,-905.8289,-890.4467,240.6795,-307.0028,-0.789619,-0.4908914,0.2612307,-0.6518912,0.3882895,-0.1274449,-0.3941649,0.9429294,0.1279674,-0.4454209,0.6012883,-0.4520749,24,24,24,24,24,24,24,24,24,24,24,24,24,24,24,24
348,3480,-943.5556,-976.0215,-962.4163,-891.1971,-916.9335,-1007.615,-877.6023,-269.5854,144.4288,256.355,-72.40053,-668.4541,-1066.007,-905.7521,-878.8592,-899.6417,24,24,24,24,24,24,24,24,24,24,24,24,25,24,25,24,348,3480,-891.0585,-895.9732,240.4176,-312.2958,0.260945,0.7363082,0.2612307,1.043009,-0.1294009,-1.157606,0.3942099,-0.2694322,-0.7679023,0.779581,-0.7234063,2.568498E-05,24,24,24,24,24,24,24,24,24,24,24,24,24,24,24,24
349,3490,-932.8552,-928.894,-944.5757,-933.067,-895.326,-892.9837,-824.9355,-277.2341,135.015,245.771,-100.5269,-661.8995,-987.3306,-903.0074,-894.4786,-866.5093,24,24,24,24,24,24,24,24,24,24,24,24,25,24,25,24,349,3490,-871.0512,-875.0511,242.2509,-310.8757,0.654906,0.2454296,-0.1305664,-0.7822682,2.086905E-05,-0.2562149,0.1314172,0.1346872,0.6398386,-0.4454209,-0.8438327,0.3390996,24,24,24,24,24,24,24,24,24,24,24,24,24,24,24,24
350,3500,-889.6931,-876.5703,-876.1657,-909.0893,-903.5344,-866.7013,-788.2092,-261.1845,131.0513,246.8786,-97.91601,-666.5634,-968.1675,-847.9943,-868.0093,-881.5695,24,24,24,24,24,24,24,24,24,24,24,24,25,24,25,24,350,3500,-896.9667,-874.788,241.2033,-317.4597,0.1296241,0.4908689,-0.391765,-0.7822682,0.1294443,0.3876353,-0.7883492,1.347049,-0.2560311,-0.11133,0.8421419,2.568498E-05,24,24,24,24,24,24,24,24,24,24,24,24,24,24,24,24
351,3510,-854.4661,-872.22,-862.2622,-835.9389,-850.7831,-890.2691,-814.6063,-259.9306,138.731,249.5862,-70.5017,-669.4626,-1043.511,-863.8658,-874.2093,-930.8463,24,24,24,24,24,24,24,24,24,24,24,24,25,24,25,24,351,3510,-944.7689,-920.9745,232.5608,-325.2054,0.917547,-0.9817731,-0.2611665,0.1303705,-0.3882461,-0.6425259,0.6569993,-0.9429679,-6.902839E-05,0.222761,-0.4825526,0.1130492,24,24,24,24,24,24,24,24,24,24,24,24,24,24,24,24
352,3520,-925.7617,-916.2057,-934.4864,-886.0852,-843.661,-882.1252,-824.553,-285.2589,130.6797,243.925,-92.10085,-632.7815,-949.8375,-884.0332,-867.7709,-844.3406,24,24,24,24,24,24,24,24,24,24,24,24,25,24,25,24,352,3520,-950.2744,-943.7388,227.0611,-320.1707,-0.001696814,-0.613611,0.2612307,0.2607475,-0.2588243,-0.1274449,-1.051142,0.5388083,-0.1280493,-0.3340573,-0.0008451964,-0.3390514,24,24,24,24,24,24,24,24,24,24,24,24,24,24,24,24
353,3530,-861.1989,-845.5143,-838.8846,-860.2818,-861.8885,-834.8663,-771.6312,-255.9182,130.1842,244.2942,-95.66116,-658.37,-951.6229,-840.2375,-860.4977,-869.1599,24,24,24,24,24,24,24,24,24,24,24,24,25,24,25,24,353,3530,-901.532,-937.0279,231.7752,-316.8142,0.1296241,0.4908689,0.2612307,0.2607475,0.5177113,-0.7712959,-0.6569544,0.5388083,-0.5119932,0.3341247,-0.3621257,-0.5650985,24,24,24,24,24,24,24,24,24,24,24,24,24,24,24,24
354,3540,-854.4661,-875.8776,-858.448,-858.6995,-903.7758,-920.7468,-812.3109,-258.1752,131.7945,243.925,-85.45496,-662.4037,-980.4271,-823.65,-832.1207,-862.4129,24,24,24,24,24,24,24,24,24,24,24,24,25,24,25,24,354,3540,-919.3908,-957.2922,230.7276,-318.3633,-0.001696814,-1.284249E-05,0.5224293,-0.3911373,-1.035358,-0.384985,0.2628151,-1.926374E-05,0.1279128,-0.11133,-0.8438327,-0.2260246,24,24,24,24,24,24,24,24,24,24,24,24,24,24,24,24
355,3550,-853.0234,-854.4852,-858.8171,-829.488,-819.8806,-854.1154,-791.7798,-262.9399,136.9968,245.4018,-86.99775,-616.3947,-912.3446,-845.3688,-832.8361,-801.8109,24,24,24,24,24,24,24,24,24,24,24,24,25,24,25,24,355,3550,-955.1083,-930.4487,235.1798,-313.8449,1.180188,0.8590278,0.2612307,-0.2607604,2.086905E-05,-0.1274449,0.1314172,1.077636,-6.902839E-05,3.371154E-05,-0.1212724,0.3390996,24,24,24,24,24,24,24,24,24,24,24,24,24,24,24,24
356,3560,-826.8135,-826.0828,-801.4807,-822.5504,-853.6802,-837.7043,-761.1744,-238.9909,134.7672,243.3096,-87.11642,-672.1097,-989.4731,-826.9914,-847.1438,-893.3766,24,24,24,24,24,24,24,24,24,24,24,24,25,24,25,24,356,3560,-979.6809,-987.162,242.3818,-317.5887,0.1296241,-0.4908914,-0.5223635,0.3911245,0.9059799,-0.384985,0.6569993,-0.9429679,-0.639975,-0.2226936,-0.4825526,0.1130492,24,24,24,24,24,24,24,24,24,24,24,24,24,24,24,24
357,3570,-902.4374,-895.6988,-889.8229,-841.2945,-861.4059,-935.6772,-837.4327,-268.8331,137.6162,249.217,-83.2001,-656.2271,-1001.257,-859.331,-849.5284,-866.1478,24,24,24,24,24,24,24,24,24,24,24,24,25,24,25,24,357,3570,-963.0306,-1006.9,237.5368,-321.5907,-0.264337,-0.4908914,3.210623E-05,-6.421245E-06,-0.5176679,0.3876353,-0.6569544,0.6735148,0.3838765,0.1113974,-0.2416989,2.568498E-05,24,24,24,24,24,24,24,24,24,24,24,24,24,24,24,24
358,3580,-873.7027,-879.2617,-901.0197,-879.0259,-847.0412,-863.8632,-816.264,-286.1366,127.583,243.1866,-97.79733,-651.185,-976.9755,-914.4636,-903.6595,-882.1718,24,24,24,24,24,24,24,24,24,24,24,24,25,24,25,24,358,3580,-936.5782,-999.6628,229.549,-323.7853,-0.001696814,0.245481,0.3918308,-0.1303834,0.5177113,-1.157606,-0.3941649,-0.4041404,-0.7679569,-0.5567846,-1.084686,-0.6781253,24,24,24,24,24,24,24,24,24,24,24,24,24,24,24,24
359,3590,-891.6168,-880.712,-883.0558,-905.4379,-899.6718,-879.1638,-806.955,-274.2248,129.441,247.2479,-98.03469,-668.076,-978.1656,-857.0636,-865.5055,-857.3527,24,24,24,24,24,24,24,24,24,24,24,24,25,24,25,24,359,3590,-1005.462,-977.9512,229.2872,-320.2997,0.260945,3.852747E-05,0.1306322,-0.6518912,-1.553049,0.5164054,0.6569993,-0.1347257,1.023782,-0.11133,-0.7234063,-0.3390514,24,24,24,24,24,24,24,24,24,24,24,24,24,24,24,24
360,3600,-846.0501,-849.1673,-825.8424,-825.4716,-854.2839,-866.2076,-785.9138,-251.5296,134.3956,244.7865,-91.74482,-668.8323,-985.6644,-850.8582,-872.8977,-917.2319,24,24,24,24,24,24,24,24,24,24,24,24,25,24,25,24,360,3600,-904.6204,-906.2368,231.5132,-318.3633,0.7862269,0.1227582,-0.1305664,-1.043025,0.2588661,0.001325184,-0.7883492,0.5388083,-0.3840129,-1.224967,-0.4825526,0.1130492,24,24,24,24,24,24,24,24,24,24,24,24,24,24,24,24
361,3610,-900.9946,-922.6509,-900.6505,-859.9167,-921.5206,-1001.568,-853.7556,-253.5358,143.314,246.8786,-88.42188,-715.828,-1099.453,-897.3987,-894.2401,-949.1594,24,24,24,24,24,24,24,24,24,24,24,24,25,24,25,24,361,3610,-863.3976,-851.1025,238.9772,-316.9433,0.3922651,3.852747E-05,-0.6529636,-0.3911405,0.3882895,-0.384985,0.1314172,-1.926374E-05,-0.5119932,0.1113974,0.8421419,-0.4520749,24,24,24,24,24,24,24,24,24,24,24,24,24,24,24,24
362,3620,-948.8456,-951.1741,-978.5345,-923.0866,-882.6512,-955.79,-852.6079,-278.3625,142.3231,247.9863,-95.4238,-648.0338,-988.0449,-921.7429,-892.571,-871.69,24,24,24,24,24,24,24,24,24,24,24,24,25,24,25,24,362,3620,-868.0972,-872.6826,242.3818,-319.267,0.3922651,-0.8590021,-0.5223635,1.173383,-0.7765132,0.6452268,-0.1313723,0.1346872,0.1279128,0.4454883,-0.2416989,-0.4520749,24,24,24,24,24,24,24,24,24,24,24,24,24,24,24,24
363,3630,-916.384,-898.4786,-920.46,-945.6037,-904.8624,-889.652,-811.9283,-274.2247,138.7309,251.3092,-111.8012,-667.8239,-965.906,-887.2552,-892.3324,-864.943,24,24,24,24,24,24,24,24,24,24,24,24,25,24,25,24,363,3630,-876.6909,-878.0777,237.013,-324.5599,-0.6582989,0.1227582,0.3918308,-0.5215175,0.5177113,-1.028785,-0.5255661,-0.1347257,-6.902839E-05,-0.7795119,-0.8438327,-0.6781253,24,24,24,24,24,24,24,24,24,24,24,24,24,24,24,24
364,3640,-885.8458,-894.4902,-857.4636,-856.7522,-879.0298,-883.2357,-796.8807,-262.8145,128.8217,244.6634,-100.6456,-692.9072,-1005.899,-895.4893,-919.7556,-950.0027,24,24,24,24,24,24,24,24,24,24,24,24,25,24,25,24,364,3640,-891.0585,-903.0788,232.8227,-328.3037,-0.1330169,0.8590792,3.210623E-05,1.434137,-0.6470914,0.001376554,0.7883909,0.2693937,-0.3840129,3.371154E-05,-1.205113,-0.5650985,24,24,24,24,24,24,24,24,24,24,24,24,24,24,24,24
365,3650,-947.1625,-946.9439,-899.051,-882.0687,-934.7991,-975.9028,-843.9364,-254.0374,145.4197,253.7706,-77.62229,-687.614,-1060.412,-853.8416,-854.5361,-901.9307,24,24,24,24,24,24,24,24,24,24,24,24,25,24,25,24,365,3650,-919.2565,-925.7116,226.7992,-327.1418,0.3922651,0.6136399,0.6530294,-0.2607636,0.2588661,-0.7712442,-0.1313787,-0.1347257,-0.1280493,-0.7795119,0.1195812,0.3390996,24,24,24,24,24,24,24,24,24,24,24,24,24,24,24,24
366,3660,-905.2026,-889.7767,-943.3453,-911.1585,-857.0602,-882.3719,-822.1301,-281.6226,140.3412,250.0785,-98.74674,-639.7143,-961.1451,-926.397,-913.1979,-867.4731,24,24,24,24,24,24,24,24,24,24,24,24,25,24,25,24,366,3660,-884.8817,-879.9198,227.323,-326.3673,0.5235851,0.3682006,-0.9141622,-0.3911405,0.9059799,-0.1273935,0.6569961,-0.8082598,-1.023919,0.6682173,0.2400081,-0.3390514,24,24,24,24,24,24,24,24,24,24,24,24,24,24,24,24
367,3670,-904.1206,-884.3378,-855.4951,-874.7659,-887.2384,-868.0586,-787.699,-254.9151,134.5195,243.6789,-103.0191,-683.0762,-986.3784,-861.3596,-885.0593,-893.9791,24,24,24,24,24,24,24,24,24,24,24,24,25,24,25,25,367,3670,-916.571,-897.947,232.5608,-320.6871,0.260945,-1.472603,-0.2611665,0.1303673,-0.6470914,0.001376554,-1.051145,-0.4041404,-6.902839E-05,0.4454883,0.1195812,0.1130492,24,24,24,24,24,24,24,24,24,24,24,24,24,24,24,24
368,3680,-893.6606,-906.939,-875.4274,-868.9236,-905.5867,-930.0011,-815.2439,-255.7928,137.2445,246.2633,-87.11642,-669.3365,-1001.852,-839.4021,-844.5207,-885.0635,24,24,24,24,24,24,24,24,24,24,24,24,25,24,25,25,368,3680,-907.5745,-913.7372,238.9772,-323.0108,-0.1330169,0.3682006,0.3918308,0.9126291,0.2588661,-0.7712442,-0.1313787,0.6735148,-0.1280493,0.1113974,1.203422,-0.3390514,24,24,24,24,24,24,24,24,24,24,24,24,24,24,24,24
369,3690,-883.8019,-897.7534,-912.9544,-864.907,-848.4897,-907.9141,-829.2713,-270.9647,139.9696,242.6943,-100.5269,-650.3027,-972.5714,-891.1934,-878.9785,-863.3767,24,24,24,24,24,24,24,24,24,24,24,24,25,24,25,25,369,3690,-898.0409,-914.5267,233.4775,-330.3693,-0.6582989,0.3682006,-0.2611665,-0.2607636,-1.035358,-0.5137036,0.3942035,-0.2694322,-0.1280493,-0.4454209,-0.602979,-0.1130011,24,24,24,24,24,24,24,24,24,24,24,24,24,24,24,24
370,3700,-879.5939,-871.5266,-893.3911,-919.8002,-890.3769,-870.0328,-807.21,-281.8734,127.9546,241.3405,-119.5152,-671.9836,-978.0466,-944.6551,-938.7133,-906.2682,24,24,24,24,24,24,24,24,24,24,24,24,25,24,25,25,370,3700,-927.8502,-903.7368,224.5731,-332.4348,-0.264337,0.8590792,0.2612307,-0.1303866,0.5177113,-0.1273935,0.3942035,0.9429294,-1.279881,3.371154E-05,0.4808614,0.2260728,24,24,24,24,24,24,24,24,24,24,24,24,24,24,24,24
371,3710,-933.9374,-913.1028,-898.4358,-923.5734,-940.4727,-919.1427,-822.7677,-277.6102,122.7522,242.5712,-103.7312,-681.0593,-1002.209,-882.3624,-909.3825,-907.1115,24,24,24,24,24,24,24,24,24,24,24,24,25,24,25,25,371,3710,-921.6735,-930.4486,223.3946,-328.691,-0.5269788,-1.227161,-1.044761,0.6518752,2.086905E-05,-0.5137036,0.2628087,0.8082213,-0.1280493,-0.6681482,-0.4825526,-0.4520749,24,24,24,24,24,24,24,24,24,24,24,24,24,24,24,24
372,3720,-902.798,-923.0134,-863.6156,-889.3715,-962.563,-962.2064,-829.2713,-261.8114,131.9183,246.5095,-99.10278,-700.5894,-1037.321,-856.7056,-872.1824,-924.5812,24,24,24,24,24,24,24,24,24,24,24,24,25,24,25,25,372,3720,-898.3094,-900.0524,224.5731,-327.5291,0.260945,-0.6135596,-0.1305664,-0.2607636,0.2588661,-0.1273935,-0.7883556,0.6735148,0.1279128,-0.5567846,0.3604349,2.568498E-05,24,24,24,24,24,24,24,24,24,24,24,24,24,24,24,24
373,3730,-877.4298,-931.9572,-939.1619,-864.055,-862.1301,-958.7514,-861.9171,-280.118,140.4651,248.3555,-85.69231,-679.1686,-1064.935,-911.122,-887.2055,-913.1355,24,24,24,24,24,24,24,24,24,24,24,24,25,24,25,25,373,3730,-955.7797,-942.0281,231.7752,-324.0435,0.2609963,0.7363595,0.1306322,0.5214983,0.6471347,-1.286325,1.926374E-05,-0.2694322,-0.8959371,0.4454883,-0.602979,-0.1130011,24,24,24,24,24,24,24,24,24,24,24,24,24,24,24,24
374,3740,-945.5995,-933.7701,-992.8071,-972.7459,-901.4824,-922.8444,-859.6216,-309.0824,124.2386,238.7561,-124.7369,-678.5383,-1034.941,-994.7755,-959.5788,-880.967,24,24,24,24,24,24,24,24,24,24,24,24,25,24,25,25,374,3740,-948.6631,-934.133,239.2391,-322.2362,-0.1329655,3.852747E-05,0.7836279,-0.5215175,-0.1294009,0.5164568,0.3942035,0.1346872,0.5118567,-0.5567846,-0.9642596,0.5651466,24,24,24,24,24,24,24,24,24,24,24,24,24,24,24,24
375,3750,-976.0174,-942.8347,-960.6938,-1011.816,-966.788,-890.1455,-805.4456,-275.3532,127.0875,245.7711,-114.7681,-687.2358,-986.0213,-879.4985,-914.5095,-938.7981,24,24,24,24,24,24,24,24,24,24,24,24,25,24,25,25,375,3750,-925.5674,-936.6332,234.9179,-328.9492,-0.7895676,0.1227582,-0.2612195,-1.303779,-0.2588243,0.5164568,-0.9197503,-0.1347257,-0.5119932,0.1113974,0.1195812,0.2260728,24,24,24,24,24,24,24,24,24,24,24,24,24,24,24,24
376,3760,-891.4965,-961.9307,-900.6506,-894.2401,-962.2008,-1004.159,-867.1778,-279.8672,121.2658,234.8178,-109.665,-745.0457,-1126.59,-936.6597,-951.9481,-1025.183,24,24,24,24,24,24,24,24,24,24,24,24,25,24,25,25,376,3760,-962.4935,-972.556,225.0969,-336.4368,0.6549574,0.1227582,-0.391818,-6.421245E-06,2.086905E-05,0.1301466,-0.1313787,-0.8082598,-0.639975,0.222761,-0.3621257,0.1130492,24,24,24,24,24,24,24,24,24,24,24,24,24,24,24,24
377,3770,-1023.027,-1030.096,-996.6215,-926.738,-955.0788,-1067.583,-916.793,-284.2558,133.157,240.479,-98.98409,-709.2792,-1103.499,-922.6975,-921.9018,-980.364,24,24,24,24,24,24,24,24,24,24,24,24,25,24,25,25,377,3770,-932.9527,-959.2659,221.4304,-328.1746,-0.5269274,-0.2454007,0.2611777,0.3911245,0.1294459,-0.2561635,-1.970915,-1.926374E-05,-0.1280493,-0.2226936,0.2400081,-0.1130011,24,24,24,24,24,24,24,24,24,24,24,24,24,24,24,24
378,3780,-1014.972,-1000.848,-1034.764,-960.3311,-908.9666,-1004.53,-915.2625,-321.7466,127.9546,241.5867,-111.5638,-667.6978,-1054.58,-1053.369,-992.9637,-917.2319,24,24,24,24,24,24,24,24,24,24,24,24,25,24,25,25,378,3780,-970.6844,-961.7661,230.3347,-320.8161,-0.001645444,0.6136399,0.5223764,0.6518784,-0.2588227,-0.2562149,0.5255982,0.5388083,-6.902839E-05,0.222761,-0.7234063,-0.2260246,24,24,24,24,24,24,24,24,24,24,24,24,24,24,24,24
379,3790,-1007.517,-968.8198,-949.1281,-1003.296,-984.6534,-914.9472,-826.8733,-289.6474,117.3022,239.3714,-119.5151,-700.5894,-1028.156,-939.0463,-952.9019,-922.5331,24,24,24,24,24,24,24,24,24,24,24,24,25,24,25,25,379,3790,-918.8537,-933.6066,234.525,-326.1091,0.1296754,3.852747E-05,0.1305776,-0.6518912,-0.7765115,-0.6425259,-0.3941681,-0.2694322,0.1279128,-0.6681482,0.1195812,-0.1130011,24,24,24,24,24,24,24,24,24,24,24,24,24,24,24,24
380,3800,-923.9584,-925.6724,-873.8278,-872.3314,-922.0035,-932.7157,-816.0319,-249.6488,138.4832,247.9863,-93.76232,-688.2443,-1027.085,-858.3763,-861.9285,-903.9789,24,24,24,24,24,24,24,24,24,24,24,24,25,24,25,25,380,3800,-896.4295,-922.5535,236.2273,-323.5272,0.2609963,0.3682006,-0.5224181,-0.9126452,2.247436E-05,0.3876353,-0.6569608,0.5388083,-0.2560311,0.222761,-0.4825526,0.4521231,24,24,24,24,24,24,24,24,24,24,24,24,24,24,24,24
381,3810,-854.4661,-885.5464,-901.3887,-863.8115,-855.2495,-914.3303,-837.9697,-279.6164,134.3956,240.9713,-99.22144,-658.8742,-986.4974,-882.6012,-865.8632,-860.3647,24,24,24,24,24,24,24,24,24,24,24,24,25,24,25,25,381,3810,-923.1505,-912.553,236.0964,-326.1091,0.3923164,-0.8590021,-0.2612195,0.3911245,0.2588677,-0.5137558,0.3942035,-1.616502,-0.5119964,-0.11133,-0.602979,-0.1130011,24,24,24,24,24,24,24,24,24,24,24,24,24,24,24,24
382,3820,-883.2008,-876.3611,-889.2078,-898.9871,-875.5292,-883.4824,-813.6085,-282.375,128.6978,242.8174,-107.6475,-664.9247,-966.1442,-869.4744,-867.1747,-850.4852,24,24,24,24,24,24,24,24,24,24,24,24,25,24,24,25,382,3820,-885.6874,-880.4462,229.811,-330.2401,-0.5269274,-0.7362825,0.2611777,0.7822554,0.1294459,-0.7712959,-1.182543,0.2693937,0.1279112,-0.6681451,-0.1212724,-0.9041756,24,24,24,24,24,24,24,24,24,24,24,24,24,24,24,24
383,3830,-849.2963,-863.0663,-846.1439,-842.7549,-866.9586,-876.6958,-805.9557,-269.4601,125.8489,240.6021,-102.6631,-686.8577,-998.7571,-862.4337,-876.8325,-902.2921,24,24,24,24,24,24,24,24,24,24,24,24,25,24,24,24,383,3830,-856.1467,-864.3927,223.9184,-329.3365,0.3923164,0.4909203,-0.2612195,-0.1303834,-0.1293993,-0.7712959,-0.1313787,-0.2694322,-0.2560327,3.692216E-05,-0.602979,-0.6781253,24,24,24,24,24,24,24,24,24,24,24,24,24,24,24,24
384,3840,-885.2446,-908.8727,-881.7025,-855.2916,-891.1011,-941.5998,-836.9494,-265.1969,135.1388,241.2175,-95.42379,-678.1601,-1016.254,-872.2191,-856.8016,-880.0031,24,24,24,24,24,24,24,24,24,24,24,24,25,24,24,24,384,3840,-918.5851,-907.0264,225.2278,-325.0763,-0.1329655,-0.1226811,0.3917762,-1.043022,-0.1293993,0.001325184,0.7883909,-0.5388469,0.1279112,-1.002236,-0.1212724,-3.852747E-05,24,24,24,24,24,24,24,24,24,24,24,24,24,24,24,24
385,3850,-901.2349,-910.9273,-935.4708,-902.882,-888.9282,-965.908,-877.3814,-295.4153,131.1751,237.4023,-104.4432,-690.8914,-1077.671,-945.6097,-905.5672,-906.6296,24,24,24,24,24,24,24,24,24,24,24,24,25,24,24,24,385,3850,-999.6882,-970.977,231.5132,-319.0088,-0.5269274,-0.1226811,-0.6530166,-0.1303834,-0.7765115,-0.2562149,0.131414,0.2693937,-0.8959403,-0.3340541,-0.7234063,-0.1130621,24,24,24,24,24,24,24,24,24,24,24,24,24,24,24,24
386,3860,-946.0803,-904.6051,-942.73,-929.4156,-870.58,-854.6088,-808.8893,-282.1242,129.441,239.7406,-124.7369,-681.8156,-974.595,-877.8278,-883.1516,-872.8948,24,24,24,24,24,24,24,24,24,24,24,24,25,24,24,24,386,3860,-993.78,-1025.717,234.0012,-324.4308,0.5236365,-0.8590021,-0.1306194,0.7822554,0.3882911,-0.1274449,-0.2627734,-1.077674,0.7678172,0.5568552,-0.2416989,-0.3391124,24,24,24,24,24,24,24,24,24,24,24,24,24,24,24,24
387,3870,-877.5499,-874.9993,-869.1523,-895.0922,-908.1216,-886.197,-798.303,-267.9554,125.4773,239.6175,-109.5463,-696.4334,-999.3522,-851.8129,-873.7324,-914.9427,24,24,24,24,24,24,24,24,24,24,24,24,25,24,24,24,387,3870,-884.3447,-898.3417,231.9061,-321.7198,-1.183529,-0.9817218,-0.1306194,0.1303705,0.3882911,-0.1274449,-0.7883556,0.1346872,0.3838733,-0.3340541,0.2400081,-0.9042366,24,24,24,24,24,24,24,24,24,24,24,24,24,24,24,24
388,3880,-898.9506,-903.2759,-903.4804,-881.9471,-897.7404,-943.0806,-840.6482,-270.3377,136.3775,243.5558,-103.7312,-685.219,-1026.966,-878.9019,-870.394,-897.1116,24,24,24,24,24,24,24,24,24,24,24,24,25,24,24,24,388,3880,-908.783,-884.7885,231.3823,-325.5927,0.2609963,0.4909203,-0.7836167,0.7822554,-0.3882445,-0.5137558,0.2628087,0.6735148,0.1279112,0.2227642,-0.9642596,-3.852747E-05,24,24,24,24,24,24,24,24,24,24,24,24,24,24,24,24
389,3890,-910.9734,-912.0971,-928.0884,-902.882,-870.5799,-897.9192,-838.4799,-295.1645,124.3625,235.187,-119.7525,-670.0928,-987.0927,-931.2897,-915.821,-876.3887,24,24,24,24,24,24,24,24,24,24,24,24,25,24,24,24,389,3890,-911.6028,-890.4467,226.1445,-326.8837,0.7862783,0.1227582,0.6529748,-1.043022,-0.5176663,-0.6425259,1.926374E-05,0.2693937,-0.6399782,-0.6681451,-0.7234063,-0.452136,24,24,24,24,24,24,24,24,24,24,24,24,24,24,24,24
390,3900,-912.4163,-906.4177,-900.0353,-933.554,-933.8334,-899.8936,-811.5677,-274.4756,122.5045,238.5099,-111.9198,-700.5894,-1009.945,-868.8777,-885.6556,-920.4849,24,24,24,24,24,24,24,24,24,24,24,24,25,24,24,24,390,3900,-890.5214,-916.1058,223.5256,-322.1071,0.1296754,-0.49084,-0.7836167,-0.3911373,-0.3882445,-0.2562149,-0.2627734,0.4041018,-0.7679585,1.00231,0.3604349,-0.3391124,24,24,24,24,24,24,24,24,24,24,24,24,24,24,24,24
391,3910,-907.006,-938.3195,-929.3187,-902.6385,-919.4685,-956.6538,-851.7153,-281.1211,128.3262,236.4177,-103.9685,-688.4963,-1046.963,-910.7642,-895.194,-897.8345,24,24,24,24,24,24,24,24,24,24,24,24,25,24,24,24,391,3910,-908.5145,-910.0528,230.4657,-317.5887,1.180239,-1.227161,0.2611777,0.3911245,0.3882911,0.1300952,-0.3941681,-1.077674,-0.5119964,0.2227642,-1.445967,-3.852747E-05,24,24,24,24,24,24,24,24,24,24,24,24,24,24,24,24
392,3920,-916.7446,-903.6384,-929.6879,-920.8956,-895.0846,-903.9656,-847.252,-303.44,117.1783,234.0794,-115.0054,-678.6643,-1020.658,-958.3786,-939.0711,-903.015,24,24,24,24,24,24,24,24,24,24,24,24,25,24,24,24,392,3920,-941.5464,-912.6846,232.0371,-318.8797,-1.183529,-0.8590021,0.3917762,-0.1303834,2.247436E-05,-0.1274449,-0.1313787,0.6735148,0.3838733,-0.5567814,-0.3621257,-0.9042366,24,24,24,24,24,24,24,24,24,24,24,24,24,24,24,24
393,3930,-975.1758,-958.3789,-972.7517,-1001.227,-966.5464,-939.1321,-859.1115,-311.9663,115.8158,238.2638,-124.7369,-691.8996,-1018.277,-972.46,-967.6866,-934.9427,24,24,24,24,24,24,24,24,24,24,24,24,25,24,24,24,393,3930,-874.811,-902.6841,233.6084,-317.4597,0.6549574,1.227241,-0.7836167,0.5215014,-1.294204,-1.157606,0.131414,0.2693937,-7.06337E-05,0.3341279,-0.2416989,-0.452136,24,24,24,24,24,24,24,24,24,24,24,24,24,24,24,24
394,3940,-956.9011,-934.09,-906.6794,-922.1129,-944.6975,-923.2146,-818.1769,-271.09,125.4773,241.7097,-109.5463,-704.9973,-1019.467,-868.9971,-893.0479,-923.8583,24,24,24,24,24,24,24,24,24,24,24,24,25,24,24,24,394,3940,-921.4048,-906.2368,234.9179,-318.6215,0.1296754,0.1227582,0.3917762,-0.7822682,-0.2588243,-0.7712959,0.2628087,-0.8082598,-0.1280525,-0.1113267,-0.3621257,-0.2260888,24,24,24,24,24,24,24,24,24,24,24,24,24,24,24,24
395,3950,-910.8533,-926.7189,-924.3972,-883.2858,-907.518,-972.3245,-868.1656,-282.3749,130.6797,239.1253,-105.63,-698.9522,-1046.486,-890.8353,-893.4056,-930.1234,24,24,24,24,24,24,24,24,24,24,24,24,25,24,24,24,395,3950,-879.3764,-858.7345,230.8586,-317.8469,-0.001645444,0.6136399,-0.5224181,-0.2607604,0.3882895,0.001325184,0.131414,-0.4041404,-0.5119964,3.692216E-05,0.1195812,-0.2260888,24,24,24,24,24,24,24,24,24,24,24,24,24,24,24,24
396,3960,-931.5327,-932.5192,-965.3693,-937.814,-929.6083,-1003.419,-900.4288,-301.8099,126.5921,235.8024,-103.2565,-693.9147,-1087.669,-959.3333,-925.121,-934.3402,24,24,24,24,24,24,24,24,24,24,24,24,25,24,24,24,396,3960,-918.3165,-918.3429,227.7159,-316.9433,0.5236365,-1.840762,0.7835749,1.043009,0.5177113,0.001325184,0.2628087,-0.4041404,-0.5119964,0.6682189,-0.0008451964,0.4520621,24,24,24,24,24,24,24,24,24,24,24,24,24,24,24,24
397,3970,-988.1605,-941.9447,-1005.972,-962.4002,-902.0859,-944.0678,-873.0115,-311.214,124.4864,239.9868,-125.093,-678.0341,-1000.899,-952.1732,-958.3866,-932.0511,24,24,24,24,24,24,24,24,24,24,24,24,25,25,24,24,397,3970,-868.9029,-906.1053,226.9301,-316.4268,-0.3956065,-0.3681204,-0.2612195,-0.7822682,0.1294443,-1.028836,-0.3941681,0.1346872,-0.1280493,3.692216E-05,-0.602979,-1.808435,24,24,24,24,24,24,24,24,24,24,24,24,24,24,24,24
398,3980,-957.2617,-958.4997,-900.2814,-913.2277,-962.563,-968.6228,-843.2988,-276.2309,126.3444,242.0789,-112.3946,-716.2058,-1039.107,-879.0526,-907.7132,-956.0268,24,24,24,24,24,24,24,24,24,24,24,24,25,25,25,24,398,3980,-923.8219,-930.975,229.0253,-312.2958,0.1296754,0.6136399,0.6529748,0.3911245,-0.7765132,-0.2562149,0.131414,0.1346872,0.5118567,1.225037,-0.3621257,0.3390353,24,24,24,24,24,24,24,24,24,24,24,24,24,24,24,24
399,3990,-926.2427,-941.7029,-932.0256,-881.8252,-904.7416,-988.3654,-873.9041,-281.9987,132.4138,238.5099,-102.0697,-697.6928,-1064.697,-919.9913,-905.9247,-934.3402,24,24,24,24,24,24,24,24,24,24,24,24,25,25,25,25,399,3990,-902.8749,-882.1567,237.6678,-305.1955,0.5236365,0.245481,0.5223764,-0.7822682,0.5177113,-0.2562149,0.131414,0.5388083,-0.5119932,-0.6681451,0.2400081,0.3390353,24,24,24,24,24,24,24,24,24,24,24,24,24,24,24,24
400,4000,-927.5651,-922.4895,-957.2488,-925.399,-882.289,-918.7725,-848.2722,-296.7944,125.9728,239.8637,-110.377,-666.1852,-999.5903,-944.5787,-926.3134,-893.6176,24,24,24,24,24,24,24,24,24,24,24,24,25,25,25,25,400,4000,-858.295,-860.4451,238.1916,-311.263,0.2609963,-0.9817218,-0.7836167,-6.421245E-06,0.6471347,-0.384985,0.5255982,-0.6735533,-0.2560311,0.1114006,0.6012883,0.1130428,24,24,24,24,24,24,24,24,24,24,24,24,24,24,24,24
401,4010,-919.0289,-896.1464,-881.9485,-905.4379,-911.9843,-882.2486,-808.8677,-274.0993,124.7341,242.9404,-107.0541,-693.7887,-1003.637,-866.5204,-892.094,-906.991,24,24,24,24,24,24,24,24,24,24,24,24,25,25,25,25,401,4010,-853.864,-867.8138,233.0846,-312.2958,0.5236365,-0.2454007,0.3917762,0.7822554,-0.6470914,0.001325184,-0.9197503,-0.4041404,-0.1280493,-0.5567814,-0.8438327,-0.9041788,24,24,24,24,24,24,24,24,24,24,24,24,24,24,24,24
402,4020,-886.6874,-902.1883,-880.595,-855.4133,-877.9435,-917.9088,-832.3318,-274.8517,128.8217,237.8946,-95.4238,-664.4205,-988.6399,-852.0783,-849.886,-873.1358,24,24,24,24,24,24,24,24,24,24,24,24,25,25,25,25,402,4020,-879.2422,-873.8669,229.9419,-312.4249,-1.052209,3.852747E-05,0.6529748,-0.7822682,1.035402,-0.5137558,-0.3941681,0.2693937,0.1279128,-0.7795087,0.1195812,-0.6781285,24,24,24,24,24,24,24,24,24,24,24,24,24,24,24,24
403,4030,-872.38,-857.9609,-892.0378,-873.7922,-851.2659,-872.0071,-819.7072,-284.1303,128.2024,239.3714,-104.6806,-657.2355,-982.8076,-923.572,-904.017,-879.8827,24,24,24,24,24,24,24,24,24,24,24,24,25,25,25,25,403,4030,-880.3165,-867.6824,230.8586,-303.3881,0.1296754,0.3682006,-0.5224181,-0.1303834,-0.1294009,-0.5137558,-0.1313787,0.4041018,-0.1280493,0.2227642,-1.205113,-0.3390546,24,24,24,24,24,24,24,24,24,24,24,24,24,24,24,24
404,4040,-886.9278,-884.9083,-924.2742,-944.9951,-910.7771,-884.3463,-832.5869,-299.1768,121.8852,239.7406,-129.484,-687.488,-1005.899,-990.1722,-980.9213,-921.9307,24,24,24,24,24,24,24,24,24,24,24,24,25,25,25,25,404,4040,-820.6978,-832.4173,231.2514,-310.1012,0.3923164,0.6136399,-0.2612195,-1.173399,-0.1294009,-0.6425259,0.131414,0.9429294,-0.2560311,-0.4454177,0.3604349,0.7911938,24,24,24,24,24,24,24,24,24,24,24,24,24,24,24,24
405,4050,-1003.309,-980.3717,-931.6566,-961.3048,-984.7741,-946.7824,-832.7145,-278.6133,122.2568,244.6634,-104.3246,-716.3317,-1039.583,-887.7656,-928.9364,-980.8461,24,24,24,24,24,24,24,24,24,24,24,24,25,25,25,25,405,4050,-867.963,-855.1816,235.9655,-299.257,-0.264337,0.4909203,0.2611777,0.1303705,0.6471347,-0.1274449,-0.1313787,-1.926374E-05,-1.023919,0.3341279,-0.6029794,-0.6781285,24,24,24,24,24,24,24,24,24,24,24,24,24,24,24,24
406,4060,-953.1739,-987.5015,-936.2089,-895.7009,-942.404,-1009.095,-876.4545,-270.5885,135.5104,245.648,-80.35186,-674.5046,-1050.176,-880.8429,-875.64,-895.4248,24,24,24,24,24,24,24,24,24,24,24,24,25,25,25,25,406,4060,-895.4897,-907.0264,241.0724,-301.7099,-0.5269788,-1.472655,0.6529748,0.1303705,-0.5176679,-0.384985,-0.2627734,-0.9429679,-0.8959371,0.4454916,0.4808614,0.9042173,24,24,24,24,24,24,24,24,24,24,24,24,24,24,24,24
407,4070,-926.3629,-888.05,-914.554,-903.9774,-864.1821,-868.9222,-823.6604,-290.9012,124.1148,241.5867,-103.3751,-653.8321,-978.6417,-916.8882,-903.7786,-871.2079,24,24,24,24,24,24,24,24,24,24,24,24,25,25,25,25,407,4070,-863.532,-868.0771,236.3583,-306.4865,-1.183581,-0.2454521,0.5224293,0.6518784,1.294247,-0.5137558,-0.7883556,0.4041018,0.6398386,-0.6681451,0.1195812,-1.243253,24,24,24,24,24,24,24,24,24,24,24,24,24,24,24,24
408,4080,-886.9278,-886.3583,-872.3514,-896.4312,-907.7595,-883.4824,-808.4852,-274.4755,122.3807,235.9254,-111.3265,-685.7232,-985.7833,-893.6139,-913.0786,-919.0392,24,24,24,24,24,24,24,24,24,24,24,24,25,25,25,25,408,4080,-859.9065,-852.2867,227.323,-306.7447,-0.001696814,0.2454296,-1.044761,0.1303705,-1.164782,-1.286376,0.2628087,0.4041018,0.1279128,0.6682189,-0.0008455978,0.1130428,24,24,24,24,24,24,24,24,24,24,24,24,24,24,24,24
409,4090,-902.9182,-914.2723,-898.3127,-896.9179,-918.3821,-925.4355,-821.7476,-268.7077,130.1842,247.494,-92.10085,-683.9585,-1021.134,-875.4721,-902.1094,-953.0148,24,24,24,24,24,24,24,24,24,24,24,24,25,25,25,25,409,4090,-803.2418,-780.5726,232.6918,-299.9026,0.654906,0.2454296,1.044827,-0.1303834,-0.1294009,0.2588653,0.3942035,-0.2694322,0.5118567,-1.002236,-0.8438327,0.1130428,24,24,24,24,24,24,24,24,24,24,24,24,24,24,24,24
410,4100,-907.7273,-931.1899,-915.5383,-861.1339,-885.6689,-976.8898,-880.1527,-294.9137,121.7613,236.2947,-84.2682,-649.2943,-1013.873,-906.743,-887.2054,-898.9188,24,24,24,24,24,24,24,24,24,24,24,24,25,25,25,25,410,4100,-833.1855,-842.0231,232.5609,-303.13,-0.3956579,0.2454296,-0.2611665,-0.9126452,0.1294443,0.001325184,0.131414,0.4041018,-0.7679569,0.1114006,0.6012883,0.2260696,24,24,24,24,24,24,24,24,24,24,24,24,24,24,24,24
411,4110,-914.7007,-899.5298,-928.9496,-937.9356,-889.6526,-911.7391,-843.6814,-303.5654,119.6556,238.633,-100.5269,-644.8824,-975.4282,-960.2141,-947.7749,-901.9307,24,24,24,24,24,24,24,24,24,24,24,24,25,25,25,25,411,4110,-861.5178,-844.1284,235.1798,-303.0009,1.048867,-0.9817731,0.2612307,1.173386,-0.2588243,-0.384985,2.247436E-05,-1.212381,-0.5119932,-0.4454177,-0.4825526,1.926374E-05,24,24,24,24,24,24,24,24,24,24,24,24,24,24,24,24
412,4120,-954.3762,-945.3281,-923.0438,-965.6867,-965.9429,-911.4923,-814.2238,-272.7201,123.867,241.7098,-99.34012,-670.8491,-1020.42,-903.759,-917.967,-933.3763,24,24,24,24,24,24,24,24,24,24,24,24,25,25,25,25,412,4120,-920.465,-890.7098,239.501,-293.9641,-1.840183,-0.613611,0.3918308,0.2607475,-0.2588243,-0.1274449,-1.182537,-0.2694322,-0.2560311,3.692216E-05,1.082995,-0.5651049,24,24,24,24,24,24,24,24,24,24,24,24,24,24,24,24
413,4130,-896.3057,-894.5754,-893.022,-861.2556,-883.7376,-940.2425,-839.7282,-273.2216,128.3262,236.1716,-96.01717,-664.1684,-1008.636,-884.1848,-867.0554,-863.9791,24,24,24,24,24,24,24,24,24,24,24,24,25,24,25,25,413,4130,-924.2249,-937.8174,242.2509,-303.2591,0.260945,0.3681493,0.1306322,-6.421245E-06,0.2588661,-1.286376,-0.3941649,1.212342,-0.3840129,-0.1113267,-0.96426,-0.2260311,24,24,24,24,24,24,24,24,24,24,24,24,24,24,24,24
414,4140,-895.5842,-875.9661,-921.3212,-921.9912,-876.012,-850.1667,-802.4917,-280.9957,128.3262,244.5404,-102.6631,-670.2189,-999.9474,-894.8927,-889.4708,-865.5453,24,24,24,24,24,24,24,24,24,24,24,24,25,24,25,25,414,4140,-871.3199,-914.132,228.8944,-305.5828,-0.1330169,0.1227068,0.5224293,-0.2607604,-1.035358,-0.900066,2.247436E-05,-0.8082598,0.5118567,0.1114006,-0.2416989,1.926374E-05,24,24,24,24,24,24,24,24,24,24,24,24,24,24,24,24
415,4150,-860.4775,-859.6526,-837.1621,-848.9625,-854.1631,-822.8972,-765.5103,-255.6674,129.1933,243.1866,-95.77982,-678.4122,-978.4037,-853.4836,-884.2247,-912.2922,24,24,24,24,24,24,24,24,24,24,24,24,25,24,25,24,415,4150,-928.3875,-914.5268,232.168,-298.9989,0.260945,0.7363082,0.2612307,-0.2607604,0.3882895,0.7739463,2.247436E-05,0.8082213,-0.639975,-0.4454177,0.3604349,0.3390931,24,24,24,24,24,24,24,24,24,24,24,24,24,24,24,24
416,4160,-889.6931,-920.3143,-872.7205,-865.3939,-904.3795,-942.2168,-826.7209,-257.4228,134.7672,243.0636,-92.93158,-697.441,-1050.176,-870.5485,-875.5208,-929.7619,24,24,24,24,24,24,24,24,24,24,24,24,25,24,25,24,416,4160,-852.1184,-859.1292,234.9179,-305.1955,0.260945,-1.595374,-0.391765,-0.3911373,2.086905E-05,-0.2562149,0.7883941,-1.347087,-0.2560311,0.3341279,-0.4825526,0.3390996,24,24,24,24,24,24,24,24,24,24,24,24,24,24,24,24
417,4170,-927.3247,-936.7485,-942.2379,-893.3882,-889.5317,-958.3812,-856.5612,-282.7511,132.9092,242.9405,-89.01525,-652.9497,-1013.159,-898.1147,-867.2939,-858.196,24,24,24,24,24,24,24,24,24,24,24,24,25,24,25,24,417,4170,-854.4011,-866.3665,232.4299,-303.13,-0.001696814,-0.4908914,0.7836279,0.9126323,-0.2588243,-0.1274449,-1.313931,0.5388083,0.2558947,-0.6681451,-1.084686,-1.130223,24,24,24,24,24,24,24,24,24,24,24,24,24,24,24,24
418,4180,-881.7579,-868.9573,-924.5202,-944.6299,-895.9296,-890.1455,-823.5329,-285.1335,128.4501,243.9251,-110.2584,-671.9836,-997.3289,-925.9197,-922.3787,-907.8344,24,24,24,24,24,24,24,24,24,24,24,24,25,24,25,24,418,4180,-896.8323,-870.972,239.2391,-303.6463,-0.5269788,-1.284249E-05,-0.6529636,0.1303705,-0.7765132,-1.672687,-0.1313723,0.5388083,-0.1280493,0.2227642,-1.084686,-0.6781253,24,24,24,24,24,24,24,24,24,24,24,24,24,24,24,24
419,4190,-924.7998,-915.6016,-897.5744,-902.1517,-908.2423,-891.5029,-798.666,-260.4321,133.6524,249.5863,-89.72731,-653.2018,-965.549,-837.1348,-848.2169,-851.9311,24,24,24,24,24,24,24,24,24,24,24,24,25,24,25,24,419,4190,-957.2568,-941.5019,236.3583,-309.843,0.5235851,0.8590278,1.436624,0.3911245,0.3882895,-0.2562149,0.2628151,-0.1347257,0.3838765,-0.2226904,-0.3621261,0.7911969,24,24,24,24,24,24,24,24,24,24,24,24,24,24,24,24
420,4200,-839.3172,-846.9644,-827.9341,-819.6292,-848.3689,-881.7549,-796.1156,-254.7897,134.5195,246.0173,-76.31685,-648.1598,-980.5463,-832.0034,-841.3014,-883.0153,24,24,24,24,24,24,24,24,24,24,24,24,25,24,25,24,420,4200,-911.4684,-921.5009,227.4539,-317.5888,-1.183581,-0.2454521,0.2612307,-0.2607604,-0.5176679,-0.384985,0.2628151,0.1346872,-1.023919,3.692216E-05,-0.1212724,2.568498E-05,24,24,24,24,24,24,24,24,24,24,24,24,24,24,24,24
421,4210,-851.9412,-858.9276,-896.7133,-849.8145,-827.365,-887.9245,-814.9889,-265.6984,140.0935,244.4173,-91.2701,-642.9916,-981.4985,-882.4819,-855.8477,-853.3768,24,24,24,24,24,24,24,24,24,24,24,24,25,24,25,24,421,4210,-889.313,-895.8416,220.9066,-319.3961,1.180188,-0.4908914,0.1306322,0.1303705,0.1294443,-0.1274449,0.1314172,-0.4041404,0.6398386,0.7795826,-0.7234063,0.1130492,24,24,24,24,24,24,24,24,24,24,24,24,24,24,24,24
422,4220,-879.2332,-863.2778,-900.1583,-884.2595,-837.3841,-848.316,-804.7871,-281.4972,132.7854,248.6017,-97.20394,-641.2269,-965.9061,-921.3849,-910.694,-870.4851,24,24,24,24,24,24,24,24,24,24,24,24,25,24,25,24,422,4220,-896.5638,-881.2357,223.3946,-311.0048,-1.446222,0.3682006,-0.1305664,-6.421245E-06,0.2588661,-0.384985,-0.5255597,0.1346872,0.7678204,-0.6681451,-0.3621261,-1.017199,24,24,24,24,24,24,24,24,24,24,24,24,24,24,24,24
423,4230,-899.4316,-879.3496,-865.8304,-885.9636,-899.1889,-879.534,-789.1018,-253.0343,135.1388,245.648,-84.50554,-652.4456,-967.9295,-822.218,-842.136,-861.0876,24,24,24,24,24,24,24,24,24,24,24,24,25,24,25,24,423,4230,-843.2562,-860.0504,229.68,-316.1687,1.442829,0.6136399,-0.6529636,0.6518784,2.086905E-05,-0.900066,0.9197921,0.9429294,0.2558947,-0.2226904,-1.205113,-0.1130011,24,24,24,24,24,24,24,24,24,24,24,24,24,24,24,24
424,4240,-833.3058,-841.6475,-853.4033,-816.0995,-803.7053,-843.0102,-784.8936,-261.8114,134.8911,239.2484,-93.76232,-624.7141,-923.6521,-849.0682,-839.036,-819.0397,24,24,24,24,24,24,24,24,24,24,24,24,25,24,25,24,424,4240,-846.7474,-841.8916,228.2396,-313.9741,0.260945,-0.1226811,3.210623E-05,-0.7822682,-0.9059366,-0.1274449,0.1314172,-0.6735533,0.1279128,-1.1136,-0.6029794,0.1130492,24,24,24,24,24,24,24,24,24,24,24,24,24,24,24,24
425,4250,-836.9126,-825.6965,-817.8448,-842.755,-856.6981,-831.4114,-758.624,-243.3794,136.3776,251.4323,-90.08334,-658.7481,-967.6915,-842.2662,-867.1746,-889.2803,24,24,24,24,24,24,24,24,24,24,24,24,25,24,25,24,425,4250,-912.6771,-913.2111,229.549,-320.1707,0.5235851,1.104522,-0.7835621,-0.6518912,0.2588661,0.2588653,-0.6569544,-0.5388469,-0.8959371,0.1114006,0.2400081,0.5651466,24,24,24,24,24,24,24,24,24,24,24,24,24,24,24,24
426,4260,-892.0977,-902.0674,-876.7809,-860.8904,-902.6895,-932.3456,-822.2576,-262.0621,132.6616,243.8019,-83.55612,-668.8323,-1017.444,-862.553,-864.6707,-910.1236,24,24,24,24,24,24,24,24,24,24,24,24,25,24,25,24,426,4260,-975.6525,-957.5552,224.3112,-320.8162,-0.1330169,-1.718043,-0.391765,0.7822554,-0.3882461,-0.3849336,-0.7883492,-0.8082598,-0.8959371,0.1114006,-0.8438327,0.1130492,24,24,24,24,24,24,24,24,24,24,24,24,24,24,24,24
427,4270,-891.3762,-897.8381,-912.0932,-873.9138,-860.1987,-905.4462,-818.5594,-267.5792,140.0936,247.0017,-82.13201,-621.1847,-952.0991,-878.7826,-848.5745,-820.4854,24,24,24,24,24,24,24,24,24,24,24,24,25,24,25,24,427,4270,-892.5355,-903.0788,221.6923,-322.3653,-0.3956579,-0.1226811,0.1306322,0.2607475,1.42367,-0.3849336,-0.7883492,0.1346872,0.1279128,0.1114006,0.4808614,-0.5650985,24,24,24,24,24,24,24,24,24,24,24,24,24,24,24,24
428,4280,-875.0251,-853.8523,-865.7073,-886.2071,-856.6981,-832.0283,-772.6514,-260.5575,133.5286,245.6479,-99.34013,-642.3614,-932.1028,-833.1968,-845.4745,-833.3769,24,24,24,24,24,24,24,24,24,24,24,24,25,24,25,24,428,4280,-878.3024,-866.3665,218.4186,-326.7546,-0.1330169,0.1227582,-0.5223635,0.5215014,-0.7765132,-1.801405,2.247436E-05,-0.2694322,-0.5119932,3.692216E-05,-1.445967,-1.130223,24,24,24,24,24,24,24,24,24,24,24,24,24,24,24,24
429,4290,-812.8668,-824.4882,-799.389,-789.5657,-806.9645,-814.7535,-750.4626,-234.2262,142.3231,246.0172,-81.77598,-629.8823,-926.6275,-803.3632,-808.2743,-835.7865,24,24,24,24,24,24,24,24,24,24,24,24,25,24,25,24,429,4290,-925.836,-911.8951,222.347,-314.1031,0.3922651,-0.3681204,0.6530294,-1.564533,2.086905E-05,0.1301466,0.1314172,0.9429294,0.3838765,-0.5567814,0.7217151,0.7911969,24,24,24,24,24,24,24,24,24,24,24,24,24,24,24,24
430,4300,-819.8401,-837.418,-841.3455,-817.3167,-830.6242,-871.8837,-793.055,-255.4166,134.8912,237.8945,-86.64173,-642.7396,-977.6895,-845.8463,-827.8283,-854.5815,24,24,24,24,24,24,24,24,24,24,24,24,25,24,24,24,430,4300,-858.2952,-870.314,231.6442,-317.2014,-0.5269788,0.6136399,-0.2611665,0.2607475,0.3882895,-0.5137036,0.2628151,-0.6735533,-0.7679569,-1.113603,-0.6029794,-0.9041756,24,24,24,24,24,24,24,24,24,24,24,24,24,24,24,24
431,4310,-856.1492,-861.1027,-899.6662,-886.9374,-847.0411,-856.2131,-793.5651,-270.9647,132.29,243.925,-104.4432,-650.5547,-956.8602,-879.8566,-884.4632,-881.5695,24,24,24,24,24,24,24,24,24,24,24,24,25,24,24,24,431,4310,-892.8041,-932.2908,228.1086,-321.8489,-0.3956579,-1.840762,-0.2611665,-0.3911373,-0.3882461,0.7739968,-0.262767,-0.4041404,0.2558947,0.222761,0.2400595,-0.4520749,24,24,24,24,24,24,24,24,24,24,24,24,24,24,24,24
432,4320,-900.7542,-902.1883,-872.4744,-881.5819,-933.592,-933.9497,-801.4715,-247.5172,136.5014,249.4631,-102.6631,-707.5161,-1038.155,-881.7659,-918.0864,-982.5327,24,24,24,24,24,24,24,24,24,24,24,24,25,24,24,24,432,4320,-974.4442,-944.9232,225.3588,-323.7854,-0.1330169,0.245481,0.5224293,0.6518784,0.1294443,-0.3849336,-0.262767,-0.5388469,-0.5119932,-0.4454209,-0.1212207,-0.4520749,24,24,24,24,24,24,24,24,24,24,24,24,24,24,24,24
433,4330,-951.2503,-983.151,-967.461,-916.3923,-931.5399,-993.301,-846.9969,-262.4383,138.9787,244.6634,-94.71173,-676.3954,-1031.846,-889.4034,-880.4095,-889.6418,24,24,24,24,24,24,24,24,24,24,24,24,25,24,24,24,433,4330,-912.9456,-925.1854,219.4662,-327.271,-0.264337,-0.6135596,-1.044761,-6.421245E-06,-0.6470914,-0.6424745,2.247436E-05,0.9429294,1.279745,3.371154E-05,-1.445915,-0.4520749,24,24,24,24,24,24,24,24,24,24,24,24,24,24,24,24
434,4340,-889.5728,-887.5667,-928.0884,-889.3716,-824.4678,-884.3463,-838.5804,-296.9199,129.4411,243.1866,-91.03276,-615.7645,-990.6633,-991.1954,-936.925,-862.8948,24,24,24,24,24,24,24,24,24,24,24,24,25,24,24,24,434,4340,-911.4684,-934.3962,217.2401,-322.2362,1.311509,0.4909203,0.1306322,-0.3911373,-0.1294009,-0.2561635,-0.5255597,-0.1347257,0.3838765,-0.5567846,-0.0007938265,0.2260728,24,24,24,24,24,24,24,24,24,24,24,24,24,24,24,24
435,4350,-952.6931,-906.2968,-892.4068,-937.4488,-928.4013,-882.989,-801.2164,-274.3501,118.7886,238.0176,-101.1203,-649.4203,-940.3156,-849.7843,-873.2555,-876.3887,24,24,24,24,24,24,24,24,24,24,24,24,25,24,24,24,435,4350,-928.7901,-938.4754,226.7992,-317.2014,-0.264337,-0.2454007,-0.391765,0.1303705,0.7765566,0.3876867,0.9197921,-1.926374E-05,-0.3840129,-0.11133,-0.6029276,-0.1130011,24,24,24,24,24,24,24,24,24,24,24,24,24,24,24,24
436,4360,-840.0386,-856.269,-825.1041,-809.6487,-825.5543,-856.0897,-781.0679,-253.1597,129.8127,234.8178,-87.35378,-647.1514,-970.0719,-830.9295,-832.8361,-853.9792,24,24,24,24,24,24,24,24,24,24,24,24,25,24,24,24,436,4360,-984.3805,-959.7922,231.9061,-320.2997,0.1296241,-1.104441,3.210623E-05,-6.421245E-06,-1.035358,0.5164568,0.2628151,-0.2694322,0.7678204,0.8909446,-0.0007938265,0.4521231,24,24,24,24,24,24,24,24,24,24,24,24,24,24,24,24
437,4370,-846.4108,-859.2902,-881.3333,-831.8007,-840.7641,-915.441,-824.6805,-265.8238,136.1298,240.1098,-92.10085,-637.0672,-976.8564,-876.3959,-850.363,-845.666,24,24,24,24,24,24,24,24,24,24,24,24,25,24,24,24,437,4370,-892.9384,-908.079,235.1798,-319.7834,-0.6582989,0.1227582,0.5224293,0.2607475,0.6471347,0.001376554,-1.182537,0.2693937,0.1279128,-0.5567846,0.4809132,-0.2260246,24,24,24,24,24,24,24,24,24,24,24,24,24,24,24,24
438,4380,-874.6644,-851.3146,-910.9859,-928.1985,-874.6842,-822.1568,-777.7523,-275.7294,122.5046,240.1098,-103.0191,-655.975,-950.9089,-866.8491,-881.8402,-878.437,24,24,24,24,24,24,24,24,24,24,24,24,25,24,24,24,438,4380,-869.8428,-886.4991,232.168,-327.7874,0.260945,0.4909203,-0.2611665,0.6518784,-0.1294009,-0.1273935,0.2628151,-1.926374E-05,-0.8959371,3.371154E-05,-1.325488,2.568498E-05,24,24,24,24,24,24,24,24,24,24,24,24,24,24,24,24
439,4390,-888.3705,-888.1708,-855.9871,-877.5652,-920.1928,-912.2327,-805.9348,-262.0621,122.8762,237.1561,-112.6319,-705.2491,-1024.586,-905.2749,-929.5327,-941.3282,24,24,24,24,24,24,24,24,24,24,24,24,25,24,24,24,439,4390,-959.4052,-925.58,219.7281,-330.1111,0.5235851,0.8590792,1.567224,-0.6518912,-0.1294009,-0.1273935,2.247436E-05,-0.2694322,-6.902839E-05,-0.2226936,0.4809132,0.7911969,24,24,24,24,24,24,24,24,24,24,24,24,24,24,24,24
440,4400,-916.8649,-929.3774,-889.7,-863.9333,-905.5867,-931.9753,-828.8889,-271.2154,121.3898,231.2487,-90.7954,-669.5886,-1023.633,-865.1785,-859.5439,-911.5693,24,24,24,24,24,24,24,24,24,24,24,24,25,24,24,24,440,4400,-944.2319,-943.8704,217.6329,-329.8529,-0.1330169,0.3682006,3.210623E-05,0.1303673,0.7765566,0.3876867,-0.262767,-0.2694322,-0.7679569,-0.3340573,-0.362074,-0.4520749,24,24,24,24,24,24,24,24,24,24,24,24,24,24,24,24
441,4410,-896.1855,-918.985,-950.8506,-899.2304,-859.5952,-908.2841,-842.1511,-299.8038,120.7704,232.6025,-109.309,-646.8993,-977.5705,-940.4785,-917.1326,-865.3044,24,24,24,24,24,24,24,24,24,24,24,24,25,24,24,24,441,4410,-907.9772,-930.975,219.859,-321.5907,-0.3956579,-0.7362825,-0.2611665,0.2607443,-0.6470898,-0.2561635,-0.6569544,-0.8082598,-6.902839E-05,0.779581,-0.6029276,0.1130492,24,24,24,24,24,24,24,24,24,24,24,24,24,24,24,24
442,4420,-900.8745,-898.2006,-886.8699,-923.5734,-908.4838,-854.9789,-779.5377,-265.0714,122.7522,239.9868,-100.8829,-672.3617,-972.0953,-842.147,-863.3594,-886.5092,24,24,24,24,24,24,24,24,24,24,24,24,25,24,24,24,442,4420,-898.1752,-894.7889,229.68,-321.8489,-0.1330169,-0.2454007,0.5224293,-0.3911405,0.5177129,-0.9000146,-1.182537,-0.2694322,-0.2560311,-0.5567846,0.60134,-0.3390514,24,24,24,24,24,24,24,24,24,24,24,24,24,24,24,24
443,4430,-871.4183,-870.2865,-849.0969,-828.6361,-845.7133,-891.2561,-807.5926,-262.6891,129.1933,236.0485,-95.18644,-653.8321,-981.8553,-849.6649,-846.3092,-852.7744,24,24,24,24,24,24,24,24,24,24,24,24,25,24,24,24,443,4430,-929.9987,-912.4214,230.2038,-327.2709,-0.6582989,0.3682006,-0.391765,0.1303673,-0.2588227,-0.9000146,0.3942099,-0.4041404,-0.639975,0.1113974,-0.6029276,-0.2260246,24,24,24,24,24,24,24,24,24,24,24,24,24,24,24,24
444,4440,-854.1054,-849.2604,-855.618,-853.2225,-841.4884,-858.6807,-801.8541,-278.7387,124.3625,238.7561,-88.54056,-640.3445,-970.3101,-897.3989,-881.7208,-861.931,24,24,24,24,24,24,24,24,24,24,24,24,25,24,24,24,444,4440,-894.684,-896.7628,227.7158,-328.9492,0.7862269,-0.2454007,1.044827,0.2607443,0.5177129,0.3876867,0.1314172,-0.4041404,0.6398386,-1.002239,-0.4825008,0.5651466,24,24,24,24,24,24,24,24,24,24,24,24,24,24,24,24
445,4450,-879.9545,-874.1534,-875.4274,-919.922,-901.4824,-879.0403,-813.8412,-296.1675,107.269,226.326,-122.9568,-676.5213,-979.951,-918.9983,-930.0096,-904.0993,24,24,24,24,24,24,24,24,24,24,24,24,25,24,24,24,445,4450,-920.0621,-938.8701,221.4304,-332.1766,-0.3956579,-0.1226811,-0.391765,-0.1303866,0.2588677,0.2589166,0.2628151,0.1346872,-1.023922,-0.11133,0.2400595,0.3390996,24,24,24,24,24,24,24,24,24,24,24,24,24,24,24,24
446,4460,-947.0422,-936.386,-890.3152,-929.1723,-977.0485,-940.4893,-824.9356,-276.1055,111.1088,234.2025,-92.8129,-682.0676,-1016.492,-829.9747,-868.7247,-930.6052,24,24,24,24,24,24,24,24,24,24,24,24,25,24,25,24,446,4460,-860.4435,-857.8134,212.7879,-330.7566,0.7862269,-1.349881,0.1306322,0.1303673,-0.1293993,0.001376554,-0.1313723,-0.2694322,-0.1280525,0.5568552,-0.7233545,0.4521231,24,24,24,24,24,24,24,24,24,24,24,24,24,24,24,24
447,4470,-916.6243,-911.2513,-910.2476,-870.2625,-863.458,-915.194,-844.8291,-292.4059,118.1692,229.4027,-96.72923,-643.7478,-977.9276,-881.7659,-861.9285,-841.3286,24,24,24,24,24,24,24,24,24,24,24,24,25,24,25,24,447,4470,-951.2143,-917.2901,216.4544,-323.6563,-0.789619,-0.9817218,-0.1305664,0.2607443,-0.1293993,-1.157555,-1.313931,-0.5388469,-0.7679585,3.692216E-05,-0.0007938265,-0.2260246,24,24,24,24,24,24,24,24,24,24,24,24,24,24,24,24
448,4480,-869.3745,-855.4232,-873.5818,-900.0825,-869.8558,-834.2492,-791.1422,-285.5096,113.2146,233.5871,-106.5794,-656.4791,-954.3605,-882.3625,-892.0939,-877.5937,24,24,24,24,24,24,24,24,24,24,24,24,25,24,25,24,448,4480,-835.3338,-847.0234,223.1327,-326.4964,-0.264337,0.3682006,-0.1305664,0.5214983,2.247436E-05,-0.6424745,-0.1313723,-1.926374E-05,-0.5119964,-0.1113267,-1.445915,-0.4520749,24,24,24,24,24,24,24,24,24,24,24,24,24,24,24,24
449,4490,-899.1912,-894.092,-874.9352,-892.1711,-930.6949,-914.5771,-808.7403,-274.6009,114.0816,233.8333,-103.3751,-693.1589,-1028.513,-872.3385,-881.7208,-907.7139,24,24,24,24,24,24,24,24,24,24,24,24,25,24,25,24,449,4490,-868.3658,-857.287,224.4422,-326.6255,-0.1330169,-0.49084,-0.1305664,-1.434156,0.1294459,0.1301466,0.1314172,-1.926374E-05,0.6398354,-0.2226904,-0.362074,0.1130492,24,24,24,24,24,24,24,24,24,24,24,24,24,24,24,24
450,4500,-892.9393,-899.8922,-902.9882,-883.0425,-874.9256,-901.7443,-830.1641,-281.3718,125.2296,233.2179,-98.62807,-655.0925,-994.2341,-904.9167,-883.1516,-883.1357,24,24,24,24,24,24,24,24,24,24,24,24,25,24,25,24,450,4500,-896.9667,-903.7369,227.4539,-320.558,-0.264337,0.981802,-0.1305664,-0.9126484,0.1294459,0.5164568,0.5256046,0.5388083,-0.3840145,0.2227642,-0.0007938265,-0.4520749,24,24,24,24,24,24,24,24,24,24,24,24,24,24,24,24
451,4510,-912.4163,-879.4703,-918.4913,-920.1653,-867.0793,-893.8474,-846.8694,-311.3394,115.8158,229.772,-120.9393,-655.9749,-981.8553,-984.6321,-954.3327,-893.9791,24,24,24,24,24,24,24,24,24,24,24,24,25,24,25,24,451,4510,-892.5355,-905.7106,228.5015,-327.0128,0.654906,-1.104441,-1.044761,-9.631868E-06,-0.1293993,-0.5137036,0.1314172,-0.8082598,0.2558914,0.5568552,-0.2416475,0.5651466,24,24,24,24,24,24,24,24,24,24,24,24,24,24,24,24
452,4520,-955.4583,-927.5646,-915.1693,-954.0021,-966.6672,-920.4999,-815.499,-279.7418,111.852,230.8796,-128.0599,-721.3692,-1039.107,-910.5255,-941.8134,-965.6654,24,24,24,24,24,24,24,24,24,24,24,24,25,24,25,24,452,4520,-921.9421,-927.159,219.8591,-328.691,-0.3956579,3.852747E-05,0.3918308,0.6518752,0.3882911,-0.5137036,-0.5255597,0.1346872,0.895799,-0.5567814,0.4809132,-1.017199,24,24,24,24,24,24,24,24,24,24,24,24,24,24,24,24
453,4530,-962.7923,-956.6871,-927.7191,-908.7242,-934.5575,-958.7513,-842.1511,-269.7108,127.8307,234.4486,-101.4763,-689.8828,-1036.964,-875.7992,-874.9246,-916.6295,24,24,24,24,24,24,24,24,24,24,24,24,25,24,25,24,453,4530,-895.2211,-887.6833,222.2161,-324.689,0.2609963,0.3682006,0.3918308,0.2607443,-0.2588227,-1.157555,0.3942099,-0.1347257,-1.023922,-0.2226904,-0.8437814,-0.2260246,24,24,24,24,24,24,24,24,24,24,24,24,24,24,24,24
454,4540,-944.277,-952.8201,-982.1027,-933.9191,-906.0694,-969.2397,-874.7969,-300.3053,124.858,230.8796,-109.9024,-668.9582,-1036.964,-979.6201,-935.1365,-886.2682,24,24,24,24,24,24,24,24,24,24,24,24,25,24,25,24,454,4540,-895.7582,-895.7101,228.5015,-322.2362,0.1296754,-0.1227325,0.7836279,-1.303779,-0.5176663,-0.3849336,0.1314172,0.2693937,0.895799,-0.5567814,-0.2416475,0.2260728,24,24,24,24,24,24,24,24,24,24,24,24,24,24,24,24
455,4550,-962.7923,-919.71,-944.0836,-962.2786,-908.3629,-876.8194,-829.1438,-311.3394,108.6315,226.2029,-140.9956,-694.9221,-1010.541,-973.892,-980.4445,-954.581,24,24,24,24,24,24,24,24,24,24,24,24,25,24,25,24,455,4550,-871.0514,-891.2362,229.0253,-323.7853,-0.7895676,-1.284249E-05,0.6530294,-1.434156,2.247436E-05,0.5164568,-0.6569544,0.4041018,-0.2560327,-0.2226904,-0.0007938265,0.7911969,24,24,24,24,24,24,24,24,24,24,24,24,24,24,24,24
456,4560,-991.8876,-970.342,-957.4948,-978.5884,-982.1183,-936.1707,-827.8686,-285.7604,112.843,236.0485,-120.5832,-719.1023,-1031.965,-905.2748,-945.7482,-966.8701,24,24,24,24,24,24,24,24,24,24,24,24,25,24,25,24,456,4560,-889.7158,-880.0514,228.7634,-329.8529,0.6549574,-1.104493,-0.391765,0.1303673,0.9059815,-0.2561635,0.6569993,-1.347087,-0.2560327,-0.7795087,-0.1212207,0.3390996,24,24,24,24,24,24,24,24,24,24,24,24,24,24,24,24
457,4570,-940.6701,-951.4909,-910.1245,-882.4338,-904.8624,-945.3018,-843.2988,-276.4817,126.7159,235.3101,-97.55998,-670.975,-1014.706,-872.2191,-868.1285,-893.8586,24,24,24,24,24,24,24,24,24,24,24,24,25,24,25,24,457,4570,-880.8535,-880.8409,224.3112,-328.9492,-0.3956065,-1.104493,-0.391765,0.5214983,0.1294459,-0.6424745,-1.313931,0.1346872,0.5118551,0.1114006,0.4809132,2.568498E-05,24,24,24,24,24,24,24,24,24,24,24,24,24,24,24,24
458,4580,-901.1149,-898.8047,-929.4417,-899.4739,-872.1492,-911.2455,-841.0034,-292.1551,125.8489,240.356,-93.881,-641.4789,-968.8816,-912.1962,-896.5055,-868.0755,24,24,24,24,24,24,24,24,24,24,24,24,25,24,25,24,458,4580,-936.0411,-942.2914,226.4064,-330.6275,-0.3956065,0.3681493,3.210623E-05,0.1303673,1.035403,-0.6425259,-0.6569544,0.6735148,0.2558914,-0.7795087,-0.362074,-1.356273,24,24,24,24,24,24,24,24,24,24,24,24,24,24,24,24
459,4590,-885.9661,-871.9782,-877.273,-895.7007,-909.6907,-887.431,-811.2908,-285.2588,110.6134,232.1103,-114.056,-705.7527,-1041.963,-932.7217,-955.7634,-969.1594,24,24,24,24,24,24,24,24,24,24,24,24,25,24,25,24,459,4590,-901.1292,-937.949,223.9184,-333.5967,0.6549574,0.7363082,-0.5223635,-9.631868E-06,-0.905935,-0.5137558,0.3942035,0.2693937,-7.06337E-05,-0.1113267,-0.9642078,0.6781734,24,24,24,24,24,24,24,24,24,24,24,24,24,24,24,24
460,4600,-970.4869,-1002.365,-948.1439,-913.1058,-936.7305,-981.0853,-860.5143,-280.6195,127.2114,237.6485,-98.15335,-698.0706,-1050.414,-866.1331,-869.9168,-923.4968,24,24,24,24,24,24,24,24,24,24,24,24,25,24,25,24,460,4600,-955.1084,-946.6337,222.8708,-332.5639,1.180239,0.6135885,0.3918308,-0.6518945,0.7765581,0.3876353,-0.2627734,0.1346872,-1.407866,-1.224963,-0.9642078,0.4521231,24,24,24,24,24,24,24,24,24,24,24,24,24,24,24,24
461,4610,-928.8877,-929.0147,-955.403,-907.5071,-880.9612,-943.821,-858.474,-294.4121,123.867,232.1103,-110.377,-676.5214,-1027.442,-935.8244,-910.8133,-895.9067,24,24,24,24,24,24,24,24,24,24,24,24,25,24,25,24,461,4610,-961.1508,-946.6337,225.8826,-332.0475,-0.001645444,-0.4908914,-1.044761,-0.1303866,-0.1293993,-1.028836,-0.2627734,0.2693937,-0.2560327,-0.3340541,0.1196326,-0.6781253,24,24,24,24,24,24,24,24,24,24,24,24,24,24,24,24
462,4620,-929.4888,-911.6138,-921.5673,-927.5899,-890.739,-872.7474,-811.9283,-283.6288,121.6374,231.495,-120.8206,-687.74,-999.2332,-902.7687,-907.7132,-893.6176,24,24,24,24,24,24,24,24,24,24,24,24,25,24,25,24,462,4620,-922.882,-940.0544,224.3112,-332.693,1.048918,-0.9817731,0.2612307,0.1303673,0.1294459,-0.384985,0.7883909,-0.1347257,0.6398354,0.5568552,-0.2416475,2.568498E-05,24,24,24,24,24,24,24,24,24,24,24,24,24,24,24,24
463,4630,-908.569,-902.0674,-893.8834,-923.0866,-934.9198,-893.107,-817.2843,-285.3842,117.3021,241.5867,-90.91408,-665.1767,-1010.898,-876.7538,-895.194,-905.0632,24,24,24,24,24,24,24,24,24,24,24,24,25,24,25,24,463,4630,-906.7688,-902.0262,216.0616,-339.1478,0.3923164,-0.2454521,3.210623E-05,-0.6518945,-0.6470898,-1.028836,-0.9197503,-0.1347257,0.5118551,-0.5567814,-0.362074,-1.017199,24,24,24,24,24,24,24,24,24,24,24,24,24,24,24,24
464,4640,-894.6225,-904.4842,-871.121,-851.1533,-872.8735,-903.1017,-825.3182,-275.8548,122.5045,232.7257,-99.22144,-678.16,-1002.447,-847.3975,-858.59,-912.4127,24,24,24,24,24,24,24,24,24,24,24,24,25,24,25,24,464,4640,-921.1364,-901.1051,215.9307,-331.0147,0.7862783,0.7363082,-0.7835621,-0.2607636,2.247436E-05,-1.286376,0.6569961,0.6735148,-0.1280525,1.00231,-0.8437814,-0.6781285,24,24,24,24,24,24,24,24,24,24,24,24,24,24,24,24
465,4650,-908.0881,-922.8519,-935.2247,-886.2071,-908.8458,-1009.836,-883.0858,-287.7666,127.8307,232.9718,-94.83041,-671.8575,-1051.724,-926.1583,-891.6171,-888.7983,24,24,24,24,24,24,24,24,24,24,24,24,25,24,25,24,465,4650,-944.3662,-948.7391,221.9542,-330.2401,-0.1329655,-0.3681718,0.6530294,-9.631868E-06,-0.1293993,-0.384985,0.2628087,-0.6735533,-7.06337E-05,-1.002236,0.1196326,0.1130428,24,24,24,24,24,24,24,24,24,24,24,24,24,24,24,24
466,4660,-889.9335,-905.8135,-930.7952,-907.7504,-858.6295,-850.5369,-805.8073,-286.8889,119.284,233.4641,-114.056,-656.9833,-953.0512,-893.58,-895.194,-873.3768,24,24,24,24,24,24,24,24,24,24,24,24,25,24,25,24,466,4660,-914.0197,-927.4222,222.0851,-333.9839,0.1296754,-1.284249E-05,-1.175361,-0.2607636,-0.3882445,-0.1274449,0.3942035,0.5388083,-0.2560327,0.5568552,0.2400595,-0.2260311,24,24,24,24,24,24,24,24,24,24,24,24,24,24,24,24
467,4670,-860.1168,-893.7295,-866.8147,-891.4407,-929.1254,-899.1532,-795.988,-263.6922,118.5408,233.4641,-110.2584,-699.33,-1008.398,-842.0275,-866.1016,-895.7863,24,24,24,24,24,24,24,24,24,24,24,24,25,24,25,24,467,4670,-917.3766,-915.3164,226.6683,-327.6582,0.2609963,-1.104493,0.1306322,-0.2607636,-0.2588227,0.001325184,-0.7883556,-1.347087,0.1279112,0.1114006,-0.0007938265,0.2260696,24,24,24,24,24,24,24,24,24,24,24,24,24,24,24,24
468,4680,-883.0805,-896.1464,-882.4406,-848.2322,-830.624,-863.9866,-804.532,-277.3594,121.142,228.9105,-98.98409,-638.4537,-936.2686,-827.4687,-825.5629,-806.0276,24,24,24,24,24,24,24,24,24,24,24,24,25,24,25,24,468,4680,-935.3697,-917.1585,224.1803,-332.0475,-0.2642856,-0.3681718,0.2612307,0.6518752,0.5177129,0.001325184,-0.1313787,0.5388083,0.2558914,-0.4454177,0.8421933,-0.3390546,24,24,24,24,24,24,24,24,24,24,24,24,24,24,24,24
469,4690,-811.7849,-817.9628,-825.4733,-841.051,-841.8505,-825.4885,-780.6854,-272.8455,116.4351,232.7257,-104.3245,-664.7986,-964.2396,-863.8658,-886.1325,-889.2803,24,24,24,24,24,24,24,24,24,24,24,24,25,24,25,24,469,4690,-891.8641,-915.9743,214.7521,-337.3405,-0.2642856,0.6135885,0.1306322,-0.1303866,-0.2588227,-0.7712959,-0.5255661,-0.2694322,-0.7679585,0.5568552,-0.2416475,-0.3390546,24,24,24,24,24,24,24,24,24,24,24,24,24,24,24,24
470,4700,-875.6263,-884.9083,-877.519,-864.6636,-890.0147,-918.8959,-831.4393,-279.2402,118.6647,234.3256,-98.50938,-689.5047,-1025.538,-865.5364,-874.3285,-926.1475,24,24,24,24,24,24,24,24,24,24,24,24,25,24,25,24,470,4700,-861.3834,-860.4451,213.7046,-332.3057,-0.001645444,0.6136399,0.6530294,0.1303673,-0.2588227,0.001325184,0.9197856,-0.5388469,1.023779,3.692216E-05,-0.8437814,1.926374E-05,24,24,24,24,24,24,24,24,24,24,24,24,24,24,24,24
471,4710,-905.8038,-918.985,-928.7036,-898.9871,-888.6869,-927.4098,-849.8025,-292.1551,122.1329,232.9718,-104.4432,-676.0172,-1034.703,-920.4302,-896.6247,-911.2079,24,24,24,24,24,24,24,24,24,24,24,24,25,24,25,24,471,4710,-921.6735,-898.6049,223.7874,-323.9144,0.1296754,-0.1226811,-0.391818,-0.9126484,2.247436E-05,-0.2562149,-0.9197503,-0.1347257,-0.8959403,-0.5567814,-0.4825008,-0.4520814,24,24,24,24,24,24,24,24,24,24,24,24,24,24,24,24
472,4720,-950.6492,-940.3737,-970.0449,-949.3769,-901.4824,-923.7081,-854.9033,-299.0515,123.9909,235.4332,-114.8867,-673.3701,-1018.634,-929.9769,-908.5479,-875.3044,24,24,24,24,24,24,24,24,24,24,24,24,25,24,25,24,472,4720,-891.5956,-900.7103,231.3823,-328.1746,1.048918,-0.6135596,0.1305776,0.2607443,-0.1293993,0.1300952,1.926374E-05,-0.4041404,0.5118551,0.4454916,0.2400595,0.5651435,24,24,24,24,24,24,24,24,24,24,24,24,24,24,24,24
473,4730,-906.2847,-895.5421,-890.8074,-898.5001,-888.4455,-866.7012,-802.2367,-279.2402,117.7976,234.0794,-115.5988,-683.8324,-982.2125,-879.0212,-901.3941,-917.1113,24,24,24,24,24,24,24,24,24,24,24,24,25,24,25,24,473,4730,-892.4012,-903.0788,227.4539,-333.7258,-0.2642856,-0.7362825,-0.2612195,0.6518752,0.1294459,-0.7712959,-1.708125,-0.8082598,-0.5119964,-0.4454177,-0.1212207,-0.3390546,24,24,24,24,24,24,24,24,24,24,24,24,24,24,24,24
474,4740,-900.153,-901.5842,-866.4456,-856.8739,-891.7047,-916.4281,-818.5595,-266.4507,127.2114,237.8946,-99.81483,-685.7231,-1014.111,-853.3643,-861.6901,-892.1719,24,24,24,24,24,24,24,24,24,24,24,24,25,24,25,24,474,4740,-908.6487,-913.869,224.7041,-335.404,-0.1329655,0.3682006,0.3917762,-0.5215175,0.7765581,-0.6425259,0.131414,0.2693937,1.279743,0.6682189,0.8421933,-0.2260311,24,24,24,24,24,24,24,24,24,24,24,24,24,24,24,24
475,4750,-846.6512,-875.7243,-904.8338,-852.3704,-852.2318,-914.7004,-846.6144,-290.3997,119.9033,230.8796,-95.54247,-662.2775,-1015.778,-897.16,-878.0247,-881.0875,24,24,24,24,24,24,24,24,24,24,24,24,25,24,25,24,475,4750,-931.4756,-917.1585,218.1568,-342.2461,-0.1329655,0.1227582,-0.2612195,-0.3911405,-1.553047,-0.6425259,-0.1313787,-0.1347257,0.3838733,3.692216E-05,-1.325488,-0.4520814,24,24,24,24,24,24,24,24,24,24,24,24,24,24,24,24
476,4760,-879.2332,-880.9205,-913.2006,-907.9939,-881.5649,-891.0095,-835.1374,-299.3022,115.0726,235.3101,-99.93352,-654.7144,-976.1422,-886.6586,-879.5748,-854.5815,24,24,24,24,24,24,24,24,24,24,24,24,25,24,25,24,476,4760,-903.8148,-909.6581,209.3833,-341.6006,0.3923164,0.245481,0.3917762,-1.173402,-0.2588227,-0.1274449,1.926374E-05,1.481755,0.5118551,-0.2226904,0.2400595,1.130268,24,24,24,24,24,24,24,24,24,24,24,24,24,24,24,24
477,4770,-857.7123,-864.1237,-845.7749,-849.571,-871.4249,-875.3385,-805.2972,-276.6071,114.9487,232.1103,-108.3595,-696.4333,-1006.137,-884.3912,-909.8594,-949.7619,24,24,24,24,24,24,24,24,24,24,24,24,25,24,25,24,477,4770,-877.228,-866.1032,218.1568,-335.0168,0.6549574,-0.49084,-1.044815,-0.2607636,0.6471363,-0.6425259,0.7883909,-0.6735533,-0.6399782,-0.4454177,-0.362074,-0.5651049,24,24,24,24,24,24,24,24,24,24,24,24,24,24,24,24
478,4780,-944.1568,-962.85,-930.549,-900.8128,-948.9224,-993.9178,-866.2528,-282.1241,120.6465,232.3564,-101.4763,-699.5818,-1061.721,-875.4412,-877.0708,-923.3764,24,24,24,24,24,24,24,24,24,24,24,24,25,24,25,24,478,4780,-882.8676,-881.2357,226.0135,-330.8857,-0.1329655,-0.8590021,-2.086905E-05,0.6518752,-0.2588227,-0.1274449,-0.1313787,-1.077674,-0.2560327,0.3341825,0.1196326,1.017241,24,24,24,24,24,24,24,24,24,24,24,24,24,24,24,24
479,4790,-950.2885,-925.2688,-974.2281,-932.702,-876.857,-927.9034,-871.0986,-313.5964,119.6556,231.2488,-110.2584,-666.059,-1023.99,-982.1261,-950.9941,-923.9789,24,24,24,24,24,24,24,24,24,24,24,24,25,24,25,25,479,4790,-887.1645,-884.9202,226.9301,-338.1151,-0.2642856,-0.6135596,-0.1306194,0.2607443,0.7765581,-1.415146,-1.051145,0.2693937,0.2558914,-0.4453631,-0.6029276,-0.9041788,24,24,24,24,24,24,24,24,24,24,24,24,24,24,24,24
480,4800,-989.7235,-943.274,-972.5056,-988.9341,-931.6605,-901.7443,-832.0769,-304.1923,109.0031,233.341,-123.4315,-696.5593,-1008.279,-923.0555,-940.3826,-931.3281,24,24,24,24,24,24,24,24,24,24,24,24,25,24,25,25,480,4800,-947.4545,-890.8415,218.5496,-341.4716,0.1296754,0.7363595,0.2611777,0.5214983,-0.6470898,0.001325184,-0.2627734,-0.4041404,1.023779,0.4455462,-0.2416475,0.4521167,24,24,24,24,24,24,24,24,24,24,24,24,24,24,24,24
481,4810,-941.1511,-948.8326,-897.5744,-917.4877,-980.187,-982.1959,-849.4199,-275.1024,120.3988,236.4178,-111.2078,-726.4067,-1069.101,-891.6707,-914.6287,-964.5811,24,24,24,24,24,24,24,24,24,24,24,24,25,24,25,25,481,4810,-1027.483,-990.5833,217.633,-337.3405,0.1296754,-0.49084,1.175372,-0.5215175,0.2588677,-0.2562149,-0.2627734,-0.1347257,-0.7679585,-0.6680905,-0.0007938265,-0.2260311,24,24,24,24,24,24,24,24,24,24,24,24,24,24,24,24
482,4820,-940.3094,-947.6241,-942.3608,-892.0493,-901.8445,-979.4811,-876.4547,-296.6691,119.7795,229.772,-107.0541,-675.3868,-1026.371,-919.7142,-894.0016,-906.509,24,24,24,24,24,24,24,24,24,24,24,24,25,24,25,25,482,4820,-918.0482,-939.5281,215.014,-340.0515,-0.3956065,-0.49084,-0.6530166,-9.631868E-06,0.7765581,0.001325184,-0.1313787,0.5388083,-0.6399782,0.6682734,0.3604863,0.2260696,24,24,24,24,24,24,24,24,24,24,24,24,24,24,24,24
483,4830,-933.2158,-918.5016,-980.5032,-949.2551,-896.0504,-961.7128,-898.6434,-331.6522,112.2236,225.9568,-123.0755,-675.8911,-1036.25,-991.4341,-957.9095,-920.8464,24,24,24,24,24,24,24,24,24,24,24,24,25,24,25,25,483,4830,-916.3024,-927.159,216.4544,-337.0823,0.3923164,-1.349881,0.5223764,0.7822522,-0.2588227,0.3876353,-0.5255661,-0.9429679,-0.3840145,-0.1112722,-1.325488,-0.3390546,24,24,24,24,24,24,24,24,24,24,24,24,24,24,24,24
484,4840,-959.0652,-951.4909,-939.6541,-952.1761,-927.7977,-893.107,-827.231,-297.9229,111.3566,231.618,-117.8537,-685.471,-989.8303,-885.2266,-901.0363,-902.0513,24,24,24,24,24,24,24,24,24,24,24,24,25,24,25,25,484,4840,-886.7615,-875.9724,223.1327,-333.8549,-0.9208885,-0.49084,-0.5224181,0.2607443,0.2588677,-0.900066,-0.3941681,0.2693937,0.3838733,0.3341825,0.4809132,-0.5651049,24,24,24,24,24,24,24,24,24,24,24,24,24,24,24,24
485,4850,-913.0174,-921.8851,-888.2234,-886.9374,-936.489,-948.5099,-837.4329,-278.9894,114.701,227.8028,-112.6319,-720.2357,-1047.2,-873.1738,-905.2094,-974.822,24,24,24,24,24,24,24,24,24,24,24,24,25,24,25,25,485,4850,-904.2175,-910.5792,225.2279,-336.695,0.5236365,1.472681,0.2611777,0.3911213,-0.6470898,-0.7712959,-0.6569608,-0.5388469,-0.2560327,0.3341825,-1.084635,-0.3390546,24,24,24,24,24,24,24,24,24,24,24,24,24,24,24,24
486,4860,-962.3113,-969.8586,-948.5129,-910.063,-924.9006,-977.3834,-868.1656,-286.5127,123.4954,231.3719,-108.9529,-689.1265,-1036.964,-903.0074,-891.6169,-907.3525,24,24,24,24,24,24,24,24,24,24,24,24,25,24,25,25,486,4860,-897.1009,-901.2367,219.4662,-337.7278,-0.1329655,-0.6135596,-0.1306194,-0.1303866,-1.035357,0.5164054,0.6569961,-1.212381,0.895799,-0.5567268,-0.0007938265,1.926374E-05,24,24,24,24,24,24,24,24,24,24,24,24,24,24,24,24
487,4870,-915.3019,-911.7347,-926.9808,-915.7836,-881.2026,-900.5104,-837.9429,-296.5437,119.6556,232.6026,-123.6688,-674.8826,-983.5218,-917.5662,-915.4633,-884.0995,24,24,24,24,24,24,24,24,24,24,24,24,25,24,25,25,487,4870,-864.069,-860.0503,220.9066,-333.2094,0.6549574,0.6136399,-0.391765,-1.173402,0.1294459,0.3876353,-0.1313787,0.5388083,-0.3840145,-0.3339995,0.3604863,0.2260696,24,24,24,24,24,24,24,24,24,24,24,24,24,24,24,24
488,4880,-911.6949,-916.0849,-880.9641,-898.5001,-915.2437,-890.3923,-811.9283,-277.861,113.9578,231.7411,-114.7681,-702.3524,-1004.589,-870.4291,-900.2016,-929.7619,24,24,24,24,24,24,24,24,24,24,24,24,25,24,25,25,488,4880,-879.1078,-890.315,213.9665,-337.4695,0.1296754,-0.7362825,-0.2611665,-9.631868E-06,0.5177129,0.001325184,0.2628087,-0.4041404,0.6398354,0.3341825,0.1196326,0.4521167,24,24,24,24,24,24,24,24,24,24,24,24,24,24,24,24
489,4890,-922.9965,-931.4315,-904.4648,-868.315,-886.8761,-950.8542,-847.7621,-276.9832,126.3443,230.7565,-103.1378,-671.9835,-1009.112,-871.0258,-859.3053,-870.3647,24,24,24,24,24,24,24,24,24,24,24,24,25,24,25,25,489,4890,-894.5497,-904.3947,213.8355,-335.7913,-0.2642856,-0.9817218,0.1306322,0.3911213,-0.2588227,0.3876353,-1.051145,0.1346872,0.5118551,9.150275E-05,-0.2416475,-1.017206,24,24,24,24,24,24,24,24,24,24,24,24,24,24,24,24
490,4900,-876.9489,-874.1534,-895.1136,-879.5128,-852.3524,-853.4983,-805.8073,-289.6474,114.9487,228.6643,-114.2934,-657.2354,-952.4561,-884.3912,-887.9208,-873.8586,24,24,24,24,24,24,24,24,24,24,24,24,25,24,25,25,490,4900,-865.6802,-880.8409,223.2637,-325.0763,-0.3956065,-0.3681204,-0.391765,0.1303673,0.5177129,-1.157606,-0.1313787,-0.6735533,0.5118551,0.5569098,-0.0007938265,-0.4520814,24,24,24,24,24,24,24,24,24,24,24,24,24,24,24,24
491,4910,-879.2332,-881.7662,-852.9111,-862.351,-885.9103,-893.4772,-808.6128,-264.8206,125.8489,238.633,-103.3751,-685.8492,-1004.351,-874.1285,-883.5092,-897.473,24,24,24,24,24,24,24,24,24,24,24,24,25,24,25,25,491,4910,-932.8184,-916.6323,232.5609,-326.3673,0.7862783,1.104522,-0.1305664,-0.1303866,-0.1293993,0.001325184,1.926374E-05,-0.5388469,-0.1280525,-0.3339995,-0.9642078,0.2260696,24,24,24,24,24,24,24,24,24,24,24,24,24,24,24,24
492,4920,-872.0194,-885.5123,-893.1451,-867.7065,-877.2192,-926.5461,-847.7621,-287.8919,119.1601,229.6489,-100.1709,-669.7146,-1008.279,-876.3958,-869.7977,-887.473,24,24,24,24,24,24,24,24,24,24,24,24,25,24,25,25,492,4920,-905.9633,-890.4467,225.3588,-333.2094,0.3923164,-0.6135596,-0.7835621,-1.434156,-0.2588227,-0.2562149,-0.2627734,0.8082213,-0.5119964,-0.7794541,0.4809132,-0.1130075,24,24,24,24,24,24,24,24,24,24,24,24,24,24,24,24
493,4930,-881.0365,-870.0449,-886.2548,-876.1047,-861.1645,-898.166,-837.5604,-293.7852,115.6919,226.5721,-107.4101,-675.639,-1013.754,-908.8547,-900.6786,-906.8704,24,24,24,24,24,24,24,24,24,24,24,24,25,24,25,25,493,4930,-855.4752,-864.2611,222.347,-333.7258,-0.2642856,0.3682006,-0.2611665,0.2607443,0.5177129,-0.384985,0.131414,-0.1347257,-0.8959403,0.1114552,-0.6029276,-0.3390546,24,24,24,24,24,24,24,24,24,24,24,24,24,24,24,24
494,4940,-920.4716,-896.9921,-937.8084,-942.9259,-894.8432,-888.2946,-841.5135,-312.9694,108.8793,227.9259,-128.1785,-681.3113,-992.6868,-958.9752,-953.975,-910.6055,24,24,24,24,24,24,24,24,24,24,24,24,25,24,25,25,494,4940,-870.917,-853.3394,221.0376,-328.9492,-0.2642856,-1.595323,-0.1305664,-1.303779,-1.294202,0.7739463,-0.1313787,-1.077674,-0.2560327,0.4455462,-0.362074,0.4521167,24,24,24,24,24,24,24,24,24,24,24,24,24,24,24,24
495,4950,-937.7847,-934.3317,-891.2995,-908.8458,-942.5246,-922.7209,-833.7347,-287.265,111.9759,226.5721,-112.3945,-700.5894,-1022.919,-873.0544,-893.6438,-918.9185,24,24,24,24,24,24,24,24,24,24,24,24,25,24,25,24,495,4950,-918.0482,-923.0798,220.5138,-331.6602,0.1296754,-0.2454007,0.5224293,0.5214983,0.9059815,-0.384985,-0.7883556,0.5388083,0.2558914,-0.4453631,0.8421419,-0.2260311,24,24,24,24,24,24,24,24,24,24,24,24,24,24,24,24
496,4960,-908.3285,-918.3808,-919.8447,-894.1185,-904.983,-935.4303,-846.7419,-288.3935,115.568,227.1875,-109.5463,-682.824,-1005.78,-863.0304,-859.9014,-866.6298,24,24,24,24,24,24,24,24,24,24,24,24,25,24,25,24,496,4960,-923.4192,-899.5261,222.2161,-328.3037,-0.5269274,0.4909203,-0.5223635,-0.6518945,-0.5176663,-1.286376,-0.1313787,0.4041018,-0.5119964,-0.2226358,-0.8438327,-0.5651049,24,24,24,24,24,24,24,24,24,24,24,24,24,24,24,24
497,4970,-870.5767,-869.1989,-877.642,-877.6871,-860.3193,-851.0305,-810.7806,-286.7635,115.6919,227.9259,-112.2759,-673.4962,-970.1909,-860.2856,-863.3591,-873.1358,24,24,24,24,24,24,24,24,24,24,24,24,25,24,25,24,497,4970,-913.8855,-910.316,232.5609,-316.9432,0.5236365,0.7363595,0.5224293,0.2607443,0.1294459,-0.1274449,0.6569961,-1.926374E-05,0.7678172,0.4455462,-0.4825526,0.2260696,24,24,24,24,24,24,24,24,24,24,24,24,24,24,24,24
498,4980,-873.7026,-882.0415,-874.9352,-866.7327,-877.3398,-897.7958,-820.8549,-280.4941,120.6465,230.7565,-115.2428,-696.3075,-1027.323,-917.6855,-912.0055,-913.2559,24,24,24,24,24,24,24,24,24,24,24,24,25,24,25,24,498,4980,-883.8076,-882.4201,237.6678,-324.1726,0.1296754,0.4909203,0.3918308,-1.173402,2.247436E-05,-0.2562149,-1.313938,-1.926374E-05,-1.023922,-0.3339995,0.1195812,0.5651435,24,24,24,24,24,24,24,24,24,24,24,24,24,24,24,24
499,4990,-893.2998,-888.2054,-912.8315,-902.1517,-890.3769,-903.9655,-838.453,-298.8006,110.7372,226.5721,-116.9043,-677.2776,-996.9717,-910.7642,-907.1171,-884.702,24,24,24,24,24,24,24,24,24,24,24,24,25,24,25,24,499,4990,-875.6168,-877.5512,225.7516,-329.5947,0.7862783,3.852747E-05,0.2612307,-0.7822714,0.6471363,0.001325184,0.6569961,-0.2694322,0.2558914,-0.3339995,-0.4825526,-0.2260311,24,24,24,24,24,24,24,24,24,24,24,24,24,24,24,24
500,5000,-913.2579,-918.1789,-912.7084,-926.0077,-925.0214,-898.783,-833.2246,-301.9353,109.0031,231.0027,-130.5521,-705.1232,-1014.945,-968.0447,-978.298,-945.4244,24,24,24,24,24,24,24,24,24,24,24,24,25,24,25,24,500,5000,-825.1288,-833.8649,226.4063,-321.0743,-1.314849,-1.104441,0.1306322,-0.2607636,-0.5176663,-0.2562149,-1.313938,-0.4041404,0.1279112,0.8910007,-0.0008451964,0.1130428,24,24,24,24,24,24,24,24,24,24,24,24,24,24,24,24
501,5010,-1004.632,-986.5864,-937.9315,-978.9535,-1015.918,-966.7717,-838.9631,-276.6071,116.6828,235.4332,-119.9898,-741.5194,-1084.693,-936.8983,-971.1442,-1019.882,24,24,24,24,24,24,24,24,24,24,24,24,25,24,25,24,501,5010,-827.4116,-807.0214,228.6324,-321.4616,-0.6582989,0.3682006,3.210623E-05,0.6518752,0.9059815,-0.2562149,0.7883909,0.1346872,0.3838733,-0.2226358,0.1195812,-0.9041788,24,24,24,24,24,24,24,24,24,24,24,24,24,24,24,24
502,5020,-1000.664,-1004.595,-952.3272,-894.8488,-922.2449,-991.4501,-873.394,-285.8857,122.009,222.3877,-121.414,-695.174,-1040.654,-904.0814,-878.1439,-885.9067,24,24,24,24,24,24,24,24,24,24,24,24,25,24,25,24,502,5020,-814.1182,-812.9427,226.7992,-318.6215,-0.5269788,3.852747E-05,-0.391765,0.3911213,-0.6470898,-0.7712959,-0.2627734,-1.926374E-05,0.2558914,-0.4453631,-1.32554,-0.1130075,24,24,24,24,24,24,24,24,24,24,24,24,24,24,24,24
503,5030,-926.9639,-907.6641,-942.1149,-941.7088,-895.4467,-895.3281,-833.6071,-294.2867,122.3806,232.2334,-125.6863,-682.3198,-1003.756,-933.915,-918.444,-888.196,24,24,24,24,24,24,24,24,24,24,24,24,25,24,25,24,503,5030,-894.1469,-858.0766,237.4058,-310.6175,0.917547,0.1227582,0.5224293,0.1303673,0.3882911,-0.900066,0.6569961,0.8082213,0.895799,-0.1112722,0.2400081,0.1130428,24,24,24,24,24,24,24,24,24,24,24,24,24,24,24,24
504,5040,-909.5308,-896.3031,-876.5349,-886.6938,-893.9982,-880.6444,-811.5457,-287.7666,107.6406,224.9722,-110.377,-689.0005,-993.4009,-855.8703,-883.6285,-919.521,24,24,24,24,24,24,24,24,24,24,24,24,25,24,25,24,504,5040,-934.4298,-972.5561,235.9654,-314.6195,-0.3956579,0.3682006,-1.044761,0.1303673,-0.5176663,-0.2562149,-0.6569608,0.2693937,-1.279884,0.1114552,-0.2416989,0.4521167,24,24,24,24,24,24,24,24,24,24,24,24,24,24,24,24
505,5050,-897.1472,-900.0499,-901.3887,-877.6871,-888.2039,-931.1116,-846.6143,-282.2495,121.2659,229.1566,-113.1066,-695.9296,-1040.416,-896.802,-884.7015,-908.3162,24,24,24,24,24,24,24,24,24,24,24,24,25,24,25,24,505,5050,-878.5707,-905.8421,232.4299,-315.1359,1.180188,0.245481,0.3918308,-9.631868E-06,0.6471363,0.001325184,0.131414,-0.5388469,0.2558914,0.4455462,-0.2416989,0.4521167,24,24,24,24,24,24,24,24,24,24,24,24,24,24,24,24
506,5060,-891.3762,-899.929,-931.9026,-915.175,-883.8582,-901.4977,-844.3189,-304.6939,112.9669,228.7874,-115.8362,-675.8911,-1008.16,-919.3562,-906.0439,-875.6658,24,24,24,24,24,24,24,24,24,24,24,24,25,24,25,24,506,5060,-849.97,-833.2069,232.4299,-309.0684,-1.708863,-0.6135596,0.6530294,0.5214983,-0.6470898,-0.1273935,-1.313938,-1.926374E-05,-0.1280525,-0.3339995,0.2400081,-0.7911552,24,24,24,24,24,24,24,24,24,24,24,24,24,24,24,24
507,5070,-886.5671,-876.4819,-871.121,-870.8708,-872.1492,-868.5521,-807.465,-286.2619,114.4532,231.618,-112.8692,-674.1264,-975.5471,-884.2719,-895.9092,-889.7622,24,24,24,24,24,24,24,24,24,24,24,24,25,24,25,24,507,5070,-833.0512,-862.2874,235.1798,-303.7754,0.260945,0.3682006,0.1306322,0.1303673,0.2588677,-0.9000146,0.131414,0.5388083,-7.06337E-05,0.8910007,-0.3621257,-0.6781285,24,24,24,24,24,24,24,24,24,24,24,24,24,24,24,24
508,5080,-892.4583,-900.4124,-883.671,-886.3287,-911.26,-918.4023,-826.2108,-279.1148,115.6919,226.9413,-112.7506,-687.9922,-1003.161,-880.6919,-885.5362,-905.3043,24,24,24,24,24,24,24,24,24,24,24,24,25,24,25,24,508,5080,-885.1504,-873.867,238.3225,-304.8082,0.654906,1.104522,0.5224293,-0.2607636,-1.035357,-0.7712442,-0.3941681,0.1346872,-0.1280525,-0.3339995,-1.32554,-0.3390546,24,24,24,24,24,24,24,24,24,24,24,24,24,24,24,24
509,5090,-897.1472,-897.0283,-904.0956,-887.3025,-911.1394,-960.1087,-852.7354,-284.3811,122.0091,232.9717,-103.3751,-688.3703,-1031.727,-873.2931,-868.8438,-908.6776,24,24,24,24,24,24,24,24,24,24,24,24,25,24,25,24,509,5090,-870.5143,-880.0515,240.4176,-300.9353,1.048867,-0.2454007,0.5224293,-0.2607636,0.1294459,0.001376554,-0.1313787,0.2693937,0.2558914,-0.4453631,0.4808614,0.9042173,24,24,24,24,24,24,24,24,24,24,24,24,24,24,24,24
510,5100,-910.733,-910.4438,-936.8242,-892.0493,-856.9395,-896.8088,-843.5538,-297.7976,123.8671,235.9254,-102.0697,-651.5632,-1003.28,-945.6097,-914.867,-898.7983,24,24,24,24,24,24,24,24,24,24,24,24,25,24,25,24,510,5100,-813.3125,-800.179,243.4294,-301.7099,-0.001696814,-0.2454007,-0.391765,-9.631868E-06,0.5177129,0.001376554,0.2628087,0.6735148,-0.7679585,-0.11133,-0.1212724,-0.5651049,24,24,24,24,24,24,24,24,24,24,24,24,24,24,24,24
511,5110,-932.1338,-927.2435,-930.4261,-936.475,-904.621,-889.4053,-844.1914,-315.101,107.7645,233.5871,-110.2584,-657.6136,-995.3052,-945.2518,-935.1365,-907.7139,24,24,24,24,24,24,24,24,24,24,24,24,25,24,25,25,511,5110,-838.6908,-839.3915,240.5486,-303.9045,1.048867,-1.227161,0.1306322,0.5214983,2.247436E-05,-0.1273935,-0.6569608,-0.9429679,0.3838733,1.002308,-0.362074,0.678167,24,24,24,24,24,24,24,24,24,24,24,24,24,24,24,24
512,5120,-939.588,-942.593,-915.9074,-915.175,-927.7976,-917.1684,-817.6668,-270.3377,121.7613,231.4949,-110.377,-679.6727,-990.6633,-849.4262,-856.8016,-867.5936,24,24,24,24,24,24,24,24,24,24,24,24,25,24,25,25,512,5120,-822.4434,-825.9697,232.4299,-306.6155,-0.1330169,-0.7362825,-0.1305664,1.434137,0.2588677,-0.2561635,-1.313938,-0.2694322,-0.1280525,3.371154E-05,-0.1212207,-0.226076,24,24,24,24,24,24,24,24,24,24,24,24,24,24,24,24
513,5130,-852.1818,-851.8262,-852.6652,-835.6956,-845.8339,-883.9761,-830.0364,-289.2712,121.5136,237.1561,-90.20201,-640.9749,-975.9043,-868.4004,-851.1977,-832.7745,24,24,24,24,24,24,24,24,24,24,24,24,25,24,25,25,513,5130,-848.7615,-834.7859,232.168,-305.8409,0.5235851,0.3682006,0.6530294,-0.2607636,0.5177129,-1.286325,0.2628087,0.1346872,-0.2560327,0.4454883,0.7217665,-0.4521263,24,24,24,24,24,24,24,24,24,24,24,24,24,24,24,24
514,5140,-846.2905,-836.1143,-826.5807,-836.1824,-839.5569,-836.3469,-784.6385,-275.1024,115.1964,228.6643,-117.8537,-693.5368,-984.7122,-893.3413,-918.4442,-942.7739,24,24,24,24,24,24,24,24,24,24,24,24,25,24,25,25,514,5140,-831.1713,-842.1548,232.6918,-306.3573,0.260945,0.7363595,-0.1305664,-0.1303866,-0.2588227,-0.5137036,-0.1313787,0.2693937,-0.3840145,-0.2226936,-0.1212207,-2.568498E-05,24,24,24,24,24,24,24,24,24,24,24,24,24,24,24,24
515,5150,-936.9431,-938.8463,-922.7977,-895.9442,-912.8292,-947.276,-848.5272,-283.5034,113.8339,226.5721,-108.8342,-679.5467,-1022.443,-921.9815,-911.7672,-893.8584,24,24,24,24,24,24,24,24,24,24,24,24,25,24,25,25,515,5150,-894.4155,-904.658,238.1915,-301.3226,-0.5269788,0.4909203,-0.1305664,-0.9126484,0.3882911,0.2589166,1.926374E-05,0.6735148,-0.1280525,0.222761,0.4809132,1.130219,24,24,24,24,24,24,24,24,24,24,24,24,24,24,24,24
516,5160,-932.735,-934.0118,-922.0594,-926.1293,-920.5549,-891.5029,-826.0833,-284.0049,119.284,238.633,-97.55997,-664.6725,-988.997,-862.4337,-869.4401,-890.9669,24,24,24,24,24,24,24,24,24,24,24,24,25,24,25,25,516,5160,-915.3625,-907.158,247.0959,-298.9989,-0.3956579,0.1227582,-0.5223635,-0.1303866,-0.1293993,0.001376554,-0.5255661,0.1346872,-1.407866,0.3341247,-0.4825008,0.1129979,24,24,24,24,24,24,24,24,24,24,24,24,24,24,24,24
517,5170,-883.321,-892.073,-903.7265,-868.6802,-864.4236,-918.7725,-846.6143,-300.5561,107.7645,223.6184,-97.55997,-671.7314,-1018.991,-866.849,-868.8439,-888.5573,24,24,24,24,24,24,24,24,24,24,24,24,25,24,25,25,517,5170,-955.7798,-923.0799,243.5603,-307.5192,0.5235851,-1.349881,-0.5223635,0.6518752,0.1294459,0.5164568,0.2628087,-0.6735533,0.2558914,0.556852,-0.0007938265,0.4520717,24,24,24,24,24,24,24,24,24,24,24,24,24,24,24,24
518,5180,-883.8019,-876.4819,-871.244,-870.1406,-856.2153,-880.8912,-821.2374,-286.0112,124.7341,240.9713,-101.1203,-653.9582,-976.7373,-908.0195,-901.0364,-868.4369,24,24,24,24,24,24,24,24,24,24,24,24,25,24,25,25,518,5180,-889.1786,-881.1041,232.6918,-315.6523,0.1296241,-0.8590535,0.2612307,0.2607443,0.2588677,-0.1273935,-0.9197503,0.5388083,0.1279112,-0.11133,-0.1212207,-0.5651498,24,24,24,24,24,24,24,24,24,24,24,24,24,24,24,24
519,5190,-855.0672,-873.9438,-835.9317,-840.5641,-871.3043,-885.9503,-811.0356,-269.2093,125.1057,237.6484,-91.38879,-660.5129,-981.9745,-843.5788,-842.0169,-851.3286,24,24,24,24,24,24,24,24,24,24,24,24,25,24,25,25,519,5190,-886.6274,-873.209,232.8227,-306.4865,-0.001696814,-0.4908914,0.3918308,-0.7822714,2.247436E-05,-1.286325,0.3942035,0.4041018,-0.2560327,0.222761,-0.0007938265,-0.7912002,24,24,24,24,24,24,24,24,24,24,24,24,24,24,24,24
520,5200,-838.115,-840.1027,-852.1729,-833.2613,-813.0001,-840.5422,-800.7064,-275.9802,128.8217,240.6021,-93.64364,-638.0757,-942.5771,-846.0848,-839.6323,-817.5938,24,24,24,24,24,24,24,24,24,24,24,24,25,24,25,25,520,5200,-908.6487,-898.605,235.7035,-306.8737,0.917547,0.2454296,-0.5223635,-6.421245E-06,-0.6470898,-0.6424745,0.6569961,-0.5388469,-0.1280525,-0.11133,-1.205061,-0.4521263,24,24,24,24,24,24,24,24,24,24,24,24,24,24,24,24
521,5210,-790.6246,-813.9967,-810.0934,-817.1949,-833.8834,-838.6913,-772.0139,-249.1472,136.6252,242.9404,-90.67673,-648.5379,-946.5048,-815.6545,-818.886,-824.9432,24,24,24,24,24,24,24,24,24,24,24,24,25,24,25,25,521,5210,-830.0971,-848.076,233.3465,-311.5212,0.3922651,0.1227068,0.5224293,-0.2607604,0.3882895,-0.2561635,-0.2627734,0.1346872,-0.6399782,-0.8908756,0.2400595,0.3390482,24,24,24,24,24,24,24,24,24,24,24,24,24,24,24,24
522,5220,-819.72,-826.0828,-832.6096,-819.9944,-809.4995,-816.4809,-768.4432,-255.0405,136.2536,243.9251,-92.8129,-635.4286,-915.4391,-816.8479,-824.3707,-812.5336,24,24,24,24,24,24,24,24,24,24,24,24,25,24,25,25,522,5220,-862.7262,-861.4978,239.1082,-309.7139,0.3922651,-0.2454521,-1.175361,-0.3911373,0.9059799,0.5164054,0.3942035,-0.2694322,-0.7679585,-0.6681482,-0.1212207,-0.3391027,24,24,24,24,24,24,24,24,24,24,24,24,24,24,24,24
523,5230,-840.76,-842.399,-830.8871,-845.0676,-873.3564,-863.493,-784.6385,-256.4197,130.8035,244.2943,-108.7156,-688.6224,-988.7589,-882.7206,-916.6557,-948.9184,24,24,24,24,24,24,24,24,24,24,24,24,25,24,25,25,523,5230,-932.8184,-916.3691,239.1082,-309.0684,0.1296241,-0.9817731,-0.391765,-6.421245E-06,-0.3882461,0.001325184,-0.262767,0.1346872,0.2558914,0.1113974,-0.2416475,0.2260214,24,24,24,24,24,24,24,24,24,24,24,24,24,24,24,24
524,5240,-944.1568,-953.8329,-895.975,-878.539,-934.6783,-970.3503,-832.0768,-245.7618,143.5617,250.5708,-81.89466,-695.8037,-1064.578,-889.0453,-894.2401,-944.0993,24,24,24,24,24,24,24,24,24,24,24,24,25,24,25,25,524,5240,-835.1996,-850.313,235.9654,-315.9105,-0.5269788,0.6135885,0.5224293,0.3911245,-0.5176679,0.3876353,-0.6569544,0.2693937,0.3838733,0.222761,-0.7233545,-0.226076,24,24,24,24,24,24,24,24,24,24,24,24,24,24,24,24
525,5250,-944.5175,-947.4273,-950.7277,-883.8944,-886.514,-976.0262,-864.34,-279.7418,141.2083,246.7557,-93.16895,-653.58,-1008.517,-907.0647,-886.6094,-867.5936,24,24,24,24,24,24,24,24,24,24,24,24,25,24,25,25,525,5250,-854.1326,-847.0234,230.4657,-317.4597,-0.5269788,-0.1227325,0.1306322,-0.2607604,2.086905E-05,-0.900066,0.5256046,-1.926374E-05,-0.3840129,-0.2226936,-0.9642078,-1.469348,24,24,24,24,24,24,24,24,24,24,24,24,24,24,24,24
526,5260,-883.321,-869.8345,-860.0474,-865.3939,-847.886,-828.2031,-780.6854,-269.5854,128.8217,251.1862,-53.88697,-584.7557,-925.7945,-827.588,-839.1553,-847.8347,24,24,24,24,24,24,24,24,24,24,24,24,25,24,25,25,526,5260,-861.1149,-865.9718,229.2872,-313.7159,0.260945,0.8590278,0.1306322,-6.421245E-06,-0.5176679,-0.1274449,0.2628151,-0.2694322,0.2558947,-0.2226358,-0.6029276,-0.5651498,24,24,24,24,24,24,24,24,24,24,24,24,24,24,24,24
527,5270,-809.3802,-828.1375,-805.4178,-785.6709,-823.7436,-889.4053,-820.2173,-269.5854,138.1116,251.0631,-64.9239,-613.2433,-971.1431,-877.9472,-846.4284,-837.1118,24,24,24,24,24,24,24,24,24,24,24,24,25,24,25,24,527,5270,-861.3835,-883.6042,229.9419,-311.5212,-0.001696814,-0.4908914,0.2612307,-0.6518912,0.1294443,0.001325184,-0.5255597,-1.926374E-05,-6.902839E-05,0.2228188,0.1195812,0.1129979,24,24,24,24,24,24,24,24,24,24,24,24,24,24,24,24
528,5280,-877.7904,-854.3643,-863.3695,-884.5031,-862.2508,-826.2288,-788.2092,-291.0267,115.568,245.4019,-87.3538,-626.1006,-931.0316,-887.1359,-894.1209,-864.3406,24,24,24,24,24,24,24,24,24,24,24,24,25,24,25,24,528,5280,-899.5179,-912.5531,233.7393,-310.2303,0.917547,0.1227068,-1.436559,0.2607475,0.3882895,-0.7712959,1.051187,0.2693937,0.1279128,0.6682734,0.1195812,-0.5650985,24,24,24,24,24,24,24,24,24,24,24,24,24,24,24,24
529,5290,-885.8458,-886.6343,-829.7797,-818.7772,-858.7502,-896.562,-795.988,-247.8934,141.7037,249.5863,-80.23319,-641.7311,-963.8827,-814.5806,-809.109,-811.5698,24,24,24,24,24,24,24,24,24,24,24,24,25,24,25,24,529,5290,-959.1367,-919.3954,243.0365,-303.7754,-0.264337,-1.349932,0.2612307,-0.2607604,-0.3882461,-0.1274449,-0.6569544,-0.9429679,0.1279128,0.3341825,-0.4825526,0.3390996,24,24,24,24,24,24,24,24,24,24,24,24,24,24,24,24
530,5300,-824.0482,-830.3129,-836.0548,-833.9916,-811.3101,-806.8563,-761.812,-253.0343,139.4741,251.9246,-81.65732,-624.7141,-904.2508,-812.4326,-829.3784,-833.1359,24,24,24,24,24,24,24,24,24,24,24,24,25,24,25,24,530,5300,-898.0408,-908.2107,242.9056,-314.8777,-0.3956579,-0.4908914,3.210623E-05,0.9126323,0.1294443,-0.1274449,-0.6569544,0.5388083,-6.902839E-05,-0.1112722,0.3604349,-0.6781253,24,24,24,24,24,24,24,24,24,24,24,24,24,24,24,24
531,5310,-830.6608,-839.9818,-821.1669,-810.1355,-826.52,-851.8942,-779.4101,-248.6457,138.6071,245.0327,-82.96275,-641.2269,-948.2902,-808.0172,-815.5475,-842.7745,24,24,24,24,24,24,24,24,24,24,24,24,25,24,25,24,531,5310,-821.6376,-826.7592,230.7276,-319.6543,-0.1330169,-0.1227325,-0.7835621,0.2607475,0.1294443,-1.672687,-0.262767,0.1346872,-0.7679569,0.4455462,-0.6029794,-1.017199,24,24,24,24,24,24,24,24,24,24,24,24,24,24,24,24
532,5320,-814.0692,-816.6556,-836.1777,-824.1328,-814.6902,-839.6785,-776.3496,-253.285,139.8457,246.3864,-87.47247,-629.5041,-925.1992,-822.934,-819.4821,-816.871,24,24,24,24,24,24,24,24,24,24,24,24,25,24,25,24,532,5320,-868.3658,-856.4975,226.7992,-314.4904,0.1296241,0.1227068,0.3918308,0.1303705,-0.2588243,0.001325184,0.7883941,-0.4041404,1.279745,-0.4453631,-0.96426,-0.1130011,24,24,24,24,24,24,24,24,24,24,24,24,24,24,24,24
533,5330,-838.1151,-831.8842,-825.2272,-840.9293,-847.1619,-838.3212,-766.4029,-247.6426,137.6161,244.7865,-93.4063,-645.7647,-929.4843,-809.4492,-821.6283,-835.1841,24,24,24,24,24,24,24,24,24,24,24,24,25,24,25,24,533,5330,-864.069,-879.2618,227.4539,-315.1359,0.5236365,0.6135885,-1.436559,-1.173399,-0.1294009,-0.384985,-0.5255597,0.1346872,-0.8959371,-0.4453631,0.4808614,0.1130492,24,24,24,24,24,24,24,24,24,24,24,24,24,24,24,24
534,5340,-819.72,-835.6308,-818.9523,-799.5464,-824.3471,-865.8375,-781.3229,-241.3732,139.1025,241.7098,-87.8285,-661.6473,-983.4028,-809.2105,-818.7667,-893.6176,24,24,24,24,24,24,24,24,24,24,24,24,25,24,25,24,534,5340,-863.5319,-858.9976,230.2038,-315.265,1.048918,-0.1227325,-0.5223635,0.3911245,0.7765566,-0.7712959,1.051187,0.1346872,-0.3840129,9.150275E-05,-0.0008455978,-0.2260246,24,24,24,24,24,24,24,24,24,24,24,24,24,24,24,24
535,5350,-894.0214,-859.4404,-915.2922,-857.6042,-828.5721,-926.176,-850.3126,-286.6381,137.1207,247.6171,-88.77791,-641.1008,-991.2585,-925.2036,-904.1363,-891.9308,24,24,24,24,24,24,24,24,24,24,24,24,25,24,25,24,535,5350,-880.9878,-871.4984,237.5368,-311.7794,-0.001645444,-0.9817731,0.1306322,0.7822554,-0.1294009,0.1300952,-0.3941649,-1.926374E-05,0.5118567,-0.4453631,-0.4825526,0.2260728,24,24,24,24,24,24,24,24,24,24,24,24,24,24,24,24
536,5360,-914.34,-885.4257,-886.624,-920.6523,-910.7772,-889.7755,-818.5595,-294.0359,119.4079,240.6022,-105.274,-656.4792,-978.0466,-924.4875,-922.2595,-884.9429,24,24,24,24,24,24,24,24,24,24,24,24,25,24,25,24,536,5360,-807.1357,-813.8638,239.1082,-312.554,-0.2642856,0.2454296,0.3918308,0.1303705,1.164825,-0.5137558,0.1314172,0.4041018,0.8958007,0.2228188,0.9625688,-0.9041756,24,24,24,24,24,24,24,24,24,24,24,24,24,24,24,24
537,5370,-933.9374,-917.9373,-860.2935,-870.1408,-924.0557,-920.1298,-805.5522,-255.0405,131.9183,242.079,-102.1884,-691.6476,-1016.492,-855.1543,-878.7401,-920.9667,24,24,24,24,24,24,24,24,24,24,24,24,25,24,25,24,537,5370,-822.309,-818.2061,231.5133,-325.4636,-0.2642856,-1.284249E-05,-0.9141622,0.1303705,-0.6470914,-0.2562149,-0.3941649,-0.4041404,-0.1280493,0.5569098,-0.96426,2.568498E-05,24,24,24,24,24,24,24,24,24,24,24,24,24,24,24,24
538,5380,-914.9412,-929.1774,-912.4623,-869.5322,-878.0641,-937.4047,-832.7145,-267.4538,139.2264,245.4018,-88.54056,-645.7647,-981.7364,-859.4504,-836.5322,-826.2685,24,24,24,24,24,24,24,24,24,24,24,24,25,24,25,24,538,5380,-885.9559,-899.5261,217.8948,-329.7238,0.3923164,0.1227068,0.3918308,-1.434153,0.7765566,0.5164568,0.3942099,0.6735148,-0.2560311,-0.3339995,0.7217151,0.5651466,24,24,24,24,24,24,24,24,24,24,24,24,24,24,24,24
539,5390,-887.6492,-869.7136,-906.3103,-927.4683,-869.0107,-848.4394,-790.1221,-267.4538,135.882,250.2016,-93.05026,-646.7732,-945.0765,-849.7843,-860.9746,-864.943,24,24,24,24,24,24,24,24,24,24,24,24,25,24,25,24,539,5390,-885.8217,-888.0782,222.347,-315.265,0.5236365,-1.284249E-05,-0.5223635,-0.1303834,2.086905E-05,-0.6424745,0.1314172,0.2693937,-1.407863,-0.3339995,-0.1212724,-0.5650985,24,24,24,24,24,24,24,24,24,24,24,24,24,24,24,24
540,5400,-870.9374,-876.4819,-853.5263,-851.6402,-884.9448,-910.2585,-809.888,-264.1938,130.5558,250.94,-73.23127,-654.0841,-1003.756,-857.0636,-862.8823,-906.0272,24,24,24,24,24,24,24,24,24,24,24,24,25,24,25,24,540,5400,-905.1575,-885.7096,232.4299,-316.4268,-0.1329655,-1.349932,-0.1305664,0.2607475,-0.2588243,0.3876867,2.247436E-05,-0.4041404,1.151764,0.4455462,-0.6029794,0.3390996,24,24,24,24,24,24,24,24,24,24,24,24,24,24,24,24
541,5410,-880.7961,-886.1508,-873.4588,-840.6859,-837.7462,-879.6574,-808.3577,-268.0807,134.024,242.6943,-78.80907,-626.2267,-970.7862,-869.2358,-849.8861,-848.4371,24,24,24,24,24,24,24,24,24,24,24,24,25,24,25,24,541,5410,-894.5497,-892.0256,231.7752,-320.2997,-0.7895676,0.1227068,0.3918308,-0.5215143,-0.1294009,-0.9000146,-0.6569544,0.5388083,0.7678204,-0.4453631,0.2400081,-1.356273,24,24,24,24,24,24,24,24,24,24,24,24,24,24,24,24
542,5420,-861.3192,-856.1772,-865.8304,-855.9002,-830.1414,-848.316,-804.1495,-280.7449,129.9365,243.4327,-101.0016,-638.7058,-961.5022,-934.5117,-915.344,-868.0755,24,24,24,24,24,24,24,24,24,24,24,24,25,24,25,24,542,5420,-937.3838,-974.5299,233.7394,-320.9453,-0.1329655,0.2454296,-0.391765,-6.421245E-06,0.1294443,-0.6424745,0.7883941,0.6735148,-0.2560311,-0.3340541,-0.96426,2.568498E-05,24,24,24,24,24,24,24,24,24,24,24,24,24,24,24,24
543,5430,-901.1149,-886.1508,-873.2126,-926.0077,-940.3518,-902.6083,-808.8679,-275.8548,123.9909,244.4173,-104.2059,-682.1937,-984.7122,-846.0849,-878.1439,-899.2802,24,24,24,24,24,24,24,24,24,24,24,24,25,24,25,24,543,5430,-890.1185,-909.2634,234.1322,-319.3961,0.6549574,0.2454296,0.5224293,-0.6518912,-0.3882461,-0.2561635,0.1314172,-0.5388469,0.8958007,-0.1113267,-0.0008455978,0.4521231,24,24,24,24,24,24,24,24,24,24,24,24,24,24,24,24
544,5440,-878.9928,-886.03,-860.6627,-839.2253,-860.8023,-893.6006,-804.9147,-255.0405,138.8548,244.2942,-92.21953,-648.5379,-959.7168,-830.0941,-817.3359,-806.6301,24,24,24,24,24,24,24,24,24,24,24,24,25,24,25,24,544,5440,-987.4689,-969.6611,223.7874,-328.5619,-1.052209,0.2454296,0.1306322,-0.6518912,0.1294443,0.3876867,2.247436E-05,0.5388083,-0.8959371,0.2227642,0.6012883,0.3390931,24,24,24,24,24,24,24,24,24,24,24,24,24,24,24,24
545,5450,-816.9547,-829.8295,-852.7881,-860.5253,-842.2125,-843.3803,-789.7395,-269.46,130.8035,242.8174,-98.27204,-640.8487,-930.3173,-838.2088,-844.9976,-826.7504,24,24,24,24,24,24,24,24,24,24,24,24,25,24,25,24,545,5450,-921.1365,-911.2372,220.9066,-325.7218,0.3923164,-1.227212,3.210623E-05,-6.421245E-06,-0.3882461,-0.5137045,-1.051142,-0.4041404,0.5118567,-0.6681451,-0.7234063,0.2260696,24,24,24,24,24,24,24,24,24,24,24,24,24,24,24,24
546,5460,-836.4318,-848.6838,-808.2478,-804.2933,-836.0563,-849.5499,-776.0946,-250.9027,128.4501,241.2175,-89.84599,-669.8406,-1001.376,-866.6105,-873.7323,-909.6415,24,24,24,24,24,24,24,24,24,24,24,24,25,24,25,24,546,5460,-871.8569,-885.9727,225.4897,-324.8181,-0.5269274,-0.4908914,0.2612307,0.2607475,0.3882895,0.001376554,-0.6569544,0.2693937,0.5118567,0.1114006,1.203422,1.926374E-05,24,24,24,24,24,24,24,24,24,24,24,24,24,24,24,24
547,5470,-900.7542,-903.0714,-890.6843,-854.8047,-870.8214,-939.3789,-840.1108,-273.8486,133.9002,241.7097,-88.65923,-647.7816,-996.4956,-894.7733,-864.4323,-860.2442,24,24,24,24,24,24,24,24,24,24,24,24,25,24,25,24,547,5470,-885.5532,-872.6826,230.9895,-323.9144,-0.7895676,0.4908689,-0.391765,0.1303705,-0.6470914,-0.7712445,-0.5255597,-0.6735533,-0.1280493,0.2227642,-0.4825526,-0.5651049,24,24,24,24,24,24,24,24,24,24,24,24,24,24,24,24
548,5480,-899.5519,-886.3925,-929.6879,-932.702,-884.7034,-938.3918,-865.7428,-310.9633,124.1148,241.9559,-99.45881,-638.7058,-988.2828,-970.5507,-942.5288,-901.9307,24,24,24,24,24,24,24,24,24,24,24,24,25,24,25,24,548,5480,-855.0724,-870.0509,233.0846,-325.2054,0.6549574,-0.613611,0.2612307,0.3911245,-0.5176679,-0.1273935,0.1314172,-0.4041404,1.279745,0.2227642,-0.3621261,0.7911938,24,24,24,24,24,24,24,24,24,24,24,24,24,24,24,24
549,5490,-967.7217,-940.2966,-919.2296,-954.2454,-933.3505,-859.5446,-788.9744,-275.7294,118.0453,244.1711,-108.4782,-694.5443,-1002.09,-873.8899,-905.6863,-923.8583,24,24,24,24,24,24,24,24,24,24,24,24,25,24,25,24,549,5490,-850.2385,-835.1807,230.4657,-322.8817,-0.3956065,0.9817506,0.3918308,-0.7822682,0.3882895,0.3876867,-0.262767,-1.926374E-05,-1.279881,-1.336329,-0.7234063,-0.6781285,24,24,24,24,24,24,24,24,24,24,24,24,24,24,24,24
550,5500,-873.1016,-919.0251,-875.3043,-855.7785,-904.9831,-945.5484,-824.298,-258.6767,134.5195,242.4482,-86.16702,-661.017,-997.0907,-839.8795,-835.5783,-853.2563,24,24,24,24,24,24,24,24,24,24,24,24,25,24,25,24,550,5500,-860.9806,-861.4977,221.8233,-329.3365,0.9175984,0.1227068,-1.305959,-6.421245E-06,0.1294443,0.1301466,0.5256046,0.4041018,-0.3840129,0.6682189,0.8421419,-0.1130075,24,24,24,24,24,24,24,24,24,24,24,24,24,24,24,24
551,5510,-850.1379,-844.8162,-849.22,-835.3304,-815.6558,-833.5089,-786.4239,-266.7015,133.157,242.6943,-92.45689,-628.2435,-928.889,-851.455,-843.4476,-817.3529,24,24,24,24,24,24,24,24,24,24,24,24,25,24,25,24,551,5510,-833.0511,-845.8391,216.7163,-331.5312,-0.5269274,-1.595374,-0.2611665,0.2607475,-0.3882461,0.7739977,-0.5255597,-0.8082598,-0.5119932,-0.6681451,-0.8438327,-0.1130075,24,24,24,24,24,24,24,24,24,24,24,24,24,24,24,24
552,5520,-834.0272,-828.6208,-821.413,-848.5974,-864.5444,-847.8223,-777.7524,-255.4166,130.0603,242.6943,-95.77983,-662.4036,-966.6203,-844.4142,-860.2592,-875.9069,24,24,24,24,24,24,24,24,24,24,24,24,25,24,25,24,552,5520,-885.5532,-845.3127,224.835,-322.1071,-0.5269274,0.2454296,0.5224293,-0.1303834,0.7765566,-1.028785,0.3942099,0.6735148,0.3838765,0.6682189,-0.1212724,-0.2260311,24,24,24,24,24,24,24,24,24,24,24,24,24,24,24,24
553,5530,-850.6188,-858.8361,-846.021,-821.8201,-857.0602,-905.5695,-808.2302,-255.0405,138.1116,243.3096,-81.41994,-644.3782,-983.6408,-849.6649,-829.4975,-826.6299,24,24,24,24,24,24,24,24,24,24,24,24,25,24,25,24,553,5530,-851.447,-863.34,236.8821,-319.267,0.5236365,-1.284249E-05,-0.1305664,0.2607475,-0.905935,-0.6424745,2.247436E-05,-0.2694322,0.2558947,-0.1113267,-0.7234063,0.2260696,24,24,24,24,24,24,24,24,24,24,24,24,24,24,24,24
554,5540,-839.0768,-839.3775,-880.8412,-892.6579,-844.7476,-830.7943,-791.2697,-279.8672,123.6193,238.3868,-100.2896,-656.2271,-962.2162,-870.4291,-874.6861,-863.4973,24,24,24,24,24,24,24,24,24,24,24,24,25,24,25,24,554,5540,-920.8679,-938.7385,233.2156,-331.1439,0.5236365,0.1227068,-0.391765,-1.173399,0.7765581,-0.2561635,0.5256046,0.9429294,0.3838765,-0.4454177,-0.2416989,0.9042173,24,24,24,24,24,24,24,24,24,24,24,24,24,24,24,24
555,5550,-886.5672,-887.2386,-860.0474,-851.0316,-871.4249,-875.8321,-796.3706,-258.6767,132.4138,242.9404,-89.84599,-648.1597,-949.9567,-811.7166,-819.2436,-825.907,24,24,24,24,24,24,24,24,24,24,24,24,25,24,25,24,555,5550,-962.8964,-946.5021,224.3112,-335.7913,0.1296754,-0.1227325,-1.044761,-0.2607604,0.6471363,0.3876867,0.3942035,-0.8082598,-0.7679569,0.1114006,-0.6029794,-0.5651049,24,24,24,24,24,24,24,24,24,24,24,24,24,24,24,24
556,5560,-822.4852,-821.2483,-824.2429,-808.1881,-796.5832,-814.6299,-766.658,-251.7804,137.74,241.2175,-92.93159,-635.6807,-917.9388,-814.2226,-811.4936,-806.1481,24,24,24,24,24,24,24,24,24,24,24,24,25,24,25,24,556,5560,-963.0305,-947.8179,218.9424,-332.5639,-0.1329655,-1.104493,0.6530294,0.7822554,2.247436E-05,0.7739977,-0.6569608,-0.5388469,0.1279128,0.6682189,-0.2416989,0.9042173,24,24,24,24,24,24,24,24,24,24,24,24,24,24,24,24
557,5570,-808.0578,-806.3824,-806.7714,-804.9019,-809.4995,-818.9486,-768.4433,-261.0591,123.3716,230.0181,-103.3751,-650.5547,-934.1263,-822.6954,-840.4668,-862.2924,24,24,24,24,24,24,24,24,24,24,24,24,25,24,25,24,557,5570,-879.7792,-892.4203,220.2519,-328.3037,-0.2642856,0.2454296,0.5224293,-0.5215143,0.1294459,-0.7712445,-0.2627734,-0.2694322,-0.8959371,-0.3340541,0.3604349,-0.7911552,24,24,24,24,24,24,24,24,24,24,24,24,24,24,24,24
558,5580,-863.0023,-874.3064,-865.7073,-851.7618,-883.3755,-933.9496,-834.7548,-274.8517,124.4864,235.4332,-96.61056,-669.3365,-1016.849,-903.6041,-887.9209,-898.5573,24,24,24,24,24,24,24,24,24,24,24,24,25,24,25,24,558,5580,-837.2137,-830.4436,220.2519,-334.3712,0.2609963,0.4908689,-1.175361,0.2607475,-0.7765115,-0.2561635,0.6569961,0.4041018,-0.3840129,3.692216E-05,-1.32554,-0.4520814,24,24,24,24,24,24,24,24,24,24,24,24,24,24,24,24
559,5590,-899.6722,-895.4572,-912.4623,-900.9344,-873.8392,-903.4718,-833.3521,-289.0205,126.716,238.2638,-102.1884,-659.7566,-1004.113,-927.3516,-903.1826,-866.6297,24,24,24,24,24,24,24,24,24,24,24,24,25,24,25,25,559,5590,-905.9633,-891.7625,224.966,-326.6255,0.1296754,0.2454296,3.210623E-05,-0.5215143,0.3882911,-0.1273935,-0.5255661,-0.8082598,-0.639975,-0.8908724,-0.1212724,0.7911938,24,24,24,24,24,24,24,24,24,24,24,24,24,24,24,24
560,5600,-903.8801,-884.7005,-889.577,-915.175,-906.3109,-871.7602,-801.8541,-281.2465,116.8067,235.5562,-115.2428,-679.2946,-982.4506,-877.5892,-900.5594,-907.7139,24,24,24,24,24,24,24,24,24,24,24,24,25,24,25,25,560,5600,-895.3553,-889.6571,232.0371,-323.9144,-0.9208885,-0.2454521,-1.567158,-0.5215143,0.5177129,0.1301466,1.926374E-05,-1.926374E-05,-0.3840129,3.692216E-05,0.1195812,-0.4520814,24,24,24,24,24,24,24,24,24,24,24,24,24,24,24,24
561,5610,-905.2026,-911.4108,-883.4249,-883.2859,-918.02,-937.4045,-823.5329,-269.0839,120.8943,230.7565,-104.9179,-694.2925,-1022.443,-875.7992,-897.221,-948.798,24,24,24,24,24,24,24,24,24,24,24,24,25,24,25,25,561,5610,-898.1752,-919.1323,222.347,-343.2789,1.048918,-1.104493,-0.5223635,-0.2607604,-0.2588227,-0.2561635,0.131414,-0.8082598,0.6398386,0.1114006,-0.0008455978,-0.3390546,24,24,24,24,24,24,24,24,24,24,24,24,24,24,24,24
562,5620,-937.1834,-947.745,-947.7746,-893.8749,-909.8116,-999.7173,-876.7097,-282.5003,133.0331,242.202,-90.43938,-677.0256,-1058.27,-926.7549,-896.8633,-900.967,24,24,24,24,24,24,24,24,24,24,24,24,25,24,25,25,562,5620,-877.0938,-896.1049,210.9547,-337.2114,-0.9208885,-0.3681718,0.1306322,0.1303705,-0.1293993,0.001376554,-0.7883556,-0.1347257,0.1279128,-0.3340541,0.6012883,-0.4520814,24,24,24,24,24,24,24,24,24,24,24,24,24,24,24,24
563,5630,-949.3265,-907.5052,-960.4478,-928.5637,-869.735,-884.3461,-834.1172,-302.3116,120.6465,239.3714,-108.2409,-662.1516,-994.4722,-946.6838,-936.8057,-904.22,24,24,24,24,24,24,24,24,24,24,24,24,25,24,25,25,563,5630,-879.9135,-878.9987,221.0376,-328.8201,-0.2642856,-0.1227325,-0.391765,-6.421245E-06,-0.5176663,-1.157555,0.131414,0.6735148,0.1279128,0.8909462,-0.8438327,-0.7911552,24,24,24,24,24,24,24,24,24,24,24,24,24,24,24,24
564,5640,-935.5001,-916.81,-925.7507,-972.8678,-949.8882,-885.8268,-819.0696,-300.9323,110.8611,232.9717,-136.6046,-705.8789,-1017.92,-945.6097,-955.4057,-923.6174,24,24,24,24,24,24,24,24,24,24,24,24,25,24,25,25,564,5640,-852.7897,-853.4711,223.6565,-328.8201,0.2609963,-0.4908914,0.9142264,-6.421245E-06,-0.5176663,0.3876867,-0.5255661,-0.5388469,0.5118567,-0.3340541,0.2400081,0.3390931,24,24,24,24,24,24,24,24,24,24,24,24,24,24,24,24
565,5650,-945.7197,-943.1531,-882.8097,-893.7533,-924.78,-917.4152,-804.4045,-254.0374,130.8035,239.4945,-96.61056,-678.6643,-1001.257,-847.7556,-866.2209,-907.3525,24,24,24,24,24,24,24,24,24,24,24,24,25,24,25,25,565,5650,-870.7827,-894.6574,229.1562,-327.9165,0.7862783,0.3681493,-0.2611665,-0.9126452,0.5177129,0.5164568,-0.3941681,1.347049,-0.5119932,-0.3340541,-0.6029794,-0.1130075,24,24,24,24,24,24,24,24,24,24,24,24,24,24,24,24
566,5660,-888.7312,-896.388,-893.5142,-857.3607,-854.4044,-909.7648,-834.2448,-281.6226,125.1057,232.7256,-109.665,-668.8323,-998.6381,-901.3367,-888.7554,-872.1719,24,24,24,24,24,24,24,24,24,24,24,24,25,24,25,25,566,5660,-898.4437,-901.6314,229.4181,-329.7238,-0.001645444,-1.349932,-0.6529636,0.1303705,-0.7765115,-0.9000146,-0.3941681,-0.4041404,-0.2560311,-0.1113267,0.1195812,1.926374E-05,24,24,24,24,24,24,24,24,24,24,24,24,24,24,24,24
567,5670,-901.3552,-887.2043,-888.7156,-894.7271,-892.0668,-880.7679,-805.8073,-272.7201,124.3625,238.7561,-102.6631,-670.0928,-970.6671,-832.6001,-845.9515,-866.1478,24,24,24,24,24,24,24,24,24,24,24,24,25,24,25,25,567,5670,-908.6487,-899.9208,228.2396,-327.1418,0.1296754,-0.9817731,0.5224293,1.043009,-0.7765115,0.1301466,-0.7883556,-0.6735533,0.6398386,0.6682189,0.3604349,0.2260696,24,24,24,24,24,24,24,24,24,24,24,24,24,24,24,24
568,5680,-851.0995,-864.2446,-873.4587,-842.8766,-847.6446,-907.6673,-833.097,-280.9957,127.7069,235.4332,-103.2565,-666.6894,-1003.518,-886.7779,-866.6978,-860.6056,24,24,24,24,24,24,24,24,24,24,24,24,25,24,25,25,568,5680,-898.4437,-931.1067,221.1685,-333.984,-1.183529,0.4908689,0.3918308,-0.5215143,0.6471363,-1.286325,-0.1313787,0.5388083,0.5118567,3.692216E-05,-0.2416989,1.926374E-05,24,24,24,24,24,24,24,24,24,24,24,24,24,24,24,24
569,5690,-869.3743,-865.2114,-870.3826,-865.3938,-848.3689,-851.0305,-794.0752,-269.2093,130.6797,243.6789,-102.5444,-647.6556,-926.0325,-835.5834,-846.3092,-840.8467,24,24,24,24,24,24,24,24,24,24,24,24,25,24,25,25,569,5690,-869.7085,-863.4716,220.3828,-327.4001,-0.1329655,0.2454296,-0.2611665,-0.1303834,-0.1293993,-0.6424745,0.3942035,0.8082213,-0.2560311,0.4454916,-1.32554,-0.5651049,24,24,24,24,24,24,24,24,24,24,24,24,24,24,24,24
570,5700,-825.9717,-836.9348,-815.8762,-816.5864,-851.5074,-879.0405,-803.0018,-261.5606,127.583,234.0794,-97.91601,-658.6221,-976.3804,-850.739,-844.64,-850.7261,24,24,24,24,24,24,24,24,24,24,24,24,25,24,25,25,570,5700,-912.2742,-904.5262,234.2632,-313.8449,0.9175984,-0.3681718,0.1306322,-0.6518912,-0.3882445,-0.7712445,0.2628087,0.1346872,-0.2560311,-1.1136,-0.2416989,-0.1130075,24,24,24,24,24,24,24,24,24,24,24,24,24,24,24,24
571,5710,-847.0118,-843.7018,-861.1548,-851.0316,-828.2099,-846.3416,-803.0018,-288.6443,118.0454,229.1566,-114.056,-663.0339,-989.4731,-920.7882,-895.9094,-862.6539,24,24,24,24,24,24,24,24,24,24,24,24,25,24,25,25,571,5710,-888.1044,-893.7363,242.1199,-322.2362,-0.1329655,0.7363082,-0.391765,-0.6518912,0.7765581,0.9027677,-0.7883492,0.2693937,-0.639975,0.3341279,-0.2416989,-0.2260311,24,24,24,24,24,24,24,24,24,24,24,24,24,24,24,24
572,5720,-890.6548,-871.3741,-864.2308,-886.8155,-862.2508,-816.9744,-775.4569,-267.83,123.2477,238.3868,-111.2078,-677.6559,-958.6455,-831.0487,-849.29,-860.6056,24,24,24,24,24,24,24,24,24,24,24,24,25,24,25,25,572,5720,-931.7442,-952.0286,233.7393,-325.8509,0.3923164,-1.227212,0.1306322,-0.3911373,2.247436E-05,0.2589166,-0.5255597,-0.5388469,0.3838765,-0.1113267,-0.0008455978,1.926374E-05,24,24,24,24,24,24,24,24,24,24,24,24,24,24,24,24
573,5730,-839.6778,-855.0607,-846.0209,-835.4521,-862.8543,-902.8549,-823.2778,-276.1056,123.6193,236.5408,-91.03276,-669.2104,-1008.993,-873.4125,-868.9632,-907.8344,24,24,24,24,24,24,24,24,24,24,24,24,25,24,25,25,573,5730,-961.4193,-938.7386,230.5966,-324.3018,-0.2642856,0.1227068,0.9142264,0.2607475,0.1294459,-0.2561635,-0.9197471,0.1346872,-0.2560311,-0.2226904,-0.0008455978,-0.7911552,24,24,24,24,24,24,24,24,24,24,24,24,24,24,24,24
574,5740,-927.5651,-925.873,-937.9315,-902.6385,-895.6881,-967.7589,-881.9381,-313.7218,117.0544,226.5721,-114.6494,-667.1936,-1046.01,-1010.766,-950.8751,-912.1716,24,24,24,24,24,24,24,24,24,24,24,24,25,24,25,25,574,5740,-991.6315,-971.3717,228.5015,-323.5272,0.1296754,0.1227068,-0.1305664,-1.173399,-0.1293993,-1.157555,0.3942099,0.2693937,0.2558947,0.2227642,-0.7234063,-1.017206,24,24,24,24,24,24,24,24,24,24,24,24,24,24,24,24
575,5750,-999.2215,-970.8255,-1010.648,-986.9865,-949.5259,-941.5998,-868.2932,-323.3766,103.9246,229.6488,-126.8731,-696.0557,-1046.724,-999.7876,-980.9213,-916.6295,24,24,24,24,24,24,24,24,24,24,24,24,25,24,25,25,575,5750,-932.4156,-933.0803,223.6565,-326.8837,0.6549574,0.6135885,0.6530294,-0.1303834,-1.035357,0.5164568,0.1314172,-1.926374E-05,0.7678204,-0.2226904,-0.602979,0.1130428,24,24,24,24,24,24,24,24,24,24,24,24,24,24,24,24
576,5760,-964.5956,-950.766,-919.7217,-962.0351,-977.5314,-933.4561,-834.3722,-286.0112,115.568,237.6484,-112.6319,-702.3526,-1011.136,-877.8278,-906.4017,-929.0391,24,24,24,24,24,24,24,24,24,24,24,24,25,24,25,25,576,5760,-916.4368,-949.6601,230.3347,-318.1051,-0.001645444,0.1227068,0.1306322,-1.303776,-0.2588227,0.1301466,-0.1313723,0.5388083,-0.639975,-0.3340541,0.3604349,0.5651466,24,24,24,24,24,24,24,24,24,24,24,24,24,24,24,24
577,5770,-910.0118,-914.0307,-893.1451,-870.9927,-883.8582,-925.0655,-835.0098,-276.6071,124.6103,233.3409,-101.595,-676.7736,-1015.302,-882.4819,-874.567,-877.473,24,24,24,24,24,24,24,24,24,24,24,24,25,24,25,25,577,5770,-912.8113,-914.5267,237.2749,-318.7506,-0.001645444,-0.1227325,-0.391765,0.5215014,0.5177129,0.3876867,1.313976,0.5388083,-0.2560311,0.3341279,0.2400081,-0.2260246,24,24,24,24,24,24,24,24,24,24,24,24,24,24,24,24
578,5780,-862.4011,-881.0413,-893.1451,-881.0949,-861.5266,-867.6883,-816.1365,-288.7697,114.0816,226.449,-117.379,-663.6642,-962.2162,-878.4245,-876.7131,-871.9308,24,24,24,24,24,24,24,24,24,24,24,24,25,24,25,25,578,5780,-891.3271,-877.1565,232.5608,-321.8489,0.6549574,-1.349932,0.2612307,-0.2607604,-0.905935,0.001376554,-0.1313723,-1.077674,-6.902839E-05,0.2227642,-0.1212724,0.4521231,24,24,24,24,24,24,24,24,24,24,24,24,24,24,24,24
579,5790,-877.1893,-874.3951,-868.6601,-869.8972,-875.8914,-858.1872,-792.2899,-272.2186,119.7795,235.3101,-122.3634,-698.5744,-1003.756,-906.11,-916.1786,-919.1595,24,24,24,24,24,24,24,24,24,24,24,24,25,24,25,25,579,5790,-849.1643,-854.7869,227.9777,-327.1418,-0.7895676,0.2454296,0.3918308,0.6518784,0.5177129,-0.5137045,-0.5255597,0.6735148,0.3838765,3.692216E-05,0.1195812,-0.7911488,24,24,24,24,24,24,24,24,24,24,24,24,24,24,24,24
580,5800,-918.9087,-903.2759,-882.8097,-872.3317,-890.6183,-907.297,-818.8145,-273.2216,120.0272,230.7565,-112.9879,-701.9747,-1019.348,-865.5364,-889.2325,-924.2197,24,24,24,24,24,24,24,24,24,24,24,24,25,24,25,25,580,5800,-847.6873,-849.7866,222.7399,-327.271,1.048918,0.7363082,0.1306322,0.1303705,-0.6470898,-1.415095,-0.6569544,-0.1347257,-6.902839E-05,0.4454916,-1.205113,-0.4520749,24,24,24,24,24,24,24,24,24,24,24,24,24,24,24,24
581,5810,-896.5461,-895.7839,-894.3755,-866.3676,-903.4138,-971.214,-862.8097,-285.3842,118.7886,228.6643,-105.986,-681.0593,-1030.537,-881.2886,-863.9554,-883.1357,24,24,24,24,24,24,24,24,24,24,24,24,25,24,25,25,581,5810,-927.313,-902.9472,223.5256,-319.9125,0.5236365,-0.2454521,0.5224293,-0.3911373,-0.1293993,0.7739977,0.7883941,-0.1347257,0.5118567,-0.7795087,-0.2416989,0.6781734,24,24,24,24,24,24,24,24,24,24,24,24,24,24,24,24
582,5820,-893.9009,-887.4459,-934.6095,-906.0466,-848.9725,-873.6111,-832.2043,-300.0546,117.426,228.9104,-122.126,-674.5046,-998.4,-927.113,-904.971,-872.1719,24,24,24,24,24,24,24,24,24,24,24,24,25,24,25,25,582,5820,-918.4509,-948.0811,229.1563,-321.9781,0.2609963,0.245481,-0.9141622,-1.173399,0.3882911,-0.1273935,-0.1313723,-0.4041404,-1.151901,-0.2226904,-0.4825526,-0.1130011,24,24,24,24,24,24,24,24,24,24,24,24,24,24,24,24
583,5830,-892.4583,-876.5703,-869.8906,-888.7631,-887.6004,-875.462,-805.1697,-275.8548,119.6556,234.2024,-106.2234,-669.5886,-967.9294,-843.3402,-858.8284,-860.1237,24,24,24,24,24,24,24,24,24,24,24,24,25,24,25,25,583,5830,-863.6661,-876.1038,232.299,-317.3306,0.9175984,-0.49084,0.1305776,0.5215014,2.247436E-05,-0.3849336,0.5256046,-0.4041404,0.2558947,0.3341279,-0.3621257,0.4521231,24,24,24,24,24,24,24,24,24,24,24,24,24,24,24,24
584,5840,-844.4871,-856.9942,-846.267,-840.199,-863.2166,-891.7496,-813.3311,-273.5978,120.5227,231.1257,-101.239,-670.9752,-995.3052,-863.3884,-859.3054,-887.5936,24,24,24,24,24,24,24,24,24,24,24,24,25,24,25,25,584,5840,-919.6593,-902.6841,235.1798,-320.558,-0.2642856,-0.9817218,0.6529748,1.173386,-0.3882445,-0.1273935,-0.7883492,0.1346872,-6.902839E-05,-0.1113267,0.2400081,2.568498E-05,24,24,24,24,24,24,24,24,24,24,24,24,24,24,24,24
585,5850,-902.317,-897.2339,-921.4442,-889.6149,-878.9091,-921.1169,-848.0172,-294.6629,119.4079,229.7719,-109.9024,-674.6307,-1010.183,-913.9862,-895.3132,-882.7742,24,24,24,24,24,24,24,24,24,24,24,24,25,24,25,25,585,5850,-910.7972,-914.2636,227.5849,-324.1727,-0.6582475,0.245481,-2.086905E-05,0.2607475,0.5177129,-1.415095,0.3942099,0.6735148,0.7678204,3.692216E-05,0.2400081,-0.4520749,24,24,24,24,24,24,24,24,24,24,24,24,24,24,24,24
586,5860,-897.2675,-874.2744,-905.9412,-911.7672,-879.6335,-890.7625,-830.4191,-292.0298,125.3534,238.1407,-122.2447,-680.1769,-996.3766,-924.4875,-919.994,-882.4128,24,24,24,24,24,24,24,24,24,24,24,24,25,24,25,25,586,5860,-875.7509,-898.2102,223.3946,-323.0108,0.2609963,0.3682006,-0.391818,-0.5215143,-1.035357,-0.6424745,-0.1313723,-0.4041404,-0.2560311,0.1114006,-1.445967,0.4521231,24,24,24,24,24,24,24,24,24,24,24,24,24,24,24,24
587,5870,-905.3228,-892.1586,-879.1184,-906.0466,-917.8992,-891.3795,-807.8477,-271.2154,120.7704,237.4023,-109.4276,-698.0707,-1003.042,-858.8536,-892.094,-946.7498,24,24,24,24,24,24,24,24,24,24,24,24,25,24,25,25,587,5870,-874.4081,-874.3932,225.7516,-316.4269,0.3923164,0.1227582,0.2611777,-0.1303834,0.2588677,-0.1273935,0.2628151,0.8082213,-0.8959371,-0.5567814,0.3604349,0.1130492,24,24,24,24,24,24,24,24,24,24,24,24,24,24,24,24
588,5880,-923.2369,-939.7696,-901.8809,-859.9167,-894.9639,-956.5302,-856.051,-281.748,125.4773,230.7565,-108.1222,-674.2524,-1000.78,-884.0332,-870.3939,-874.943,24,24,24,24,24,24,24,24,24,24,24,24,25,24,25,25,588,5880,-941.5464,-921.1061,230.4657,-316.0396,-0.2642856,0.6136399,-0.7836167,0.1303705,1.164827,0.3876867,-0.9197471,-0.1347257,-1.535845,0.1114006,0.2400081,0.1130492,24,24,24,24,24,24,24,24,24,24,24,24,24,24,24,24
589,5890,-896.6663,-896.9923,-921.8132,-916.3923,-873.96,-883.359,-823.1503,-293.0328,122.009,240.479,-102.1884,-645.2605,-956.622,-923.1749,-908.0709,-858.0756,24,24,24,24,24,24,24,24,24,24,24,24,25,24,25,25,589,5890,-909.5885,-895.0522,237.144,-315.265,0.9175984,-1.104441,0.5223764,0.2607475,0.6471363,0.001376554,0.1314172,-0.5388469,0.5118567,0.2227642,0.6012883,0.5651466,24,24,24,24,24,24,24,24,24,24,24,24,24,24,24,24
590,5900,-894.6224,-898.3215,-867.9218,-890.2236,-916.33,-902.6082,-812.3109,-270.9647,127.8307,243.925,-106.9354,-685.7231,-1002.566,-866.0137,-881.0054,-896.5091,24,24,24,24,24,24,24,24,24,24,24,24,25,24,25,25,590,5900,-871.1855,-888.2097,235.5726,-314.7486,-0.9208885,-0.3681204,-2.086905E-05,-0.1303834,0.5177129,-1.028785,-0.5255597,0.6735148,0.7678204,-0.3339995,-0.0008451964,-0.9041756,24,24,24,24,24,24,24,24,24,24,24,24,24,24,24,24
591,5910,-898.8304,-914.1515,-899.7891,-867.0978,-882.8927,-910.9987,-826.0833,-272.3439,130.4319,240.2329,-95.66116,-675.2608,-1009.231,-856.4669,-848.9322,-864.943,24,24,24,24,24,24,24,24,24,24,24,24,25,24,25,24,591,5910,-875.8853,-865.9717,232.8228,-315.9105,0.1296754,0.6136399,-0.391818,0.2607475,0.1294459,-1.157555,-0.262767,-0.2694322,-0.8959371,9.150275E-05,-0.7234063,-0.1130011,24,24,24,24,24,24,24,24,24,24,24,24,24,24,24,24
592,5920,-884.1625,-887.9292,-936.9473,-915.2969,-879.2713,-927.0397,-868.1656,-311.4648,120.6465,238.0177,-109.9024,-677.5297,-1033.75,-987.6155,-960.2942,-923.3764,24,24,24,24,24,24,24,24,24,24,24,24,25,24,25,24,592,5920,-933.8927,-910.4476,224.0493,-321.8489,-0.001645444,0.1227582,-0.391818,-0.3911373,-0.3882445,0.001376554,0.5256046,-1.212381,0.2558947,-0.2226358,-0.6029794,1.926374E-05,24,24,24,24,24,24,24,24,24,24,24,24,24,24,24,24
593,5930,-953.5346,-914.514,-922.1825,-944.1431,-937.6961,-914.8239,-838.453,-305.697,115.9396,240.9713,-132.8069,-694.6702,-1017.444,-1006.232,-1010.968,-962.6533,24,24,24,24,24,24,24,24,24,24,24,24,25,24,25,24,593,5930,-897.3694,-919.1323,225.8826,-311.0048,-0.001645444,0.7363595,-0.1306194,0.3911245,1.294249,0.2589166,0.1314172,0.6735148,-0.7679569,9.150275E-05,-0.2416989,0.2260696,24,24,24,24,24,24,24,24,24,24,24,24,24,24,24,24
594,5940,-1006.676,-1008.825,-940.1462,-962.5221,-988.6368,-949.7438,-833.4796,-279.8672,121.3897,245.1557,-118.2097,-731.0665,-1057.199,-914.8215,-963.0365,-993.9785,24,24,24,24,24,24,24,24,24,24,24,24,25,24,25,24,594,5940,-847.8215,-875.9724,237.7987,-306.2283,0.3923164,-0.6135596,-0.5224181,-0.2607604,-0.3882445,-0.7712445,-0.3941649,-1.077674,-0.3840129,9.150275E-05,-0.0008455978,-0.5651049,24,24,24,24,24,24,24,24,24,24,24,24,24,24,24,24
595,5950,-977.9411,-980.9059,-929.4417,-908.2374,-950.8538,-972.2011,-843.4263,-272.0932,124.4864,239.7406,-92.93159,-692.7811,-1038.75,-860.7629,-880.6477,-943.8583,24,24,24,24,24,24,24,24,24,24,24,24,25,24,25,24,595,5950,-938.5923,-923.343,239.8939,-308.9393,-0.3956065,-0.3681204,0.9141734,0.2607475,-0.3882445,0.2589166,-0.9197471,-0.1347257,0.7678204,0.2228188,0.3604349,0.7911938,24,24,24,24,24,24,24,24,24,24,24,24,24,24,24,24
596,5960,-928.1664,-953.5912,-934.3633,-890.2236,-919.5894,-988.9822,-859.3666,-271.717,136.9968,245.5249,-90.55806,-675.3868,-1048.867,-900.024,-874.9246,-902.0513,24,24,24,24,24,24,24,24,24,24,24,24,25,24,25,24,596,5960,-898.0409,-893.9995,235.9655,-317.0723,-0.5269274,-0.6135596,0.2611777,-6.421245E-06,0.5177129,-0.3849336,-0.6569544,0.2693937,-0.1280493,-0.3339995,-0.4825526,-1.58233,24,24,24,24,24,24,24,24,24,24,24,24,24,24,24,24
597,5970,-933.3361,-904.2798,-968.6914,-947.6729,-890.3769,-904.3356,-837.8154,-292.7821,129.0694,241.8328,-116.1922,-668.3279,-999.1143,-961.9586,-936.3287,-891.9308,24,24,24,24,24,24,24,24,24,24,24,24,25,24,25,24,597,5970,-843.659,-857.5503,230.0729,-315.0068,0.5236365,0.3682006,-0.2612195,0.2607475,-0.7765115,-0.5137045,0.5256046,-1.926374E-05,0.1279128,-0.3339995,-0.96426,-0.2260311,24,24,24,24,24,24,24,24,24,24,24,24,24,24,24,24
598,5980,-930.3305,-896.9072,-885.1474,-901.6647,-879.2713,-838.3212,-783.8734,-268.7077,123.2477,238.1407,-106.5794,-680.8071,-971.0241,-828.5427,-852.3899,-872.7744,24,24,24,24,24,24,24,24,24,24,24,24,25,24,25,24,598,5980,-976.5925,-938.8701,229.2872,-316.5559,0.3923164,-1.284249E-05,0.6529748,-1.825287,-0.1293993,0.5164568,-0.3941649,0.1346872,-0.2560311,-1.22491,-0.1212724,-0.1130075,24,24,24,24,24,24,24,24,24,24,24,24,24,24,24,24
599,5990,-850.739,-869.351,-844.0522,-819.9943,-846.679,-890.6393,-808.7403,-261.1844,132.4138,237.8946,-95.66116,-657.3615,-977.8087,-854.0803,-840.9437,-838.5576,24,24,24,24,24,24,24,24,24,24,24,24,25,24,25,24,599,5990,-949.3344,-924.001,224.4422,-320.4288,-1.314849,0.3681493,-0.5224181,-0.7822682,2.247436E-05,0.6452268,2.247436E-05,0.1346872,-1.023919,0.3341825,-0.0008455978,0.1130428,24,24,24,24,24,24,24,24,24,24,24,24,24,24,24,24
600,6000,-849.176,-837.8062,-848.6048,-846.6498,-827.1235,-823.2675,-779.9202,-273.0963,125.1057,236.0485,-113.2253,-662.6556,-956.622,-897.3986,-905.4478,-889.8826,24,24,24,24,24,24,24,24,24,24,24,24,25,24,25,24,600,6000,-862.3233,-878.3409,228.8944,-314.2322,0.2609963,-0.9817731,0.5223764,0.5215014,-0.6470898,-0.5137045,0.3942099,-1.347087,-6.902839E-05,9.150275E-05,0.1195812,0.1130428,24,24,24,24,24,24,24,24,24,24,24,24,24,24,24,24
601,6010,-928.7675,-915.0365,-889.577,-913.4709,-926.3492,-904.7059,-804.277,-261.4352,130.4319,239.0022,-112.9879,-700.2115,-1002.685,-844.0561,-870.0361,-918.9185,24,24,24,24,24,24,24,24,24,24,24,24,25,24,25,24,601,6010,-887.0302,-907.4212,234.1322,-315.0068,-1.314849,-0.3681718,0.1305776,0.2607475,0.3882911,-0.3849336,-0.7883492,0.2693937,0.3838765,-0.5567268,-0.1212724,-0.7911552,24,24,24,24,24,24,24,24,24,24,24,24,24,24,24,24
602,6020,-877.1893,-920.5961,-905.08,-852.0052,-887.359,-987.0081,-869.1859,-278.4879,129.8126,237.6484,-90.3207,-679.4205,-1038.035,-887.3746,-889.9478,-931.0873,24,24,24,24,24,24,24,24,24,24,24,24,25,24,25,24,602,6020,-941.5464,-915.8426,230.9895,-321.2034,-0.001645444,0.8590278,-0.2612195,-0.6518912,-0.3882445,-0.6424745,0.6569993,0.2693937,-6.902839E-05,0.1114552,-1.445967,-0.2260311,24,24,24,24,24,24,24,24,24,24,24,24,24,24,24,24
603,6030,-911.8152,-930.3859,-950.4816,-900.6909,-869.8557,-942.4637,-857.8364,-294.0359,131.7945,244.9095,-86.64173,-623.0754,-969.8338,-932.3637,-906.4016,-864.0996,24,24,24,24,24,24,24,24,24,24,24,24,25,24,25,24,603,6030,-894.0125,-909.9213,230.7276,-317.7178,-0.001645444,-1.284249E-05,-0.2612195,0.1303705,-0.5176663,-0.1273935,2.247436E-05,-0.1347257,-0.2560311,-0.8908178,-0.7234063,0.3390931,24,24,24,24,24,24,24,24,24,24,24,24,24,24,24,24
604,6040,-917.8266,-898.5994,-880.226,-906.5333,-920.3135,-908.4077,-819.7072,-280.7449,121.3897,238.3868,-110.021,-682.9501,-1002.804,-876.2764,-903.5401,-912.6537,24,24,24,24,24,24,24,24,24,24,24,24,25,24,25,24,604,6040,-866.2173,-861.761,232.5609,-320.9452,0.1296754,0.9817506,-0.2612195,-1.173399,-0.1293993,-0.1273935,-0.1313723,0.4041018,-6.902839E-05,0.4455462,0.2400081,1.926374E-05,24,24,24,24,24,24,24,24,24,24,24,24,24,24,24,24
605,6050,-903.3992,-919.5084,-882.3176,-856.8738,-893.0325,-920.1298,-822.7678,-264.946,128.3262,238.6329,-91.03276,-670.0928,-1013.397,-869.355,-871.1093,-882.8948,24,24,24,24,24,24,24,24,24,24,24,24,25,24,25,24,605,6050,-857.758,-856.6292,229.0253,-324.3017,0.9175984,-0.3681718,-0.2612195,-0.1303834,0.9059815,0.2589166,0.6569993,-0.9429679,-0.5119964,9.150275E-05,-0.4825526,-0.1130075,24,24,24,24,24,24,24,24,24,24,24,24,24,24,24,24
606,6060,-884.2828,-883.25,-899.5432,-884.0161,-864.9065,-895.2047,-848.3997,-299.4276,124.3625,237.2792,-93.881,-656.3531,-1020.301,-916.2535,-893.8824,-894.5815,24,24,24,24,24,24,24,24,24,24,24,24,25,24,25,24,606,6060,-914.9597,-986.241,220.121,-330.7566,-0.6582475,-0.9817731,-0.1306194,1.043009,-0.5176663,0.001376554,-1.313931,-0.1347257,-0.1280525,-0.5567268,0.3604349,-0.4520814,24,24,24,24,24,24,24,24,24,24,24,24,24,24,24,24
607,6070,-920.2313,-903.4339,-930.4261,-924.5471,-871.4249,-866.9481,-813.8412,-298.6753,109.3747,234.4486,-103.3751,-639.8404,-952.2182,-926.6356,-917.2517,-888.9189,24,24,24,24,24,24,24,24,24,24,24,24,25,24,25,25,607,6070,-913.2141,-916.1058,224.4422,-317.2014,-0.001645444,-0.3681718,0.1305776,-0.6518912,0.5177129,-0.5137045,-0.262767,-1.926374E-05,-0.1280525,-0.2226358,-0.602979,-0.7911552,24,24,24,24,24,24,24,24,24,24,24,24,24,24,24,24
608,6080,-928.8877,-916.7285,-903.9725,-935.7448,-940.1104,-894.7112,-805.4247,-278.9894,118.2931,241.2174,-106.8168,-689.0005,-1001.376,-897.6374,-921.4248,-917.1113,24,24,24,24,24,24,24,24,24,24,24,24,25,24,25,25,608,6080,-931.3414,-918.6061,232.8228,-317.3305,-0.001645444,0.3681493,-0.5224181,0.1303705,-0.5176663,-0.1273935,1.051187,-0.4041404,-7.06337E-05,-0.2226358,-1.205113,-0.4520814,24,24,24,24,24,24,24,24,24,24,24,24,24,24,24,24
609,6090,-905.3228,-911.5314,-868.9063,-853.2224,-905.7073,-954.0625,-832.7145,-257.5482,135.2627,241.9558,-92.10085,-678.9164,-1024.109,-860.047,-861.6899,-913.1355,24,24,24,24,24,24,24,24,24,24,24,24,25,24,25,25,609,6090,-908.2458,-911.2372,233.4775,-321.4616,0.1296754,-0.2454521,-0.2612195,-1.173399,0.1294459,-0.2561635,-0.1313723,0.6735148,-0.3840145,-0.5567268,-0.1212724,0.5651435,24,24,24,24,24,24,24,24,24,24,24,24,24,24,24,24
610,6100,-914.5803,-923.8594,-940.7614,-898.6219,-873.4771,-937.8982,-859.6217,-285.635,136.3775,244.1711,-90.91408,-643.874,-981.6174,-891.5513,-885.0593,-878.437,24,24,24,24,24,24,24,24,24,24,24,24,25,24,25,25,610,6100,-880.4507,-895.7101,233.0846,-321.5907,0.6549574,-0.2454521,-0.6530166,-6.421245E-06,0.5177129,-0.7712445,1.182582,-0.1347257,-0.6399782,-0.3339995,-0.1212724,-0.7911552,24,24,24,24,24,24,24,24,24,24,24,24,24,24,24,24
611,6110,-887.7693,-877.207,-885.1475,-887.5458,-862.4922,-833.6324,-783.4909,-266.5761,130.5558,242.0789,-114.5307,-673.4962,-972.5714,-881.2885,-896.5055,-888.1958,24,24,24,24,24,24,24,24,24,24,24,24,25,24,25,25,611,6110,-884.3446,-894.2626,228.1087,-326.4964,-0.2642856,-0.9817731,-2.086905E-05,0.5215014,-0.6470898,0.1301466,-0.262767,-0.2694322,0.5118551,0.1114552,-0.8438327,-0.3390546,24,24,24,24,24,24,24,24,24,24,24,24,24,24,24,24
612,6120,-892.9392,-882.6458,-869.7676,-889.6149,-925.6249,-914.9473,-805.2972,-263.1906,123.7432,241.9558,-103.0191,-696.8113,-1002.685,-869.3552,-906.9978,-942.051,24,24,24,24,24,24,24,24,24,24,24,24,25,24,25,25,612,6120,-891.5956,-881.4988,219.3353,-331.2729,-0.5269274,0.2454296,0.2611777,-0.5215143,0.7765581,-0.1273935,2.247436E-05,-0.1347257,0.2558914,0.2228188,0.3604349,-1.130229,24,24,24,24,24,24,24,24,24,24,24,24,24,24,24,24
613,6130,-915.3018,-932.3197,-894.3755,-860.1602,-879.392,-947.0292,-836.1576,-260.1813,139.8457,245.4018,-84.98026,-656.2271,-1002.328,-874.2479,-860.6169,-862.2924,24,24,24,24,24,24,24,24,24,24,24,24,25,24,25,25,613,6130,-966.2533,-956.371,221.4304,-324.3017,-0.001696814,0.4908689,-0.7836167,0.7822554,-0.1293993,-0.6424745,0.2628151,-0.5388469,-0.1280525,0.5569098,-1.32554,-0.1130075,24,24,24,24,24,24,24,24,24,24,24,24,24,24,24,24
614,6140,-853.6244,-858.111,-886.1319,-877.3219,-839.6777,-859.7914,-813.7137,-289.3966,127.7069,244.4173,-99.22145,-639.084,-975.5471,-930.335,-907.9517,-879.1599,24,24,24,24,24,24,24,24,24,24,24,24,25,24,25,25,614,6140,-853.7297,-879.6566,231.2514,-321.0743,0.7862269,0.4908689,0.2611777,-0.6518912,1.035403,0.6452268,2.247436E-05,0.6735148,-0.1280525,-0.5567268,0.3604349,0.1130428,24,24,24,24,24,24,24,24,24,24,24,24,24,24,24,24
615,6150,-886.8075,-893.5233,-904.5878,-912.2539,-899.0682,-879.7808,-811.1631,-286.3873,117.5499,238.5099,-109.5463,-672.992,-986.1404,-910.1675,-919.8748,-889.8826,24,24,24,24,24,24,24,24,24,24,24,24,25,24,25,25,615,6150,-922.7477,-904.6578,235.5726,-324.0435,-0.264337,0.4908689,-0.2611665,-0.6518912,0.3882911,0.001376554,-0.7883492,0.2693937,-0.8959403,9.150275E-05,0.1195812,-0.1130075,24,24,24,24,24,24,24,24,24,24,24,24,24,24,24,24
616,6160,-885.0041,-890.1392,-844.2984,-846.2847,-896.5331,-916.7983,-809.1228,-253.4104,134.6434,243.8019,-86.87908,-666.3113,-1002.209,-829.8553,-827.709,-846.5093,24,24,24,24,24,24,24,24,24,24,24,24,25,24,25,25,616,6160,-948.7974,-943.0808,230.4657,-331.0147,-0.5269788,-0.8590535,3.210623E-05,0.5215014,2.247436E-05,-0.2561635,-0.1313723,-0.4041404,0.1279112,0.4455462,-0.3621257,1.926374E-05,24,24,24,24,24,24,24,24,24,24,24,24,24,24,24,24
617,6170,-855.6683,-844.8162,-877.396,-852.6138,-825.1921,-852.7581,-806.5724,-275.4786,132.5377,241.9558,-100.8829,-651.4371,-983.6408,-929.1417,-913.1979,-875.7863,24,24,24,24,24,24,24,24,24,24,24,24,25,24,25,25,617,6170,-999.5538,-1022.427,223.3946,-332.1766,-0.9209399,-0.8590535,3.210623E-05,-0.2607604,-0.1293993,-0.5137045,-0.6569544,-0.1347257,0.1279112,-0.1112722,0.1195812,-0.9041788,24,24,24,24,24,24,24,24,24,24,24,24,24,24,24,24
618,6180,-931.2922,-887.722,-935.9629,-984.5524,-947.7153,-886.5673,-815.1163,-290.1489,117.3022,239.3714,-114.5307,-680.5551,-994.9484,-926.6356,-946.4634,-922.5331,24,24,24,24,24,24,24,24,24,24,24,24,25,24,25,25,618,6180,-879.1078,-904.921,219.99,-331.402,-0.5269788,0.4908689,0.3918308,0.3911245,-0.1293993,-0.7712959,-0.262767,0.1346872,-1.023922,0.2228188,-0.4825526,-0.7911552,24,24,24,24,24,24,24,24,24,24,24,24,24,24,24,24
619,6190,-955.9391,-944.0433,-889.7,-922.2345,-973.91,-957.2708,-817.6668,-265.3222,121.0181,237.4023,-99.81483,-690.3871,-1013.754,-843.9368,-865.9823,-898.1959,24,24,24,24,24,24,24,24,24,24,24,24,25,24,25,25,619,6190,-936.5782,-917.8165,222.0851,-324.3017,0.260945,0.7363082,0.6530294,0.2607475,0.2588677,-0.384985,-0.1313787,-0.6735533,-1.023922,-0.2226358,-0.8438327,-0.1130075,24,24,24,24,24,24,24,24,24,24,24,24,24,24,24,24
620,6200,-881.5174,-892.9191,-878.5034,-842.5115,-851.8696,-898.5363,-821.4925,-270.4631,130.3081,239.1252,-92.57556,-661.6473,-1005.541,-872.9351,-861.3323,-889.5212,24,24,24,24,24,24,24,24,24,24,24,24,25,24,25,25,620,6200,-920.1964,-914.0005,231.3823,-322.6235,-0.001696814,-1.284249E-05,-0.5223635,-0.3911373,0.2588677,-0.1274449,-0.6569608,1.347049,-0.6399782,0.5569098,0.7217151,0.1130428,24,24,24,24,24,24,24,24,24,24,24,24,24,24,24,24
621,6210,-904.0002,-881.6789,-925.9967,-894.6052,-862.1301,-907.9141,-845.0841,-301.0576,121.5136,232.9717,-110.6144,-654.3363,-995.0673,-971.744,-931.9172,-874.4611,24,24,24,24,24,24,24,24,24,24,24,24,25,24,25,25,621,6210,-898.9808,-917.8165,235.7036,-322.1071,0.260945,-0.7363338,0.1306322,-0.1303834,-0.3882445,-0.5137558,-0.1313787,-0.9429679,-0.2560327,-0.1112722,-1.084686,1.017241,24,24,24,24,24,24,24,24,24,24,24,24,24,24,24,24
622,6220,-935.6205,-905.3677,-888.5926,-924.182,-936.1269,-908.9012,-813.8411,-271.5916,121.7613,235.6793,-115.4802,-694.2925,-1001.138,-859.9276,-883.0323,-905.1837,24,24,24,24,24,24,24,24,24,24,24,24,25,24,25,25,622,6220,-863.9346,-875.4459,234.9179,-325.5927,-1.314901,-0.2454521,0.9142264,-0.1303834,-0.2588227,0.7739463,-0.1313787,-0.2694322,1.151761,-0.1112722,-0.0008451964,0.1130428,24,24,24,24,24,24,24,24,24,24,24,24,24,24,24,24
623,6230,-898.3495,-919.7502,-904.2186,-879.2692,-897.2574,-928.7673,-839.6006,-273.974,128.2024,240.9713,-86.40437,-649.4203,-1018.872,-871.5031,-857.9938,-868.1959,24,24,24,24,24,24,24,24,24,24,24,24,25,24,25,24,623,6230,-946.3803,-929.1328,229.811,-330.2401,0.3922651,0.1227068,3.210623E-05,0.1303705,0.1294459,-0.6425259,-0.1313787,-0.1347257,-0.8959403,-0.1112722,-0.7234063,-1.243253,24,24,24,24,24,24,24,24,24,24,24,24,24,24,24,24
624,6240,-869.8552,-870.4388,-891.0534,-884.7465,-861.0438,-870.8965,-820.4723,-291.779,118.417,238.0176,-87.35378,-641.9833,-956.2649,-852.8869,-848.3361,-840.7262,24,24,24,24,24,24,24,24,24,24,24,24,25,24,25,24,624,6240,-1008.819,-1043.744,220.7757,-327.4001,0.1296241,0.3681493,0.9142264,0.1303705,-1.16478,0.001325184,0.5255982,-0.5388469,1.407725,0.3341825,-0.1212724,-0.1130075,24,24,24,24,24,24,24,24,24,24,24,24,24,24,24,24
625,6250,-836.9127,-840.3444,-821.0439,-833.2612,-861.7679,-874.7217,-808.9953,-279.491,116.0635,232.9717,-84.03084,-661.5213,-997.4478,-859.2116,-857.8746,-903.3765,24,24,24,24,24,24,24,24,24,24,24,24,25,24,25,24,625,6250,-916.3024,-940.5807,224.5732,-326.1091,-0.264337,0.2454296,-0.2611665,-1.303776,0.5177129,0.1300952,-0.7883556,-1.926374E-05,-1.279884,-0.5567268,-0.3621257,1.926374E-05,24,24,24,24,24,24,24,24,24,24,24,24,24,24,24,24
626,6260,-924.6797,-952.7454,-965.7385,-903.7339,-906.7938,-993.918,-885.7637,-292.2805,129.5649,236.0485,-89.01525,-659.5045,-1064.816,-955.8726,-901.9902,-893.6175,24,24,25,24,24,24,24,24,24,24,24,24,25,24,25,24,626,6260,-901.8007,-896.7628,227.7159,-320.2997,0.1296241,-0.1227325,-0.5223635,0.3911245,-0.7765115,-0.384985,-0.1313787,-0.1347257,-0.3840145,-0.1112722,0.1195812,-0.2260311,24,24,24,24,24,24,24,24,24,24,24,24,24,24,24,24
627,6270,-997.7788,-956.6129,-981.4875,-969.8248,-912.4672,-894.0942,-820.0897,-288.1428,126.2205,240.2329,-118.2097,-675.387,-983.2837,-924.8456,-931.6787,-912.8945,24,24,25,24,24,24,24,24,24,24,24,24,25,24,25,24,627,6270,-974.9813,-960.5817,236.0964,-318.8797,-0.789619,-1.349932,3.210623E-05,0.5215014,-1.16478,0.001325184,-0.5255661,-0.2694322,0.895799,0.4455462,-0.8438327,1.926374E-05,24,24,24,24,24,24,24,24,24,24,24,24,24,24,24,24
628,6280,-932.1339,-928.3312,-903.8494,-939.031,-961.4765,-914.7006,-806.6999,-268.5823,120.6465,233.7102,-115.3615,-706.8864,-1034.465,-892.148,-916.894,-948.316,24,24,25,24,24,24,24,24,24,24,24,24,25,24,25,24,628,6280,-923.8219,-950.0549,232.5609,-325.98,-0.5269788,-0.4908914,1.044827,0.1303705,2.247436E-05,-1.543917,-0.3941681,0.4041018,-0.2560327,0.2228188,-0.3621257,-1.017206,24,24,24,24,24,24,24,24,24,24,24,24,24,24,24,24
629,6290,-937.1835,-943.0764,-911.6009,-893.5098,-911.0187,-940.2426,-836.7951,-271.2154,129.5649,237.8945,-107.2915,-694.0406,-1023.99,-865.7751,-869.3207,-884.22,24,24,25,24,24,24,24,24,24,24,24,24,25,24,25,24,629,6290,-895.4895,-925.4484,228.6324,-325.7218,0.5236365,1.10447,-0.6529636,0.1303705,-0.7765115,-0.2562149,0.5255982,0.2693937,0.1279112,-0.4453631,-1.205113,-0.2260311,24,24,24,24,24,24,24,24,24,24,24,24,24,24,24,24
630,6300,-868.8936,-875.0316,-903.2344,-877.6871,-866.4758,-918.5256,-845.0841,-290.2743,127.2114,237.5253,-98.98409,-666.3113,-1024.229,-912.1962,-882.1978,-873.3767,24,24,25,24,24,24,24,24,24,24,24,24,25,24,25,24,630,6300,-995.1226,-992.8202,224.966,-331.9184,-0.001645444,-0.2454521,0.7836279,-1.303776,-0.2588227,-0.1274449,0.9197856,-0.5388469,-0.6399782,-0.7794541,-0.0008451964,0.1130428,24,24,24,24,24,24,24,24,24,24,24,24,24,24,24,24
631,6310,-899.1912,-886.9968,-904.0955,-898.5001,-875.4085,-884.8397,-827.9961,-299.6784,113.71,232.6025,-103.0191,-654.9666,-990.7825,-918.2822,-901.8709,-881.6899,24,24,25,24,24,24,24,24,24,24,24,24,25,24,25,24,631,6310,-1020.232,-997.1625,219.3353,-324.8181,-0.2642856,0.1227068,-0.5223635,-0.1303834,-0.1293993,0.3876353,0.131414,0.2693937,-1.151902,9.150275E-05,-0.2416989,-0.3390546,24,24,24,24,24,24,24,24,24,24,24,24,24,24,24,24
632,6320,-891.3763,-886.1508,-890.315,-908.9677,-912.4672,-894.9579,-818.0494,-289.2712,110.985,232.1102,-108.3595,-696.6854,-1008.041,-889.4033,-923.2133,-949.7618,24,24,25,24,24,24,24,24,24,24,24,24,25,24,25,24,632,6320,-933.8927,-991.3728,223.1327,-324.0435,0.7862783,-1.472655,-0.1305664,0.3911245,-0.3882445,-0.6425259,-0.3941681,-1.077674,0.3838733,0.5569098,-0.7234063,0.2260696,24,24,24,24,24,24,24,24,24,24,24,24,24,24,24,24
633,6330,-945.4792,-953.1078,-905.449,-903.0036,-958.4587,-989.1057,-864.7225,-291.5282,111.4804,233.464,-94.47439,-698.1966,-1062.436,-893.4606,-902.3478,-934.3402,24,24,25,24,24,24,24,24,24,24,24,24,25,24,25,24,633,6330,-872.7969,-867.5507,229.0253,-322.1071,0.3923164,0.1227068,0.1306322,-6.421245E-06,0.3882911,-1.157606,-1.313938,-0.4041404,-0.6399782,-1.447638,0.1195812,-0.1130075,24,24,24,24,24,24,24,24,24,24,24,24,24,24,24,24
634,6340,-910.4927,-913.3446,-911.9702,-857.239,-842.454,-907.7906,-845.2116,-297.296,118.9124,233.2179,-95.4238,-641.6051,-978.5227,-923.5329,-896.267,-881.6899,24,24,25,24,24,24,24,24,24,24,24,24,25,24,25,24,634,6340,-932.8184,-940.7123,232.6918,-320.1707,0.6549574,-0.2454521,-0.6529636,0.3911245,2.247436E-05,-1.672687,0.5255982,0.5388083,-0.1280525,0.8910007,-0.9642596,-0.5651049,24,24,24,24,24,24,24,24,24,24,24,24,24,24,24,24
635,6350,-908.6893,-884.217,-898.1896,-921.5042,-911.2601,-893.7241,-828.8888,-291.5282,115.568,230.5104,-127.3478,-693.4109,-985.5452,-891.5513,-915.9402,-951.087,24,24,25,24,24,24,24,24,24,24,24,24,25,24,25,24,635,6350,-882.8675,-902.5525,232.5609,-324.8181,-0.2642856,-0.1227325,0.1306322,-0.1303834,-0.6470898,-0.1274449,0.1314172,-0.6735533,0.3838733,-0.3339995,-1.32554,-0.1130075,24,24,24,24,24,24,24,24,24,24,24,24,24,24,24,24
636,6360,-921.5537,-940.78,-910.8628,-907.3853,-942.1625,-971.584,-857.3262,-287.265,120.8942,235.5562,-119.3965,-715.8279,-1036.964,-909.3321,-935.3749,-964.9424,24,24,25,24,24,24,24,24,24,24,24,24,25,24,25,24,636,6360,-879.5106,-870.4456,223.6565,-327.0128,-0.1329655,-0.2454521,-0.1305664,-0.7822682,0.1294459,0.3876353,-0.7883492,0.4041018,-0.7679585,-0.5567268,0.3604349,0.5651435,24,24,24,24,24,24,24,24,24,24,24,24,24,24,24,24
637,6370,-948.485,-959.9969,-910.2476,-885.1116,-952.1817,-1022.175,-866.7628,-268.0807,128.2023,238.7561,-100.4082,-724.2658,-1093.382,-885.9426,-894.9555,-941.5691,24,24,25,24,24,24,24,24,24,24,24,24,25,24,25,24,637,6370,-867.6943,-870.972,220.6447,-325.8509,1.180239,0.3681493,-0.9141622,0.6518784,0.2588677,-0.5137558,0.7883941,0.4041018,-0.7679585,-0.5567268,-0.8438327,-0.7911552,24,24,24,24,24,24,24,24,24,24,24,24,24,24,24,24
638,6380,-953.6549,-949.9654,-949.4971,-898.6219,-870.58,-919.6363,-850.1849,-295.039,124.4864,233.8333,-111.0891,-668.076,-1006.494,-913.9862,-888.6362,-862.0515,24,24,25,24,24,24,24,24,24,24,24,24,25,24,25,24,638,6380,-848.3586,-859.7872,223.5256,-319.7834,-0.001645444,-1.718094,-0.2611665,-0.3911373,-0.6470898,0.001325184,-0.1313723,-1.212381,-0.2560327,0.1114006,-0.3621257,-0.1130075,24,24,24,24,24,24,24,24,24,24,24,24,24,24,24,24
639,6390,-904.4812,-889.6558,-893.268,-915.0533,-896.0504,-872.6239,-811.9283,-288.2681,117.9215,235.187,-121.414,-690.261,-997.9239,-923.8909,-934.6596,-923.2559,24,24,25,24,24,24,24,24,24,24,24,24,25,24,25,25,639,6390,-879.7792,-871.2351,232.8228,-317.0723,-0.6582475,-1.284249E-05,0.9142264,0.2607475,0.2588677,-0.6425259,-0.1313723,0.1346872,0.1279112,-0.4454177,-0.1212207,-1.243253,24,24,24,24,24,24,24,24,24,24,24,24,24,24,24,24
640,6400,-924.5594,-919.0251,-874.4429,-863.0812,-903.7759,-922.7209,-831.8218,-275.4786,118.5408,235.5562,-108.4782,-720.6136,-1045.415,-870.071,-914.748,-982.4122,24,24,25,24,24,24,24,24,24,24,24,24,25,24,25,25,640,6400,-960.0765,-938.0806,239.8939,-318.1051,-0.6582475,0.2454296,-0.1305664,0.3911245,-0.6470898,-0.384985,0.2628151,-0.2694322,-0.2560327,-0.3340541,-0.9642078,1.926374E-05,24,24,24,24,24,24,24,24,24,24,24,24,24,24,24,24
641,6410,-969.2845,-983.444,-942.607,-893.0231,-916.8129,-969.2397,-854.3932,-273.974,132.9092,239.8637,-101.8323,-672.6138,-1012.802,-878.1859,-864.3131,-859.2804,24,24,25,24,24,24,24,24,24,24,24,24,25,24,25,25,641,6410,-898.3094,-904.1315,238.9772,-324.689,0.9175984,-0.3681718,0.1306322,-0.6518912,-0.5176663,0.001325184,-0.9197471,-0.2694322,0.2558914,-0.3340541,-0.362074,0.3390931,24,24,24,24,24,24,24,24,24,24,24,24,24,24,24,24
642,6420,-861.6797,-853.4897,-877.0269,-883.2858,-863.8201,-861.7656,-819.7072,-295.2898,119.284,242.3251,-84.2682,-643.874,-997.3289,-953.0085,-921.4249,-883.3767,24,24,24,24,24,24,24,24,24,24,24,24,25,24,25,25,642,6420,-853.3268,-854.9186,231.9061,-330.6275,-0.1329655,-1.284249E-05,-0.7835621,-0.3911373,1.035403,-0.384985,2.247436E-05,0.2693937,-0.5119964,0.1114006,0.2400595,-0.3390546,24,24,24,24,24,24,24,24,24,24,24,24,24,24,24,24
643,6430,-923.4773,-916.6892,-915.6614,-943.4128,-928.522,-894.4644,-823.7879,-287.7666,121.6374,237.5254,-134.9431,-719.3542,-1021.967,-953.1279,-970.7867,-972.1713,24,24,24,24,24,24,24,24,24,24,24,24,25,24,25,25,643,6430,-868.0972,-883.999,224.0493,-336.3077,0.6549574,-0.9817731,0.6530294,0.1303705,-0.3882445,-0.2562149,0.1314172,-0.8082598,0.1279112,3.692216E-05,-0.9642078,0.7911938,24,24,24,24,24,24,24,24,24,24,24,24,24,24,24,24
644,6440,-974.6948,-975.1757,-911.9702,-894.3619,-972.22,-1023.902,-862.5547,-253.7866,134.1479,237.6484,-115.4802,-752.9799,-1130.637,-919.8336,-933.9442,-997.3519,24,24,24,24,24,24,24,24,24,24,24,24,25,24,25,25,644,6440,-934.4297,-967.0295,219.2043,-329.982,-0.9208885,-1.104493,3.210623E-05,-0.5215143,0.2588677,-0.384985,0.1314172,0.2693937,0.2558914,-0.4454177,0.8421933,-0.5651049,24,24,24,24,24,24,24,24,24,24,24,24,24,24,24,24
645,6450,-1009.201,-979.0425,-999.6974,-939.3962,-917.0543,-984.4169,-869.9509,-287.5158,135.015,242.4482,-103.4938,-668.4541,-1017.325,-909.69,-886.2516,-865.1839,24,24,24,24,24,24,24,24,24,24,24,24,25,24,25,25,645,6450,-960.0765,-952.5551,227.323,-327.7874,0.2609963,0.6135885,0.9142264,-6.421245E-06,0.2588677,-1.672687,2.247436E-05,0.5388083,-0.5119964,0.3341279,-1.325488,-1.695353,24,24,24,24,24,24,24,24,24,24,24,24,24,24,24,24
646,6460,-899.7923,-874.6368,-881.2102,-897.5264,-903.0517,-885.0866,-810.7806,-277.4848,123.2477,236.91,-120.2272,-690.1351,-992.8058,-883.3171,-907.1171,-923.7379,24,24,24,24,24,24,24,24,24,24,24,24,25,24,25,25,646,6460,-918.048,-912.0267,229.1563,-329.0783,-0.001645444,3.852747E-05,0.6530294,-0.5215143,-1.16478,-0.2562149,0.6569993,-0.4041404,0.2558914,-0.3340541,-0.9642078,0.2260696,24,24,24,24,24,24,24,24,24,24,24,24,24,24,24,24
647,6470,-924.6796,-958.7415,-909.8785,-909.8196,-976.2036,-993.1776,-856.1785,-276.6071,120.0272,237.5254,-111.2078,-717.9689,-1056.603,-905.6326,-934.4211,-971.6895,24,24,24,24,24,24,24,24,24,24,24,24,25,24,25,25,647,6470,-926.9103,-948.7391,233.6084,-324.9472,0.2609963,0.1227582,-0.6529636,-0.9126452,0.3882911,-0.1274449,0.2628151,0.6735148,-0.6399782,-0.5567814,0.2400595,0.678167,24,24,24,24,24,24,24,24,24,24,24,24,24,24,24,24
648,6480,-947.6434,-988.468,-934.9785,-873.5487,-918.9857,-1013.291,-879.6427,-278.2371,131.299,238.1407,-97.79734,-680.8072,-1042.677,-912.554,-894.4786,-907.1115,24,24,24,24,24,24,24,24,24,24,24,24,25,24,25,25,648,6480,-883.4047,-911.5004,226.5373,-336.8241,1.048918,-0.7362825,-1.305959,-1.043025,0.5177129,-1.028836,-0.5255597,-0.2694322,0.6398354,3.692216E-05,-0.4825008,-0.3390546,24,24,24,24,24,24,24,24,24,24,24,24,24,24,24,24
649,6490,-921.193,-909.0762,-935.1016,-902.0298,-841.9711,-884.593,-851.8428,-310.2109,121.6375,234.4486,-124.4996,-680.303,-1023.753,-992.5081,-966.4942,-917.7138,24,24,24,24,24,24,24,24,24,24,24,24,25,24,25,25,649,6490,-932.147,-912.2899,213.1808,-332.8221,0.2609963,-0.49084,3.210623E-05,0.7822522,-0.1293993,0.5164054,2.247436E-05,0.2693937,0.7678172,0.3341279,-1.084635,-0.2260311,24,24,24,24,24,24,24,24,24,24,24,24,24,24,24,24
650,6500,-977.7006,-930.5858,-961.4321,-1013.155,-987.3089,-908.9012,-826.976,-292.4059,116.1874,237.5253,-136.6046,-726.9106,-1050.414,-948.951,-974.2443,-988.1953,24,24,24,24,24,24,24,24,24,24,24,24,25,24,25,25,650,6500,-873.4683,-870.709,216.0616,-331.1438,-0.1329655,-0.49084,3.210623E-05,-0.5215175,-0.1293993,-1.286376,-1.051142,-0.6735533,-7.06337E-05,0.1114006,-0.4825008,-1.017206,24,24,24,24,24,24,24,24,24,24,24,24,24,24,24,24
651,6510,-1006.435,-1002.727,-945.683,-954.0021,-995.1554,-983.183,-854.1382,-287.0143,114.701,235.4331,-115.4802,-732.5778,-1076.124,-899.6659,-948.1328,-1014.34,24,24,24,24,24,24,24,24,24,24,24,24,25,24,25,25,651,6510,-851.5812,-857.6818,224.0493,-323.269,0.3923164,0.8590792,-0.1305664,0.1303673,-0.7765115,-0.1274449,-0.2627734,0.5388083,0.6398354,-0.4454177,-1.084635,-0.3390546,24,24,24,24,24,24,24,24,24,24,24,24,24,24,24,24
652,6520,-976.2579,-1016.745,-956.7567,-907.142,-941.9211,-1018.72,-878.7501,-277.6102,133.4047,235.187,-109.1903,-683.7063,-1041.249,-919.3562,-906.2825,-880.3646,24,24,24,24,24,24,24,24,24,24,24,24,25,24,25,25,652,6520,-888.1044,-869.3929,235.3107,-321.3325,0.2609963,-0.3681204,0.5224293,-1.955667,-1.294202,0.001325184,0.131414,-1.926374E-05,0.1279112,-0.8908724,-0.1212207,0.1130428,24,24,24,24,24,24,24,24,24,24,24,24,24,24,24,24
653,6530,-909.7712,-907.1428,-895.2368,-896.0658,-892.5496,-893.6005,-818.9421,-279.7418,121.6375,241.0944,-94.71173,-654.3362,-963.6445,-871.7418,-887.3247,-898.1959,24,24,24,24,24,24,24,24,24,24,24,24,25,24,25,25,653,6530,-927.4474,-908.7371,234.1322,-331.7893,0.5236365,0.981802,-0.9141622,-0.2607636,-0.1293993,-0.384985,-0.7883556,-1.926374E-05,-0.6399782,0.1114006,-0.0007938265,-0.9041788,24,24,24,24,24,24,24,24,24,24,24,24,24,24,24,24
654,6540,-873.5823,-873.9118,-852.0499,-850.9098,-909.8116,-957.2708,-841.0034,-270.3377,126.0966,236.0485,-98.86542,-693.1589,-1049.224,-855.9897,-868.7247,-905.5453,24,24,24,24,24,24,24,24,24,24,24,24,25,24,25,25,654,6540,-924.7619,-954.2657,220.2519,-336.0495,0.5236365,-1.472603,-0.1305664,0.2607443,-0.7765115,-0.5137558,-0.2627734,-0.5388469,0.3838733,1.00231,-0.6029276,0.2260696,24,24,24,24,24,24,24,24,24,24,24,24,24,24,24,24
655,6550,-904.3609,-901.705,-937.8085,-913.1058,-867.3206,-891.2561,-836.7952,-289.6474,127.8307,238.5099,-112.6319,-669.0844,-978.2847,-869.2358,-876.3555,-886.0272,24,24,24,24,24,24,24,24,24,24,24,24,25,24,25,24,655,6550,-897.638,-956.7657,216.0616,-332.5639,-0.6582475,0.1227582,0.3918308,-0.2607636,0.2588677,-0.900066,-1.051145,-0.1347257,0.2558914,3.692216E-05,-0.2416989,-0.6781285,24,24,24,24,24,24,24,24,24,24,24,24,24,24,24,24
656,6560,-901.3552,-896.7504,-887.1161,-895.8225,-907.3972,-902.8549,-811.5458,-270.0869,123.6193,234.8178,-105.7487,-669.8406,-969.4767,-843.4595,-855.7285,-875.3044,24,24,24,24,24,24,24,24,24,24,24,24,25,24,25,24,656,6560,-914.9597,-907.158,216.4544,-329.5947,-0.6582475,0.4909203,-0.2611665,0.1303673,-0.1293993,-1.286376,0.2628087,-0.1347257,-0.6399782,0.8909462,-0.2416989,-0.6781285,24,24,24,24,24,24,24,24,24,24,24,24,24,24,24,24
657,6570,-868.0519,-876.5703,-864.4769,-849.8144,-867.6829,-895.2047,-811.6733,-266.8269,128.6978,238.6329,-92.57556,-654.5884,-961.026,-827.4688,-832.1207,-843.2563,24,24,24,24,24,24,24,24,24,24,24,24,25,24,25,24,657,6570,-966.7903,-944.9232,222.6089,-326.3673,1.5742,0.1227582,0.1306322,-0.2607636,-0.2588227,-0.2562149,0.5255982,-0.5388469,0.6398354,-0.5567814,-0.1212724,0.2260696,24,24,24,24,24,24,24,24,24,24,24,24,24,24,24,24
658,6580,-834.3879,-839.9818,-848.4818,-837.5212,-833.5212,-867.4415,-806.0623,-272.0932,128.3262,234.8178,-101.1203,-650.6808,-974.1188,-880.9305,-868.7247,-859.1599,24,24,24,24,24,24,24,24,24,24,24,24,25,24,25,24,658,6580,-929.4615,-959.5291,232.168,-324.3017,0.1296754,0.1227582,3.210623E-05,-0.2607636,1.164827,0.001325184,-1.051145,-0.4041404,-0.8959403,-0.2226904,-0.3621257,-0.2260311,24,24,24,24,24,24,24,24,24,24,24,24,24,24,24,24
659,6590,-882.8401,-856.5398,-881.4564,-888.8847,-869.735,-848.5627,-796.6257,-281.3718,119.9033,236.7869,-108.5969,-669.7146,-965.668,-872.8159,-895.9094,-896.5091,24,24,24,24,24,24,24,24,24,24,24,24,25,24,25,24,659,6590,-895.2211,-899.2629,232.4299,-331.1438,-0.2642856,-0.49084,-0.5223635,0.2607443,-0.1293993,-0.1274449,-0.5255661,-0.5388469,-7.06337E-05,0.4454916,0.3604349,0.7911938,24,24,24,24,24,24,24,24,24,24,24,24,24,24,24,24
660,6600,-906.6454,-923.6177,-884.6554,-909.8196,-963.1664,-940.8596,-828.8889,-276.6071,117.5499,236.1716,-111.5638,-714.3167,-1046.129,-894.1767,-916.5363,-945.545,24,24,24,24,24,24,24,24,24,24,24,24,25,24,25,24,660,6600,-924.359,-902.8156,219.4662,-340.9552,-0.9208885,-0.8590021,0.3918308,1.043006,-0.5176663,0.001325184,-1.051145,-0.4041404,-0.2560327,-0.2226904,-0.2416989,0.1130428,24,24,24,24,24,24,24,24,24,24,24,24,24,24,24,24
661,6610,-916.9851,-929.9026,-918.4913,-891.1973,-912.7086,-963.3169,-860.5143,-284.7573,126.0966,238.2637,-98.39072,-672.6138,-1018.277,-871.6225,-864.9093,-873.3768,24,24,24,24,24,24,24,24,24,24,24,24,25,24,25,24,661,6610,-897.638,-903.8685,210.6928,-337.2114,-0.1330169,3.852747E-05,-0.2611665,0.3911213,0.3882911,-1.415146,0.3942035,0.9429294,0.1279112,0.7795826,-0.4825526,-0.6781285,24,24,24,24,24,24,24,24,24,24,24,24,24,24,24,24
662,6620,-875.3859,-874.3064,-888.2236,-875.3744,-855.0081,-852.8813,-801.2165,-277.861,123.3716,236.5408,-104.4432,-657.4875,-936.5067,-829.3781,-845.5938,-854.7021,24,24,24,24,24,24,24,24,24,24,24,24,25,24,25,24,662,6620,-844.0618,-849.2603,212.2642,-334.3712,0.1296241,0.1227582,3.210623E-05,-0.7822714,-0.2588227,-0.2562149,1.926374E-05,-0.1347257,-7.06337E-05,-0.7795087,-0.9642596,-0.4520814,24,24,24,24,24,24,24,24,24,24,24,24,24,24,24,24
663,6630,-849.4165,-864.3958,-846.8823,-830.2184,-850.0589,-884.8397,-813.8412,-268.5823,126.5921,234.4486,-101.3576,-690.5131,-1030.418,-870.7872,-874.8054,-949.2798,24,24,24,24,24,24,24,24,24,24,24,24,25,24,25,24,663,6630,-897.1009,-889.1309,220.9066,-327.7874,0.5235851,0.981802,0.3918308,-0.7822714,0.2588677,0.7739463,-0.7883556,0.9429294,0.2558914,-0.2226904,0.2400081,0.4521167,24,24,24,24,24,24,24,24,24,24,24,24,24,24,24,24
664,6640,-948.485,-960.2386,-987.0244,-928.6853,-917.8992,-988.2419,-885.1262,-302.8131,123.7432,234.0794,-113.9373,-681.4374,-1048.153,-980.4554,-948.848,-916.5091,24,24,24,24,24,24,24,24,24,24,24,24,25,24,25,24,664,6640,-972.6985,-947.0285,229.5491,-327.4001,-0.5269788,-0.6135596,-0.6529636,-0.6518912,0.2588677,0.6451755,0.7883909,0.1346872,-0.6399782,0.3341279,0.3604349,-0.2260311,24,24,24,24,24,24,24,24,24,24,24,24,24,24,24,24
665,6650,-985.6357,-938.6046,-982.1028,-1001.592,-955.1995,-933.4561,-849.8025,-299.553,117.6737,232.6025,-129.484,-705.501,-1022.086,-938.4497,-949.5635,-935.0631,24,24,24,24,24,24,24,24,24,24,24,24,25,24,25,24,665,6650,-954.437,-977.4247,227.8468,-332.9512,-0.3956579,-0.9817218,0.6530294,0.5215014,-0.5176663,0.1300952,-0.6569608,-0.1347257,-7.06337E-05,0.7795826,-0.602979,0.1130428,24,24,24,24,24,24,24,24,24,24,24,24,24,24,24,24
666,6660,-929.8495,-930.8693,-913.8157,-903.7339,-919.71,-922.5977,-828.1237,-270.9647,127.3353,237.8946,-108.3595,-701.7228,-1024.467,-859.331,-880.4092,-936.3884,24,24,24,24,24,24,24,24,24,24,24,24,25,24,25,24,666,6660,-873.334,-880.9725,219.3353,-337.3405,-0.789619,-0.2454007,0.5224293,-6.421245E-06,0.1294459,-0.9000146,-0.7883556,-0.2694322,-7.06337E-05,-0.3340541,-0.7234063,-1.356279,24,24,24,24,24,24,24,24,24,24,24,24,24,24,24,24
667,6670,-917.9469,-944.8892,-945.437,-902.2733,-912.2258,-992.1904,-879.8977,-287.265,132.5376,242.8174,-97.67866,-689.0005,-1059.222,-917.4469,-899.6056,-917.2319,24,24,24,24,24,24,24,24,24,24,24,24,25,24,25,24,667,6670,-870.5142,-863.6031,212.1332,-338.3732,0.3922651,0.6136399,0.1306322,0.6518784,-0.6470898,-0.3849336,0.3942035,0.2693937,0.3838733,-0.1113267,-0.9642596,0.3390931,24,24,24,24,24,24,24,24,24,24,24,24,24,24,24,24
668,6680,-923.4774,-908.2684,-942.607,-898.7436,-867.5621,-920.8702,-857.0712,-306.7001,118.9124,231.4949,-113.7,-662.0254,-989.7111,-928.7836,-906.1633,-862.1719,24,24,24,24,24,24,24,24,24,24,24,24,25,24,25,24,668,6680,-953.7656,-932.8173,213.9665,-329.8529,-0.264337,-0.49084,0.7836279,-1.173399,-0.1293993,0.001376554,-0.2627734,-0.2694322,-0.2560327,-1.447692,-0.4825526,1.926374E-05,24,24,24,24,24,24,24,24,24,24,24,24,24,24,24,24
669,6690,-902.6778,-890.5018,-891.0534,-922.9647,-903.0517,-852.7579,-797.5183,-285.1335,118.5408,236.2946,-126.6358,-703.8638,-1012.088,-916.9695,-929.5327,-922.2921,24,24,24,24,24,24,24,24,24,24,24,24,25,24,25,24,669,6690,-908.2458,-937.4227,225.2279,-324.689,0.260945,-0.3681204,-1.044761,-0.3911373,2.247436E-05,-0.1273935,0.131414,0.4041018,0.1279128,0.3341279,0.7217151,-0.4520814,24,24,24,24,24,24,24,24,24,24,24,24,24,24,24,24
670,6700,-929.9698,-922.7717,-892.5299,-889.3716,-906.4316,-912.1094,-810.2706,-263.5668,125.9727,234.3255,-97.55998,-667.5717,-983.9979,-822.934,-827.4706,-850.8467,24,24,24,24,24,24,24,24,24,24,24,24,25,24,25,24,670,6700,-930.2672,-965.4504,229.5491,-329.7238,0.1296241,-0.7362825,0.6530294,0.5215014,-0.6470898,-0.6424745,-1.051145,-0.5388469,-0.2560311,-0.2226904,-0.4825526,0.2260696,24,24,24,24,24,24,24,24,24,24,24,24,24,24,24,24
671,6710,-843.0444,-854.8478,-884.7784,-850.5447,-828.6928,-871.39,-813.8412,-281.3718,127.9546,239.3714,-92.57556,-637.8235,-958.6454,-880.2145,-865.6247,-850.3647,24,24,24,24,24,24,24,24,24,24,24,24,25,24,25,24,671,6710,-944.2319,-928.8696,227.1921,-330.7566,-0.789619,0.245481,0.5224293,-0.2607604,0.5177129,-0.2561635,-0.1313787,0.6735148,1.663689,-0.2226904,0.8421933,-0.4520814,24,24,24,24,24,24,24,24,24,24,24,24,24,24,24,24
672,6720,-877.9107,-864.3958,-869.1523,-889.1282,-871.1835,-845.6012,-795.988,-283.0019,115.8158,232.8487,-113.1066,-682.3198,-984.1169,-885.3459,-897.1016,-904.8224,24,24,24,24,24,24,24,24,24,24,24,24,25,24,25,24,672,6720,-904.2176,-913.869,221.0376,-339.7933,-0.264337,0.245481,-0.6529636,0.7822554,2.247436E-05,-0.3849336,0.2628087,-1.926374E-05,-0.5119932,-0.1113267,-1.084635,-0.7911488,24,24,24,24,24,24,24,24,24,24,24,24,24,24,24,24
673,6730,-903.5195,-908.7518,-896.7133,-887.3025,-915.2437,-929.5075,-830.5466,-273.347,120.5227,232.7256,-111.6825,-705.8788,-1026.49,-868.8777,-892.2133,-942.2921,24,24,24,24,24,24,24,24,24,24,24,24,25,24,25,24,673,6730,-940.4722,-977.6879,210.6928,-333.0803,-0.001696814,-0.2454007,3.210623E-05,-0.6518912,0.6471363,0.5164568,0.131414,-0.1347257,-0.1280493,-0.7795087,-0.1212207,0.1130492,24,24,24,24,24,24,24,24,24,24,24,24,24,24,24,24
674,6740,-932.735,-942.7906,-911.7241,-865.5156,-900.5167,-967.142,-860.8969,-283.378,122.6284,232.2333,-102.3071,-689.7568,-1029.347,-872.9351,-876.9517,-920.726,24,24,24,24,24,24,24,24,24,24,24,24,25,24,25,24,674,6740,-906.2317,-924.9221,215.145,-327.7874,0.260945,0.3682006,-1.044761,-0.1303834,0.2588677,0.1301466,1.926374E-05,-0.4041404,-1.535845,3.692216E-05,-0.362074,-0.7911488,24,24,24,24,24,24,24,24,24,24,24,24,24,24,24,24
675,6750,-907.9679,-896.1464,-955.034,-902.6385,-869.4935,-953.1987,-880.6629,-312.7187,118.2931,229.2797,-114.2934,-672.3617,-1022.324,-954.9179,-922.4979,-887.955,24,24,24,24,24,24,24,24,24,24,24,24,25,24,25,24,675,6750,-886.6274,-875.8406,223.7874,-325.3345,-0.1330169,-1.718043,0.3918308,0.3911245,-0.7765115,-0.1273935,-0.5255661,-0.5388469,1.023782,3.692216E-05,-0.2416475,0.7911969,24,24,24,24,24,24,24,24,24,24,24,24,24,24,24,24
676,6760,-912.2961,-905.5719,-928.5805,-955.0975,-934.9198,-923.0912,-836.6677,-302.4369,110.8611,232.2333,-114.5307,-665.1767,-965.4299,-913.0316,-932.3942,-911.6898,24,24,24,24,24,24,24,24,24,24,24,24,25,24,25,24,676,6760,-878.3022,-902.4209,229.9419,-324.9472,-0.6582989,0.6136399,0.2612307,-0.1303834,0.9059815,-0.7712442,-0.9197503,0.5388083,0.2558947,-0.8908724,0.3604863,-1.243249,24,24,24,24,24,24,24,24,24,24,24,24,24,24,24,24
677,6770,-927.2045,-926.9605,-861.647,-899.2304,-961.1144,-935.0602,-828.7613,-283.2527,107.8883,226.326,-111.6825,-720.6136,-1055.413,-885.704,-926.4326,-1001.328,24,24,24,24,24,24,24,24,24,24,24,24,25,24,25,24,677,6770,-884.2104,-891.2362,229.0253,-328.3037,0.1296754,0.3682006,-0.391765,0.6518784,-0.1293993,-0.2561635,0.3942035,-0.2694322,-0.639975,0.1114006,-0.8437814,0.1130492,24,24,24,24,24,24,24,24,24,24,24,24,24,24,24,24
678,6780,-977.5804,-998.6187,-976.0737,-915.9053,-954.5959,-1031.059,-882.5757,-286.0112,121.0181,232.9717,-97.4413,-670.0927,-1034.941,-906.3487,-898.0555,-903.1356,24,24,24,24,24,24,24,24,24,24,24,24,25,24,25,24,678,6780,-904.7547,-893.9995,221.6923,-332.0475,1.180239,0.3682006,0.6530294,-0.6518912,0.1294459,-0.1273935,1.926374E-05,-1.926374E-05,-0.2560311,-0.3340541,0.60134,0.9042237,24,24,24,24,24,24,24,24,24,24,24,24,24,24,24,24
679,6790,-938.5059,-926.9605,-947.4056,-929.2939,-892.7911,-894.4643,-830.164,-297.296,112.4714,227.5567,-122.9568,-679.6727,-989.5921,-909.2128,-909.0248,-890.0032,24,24,24,24,24,24,24,24,24,24,24,24,25,24,25,24,679,6790,-967.1932,-935.1858,215.5378,-336.5659,0.1296754,0.245481,-0.7836167,-0.5215143,0.2588677,-0.1273935,0.131414,0.4041018,-0.7679569,0.2227642,0.60134,-0.4520749,24,24,24,24,24,24,24,24,24,24,24,24,24,24,24,24
680,6800,-902.5576,-898.684,-883.917,-909.8196,-924.4178,-898.5362,-814.7338,-283.5034,110.985,226.9413,-124.9743,-703.486,-996.9717,-860.405,-888.8748,-923.6174,24,24,24,24,24,24,24,24,24,24,24,24,25,24,25,24,680,6800,-923.2848,-952.1603,214.6212,-331.1438,1.048918,-1.104441,-2.086905E-05,0.6518784,-0.5176663,-0.5137036,-0.3941681,-0.9429679,-0.2560311,0.1114006,-0.7233545,0.2260728,24,24,24,24,24,24,24,24,24,24,24,24,24,24,24,24
681,6810,-904.2407,-919.4685,-895.606,-860.8904,-891.7047,-942.9572,-839.7281,-272.7201,126.5921,232.4795,-111.6825,-686.6055,-1011.493,-876.6345,-871.467,-882.0513,24,24,24,24,24,24,24,24,24,24,24,24,25,24,25,24,681,6810,-880.0478,-905.8421,224.5732,-324.4308,-1.314849,0.3682006,0.3917762,-6.421245E-06,-0.1293977,-1.286325,-0.5255661,-1.926374E-05,0.5118567,-0.1113267,-0.1212207,-0.3390514,24,24,24,24,24,24,24,24,24,24,24,24,24,24,24,24
682,6820,-869.7351,-869.5616,-869.8906,-851.5184,-836.7805,-854.9789,-804.1495,-278.1118,120.8942,227.3105,-119.7525,-665.8069,-962.0972,-870.5485,-862.8823,-839.8829,24,24,24,24,24,24,24,24,24,24,24,24,25,24,25,24,682,6820,-907.7088,-907.6843,224.5732,-334.2422,0.3923164,0.3682006,-0.2612195,-0.3911373,-0.5176647,-0.7712445,0.7883909,-0.1347257,0.5118567,3.692216E-05,-1.325488,-0.2260246,24,24,24,24,24,24,24,24,24,24,24,24,24,24,24,24
683,6830,-847.8535,-841.8892,-836.1777,-860.4036,-867.6829,-856.213,-801.7265,-290.7759,105.9065,225.8337,-119.9899,-688.4963,-999.4712,-928.0676,-935.6135,-916.8705,24,24,24,24,24,24,24,24,24,24,24,24,25,24,25,24,683,6830,-924.0905,-901.763,220.9066,-335.2749,-0.001645444,3.852747E-05,0.1305776,-0.6518912,-0.1293977,-0.7712445,0.6569993,-1.926374E-05,-6.902839E-05,-1.559056,0.1196326,2.568498E-05,24,24,24,24,24,24,24,24,24,24,24,24,24,24,24,24
684,6840,-930.6911,-932.64,-920.4597,-944.5083,-970.53,-950.2372,-838.3254,-283.6288,114.4532,232.6026,-119.2778,-732.074,-1063.269,-888.0906,-919.6364,-987.111,24,24,24,24,24,24,24,24,24,24,24,24,25,24,25,24,684,6840,-934.8325,-968.082,220.9066,-335.2749,0.1296754,3.852747E-05,-1.044815,0.1303705,0.5177145,-0.6424745,-1.182537,-0.5388469,-0.2560311,0.1114006,0.7217665,-0.1130011,24,24,24,24,24,24,24,24,24,24,24,24,24,24,24,24
685,6850,-962.7922,-1001.519,-958.4791,-899.4739,-948.4396,-1039.82,-892.7774,-285.0081,123.7432,230.8795,-113.4626,-714.8204,-1072.672,-910.8835,-903.6595,-931.0873,24,24,24,24,24,24,24,24,24,24,24,24,25,24,25,24,685,6850,-882.062,-899.3945,214.3593,-335.1458,0.2609963,-0.49084,0.3917762,0.1303705,2.407967E-05,0.2589166,-0.6569544,-1.347087,-0.3840145,0.2227642,-0.0007938265,1.017247,24,24,24,24,24,24,24,24,24,24,24,24,24,24,24,24
686,6860,-916.2635,-915.239,-937.3163,-914.2014,-893.6361,-923.8315,-843.4263,-318.1104,99.21772,224.4799,-113.5813,-657.2355,-974.3568,-907.7808,-896.2672,-875.0634,24,24,24,24,24,24,24,24,24,24,24,24,25,24,25,24,686,6860,-918.3166,-903.4736,217.502,-331.402,-1.052209,0.245481,0.2611777,-0.5215143,0.5177145,-0.5137045,-0.1313723,0.6735148,0.895799,-0.6680905,-0.9642078,-0.4520749,24,24,24,24,24,24,24,24,24,24,24,24,24,24,24,24
687,6870,-906.2846,-894.092,-879.2415,-881.5819,-877.2192,-868.7988,-806.3173,-283.1273,115.1964,232.1103,-108.3595,-665.933,-969.8338,-882.1239,-902.1094,-895.1838,24,24,24,24,24,24,24,24,24,24,24,24,25,24,25,24,687,6870,-890.7899,-883.4725,221.4304,-331.9184,0.3923164,1.104522,0.1305776,-6.421245E-06,-1.035355,-1.543865,-0.262767,0.5388083,-0.2560327,0.3341825,-0.3621257,0.3390996,24,24,24,24,24,24,24,24,24,24,24,24,24,24,24,24
688,6880,-915.1815,-918.1393,-889.2077,-910.6717,-960.9937,-945.1782,-823.6603,-270.9647,119.1601,233.5871,-115.7175,-713.0573,-1024.586,-862.9111,-898.2939,-957.834,24,24,24,24,24,24,24,24,24,24,24,24,25,24,25,24,688,6880,-838.1536,-828.3382,224.5732,-333.0803,0.3923164,-0.2454007,0.5223764,-1.173399,0.5177145,0.5164568,0.3942099,-0.5388469,0.1279112,0.2228188,-0.2416989,-0.1130075,24,24,24,24,24,24,24,24,24,24,24,24,24,24,24,24
689,6890,-906.8859,-938.682,-926.4887,-887.1807,-916.4507,-997.2495,-872.7565,-283.2527,124.3625,229.6488,-106.4607,-701.8488,-1071.363,-914.7022,-900.6786,-953.6172,24,24,24,24,24,24,24,24,24,24,24,24,25,24,25,24,689,6890,-996.8682,-986.6357,225.6207,-333.4676,0.1296754,-0.3681204,-0.9142152,-6.421245E-06,0.2588693,-0.5137045,-0.1313723,-1.212381,-0.5119964,0.3341825,0.3604349,-0.2260311,24,24,24,24,24,24,24,24,24,24,24,24,24,24,24,24
690,6900,-978.0612,-962.9708,-1024.921,-958.2621,-877.5814,-938.5151,-872.6288,-312.2171,118.7885,231.2488,-121.6513,-678.034,-1024.229,-969.7153,-938.3557,-886.9911,24,24,24,24,24,24,24,24,24,24,24,24,25,24,25,24,690,6900,-940.4722,-967.4241,220.3828,-337.0823,-0.5269274,-0.9817218,0.2611777,-0.1303834,-0.1293977,0.3876867,-1.313931,-0.4041404,0.3838733,0.1114552,-1.205113,0.2260696,24,24,24,24,24,24,24,24,24,24,24,24,24,24,24,24
691,6910,-915.6625,-896.6296,-900.7736,-930.6329,-919.71,-889.8987,-820.2173,-285.1335,114.9487,233.8333,-113.344,-690.7652,-994.5912,-857.183,-890.1862,-919.762,24,24,24,24,24,24,24,24,24,24,24,24,25,24,25,24,691,6910,-919.3908,-919.1323,216.9782,-340.5679,-0.9208885,0.3682006,0.7835749,-0.5215143,2.407967E-05,-0.6424745,-0.5255597,0.4041018,-0.1280525,-0.3339995,-0.2416989,-1.356279,24,24,24,24,24,24,24,24,24,24,24,24,24,24,24,24
692,6920,-901.4756,-905.2092,-890.5612,-865.759,-879.5128,-921.9806,-841.386,-286.7635,115.3203,229.0335,-104.2059,-699.7078,-1031.013,-869.8325,-881.0054,-927.4728,24,24,24,24,24,24,24,24,24,24,24,24,25,24,25,24,692,6920,-877.0938,-860.1818,212.7879,-341.6006,-0.001645444,0.245481,0.2611777,1.043009,0.6471379,-1.157555,2.247436E-05,0.1346872,-0.7679585,0.2228188,-1.445967,-0.3390546,24,24,24,24,24,24,24,24,24,24,24,24,24,24,24,24
693,6930,-907.3667,-938.5611,-960.3247,-884.5031,-879.1506,-983.6765,-889.972,-299.1768,125.4773,229.5258,-116.4296,-689.7568,-1055.651,-952.7698,-917.7286,-907.8344,24,24,24,24,24,24,24,24,24,24,24,24,25,24,25,24,693,6930,-914.0197,-909.1317,218.8115,-334.3712,0.1296754,0.1227582,0.6529748,-0.9126452,2.407967E-05,0.1301466,0.2628151,-0.2694322,0.3838733,-0.4453631,0.2400081,0.4521167,24,24,24,24,24,24,24,24,24,24,24,24,24,24,24,24
694,6940,-950.6492,-923.4561,-945.1909,-935.9883,-894.8432,-900.3871,-841.386,-308.4555,115.1964,236.0485,-116.4296,-661.3951,-988.4017,-952.1732,-926.4326,-882.6537,24,24,24,24,24,24,24,24,24,24,24,24,25,24,25,24,694,6940,-887.7015,-914.132,222.7399,-340.3097,-0.3956065,-1.284249E-05,-0.1306194,-0.9126452,0.5177145,0.5164568,-0.3941649,0.1346872,-0.2560327,9.150275E-05,-0.2416989,-0.1130075,24,24,24,24,24,24,24,24,24,24,24,24,24,24,24,24
695,6950,-905.2026,-894.9379,-867.9218,-874.7659,-882.2891,-866.2076,-796.8807,-273.2216,116.9305,229.6488,-107.6475,-677.0256,-981.2603,-841.0728,-851.4361,-866.5093,24,24,24,24,24,24,24,24,24,24,24,24,25,24,25,24,695,6950,-929.0587,-946.2388,220.9066,-339.2769,0.3923164,-0.9817731,-0.5223635,-6.421245E-06,-0.1293977,-0.2561635,-0.5255597,-1.212381,-0.1280525,0.3341825,-0.0008451964,0.3390931,24,24,24,24,24,24,24,24,24,24,24,24,24,24,24,24
696,6960,-856.3897,-875.4827,-867.9218,-850.7881,-871.4249,-922.3509,-834.6273,-277.3594,122.7522,232.4795,-100.6456,-684.3365,-1037.44,-875.3218,-870.0361,-899.6415,24,24,24,24,24,24,24,24,24,24,24,24,25,24,25,24,696,6960,-948.6631,-933.6066,221.4304,-337.8569,-0.5269274,0.1227068,0.2612307,0.9126323,0.1294475,0.6452268,-0.3941649,-1.926374E-05,0.1279112,0.3341825,0.1195812,0.1130428,24,24,24,24,24,24,24,24,24,24,24,24,24,24,24,24
697,6970,-906.4048,-900.3756,-937.6853,-914.5666,-879.9955,-909.5181,-848.9098,-300.0545,118.7885,231.7411,-108.3595,-658.3699,-981.4985,-903.8428,-887.8016,-853.1357,24,24,24,24,24,24,24,24,24,24,24,24,25,24,25,24,697,6970,-972.6985,-990.1884,213.5736,-348.1846,-0.2642856,-0.2454521,-0.6529636,0.1303705,-0.6470898,-1.543865,-0.6569544,-0.6735533,-0.8959403,0.7796371,-1.084686,-0.7911552,24,24,24,24,24,24,24,24,24,24,24,24,24,24,24,24
698,6980,-891.8572,-877.1744,-878.5034,-908.359,-909.2079,-891.9963,-816.2641,-287.7666,111.7282,225.5876,-124.3809,-695.8037,-995.1863,-893.2219,-913.6748,-928.4366,24,24,24,24,24,24,24,24,24,24,24,24,25,24,25,24,698,6980,-939.5323,-952.1603,209.2524,-340.9552,0.3923164,0.2454296,0.3918308,0.2607475,-0.5176663,-0.2561635,0.6569993,-1.926374E-05,1.407725,0.5569098,0.1195812,0.2260696,24,24,24,24,24,24,24,24,24,24,24,24,24,24,24,24
699,6990,-937.7847,-932.8816,-911.478,-939.7615,-974.272,-937.1578,-833.2245,-290.2743,106.0303,228.2952,-121.0579,-711.9238,-1017.444,-882.4819,-925.8363,-955.9064,24,24,24,24,24,24,24,24,24,24,24,24,25,24,25,24,699,6990,-924.2247,-907.8159,219.859,-336.8241,0.2609963,0.2454296,-0.391765,-1.173399,-0.1293993,0.001376554,-1.708119,0.4041018,-1.407866,-1.113547,-0.2416989,1.926374E-05,24,24,24,24,24,24,24,24,24,24,24,24,24,24,24,24
700,7000,-934.8991,-955.1161,-916.1535,-887.1807,-931.2984,-983.553,-861.662,-282.8765,117.1783,229.772,-104.7992,-707.6419,-1063.745,-885.1072,-892.5709,-949.2798,24,24,24,24,24,24,24,24,24,24,24,24,25,24,25,24,700,7000,-939.8008,-919.9218,222.6089,-338.8896,0.6549574,-0.4908914,-1.044761,-6.421245E-06,0.5177129,0.001376554,0.9197921,0.2693937,0.5118551,0.7796371,0.9625688,0.5651435,24,24,24,24,24,24,24,24,24,24,24,24,24,24,24,24
701,7010,-958.1033,-948.8325,-945.3138,-911.1585,-885.1863,-937.2813,-861.662,-305.8224,118.7885,230.7565,-105.5113,-664.6725,-1019.467,-943.7004,-919.8748,-903.256,24,24,24,24,24,24,24,24,24,24,24,24,25,25,25,24,701,7010,-903.2776,-910.0528,221.6923,-344.6989,0.3923164,-0.1227325,0.3918308,-0.2607604,-0.3882445,-0.1273935,-1.445329,-1.077674,-0.2560311,-0.4453631,-0.8438327,1.926374E-05,24,24,24,24,24,24,24,24,24,24,24,24,24,24,24,24
702,7020,-926.1224,-907.1427,-909.1403,-914.6882,-896.8953,-883.9761,-825.8282,-301.6846,107.8883,225.3415,-120.8206,-675.2609,-978.4037,-904.4753,-911.7672,-893.6175,24,24,24,24,24,24,24,24,24,24,24,24,25,25,25,24,702,7020,-926.776,-916.5005,216.7163,-347.6682,-1.971452,0.1227068,0.6530294,-0.2607604,0.6471363,-0.6424745,0.2628151,0.2693937,0.2558947,0.2228188,0.4808614,-0.4520814,24,24,24,24,24,24,24,24,24,24,24,24,24,24,24,24
703,7030,-897.1473,-895.1796,-862.6312,-870.9927,-912.9501,-906.0631,-816.6467,-277.1086,109.2509,225.8337,-114.5307,-711.2941,-1029.585,-868.9074,-902.944,-960.1232,24,24,24,24,24,24,24,24,24,24,24,24,25,25,25,24,703,7030,-985.1862,-1023.085,215.145,-341.2133,0.2609963,0.8590278,-0.2611665,0.3911245,-0.6470898,0.2589166,0.6569993,0.2693937,-0.1280493,-0.6680905,-1.68682,-0.9041788,24,24,24,24,24,24,24,24,24,24,24,24,24,24,24,24
704,7040,-946.6815,-970.4628,-935.8397,-890.7104,-928.6428,-1006.504,-879.2601,-291.2774,119.4079,227.4337,-106.4607,-704.7454,-1082.194,-906.6237,-896.267,-935.5449,24,24,24,24,24,24,24,24,24,24,24,24,25,25,25,24,704,7040,-942.2178,-917.8163,217.502,-344.6989,0.5236365,-1.284249E-05,0.6530294,-1.303776,0.1294459,0.3876867,-0.1313723,0.8082213,-6.902839E-05,9.150275E-05,0.1195812,1.926374E-05,24,24,24,24,24,24,24,24,24,24,24,24,24,24,24,24
705,7050,-915.3018,-908.9553,-933.0098,-899.5955,-858.9916,-885.8268,-836.1576,-300.8069,115.8158,227.4337,-115.1241,-670.2188,-1008.636,-936.2236,-912.9594,-887.1115,24,24,24,24,24,24,24,24,24,24,24,24,25,25,25,24,705,7050,-906.5002,-899.7892,221.4304,-339.7933,0.1296754,-1.284249E-05,-0.391765,-0.2607604,0.3882911,0.001376554,0.3942099,-0.8082598,-0.5119932,-0.4453631,-0.4825526,-0.1130075,24,24,24,24,24,24,24,24,24,24,24,24,24,24,24,24
706,7060,-924.4393,-909.0762,-925.0123,-939.1528,-902.4481,-880.2742,-825.4457,-303.5654,106.4019,226.4491,-127.5852,-690.1349,-999.4712,-914.8591,-918.921,-893.738,24,24,24,24,24,24,24,24,24,24,24,24,25,25,25,24,706,7060,-857.0865,-862.6821,222.347,-343.9244,0.5236365,-1.472655,0.1306322,-0.2607604,-0.1293993,0.1301466,-0.7883492,-0.4041404,0.8958007,0.2228188,-0.3621257,1.243291,24,24,24,24,24,24,24,24,24,24,24,24,24,24,24,24
707,7070,-888.611,-902.9134,-861.0318,-855.2916,-895.5675,-917.1683,-818.0494,-269.5854,120.3988,226.9414,-110.1397,-677.4037,-983.7598,-840.0235,-846.0707,-849.8829,24,24,24,24,24,24,24,24,24,24,24,24,25,25,25,24,707,7070,-904.2175,-904.2631,217.7639,-348.0555,-0.7895676,0.1227068,0.3918308,0.5215014,1.035403,-1.543865,-0.6569544,-0.1347257,-0.1280493,-0.4453631,0.1195812,-0.9041788,24,24,24,24,24,24,24,24,24,24,24,24,24,24,24,24
708,7080,-847.1321,-843.3392,-849.8351,-847.5018,-831.107,-829.9305,-784.6386,-271.3408,119.7795,226.203,-122.9568,-680.5551,-953.4083,-866.6396,-884.5823,-899.7621,24,24,24,24,24,24,24,24,24,24,24,24,25,25,25,24,708,7080,-943.5605,-934.133,216.7163,-344.3117,-0.3956065,0.7363082,-0.2611665,0.7822554,-0.6470898,-0.9000146,0.2628151,0.5388083,-0.639975,0.4455462,-0.2416989,-0.2260311,24,24,24,24,24,24,24,24,24,24,24,24,24,24,24,24
709,7090,-912.8973,-916.4474,-914.8,-931.9717,-960.1488,-963.3168,-850.0575,-282.2495,116.4351,228.4182,-138.0287,-750.3351,-1064.816,-934.0754,-966.1366,-1002.412,24,24,24,24,24,24,24,24,24,24,24,24,25,25,25,24,709,7090,-979.4124,-955.0552,216.1926,-344.828,0.2609963,-1.284249E-05,3.210623E-05,-0.5215143,2.247436E-05,-0.9000146,0.1314172,0.4041018,-6.902839E-05,-1.22491,0.1195812,0.3390931,24,24,24,24,24,24,24,24,24,24,24,24,24,24,24,24
710,7100,-966.7598,-994.1475,-954.4188,-898.6219,-932.9885,-998.4834,-876.5821,-287.265,122.7522,231.3719,-103.6125,-690.0089,-1053.747,-900.4171,-894.5978,-911.6898,24,24,24,24,24,24,24,24,24,24,24,24,25,25,25,24,710,7100,-918.8536,-929.2643,216.4544,-343.7953,-0.001645444,-0.2454521,-1.305959,-0.2607604,0.6471363,0.5164568,0.3942099,0.4041018,-0.5119932,0.5569098,0.8421419,-0.4520814,24,24,24,24,24,24,24,24,24,24,24,24,24,24,24,24
711,7110,-935.0193,-926.2355,-947.6515,-944.1431,-911.3808,-910.8754,-850.9794,-310.8379,106.5258,221.7724,-127.5852,-691.5215,-1024.467,-931.8077,-916.6556,-885.6657,24,24,24,24,24,24,24,24,24,24,24,24,25,25,25,24,711,7110,-913.214,-934.791,219.4662,-339.0187,0.6549574,-1.472655,3.210623E-05,0.3911245,-0.7765115,0.001376554,-0.1313723,-0.5388469,-1.023919,-0.5567268,-0.9642596,0.1130428,24,24,24,24,24,24,24,24,24,24,24,24,24,24,24,24
712,7120,-889.6931,-884.4249,-870.6288,-876.9568,-876.7363,-857.5702,-799.0682,-275.9802,113.2146,225.2184,-125.805,-701.2191,-994.4722,-880.6044,-902.1094,-917.2319,24,24,24,24,24,24,24,24,24,24,24,24,25,25,25,24,712,7120,-978.4724,-962.0291,222.8708,-341.4716,-0.2642856,-1.284249E-05,0.7836279,0.7822554,-0.1293993,-0.9000146,0.2628151,-0.1347257,0.3838765,0.1114552,-0.0008451964,-0.6781285,24,24,24,24,24,24,24,24,24,24,24,24,24,24,24,24
713,7130,-908.3285,-917.0516,-894.1293,-884.2595,-916.6923,-939.0087,-835.674,-274.3501,121.6374,229.2797,-110.1397,-698.1965,-1024.586,-859.5977,-870.2747,-914.9427,24,24,24,24,24,24,24,24,24,24,24,24,25,25,25,24,713,7130,-1012.042,-997.952,218.9424,-342.3752,-0.001645444,0.6135885,-1.175361,0.2607475,-0.6470898,-0.5137045,0.5256046,-0.1347257,-0.3840129,0.1114552,-1.927674,-0.9041788,24,24,24,24,24,24,24,24,24,24,24,24,24,24,24,24
714,7140,-919.3896,-928.0481,-948.0208,-896.1876,-869.6144,-944.5614,-880.9528,-309.584,115.568,223.3723,-122.4821,-697.5668,-1067.792,-973.4625,-934.7787,-951.9305,24,24,24,24,24,24,24,24,24,24,24,24,25,25,25,24,714,7140,-973.7728,-988.6095,218.4186,-340.3097,0.6549574,-1.284249E-05,0.3918308,-1.043022,-0.6470898,-0.2562149,0.1314172,0.4041018,0.2558947,-1.113547,0.2400081,0.2260696,24,24,24,24,24,24,24,24,24,24,24,24,24,24,24,24
715,7150,-995.0136,-988.7097,-1026.52,-987.5952,-933.2299,-965.1677,-884.1414,-310.3363,119.5317,226.0799,-129.7213,-689.6307,-1048.391,-989.9336,-950.7557,-910.1236,24,24,24,24,24,24,24,24,24,24,24,24,25,25,25,24,715,7150,-909.4543,-938.8701,220.7757,-340.1806,-0.001645444,-0.1227325,-1.436559,-6.421245E-06,-0.1293993,-0.6425259,0.3942099,0.2693937,-0.2560311,-0.4453631,-0.4825526,-0.4520814,24,24,24,24,24,24,24,24,24,24,24,24,24,24,24,24
716,7160,-964.4755,-929.2565,-917.2608,-945.1169,-939.869,-899.1532,-823.0469,-294.4121,106.8974,226.4491,-133.0443,-726.9105,-1033.036,-912.5914,-948.0134,-983.6169,24,24,24,24,24,24,24,24,24,24,24,24,25,25,25,24,716,7160,-987.7374,-962.2924,215.145,-345.7317,-0.1329655,-1.349932,0.5224293,0.7822554,-1.294202,-0.2562149,0.1314172,-0.4041404,-0.2560311,0.1114552,-1.084686,0.5651435,24,24,24,24,24,24,24,24,24,24,24,24,24,24,24,24
717,7170,-976.4983,-987.6223,-971.8903,-922.5996,-964.7359,-1026.37,-890.6462,-293.2836,111.2327,223.3723,-116.3109,-729.0514,-1092.073,-922.9753,-919.8748,-969.8823,24,24,24,24,24,24,24,24,24,24,24,24,25,24,25,24,717,7170,-1028.557,-995.4519,217.7639,-336.9532,-0.5269274,0.3681493,3.210623E-05,-0.1303834,1.294249,-0.1274449,-0.5255597,0.1346872,0.7678204,-0.6680905,-0.1212724,-1.017206,24,24,24,24,24,24,24,24,24,24,24,24,24,24,24,24
718,7180,-963.8743,-917.6558,-990.1003,-943.0477,-922.6072,-994.905,-905.569,-315.3518,113.4623,226.5722,-122.6007,-698.1965,-1056.961,-962.6744,-941.098,-929.1594,24,24,24,24,24,24,24,24,24,24,24,24,25,24,25,24,718,7180,-1050.31,-1065.455,220.3828,-339.406,0.3923164,0.2454296,-1.044761,0.5215014,-0.2588227,-0.384985,0.5256046,0.1346872,-0.1280493,0.2227642,-0.8438327,1.926374E-05,24,24,24,24,24,24,24,24,24,24,24,24,24,24,24,24
719,7190,-951.0098,-933.486,-941.2535,-947.1859,-929.4877,-923.7081,-844.7297,-298.4245,113.71,229.772,-121.6513,-684.9668,-994.9484,-905.9908,-912.1248,-896.991,24,24,24,24,24,24,24,24,24,24,24,24,25,24,25,24,719,7190,-948.3944,-977.8195,218.0258,-336.695,-0.1329655,-0.3681718,3.210623E-05,-1.173399,0.3882911,-0.5137558,-0.6569544,0.5388083,-0.1280493,-1.002236,-0.0008451964,-0.2260311,24,24,24,24,24,24,24,24,24,24,24,24,24,24,24,24
720,7200,-896.6663,-890.9501,-867.799,-884.7465,-918.0201,-943.0805,-852.3824,-297.7976,106.2781,222.757,-124.1435,-707.0121,-1023.633,-887.8518,-898.0555,-903.015,24,24,24,24,24,24,24,24,24,24,24,24,25,24,25,24,720,7200,-932.6843,-926.2379,222.7399,-335.7913,0.9175984,0.3681493,-1.044761,0.5215014,0.5177129,-0.1274449,2.247436E-05,-1.926374E-05,-0.8959371,-0.4454177,-0.1212724,-0.1130075,24,24,24,24,24,24,24,24,24,24,24,24,24,24,24,24
721,7210,-887.6492,-895.5421,-884.0401,-870.1406,-900.9996,-938.6384,-846.7704,-291.9044,102.1905,219.6802,-114.056,-705.375,-1055.294,-902.6493,-920.5902,-966.1473,24,24,24,24,24,24,24,24,24,24,24,24,25,24,25,24,721,7210,-1016.338,-990.5833,224.835,-335.9204,0.5236365,-0.7363338,0.1306322,-0.2607604,-0.3882445,-0.384985,-1.051142,-1.212381,-0.3840129,0.5568552,-1.084686,0.4521167,24,24,24,24,24,24,24,24,24,24,24,24,24,24,24,24
722,7220,-932.6148,-921.2811,-956.7565,-916.879,-912.8295,-943.6976,-860.0352,-295.1644,114.0816,225.5876,-121.058,-717.8429,-1071.125,-920.6688,-922.9748,-984.34,24,24,24,24,24,24,24,24,24,24,24,24,25,24,25,24,722,7220,-1007.207,-996.7678,218.5496,-343.408,-0.7895676,-0.3681718,1.175425,0.3911245,0.5177129,-0.6425259,-0.3941649,0.6735148,0.3838765,3.692216E-05,0.4808614,-1.017206,24,24,24,24,24,24,24,24,24,24,24,24,24,24,24,24
723,7230,-969.0441,-991.3683,-1028.735,-947.6729,-957.1309,-1064.004,-930.6956,-320.8689,112.5952,228.049,-112.2759,-700.8412,-1080.409,-952.2924,-926.9094,-907.2319,24,24,24,24,24,24,24,24,24,24,24,24,25,24,25,24,723,7230,-918.1823,-961.2397,215.9307,-343.9244,0.5236365,-1.284249E-05,-0.6529636,0.1303705,-0.3882445,-0.900066,0.3942099,-1.926374E-05,0.1279128,0.1114006,-0.602979,-0.4520814,24,24,24,24,24,24,24,24,24,24,24,24,24,24,24,24
724,7240,-906.0442,-915.239,-944.8217,-946.334,-922.0035,-892.6134,-835.8015,-302.0608,107.0213,227.1875,-133.163,-707.8937,-1015.659,-915.8955,-931.0825,-925.0632,24,24,24,24,24,24,24,24,24,24,24,24,25,24,25,24,724,7240,-978.3382,-993.478,221.5614,-336.0495,-0.2642856,0.1227068,3.210623E-05,-0.1303834,0.7765581,-0.7712959,-0.1313723,0.4041018,-6.902839E-05,-0.8908724,0.1195812,0.2260696,24,24,24,24,24,24,24,24,24,24,24,24,24,24,24,24
725,7250,-905.2026,-921.0394,-898.0665,-889.7368,-914.7607,-929.1373,-839.3727,-282.3749,120.3988,233.341,-110.1397,-690.1349,-1003.875,-857.6603,-864.4323,-882.7742,24,24,24,24,24,24,24,24,24,24,24,24,25,24,25,24,725,7250,-908.5145,-913.0793,229.2872,-336.695,0.5235851,0.3681493,-0.5223635,-0.5215143,0.5177129,0.6451755,-0.262767,0.6735148,-0.5119932,-0.4454177,-0.0008451964,-0.6781285,24,24,24,24,24,24,24,24,24,24,24,24,24,24,24,24
726,7260,-877.6701,-889.6209,-887.9773,-871.6011,-866.5965,-898.1661,-833.8882,-293.7852,113.3384,224.1108,-108.0035,-661.7733,-988.7589,-892.3866,-880.6477,-874.702,24,24,24,24,24,24,24,24,24,24,24,24,25,24,25,24,726,7260,-954.8397,-941.107,223.1327,-341.7297,0.7862269,-0.3681718,-0.7835621,-0.1303834,-0.2588227,-0.384985,-0.3941649,-0.5388469,0.2558947,0.6682189,-0.2416989,0.1130428,24,24,24,24,24,24,24,24,24,24,24,24,24,24,24,24
727,7270,-896.3057,-889.1376,-917.7529,-926.3729,-904.0173,-901.7445,-854.7758,-313.0948,108.8793,230.5104,-108.1222,-667.5717,-1042.082,-961.1233,-937.2826,-922.6536,24,24,24,24,24,24,24,24,24,24,24,24,25,24,25,24,727,7270,-900.4578,-907.9474,220.7757,-339.7933,0.1296241,0.3681493,0.1306322,0.1303705,1.035403,0.001325184,-0.3941649,0.1346872,0.2558947,-0.2226904,-0.0008451964,-0.1130075,24,24,24,24,24,24,24,24,24,24,24,24,24,24,24,24
728,7280,-940.1892,-922.2478,-960.2016,-979.0751,-936.2476,-898.5363,-848.6547,-321.3703,101.5712,226.203,-132.4509,-696.9371,-1010.541,-958.8558,-966.0173,-925.1836,24,24,24,24,24,24,24,24,24,24,24,24,25,24,25,24,728,7280,-920.3308,-917.6848,220.6447,-338.6315,-0.1330169,-0.1227325,0.3918308,-0.2607604,-0.6470898,-1.286376,-0.6569544,-0.4041404,-6.902839E-05,0.7795826,-0.3621257,-0.7911552,24,24,24,24,24,24,24,24,24,24,24,24,24,24,24,24
729,7290,-956.9011,-946.6574,-911.6009,-934.4059,-982.8426,-975.1625,-858.8565,-290.1489,113.0907,229.2797,-119.8712,-732.9555,-1057.437,-896.444,-927.5056,-975.9063,24,24,24,24,24,24,24,24,24,24,24,24,25,24,25,24,729,7290,-997.9426,-981.7669,219.8591,-334.7586,1.048867,0.6135885,1.044827,0.5215014,-1.423625,0.001325184,0.5256046,-0.8082598,0.5118567,3.692216E-05,-0.2416989,1.926374E-05,24,24,24,24,24,24,24,24,24,24,24,24,24,24,24,24
730,7300,-947.2828,-957.2914,-937.0701,-915.0533,-933.7126,-965.1677,-864.595,-285.6349,123.2477,230.5104,-115.2428,-698.8262,-1044.463,-895.4893,-878.263,-883.1357,24,24,24,24,24,24,24,24,24,24,24,24,25,24,25,24,730,7300,-936.3095,-958.3447,223.0018,-335.6622,-0.3956579,-0.2454521,3.210623E-05,-0.9126452,-0.3882445,-0.5137045,-1.313931,-0.1347257,-1.279881,-0.6681451,-0.0008451964,0.2260696,24,24,24,24,24,24,24,24,24,24,24,24,24,24,24,24
731,7310,-914.2198,-895.3004,-938.7927,-939.2745,-891.5839,-896.0685,-848.9097,-314.2233,111.7282,228.172,-134.1124,-694.2924,-1028.395,-1000.265,-977.4636,-919.1595,24,24,24,24,24,24,24,24,24,24,24,24,25,24,25,24,731,7310,-920.1964,-946.8968,227.7159,-327.9165,0.7862269,-0.7363338,-0.1305664,0.1303705,0.3882911,-0.3849336,0.2628151,-0.2694322,1.023782,0.7795826,0.8421419,0.1130428,24,24,24,24,24,24,24,24,24,24,24,24,24,24,24,24
732,7320,-948.3648,-967.8044,-981.4875,-1018.511,-979.342,-927.9036,-855.5409,-318.1103,104.2962,229.6488,-123.7875,-700.8413,-1037.678,-983.6774,-1006.079,-981.3279,24,24,24,24,24,24,24,24,24,24,24,24,25,24,25,24,732,7320,-912.1398,-899.2629,230.8586,-329.8529,-0.5269788,-1.472655,3.210623E-05,0.3911245,-0.7765115,-0.5137045,-1.708119,-0.8082598,-0.2560311,3.692216E-05,-0.3621257,0.3390931,24,24,24,24,24,24,24,24,24,24,24,24,24,24,24,24
733,7330,-1007.277,-1015.295,-950.7275,-956.3145,-1026.299,-1055.614,-878.2399,-298.1737,102.5621,232.4795,-115.2428,-741.3935,-1100.643,-938.8077,-975.7943,-1023.617,24,24,24,24,24,24,24,24,24,24,24,24,25,25,25,24,733,7330,-880.3163,-875.7089,228.7634,-327.7874,-0.001696814,-1.284249E-05,0.5224293,-0.6518912,0.6471363,-0.6424745,-0.1313723,0.8082213,-6.902839E-05,1.225037,0.1195812,-0.7911552,24,24,24,24,24,24,24,24,24,24,24,24,24,24,24,24
734,7340,-962.672,-1000.552,-987.6395,-921.991,-958.3379,-1051.419,-917.0065,-301.9353,115.568,227.3105,-108.0035,-713.687,-1105.642,-943.1462,-927.3864,-949.1594,24,24,24,24,24,24,24,24,24,24,24,24,25,25,25,24,734,7340,-868.2315,-878.9987,229.9419,-328.4328,0.5235851,0.7363082,-0.2611665,-0.1303834,-0.7765115,-1.028785,0.2628151,-1.212381,0.1279128,-0.2226358,-0.2416989,-0.1130075,24,24,24,24,24,24,24,24,24,24,24,24,24,24,24,24
735,7350,-966.1586,-953.5453,-984.5635,-950.594,-904.0173,-935.0602,-878.2399,-320.7434,110.8611,225.4645,-124.9743,-676.7736,-998.281,-947.4431,-934.7787,-888.5573,24,24,24,24,24,24,24,24,24,24,24,24,25,25,25,25,735,7350,-923.1506,-928.6064,227.5849,-326.6255,-0.5269788,-0.1227325,0.1306322,-0.7822682,0.1294459,0.5164568,-0.3941649,0.9429294,0.3838765,0.4455462,0.1195812,0.4521167,24,24,24,24,24,24,24,24,24,24,24,24,24,24,24,24
736,7360,-920.2311,-931.1899,-903.6034,-944.9951,-973.5477,-932.5924,-841.641,-300.3053,105.1633,226.6952,-139.6902,-735.3484,-1058.746,-961.2883,-978.4174,-983.2555,24,24,24,24,24,24,24,24,24,24,24,24,25,25,25,25,736,7360,-933.087,-915.1847,227.323,-322.1071,-0.1330169,-1.284249E-05,-0.6529636,-6.421245E-06,0.3882911,-0.5137045,-0.262767,0.4041018,-0.2560311,0.3341825,-0.0008455978,-0.2260246,24,24,24,24,24,24,24,24,24,24,24,24,24,24,24,24
737,7370,-996.2158,-987.8639,-961.309,-975.6672,-1017.729,-976.0262,-846.8694,-282.751,112.5952,233.7102,-132.8069,-758.8989,-1075.41,-927.5109,-975.3173,-1027.834,24,24,24,24,24,24,24,24,24,24,24,24,25,25,25,25,737,7370,-940.3379,-927.6852,238.5844,-319.1379,-0.264337,-1.349932,0.2612307,0.5215014,-0.3882445,0.2589166,-0.7883492,-0.4041404,0.2558947,-0.2226358,-0.2416989,0.3390996,24,24,24,24,24,24,24,24,24,24,24,24,24,24,24,24
738,7380,-1010.403,-1023.391,-973.736,-933.1888,-1021.229,-1089.053,-908.2077,-292.1551,112.5952,231.0026,-117.8537,-766.7072,-1133.018,-925.4818,-963.3942,-1054.339,24,24,25,24,24,24,24,24,24,24,24,24,25,25,25,25,738,7380,-855.6096,-862.4189,239.2391,-319.0088,-0.3956579,-0.9817731,3.210623E-05,0.2607475,0.7765581,-1.157555,-0.3941649,0.9429294,0.3838765,9.150275E-05,-0.2416989,-0.9041756,24,24,24,24,24,24,24,24,24,24,24,24,24,24,24,24
739,7390,-1034.569,-1048.646,-1017.415,-946.334,-965.8221,-1056.601,-908.3351,-304.6938,118.4169,228.0489,-114.5307,-692.9072,-1066.125,-943.0269,-917.371,-907.5933,24,24,25,24,24,24,24,24,24,24,24,24,25,25,25,25,739,7390,-940.7407,-926.8958,241.2033,-321.3325,0.1296241,1.22719,0.1306322,-0.2607604,-0.5176663,-0.5137045,-0.1313723,-0.1347257,0.1279128,9.150275E-05,-1.205113,-0.5650985,24,24,24,24,24,24,24,24,24,24,24,24,24,24,24,24
740,7400,-952.5728,-941.7029,-968.8145,-965.1997,-921.8827,-930.0012,-859.7492,-305.6969,118.7885,229.1566,-133.519,-693.0331,-1036.012,-988.9788,-962.6789,-910.4849,24,24,25,24,24,24,24,24,24,24,24,24,25,25,25,25,740,7400,-945.0376,-929.9223,235.7035,-323.6563,0.3922651,-0.1227325,0.3918308,-1.173399,-0.2588227,0.2589166,0.2628151,-0.1347257,0.3838765,-0.8908178,0.4808614,-0.2260246,24,24,24,24,24,24,24,24,24,24,24,24,24,24,24,24
741,7410,-950.8896,-921.0394,-914.9231,-963.4957,-959.6659,-898.7831,-821.1099,-295.7913,107.7645,227.4336,-151.3205,-732.7037,-1017.444,-957.5882,-999.9982,-992.5326,24,24,25,24,24,24,24,24,24,24,24,24,25,25,25,25,741,7410,-963.702,-949.7918,230.2038,-322.4944,0.3922651,0.9817506,-0.5223635,-1.043022,0.3882911,0.3876867,-0.3941649,0.4041018,-0.639975,0.4455462,-0.1212724,0.1130492,24,24,24,24,24,24,24,24,24,24,24,24,24,24,24,24
742,7420,-1044.307,-1020.732,-950.7275,-969.5814,-1017.849,-1007.121,-864.2125,-290.7758,107.8883,225.4645,-127.1104,-742.0232,-1078.385,-904.4753,-935.2556,-989.1592,24,24,25,24,24,24,24,24,24,24,24,24,25,25,25,25,742,7420,-888.2386,-914.5267,232.4299,-321.7198,0.1296241,-1.349932,-0.1305664,0.3911245,-0.5176663,-0.6424745,-0.9197471,-1.077674,0.3838765,-0.4453631,-0.2416989,0.1130492,24,24,24,24,24,24,24,24,24,24,24,24,24,24,24,24
743,7430,-953.7751,-959.9499,-930.18,-893.1447,-921.0378,-992.4372,-883.5957,-297.9229,116.4351,227.3105,-111.5638,-694.9222,-1055.294,-922.3786,-899.2479,-894.8223,24,24,25,24,24,24,24,24,24,24,24,24,25,25,25,25,743,7430,-873.334,-894.6574,238.0606,-313.1995,-0.6582989,-0.8590535,0.5224293,0.5215014,-0.5176663,-0.7712445,-0.5255597,0.8082213,0.8958007,0.3341825,0.1195812,0.3390996,24,24,24,24,24,24,24,24,24,24,24,24,24,24,24,24
744,7440,-937.1834,-920.4351,-982.5948,-981.8746,-949.7673,-982.5659,-901.3215,-323.6274,113.71,232.9717,-119.6338,-700.0856,-1069.458,-981.8174,-956.4788,-941.3281,24,24,25,24,24,24,24,24,24,24,24,24,25,25,25,25,744,7440,-837.348,-828.4698,246.703,-313.4577,-0.001696814,0.6135885,1.044827,0.6518784,-0.5176663,-0.5137045,-0.5255597,0.2693937,-0.3840129,0.5569098,-0.2416989,0.1130492,24,24,24,24,24,24,24,24,24,24,24,24,24,24,24,24
745,7450,-953.6548,-928.7731,-947.8976,-950.8375,-914.2779,-916.0579,-854.9033,-314.8503,108.5077,228.7874,-124.7369,-686.7316,-983.9979,-893.256,-911.2902,-907.1114,24,24,25,24,24,24,24,24,24,24,24,24,25,25,25,25,745,7450,-809.6871,-820.8378,244.7388,-313.0703,-0.6582989,0.1227068,0.3918308,-0.1303834,-0.2588243,0.2589166,-0.1313723,-0.1347257,0.2558947,9.150275E-05,-0.8438327,0.5651466,24,24,24,24,24,24,24,24,24,24,24,24,24,24,24,24
746,7460,-892.819,-908.7137,-878.6263,-880.243,-922.3655,-930.8647,-835.9025,-282.5003,111.7282,228.1721,-118.4471,-727.9181,-1055.056,-876.4268,-892.8093,-932.0511,24,24,25,24,24,24,24,24,24,24,24,24,25,25,25,25,746,7460,-848.2244,-852.9447,237.7987,-320.6871,-0.264337,-0.3681718,-0.2611665,-1.043022,0.5177113,-0.1274449,-0.262767,0.5388083,-1.407863,-0.3339995,-0.6029794,-0.2260246,24,24,24,24,24,24,24,24,24,24,24,24,24,24,24,24
747,7470,-944.5175,-945.3281,-945.929,-903.1252,-904.5001,-955.173,-875.1793,-306.0732,116.559,231.3719,-103.0191,-671.6054,-1012.326,-877.501,-871.2284,-887.232,24,24,25,24,24,24,24,24,24,24,24,24,25,25,25,25,747,7470,-905.0232,-893.473,234.656,-317.4597,0.1296241,-1.284249E-05,-0.6529636,0.2607475,0.5177113,-0.384985,0.5256046,-0.6735533,-1.023919,-0.4453631,-0.1212724,-0.1130011,24,24,24,24,24,24,24,24,24,24,24,24,24,24,24,24
748,7480,-904.8419,-896.2672,-948.5129,-947.6729,-879.0298,-856.0895,-824.298,-302.6877,118.1692,236.2947,-125.5676,-686.9836,-999.1143,-941.1174,-936.2095,-909.521,24,24,25,24,24,24,24,24,24,24,24,24,25,25,25,25,748,7480,-874.6768,-878.9987,238.0606,-312.0376,0.1296241,-1.472655,0.1306322,0.1303705,-0.9059366,0.1300952,-0.7883492,-0.9429679,0.2558947,-0.3339995,-0.96426,0.4521231,24,24,24,24,24,24,24,24,24,24,24,24,24,24,24,24
749,7490,-943.5556,-946.0533,-908.2789,-937.9356,-976.0827,-930.4947,-824.298,-284.2557,109.8702,232.1103,-133.9937,-743.7863,-1037.559,-895.8818,-960.7712,-1000.725,24,24,25,24,24,24,24,24,24,24,24,24,25,25,25,25,749,7490,-876.5566,-872.2878,245.5245,-310.4884,-0.3956579,-1.284249E-05,0.5224293,-0.1303834,-0.1294009,-0.6425259,0.2628151,0.2693937,0.7678204,-0.1112722,1.203422,-0.6781253,24,24,24,24,24,24,24,24,24,24,24,24,24,24,24,24
750,7500,-963.0327,-991.8517,-937.0701,-899.5955,-940.3518,-992.684,-865.9978,-277.4848,129.8126,236.6639,-104.6806,-703.486,-1050.176,-900.1786,-906.7594,-952.051,24,24,25,24,24,24,24,24,24,24,24,24,25,25,25,25,750,7500,-928.6558,-904.2632,243.9532,-317.976,-0.1330169,0.3681493,-0.6529636,0.1303705,-0.7765132,-1.028836,0.5256046,0.2693937,-0.8959371,0.5568552,-1.566394,-0.7911488,24,24,24,24,24,24,24,24,24,24,24,24,24,24,24,24
751,7510,-966.88,-956.6871,-999.0821,-947.6729,-904.2587,-959.9854,-874.6693,-302.3115,125.6012,241.7098,-95.06776,-662.5296,-1019.348,-968.0915,-941.9326,-895.6657,24,24,25,24,24,24,24,24,24,24,24,24,25,25,25,24,751,7510,-905.2917,-889.5256,244.2151,-311.9085,0.1296241,0.3681493,0.6530294,-0.2607604,-0.3882461,0.001325184,0.2628151,-1.926374E-05,0.6398386,-0.1113267,-0.4825526,0.3390996,24,24,24,24,24,24,24,24,24,24,24,24,24,24,24,24
752,7520,-932.6148,-915.6016,-913.9387,-935.9883,-920.5549,-870.5264,-810.6531,-284.3811,118.0454,239.1253,-117.4976,-689.7568,-991.1393,-900.0592,-923.9286,-921.5692,24,24,25,24,24,24,24,24,24,24,24,24,25,25,25,24,752,7520,-902.2034,-948.2126,243.4294,-317.8469,-0.001696814,-1.284249E-05,-0.9141622,-0.7822682,-0.2588243,0.1300952,2.247436E-05,0.2693937,-0.8959371,-0.4454177,-0.4825526,-0.1130075,24,24,24,24,24,24,24,24,24,24,24,24,24,24,24,24
753,7530,-908.5689,-896.7504,-861.77,-849.2057,-883.3755,-924.6952,-830.8016,-269.5854,131.9184,244.5404,-87.23511,-652.8236,-970.4291,-826.8945,-829.736,-847.3527,24,24,25,24,24,24,24,24,24,24,24,24,25,25,25,24,753,7530,-948.2603,-938.0807,232.6918,-320.6871,0.3922651,-0.7363338,-0.1305664,-0.2607604,0.2588661,0.001325184,0.2628151,-0.5388469,0.7678204,0.3341279,-0.1212724,0.5651435,24,24,24,24,24,24,24,24,24,24,24,24,24,24,24,24
754,7540,-846.4107,-850.255,-878.8725,-871.236,-862.6129,-892.8602,-830.164,-286.7635,128.6978,238.1407,-105.8673,-666.0591,-1005.899,-926.6754,-900.6786,-897.7139,24,24,24,24,24,24,24,24,24,24,24,24,25,25,25,24,754,7540,-907.1717,-891.4994,230.3347,-318.1051,-0.789619,-0.9817731,-0.1305664,0.2607475,-0.6470914,-0.6425259,-1.313931,0.4041018,-0.1280493,-0.2226904,-0.1212724,-0.7911552,24,24,24,24,24,24,24,24,24,24,24,24,24,24,24,24
755,7550,-928.8876,-919.1459,-950.1123,-951.2026,-921.2792,-931.9753,-856.306,-299.553,126.0967,245.4019,-106.6981,-666.6893,-1001.495,-944.3399,-935.4941,-896.991,24,24,24,24,24,24,24,24,24,24,24,24,25,25,25,24,755,7550,-847.0159,-865.9717,236.7511,-317.4597,-0.264337,-0.2454521,0.5224293,-0.5215143,0.3882895,-1.286376,0.2628151,0.5388083,0.6398386,0.1114006,0.1195812,-0.3390546,24,24,24,24,24,24,24,24,24,24,24,24,24,24,24,24
756,7560,-940.67,-925.5515,-918.4913,-957.1664,-941.559,-890.1456,-814.8613,-284.7573,121.142,243.1866,-124.3809,-704.7454,-1013.754,-936.8206,-953.3788,-935.7859,24,24,24,24,24,24,24,24,24,24,24,24,25,25,25,24,756,7560,-889.8499,-869.9192,239.8939,-311.6503,-0.3956579,0.2454296,-0.2611665,-6.421245E-06,-0.2588243,-0.2562149,2.247436E-05,-0.4041404,0.1279128,-0.3340541,-1.084686,-0.3390546,24,24,24,24,24,24,24,24,24,24,24,24,24,24,24,24
757,7570,-933.4564,-944.7684,-906.0642,-894.1185,-935.5233,-947.8928,-831.4392,-266.8269,128.6978,243.5558,-91.86349,-691.0173,-1035.893,-870.6978,-890.7825,-938.0751,24,24,24,24,24,24,24,24,24,24,24,24,25,25,25,24,757,7570,-939.935,-911.1057,243.9532,-317.976,0.1296241,0.3681493,-0.1305664,-1.303776,0.2588661,0.2588653,-0.262767,1.616463,-0.2560311,-0.5567814,0.3604349,0.4521167,24,24,24,24,24,24,24,24,24,24,24,24,24,24,24,24
758,7580,-913.0174,-912.2568,-908.5251,-867.5847,-872.9941,-911.8625,-827.6135,-270.9647,136.873,248.4786,-84.26819,-641.8571,-970.0719,-877.6204,-869.0824,-866.6298,24,24,24,24,24,24,24,24,24,24,24,24,25,25,25,24,758,7580,-893.744,-903.7368,233.0846,-327.271,0.654906,-0.2454521,-0.6529636,0.1303705,2.086905E-05,-0.900066,0.2628151,-0.8082598,-0.5119932,-0.3340541,-0.4825526,1.926374E-05,24,24,24,24,24,24,24,24,24,24,24,24,24,24,24,24
759,7590,-908.0881,-905.0052,-952.2041,-969.9465,-924.5385,-907.1737,-841.0034,-302.6877,120.5227,243.1866,-113.4626,-681.4374,-1026.133,-970.8367,-953.1403,-911.6896,24,24,24,24,24,24,24,24,24,24,24,24,25,25,25,24,759,7590,-837.3479,-833.9964,225.6207,-323.7854,-0.001696814,-0.3681718,0.7836279,0.2607475,-0.3882461,0.3876353,-0.3941649,-0.6735533,0.6398386,0.7795826,0.1195812,0.4521167,24,24,24,24,24,24,24,24,24,24,24,24,24,24,24,24
760,7600,-939.3475,-923.7386,-916.5225,-954.9756,-953.5095,-897.179,-814.2237,-286.5127,119.7795,244.1712,-116.4296,-703.36,-1018.277,-927.0333,-950.9943,-940.0028,24,24,24,24,24,24,24,24,24,24,24,24,25,25,25,24,760,7600,-908.6487,-896.1049,227.8468,-323.5272,-0.789619,0.1227068,0.3918308,0.2607475,0.9059799,-1.157606,-0.7883492,0.4041018,-0.2560311,-0.4454177,-0.0008451964,-1.356279,24,24,24,24,24,24,24,24,24,24,24,24,24,24,24,24
761,7610,-940.67,-946.5814,-914.6769,-918.4612,-963.8908,-961.3427,-840.1107,-271.5916,127.0876,249.2171,-101.1203,-718.9764,-1063.507,-909.0107,-944.9135,-976.1472,24,24,24,24,24,24,24,24,24,24,24,24,25,25,25,24,761,7610,-932.684,-924.2642,226.6683,-318.7506,1.311509,0.6135885,-0.6529636,-0.2607604,-0.905935,-0.2562149,0.1314172,0.5388083,-6.902839E-05,0.5568552,-0.2416989,0.678167,24,24,24,24,24,24,24,24,24,24,24,24,24,24,24,24
762,7620,-932.6148,-959.8761,-917.3839,-860.1602,-878.3055,-957.6409,-851.2052,-267.5792,139.3503,246.1402,-90.91408,-666.4373,-1011.969,-869.6235,-857.7554,-869.8828,24,24,24,24,24,24,24,24,24,24,24,24,25,25,25,24,762,7620,-898.9808,-919.6586,237.2749,-313.0704,-0.5269788,0.1227068,0.2612307,-1.043022,2.247436E-05,-0.1273935,2.247436E-05,-1.926374E-05,0.7678204,-0.6681451,0.2400081,0.2260696,24,24,24,24,24,24,24,24,24,24,24,24,24,24,24,24
763,7630,-877.4297,-873.3395,-909.7555,-886.4504,-855.2495,-883.4825,-824.6805,-286.8889,129.3172,244.7865,-100.8829,-650.8068,-957.4553,-874.6366,-871.2284,-843.9792,24,24,24,24,24,24,24,24,24,24,24,24,25,25,25,24,763,7630,-874.9453,-872.4194,244.346,-309.972,-0.001696814,-1.284249E-05,-1.175361,-0.1303834,0.2588677,0.1301466,0.1314172,-1.926374E-05,-1.151901,-0.1113267,-0.1212724,1.926374E-05,24,24,24,24,24,24,24,24,24,24,24,24,24,24,24,24
764,7640,-858.7943,-868.9885,-838.3925,-838.0081,-846.3168,-835.9768,-771.1212,-240.6209,146.7822,257.0935,-78.21568,-637.0672,-939.9584,-808.0363,-812.0898,-822.0516,24,24,24,24,24,24,24,24,24,24,24,24,25,25,25,24,764,7640,-890.9242,-878.9987,238.5844,-316.9433,0.5235851,-0.7363338,3.210623E-05,0.2607475,-0.2588227,0.1301466,-0.3941649,-0.1347257,-0.1280493,0.4454916,0.2400081,0.1130428,24,24,24,24,24,24,24,24,24,24,24,24,24,24,24,24
765,7650,-822.3649,-821.9734,-822.0282,-813.6652,-815.1729,-833.509,-777.6248,-250.7773,143.314,246.7556,-92.10085,-644.6303,-956.622,-847.4235,-838.4399,-851.3286,24,24,24,24,24,24,24,24,24,24,24,24,25,24,25,24,765,7650,-928.3873,-942.6861,229.2872,-320.2998,-1.052261,-0.613611,0.5224293,0.2607475,0.2588677,-0.6424745,-0.6569544,-0.8082598,0.1279128,-0.4454177,-0.3621257,-1.243253,24,24,24,24,24,24,24,24,24,24,24,24,24,24,24,24
766,7660,-847.8535,-835.8725,-863.0004,-867.0978,-838.5911,-837.4575,-788.0817,-270.7139,134.8911,247.494,-105.274,-659.7566,-962.0972,-893.6994,-892.5708,-875.4248,24,24,24,24,24,24,24,24,24,24,24,24,25,24,25,24,766,7660,-857.0865,-877.5512,228.5015,-315.9105,0.5235851,0.7363082,0.1306322,0.5215014,-0.905935,-0.6424745,2.247436E-05,-1.926374E-05,0.3838765,0.6682189,-0.602979,0.3390931,24,24,24,24,24,24,24,24,24,24,24,24,24,24,24,24
767,7670,-912.8972,-895.8196,-863.3695,-865.2721,-895.5675,-890.5159,-795.2229,-247.2664,141.9515,249.9554,-95.18644,-675.2609,-981.4985,-837.9702,-864.6708,-889.8826,24,24,24,24,24,24,24,24,24,24,24,24,25,24,25,24,767,7670,-841.3762,-838.7335,231.7752,-315.3941,0.3922651,0.2454296,0.6530294,-0.3911373,-0.2588227,-0.1273935,-0.3941649,-0.8082598,0.2558947,-0.8908724,-0.4825526,1.926374E-05,24,24,24,24,24,24,24,24,24,24,24,24,24,24,24,24
768,7680,-870.8171,-880.8329,-874.197,-844.2155,-862.0093,-913.7134,-828.1236,-264.3192,140.0935,250.3246,-83.79348,-658.2439,-1006.851,-862.4338,-844.4015,-852.2924,24,24,24,24,24,24,24,24,24,24,24,24,25,24,25,24,768,7680,-874.1395,-873.0773,235.9655,-311.3921,-0.1330169,0.6135885,-0.2611665,-6.421245E-06,0.2588677,0.1301466,-0.5255597,-0.1347257,-1.023919,0.6682189,0.3604349,0.2260728,24,24,24,24,24,24,24,24,24,24,24,24,24,24,24,24
769,7690,-861.0787,-862.4619,-928.8265,-923.0864,-852.3524,-839.3083,-800.9614,-281.748,135.3866,248.3555,-111.9199,-666.5634,-969.7148,-902.6495,-903.6594,-884.9429,24,24,24,24,24,24,24,24,24,24,24,24,25,24,25,24,769,7690,-900.3235,-904,239.3701,-312.554,0.5235851,-1.227212,-0.6529636,0.1303705,0.7765581,-0.3849336,-0.262767,-0.9429679,-0.1280493,0.6682189,-0.3621261,0.9042237,24,24,24,24,24,24,24,24,24,24,24,24,24,24,24,24
770,7700,-872.9814,-883.0956,-868.6601,-890.8322,-914.3985,-903.8422,-810.2705,-272.9709,124.6103,244.5403,-104.4432,-695.4259,-1013.516,-888.4487,-910.5748,-924.3403,24,24,24,24,24,24,24,24,24,24,24,24,25,24,25,24,770,7700,-898.8466,-902.0261,232.9537,-319.9125,-1.183581,-0.2454521,0.1306322,0.5215014,-0.2588227,0.001376554,-1.313931,-0.5388469,0.1279128,-0.2226904,0.7217151,-0.5650985,24,24,24,24,24,24,24,24,24,24,24,24,24,24,24,24
771,7710,-916.0233,-934.4526,-908.402,-890.7104,-929.4877,-960.6023,-837.6878,-256.6705,143.9333,256.7243,-83.91216,-677.0256,-1023.157,-870.9066,-874.567,-906.75,24,24,24,24,24,24,24,24,24,24,24,24,25,24,25,24,771,7710,-885.5532,-865.9717,229.5491,-319.267,-0.3956579,0.1227068,-0.5223635,0.5215014,0.6471363,-1.286325,2.247436E-05,-0.1347257,-0.8959371,0.1114006,-0.3621261,-0.3390514,24,24,24,24,24,24,24,24,24,24,24,24,24,24,24,24
772,7720,-915.5423,-918.2601,-940.8845,-898.8652,-862.0093,-941.9702,-871.7363,-294.2867,138.731,247.494,-92.45689,-667.6978,-1054.937,-971.5054,-939.3095,-924.7018,24,24,24,24,24,24,24,24,24,24,24,24,25,24,25,24,772,7720,-867.0229,-871.7615,230.9895,-316.8142,0.260945,0.7363082,0.7836279,0.2607475,0.3882911,0.001376554,-0.3941649,-0.1347257,0.1279128,-0.4454177,-0.2416989,0.2260728,24,24,24,24,24,24,24,24,24,24,24,24,24,24,24,24
773,7730,-998.9811,-959.9499,-972.1365,-988.9341,-937.4548,-894.8345,-827.8686,-292.6567,127.0876,245.1557,-122.4821,-697.441,-1016.849,-919.8336,-925.2402,-926.509,24,24,24,24,24,24,24,24,24,24,24,24,25,24,25,24,773,7730,-829.8285,-847.6813,234.1322,-317.5888,-0.1330169,0.2454296,-0.1305664,-0.3911373,0.2588677,-0.1273935,-0.9197471,-0.2694322,-0.7679569,-0.4454177,-0.4825526,-0.2260246,24,24,24,24,24,24,24,24,24,24,24,24,24,24,24,24
774,7740,-898.7103,-923.0936,-910.7397,-903.0036,-919.3479,-930.1245,-818.942,-259.5544,137.2446,247.6171,-94.23704,-679.6727,-1000.185,-833.4354,-841.3015,-872.6537,24,24,24,24,24,24,24,24,24,24,24,24,25,24,25,24,774,7740,-899.6522,-879.9198,233.2156,-319.267,0.260945,-0.613611,-0.7835621,0.2607475,0.2588677,-0.3849336,0.9197921,0.2693937,-6.902839E-05,0.4454916,0.8421419,-0.1130011,24,24,24,24,24,24,24,24,24,24,24,24,24,24,24,24
775,7750,-864.4451,-894.5754,-888.4696,-844.0939,-843.1783,-894.7112,-822.0026,-270.3377,138.3594,247.0017,-84.86158,-637.8235,-970.7862,-886.4199,-861.9285,-852.0515,24,24,24,24,24,24,24,24,24,24,24,24,25,24,25,24,775,7750,-891.5956,-862.0242,231.5133,-321.9781,-0.264337,-0.9817731,-0.1305664,0.5215014,-0.2588227,-0.2561635,-1.051142,-0.1347257,-0.1280493,-0.1113267,-0.0008455978,0.3390996,24,24,24,24,24,24,24,24,24,24,24,24,24,24,24,24
776,7760,-871.6588,-853.0065,-867.6758,-878.6608,-871.1834,-887.8012,-813.9687,-274.8517,135.5104,250.8169,-92.93159,-655.8489,-980.5463,-899.7854,-896.8632,-861.931,24,24,24,24,24,24,24,24,24,24,24,24,25,24,25,24,776,7760,-861.7863,-879.2618,229.1563,-322.7526,-0.5269788,-0.1227325,0.6530294,-0.6518912,0.7765581,-0.6424745,0.1314172,0.4041018,0.2558947,-0.1113267,-0.0008455978,-0.5650985,24,24,24,24,24,24,24,24,24,24,24,24,24,24,24,24
777,7770,-885.2446,-893.7295,-890.3152,-901.7866,-926.2284,-905.076,-816.2641,-278.7387,120.1511,236.5408,-113.1066,-703.9897,-1018.515,-873.7705,-896.6247,-927.5933,24,24,24,24,24,24,24,24,24,24,24,24,25,24,25,24,777,7770,-906.6345,-893.0783,228.5015,-324.9473,-0.5269788,0.6135885,-0.1305664,0.2607475,-0.3882445,0.2589166,0.3942099,-0.1347257,-0.5119932,3.692216E-05,-1.566394,-0.3390514,24,24,24,24,24,24,24,24,24,24,24,24,24,24,24,24
778,7780,-902.9183,-920.7977,-903.7265,-879.5128,-883.4962,-930.7415,-833.9897,-272.9709,132.7854,239.6176,-106.9354,-676.6475,-988.6399,-865.5364,-857.6361,-848.196,24,24,24,24,24,24,24,24,24,24,24,24,25,24,25,24,778,7780,-901.9349,-899.1312,225.3588,-324.9473,-0.264337,-0.7363338,0.5224293,-0.6518912,0.3882911,0.3876867,0.9197921,-0.5388469,-0.1280493,-0.4454177,0.1195812,0.7911969,24,24,24,24,24,24,24,24,24,24,24,24,24,24,24,24
779,7790,-853.9852,-853.0065,-854.6337,-850.0579,-835.0905,-824.7481,-775.8395,-260.5575,137.1207,251.9246,-77.97832,-618.9158,-927.8179,-831.2875,-829.8552,-817.5939,24,24,24,24,24,24,24,24,24,24,24,24,25,24,25,24,779,7790,-925.836,-922.0272,229.0253,-320.4289,-0.9209399,-1.284249E-05,-0.5223635,-0.3911373,0.2588677,0.2589166,-0.3941681,-0.6735533,-1.151901,-0.6681451,-0.0008455978,-0.7911488,24,24,24,24,24,24,24,24,24,24,24,24,24,24,24,24
780,7800,-827.4146,-826.6633,-829.6567,-859.5516,-879.1505,-854.4855,-793.0551,-277.7356,121.2659,246.6326,-102.7817,-680.5551,-991.9726,-907.6614,-934.6595,-942.6535,24,24,24,24,24,24,24,24,24,24,24,24,25,24,25,24,780,7800,-881.6591,-911.895,232.5609,-317.847,-0.001696814,-1.349932,-0.6529636,0.7822554,-0.1293993,0.3876867,-0.9197503,-0.4041404,0.1279128,0.5568552,-0.2416989,0.6781734,24,24,24,24,24,24,24,24,24,24,24,24,24,24,24,24
781,7810,-945.3591,-940.4946,-895.1137,-895.3355,-942.766,-947.6462,-827.9962,-269.46,121.8852,237.7715,-99.45879,-704.7454,-1044.463,-857.3022,-881.0054,-953.0148,24,24,24,24,24,24,24,24,24,24,24,24,25,25,25,24,781,7810,-915.7653,-911.7635,233.0846,-316.1687,-0.9209399,-0.4908914,-0.391765,-0.7822682,-0.2588227,-0.7712445,-1.57673,-1.926374E-05,0.6398386,-0.5567814,-0.0008455978,-0.5650985,24,24,24,24,24,24,24,24,24,24,24,24,24,24,24,24
782,7820,-935.9812,-937.7153,-956.1414,-894.1185,-886.0312,-970.8438,-868.4207,-281.3718,136.9968,245.0327,-91.03275,-663.412,-1025.657,-897.4333,-874.2093,-890.1236,24,24,24,24,24,24,24,24,24,24,24,24,25,25,25,24,782,7820,-863.2633,-860.9714,231.6442,-320.0416,-0.264337,0.7363082,0.3918308,-0.2607604,-0.2588227,-1.543865,0.131414,0.1346872,-0.5119932,0.4455462,-0.8438327,2.568498E-05,24,24,24,24,24,24,24,24,24,24,24,24,24,24,24,24
783,7830,-896.9068,-887.5667,-916.5226,-912.0104,-872.632,-868.5521,-811.5458,-280.8703,131.299,247.4941,-97.79732,-648.5379,-961.8591,-897.1946,-898.7709,-877.3527,24,24,24,24,24,24,24,24,24,24,24,24,25,25,25,24,783,7830,-837.6165,-843.8653,229.811,-317.7179,0.654906,0.3681493,0.2612307,-0.1303834,-1.16478,-0.2561635,0.5255982,-0.1347257,0.7678204,-0.5567268,-0.4817893,0.2260728,24,24,24,24,24,24,24,24,24,24,24,24,24,24,24,24
784,7840,-883.321,-877.7787,-871.3671,-873.4271,-890.4975,-886.1971,-801.4716,-267.203,127.8307,243.802,-100.5269,-677.2778,-976.8564,-873.9203,-900.9171,-926.3885,24,24,24,24,24,24,24,24,24,24,24,24,25,25,25,24,784,7840,-858.9664,-852.1552,232.299,-315.7814,-0.789619,0.6135885,-0.2611665,-0.3911373,0.5177129,0.001376554,1.926374E-05,1.481755,-0.1280493,0.1114552,-0.1204457,0.1130492,24,24,24,24,24,24,24,24,24,24,24,24,24,24,24,24
785,7850,-921.7943,-957.4122,-911.8472,-880.6082,-938.0583,-991.3268,-854.6483,-269.5854,136.0059,251.3093,-82.72539,-669.9667,-1022.086,-866.0429,-863.8362,-894.9429,24,24,24,24,24,24,24,24,24,24,24,24,25,25,25,24,785,7850,-826.0688,-823.2064,234.2632,-317.4597,0.654906,-1.104493,-1.175361,-6.421245E-06,2.247436E-05,-0.7712445,0.131414,-0.8082598,-1.023919,-0.6680905,-0.4817893,0.1130492,24,24,24,24,24,24,24,24,24,24,24,24,24,24,24,24
786,7860,-893.4201,-899.8923,-909.1403,-876.3481,-876.1326,-924.2017,-840.4933,-281.4972,133.157,245.4019,-83.79348,-616.7729,-956.1459,-896.3591,-873.1362,-833.0155,24,24,24,24,24,24,24,24,24,24,24,24,25,25,25,24,786,7860,-897.638,-878.3408,234.525,-310.7466,0.5235851,-1.227212,0.2612307,0.5215014,-0.7765115,0.5164568,-0.7883556,-0.2694322,0.5118567,9.150275E-05,0.1204497,0.9042237,24,24,24,24,24,24,24,24,24,24,24,24,24,24,24,24
787,7870,-865.2867,-855.1816,-833.84,-830.7053,-839.4362,-828.2031,-768.9533,-258.3005,128.9455,238.633,-103.1378,-669.4626,-964.0016,-854.7042,-867.2939,-873.4972,24,24,24,24,24,24,24,24,24,24,24,24,25,25,25,24,787,7870,-937.7867,-960.3185,240.0248,-314.8777,-0.264337,0.3681493,0.2612307,0.5215014,0.3882911,-0.9000146,-0.7883556,-0.1347257,-6.902839E-05,9.150275E-05,0.1204497,-1.130223,24,24,24,24,24,24,24,24,24,24,24,24,24,24,24,24
788,7880,-873.7027,-899.6507,-877.3961,-873.6705,-912.4672,-935.924,-817.1567,-268.9585,123.9909,240.6022,-99.34012,-682.9501,-1009.827,-857.8074,-870.8708,-917.2319,24,24,24,24,24,24,24,24,24,24,24,24,25,25,25,24,788,7880,-852.6556,-861.7609,232.299,-319.7834,0.260945,-0.1227325,-0.6529636,0.7822554,-0.3882445,-0.2561635,0.7883909,-1.926374E-05,0.1279128,-0.2226358,-0.6022373,-0.2260246,24,24,24,24,24,24,24,24,24,24,24,24,24,24,24,24
789,7890,-901.9564,-917.4141,-927.8422,-874.7659,-861.6473,-919.8831,-835.9025,-274.6009,134.2718,240.356,-92.8129,-656.8574,-1005.422,-897.4333,-875.7592,-872.5333,24,24,24,24,24,24,24,24,24,24,24,24,25,25,25,24,789,7890,-844.1961,-839.2598,233.3465,-316.6851,0.3923164,-0.7363338,3.210623E-05,-1.173399,-0.1293993,0.3876867,0.131414,0.6735148,-0.3840129,-0.8908178,-0.1204457,-0.1130011,24,24,24,24,24,24,24,24,24,24,24,24,24,24,24,24
790,7900,-911.2141,-896.9922,-933.3791,-923.4517,-882.8927,-877.8065,-826.2109,-298.2991,120.3988,239.3714,-103.4938,-666.0591,-1014.588,-943.5044,-918.6826,-887.5936,24,24,24,24,24,24,24,24,24,24,24,24,25,25,25,24,790,7900,-870.917,-874.2616,230.3347,-317.4597,-0.2642856,-0.1227325,-0.6529636,-1.303776,-0.6470898,-0.2561635,-0.2627734,-0.5388469,-1.535845,0.1114552,0.1204497,2.568498E-05,24,24,24,24,24,24,24,24,24,24,24,24,24,24,24,24
791,7910,-923.5975,-889.5001,-889.0848,-898.8652,-886.514,-855.2258,-794.3302,-274.8517,123.867,241.7098,-98.39071,-664.6725,-971.1431,-839.188,-850.6015,-856.6298,24,24,24,24,24,24,24,24,24,24,24,24,25,25,25,24,791,7910,-915.3625,-961.5028,228.5015,-317.4597,0.9175984,-1.349932,-2.086905E-05,0.7822554,0.9059815,0.2589166,-0.1313787,0.1346872,0.5118567,-0.6680905,-0.9635805,0.3390996,24,24,24,24,24,24,24,24,24,24,24,24,24,24,24,24
792,7920,-851.9412,-853.3689,-837.7773,-829.2447,-856.0945,-877.8065,-795.6054,-255.1659,132.1661,241.7098,-87.35378,-663.5381,-991.2585,-833.459,-833.5515,-857.8346,24,24,24,24,24,24,24,24,24,24,24,24,25,25,25,24,792,7920,-883.6734,-885.1832,228.7634,-316.0396,-0.7895676,-0.613611,-0.6530166,-0.2607571,-0.1293993,-0.5137045,-0.9197503,-1.926374E-05,-0.1280493,-1.113547,0.602241,-0.2260246,24,24,24,24,24,24,24,24,24,24,24,24,24,24,24,24
793,7930,-849.176,-853.0065,-866.1995,-840.6859,-822.7778,-853.375,-807.5925,-285.5096,124.3625,238.2638,-88.30318,-622.6973,-933.8882,-875.83,-859.5438,-830.0035,24,24,24,24,24,24,24,24,24,24,24,24,25,25,25,24,793,7930,-981.2924,-973.3455,235.5726,-313.0704,0.6549574,0.8590278,0.1305776,0.2607507,0.5177129,-1.286325,-0.2627734,-0.6735533,-0.639975,0.4455462,-0.7226847,-0.5650985,24,24,24,24,24,24,24,24,24,24,24,24,24,24,24,24
794,7940,-844.8477,-843.8225,-826.2116,-848.1104,-875.5292,-859.7914,-791.7798,-272.2185,118.4169,236.2946,-107.8848,-692.4034,-999.4712,-875.114,-899.1286,-934.4606,24,24,24,24,24,24,24,24,24,24,24,24,25,25,25,24,794,7940,-877.6309,-879.5251,235.0488,-314.7486,0.1296754,-0.3681718,-2.086905E-05,-0.2607571,-0.2588227,-0.1274449,-0.1313787,-0.4041404,1.535708,-0.5567268,-0.4817893,-0.1130011,24,24,24,24,24,24,24,24,24,24,24,24,24,24,24,24
795,7950,-892.4583,-920.0726,-885.7626,-848.1104,-884.2205,-936.9109,-835.3924,-266.7015,132.7854,243.5558,-89.01525,-665.0508,-1011.255,-878.4559,-864.9093,-868.9189,24,24,24,24,24,24,24,24,24,24,24,24,25,25,25,24,795,7950,-865.4118,-873.3405,230.8585,-322.3653,0.2609963,-1.284249E-05,-0.5224181,-0.6518881,-0.5176663,-0.384985,-0.7883492,0.1346872,-0.2560311,0.2228188,0.9635841,0.9042237,24,24,24,24,24,24,24,24,24,24,24,24,24,24,24,24
796,7960,-877.5499,-877.0536,-892.5299,-885.9636,-868.7693,-894.2176,-825.1906,-286.7635,125.8489,234.8178,-108.9529,-664.2944,-992.0916,-923.0947,-906.4017,-886.9911,24,24,24,24,24,24,24,24,24,24,24,24,25,25,25,24,796,7960,-881.7935,-864.1295,228.1087,-320.9453,0.7862783,-0.3681718,-0.6530166,0.2607507,0.1294459,-0.6425259,0.5256046,-0.9429679,-0.3840129,0.3341825,-0.3613415,-0.4520749,24,24,24,24,24,24,24,24,24,24,24,24,24,24,24,24
797,7970,-910.733,-893.7295,-888.1003,-908.4807,-904.8624,-892.3666,-812.6934,-274.9771,123.2477,235.6793,-117.1416,-692.5292,-999.4712,-876.0688,-891.1401,-901.2078,24,24,24,24,24,24,24,24,24,24,24,24,25,24,25,24,797,7970,-850.91,-868.4718,228.8943,-319.9125,0.9175984,-0.3681718,0.2611777,0.9126356,0.2588677,0.6451755,-0.6569544,0.1346872,1.151764,0.1114552,-0.8431328,-0.3390514,24,24,24,24,24,24,24,24,24,24,24,24,24,24,24,24
798,7980,-890.8954,-893.6086,-873.4587,-866.3676,-897.3782,-926.4227,-830.2915,-273.347,121.2659,234.2025,-106.9354,-696.8112,-1024.109,-873.1738,-883.0324,-903.4971,24,24,24,24,24,24,24,24,24,24,24,24,25,24,25,24,798,7980,-891.0585,-893.6047,226.1445,-320.2998,-0.9208885,-1.284249E-05,0.1305776,-0.6518881,0.5177129,-1.543917,-0.3941649,0.4041018,0.5118567,0.4455462,0.2408974,-1.130223,24,24,24,24,24,24,24,24,24,24,24,24,24,24,24,24
799,7990,-913.7388,-916.0849,-903.8495,-872.0881,-901.4824,-937.8981,-841.3859,-279.3656,126.9637,240.7252,-88.65923,-681.3113,-1045.058,-872.6965,-882.6747,-942.4125,24,24,24,24,24,24,24,24,24,24,24,24,25,24,25,25,799,7990,-987.3347,-979.9248,227.8468,-316.8142,0.6549574,0.7363082,0.1305776,0.2607507,-1.035357,-0.6425259,2.247436E-05,-1.926374E-05,-0.1280493,-0.5567268,-0.3621261,-0.4520749,24,24,24,24,24,24,24,24,24,24,24,24,24,24,24,24
800,8000,-938.5059,-948.3492,-980.8723,-915.2969,-880.4784,-960.7257,-872.8839,-303.6908,127.9546,241.8328,-91.74482,-638.9579,-1013.635,-964.4646,-916.6556,-880.1237,24,24,24,24,24,24,24,24,24,24,24,24,25,24,25,25,800,8000,-954.1684,-952.0286,231.9061,-313.0704,1.048918,-1.284249E-05,-0.1306194,-1.173396,-0.2588227,-0.6425259,-0.9197471,0.2693937,-0.1280493,-0.8908178,-0.6029794,0.5651435,24,24,24,24,24,24,24,24,24,24,24,24,24,24,24,24
801,8010,-941.9927,-918.1393,-953.5574,-962.7654,-896.7746,-857.8171,-807.72,-281.3718,126.2205,243.4327,-106.8168,-667.3196,-960.788,-859.689,-880.5286,-876.9912,24,24,24,24,24,24,24,24,24,24,24,24,25,24,25,25,801,8010,-849.1644,-855.708,232.168,-315.1359,-0.2642856,-0.2454521,-0.391818,-0.5215111,0.7765581,0.2588653,-0.5255597,0.2693937,-0.3840129,0.4455462,0.1195812,-0.1130075,24,24,24,24,24,24,24,24,24,24,24,24,24,24,24,24
802,8020,-866.7293,-878.0203,-845.2827,-815.9778,-843.5405,-899.0297,-818.3044,-264.1938,134.5195,242.0789,-89.72732,-653.4539,-975.19,-841.9081,-833.3129,-837.9551,24,24,24,24,24,24,24,24,24,24,24,24,25,24,25,25,802,8020,-837.8851,-825.8382,227.9777,-316.8142,0.1296754,-1.349932,-0.2612195,-0.1303802,-0.905935,-0.2562149,-1.051142,-1.077674,0.2558947,0.2228188,-0.3621261,1.926374E-05,24,24,24,24,24,24,24,24,24,24,24,24,24,24,24,24
803,8030,-837.3936,-827.63,-837.039,-837.5213,-825.0714,-843.9972,-786.0413,-263.1906,133.4047,241.4636,-103.2565,-645.5126,-933.1741,-867.3265,-866.2208,-847.2322,24,24,24,24,24,24,24,24,24,24,24,24,25,24,25,25,803,8030,-846.2103,-870.4456,227.4539,-315.265,-0.6582475,-0.2454521,1.305972,0.5215046,0.7765581,0.2588653,-0.5255597,0.2693937,-0.1280493,0.2228188,0.6012883,-0.1130075,24,24,24,24,24,24,24,24,24,24,24,24,24,24,24,24
804,8040,-857.2313,-848.1727,-831.7484,-845.0676,-876.857,-881.2615,-798.7935,-263.943,128.0785,242.5712,-83.2001,-643.3698,-956.3841,-819.5926,-822.8206,-845.184,24,24,24,24,24,24,24,24,24,24,24,24,25,24,25,25,804,8040,-899.3835,-878.0777,226.6683,-314.6195,-0.001645444,0.2454296,-0.391818,-3.210623E-06,-0.905935,-1.415146,-0.5255597,-0.1347257,-0.7679569,0.4455462,-0.2416989,-0.7911552,24,24,24,24,24,24,24,24,24,24,24,24,24,24,24,24
805,8050,-838.9565,-831.1343,-848.8508,-830.3401,-810.8273,-841.6528,-806.3173,-287.5158,124.2386,242.0789,-84.7429,-620.5544,-936.8637,-897.2794,-890.1862,-875.3044,24,24,24,24,24,24,24,24,24,24,24,24,25,24,25,25,805,8050,-909.4543,-914.79,228.8944,-313.3286,0.260945,0.8590278,0.5223764,-3.210623E-06,-0.2588227,0.3876353,0.5256046,-1.926374E-05,0.3838765,9.150275E-05,-1.084686,0.2260696,24,24,24,24,24,24,24,24,24,24,24,24,24,24,24,24
806,8060,-892.0977,-870.4073,-867.799,-900.5693,-909.2079,-873.7346,-790.6321,-265.3222,127.583,246.8787,-104.2059,-682.5718,-974.4758,-892.9833,-929.4133,-922.1717,24,24,24,24,24,24,24,24,24,24,24,24,25,24,25,25,806,8060,-912.14,-938.3438,232.8228,-309.843,-0.6582989,0.3682006,-2.086905E-05,-1.043019,0.1294459,0.1300952,-1.313931,-1.926374E-05,-0.3840129,-0.5567268,-0.1212724,0.1130428,24,24,24,24,24,24,24,24,24,24,24,24,24,24,24,24
807,8070,-890.174,-939.1654,-875.9195,-870.6276,-943.0076,-981.7023,-836.6677,-255.0405,137.2446,243.3096,-94.35571,-681.0592,-1026.966,-873.2932,-869.44,-883.0153,24,24,24,24,24,24,24,24,24,24,24,24,25,24,25,25,807,8070,-900.8608,-888.0782,234.9179,-312.1667,1.311509,-0.3681204,-0.5224181,0.1303738,0.6471363,0.2588653,0.5256046,-0.2694322,0.7678204,0.5569098,-0.0008455978,1.926374E-05,24,24,24,24,24,24,24,24,24,24,24,24,24,24,24,24
808,8080,-881.2771,-880.7997,-883.3019,-863.203,-853.3181,-874.8451,-814.6063,-280.8703,118.7885,230.6334,-92.57556,-646.269,-946.743,-838.2088,-840.9437,-838.678,24,24,24,24,24,24,24,24,24,24,24,24,25,24,25,25,808,8080,-928.1189,-912.4214,226.7992,-315.265,0.260945,-0.7362825,0.1305776,0.5215046,-0.1293993,-1.028836,-2.102306,-1.347087,-1.407863,0.4455462,-0.4825526,1.926374E-05,24,24,24,24,24,24,24,24,24,24,24,24,24,24,24,24
809,8090,-835.5901,-831.1343,-822.5203,-829.3664,-836.9012,-834.8663,-772.269,-252.4073,134.8911,244.4173,-99.10278,-664.6725,-950.6707,-834.9868,-866.6977,-897.3524,24,24,24,24,24,24,24,24,24,24,24,24,25,24,25,25,809,8090,-916.3026,-942.2914,228.8944,-308.6811,-0.264337,0.3682006,0.5223764,-0.2607571,-0.2588227,-0.6425259,0.2628151,0.8082213,0.1279128,-0.3339995,-0.2416989,-0.6781285,24,24,24,24,24,24,24,24,24,24,24,24,24,24,24,24
810,8100,-901.1147,-900.1341,-870.5059,-851.1533,-869.2521,-893.3539,-812.6935,-266.9523,127.2114,240.1099,-90.43938,-675.1348,-1006.97,-845.8461,-858.7092,-913.6174,24,24,24,24,24,24,24,24,24,24,24,24,25,24,25,25,810,8100,-851.8499,-841.76,230.8586,-313.4577,-0.264337,0.3682006,-0.2612195,-0.1303802,-0.7765115,-0.7712959,2.247436E-05,-0.2694322,-0.639975,-0.3339995,-1.32554,0.2260696,24,24,24,24,24,24,24,24,24,24,24,24,24,24,24,24
811,8110,-917.1052,-933.9692,-920.0908,-862.7162,-893.3947,-999.8408,-866.2528,-266.4507,144.181,242.4482,-89.13393,-674.8827,-1067.316,-925.8003,-889.4708,-899.2802,24,24,24,24,24,24,24,24,24,24,24,24,25,24,25,25,811,8110,-857.4894,-857.945,232.168,-312.683,0.260945,-0.2454007,1.175372,-0.3911341,2.247436E-05,0.7739463,0.2628151,0.8082213,-6.902839E-05,-0.8908178,0.8421419,0.678167,24,24,24,24,24,24,24,24,24,24,24,24,24,24,24,24
812,8120,-940.67,-912.3389,-931.6566,-914.2014,-877.0984,-880.5211,-819.9623,-286.2619,128.9455,239.7407,-112.7506,-657.3615,-978.6417,-928.6644,-918.2056,-877.7141,24,24,24,24,24,24,24,24,24,24,24,24,25,24,25,25,812,8120,-912.6771,-939.9228,234.2632,-314.6195,-0.789619,0.245481,-1.044815,-1.043019,0.7765581,-0.1274449,-0.3941649,-0.1347257,-1.151901,-0.2226358,0.1195812,1.926374E-05,24,24,24,24,24,24,24,24,24,24,24,24,24,24,24,24
813,8130,-926.0023,-899.6506,-895.2368,-959.2357,-967.2708,-893.4772,-808.8679,-281.4972,118.1692,243.1866,-122.0073,-705.3751,-1020.777,-919.3562,-933.4671,-929.2801,24,24,24,24,24,24,24,24,24,24,24,24,25,25,25,25,813,8130,-904.0833,-919.264,232.0371,-318.7506,1.442829,0.1227582,0.1305776,0.1303738,0.5177129,0.001325184,0.5256046,-0.5388469,0.2558914,-0.5567268,-0.3621261,0.1130428,24,24,24,24,24,24,24,24,24,24,24,24,24,24,24,24
814,8140,-911.2141,-902.1883,-862.2622,-861.7425,-889.5319,-903.3486,-807.21,-261.5606,127.4591,237.4023,-99.34012,-680.303,-996.0195,-832.3848,-852.7476,-902.0513,24,24,24,24,24,24,24,24,24,24,24,24,25,25,25,25,814,8140,-908.783,-904.658,226.9301,-319.0088,-1.052261,-0.3681204,0.3917762,0.1303738,-0.1293993,-0.2562149,-1.182537,-0.8082598,-0.8959403,-0.5567268,0.3604349,-0.6781285,24,24,24,24,24,24,24,24,24,24,24,24,24,24,24,24
815,8150,-888.3705,-896.2672,-902.4961,-869.5322,-864.7858,-904.9527,-824.9357,-280.8703,130.1842,240.9714,-97.08527,-638.5798,-942.5771,-868.1913,-862.5246,-849.4009,24,24,24,24,24,24,24,24,24,24,24,24,25,25,25,24,815,8150,-895.0868,-888.4729,225.6207,-323.5272,0.3922651,0.3682006,-0.2612195,-0.6518881,2.247436E-05,-0.900066,0.1314172,0.9429294,-0.5119964,0.5569098,0.1196326,-1.017206,24,24,24,24,24,24,24,24,24,24,24,24,24,24,24,24
816,8160,-865.7675,-858.565,-846.5131,-861.0122,-871.9078,-850.4136,-784.6386,-264.6953,120.7704,238.633,-100.4082,-682.824,-997.8049,-858.8817,-873.7323,-893.4972,24,24,24,24,24,24,24,24,24,24,24,24,25,25,25,24,816,8160,-882.1962,-899.3945,223.7874,-317.3306,-0.001696814,0.8590792,-2.086905E-05,0.1303738,-0.6470898,-1.286376,-0.5255597,-0.5388469,0.5118551,-0.2226358,-1.325488,-0.4520749,24,24,24,24,24,24,24,24,24,24,24,24,24,24,24,24
817,8170,-871.6588,-878.262,-870.8749,-829.0013,-833.7627,-886.4439,-819.8348,-272.2185,131.5467,241.4636,-84.03083,-636.8151,-983.0457,-868.788,-850.6014,-859.5213,24,24,24,24,24,24,24,24,24,24,24,24,25,25,25,24,817,8170,-941.2778,-910.4476,230.8586,-313.0703,0.1296241,-0.1226811,0.5223764,-1.56453,0.2588677,0.3876353,0.3942099,0.4041018,-0.1280525,-0.6680905,0.4809132,0.2260728,24,24,24,24,24,24,24,24,24,24,24,24,24,24,24,24
818,8180,-885.2445,-862.462,-891.4225,-912.2539,-874.2014,-859.5446,-815.244,-307.327,109.4986,234.4487,-113.1066,-655.5968,-974.8329,-979.0721,-971.6212,-941.3282,24,24,24,24,24,24,24,24,24,24,24,24,25,25,25,24,818,8180,-933.8927,-902.2894,230.8586,-315.6523,-0.264337,0.3682006,-0.391818,-0.2607571,0.6471363,-0.2562149,-0.262767,-0.5388469,-0.3840145,0.4455462,0.4809132,-0.2260246,24,24,24,24,24,24,24,24,24,24,24,24,24,24,24,24
819,8190,-995.0135,-982.9606,-927.227,-955.8278,-990.2062,-964.0573,-833.4796,-275.7294,119.1601,236.91,-111.8012,-711.9238,-1037.917,-901.7302,-936.4479,-958.075,24,24,24,24,24,24,24,24,24,24,24,24,25,25,25,24,819,8190,-928.1188,-929.7907,229.2872,-316.1687,0.3922651,-0.1226811,-2.086905E-05,0.6518816,2.247436E-05,0.3876353,-0.3941649,-1.926374E-05,0.1279112,0.3341825,-0.0007938265,0.1130492,24,24,24,24,24,24,24,24,24,24,24,24,24,24,24,24
820,8200,-945.2389,-961.8099,-908.402,-882.1904,-946.8704,-998.4835,-852.0979,-266.0746,134.7672,245.4019,-86.64172,-685.345,-1047.558,-870.8171,-876.8323,-917.5934,24,24,24,24,24,24,24,24,24,24,24,24,25,25,25,24,820,8200,-873.0654,-869.6561,227.4539,-314.6195,-0.3956579,0.1227582,-2.086905E-05,-0.2607571,-0.2588227,0.001325184,-1.576724,-0.1347257,0.7678172,-0.8908178,0.1196326,-0.1130011,24,24,24,24,24,24,24,24,24,24,24,24,24,24,24,24
821,8210,-912.6567,-900.6542,-913.0775,-886.5722,-864.0615,-897.179,-808.6128,-265.9492,137.1207,243.1866,-96.37321,-634.9243,-923.7709,-821.2847,-824.9667,-810.7264,24,24,24,24,24,24,24,24,24,24,24,24,25,25,25,24,821,8210,-927.9845,-910.316,230.5967,-316.8142,-0.1329655,1.104522,-0.1306194,0.6518816,0.2588677,-0.1274449,-0.262767,0.1346872,-7.06337E-05,0.4455462,-0.6029276,-0.5650985,24,24,24,24,24,24,24,24,24,24,24,24,24,24,24,24
822,8220,-814.3096,-817.2599,-803.6953,-809.6486,-829.0549,-826.8458,-762.5773,-243.3794,132.7854,239.9868,-89.01525,-659.1263,-965.4299,-811.2589,-823.7744,-856.8707,24,24,24,24,24,24,24,24,24,24,24,24,25,25,25,24,822,8220,-858.2951,-880.7092,227.5849,-317.3306,-0.3956065,-0.2454521,0.3917762,-0.782265,-0.3882445,0.001325184,0.5256046,-0.5388469,0.2558914,-0.4453631,-1.325488,-0.5650985,24,24,24,24,24,24,24,24,24,24,24,24,24,24,24,24
823,8230,-858.3134,-860.1656,-870.9979,-842.1464,-839.4362,-892.9837,-820.5999,-269.2093,134.8911,240.8483,-91.98216,-647.2773,-982.3315,-877.2622,-853.463,-840.1239,24,24,24,24,24,24,24,24,24,24,24,24,25,25,25,24,823,8230,-837.4822,-843.9969,232.9537,-309.843,0.1296754,0.1227068,-0.6529636,-0.6518881,0.5177129,-0.1274449,0.2628151,0.6735148,-0.5119964,0.5569098,0.2400595,0.7911969,24,24,24,24,24,24,24,24,24,24,24,24,24,24,24,24
824,8240,-862.7618,-854.3643,-868.6601,-888.6412,-861.0438,-823.761,-772.3965,-277.6102,118.5408,235.4332,-119.0404,-677.7819,-964.5967,-902.5656,-930.248,-933.7377,24,24,24,24,24,24,24,24,24,24,24,24,25,25,25,24,824,8240,-888.3729,-882.8147,238.1916,-313.7159,0.5236365,-0.2454521,-0.1305664,-0.1303834,0.1294459,-0.1274449,0.5256046,-0.1347257,-0.6399782,-0.1112722,-0.2416475,-0.4520749,24,24,24,24,24,24,24,24,24,24,24,24,24,24,24,24
825,8250,-915.5423,-964.5896,-899.5432,-874.4006,-910.5359,-943.2041,-823.0228,-260.1813,129.6888,238.2638,-94.59306,-678.9164,-1029.347,-860.6719,-870.8708,-922.2921,24,24,24,24,24,24,24,24,24,24,24,24,25,25,25,24,825,8250,-865.4117,-890.7098,234.656,-313.8449,-0.3956065,-0.613611,0.5224293,0.3911245,-0.5176647,0.2588653,-0.1313723,-0.4041404,0.6398354,0.1114552,0.1196326,0.1130492,24,24,24,24,24,24,24,24,24,24,24,24,24,24,24,24
826,8260,-934.4181,-924.4637,-968.8145,-926.1293,-899.3096,-965.9081,-873.5217,-296.6691,131.299,241.9558,-102.1884,-663.412,-1025.538,-961.6464,-936.3287,-915.4247,24,24,24,24,24,24,24,24,24,24,24,24,25,25,25,24,826,8260,-872.7968,-883.3411,230.9895,-318.3633,-0.001645444,0.1227068,-0.1305664,-0.6518912,-0.1293977,-1.672635,-0.3941649,-1.926374E-05,0.1279112,0.2228188,-0.362074,-1.356273,24,24,24,24,24,24,24,24,24,24,24,24,24,24,24,24
827,8270,-963.2732,-945.2519,-937.0701,-931.2413,-895.0846,-880.7679,-811.9283,-276.9833,128.4501,240.479,-105.7487,-664.1683,-973.9997,-874.5172,-888.8747,-884.702,24,24,24,24,24,24,24,24,24,24,24,24,25,25,25,24,827,8270,-935.7725,-907.5527,227.5849,-315.6523,0.6549574,1.22719,-0.1305664,0.1303705,-0.6470882,-0.7712442,0.1314172,0.5388083,0.6398354,-0.2226358,-0.6029276,0.4521231,24,24,24,24,24,24,24,24,24,24,24,24,24,24,24,24
828,8280,-884.8839,-882.1624,-863.9847,-885.2333,-919.4686,-908.0375,-815.6265,-272.5947,121.6375,241.9558,-92.10085,-682.6979,-1016.849,-848.7364,-881.4824,-943.2558,24,24,24,24,24,24,24,24,24,24,24,24,25,25,25,24,828,8280,-912.4084,-893.8679,229.5491,-312.1667,-0.3956065,0.2454296,1.175425,-0.9126452,-0.2588211,0.001376554,-0.1313723,-0.5388469,-0.5119964,-1.113547,-0.2416475,0.4521231,24,24,24,24,24,24,24,24,24,24,24,24,24,24,24,24
829,8290,-912.8972,-939.934,-916.1535,-861.3773,-874.3221,-944.3146,-847.507,-276.6071,132.0422,240.8482,-97.55998,-663.7902,-1010.303,-888.243,-875.7592,-876.8708,24,24,24,24,24,24,24,24,24,24,24,24,25,24,25,24,829,8290,-871.5884,-875.4459,234.2632,-312.554,-0.6582475,0.1227068,-0.5223635,-0.1303834,2.407967E-05,-1.157555,0.2628151,0.5388083,-0.6399782,0.4455462,0.4809132,-0.3390514,24,24,24,24,24,24,24,24,24,24,24,24,24,24,24,24
830,8300,-865.4069,-865.1209,-879.3646,-869.1669,-842.9369,-846.5885,-786.5514,-268.3315,128.4501,235.5562,-108.2409,-655.2186,-943.7672,-836.7768,-843.9245,-840.9672,24,24,24,24,24,24,24,24,24,24,24,24,25,24,25,24,830,8300,-884.7474,-893.9995,237.2749,-308.9393,-0.1329655,-1.349932,0.3918308,0.2607475,-0.1293977,0.2589166,-0.1313723,-1.077674,0.3838733,0.3341279,-0.6029276,-0.2260246,24,24,24,24,24,24,24,24,24,24,24,24,24,24,24,24
831,8310,-832.2237,-839.4984,-825.4733,-819.9943,-846.9204,-873.7346,-789.2294,-257.799,127.583,237.4023,-94.71173,-657.2355,-956.2649,-812.5519,-826.0399,-873.1358,24,24,24,24,24,24,24,24,24,24,24,24,25,24,25,24,831,8310,-913.2141,-885.1832,239.632,-312.683,-0.7895676,-0.2454521,0.2612307,-6.421245E-06,2.407967E-05,-0.2561635,-1.182537,0.1346872,0.1279112,0.1114006,0.2400595,2.568498E-05,24,24,24,24,24,24,24,24,24,24,24,24,24,24,24,24
832,8320,-867.571,-900.775,-911.6011,-867.7064,-888.5662,-973.1882,-864.7226,-283.1273,128.574,234.9409,-95.66116,-674.5046,-1048.391,-916.9695,-896.0286,-918.9185,24,24,24,24,24,24,24,24,24,24,24,24,25,24,25,24,832,8320,-934.9668,-932.4225,234.3941,-317.976,0.6549574,0.4908689,3.210623E-05,0.6518784,-0.1293977,-1.286325,0.1314172,-1.926374E-05,-0.5119964,0.6682189,-0.1212207,-0.9041788,24,24,24,24,24,24,24,24,24,24,24,24,24,24,24,24
833,8330,-971.2083,-962.0515,-988.5007,-956.9232,-911.2601,-934.1965,-855.6685,-301.4338,122.8761,237.1561,-93.64365,-645.3866,-1009.231,-954.9179,-916.5363,-875.9069,24,24,24,24,24,24,24,24,24,24,24,24,25,24,25,24,833,8330,-870.7828,-897.2891,225.4897,-321.0743,-0.6582475,-0.7363338,1.044827,-0.1303834,-0.388243,0.2589166,0.3942099,-0.9429679,-0.1280525,-0.4454177,-0.0007938265,0.4521167,24,24,24,24,24,24,24,24,24,24,24,24,24,24,24,24
834,8340,-948.6052,-928.1688,-953.3115,-969.7032,-911.9844,-883.7293,-820.2173,-292.9075,118.417,236.1716,-114.4121,-669.2104,-966.025,-884.8686,-907.7132,-908.5572,24,24,24,24,24,24,24,24,24,24,24,24,25,24,25,24,834,8340,-881.7935,-916.6321,223.2637,-320.0415,-0.1329655,0.8590278,0.2612307,-0.5215143,0.2588693,0.7739968,-0.5255597,0.5388083,-0.8959403,-0.2226904,-0.4825008,-0.3390546,24,24,24,24,24,24,24,24,24,24,24,24,24,24,24,24
835,8350,-894.8628,-897.7172,-869.3984,-855.1698,-883.3755,-912.3561,-817.7944,-262.6891,130.3081,235.0639,-105.8673,-679.4206,-1002.685,-858.257,-860.3785,-897.473,24,24,24,24,24,24,24,24,24,24,24,24,25,24,25,24,835,8350,-925.0305,-912.4214,228.3706,-312.8122,0.3923164,-0.3681718,-1.305959,-0.2607604,2.407967E-05,-1.286325,-0.1313723,-0.5388469,-0.8959403,3.692216E-05,0.4809132,-0.1130075,24,24,24,24,24,24,24,24,24,24,24,24,24,24,24,24
836,8360,-884.5233,-903.88,-941.6227,-903.8555,-872.7527,-955.5433,-863.3198,-288.6443,137.6162,248.7247,-89.13393,-655.3447,-1016.135,-933.7957,-902.4671,-883.9792,24,24,24,24,24,24,24,24,24,24,24,24,25,24,25,24,836,8360,-926.7761,-911.895,237.7987,-314.2322,0.1296754,-0.4908914,3.210623E-05,1.303763,-0.1293977,0.001376554,-0.7883492,-0.5388469,0.3838733,-0.2226904,0.3604863,0.678167,24,24,24,24,24,24,24,24,24,24,24,24,24,24,24,24
837,8370,-909.05,-893.0043,-913.5697,-932.702,-899.7924,-855.4727,-800.4514,-288.0174,112.7191,233.8332,-111.6825,-672.6138,-980.0702,-909.9288,-927.2672,-904.3403,24,24,24,24,24,24,24,24,24,24,24,24,25,24,25,24,837,8370,-857.8923,-868.6034,240.5486,-316.8141,-0.5269274,-0.4908914,-0.2611665,-0.1303834,-0.1293977,-1.543865,-0.262767,0.6735148,0.5118551,3.692216E-05,-0.4825008,-0.4520814,24,24,24,24,24,24,24,24,24,24,24,24,24,24,24,24
838,8380,-917.8266,-923.8186,-899.2971,-919.6785,-941.3176,-908.1608,-805.0422,-266.8269,122.7523,240.7251,-100.7642,-687.4879,-1005.065,-846.3236,-869.3207,-915.7862,24,24,24,24,24,24,24,24,24,24,24,24,25,24,25,24,838,8380,-847.6873,-859.7872,232.4299,-327.1418,0.1296754,0.4908689,-0.2611665,0.7822554,-0.388243,0.001376554,0.2628151,-0.4041404,0.2558914,-0.1113267,-0.4825008,-0.4520814,24,24,24,24,24,24,24,24,24,24,24,24,24,24,24,24
839,8390,-894.983,-925.1479,-901.8809,-858.0911,-902.0859,-992.0671,-859.2391,-277.7356,127.583,234.8178,-90.7954,-668.202,-1031.608,-883.0786,-867.4131,-877.3527,24,24,24,24,24,24,24,24,24,24,24,24,25,24,25,24,839,8390,-911.0657,-896.7628,223.6565,-329.982,0.5236365,-0.2454521,0.2612307,-0.9126452,0.6471379,0.001376554,2.247436E-05,0.1346872,0.6398354,-0.4454177,0.60134,0.3390931,24,24,24,24,24,24,24,24,24,24,24,24,24,24,24,24
840,8400,-898.109,-881.8871,-917.876,-908.6025,-861.4059,-860.4084,-802.1091,-276.8578,128.8217,239.0022,-110.377,-656.3531,-964.1206,-900.9787,-895.9093,-865.6659,24,24,24,24,24,24,24,24,24,24,24,24,25,24,25,24,840,8400,-875.214,-894.9205,216.9783,-331.7893,-0.1329655,0.2454296,-0.6529636,-0.1303866,0.5177145,-0.2561635,0.1314172,-0.2694322,-0.7679585,0.2227642,0.3604863,-0.9041788,24,24,24,24,24,24,24,24,24,24,24,24,24,24,24,24
841,8410,-884.2827,-868.2322,-853.8954,-900.5693,-923.5728,-882.989,-795.0954,-269.0838,122.2568,239.6175,-106.4607,-686.7316,-991.9726,-851.0969,-872.6593,-888.4368,24,24,24,24,24,24,24,24,24,24,24,24,25,24,25,24,841,8410,-873.8712,-869.9193,223.5256,-319.9124,-0.001645444,-1.227212,-0.391765,-9.631868E-06,-1.035355,-0.1273935,-1.576724,-1.926374E-05,-0.3840145,3.692216E-05,0.3604863,0.3390931,24,24,24,24,24,24,24,24,24,24,24,24,24,24,24,24
842,8420,-866.4889,-872.8242,-856.8484,-831.8007,-854.6459,-901.2509,-820.2173,-267.203,129.9365,239.4945,-78.92775,-652.4455,-1009.469,-869.8325,-848.2169,-854.9431,24,24,24,24,24,24,24,24,24,24,24,24,25,24,25,24,842,8420,-880.7192,-878.2092,233.2156,-324.8181,-1.314849,0.1227068,0.2612307,0.2607443,0.9059832,-0.7712442,2.247436E-05,-1.926374E-05,-1.151902,3.692216E-05,0.2400595,-1.356279,24,24,24,24,24,24,24,24,24,24,24,24,24,24,24,24
843,8430,-883.4412,-869.6823,-880.595,-867.5847,-837.2633,-840.5423,-796.2431,-279.3656,127.0876,241.3406,-93.76233,-637.0671,-939.4824,-861.2403,-869.44,-860.4852,24,24,24,24,24,24,24,24,24,24,24,24,25,24,25,24,843,8430,-882.8677,-880.0514,233.0846,-326.4964,0.2609963,0.9817506,-1.305959,-0.1303866,-0.5176647,-1.286325,-0.3941681,0.1346872,-0.5119964,0.1114006,-0.4825008,-0.1130075,24,24,24,24,24,24,24,24,24,24,24,24,24,24,24,24
844,8440,-869.7351,-874.6367,-855.618,-853.4659,-879.5128,-887.8012,-801.2165,-259.3036,128.574,240.1099,-101.3576,-682.0677,-996.7336,-847.5169,-862.8823,-908.9186,24,24,24,24,24,24,24,24,24,24,24,24,25,24,25,24,844,8440,-1011.773,-1002.294,226.2754,-329.0783,0.2609963,-0.4908914,1.306025,-0.1303866,-0.1293977,0.3876867,0.6569961,-0.2694306,0.1279112,-0.6681451,-0.2416475,-0.3390546,24,24,24,24,24,24,24,24,24,24,24,24,24,24,24,24
845,8450,-898.8304,-911.2513,-903.6035,-869.8973,-878.6676,-933.0859,-835.6475,-271.2154,134.6434,241.4636,-90.67673,-654.9666,-984.9501,-856.9443,-837.486,-835.6661,24,24,24,24,24,24,24,24,24,24,24,24,25,24,25,24,845,8450,-898.8467,-941.1071,219.2043,-333.8549,0.1296754,0.3681493,0.1306322,-0.5215175,-0.2588211,-0.3849336,-0.7883556,-0.1347242,-1.023919,0.1114006,0.2400595,0.1130428,24,24,24,24,24,24,24,24,24,24,24,24,24,24,24,24
846,8460,-855.0671,-853.248,-881.4564,-890.8322,-864.1821,-881.5082,-828.1237,-296.1675,121.6375,242.079,-92.45689,-624.9662,-956.027,-932.8411,-908.1901,-857.4732,24,24,24,24,24,24,24,24,24,24,24,24,25,24,25,24,846,8460,-875.3482,-873.8669,218.2877,-325.3345,0.7862783,-1.104493,-0.1305664,0.9126291,0.7765597,-0.1273935,0.2628087,-1.212379,0.2558947,0.1114006,0.1196326,0.678167,24,24,24,24,24,24,24,24,24,24,24,24,24,24,24,24
847,8470,-900.6339,-891.3126,-897.8206,-949.9854,-933.8334,-859.4212,-789.2294,-271.4662,121.7613,240.7252,-115.1241,-693.5369,-991.0204,-878.6632,-904.9711,-912.4127,24,24,24,24,24,24,24,24,24,24,24,24,25,24,25,24,847,8470,-960.2109,-941.6334,230.4657,-324.0435,-0.6582475,-0.4908914,-0.391765,-9.631868E-06,-1.164779,-0.7712442,-1.313938,-0.4041371,0.2558947,-0.7795087,-0.7233545,-0.5651049,24,24,24,24,24,24,24,24,24,24,24,24,24,24,24,24
848,8480,-891.9775,-895.5421,-866.9377,-873.6705,-907.3972,-914.207,-814.9889,-268.3315,123.7432,237.5254,-94.59306,-680.8072,-1006.375,-839.1635,-855.8477,-888.1958,24,24,24,24,24,24,24,24,24,24,24,24,25,24,25,24,848,8480,-953.2285,-951.8972,236.8821,-321.978,0.1296754,0.2454296,1.044827,1.173383,0.6471379,-0.5137036,0.131414,0.2693969,0.3838765,3.692216E-05,0.3604863,-0.2260311,24,24,24,24,24,24,24,24,24,24,24,24,24,24,24,24
849,8490,-863.2427,-872.5824,-893.7603,-848.3539,-847.5239,-899.7702,-815.499,-264.3191,136.9968,244.5404,-84.62422,-641.7311,-980.6652,-861.837,-841.7784,-825.4251,24,24,24,24,24,24,24,24,24,24,24,24,25,24,25,24,849,8490,-906.0974,-926.1063,237.9297,-328.4328,0.6549574,0.3681493,-0.5223635,-1.173402,-1.164779,0.2589166,0.3942035,-0.4041371,0.1279128,-0.4454177,-0.8437814,-0.1130075,24,24,24,24,24,24,24,24,24,24,24,24,24,24,24,24
850,8500,-825.6111,-836.4769,-871.244,-890.8322,-866.9586,-870.6498,-823.2778,-296.6691,122.1329,238.51,-102.9004,-649.9245,-977.6895,-928.9029,-911.7672,-874.702,24,24,24,24,24,24,24,24,24,24,24,24,25,24,25,24,850,8500,-929.1929,-931.7644,227.5849,-335.404,-0.1329655,-0.3681718,-0.1305664,-0.5215175,0.5177145,0.7739968,-0.2627734,0.4041034,-0.3840129,-0.7795087,0.3604863,0.5651435,24,24,24,24,24,24,24,24,24,24,24,24,24,24,24,24
851,8510,-924.4391,-908.0266,-901.3887,-926.2512,-922.3655,-879.2872,-795.0954,-276.4817,120.2749,242.4482,-95.89851,-669.8407,-976.8564,-873.1738,-904.9711,-924.4608,24,24,24,24,24,24,24,24,24,24,24,24,25,24,25,24,851,8510,-919.6593,-914.7899,220.5137,-331.1438,0.2609963,-1.284249E-05,-0.1305664,0.7822522,0.7765597,-0.5137036,0.5255982,-0.9429647,-0.7679569,0.1114006,-0.6029276,-0.2260311,24,24,24,24,24,24,24,24,24,24,24,24,24,24,24,24
852,8520,-935.861,-945.7353,-888.4696,-901.7866,-964.4943,-973.9286,-843.0438,-275.4786,124.3625,241.4636,-86.76041,-681.3114,-1019.467,-849.7842,-871.8247,-917.3524,24,24,24,24,24,24,24,24,24,24,24,24,25,24,25,24,852,8520,-899.2493,-912.1584,221.2994,-329.0783,-0.2642856,-0.9817731,0.2612307,0.7822522,-0.5176647,0.1301466,-0.7883556,-0.1347242,-0.2560311,-0.2226904,-0.6029276,-0.1130075,24,24,24,24,24,24,24,24,24,24,24,24,24,24,24,24
853,8530,-901.3552,-929.0565,-928.5805,-875.983,-869.0107,-932.2222,-849.6749,-285.2588,130.5558,238.2638,-92.57556,-653.8321,-1015.183,-904.3201,-876.2361,-879.2803,24,24,24,24,24,24,24,24,24,24,24,24,25,24,25,24,853,8530,-891.1927,-905.5789,226.9301,-325.2054,1.180188,0.8590278,-0.5223635,-0.2607636,0.5177145,-1.157555,-0.3941681,0.2693969,-0.2560311,-0.1113267,-0.2416475,-0.7911552,24,24,24,24,24,24,24,24,24,24,24,24,24,24,24,24
854,8540,-922.0347,-893.765,-955.5261,-929.6591,-853.801,-883.4825,-837.9429,-302.3115,130.0603,244.1712,-100.6456,-638.7059,-989.8303,-968.1639,-928.2211,-875.5455,24,24,24,24,24,24,24,24,24,24,24,24,25,24,25,24,854,8540,-929.8644,-919.9218,232.168,-324.3017,-0.1330169,0.4909203,-0.391765,-9.631868E-06,-0.6470882,-0.2561635,0.7883909,0.1346904,-0.2560311,0.6682189,-0.9642078,0.2260696,24,24,24,24,24,24,24,24,24,24,24,24,24,24,24,24
855,8550,-931.653,-904.8843,-901.3887,-917.9745,-905.8281,-889.282,-813.8411,-284.8826,119.284,237.2793,-118.2097,-679.2946,-976.3804,-906.7068,-924.6441,-923.3764,24,24,24,24,24,24,24,24,24,24,24,24,25,24,25,24,855,8550,-889.0443,-881.7619,236.7511,-322.8817,-0.3956579,-0.6135596,-0.2611665,-1.173402,-0.388243,0.3876867,0.5255982,0.5388099,-0.2560311,-0.3340541,0.3604863,0.678167,24,24,24,24,24,24,24,24,24,24,24,24,24,24,24,24
856,8560,-945.8399,-923.9803,-882.6866,-880.9733,-923.09,-912.9731,-804.9146,-259.8052,126.4682,240.6022,-101.3576,-696.4335,-1019.348,-838.3281,-863.3593,-895.9067,24,24,24,24,24,24,24,24,24,24,24,24,25,24,25,24,856,8560,-873.4683,-912.1584,233.3465,-327.9164,0.5235851,0.1227582,-1.175361,-0.3911405,0.7765597,0.3876867,0.2628087,0.2693969,-0.3840129,0.2227642,0.4809132,-0.1130075,24,24,24,24,24,24,24,24,24,24,24,24,24,24,24,24
857,8570,-889.0919,-896.9074,-889.7,-862.9596,-868.045,-911.986,-828.2511,-277.4848,128.9455,234.5717,-94.83041,-667.3196,-1014.706,-874.2479,-863.2401,-890.244,24,24,24,24,24,24,24,24,24,24,24,24,25,24,25,24,857,8570,-896.2952,-882.5516,222.4779,-334.6294,-0.1330169,-1.227161,-0.391765,0.1303673,-0.905935,-0.1273935,0.2628087,-0.4041371,-0.5119932,3.692216E-05,-0.6029276,-0.2260311,24,24,24,24,24,24,24,24,24,24,24,24,24,24,24,24
858,8580,-898.109,-887.722,-907.9099,-874.1573,-832.9177,-858.3107,-813.4585,-289.522,122.5045,238.0176,-97.32262,-635.9327,-938.173,-866.4911,-862.4054,-842.172,24,24,24,24,24,24,24,24,24,24,24,24,25,24,25,24,858,8580,-990.0202,-960.3185,218.0258,-331.1438,-0.3956579,-0.3681204,0.7836279,-0.1303866,-0.2588227,0.2589166,-0.7883556,0.4041034,0.2558947,3.692216E-05,0.1196326,-0.1130075,24,24,24,24,24,24,24,24,24,24,24,24,24,24,24,24
859,8590,-862.1607,-854.606,-843.5601,-867.8281,-886.8762,-860.5317,-789.8669,-266.0746,121.5136,239.2483,-103.9685,-684.2106,-983.0457,-850.6196,-879.8132,-911.4487,24,24,24,24,24,24,24,24,24,24,24,24,25,24,25,24,859,8590,-888.2386,-897.4207,223.9184,-325.7218,-0.264337,0.245481,-0.391765,-9.631868E-06,-0.5176663,-0.7712442,0.6569961,-0.2694306,-0.5119932,0.1114006,-0.8437814,-0.6781285,24,24,24,24,24,24,24,24,24,24,24,24,24,24,24,24
860,8600,-856.1492,-875.7568,-885.5167,-843.2419,-858.7502,-919.6363,-843.8089,-291.0267,118.9124,232.8487,-92.8129,-648.79,-976.7373,-861.3597,-849.7669,-847.9551,24,24,24,24,24,24,24,24,24,24,24,24,25,24,25,24,860,8600,-857.3552,-861.8925,227.7158,-324.0435,0.3922651,0.1227582,0.1306322,-0.5215175,-0.5176663,-0.6424745,-0.2627734,-0.4041404,0.8958007,3.692216E-05,0.1196326,0.678167,24,24,24,24,24,24,24,24,24,24,24,24,24,24,24,24
861,8610,-841.6016,-838.7732,-854.3876,-855.535,-848.7311,-860.7785,-812.1833,-282.2495,122.1329,234.5717,-95.54247,-650.3027,-972.9285,-863.0304,-849.1708,-843.4973,24,24,24,24,24,24,24,24,24,24,24,24,25,24,25,24,861,8610,-883.0019,-871.1035,232.9537,-322.4944,-0.001696814,0.6136399,-0.2611665,-0.3911405,0.2588677,-0.1273935,-0.6569608,-1.926374E-05,-0.639975,-0.3340541,0.2400595,0.2260696,24,24,24,24,24,24,24,24,24,24,24,24,24,24,24,24
862,8620,-860.8382,-848.6838,-878.6263,-890.3452,-865.51,-862.0125,-813.5861,-288.2681,118.4169,229.6488,-118.2097,-674.6307,-992.5677,-904.3201,-891.8555,-867.955,24,24,24,24,24,24,24,24,24,24,24,24,25,24,25,24,862,8620,-884.8817,-891.7625,232.4299,-327.7874,0.917547,-0.7362825,-0.7835621,-0.1303866,0.1294459,0.1301466,0.3942035,-1.926374E-05,-0.639975,0.222761,0.7217665,-0.5651049,24,24,24,24,24,24,24,24,24,24,24,24,24,24,24,24
863,8630,-852.4221,-849.8924,-850.9425,-867.5847,-877.702,-877.1896,-800.5788,-271.9678,122.0091,233.341,-119.2778,-691.8996,-988.4017,-906.4681,-929.175,-917.2319,24,24,24,24,24,24,24,24,24,24,24,24,25,24,25,25,863,8630,-900.8607,-914.0005,231.5132,-329.5947,0.5235851,-1.718043,-0.5223635,0.3911213,-0.1293993,0.5164568,-0.5255661,-0.6735533,0.1279128,-0.3340573,-0.6029276,0.1130428,24,24,24,24,24,24,24,24,24,24,24,24,24,24,24,24
864,8640,-958.7043,-953.3495,-893.5142,-935.6231,-1004.812,-962.7,-833.2245,-275.7294,114.8248,233.0948,-120.4646,-735.3484,-1061.603,-885.5846,-918.3248,-972.4124,24,24,24,24,24,24,24,24,24,24,24,24,25,24,25,25,864,8640,-919.5251,-918.3429,227.9777,-329.2074,-0.6582989,3.852747E-05,0.1306322,-0.7822714,1.164827,-0.2561635,-0.7883556,-0.6735533,0.7678204,0.222761,0.1196326,-0.2260246,24,24,24,24,24,24,24,24,24,24,24,24,24,24,24,24
865,8650,-983.2311,-991.2999,-948.3898,-891.319,-921.8828,-1004.283,-872.6288,-280.2433,130.6797,237.4023,-101.4763,-671.7314,-1019.706,-896.9214,-880.1709,-885.3043,24,24,24,24,24,24,24,24,24,24,24,24,25,24,25,25,865,8650,-960.2108,-941.2387,227.323,-333.7258,0.1296241,0.245481,0.3918308,-0.1303866,-0.5176663,-1.028785,0.131414,0.2693937,-0.5119932,3.371154E-05,-0.9642078,-0.9041756,24,24,24,24,24,24,24,24,24,24,24,24,24,24,24,24
866,8660,-889.0919,-887.2042,-896.9592,-893.9968,-867.2,-876.0791,-826.7209,-299.6784,114.4532,230.5104,-115.2428,-660.891,-969.2387,-917.3275,-914.3903,-885.9067,24,24,24,24,24,24,24,24,24,24,24,24,25,24,25,25,866,8660,-914.9595,-921.2377,224.0493,-331.7893,0.260945,0.4909203,0.5224293,-1.043025,2.247436E-05,-0.3849336,0.131414,-0.4041404,0.5118567,3.371154E-05,-0.7233545,0.4521231,24,24,24,24,24,24,24,24,24,24,24,24,24,24,24,24
867,8670,-932.4946,-921.2811,-886.5009,-926.0077,-955.5616,-917.662,-812.1833,-277.6102,114.8248,237.0331,-125.449,-715.1982,-1020.063,-909.0934,-940.7404,-958.5571,24,24,24,24,24,24,24,24,24,24,24,24,25,24,25,25,867,8670,-890.5212,-913.0793,229.9419,-330.1111,0.3922651,0.3682006,0.2612307,-1.303779,0.5177129,0.2589166,-0.5255661,0.6735148,-0.2560311,-0.4454209,-0.2416475,2.568498E-05,24,24,24,24,24,24,24,24,24,24,24,24,24,24,24,24
868,8680,-961.2293,-969.3752,-929.5648,-920.6523,-960.9937,-977.3835,-841.6409,-268.9585,128.9455,236.7869,-117.0229,-719.9839,-1048.391,-870.3098,-881.9594,-935.6656,24,24,24,24,24,24,24,24,24,24,24,24,25,24,25,25,868,8680,-896.2952,-908.079,225.6207,-334.5003,0.260945,-0.6135596,-1.044761,-0.6518945,0.1294459,-0.6424745,0.2628087,-0.1347257,-0.1280493,3.371154E-05,0.4809132,-0.1130011,24,24,24,24,24,24,24,24,24,24,24,24,24,24,24,24
869,8690,-910.4926,-912.4597,-930.6721,-885.7201,-875.1671,-950.8543,-867.783,-300.1799,118.6647,232.2333,-98.98409,-672.3617,-1023.871,-933.915,-903.3018,-896.6295,24,24,24,24,24,24,24,24,24,24,24,24,25,24,25,25,869,8690,-954.8397,-951.3707,222.8708,-331.6602,0.654906,-0.8590021,0.1306322,-0.3911405,-0.7765115,0.001376554,-0.9197503,-0.5388469,0.7678204,0.779581,-0.362074,-0.1130011,24,24,24,24,24,24,24,24,24,24,24,24,24,24,24,24
870,8700,-952.9335,-957.533,-958.7252,-910.6717,-891.2218,-935.0602,-865.105,-318.7373,107.7645,234.2025,-118.2097,-668.076,-1009.945,-1013.988,-984.379,-911.9308,24,24,24,24,24,24,24,24,24,24,24,24,25,24,25,25,870,8700,-974.9813,-948.739,228.3705,-328.691,-0.789619,0.4909203,1.044827,-0.1303866,0.3882911,-0.5137036,-0.5255661,0.5388083,-0.2560311,3.371154E-05,0.60134,-1.243249,24,24,24,24,24,24,24,24,24,24,24,24,24,24,24,24
871,8710,-952.6931,-934.4525,-918.4913,-945.4821,-960.6315,-932.469,-837.8154,-288.6443,118.6647,239.6175,-100.8829,-685.3451,-1017.444,-889.8806,-905.5672,-914.4609,24,24,24,24,24,24,24,24,24,24,24,24,25,24,25,25,871,8710,-929.8643,-930.4486,225.7516,-336.5659,-0.1330169,0.4909203,-0.2611665,0.1303673,-0.2588227,-1.286325,0.131414,0.1346872,-0.1280493,0.3341247,-0.7233545,-0.2260246,24,24,24,24,24,24,24,24,24,24,24,24,24,24,24,24
872,8720,-893.0595,-903.155,-884.0401,-867.3412,-879.9954,-918.1555,-834.2448,-278.1118,124.9818,238.3868,-94.83041,-692.9072,-1042.677,-871.1451,-866.9362,-913.0151,24,24,24,24,24,24,24,24,24,24,24,24,25,24,25,25,872,8720,-905.4259,-948.8706,223.1327,-329.3365,-0.1330169,-0.1226811,0.1306322,-0.7822682,0.1294459,0.001376554,0.3942035,-1.926374E-05,-0.1280493,-0.8908756,0.1196326,-0.4520749,24,24,24,24,24,24,24,24,24,24,24,24,24,24,24,24
873,8730,-934.6587,-924.9063,-935.2245,-892.2928,-863.4578,-897.5491,-830.1641,-283.8795,130.0603,237.6484,-103.7312,-654.5884,-984.8311,-918.5208,-897.6979,-864.4611,24,24,24,24,24,24,24,24,24,24,24,24,25,24,25,25,873,8730,-962.0907,-960.9764,231.6442,-325.98,0.3922651,0.6136399,-0.1305664,-0.7822682,0.5177113,0.3876867,-0.2627734,0.5388083,-1.151901,-0.3340573,-0.2416475,-0.2260246,24,24,24,24,24,24,24,24,24,24,24,24,24,24,24,24
874,8740,-914.0994,-897.4756,-908.5251,-936.962,-913.4329,-883.2357,-816.7742,-289.7728,119.0363,236.6639,-120.8206,-684.7148,-1003.161,-933.0797,-930.248,-905.9067,24,24,24,24,24,24,24,24,24,24,24,24,25,24,25,25,874,8740,-953.3627,-952.9498,226.9301,-331.9184,0.1296241,-0.8590021,0.1306322,-0.2607604,-0.7765132,-1.028836,1.926374E-05,-0.8082598,0.2558947,0.3341247,0.2400595,0.2260728,24,24,24,24,24,24,24,24,24,24,24,24,24,24,24,24
875,8750,-909.5308,-908.9553,-870.3826,-871.723,-892.9117,-897.9193,-809.5054,-261.8114,132.4138,240.4791,-99.69614,-683.5804,-999.9473,-846.6815,-859.3054,-901.6899,24,24,24,24,24,24,24,24,24,24,24,24,25,24,25,25,875,8750,-855.8781,-879.9198,222.8708,-331.5311,-0.789619,-0.2454007,0.2612307,0.5215014,2.086905E-05,0.001325184,-0.3941649,0.2693937,0.1279128,-0.3340573,-0.362074,-0.5650985,24,24,24,24,24,24,24,24,24,24,24,24,24,24,24,24
876,8760,-885.9659,-905.5718,-904.5876,-859.795,-869.2521,-938.0216,-858.2189,-286.8889,126.7159,235.064,-100.8829,-676.5214,-1036.25,-919.8336,-894.9556,-894.0994,24,24,24,24,24,24,24,24,24,24,24,24,25,24,25,25,876,8760,-908.5143,-900.4471,225.6207,-331.2729,-0.9209399,-0.1226811,-0.391765,-0.7822682,-0.2588243,-1.286376,-0.1313723,0.1346872,-6.902839E-05,0.3341247,0.3604863,-0.6781253,24,24,24,24,24,24,24,24,24,24,24,24,24,24,24,24
877,8770,-898.59,-901.3424,-932.0256,-925.5207,-880.1162,-866.9479,-818.5595,-291.779,120.2749,235.4332,-119.3965,-676.7735,-981.6174,-929.3804,-939.6672,-911.0873,24,24,24,24,24,24,24,24,24,24,24,24,25,24,25,25,877,8770,-935.9068,-919.5271,226.0135,-329.4656,0.917547,0.8590792,-0.2611665,0.3911245,-0.6470914,-0.6425259,0.1314172,0.4041018,-0.5119932,-0.2226936,-0.0007938265,2.568498E-05,24,24,24,24,24,24,24,24,24,24,24,24,24,24,24,24
878,8780,-942.8341,-939.2862,-913.4465,-956.6797,-987.4297,-966.8952,-848.9098,-297.296,112.4714,236.1716,-121.5326,-711.546,-1033.75,-928.4256,-953.7366,-962.2919,24,24,24,24,24,24,24,24,24,24,24,24,25,24,25,25,878,8780,-944.7689,-951.3707,225.4897,-333.3385,-0.1330169,-0.9817218,0.5224293,-0.7822682,-0.3882461,-0.2562149,-0.5255597,-1.926374E-05,-0.2560311,-0.5567814,-0.4825008,0.5651466,24,24,24,24,24,24,24,24,24,24,24,24,24,24,24,24
879,8790,-938.9869,-939.407,-907.9099,-875.983,-891.9461,-925.9292,-826.7209,-263.8176,132.6615,239.7407,-99.9335,-679.7987,-1022.8,-880.4532,-877.9055,-897.3524,24,24,24,24,24,24,24,24,24,24,24,24,25,24,25,24,879,8790,-933.087,-934.3962,225.7516,-329.5947,0.3922651,0.245481,0.1306322,0.9126323,0.7765566,0.1300952,0.2628151,-0.4041404,-0.3840129,0.1114006,-0.3621257,-0.5650985,24,24,24,24,24,24,24,24,24,24,24,24,24,24,24,24
880,8800,-907.4869,-899.7715,-914.8,-891.4407,-864.9064,-880.3976,-812.821,-277.9864,126.7159,237.1562,-106.5794,-658.496,-967.9294,-870.1904,-864.79,-841.3286,24,24,24,24,24,24,24,24,24,24,24,24,25,24,25,24,880,8800,-874.0054,-873.3405,226.9301,-328.1746,0.5235851,-1.595323,-0.391765,0.3911245,-0.1294009,0.3876353,-0.7883492,-0.5388469,0.1279128,-0.4454177,-0.4825526,-0.4521263,24,24,24,24,24,24,24,24,24,24,24,24,24,24,24,24
881,8810,-852.302,-849.3812,-842.6989,-866.1241,-878.4261,-861.8889,-795.3505,-270.9647,122.5045,235.4332,-106.8167,-678.5382,-981.2603,-856.4669,-867.1746,-877.3527,24,24,24,24,24,24,24,24,24,24,24,24,25,24,25,24,881,8810,-971.8929,-952.0286,224.3112,-337.2114,-1.052261,-0.49084,-0.2611665,0.2607475,0.2588661,-0.6425259,-0.6569544,0.4041018,0.7678204,0.2227642,0.1195812,-2.568498E-05,24,24,24,24,24,24,24,24,24,24,24,24,24,24,24,24
882,8820,-861.1989,-870.4074,-855.7411,-855.9001,-885.5483,-924.2017,-827.3585,-273.2216,123.6193,232.3565,-102.1884,-688.2442,-1028.99,-882.2433,-878.1439,-916.5091,24,24,24,24,24,24,24,24,24,24,24,24,25,24,25,24,882,8820,-906.7687,-915.1847,219.4662,-335.5331,0.1296241,-0.1226811,3.210623E-05,-0.2607604,-0.2588243,-1.415146,-0.1313723,-0.5388469,-0.639975,0.7795826,-0.2416989,-1.017251,24,24,24,24,24,24,24,24,24,24,24,24,24,24,24,24
883,8830,-923.2369,-907.5052,-936.578,-908.9677,-913.6744,-987.2549,-881.6829,-299.6784,126.8398,239.3714,-105.8673,-671.2272,-1027.085,-937.3757,-908.0709,-880.0031,24,24,24,24,24,24,24,24,24,24,24,24,25,24,25,24,883,8830,-924.359,-958.2132,221.4304,-329.982,0.1296241,-0.2454007,0.1306322,0.1303705,-1.164782,0.2588653,0.1314172,0.8082213,0.3838765,-0.4454177,-1.084686,0.1129979,24,24,24,24,24,24,24,24,24,24,24,24,24,24,24,24
884,8840,-916.8649,-903.0342,-917.3839,-928.9288,-895.809,-877.4363,-826.976,-303.8162,114.3294,231.7411,-124.0248,-688.1181,-1017.801,-971.386,-950.6365,-914.7017,24,24,24,24,24,24,24,24,24,24,24,24,25,24,25,24,884,8840,-918.988,-894.2627,226.7992,-329.8529,0.654906,-0.3681204,0.3918308,-1.173399,-0.3882461,0.3876353,-0.5255597,-0.8082598,-0.2560311,-0.6681451,0.3604349,0.4520717,24,24,24,24,24,24,24,24,24,24,24,24,24,24,24,24
885,8850,-965.317,-946.0533,-939.9002,-972.5026,-953.9924,-894.2176,-818.3044,-290.3997,117.426,237.4023,-124.9743,-705.7528,-1003.28,-861.0016,-888.2785,-908.1958,24,24,24,24,24,24,24,24,24,24,24,24,25,24,25,24,885,8850,-952.8256,-929.6591,223.7874,-332.9512,0.3923164,-0.2454007,-0.391765,0.6518784,0.7765566,0.2588653,0.6569993,0.4041018,-0.3840129,0.1114006,-0.3621257,-0.904227,24,24,24,24,24,24,24,24,24,24,24,24,24,24,24,24
886,8860,-900.9946,-920.7977,-903.9727,-868.4368,-888.6868,-940.6127,-843.8089,-274.9771,129.1933,236.6639,-109.4276,-703.2341,-1043.63,-887.3746,-885.6556,-911.3283,24,24,24,24,24,24,24,24,24,24,24,24,25,24,25,24,886,8860,-951.7513,-942.0281,225.4897,-330.6275,-0.001645444,-1.104493,0.1306322,0.7822554,-1.035358,0.001325184,-0.1313723,-0.6735533,-6.902839E-05,-0.3340541,-1.084686,0.2260214,24,24,24,24,24,24,24,24,24,24,24,24,24,24,24,24
887,8870,-907.7274,-911.1306,-912.3392,-880.4865,-879.5128,-926.0525,-852.3529,-292.1551,120.7704,232.3565,-102.4257,-679.4206,-1025.062,-898.8307,-881.0054,-886.3886,24,24,24,24,24,24,24,24,24,24,24,24,25,24,25,24,887,8870,-950.14,-980.3195,227.8468,-330.8857,-0.001645444,0.3681493,3.210623E-05,-6.421245E-06,2.086905E-05,-0.5137558,-0.3941649,0.1346872,0.5118567,0.2227642,-0.1212724,-0.7912002,24,24,24,24,24,24,24,24,24,24,24,24,24,24,24,24
888,8880,-909.5309,-902.3091,-931.2873,-917.2442,-877.9433,-902.3613,-842.1511,-296.7944,122.6284,231.495,-121.1766,-684.3365,-1026.966,-954.6792,-922.1401,-903.8585,24,24,24,24,24,24,24,24,24,24,24,24,25,24,25,24,888,8880,-934.6982,-945.1862,219.0734,-336.0495,0.3923164,0.7363082,-0.6529636,0.1303738,0.3882895,-1.543917,0.1314172,-0.2694322,0.1279128,-0.6681451,-0.8438327,-0.4521263,24,24,24,24,24,24,24,24,24,24,24,24,24,24,24,24
889,8890,-981.3074,-948.3492,-986.5322,-999.1581,-931.0569,-902.1145,-846.2318,-305.1954,122.7523,241.9559,-123.4315,-688.3702,-1010.541,-938.9271,-937.1634,-902.0513,24,24,24,24,24,24,24,24,24,24,24,24,25,24,25,24,889,8890,-939.2637,-945.7126,217.2401,-329.3365,0.1296754,-1.284249E-05,0.1306322,-0.782265,-0.6470914,0.1300952,0.5256046,-0.1347257,0.2558947,0.2227642,0.1195812,0.1129979,24,24,24,24,24,24,24,24,24,24,24,24,24,24,24,24
890,8900,-917.2255,-914.8765,-890.8074,-900.9344,-933.1091,-897.6724,-806.955,-276.9832,113.5862,237.8946,-113.7,-715.8279,-1035.536,-916.1342,-958.9827,-993.6171,24,24,24,24,24,24,24,24,24,24,24,24,25,24,25,24,890,8900,-969.4758,-964.6609,222.347,-327.4001,-0.3956065,0.4908689,0.1306322,-3.210623E-06,-0.7765132,-0.7712959,-0.6569544,0.4041018,-0.639975,-0.4454177,-0.3621257,0.3390482,24,24,24,24,24,24,24,24,24,24,24,24,24,24,24,24
891,8910,-972.2903,-976.8674,-946.6672,-914.4447,-936.6096,-977.0132,-862.9373,-288.8951,118.4169,229.4028,-111.0891,-698.4484,-1040.535,-894.5347,-896.5055,-929.0391,24,24,24,24,24,24,24,24,24,24,24,24,25,24,25,24,891,8910,-896.4294,-907.158,228.3706,-328.691,0.1296754,-0.8590535,-0.391765,-3.210623E-06,0.9059799,0.2588653,-0.262767,-0.5388469,0.1279128,0.1114006,-0.1212724,0.2260214,24,24,24,24,24,24,24,24,24,24,24,24,24,24,24,24
892,8920,-916.1434,-931.5524,-942.73,-877.5652,-891.101,-1006.134,-896.8582,-291.779,132.6615,236.0486,-104.7992,-679.5466,-1064.34,-979.2621,-928.6981,-916.027,24,24,24,24,24,24,24,24,24,24,24,24,25,24,25,24,892,8920,-894.6838,-886.1043,228.6324,-332.4348,-0.3956065,-1.104493,-0.6529636,0.1303738,-0.7765132,0.3876353,-0.6569544,0.2693937,-6.902839E-05,0.3341279,-0.2416989,0.4520717,24,24,24,24,24,24,24,24,24,24,24,24,24,24,24,24
893,8930,-1004.031,-967.5627,-976.0737,-995.2632,-940.7139,-910.9987,-832.9695,-290.9012,120.5227,236.6639,-121.6513,-692.0255,-987.5687,-896.444,-926.1941,-930.2438,24,24,24,24,24,24,24,24,24,24,24,24,25,25,25,24,893,8930,-927.5815,-904.1315,223.5256,-333.5967,-0.6582475,-0.3681718,0.7836279,-0.2607571,-0.5176679,-1.028836,-0.262767,1.077636,-0.1280493,-0.4454177,-1.205113,-1.017251,24,24,24,24,24,24,24,24,24,24,24,24,24,24,24,24
894,8940,-922.6358,-953.7869,-908.5251,-897.7698,-950.7331,-970.4735,-851.8428,-278.3625,123.4954,238.0177,-109.5463,-710.4126,-1041.487,-877.6204,-904.1364,-952.4124,24,24,24,24,24,24,24,24,24,24,24,24,25,25,25,24,894,8940,-923.0162,-915.3164,217.2401,-332.6931,0.3923164,0.8590278,-0.2611665,-3.210623E-06,-0.6470914,-1.157606,2.247436E-05,-0.1347257,0.5118567,0.2227642,-0.602979,-0.5651498,24,24,24,24,24,24,24,24,24,24,24,24,24,24,24,24
895,8950,-900.5137,-906.176,-922.3054,-872.6968,-872.9941,-917.9087,-846.1043,-289.2712,123.7432,234.5717,-103.0191,-662.9078,-996.3766,-894.9269,-878.1439,-861.3285,24,24,24,24,24,24,24,24,24,24,24,24,25,25,25,24,895,8950,-852.924,-855.05,213.5736,-333.2094,0.9175984,0.2454296,-0.1305664,-0.912642,0.5177113,0.5164054,-0.1313723,0.4041018,-6.902839E-05,-0.3340541,-0.1212724,0.4520717,24,24,24,24,24,24,24,24,24,24,24,24,24,24,24,24
896,8960,-884.4031,-881.1621,-895.606,-920.6523,-903.7758,-870.4029,-813.3311,-290.3997,117.7976,235.4332,-120.2272,-691.6476,-998.0428,-915.814,-932.5134,-925.4246,24,24,24,24,24,24,24,24,24,24,24,24,25,25,25,24,896,8960,-900.3234,-888.0782,215.2759,-327.6583,-0.2642856,-0.3681718,-0.5223635,0.2607507,0.2588661,-0.2562149,0.5256046,0.2693937,-1.151901,-0.4454177,-0.3621257,-1.017199,24,24,24,24,24,24,24,24,24,24,24,24,24,24,24,24
897,8970,-937.4238,-944.1197,-907.7867,-926.1293,-951.3366,-939.8724,-830.4191,-275.3532,121.8852,238.51,-105.0366,-703.36,-1042.32,-911.5172,-923.5711,-926.509,24,24,24,24,24,24,24,24,24,24,24,24,25,25,25,24,897,8970,-997.9426,-981.8986,226.0135,-320.0416,0.7862783,-1.349932,0.3918308,0.1303738,-0.7765132,0.1300952,-0.1313723,-0.8082598,1.151764,0.6682189,-0.4825526,0.5651466,24,24,24,24,24,24,24,24,24,24,24,24,24,24,24,24
898,8980,-893.0594,-898.9257,-887.2392,-879.3911,-934.0748,-956.4069,-849.8025,-277.1086,119.284,232.7257,-100.7642,-713.687,-1071.363,-884.543,-896.7441,-963.9786,24,24,24,24,24,24,24,24,24,24,24,24,25,25,25,24,898,8980,-952.96,-965.4504,229.4182,-325.98,-0.6582475,0.1227068,0.3918308,0.1303738,0.2588661,0.001325184,-0.5255597,0.5388083,1.023782,-0.8908724,0.2400081,-1.356273,24,24,24,24,24,24,24,24,24,24,24,24,24,24,24,24
899,8990,-985.8761,-994.0267,-1001.42,-933.7974,-916.33,-976.2729,-881.3005,-299.3022,125.9728,237.0331,-102.9004,-673.4962,-1019.348,-909.3688,-892.3324,-875.5455,24,24,24,24,24,24,24,24,24,24,24,24,25,25,25,24,899,8990,-894.8182,-929.7907,225.3588,-324.9473,0.5236365,0.7363082,-0.1305664,0.6518816,-0.2588243,-1.028836,-0.1313723,1.347049,0.7678204,0.1114006,-0.602979,-1.017199,24,24,24,24,24,24,24,24,24,24,24,24,24,24,24,24
900,9000,-890.2942,-885.5123,-893.5142,-907.6288,-894.1189,-877.9298,-806.8275,-282.7511,118.1692,233.341,-114.6494,-679.4206,-982.6886,-900.8947,-917.2518,-924.7018,24,24,24,24,24,24,24,24,24,24,24,24,25,25,25,24,900,9000,-920.7335,-925.7115,218.9424,-330.4984,1.048918,0.8590278,-0.2611665,-3.210623E-06,-0.5176679,-0.1274449,-0.1313723,-1.926374E-05,-0.1280493,-0.1113267,-0.2416989,2.568498E-05,24,24,24,24,24,24,24,24,24,24,24,24,24,24,24,24
901,9010,-928.8876,-950.6451,-908.402,-911.5236,-962.563,-968.8694,-852.4804,-286.1365,113.9578,230.8796,-123.7875,-727.1624,-1061.603,-912.3527,-931.7979,-957.9546,24,24,24,24,24,24,24,24,24,24,24,24,25,25,25,24,901,9010,-941.8149,-923.4745,213.0498,-331.5312,0.1296754,-0.3681718,-0.9141622,-1.173396,-0.2588243,0.1300952,-0.5255597,0.5388083,-0.3840129,3.692216E-05,-0.0008451964,0.5651466,24,24,24,24,24,24,24,24,24,24,24,24,24,24,24,24
902,9020,-925.0403,-931.1899,-909.0172,-895.579,-925.7456,-978.3707,-853.7556,-275.4786,126.716,237.0331,-99.45879,-696.4334,-1051.485,-888.8398,-890.9017,-949.7619,24,24,24,24,24,24,24,24,24,24,24,24,25,25,25,24,902,9020,-905.0232,-923.7378,218.0258,-323.5272,1.180239,-0.1227325,-0.5223635,0.2607507,0.5177113,-1.415146,-0.5255597,-0.8082598,0.2558947,-0.2226904,-0.0008451964,-0.2260246,24,24,24,24,24,24,24,24,24,24,24,24,24,24,24,24
903,9030,-946.2005,-946.4158,-975.3356,-913.9579,-885.9105,-964.1806,-880.3149,-299.4276,128.9455,240.2329,-104.7992,-675.3869,-1027.323,-936.8206,-911.8863,-891.9308,24,24,24,24,24,24,24,24,24,24,24,24,25,25,25,24,903,9030,-916.4368,-900.9734,226.0135,-326.8837,0.1296754,-1.718094,-0.1305664,1.173389,-1.164782,0.001325184,-0.3941649,-0.5388469,0.1279128,0.3341279,-0.4825526,0.3390996,24,24,24,24,24,24,24,24,24,24,24,24,24,24,24,24
904,9040,-915.0613,-904.1218,-933.7481,-946.0905,-915.7265,-890.3924,-839.6278,-315.4772,106.2781,231.2488,-129.3653,-695.6777,-1045.653,-1004.137,-979.8481,-935.7859,24,24,24,24,24,24,24,24,24,24,24,24,25,25,25,24,904,9040,-976.4583,-954.0024,222.6089,-328.0456,0.1296754,0.3681493,-0.2611665,-0.1303802,2.086905E-05,-0.2562149,-0.6569544,0.1346872,0.7678204,-0.1113267,0.2400081,-0.1130011,24,24,24,24,24,24,24,24,24,24,24,24,24,24,24,24
905,9050,-965.3169,-946.0533,-932.2715,-958.9924,-963.1664,-928.2736,-834.7811,-296.0421,107.5168,231.8642,-118.091,-699.4559,-1011.017,-908.5334,-928.5787,-917.8342,24,24,24,24,24,24,24,24,24,24,24,24,25,25,25,24,905,9050,-937.2496,-931.3697,223.6565,-327.6583,0.2609963,0.6135885,-0.391765,0.6518816,-0.2588243,-1.028836,-0.1313723,0.1346872,-0.7679569,-0.1113267,-0.9642596,-0.2260246,24,24,24,24,24,24,24,24,24,24,24,24,24,24,24,24
906,9060,-913.9792,-912.9431,-869.8906,-880.1212,-927.0734,-936.1707,-823.4296,-263.0652,122.8761,234.5717,-116.7856,-732.8296,-1061.007,-899.5817,-929.5327,-971.4484,24,24,24,24,24,24,24,24,24,24,24,24,25,25,25,24,906,9060,-934.4298,-953.6077,221.1685,-331.7894,0.7862783,0.2454296,0.9142264,-0.782265,0.6471347,-0.1274449,-0.1313723,0.2693937,0.6398386,-0.4454177,-0.3621257,0.9042237,24,24,24,24,24,24,24,24,24,24,24,24,24,24,24,24
907,9070,-951.0098,-974.209,-943.4683,-892.9012,-932.1434,-1014.031,-882.2281,-279.3656,129.1933,235.9255,-108.7156,-721.3693,-1110.998,-923.8108,-913.3171,-957.1111,24,24,24,24,24,24,24,24,24,24,24,24,25,25,25,24,907,9070,-902.4719,-924.3957,213.9665,-333.7258,-0.6582475,0.3681493,-0.391765,-0.6518881,1.035402,0.5164054,-0.3941649,0.2693937,-0.3840129,3.692216E-05,0.4808614,0.1130492,24,24,24,24,24,24,24,24,24,24,24,24,24,24,24,24
908,9080,-970.9677,-961.8832,-985.7939,-951.2026,-929.6084,-1003.666,-893.8348,-301.6846,125.3535,233.0949,-118.3284,-683.7062,-1032.084,-942.7883,-916.5363,-886.3886,24,24,24,24,24,24,24,24,24,24,24,24,25,25,25,24,908,9080,-951.2142,-921.8955,218.0258,-332.3058,0.5236365,-0.3681718,3.210623E-05,0.2607507,0.5177113,0.001325184,0.2628151,-0.4041404,0.1279128,-0.4454177,-1.205113,-0.5650985,24,24,24,24,24,24,24,24,24,24,24,24,24,24,24,24
909,9090,-911.4544,-899.5298,-909.2631,-938.1791,-922.0035,-917.6619,-841.6686,-301.5592,110.985,232.1103,-129.3653,-694.6702,-1007.446,-945.5335,-956.4789,-936.5089,24,24,24,24,24,24,24,24,24,24,24,24,25,24,25,24,909,9090,-902.7405,-906.3685,223.6565,-327.271,-0.1329655,-0.1227325,-0.391765,0.2607507,-0.3882461,0.2588653,-0.3941649,0.4041018,0.7678204,0.2227642,-0.2416989,-0.2260246,24,24,24,24,24,24,24,24,24,24,24,24,24,24,24,24
910,9100,-963.1528,-948.9534,-874.6891,-885.5984,-941.8004,-930.8648,-819.9858,-269.3346,118.7886,232.4795,-104.0872,-706.5084,-1046.367,-868.639,-888.6362,-937.5931,24,24,24,24,24,24,24,24,24,24,24,24,25,24,25,24,910,9100,-899.6522,-922.1588,223.7874,-337.0823,0.3923164,0.2454296,0.3918308,0.5215046,2.086905E-05,-1.672687,-0.5255597,-0.5388469,0.1279128,0.6682734,-0.3621257,-0.9041756,24,24,24,24,24,24,24,24,24,24,24,24,24,24,24,24
911,9110,-944.7578,-961.4,-938.7927,-880.243,-883.1341,-936.9111,-853.7855,-289.7728,121.5136,229.6489,-104.9179,-664.1682,-998.8761,-890.2386,-873.1361,-858.5575,24,24,24,24,24,24,24,24,24,24,24,24,25,24,25,24,911,9110,-962.225,-958.2132,219.8591,-334.5004,-0.3956065,-1.284249E-05,0.3918308,-0.1303802,-0.7765132,0.1300952,0.6569993,0.1346872,-0.2560311,-0.1112722,-0.7234063,0.3390996,24,24,24,24,24,24,24,24,24,24,24,24,24,24,24,24
912,9120,-880.3151,-879.9537,-899.051,-916.1488,-893.7568,-892.4901,-829.1691,-300.5561,113.2146,228.4182,-120.7019,-668.4539,-981.6174,-927.9482,-919.9941,-876.1477,24,24,24,24,24,24,24,24,24,24,24,24,25,24,25,24,912,9120,-926.3732,-912.1581,222.2161,-331.9185,0.6549574,0.1227068,0.6530294,-0.5215111,0.7765566,-0.1274449,0.6569993,0.4041018,0.2558947,-0.6680905,-0.2416989,0.3390931,24,24,24,24,24,24,24,24,24,24,24,24,24,24,24,24
913,9130,-919.0289,-893.8503,-875.6733,-925.0339,-936.9719,-887.0609,-808.8893,-280.3687,115.3203,232.8487,-125.093,-701.3449,-997.9239,-897.6373,-921.7826,-921.0874,24,24,24,24,24,24,24,24,24,24,24,24,25,24,25,24,913,9130,-889.85,-903.0788,215.9307,-340.8261,-0.2642856,-1.284249E-05,-0.7835621,0.3911277,0.7765566,0.001325184,0.1314172,-0.2694322,-0.5119932,9.150275E-05,-0.0008451964,-0.2260311,24,24,24,24,24,24,24,24,24,24,24,24,24,24,24,24
914,9140,-919.5097,-934.5733,-890.0691,-888.5195,-935.6441,-947.3994,-834.1434,-269.46,125.1057,236.4178,-97.32262,-680.5549,-1012.445,-838.2088,-843.3284,-873.0154,24,24,24,24,24,24,24,24,24,24,24,24,25,24,25,24,914,9140,-855.4753,-852.8131,216.4544,-329.5947,0.7862783,-1.227212,3.210623E-05,0.3911277,-0.7765132,0.3876353,0.2628151,-0.5388469,0.5118567,0.7796371,-0.2416989,0.5651435,24,24,24,24,24,24,24,24,24,24,24,24,24,24,24,24
915,9150,-882.1185,-879.8329,-894.3755,-874.0355,-851.7489,-881.5082,-824.705,-288.6443,121.5136,233.0949,-100.7642,-644.252,-965.5489,-897.16,-878.5016,-857.4732,24,24,24,24,24,24,24,24,24,24,24,24,25,24,25,24,915,9150,-860.3093,-853.4711,227.1921,-323.3981,-0.5269274,-0.2454521,0.2612307,0.2607507,-0.6470914,-0.2562149,-1.313931,-0.4041404,0.1279128,-0.5567268,-0.0008451964,-1.130229,24,24,24,24,24,24,24,24,24,24,24,24,24,24,24,24
916,9160,-890.0538,-895.6628,-890.0691,-897.8917,-896.8953,-900.8807,-824.8325,-292.4059,113.3385,235.6794,-109.4276,-666.8152,-974.3568,-918.6402,-934.898,-932.533,24,24,24,24,24,24,24,24,24,24,24,24,25,24,25,24,916,9160,-815.8638,-812.2848,225.2279,-333.0803,0.1296754,0.3681493,-0.1305664,1.043012,0.1294443,-0.5137558,0.1314172,0.5388083,-0.5119932,1.113728,0.1195812,-0.3390546,24,24,24,24,24,24,24,24,24,24,24,24,24,24,24,24
917,9170,-923.5975,-944.2405,-919.2296,-924.7905,-976.8071,-1004.653,-857.7393,-284.1303,115.4442,235.6794,-112.8693,-710.9162,-1046.01,-931.051,-962.9174,-989.6412,24,24,24,24,24,24,24,24,24,24,24,24,25,24,25,24,917,9170,-922.882,-923.4747,219.99,-334.3712,-0.1329655,-1.284249E-05,0.6530294,-0.1303802,-0.6470914,-0.6425259,-0.6569544,-0.6735533,0.2558947,-0.2226358,-0.7234063,0.2260696,24,24,24,24,24,24,24,24,24,24,24,24,24,24,24,24
918,9180,-938.9869,-963.575,-936.578,-913.2277,-957.2516,-1009.712,-874.5754,-281.9987,120.0272,234.0794,-95.18644,-708.9012,-1078.385,-894.296,-904.2556,-967.1111,24,24,24,24,24,24,24,24,24,24,24,24,25,24,25,24,918,9180,-940.875,-930.5803,219.99,-330.1111,-0.2642856,0.6136399,0.5224293,-0.782265,0.1294443,-0.2562149,-0.9197471,0.5388083,-0.1280493,-0.8908178,0.7217151,-0.2260311,24,24,24,24,24,24,24,24,24,24,24,24,24,24,24,24
919,9190,-937.4238,-931.5524,-960.2016,-888.0328,-874.3221,-956.4069,-870.3665,-299.4276,125.4773,233.0949,-107.0541,-670.0926,-1049.7,-992.8662,-953.7366,-925.9065,24,24,24,24,24,24,24,24,24,24,24,24,25,24,25,24,919,9190,-971.4901,-965.582,219.0734,-331.0147,0.3923164,-0.3681204,-0.7835621,-0.2607571,0.2588661,-0.6425259,-0.262767,-1.926374E-05,0.1279128,0.1114552,0.4808614,-0.1130075,24,24,24,24,24,24,24,24,24,24,24,24,24,24,24,24
920,9200,-968.6835,-942.428,-960.2016,-966.0518,-930.5742,-913.9601,-845.2398,-307.9539,110.985,230.1412,-119.9899,-679.4204,-1004.47,-926.9936,-923.2134,-907.8344,24,24,24,24,24,24,24,24,24,24,24,24,25,24,25,24,920,9200,-930.9386,-916.8953,215.9307,-331.273,0.5236365,-0.9817218,0.3918308,1.173389,-0.1294009,0.5164054,-0.6569544,-0.5388469,-0.1280493,0.8910007,-0.4825526,0.4521167,24,24,24,24,24,24,24,24,24,24,24,24,24,24,24,24
921,9210,-919.1491,-907.7469,-881.3333,-908.2374,-940.8347,-919.1427,-817.6899,-271.8423,114.9487,228.1721,-108.5969,-701.4708,-1018.396,-847.0395,-877.7863,-943.4968,24,24,24,24,24,24,24,24,24,24,24,24,25,24,25,24,921,9210,-908.6487,-901.2367,222.478,-321.5907,-1.44617,-0.7362825,-0.5223635,-0.5215111,0.1294459,-1.543917,-0.6569544,0.4041018,-0.8959371,-0.5567268,-0.2416989,-0.7911552,24,24,24,24,24,24,24,24,24,24,24,24,24,24,24,24
922,9220,-931.2924,-945.449,-940.6383,-891.6841,-894.9639,-968.4994,-858.6321,-288.5189,125.8489,231.4949,-105.7487,-655.3445,-991.9726,-906.5874,-883.9863,-864.3406,24,24,24,24,24,24,24,24,24,24,24,24,25,24,25,24,922,9220,-878.5707,-879.5251,229.2872,-325.3345,0.9175984,1.104522,0.3918308,0.7822586,-0.6470898,-1.415146,0.5256046,0.8082213,-0.639975,0.6682734,-0.0008451964,0.4521167,24,24,24,24,24,24,24,24,24,24,24,24,24,24,24,24
923,9230,-904.3609,-896.1462,-904.2186,-918.7047,-897.1368,-858.6808,-799.1957,-286.5127,109.7463,225.3414,-129.484,-693.4108,-993.758,-885.4652,-907.3555,-924.5812,24,24,24,24,24,24,24,24,24,24,24,24,25,24,25,24,923,9230,-893.0727,-898.6049,219.0734,-328.8201,0.3923164,-0.2454007,-0.1305664,-0.5215111,-0.1293993,0.2588653,0.5256046,-0.1347257,-0.3840129,-1.113547,-0.9642596,-0.3390546,24,24,24,24,24,24,24,24,24,24,24,24,24,24,24,24
924,9240,-943.0748,-940.2528,-907.0485,-917.6093,-973.1857,-972.2011,-839.5002,-282.7511,110.4895,230.3873,-125.3303,-726.6586,-1034.584,-883.1979,-920.9479,-960.0028,24,24,24,24,24,24,24,24,24,24,24,24,25,24,25,24,924,9240,-865.1431,-891.3677,222.7399,-319.7834,-0.5269274,0.4909203,-0.6529636,-0.6518881,1.294249,-0.1274449,2.247436E-05,-0.1347242,-0.3840129,0.6682734,-0.0008451964,0.4521167,24,24,24,24,24,24,24,24,24,24,24,24,24,24,24,24
925,9250,-952.5726,-959.5872,-909.7555,-882.6774,-940.1104,-992.684,-858.5046,-274.6009,122.2568,228.6643,-111.9199,-719.9839,-1076.243,-900.5014,-912.9595,-975.1835,24,24,24,24,24,24,24,24,24,24,24,24,25,24,25,24,925,9250,-861.5177,-860.0503,225.8826,-320.6871,0.2609963,-0.8590021,-0.391765,1.043012,0.2588677,0.001325184,-0.262767,-1.751205,-0.5119964,-0.6680905,-0.8438327,0.1130428,24,24,24,24,24,24,24,24,24,24,24,24,24,24,24,24
926,9260,-988.5211,-992.9391,-983.9483,-936.475,-934.3162,-1008.848,-886.0545,-296.7944,120.8943,227.0644,-116.1922,-694.4184,-1054.342,-930.5735,-909.5017,-909.5211,24,24,24,24,24,24,24,24,24,24,24,24,25,24,25,24,926,9260,-869.3057,-896.8943,219.4662,-324.8181,-0.2642856,-0.7362825,-0.1305664,0.2607507,-0.1293993,0.7739463,2.247436E-05,0.673518,0.6398354,0.7796371,0.6012883,0.1130428,24,24,24,24,24,24,24,24,24,24,24,24,24,24,24,24
927,9270,-939.7082,-928.4106,-966.1075,-954.0021,-897.6196,-903.7188,-847.5356,-311.4648,113.0907,222.5108,-138.1474,-681.9416,-1000.066,-974.2499,-953.7366,-909.5211,24,24,24,24,24,24,24,24,24,24,24,24,25,24,25,25,927,9270,-914.2883,-945.581,223.9184,-317.976,0.1296754,0.1227582,-0.1305664,-0.1303802,2.247436E-05,-1.157606,-0.1313723,0.2693969,-0.1280525,-0.2226358,-0.6029276,-0.9041788,24,24,24,24,24,24,24,24,24,24,24,24,24,24,24,24
928,9280,-917.3456,-909.6803,-911.1088,-954.4888,-953.5095,-896.562,-811.9504,-283.1272,112.843,231.0026,-116.6669,-696.8112,-1000.899,-863.0303,-889.8287,-906.7499,24,24,24,24,24,24,24,24,24,24,24,24,25,24,25,25,928,9280,-991.4972,-950.7128,229.2872,-312.8122,0.2609963,0.1227582,0.1306322,-3.210623E-06,-0.5176663,0.5164054,0.7883941,0.1346904,0.6398354,0.1114552,-0.4825008,0.3390931,24,24,24,24,24,24,24,24,24,24,24,24,24,24,24,24
929,9290,-878.9928,-905.0884,-881.3333,-859.9167,-896.171,-933.9496,-849.4489,-293.6598,107.7645,225.7106,-95.4238,-677.5298,-1028.871,-882.0045,-882.0786,-910.4849,24,24,24,24,24,24,24,24,24,24,24,24,25,24,25,25,929,9290,-900.8605,-901.763,229.1563,-315.0068,0.1296754,0.3682006,-0.1305664,-1.434153,0.5177129,-0.2562149,-0.5255597,0.942931,-0.7679585,-1.113547,-0.1212207,0.2260696,24,24,24,24,24,24,24,24,24,24,24,24,24,24,24,24
930,9300,-902.4374,-908.2303,-931.1642,-892.9014,-862.1301,-923.7081,-872.0244,-319.2388,111.1088,223.8645,-115.2428,-670.597,-1033.393,-989.1667,-949.2057,-924.0993,24,24,24,24,24,24,24,24,24,24,24,24,25,24,25,25,930,9300,-867.6943,-876.3671,226.9301,-317.3306,-0.001645444,-0.7362825,-1.175361,-0.2607571,-0.5176663,-0.1274449,0.7883941,0.8082245,-0.1280525,0.4455462,-0.1212207,0.1130428,24,24,24,24,24,24,24,24,24,24,24,24,24,24,24,24
931,9310,-976.8589,-972.5172,-987.0244,-999.2798,-953.1474,-920.9935,-851.4896,-316.6057,107.5167,228.4181,-131.8575,-700.7153,-1024.705,-948.5931,-950.2787,-922.292,24,24,24,24,24,24,24,24,24,24,24,24,25,24,25,25,931,9310,-839.8992,-830.5753,229.811,-310.4884,0.5236365,-0.6135596,0.5224293,-3.210623E-06,-0.905935,-0.2562149,-0.7883492,0.2693969,0.2558914,-0.1112722,-0.4825008,-0.1130075,24,24,24,24,24,24,24,24,24,24,24,24,24,24,24,24
932,9320,-942.5938,-928.6522,-889.3309,-907.7504,-935.5234,-921.4871,-829.1691,-278.4879,116.9306,229.0335,-113.1066,-700.9672,-1018.039,-848.1135,-866.9362,-893.9789,24,24,24,24,24,24,24,24,24,24,24,24,25,24,25,25,932,9320,-880.4507,-857.8135,226.9301,-321.4616,-0.7895676,0.245481,0.6530294,0.1303738,0.9059815,-1.157606,0.5256046,0.2693969,0.1279112,0.1114552,0.60134,-0.9041788,24,24,24,24,24,24,24,24,24,24,24,24,24,24,24,24
933,9330,-882.9602,-886.4791,-899.051,-865.3938,-867.8036,-930.3714,-857.4843,-296.0421,118.2931,223.7415,-116.3109,-681.1853,-1009.469,-912.3154,-892.2133,-866.5093,24,24,24,24,24,24,24,24,24,24,24,24,25,24,25,25,933,9330,-859.9064,-859.7872,221.4304,-316.5559,0.2609963,0.1227582,-0.6529636,0.1303738,-1.294202,-0.2562149,-0.262767,-0.4041371,-0.2560327,-0.6680905,-0.7233545,-0.1130075,24,24,24,24,24,24,24,24,24,24,24,24,24,24,24,24
934,9340,-891.6166,-879.8329,-870.6288,-875.6179,-871.7871,-855.4727,-801.8743,-281.2464,119.0363,240.1098,-97.32262,-666.3112,-969.5958,-848.2328,-868.0093,-890.0031,24,24,24,24,24,24,24,24,24,24,24,24,25,24,25,25,934,9340,-812.7753,-814.6534,229.1563,-310.2302,-0.2642856,-0.7363338,-0.2611665,-1.173396,0.3882911,-0.2562149,0.6569993,0.8082245,0.895799,-0.2226358,0.2400595,-0.1130075,24,24,24,24,24,24,24,24,24,24,24,24,24,24,24,24
935,9350,-866.9697,-882.4914,-872.5974,-859.3081,-877.3399,-905.4462,-818.1769,-271.5916,126.5921,236.7869,-99.81483,-655.9749,-954.7177,-829.8553,-833.7899,-837.7141,24,24,24,24,24,24,24,24,24,24,24,24,25,24,25,25,935,9350,-877.765,-851.8921,233.8703,-312.554,0.3923164,-0.1227325,-0.5223635,-0.5215111,2.247436E-05,-1.028836,-0.262767,-1.765843E-05,-1.023922,0.4455462,0.3604863,0.678167,24,24,24,24,24,24,24,24,24,24,24,24,24,24,24,24
936,9360,-834.6283,-836.9348,-834.9473,-824.8629,-823.5022,-833.7557,-783.3634,-268.5823,122.3807,227.0644,-101.1203,-648.6639,-941.2678,-825.798,-816.9782,-834.2202,24,24,24,24,24,24,24,24,24,24,24,24,25,24,25,25,936,9360,-854.401,-849.392,228.6324,-317.7178,-0.2642856,-1.349932,-0.2611665,0.1303705,0.1294459,0.7739463,-0.262767,-0.9429647,-7.06337E-05,0.5569098,-0.8437814,0.1130428,24,24,24,24,24,24,24,24,24,24,24,24,24,24,24,24
937,9370,-866.8495,-864.6071,-920.2138,-924.182,-887.7211,-926.9162,-862.2997,-312.7187,115.4442,227.8028,-122.4821,-685.7231,-1033.156,-988.3315,-958.9827,-926.0269,24,24,24,24,24,24,24,24,24,24,24,24,25,24,25,25,937,9370,-829.9626,-822.1537,230.0729,-315.6523,-0.2642856,-0.3681718,0.3918308,0.2607475,0.1294475,-0.900066,-0.7883492,-1.765843E-05,0.6398354,0.2228188,-0.6029276,-0.6781285,24,24,24,24,24,24,24,24,24,24,24,24,24,24,24,24
938,9380,-972.4105,-943.3948,-952.6962,-963.1305,-950.7331,-929.5075,-842.9163,-293.409,115.0726,232.8487,-121.77,-701.2191,-1026.133,-925.0842,-942.2903,-949.6413,24,24,24,24,24,24,24,24,24,24,24,24,25,24,25,25,938,9380,-849.9698,-836.1019,228.6324,-317.2014,0.5236365,0.2454296,-0.1305664,0.6518784,0.3882927,-1.801457,0.5256046,0.2693969,-7.06337E-05,9.150275E-05,-0.7233545,-1.130229,24,24,24,24,24,24,24,24,24,24,24,24,24,24,24,24
939,9390,-941.8723,-948.47,-936.332,-936.2318,-968.3572,-983.7998,-859.6217,-283.8795,124.2386,233.4641,-121.2953,-712.3016,-1071.244,-955.8724,-940.7404,-926.8703,24,24,24,24,24,24,24,24,24,24,24,24,25,24,25,25,939,9390,-863.1289,-882.0251,224.5732,-323.269,0.2609963,0.4908689,0.7836279,-0.9126452,-1.2942,-0.384985,0.3942035,-0.2694306,0.6398354,9.150275E-05,-0.362074,1.926374E-05,24,24,24,24,24,24,24,24,24,24,24,24,24,24,24,24
940,9400,-924.1987,-935.0568,-940.0232,-947.9161,-945.9046,-941.5998,-841.131,-277.9864,126.0966,232.3565,-118.9218,-697.5668,-1028.751,-921.6235,-923.8094,-921.9305,24,24,24,24,24,24,24,24,24,24,24,24,25,24,25,25,940,9400,-865.4117,-868.9982,226.6683,-315.0068,-0.5269274,0.1227068,0.1306322,-1.434153,-0.1293977,0.2588653,-1.445332,0.5388083,-0.3840145,9.150275E-05,0.2400595,0.7911938,24,24,24,24,24,24,24,24,24,24,24,24,24,24,24,24
941,9410,-924.319,-919.5894,-912.2162,-912.4974,-908.2423,-918.2789,-826.0834,-272.7201,129.6887,241.8329,-108.8342,-680.3029,-1004.827,-878.5438,-883.5093,-883.9789,24,24,24,24,24,24,24,24,24,24,24,24,25,24,25,25,941,9410,-872.1254,-865.577,237.2749,-315.1359,0.1296754,-0.4908914,-0.5223635,0.2607475,0.2588693,-0.5137558,1.926374E-05,-0.8082598,-0.1280493,0.1114552,-0.1212207,-0.9041788,24,24,24,24,24,24,24,24,24,24,24,24,24,24,24,24
942,9420,-875.8668,-882.0081,-882.0715,-873.4271,-885.669,-913.8368,-829.1439,-280.6195,121.0181,233.4641,-104.5619,-670.3448,-998.0428,-896.3247,-893.5248,-900.1235,24,24,24,24,24,24,24,24,24,24,24,24,25,24,25,25,942,9420,-925.433,-937.5542,228.7634,-324.689,-0.6582475,-0.7363338,0.2612307,-0.2607604,-1.2942,-0.1274449,-0.3941681,-0.4041404,0.1279128,0.5569098,0.4809132,0.3390931,24,24,24,24,24,24,24,24,24,24,24,24,24,24,24,24
943,9430,-908.0881,-909.9221,-898.5588,-878.4174,-898.4645,-922.9677,-829.654,-274.0994,123.867,235.3101,-93.64364,-677.2776,-1028.275,-872.0999,-870.8708,-917.8342,24,24,24,24,24,24,24,24,24,24,24,24,25,24,25,25,943,9430,-866.6201,-872.9458,226.0135,-322.8817,-0.001645444,0.2454296,0.1306322,-0.1303834,0.2588693,-1.801457,0.3942035,0.2693937,1.023782,0.6682734,-0.362074,-1.130229,24,24,24,24,24,24,24,24,24,24,24,24,24,24,24,24
944,9440,-909.5308,-918.5017,-927.8422,-886.3287,-870.58,-908.9012,-833.097,-284.2557,128.9455,242.3251,-92.8129,-637.9495,-946.9809,-845.6075,-841.0629,-819.7625,24,24,24,24,24,24,24,24,24,24,24,24,25,24,25,25,944,9440,-917.9138,-895.1839,228.2396,-318.8797,0.5236365,0.3681493,0.6530294,-6.421245E-06,-1.164779,-0.2562149,-0.2627734,-0.2694322,0.7678204,0.1114552,-0.1212207,0.3390931,24,24,24,24,24,24,24,24,24,24,24,24,24,24,24,24
945,9450,-839.3173,-830.5302,-801.2345,-811.1092,-839.3155,-842.2697,-766.2754,-246.8903,128.8217,232.7257,-107.4101,-680.555,-976.3804,-824.4854,-839.7514,-883.7382,24,24,24,24,24,24,24,24,24,24,24,24,25,24,25,25,945,9450,-920.5994,-922.0272,228.7634,-322.1071,0.6549574,-0.1227325,0.6530294,-0.5215143,-1.164779,-0.2562149,-0.3941681,0.5388083,-6.902839E-05,-0.4453631,0.1196326,1.926374E-05,24,24,24,24,24,24,24,24,24,24,24,24,24,24,24,24
946,9460,-869.8554,-875.4827,-888.9617,-852.8573,-853.9217,-921.8573,-841.0035,-275.8548,130.0603,235.064,-99.34012,-675.3868,-1032.441,-896.5634,-878.9785,-917.4728,24,24,24,24,24,24,24,24,24,24,24,24,25,24,25,25,946,9460,-871.9913,-910.0529,227.8468,-321.5907,0.2609963,0.8590278,-1.044761,-0.5215143,-0.2588211,-0.2562149,-0.1313787,0.6735148,-0.5119932,0.1114552,0.1196326,-0.2260311,24,24,24,24,24,24,24,24,24,24,24,24,24,24,24,24
947,9470,-934.8991,-936.7485,-1007.818,-947.9161,-889.5319,-955.4198,-877.7299,-304.3177,129.441,243.5558,-100.6456,-657.3615,-1020.42,-973.4147,-931.321,-886.2682,24,24,24,24,24,24,24,24,24,24,24,24,25,24,25,25,947,9470,-906.0974,-900.4471,236.6202,-312.683,1.048918,-1.104493,0.1306322,0.5215014,-0.5176647,-0.1274449,0.131414,-0.6735533,-0.2560311,0.3341825,-0.8437814,0.9042173,24,24,24,24,24,24,24,24,24,24,24,24,24,24,24,24
948,9480,-913.9793,-925.3896,-938.4237,-983.5786,-960.5109,-913.8368,-822.3852,-289.6474,120.6465,240.9714,-112.8692,-683.4542,-997.5668,-889.1647,-909.0248,-895.5452,24,24,24,24,24,24,24,24,24,24,24,24,25,24,25,25,948,9480,-937.1154,-924.2641,236.7511,-324.1726,-1.44617,-1.104493,0.6530294,0.1303705,2.407967E-05,-0.384985,-0.6569608,-0.5388469,-0.8959371,-0.5567268,0.3604863,-0.2260311,24,24,24,24,24,24,24,24,24,24,24,24,24,24,24,24
949,9490,-893.1797,-923.2145,-863.2465,-853.9527,-907.3972,-918.0321,-805.4247,-251.9058,128.0785,234.5717,-100.7642,-678.16,-1001.614,-848.7103,-863.1208,-894.7019,24,24,24,24,24,24,24,24,24,24,24,24,25,24,25,25,949,9490,-894.9526,-914.3952,226.9301,-329.4656,0.1296754,0.7363082,0.1306322,0.2607475,0.3882927,-1.028836,-0.1313787,0.6735148,-0.5119932,0.2228188,-0.362074,0.1130428,24,24,24,24,24,24,24,24,24,24,24,24,24,24,24,24
950,9500,-875.2657,-881.5247,-882.0715,-845.1893,-846.4375,-885.4568,-812.4385,-266.7015,131.9183,237.5254,-92.57555,-655.4706,-994.9484,-843.1014,-826.6359,-827.1118,24,24,24,24,24,24,24,24,24,24,24,24,25,24,25,25,950,9500,-883.6734,-875.3143,226.5373,-323.3981,-0.9208885,-0.4908914,0.1306322,-0.7822682,0.3882927,0.2588653,0.5255982,-0.2694322,-0.2560311,-0.5567268,-0.0007938265,0.4521167,24,24,24,24,24,24,24,24,24,24,24,24,24,24,24,24
951,9510,-823.4471,-824.8508,-845.2827,-845.6761,-819.3979,-831.0411,-779.9202,-267.9554,129.1933,239.6176,-99.34012,-637.8234,-923.7709,-844.8915,-849.6476,-836.8708,24,24,24,24,24,24,24,24,24,24,24,24,25,24,25,25,951,9510,-891.8643,-876.6302,231.9061,-323.5272,0.3923164,0.4908689,-2.086905E-05,-1.043022,2.407967E-05,0.2588653,-0.1313787,0.5388083,-0.5119932,0.4455462,-0.0007938265,-0.1130075,24,24,24,24,24,24,24,24,24,24,24,24,24,24,24,24
952,9520,-853.3841,-850.348,-855.4951,-880.7298,-895.326,-882.372,-787.0615,-261.8114,123.6193,235.8024,-104.5619,-668.2019,-969.5958,-849.5455,-865.0284,-885.6657,24,24,24,24,24,24,24,24,24,24,24,24,25,24,25,25,952,9520,-887.433,-900.1839,223.2637,-330.8857,0.1296754,-1.595374,-0.7836167,-0.3911373,-0.2588211,-0.6425259,0.7883909,-0.5388469,0.3838765,0.5569098,0.1196326,0.678167,24,24,24,24,24,24,24,24,24,24,24,24,24,24,24,24
953,9530,-871.4184,-856.9942,-865.9533,-841.2944,-853.5595,-891.1328,-808.3577,-260.4321,134.6434,244.2943,-89.37128,-644.5042,-949.2424,-821.144,-826.8744,-832.1721,24,24,24,24,24,24,24,24,24,24,24,24,25,24,25,25,953,9530,-930.133,-966.5031,224.966,-326.8837,0.2609963,-0.1227325,0.6529748,0.5215014,0.1294459,0.6451755,-0.3941681,0.6735148,-0.2560311,-0.3339995,-0.2416475,-0.7911552,24,24,24,24,24,24,24,24,24,24,24,24,24,24,24,24
954,9540,-823.6875,-827.2675,-828.0572,-820.7247,-816.9836,-827.4628,-770.6111,-257.6736,130.5558,237.8946,-91.62614,-631.6469,-919.3671,-815.2966,-821.1513,-836.0275,24,24,24,24,24,24,24,24,24,24,24,24,25,24,25,25,954,9540,-970.1473,-976.5035,230.8586,-321.3325,-0.5269274,-1.284249E-05,0.2611777,-0.3911373,-0.1293993,-1.415095,0.131414,-0.1347257,-0.5119932,0.1114552,-0.1212207,-0.7911552,24,24,24,24,24,24,24,24,24,24,24,24,24,24,24,24
955,9550,-846.1703,-850.5897,-859.3093,-863.8115,-872.1492,-866.2077,-787.189,-258.6767,127.3353,236.787,-103.0191,-667.4456,-975.7851,-842.9822,-852.2707,-865.5453,24,24,24,24,24,24,24,24,24,24,24,24,25,24,25,25,955,9550,-959.2709,-930.317,230.8586,-328.0455,0.3923164,0.8590278,0.1305776,0.3911245,-0.7765115,0.1301466,0.6569993,0.5388083,0.8958007,-0.1112722,-1.325488,-0.5651049,24,24,24,24,24,24,24,24,24,24,24,24,24,24,24,24
956,9560,-856.8707,-857.5984,-864.846,-851.275,-845.1096,-858.6808,-794.4578,-263.1906,130.1842,236.2947,-98.98409,-645.3866,-940.3156,-822.6953,-828.4244,-836.0275,24,24,24,24,24,24,24,24,24,24,24,24,25,24,25,25,956,9560,-875.4825,-895.1837,226.9301,-327.6582,-0.001645444,-0.2454521,0.9141734,-0.9126452,-0.6470898,-0.3849336,-0.7883492,-0.6735533,-0.1280493,-1.781729,-0.362074,0.678167,24,24,24,24,24,24,24,24,24,24,24,24,24,24,24,24
957,9570,-834.7486,-838.8682,-838.0234,-829.4881,-823.14,-834.1259,-771.3762,-254.6643,133.0331,238.8792,-104.0872,-647.7816,-920.7954,-816.848,-830.809,-841.4492,24,24,24,24,24,24,24,24,24,24,24,24,25,24,25,25,957,9570,-907.4402,-927.4222,228.8944,-325.98,0.3923164,0.3681493,-0.6530166,0.7822554,0.6471363,0.001376554,1.051187,0.5388083,-7.06337E-05,1.002364,0.8421933,-0.4520814,24,24,24,24,24,24,24,24,24,24,24,24,24,24,24,24
958,9580,-832.2238,-839.9557,-830.1489,-816.0995,-826.882,-838.6914,-777.4973,-262.5637,124.3625,236.1716,-86.04834,-643.1177,-952.0991,-811.3586,-823.6552,-860.4851,24,24,24,24,24,24,24,24,24,24,24,24,25,24,25,25,958,9580,-886.7618,-872.2878,221.5614,-333.4676,0.1296754,-1.718094,-0.2612195,0.2607475,-0.6470898,-0.1273935,-1.445329,-1.077674,-0.2560327,0.3341279,-0.7233545,0.2260696,24,24,24,24,24,24,24,24,24,24,24,24,24,24,24,24
959,9590,-860.718,-859.8943,-878.2573,-850.3013,-854.5251,-910.6287,-832.7145,-281.8734,123.6193,232.3565,-98.98409,-653.4539,-994.2342,-890.9546,-864.5516,-856.5093,24,24,24,24,24,24,24,24,24,24,24,24,25,24,25,24,959,9590,-902.4719,-897.6838,219.0734,-325.8509,-0.9208885,0.1227068,0.9141734,0.3911245,0.7765581,-0.1273935,-0.262767,0.8082213,1.023779,-0.4454177,-0.362074,-1.130229,24,24,24,24,24,24,24,24,24,24,24,24,24,24,24,24
960,9600,-885.2446,-867.0239,-881.5793,-882.799,-855.8531,-850.0435,-792.545,-277.1086,121.0181,238.3869,-95.4238,-651.6891,-955.7889,-850.6196,-861.5707,-861.3286,24,24,24,24,24,24,24,24,24,24,24,24,25,24,25,24,960,9600,-854.4011,-861.7609,227.323,-325.0763,0.6549574,1.10447,-0.5224181,0.6518784,-0.6470898,-0.5137036,-0.1313723,-0.1347257,-1.279884,-0.1113267,-1.205061,-1.130223,24,24,24,24,24,24,24,24,24,24,24,24,24,24,24,24
961,9610,-867.3306,-874.2744,-850.9425,-843.4852,-853.4388,-858.1873,-796.2431,-271.8424,120.7704,235.064,-101.0016,-669.0844,-980.6652,-850.2615,-864.4324,-890.9669,24,24,24,24,24,24,24,24,24,24,24,24,25,24,25,24,961,9610,-856.1467,-850.4446,226.4064,-326.7545,-0.1329655,-0.4908914,0.1305776,-0.9126452,0.3882911,0.2589166,0.9197921,0.2693937,0.5118551,3.692216E-05,0.1196326,2.568498E-05,24,24,24,24,24,24,24,24,24,24,24,24,24,24,24,24
962,9620,-865.1664,-891.5544,-879.1185,-845.9196,-883.9791,-947.6462,-849.4199,-276.6071,124.9818,232.2334,-98.5094,-678.16,-1039.107,-906.3487,-888.517,-899.5212,24,24,24,24,24,24,24,24,24,24,24,24,25,24,25,24,962,9620,-902.6063,-909.2634,225.8826,-325.5927,-0.2642856,0.3681493,-1.044815,-0.9126452,2.247436E-05,-0.3849336,-0.1313723,-1.926374E-05,-1.279884,-0.2226904,-0.0007938265,-0.3390514,24,24,24,24,24,24,24,24,24,24,24,24,24,24,24,24
963,9630,-918.6683,-905.8135,-929.9339,-919.922,-889.0489,-902.6083,-833.7347,-292.2805,124.3625,236.4178,-111.6825,-661.017,-980.1891,-912.9122,-903.421,-884.461,24,24,24,24,24,24,24,24,24,24,24,24,25,24,25,24,963,9630,-882.7335,-877.8145,225.6207,-329.3365,0.1296754,-1.227212,0.6529748,0.6518784,0.6471363,0.6452268,0.2628151,-0.2694322,0.1279112,-0.2226904,-1.084635,0.4521231,24,24,24,24,24,24,24,24,24,24,24,24,24,24,24,24
964,9640,-900.2732,-890.7085,-891.5455,-922.3561,-912.8292,-867.6884,-794.8403,-271.3408,123.2477,239.8637,-113.7,-684.8408,-982.0935,-858.615,-881.0054,-900.4849,24,24,24,24,24,24,24,24,24,24,24,24,25,24,25,24,964,9640,-864.4718,-858.9977,220.5138,-327.6582,-0.7895676,-0.613611,0.1305776,-0.1303834,0.1294459,-0.7712442,-1.051142,-0.6735533,0.1279112,-1.002236,-0.0007938265,-0.5650985,24,24,24,24,24,24,24,24,24,24,24,24,24,24,24,24
965,9650,-902.0767,-908.5929,-867.9219,-864.055,-915.1228,-951.5947,-829.2714,-259.8052,126.4682,235.1871,-103.0191,-705.6269,-1044.463,-867.4457,-880.2901,-941.6896,24,24,24,24,24,24,24,24,24,24,24,24,25,24,25,24,965,9650,-871.4542,-901.1052,223.0018,-326.4964,0.3923164,0.9817506,-0.391818,0.9126323,0.3882911,-0.5137036,1.051187,0.1346872,-0.2560327,0.6682189,-0.9642078,-0.6781253,24,24,24,24,24,24,24,24,24,24,24,24,24,24,24,24
966,9660,-935.9812,-948.9534,-974.7204,-897.0396,-870.3385,-967.3888,-877.2197,-298.1737,127.583,237.2793,-104.3246,-657.9918,-1007.565,-924.1296,-890.9017,-856.9912,24,24,24,24,24,24,24,24,24,24,24,24,25,24,25,24,966,9660,-893.0727,-885.3149,228.6324,-324.5599,0.1296754,-0.1227325,-0.2612195,-1.043022,-0.905935,-0.1273935,0.3942099,0.1346872,0.6398354,-0.4454177,-1.084635,-0.2260246,24,24,24,24,24,24,24,24,24,24,24,24,24,24,24,24
967,9670,-903.3992,-894.9379,-908.5251,-909.9414,-895.2053,-876.3259,-805.5522,-269.3346,134.2718,248.1094,-108.4782,-679.9247,-998.281,-896.2053,-909.2632,-910.1236,24,24,24,24,24,24,24,24,24,24,24,24,25,24,25,24,967,9670,-904.7547,-895.0522,230.0729,-321.978,0.5236365,0.4908689,-0.5223635,-0.6518912,0.2588677,0.1301466,-0.1313723,0.9429294,-0.2560327,0.3341279,0.1196326,0.5651466,24,24,24,24,24,24,24,24,24,24,24,24,24,24,24,24
968,9680,-906.6453,-902.1883,-881.9485,-889.0065,-921.2792,-932.0988,-827.1035,-267.7046,124.858,234.4487,-111.4451,-705.8788,-1032.917,-865.0591,-878.0247,-934.2198,24,24,24,24,24,24,24,24,24,24,24,24,25,24,25,24,968,9680,-913.3484,-922.8168,228.8944,-323.0108,0.9175984,-0.613611,0.1306322,-0.9126452,-0.1293993,-0.3849336,0.7883941,-1.212381,-7.06337E-05,-0.5567814,-0.1212207,2.568498E-05,24,24,24,24,24,24,24,24,24,24,24,24,24,24,24,24
969,9690,-904.361,-931.6732,-948.0208,-891.319,-873.477,-953.0754,-866.3804,-295.1644,124.6102,233.8333,-106.9354,-670.4709,-1018.872,-926.6356,-902.5863,-886.9911,24,24,24,24,24,24,24,24,24,24,24,24,25,24,25,24,969,9690,-905.9633,-873.3405,226.2754,-325.8509,0.1296754,-1.284249E-05,-0.1305664,0.1303705,-0.2588211,0.001376554,-1.182537,0.2693937,0.3838733,0.3341279,0.3604863,-0.4520749,24,24,24,24,24,24,24,24,24,24,24,24,24,24,24,24
970,9700,-893.1797,-881.7664,-883.0558,-887.9109,-880.8406,-874.4749,-814.6063,-284.6319,121.3897,237.2792,-112.3946,-670.2188,-974.7139,-886.4199,-902.3478,-895.6658,24,24,24,24,24,24,24,24,24,24,24,24,25,24,25,24,970,9700,-858.1609,-860.5767,225.7516,-326.6255,-0.3956065,0.1227068,3.210623E-05,-0.7822682,2.407967E-05,-1.543917,-0.262767,-0.1347257,-0.7679585,-0.2226904,-0.8437814,-0.9041756,24,24,24,24,24,24,24,24,24,24,24,24,24,24,24,24
971,9710,-886.0862,-881.7664,-868.9063,-874.7657,-893.7568,-887.1842,-807.4651,-272.0931,120.7704,237.0331,-102.9004,-679.5466,-997.4478,-854.5576,-872.54,-895.1838,24,24,24,24,24,24,24,24,24,24,24,24,25,24,25,24,971,9710,-862.0549,-858.3398,223.6565,-322.6235,-0.001645444,0.9817506,0.5224293,0.2607475,-0.1293977,0.7739463,0.7883941,0.8082213,1.023779,0.2227642,-0.362074,0.1130492,24,24,24,24,24,24,24,24,24,24,24,24,24,24,24,24
972,9720,-879.7141,-903.155,-889.823,-865.5156,-897.8611,-958.8748,-853.2455,-280.6195,123,231.3719,-99.57745,-684.4627,-1037.083,-892.7446,-884.5823,-930.0029,24,24,24,24,24,24,24,24,24,24,24,24,25,24,25,24,972,9720,-832.2455,-834.9175,225.7516,-325.2054,0.1296754,0.1227068,-0.6529636,-1.303776,-0.388243,0.001325184,-0.6569544,0.4041018,0.2558914,-0.8908724,-0.4825008,-0.2260246,24,24,24,24,24,24,24,24,24,24,24,24,24,24,24,24
973,9730,-942.8342,-905.3301,-1006.834,-916.3923,-892.1876,-993.918,-900.1736,-304.1923,130.9274,237.2792,-112.8692,-688.4963,-1077.433,-992.9855,-948.7288,-934.3402,24,24,24,24,24,24,24,24,24,24,24,24,25,25,25,24,973,9730,-859.5037,-845.8392,225.0969,-324.0435,0.1296754,0.1227068,3.210623E-05,0.1303705,0.3882927,-1.157606,0.2628151,-0.1347257,-0.3840129,0.4454916,0.60134,-0.3390514,24,24,24,24,24,24,24,24,24,24,24,24,24,24,24,24
974,9740,-938.7465,-923.9395,-997.6057,-983.457,-932.1433,-921.9807,-847.1245,-303.3146,119.9033,240.2329,-123.7875,-688.4963,-1007.327,-953.6496,-963.1558,-913.738,24,24,24,24,24,24,24,24,24,24,24,24,25,25,25,24,974,9740,-896.161,-890.052,224.835,-327.1418,0.1296754,-0.7363338,-0.1305664,0.6518784,-1.164779,0.6451755,-0.7883492,-0.1347257,-0.7679569,0.3341825,1.083047,-0.3390514,24,24,24,24,24,24,24,24,24,24,24,24,24,24,24,24
975,9750,-951.0099,-948.9534,-909.5094,-937.4488,-968.9606,-916.9217,-813.8412,-269.9615,121.3897,235.0639,-112.8692,-707.642,-1026.609,-864.9687,-890.1862,-925.6656,24,24,24,24,24,24,24,24,24,24,24,24,25,25,25,24,975,9750,-878.4365,-893.3416,220.6447,-328.691,-0.3956065,0.1227068,0.2612307,0.1303705,0.3882927,-0.900066,-0.6569544,0.1346872,-0.2560311,0.2228188,-0.1212207,-1.017199,24,24,24,24,24,24,24,24,24,24,24,24,24,24,24,24
976,9760,-887.1683,-895.3004,-889.4539,-852.6138,-864.1821,-922.1041,-841.0034,-281.748,126.716,234.4486,-106.8167,-676.2693,-1011.374,-885.0203,-873.6131,-892.8946,24,24,24,24,24,24,24,24,24,24,24,24,25,25,25,24,976,9760,-867.5602,-886.4991,223.9184,-320.0415,0.2609963,0.9817506,-0.391765,1.043009,-1.164779,-0.384985,-0.262767,-1.926374E-05,0.3838765,-0.2226358,-0.9642078,-0.5651049,24,24,24,24,24,24,24,24,24,24,24,24,24,24,24,24
977,9770,-899.6719,-899.5298,-956.7567,-924.0602,-874.8048,-926.0526,-857.1988,-298.926,127.8307,238.8791,-110.9704,-669.4626,-1014.469,-949.2334,-919.6364,-887.1115,24,24,24,24,24,24,24,24,24,24,24,24,25,25,25,24,977,9770,-904.7547,-894.6574,226.7992,-327.4001,0.1296754,-1.284249E-05,0.2612307,-0.7822682,0.3882927,0.5164054,0.3942099,0.8082213,0.8958007,-0.8908178,0.1196326,0.2260696,24,24,24,24,24,24,24,24,24,24,24,24,24,24,24,24
978,9780,-921.7941,-898.0797,-900.1583,-913.8361,-900.9996,-877.8065,-808.7403,-286.5127,115.3203,232.8487,-115.7175,-681.5635,-987.8068,-898.0301,-905.8055,-897.5934,24,24,24,24,24,24,24,24,24,24,24,24,25,25,25,24,978,9780,-985.4548,-964.7924,222.7399,-323.6563,-0.001645444,-1.284249E-05,-0.1305664,-0.5215143,0.3882927,-0.2562149,2.247436E-05,-0.6735533,-0.3840129,0.3341825,-0.1212207,-0.5651049,24,24,24,24,24,24,24,24,24,24,24,24,24,24,24,24
979,9790,-902.4372,-896.7504,-877.8882,-884.6247,-919.4685,-922.8444,-833.4796,-292.1551,109.3747,234.4486,-98.74673,-669.3365,-998.519,-872.2493,-887.9209,-900.8464,24,24,24,24,24,24,24,24,24,24,24,24,25,25,25,24,979,9790,-910.3943,-921.7641,232.037,-321.4616,0.5236365,-0.9817731,0.1306322,0.9126323,-0.1293977,0.1300952,2.247436E-05,-0.5388469,0.8958007,0.2228188,-0.2416475,0.3390931,24,24,24,24,24,24,24,24,24,24,24,24,24,24,24,24
980,9800,-874.3037,-892.5211,-881.8254,-863.8115,-870.4593,-899.4,-819.1971,-278.1117,124.4864,234.2025,-97.79731,-651.6892,-959.3596,-847.5428,-840.586,-835.1841,24,24,24,24,24,24,24,24,24,24,24,24,25,25,25,24,980,9800,-862.3233,-853.2079,227.323,-331.7893,-0.7895676,-0.2454521,0.2612307,0.3911245,0.1294475,-0.5137558,-0.5255597,0.1346872,0.3838765,-0.7794541,0.1196326,-0.6781285,24,24,24,24,24,24,24,24,24,24,24,24,24,24,24,24
981,9810,-835.8305,-832.101,-839.1307,-852.3704,-846.5582,-848.0692,-793.9477,-278.864,121.0181,235.187,-107.8848,-669.3365,-969.2388,-873.0848,-883.2708,-892.2922,24,24,24,24,24,24,24,24,24,24,24,24,25,25,25,24,981,9810,-951.7515,-923.2115,218.1567,-330.7566,0.1296754,0.7363082,0.1306322,0.3911245,0.1294475,-0.384985,1.051187,0.5388083,-6.902839E-05,0.7796371,-0.0007938265,-0.2260311,24,24,24,24,24,24,24,24,24,24,24,24,24,24,24,24
982,9820,-878.151,-890.2252,-884.7784,-868.1933,-888.5662,-910.7521,-830.6741,-283.0018,117.1783,232.2333,-91.98215,-668.5802,-1033.036,-891.1075,-872.6593,-873.7382,24,24,24,24,24,24,24,24,24,24,24,24,25,25,25,24,982,9820,-939.9351,-959.1343,221.1685,-324.5599,-0.3956065,-0.4908914,3.210623E-05,-0.6518912,-0.5176647,-0.1274449,2.247436E-05,-1.347087,-0.5119932,-1.559001,-1.084635,-0.2260311,24,24,24,24,24,24,24,24,24,24,24,24,24,24,24,24
983,9830,-901.5956,-902.5508,-921.3211,-912.7407,-881.5649,-876.2025,-824.808,-289.7727,119.6556,236.91,-104.2058,-664.0423,-972.5715,-874.3978,-882.4362,-871.5694,24,24,24,24,24,24,24,24,24,24,24,24,25,25,25,24,983,9830,-895.7582,-952.4236,226.1445,-321.0743,-0.001645444,-1.284249E-05,0.5224293,-0.6518912,0.9059832,0.2588653,-0.3941649,1.212342,1.407726,0.2228188,0.2400595,0.7911938,24,24,24,24,24,24,24,24,24,24,24,24,24,24,24,24
984,9840,-864.6854,-874.6367,-864.9691,-869.1669,-887.8419,-892.1199,-814.9888,-280.118,116.559,231.9872,-98.8654,-672.3617,-979.475,-830.9525,-855.3707,-919.6414,24,24,24,24,24,24,24,24,24,24,24,24,25,25,25,24,984,9840,-883.0019,-867.5507,229.1562,-328.9492,0.6549574,-0.1227325,0.2612307,-0.3911373,-0.1293977,-1.028836,-0.262767,-0.5388469,-0.7679569,9.150275E-05,-0.0007938265,-0.6781285,24,24,24,24,24,24,24,24,24,24,24,24,24,24,24,24
985,9850,-898.7101,-908.3511,-910.7397,-871.1144,-872.632,-944.6848,-863.9574,-292.7821,123.3716,234.5717,-99.69614,-656.6053,-1002.328,-898.1495,-877.9054,-872.0513,24,24,24,24,24,24,24,24,24,24,24,24,25,25,25,24,985,9850,-931.0729,-900.0525,229.5491,-323.5272,-0.5269274,-0.3681718,-0.2611665,0.5215014,-0.1293993,-0.2562149,-1.182537,-0.4041404,-0.1280493,0.3341825,0.60134,0.2260696,24,24,24,24,24,24,24,24,24,24,24,24,24,24,24,24
986,9860,-890.5346,-899.8923,-920.3369,-926.0077,-894.6017,-879.4106,-815.499,-283.0019,121.2659,237.1561,-106.1047,-667.9499,-972.0954,-855.7784,-864.5516,-872.4128,24,24,24,24,24,24,24,24,24,24,24,24,25,25,25,24,986,9860,-907.4402,-918.6061,234.2632,-330.2401,-0.001645444,0.2454296,0.6530294,0.2607475,-0.2588227,-1.286376,-0.7883492,0.2693937,-6.902839E-05,0.7796371,-0.2416475,-0.3390546,24,24,24,24,24,24,24,24,24,24,24,24,24,24,24,24
987,9870,-863.6034,-869.5616,-863.2465,-863.3246,-890.0147,-903.5954,-823.2778,-280.9957,117.1783,233.0948,-106.4607,-689.7569,-1023.276,-885.6172,-897.817,-934.7017,24,24,24,24,24,24,24,24,24,24,24,24,25,25,25,24,987,9870,-905.0232,-945.8443,222.478,-338.7605,0.1296754,0.1227068,-0.1305664,0.6518784,-0.6470898,0.1300952,0.1314172,-0.1347257,0.2558947,-0.5567268,-0.2416475,0.1130428,24,24,24,24,24,24,24,24,24,24,24,24,24,24,24,24
988,9880,-925.8818,-923.8187,-934.7324,-917.9745,-902.2067,-927.1632,-842.9162,-289.0204,122.2568,237.4023,-107.2915,-668.076,-982.0935,-876.5461,-888.2785,-881.2079,24,24,24,24,24,24,24,24,24,24,24,24,25,25,25,24,988,9880,-921.1364,-916.7638,216.0616,-331.6602,0.1296754,0.2454296,0.5224293,-0.9126452,-0.2588227,0.001325184,-0.5255597,1.347052,-0.3840129,-0.4453631,0.3604863,-0.2260311,24,24,24,24,24,24,24,24,24,24,24,24,24,24,24,24
989,9890,-869.0137,-904.726,-868.168,-864.5418,-897.8611,-900.7574,-811.9283,-269.5854,124.9818,236.6638,-101.0016,-675.8912,-989.4731,-830.4751,-847.3822,-873.8586,24,24,24,24,24,24,24,24,24,24,24,24,25,24,25,24,989,9890,-917.7795,-915.3164,226.0135,-327.2709,0.6549574,-0.4908914,-0.6529636,-0.1303834,0.2588677,-0.900066,0.1314172,-0.4041371,-0.7679585,-0.1112722,0.60134,-0.3390546,24,24,24,24,24,24,24,24,24,24,24,24,24,24,24,24
990,9900,-867.2101,-873.4284,-878.5034,-859.1864,-851.266,-880.8913,-812.0558,-272.3439,128.8217,238.6329,-100.4082,-658.1179,-967.9294,-867.8038,-867.1746,-866.6298,24,24,24,24,24,24,24,24,24,24,24,24,25,24,24,24,990,9900,-890.387,-899.7893,225.7516,-333.0803,-0.001645444,-0.7363338,-0.1305664,-6.421245E-06,-0.5176663,0.7739463,-0.3941649,0.1346904,0.895799,-0.2226904,-0.1212207,-0.6781285,24,24,24,24,24,24,24,24,24,24,24,24,24,24,24,24
991,9910,-862.7617,-857.2358,-859.0632,-863.203,-847.6446,-844.9844,-785.4037,-264.0684,127.3353,235.9254,-100.6456,-657.4876,-956.622,-833.5547,-835.4592,-846.5093,24,24,24,24,24,24,24,24,24,24,24,24,25,24,24,24,991,9910,-882.3305,-887.9467,228.3706,-331.402,-1.183529,-0.2454521,0.3918308,0.2607475,0.1294459,0.001325184,-0.9197471,0.673518,0.5118551,0.1114006,0.7217665,1.926374E-05,24,24,24,24,24,24,24,24,24,24,24,24,24,24,24,24
992,9920,-835.59,-837.7805,-845.1597,-831.1921,-821.6915,-829.6839,-780.0477,-262.0621,128.574,236.2946,-104.4432,-652.4456,-938.8873,-832.0034,-833.4323,-832.895,24,24,24,24,24,24,24,24,24,24,24,24,25,24,24,24,992,9920,-957.3911,-926.6328,229.1562,-332.3057,-0.1329655,0.8590278,-0.1305664,0.2607475,-0.1293993,-0.7712959,0.3942099,-0.1347242,-0.6399782,-0.1113267,-1.084635,-0.5650985,24,24,24,24,24,24,24,24,24,24,24,24,24,24,24,24
993,9930,-836.7925,-845.0309,-847.8666,-845.9195,-853.4388,-869.5392,-800.5789,-270.8393,123.8671,233.2179,-110.1397,-665.5549,-949.8375,-841.1921,-845.9515,-856.8707,24,24,24,24,24,24,24,24,24,24,24,24,25,24,24,24,993,9930,-961.4192,-931.5014,220.9066,-337.8569,-0.001645444,-0.1227325,0.2612307,-1.043022,0.3882911,-0.1274449,2.247436E-05,-0.4041371,0.1279112,-0.5567814,0.2400595,0.7911969,24,24,24,24,24,24,24,24,24,24,24,24,24,24,24,24
994,9940,-862.0405,-860.7699,-843.4371,-836.4258,-861.5266,-885.9504,-808.3577,-269.5854,120.5227,232.7256,-102.5444,-678.9164,-994.3531,-853.4836,-865.744,-902.8946,24,24,24,24,24,24,24,24,24,24,24,24,25,24,24,24,994,9940,-928.9244,-933.4752,213.0498,-339.7933,-0.9208885,0.6135885,-0.1305664,-0.1303834,0.9059815,0.3876353,-0.6569544,-0.1347242,-0.8959403,-0.6681451,-0.6029276,2.568498E-05,24,24,24,24,24,24,24,24,24,24,24,24,24,24,24,24
995,9950,-878.1511,-900.775,-911.1088,-860.5253,-876.4949,-956.0368,-853.373,-283.6288,126.2205,235.8023,-96.72923,-658.7481,-1000.423,-869.5938,-850.4823,-857.7141,24,24,24,24,24,24,24,24,24,24,24,24,25,24,24,24,995,9950,-909.3199,-933.3435,218.8115,-324.8181,0.5236365,-0.9817731,-0.6529636,0.1303705,2.247436E-05,-0.1274449,-0.262767,-0.5388436,-0.1280525,0.7795826,-0.362074,0.7911969,24,24,24,24,24,24,24,24,24,24,24,24,24,24,24,24
996,9960,-863.0023,-857.9902,-888.5925,-879.9995,-857.0602,-903.7188,-835.1374,-289.6474,125.1057,233.9563,-108.9529,-657.8658,-995.5434,-926.7549,-894.2401,-851.0876,24,24,24,24,24,24,24,24,24,24,24,24,25,24,24,24,996,9960,-914.0197,-900.4471,230.9895,-325.0763,-0.3956065,-0.2454521,3.210623E-05,1.564517,0.7765581,0.7739463,-0.7883492,0.673518,0.2558914,0.1114006,0.2400595,-0.4520749,24,24,24,24,24,24,24,24,24,24,24,24,24,24,24,24
997,9970,-884.7638,-874.0646,-881.9485,-897.8917,-884.8241,-856.9534,-798.5385,-277.9864,114.5771,229.7719,-118.3284,-684.7148,-985.5452,-874.6058,-891.4977,-897.9549,24,24,24,24,24,24,24,24,24,24,24,24,25,24,24,24,997,9970,-944.3662,-968.74,227.7159,-332.8221,-0.1330169,0.2454296,-0.391765,0.2607475,-0.2588227,-0.5137558,-0.262767,-0.4041371,0.1279112,0.2227642,-0.4825008,-0.1130011,24,24,24,24,24,24,24,24,24,24,24,24,24,24,24,24
998,9980,-892.218,-894.9737,-861.8931,-878.6608,-959.3038,-977.3834,-838.708,-269.0839,119.5318,234.8178,-112.1572,-721.6212,-1051.604,-871.7418,-894.1209,-940.2438,24,24,24,24,24,24,24,24,24,24,24,24,25,24,24,24,998,9980,-925.1645,-948.0811,227.323,-326.8837,0.7862269,0.7363082,0.5224293,0.1303705,-0.5176663,0.1300952,0.2628151,-0.4041371,0.1279112,0.3341279,-0.7233545,-0.2260246,24,24,24,24,24,24,24,24,24,24,24,24,24,24,24,24
999,9990,-903.3992,-936.3082,-938.5467,-897.4047,-907.518,-976.3963,-862.5547,-283.1273,126.2205,231.9872,-104.3245,-667.9499,-998.8761,-870.9064,-859.1862,-853.2563,24,24,24,24,24,24,24,24,24,24,24,24,25,24,24,24,999,9990,-919.9279,-947.6863,228.2396,-327.1418,0.1296241,0.4908689,-0.1305664,-1.69491,0.5177129,0.1300952,-1.313931,0.4041034,-0.7679585,-0.2226904,0.1196326,0.1130492,24,24,24,24,24,24,24,24,24,24,24,24,24,24,24,24
