0,0,-1354.623,-1356.91,-1341.871,-1379.03,-1359.587,-1335.705,-1229.281,-427.6988,186.667,351.6114,-166.7484,-990.9324,-1484.378,-1319.593,-1290.327,-1311.567,24,24,25,24,24,24,24,24,24,24,24,25,25,25,25,25,0,0,-1252.799,-1241.123,333.7824,-465.7912,0.5235851,0.12271,-0.2611633,-0.2607539,-1.294252,-0.1273935,-0.262767,-0.5388436,0.1279674,9.150275E-05,-0.1212207,-1.017251,24,24,24,24,24,24,24,24,24,24,24,24,24,24,24,24
1,10,-1300.169,-1315.341,-1328.583,-1261.21,-1279.917,-1359.647,-1231.067,-405.5052,184.809,347.1809,-155.3555,-1023.179,-1474.619,-1292.141,-1318.346,-1320.724,24,24,25,24,24,24,24,24,24,24,24,25,25,25,25,25,1,10,-1288.651,-1287.441,337.187,-458.9491,-0.5269788,-0.3681685,-0.1305648,-0.2607539,-0.1294491,-0.3849336,-1.182537,-0.8082582,-0.6399205,-0.8908178,-0.2416475,-0.5651498,24,24,24,24,24,24,24,24,24,24,24,24,24,24,24,24
2,20,-1328.658,-1322.108,-1297.331,-1338.742,-1333.272,-1295.842,-1206.323,-423.1848,179.4828,346.5656,-166.3924,-984.1304,-1446.887,-1311.954,-1275.065,-1253.616,24,24,25,24,24,24,24,24,24,24,24,25,25,25,25,25,2,20,-1286.1,-1354.418,340.4607,-459.3364,0.260945,1.349913,3.531685E-05,1.825278,0.1293961,-0.5137036,0.6569993,1.077637,-1.44478E-05,0.8910007,0.7217665,0.1129979,24,24,24,24,24,24,24,24,24,24,24,24,24,24,24,24
3,30,-1293.197,-1269.542,-1325.507,-1295.412,-1257.826,-1263.137,-1186.298,-398.3582,190.7546,355.6728,-139.3341,-964.4804,-1413.68,-1220.05,-1218.311,-1227.953,24,24,25,24,24,24,24,24,24,24,24,25,25,25,25,25,3,30,-1376.2,-1365.34,342.1631,-465.9203,-0.001696814,-0.3681685,0.1306338,-1.043019,-0.6471395,-0.3849336,0.3942099,-0.6735517,0.5119113,-0.6680905,-1.445915,-2.568498E-05,24,24,24,24,24,24,24,24,24,24,24,24,24,24,24,24
4,40,-1235.377,-1249.12,-1255.128,-1240.396,-1249.618,-1283.871,-1188.466,-399.8628,183.4465,344.1041,-145.3866,-979.3439,-1428.557,-1237.357,-1256.465,-1297.833,24,24,25,24,24,24,24,24,24,24,24,25,25,25,25,25,4,40,-1283.817,-1327.706,346.4843,-453.398,-0.264337,0.3681525,-0.2611633,-0.6518849,0.7765084,0.3876867,0.3942099,0.673518,-0.8958842,0.6682734,-0.362074,0.3390482,24,24,24,24,24,24,24,24,24,24,24,24,24,24,24,24
5,50,-1295.361,-1309.057,-1272.723,-1281.536,-1332.427,-1329.411,-1212.7,-420.4263,177.3771,352.2268,-172.3262,-1007.937,-1505.683,-1372.467,-1342.55,-1335.302,24,24,25,24,24,24,24,24,24,24,24,25,25,25,25,25,5,50,-1316.715,-1292.046,351.7221,-468.6314,0.1296249,-0.1227293,-0.652962,0.9126388,-2.729029E-05,-0.9000146,0.3942099,-1.212379,-0.3839584,-0.4453631,-0.7233545,0.4520717,24,24,24,24,24,24,24,24,24,24,24,24,24,24,24,24
6,60,-1352.459,-1315.099,-1303.729,-1274.477,-1258.551,-1276.59,-1186.043,-398.7343,190.383,350.1346,-146.2174,-968.7631,-1424.987,-1258.125,-1258.85,-1281.568,24,24,25,24,24,24,24,24,24,24,24,25,25,25,25,25,6,60,-1341.422,-1338.891,329.8541,-488.1249,-0.1330161,-0.8590535,0.1306338,0.130377,-2.729029E-05,0.6452268,-1.182537,0.2693969,0.2559476,-0.8908178,-0.6029276,-1.356324,24,24,24,24,24,24,24,24,24,24,24,24,24,24,24,24
7,70,-1259.178,-1265.313,-1270.262,-1247.213,-1283.779,-1302.506,-1187.446,-395.0981,186.2954,355.0574,-145.5053,-982.7449,-1420.94,-1249.531,-1272.919,-1283.375,24,24,25,24,24,24,24,24,24,24,24,25,25,25,25,25,7,70,-1352.298,-1336.917,330.5088,-461.9184,-0.3956571,0.1227068,0.3917811,-0.2607539,0.2588179,-1.801405,-0.262767,0.4041034,0.1279674,0.7796371,0.60134,0.1129979,24,24,24,24,24,24,24,24,24,24,24,24,24,24,24,24
8,80,-1264.587,-1287.668,-1263.864,-1275.329,-1295.609,-1268.321,-1163.85,-385.9448,191.7455,357.888,-164.4936,-992.6959,-1442.602,-1361.367,-1344.458,-1321.447,24,24,25,24,24,24,24,24,24,24,24,25,25,25,25,25,8,80,-1341.959,-1346.917,347.6628,-468.3732,0.9175478,0.4908689,-0.7836119,-5.136996E-05,-1.423675,-0.5137036,-0.262767,-0.6735517,-0.3839584,-0.2226358,0.2400595,-2.568498E-05,24,24,24,24,24,24,24,24,24,24,24,24,24,24,24,24
9,90,-1348.853,-1337.092,-1383.828,-1363.937,-1320.838,-1408.893,-1281.575,-416.1632,195.3377,362.1955,-135.4178,-1037.412,-1522.227,-1299.302,-1346.843,-1380.724,24,24,25,24,24,24,24,24,24,24,24,25,25,25,25,25,9,90,-1351.09,-1331.785,329.985,-476.7645,0.1296249,-0.2454521,0.7835782,-0.5215592,0.2588693,0.3876867,0.5256046,-1.765843E-05,-1.44478E-05,-0.8908178,-0.7233545,-1.243301,24,24,24,24,24,24,24,24,24,24,24,24,24,24,24,24
10,100,-1362.196,-1380.232,-1317.017,-1366.371,-1386.993,-1299.298,-1191.655,-419.9248,176.6339,355.6727,-147.1668,-960.4496,-1438.198,-1302.047,-1280.311,-1249.279,24,24,25,24,24,24,24,24,24,24,24,25,25,25,25,25,10,100,-1266.899,-1290.862,334.961,-472.2461,-0.2643362,0.4908689,0.1305825,-5.136996E-05,0.3882927,0.001376554,-0.5255597,-0.2694306,-1.279828,0.8910007,0.7217665,-2.568498E-05,24,24,24,24,24,24,24,24,24,24,24,24,24,24,24,24
11,110,-1258.697,-1256.854,-1276.291,-1246.482,-1234.408,-1291.399,-1207.343,-402.2452,192.9842,354.5651,-141.589,-1018.014,-1493.543,-1306.822,-1350.062,-1381.567,24,24,25,24,24,24,24,24,24,24,24,25,25,25,25,25,11,110,-1221.647,-1226.78,347.7937,-461.2729,-0.2643362,-1.104493,-1.605311E-05,0.3910795,0.1294475,-0.6424745,-0.1313723,-1.077671,0.3839295,0.5569098,-1.445915,-2.568498E-05,24,24,24,24,24,24,24,24,24,24,24,24,24,24,24,24
12,120,-1389.727,-1374.19,-1326.368,-1365.397,-1369.848,-1318.55,-1209.511,-419.2979,189.2682,360.1033,-162.2387,-987.4054,-1474.262,-1330.931,-1303.919,-1315.664,24,24,25,24,24,24,24,24,24,24,24,25,25,25,25,25,12,120,-1386.673,-1399.418,340.5917,-472.3752,-1.052259,-0.8590535,0.3917811,-0.2608053,0.1294475,0.3876867,-0.5255597,0.6735148,0.1279674,-0.4453631,-0.0007938265,-0.4521263,24,24,24,24,24,24,24,24,24,24,24,24,24,24,24,24
13,130,-1334.669,-1333.708,-1370.539,-1296.994,-1308.284,-1385.071,-1233.49,-389.7065,195.8331,360.5956,-135.6552,-997.3564,-1473.547,-1275.312,-1318.942,-1338.073,24,24,25,24,24,24,24,24,24,24,24,25,25,25,25,25,13,130,-1539.342,-1513.083,338.3656,-471.2133,-0.1330161,-0.1227325,-0.5224133,-5.136996E-05,0.1294475,-1.415095,-0.3941649,-1.926374E-05,-1.023863,0.6682734,-0.8437814,0.678122,24,24,24,24,24,24,24,24,24,24,24,24,24,24,24,24
14,140,-1316.036,-1310.386,-1283.796,-1313.79,-1299.955,-1276.59,-1208.746,-427.8242,188.0296,359.8571,-141.589,-975.9429,-1485.569,-1347.164,-1329.316,-1340.844,24,24,25,24,24,24,24,24,24,24,24,25,25,25,25,25,14,140,-1324.637,-1314.153,341.7702,-461.6602,-0.001695209,0.4908689,0.1305825,-0.9126902,-0.6470882,0.001376554,1.051187,1.077636,1.151821,0.2227675,-0.0007938265,-0.6781766,24,24,24,24,24,24,24,24,24,24,24,24,24,24,24,24
15,150,-1332.024,-1331.412,-1327.968,-1285.309,-1299.955,-1330.645,-1205.557,-395.8504,189.1444,365.7645,-136.0112,-952.766,-1426.415,-1351.938,-1337.423,-1281.447,24,24,25,24,24,24,24,24,24,24,24,25,25,25,25,25,15,150,-1280.058,-1270.335,348.1866,-467.5986,0.1296249,-0.2454521,-0.3918148,-0.9126902,-0.1293977,0.001376554,-0.1313723,-0.6735533,-1.279825,-1.002233,0.1196326,0.4520717,24,24,24,24,24,24,24,24,24,24,24,24,24,24,24,24
16,160,-1311.108,-1295.281,-1350.484,-1340.811,-1277.623,-1299.791,-1213.72,-411.9,194.8422,358.7495,-138.8594,-955.0333,-1433.913,-1289.873,-1285.557,-1317.832,24,24,25,24,24,24,24,24,24,24,24,25,25,25,25,25,16,160,-1302.616,-1294.678,344.2582,-470.1805,0.9175478,-0.613611,-0.9142104,0.2607026,0.3882927,0.3876867,0.3942099,-1.926374E-05,1.151821,0.5568584,0.7217665,-0.9041756,24,24,24,24,24,24,24,24,24,24,24,24,24,24,24,24
17,170,-1296.322,-1303.015,-1291.425,-1230.172,-1290.177,-1367.669,-1206.705,-384.8163,187.5341,357.2726,-154.05,-1006.174,-1436.532,-1330.693,-1356.739,-1316.146,24,24,25,24,24,24,24,24,24,24,24,25,25,25,25,25,17,170,-1370.963,-1340.733,344.782,-465.2749,-0.5269772,-1.595374,0.1305825,-0.1304283,-1.553046,-0.2561635,-0.5255597,0.1346872,0.2559508,1.002313,-1.084635,-0.6781253,24,24,24,24,24,24,24,24,24,24,24,24,24,24,24,24
18,180,-1337.794,-1339.871,-1344.209,-1406.773,-1361.639,-1319.538,-1206.705,-417.9186,195.0899,352.3499,-166.3924,-990.8065,-1497.947,-1332.722,-1301.057,-1321.326,24,24,25,24,24,24,24,24,24,24,24,25,25,25,25,25,18,180,-1355.521,-1376.261,344.782,-466.4367,-0.7896181,0.6135885,1.305975,0.3910795,0.3882927,-0.6424745,-0.5255597,0.1346872,0.7678766,-0.1113235,0.3604863,0.4521231,24,24,24,24,24,24,24,24,24,24,24,24,24,24,24,24
19,190,-1348.132,-1344.705,-1346.916,-1267.174,-1298.989,-1374.333,-1207.726,-371.0237,197.9388,358.5034,-149.659,-992.444,-1420.464,-1257.17,-1283.054,-1256.387,24,24,25,24,24,24,24,24,24,24,24,25,25,25,25,25,19,190,-1423.33,-1376.261,332.9968,-476.3771,-0.3956571,-0.1227325,0.3917811,0.5214565,-0.77651,-0.1273935,0.3942099,0.6735148,0.127969,0.8909494,0.1196326,0.3390996,24,24,24,24,24,24,24,24,24,24,24,24,24,24,24,24
20,200,-1245.594,-1239.695,-1204.313,-1213.132,-1218.353,-1191.311,-1125.586,-387.8256,185.8,349.0269,-144.0812,-931.9824,-1384.757,-1272.686,-1240.25,-1244.098,24,24,25,24,24,24,24,24,24,24,24,25,25,25,25,25,20,200,-1283.683,-1289.678,339.2822,-461.6601,0.3922659,-0.8590535,-1.605311E-05,-0.6519362,-0.5176647,-0.5137036,0.3942099,-1.077674,-0.1279931,-0.2226872,0.4809132,0.4521231,24,24,24,24,24,24,24,24,24,24,24,24,24,24,24,24
21,210,-1292.476,-1286.218,-1320.093,-1262.792,-1270.984,-1366.065,-1209.639,-371.5253,204.6276,358.0111,-137.91,-987.1534,-1448.196,-1221.602,-1264.096,-1304.098,24,24,25,24,24,24,24,24,24,24,24,25,25,25,25,25,21,210,-1339.005,-1323.758,351.3293,-454.6889,-0.001695209,0.6135885,-1.605311E-05,-0.6519362,0.7765597,-0.1273935,-1.051142,0.4041018,0.3839327,-0.1113235,0.1196326,-0.4520749,24,24,24,24,24,24,24,24,24,24,24,24,24,24,24,24
22,220,-1277.81,-1310.507,-1284.904,-1266.2,-1320.597,-1309.788,-1151.605,-377.0423,183.5704,351.8576,-173.7504,-975.4391,-1425.582,-1411.031,-1367.469,-1326.748,24,24,25,24,24,24,24,24,24,24,24,25,25,25,25,25,22,220,-1354.313,-1375.603,346.8771,-468.8895,1.180189,-1.349932,-0.1306162,0.9125874,-0.77651,-0.7712442,0.7883941,-0.4041404,0.127969,4.013279E-05,-1.084635,2.568498E-05,24,24,24,24,24,24,24,24,24,24,24,24,24,24,24,24
23,230,-1424.237,-1375.882,-1451.398,-1359.555,-1286.918,-1404.079,-1262.443,-407.5114,195.0899,348.5347,-149.4216,-1025.068,-1531.392,-1297.034,-1300.938,-1333.615,24,24,25,24,24,24,24,24,24,24,24,25,25,25,25,25,23,230,-1350.821,-1326.259,337.187,-461.6601,-0.2643362,-0.4908914,-0.391765,0.1303256,0.7765597,0.6452268,-0.3941649,-1.926374E-05,-1.123718E-05,-0.3340508,-0.8437814,-0.4520749,24,24,24,24,24,24,24,24,24,24,24,24,24,24,24,24
24,240,-1327.336,-1341.321,-1293.639,-1297.481,-1363.45,-1321.266,-1191.144,-410.0192,177.3771,359.611,-146.2174,-969.7707,-1436.056,-1313.625,-1307.377,-1257.471,24,24,25,24,24,24,24,24,24,24,24,25,25,25,25,25,24,240,-1291.203,-1374.024,342.6868,-458.82,-0.7896181,0.2454296,0.1306322,-0.130377,1.035405,-1.415095,-0.5255597,0.2693937,0.2559508,0.2227675,0.3604863,0.3390996,24,24,24,24,24,24,24,24,24,24,24,24,24,24,24,24
25,250,-1273.964,-1252.383,-1262.51,-1279.954,-1239.357,-1247.587,-1186.17,-423.6864,170.8122,339.9197,-148.7096,-952.1362,-1428.677,-1302.047,-1275.423,-1315.182,24,24,25,24,24,24,24,24,24,24,24,25,25,25,25,25,25,250,-1408.963,-1404.417,345.6985,-454.3016,-0.2643362,0.1227068,0.1306322,0.3911309,-0.5177161,-0.1273935,-0.1313723,-0.6735533,-0.511937,-0.4454145,-0.9642078,0.1130492,24,24,24,24,24,24,24,24,24,24,24,24,24,24,24,24
26,260,-1345.247,-1367.665,-1375.215,-1329.735,-1378.661,-1403.586,-1217.674,-399.2359,172.4225,342.7504,-175.0558,-1016.88,-1470.096,-1343.822,-1352.566,-1322.652,24,24,25,24,24,24,24,24,24,24,24,25,25,25,25,25,26,260,-1309.733,-1300.468,350.5436,-461.6601,-0.001695209,-0.1227325,0.2612307,-1.043019,0.1293961,0.2589166,2.247436E-05,0.9429294,0.5119129,-0.5567782,-0.4825008,-0.7911488,24,24,24,24,24,24,24,24,24,24,24,24,24,24,24,24
27,270,-1328.057,-1308.453,-1341.01,-1360.407,-1332.668,-1348.91,-1230.939,-409.5177,197.5672,357.6418,-145.8613,-998.616,-1508.659,-1301.212,-1298.554,-1342.049,24,24,25,24,24,24,24,24,24,24,24,25,25,25,25,25,27,270,-1327.055,-1362.576,346.8771,-471.6006,-0.001695209,0.2454296,-0.5223635,0.3911309,-0.1294491,-0.7712442,-0.1313723,-0.6735533,-1.151843,0.3341311,-0.2416475,0.1130492,24,24,24,24,24,24,24,24,24,24,24,24,24,24,24,24
28,280,-1338.034,-1367.06,-1370.416,-1312.086,-1352.465,-1406.054,-1222.648,-389.7065,186.5432,350.5038,-173.157,-1031.24,-1484.616,-1336.66,-1359.123,-1320.242,24,24,25,24,24,24,24,24,24,24,24,25,25,25,25,25,28,280,-1270.524,-1264.282,337.7108,-466.824,0.9175478,-1.104493,0.5224293,0.6518849,-0.1294491,1.031538,0.2628151,-0.1347257,0.3839327,4.013279E-05,-0.7233545,-1.356273,24,24,24,24,24,24,24,24,24,24,24,24,24,24,24,24
29,290,-1310.867,-1321.504,-1327.475,-1366.98,-1330.857,-1329.658,-1221.628,-421.6803,187.7818,348.6577,-150.4897,-975.3131,-1468.073,-1307.538,-1292.831,-1313.375,24,24,25,24,24,24,24,24,24,24,24,25,25,25,25,25,29,290,-1344.376,-1374.945,332.473,-473.2788,-0.920939,-0.2454521,0.2612307,0.130377,0.1293961,-1.415095,-1.445329,-0.9429679,0.2559476,-0.6681418,0.1196326,0.4521231,24,24,24,24,24,24,24,24,24,24,24,24,24,24,24,24
30,300,-1304.136,-1310.265,-1318.247,-1271.069,-1302.973,-1351.872,-1204.282,-389.0795,182.084,349.15,-158.085,-1010.456,-1457.718,-1340.002,-1345.173,-1302.411,24,24,25,24,24,24,24,24,24,24,24,25,25,25,25,25,30,300,-1425.21,-1411.653,335.0919,-459.3364,0.1296249,0.2454296,-0.5223635,0.7822618,-0.5177161,0.6452268,0.9197921,0.8082213,0.2559476,-0.1113203,0.2400595,1.017247,24,24,24,24,24,24,24,24,24,24,24,24,24,24,24,24
31,310,-1293.918,-1272.926,-1274.445,-1270.582,-1237.547,-1227.841,-1150.33,-383.6879,200.6639,357.2726,-141.233,-938.2804,-1372.379,-1232.941,-1227.85,-1223.857,24,24,25,24,24,24,24,24,24,24,24,25,25,25,25,25,31,310,-1455.018,-1477.3,343.6034,-462.4347,0.1296249,-0.2454521,-0.1305664,-1.303773,-0.9059848,-0.1273935,0.6569993,0.9429294,0.7678734,-0.1113203,0.2400595,-1.130223,24,24,24,24,24,24,24,24,24,24,24,24,24,24,24,24
32,320,-1229.847,-1220.239,-1277.767,-1231.268,-1235.011,-1363.226,-1238.974,-393.5935,185.5522,354.6882,-123.5501,-1008.945,-1510.087,-1332.125,-1384.52,-1429.156,24,24,25,24,24,24,24,24,24,24,24,25,25,25,25,25,32,320,-1313.358,-1313.231,346.8771,-464.113,-0.920939,-0.1227325,0.1306322,-0.5215079,0.5176631,-0.1273935,-1.051142,0.4041018,-1.151846,-0.3340476,-0.0007938265,0.4520717,24,24,24,24,24,24,24,24,24,24,24,24,24,24,24,24
33,330,-1493.499,-1461.853,-1405.859,-1502.89,-1457.995,-1335.458,-1243.566,-460.2995,179.8544,358.2572,-149.0656,-980.3516,-1561.861,-1418.554,-1370.808,-1371.085,24,25,25,24,24,24,24,24,24,24,24,25,25,25,25,25,33,330,-1352.835,-1365.603,343.2106,-470.5678,0.7862269,-0.7363338,0.1306322,0.130377,-0.1294491,-0.2561635,0.1314172,-0.6735533,0.3839295,4.334341E-05,-1.325488,-0.3391027,24,24,24,24,24,24,24,24,24,24,24,24,24,24,24,24
34,340,-1392.613,-1405.625,-1397.49,-1309.774,-1348.361,-1425.927,-1235.275,-386.321,198.9298,364.0415,-154.2874,-1004.158,-1461.526,-1321.741,-1328.242,-1273.495,24,25,25,24,24,24,24,24,24,24,24,25,25,25,25,25,34,340,-1304.765,-1296.915,337.7108,-476.3771,0.2609458,0.8590278,0.6530294,0.2607539,0.3882414,-0.5137036,-1.182537,-0.2694322,-0.5119402,-0.5567766,-0.4825008,-1.130274,24,24,24,24,24,24,24,24,24,24,24,24,24,24,24,24
35,350,-1304.136,-1298.786,-1286.134,-1307.948,-1281.848,-1276.59,-1184.13,-400.7405,193.8513,355.3035,-144.1999,-958.8121,-1426.296,-1235.208,-1236.673,-1290.604,24,25,25,24,24,24,24,24,24,24,24,25,25,25,25,25,35,350,-1332.694,-1328.627,336.1395,-475.6025,0.3922659,0.6135885,-0.391765,0.130377,0.2588179,-0.7712442,1.313976,0.5388083,-0.2559765,0.445498,-1.205061,0.3390482,24,24,24,24,24,24,24,24,24,24,24,24,24,24,24,24
36,360,-1277.69,-1313.407,-1322.923,-1268.391,-1312.268,-1380.874,-1211.934,-385.9449,192.6126,357.7649,-143.3691,-1001.639,-1442.602,-1255.499,-1304.277,-1330.483,24,25,25,24,24,24,24,24,24,24,24,25,25,25,25,25,36,360,-1334.977,-1324.416,337.0561,-478.4427,0.2609458,0.3681493,-0.7835621,-0.130377,-0.6471395,-0.6424745,2.247436E-05,0.2693937,0.7678734,0.111407,1.203473,-0.3391027,24,24,24,24,24,24,24,24,24,24,24,24,24,24,24,24
37,370,-1345.848,-1325.733,-1301.268,-1358.947,-1353.793,-1329.041,-1218.312,-422.6833,191.6217,359.3648,-144.7933,-976.1949,-1508.897,-1321.264,-1297.719,-1359.037,24,25,25,24,24,24,24,24,24,24,24,25,25,25,25,25,37,370,-1312.821,-1333.627,338.6274,-476.7644,-0.001695209,0.6135885,0.2612307,-0.6518849,0.2588179,0.001376554,-0.262767,0.6735148,-1.151846,-0.8908675,-0.6029276,1.130219,24,24,24,24,24,24,24,24,24,24,24,24,24,24,24,24
38,380,-1377.703,-1378.54,-1385.92,-1287.987,-1355.121,-1435.07,-1228.005,-376.0392,193.4797,358.1341,-180.2776,-1044.088,-1494.019,-1444.108,-1419.476,-1334.941,24,25,25,24,24,24,24,24,24,24,24,25,25,25,25,25,38,380,-1266.093,-1283.098,340.5916,-477.2808,0.3922659,-0.8590503,-1.175361,-0.130377,-2.729029E-05,-0.3849336,0.3942099,0.6735148,-1.44478E-05,0.111407,-0.0007938265,-0.7912002,24,24,24,24,24,24,24,24,24,24,24,24,24,24,24,24
39,390,-1427.003,-1399.337,-1440.075,-1445.585,-1370.813,-1402.108,-1278.641,-428.5765,191.8694,346.3194,-153.2193,-1033.507,-1570.312,-1299.899,-1337.185,-1452.046,24,25,25,24,24,24,24,24,24,24,24,25,25,25,25,25,39,390,-1343.436,-1336.917,340.8535,-476.1189,-0.001695209,-1.472652,-0.5224181,0.7822618,-0.2588725,0.001376554,-0.1313723,-1.481795,-0.3839584,-0.5567766,-1.927622,-1.130274,24,24,24,24,24,24,24,24,24,24,24,24,24,24,24,24
40,400,-1401.15,-1450.608,-1334.243,-1298.576,-1388.442,-1382.232,-1207.853,-389.4557,196.3286,368.8412,-135.6552,-970.5266,-1412.49,-1257.289,-1281.623,-1255.423,24,25,25,24,24,24,24,24,24,24,24,25,25,25,25,25,40,400,-1343.302,-1378.63,338.1036,-475.4734,-1.446221,0.3681525,1.175372,0.7822586,1.164777,0.001376554,0.2628151,0.1346872,0.5119113,4.334341E-05,-0.1212207,0.1129979,24,24,24,24,24,24,24,24,24,24,24,24,24,24,24,24
41,410,-1266.992,-1273.651,-1293.147,-1322.554,-1291.143,-1282.038,-1202.751,-417.2917,194.0991,362.4416,-130.3147,-972.2901,-1498.542,-1281.399,-1277.092,-1371.808,24,25,25,24,24,24,24,24,24,24,24,25,25,25,25,25,41,410,-1397.147,-1391.13,337.0561,-472.6333,-0.2643362,-9.631868E-06,-2.086905E-05,-3.210623E-06,-0.7765613,-0.2561635,0.2628151,0.5388083,-0.3839584,0.3341343,0.1196326,-0.3391027,24,24,24,24,24,24,24,24,24,24,24,24,24,24,24,24
42,420,-1407.162,-1430.172,-1396.751,-1356.391,-1419.234,-1404.083,-1222.138,-419.2979,175.0237,359.4879,-152.8633,-980.9814,-1461.407,-1346.209,-1341.596,-1298.556,24,25,25,24,24,24,24,24,24,24,24,25,25,25,25,25,42,420,-1317.252,-1352.707,336.1395,-470.1805,0.1296249,-0.613611,0.5223764,-0.6518881,0.7765084,0.6452268,0.1314172,-0.5388469,0.3839295,-0.7795039,-1.325488,-0.6781766,24,24,24,24,24,24,24,24,24,24,24,24,24,24,24,24
43,430,-1297.164,-1273.288,-1273.707,-1280.441,-1248.048,-1257.113,-1199.563,-419.9248,186.5433,353.8267,-118.6844,-947.7275,-1486.64,-1274.476,-1264.454,-1349.64,24,25,25,24,24,24,24,24,24,24,24,25,25,25,25,25,43,430,-1300.065,-1274.545,342.5558,-466.1785,-0.1330161,0.2454328,-0.391818,-0.6518881,0.5176631,-0.3849336,-0.1313691,0.2693937,0.1279674,4.334341E-05,0.60134,-2.568498E-05,24,24,24,24,24,24,24,24,24,24,24,24,24,24,24,24
44,440,-1340.198,-1393.654,-1321.693,-1265.592,-1360.915,-1380.011,-1190.252,-376.29,189.516,361.0878,-166.5111,-1002.143,-1446.887,-1405.06,-1402.772,-1328.555,24,25,25,24,24,24,24,24,24,24,24,25,25,25,25,25,44,440,-1296.842,-1318.758,348.1865,-460.3692,0.6549068,-0.9817699,0.3917762,0.1303738,0.2588179,-0.1273935,-0.2627638,-1.347087,0.5119113,-0.3340476,-0.6029276,-0.4521263,24,24,24,24,24,24,24,24,24,24,24,24,24,24,24,24
45,450,-1398.385,-1379.507,-1412.505,-1426.118,-1322.77,-1338.675,-1241.653,-439.1091,190.1354,360.3494,-123.9062,-951.7583,-1514.491,-1344.299,-1317.988,-1352.531,24,25,25,24,24,24,24,24,24,24,24,25,25,25,25,25,45,450,-1335.38,-1307.968,342.032,-462.0475,-0.7896181,-0.2454489,0.6529748,0.3911277,-0.1294491,1.031538,0.3942131,0.5388083,0.5118567,4.334341E-05,0.1196326,-0.3391027,24,24,24,24,24,24,24,24,24,24,24,24,24,24,24,24
46,460,-1364.601,-1369.961,-1362.05,-1292.369,-1297.782,-1350.89,-1217.929,-398.609,184.4375,348.1654,-134.5871,-992.318,-1464.383,-1290.112,-1323.473,-1321.929,24,25,25,24,24,24,24,24,24,24,24,25,25,25,25,25,46,460,-1289.725,-1329.285,341.3773,-462.6929,-0.2643362,0.2454328,-0.2612195,0.3911277,-0.5177161,-2.058945,-0.5255532,-0.2694322,-0.3840129,0.5568584,-0.2416475,0.2260214,24,24,24,24,24,24,24,24,24,24,24,24,24,24,24,24
47,470,-1317.719,-1314.857,-1272.231,-1317.442,-1333.03,-1281.174,-1180.686,-421.1787,179.1113,347.9193,-166.6297,-980.3516,-1475.571,-1360.77,-1327.408,-1334.338,24,25,25,24,24,24,24,24,24,24,24,25,25,25,25,25,47,470,-1331.351,-1285.599,343.0796,-454.1725,0.2609458,0.7363114,-0.391818,0.5215046,-0.7765613,0.1301466,0.6570058,-0.1347257,0.6398386,-0.6681418,0.1196326,0.7911456,24,24,24,24,24,24,24,24,24,24,24,24,24,24,24,24
48,480,-1388.043,-1367.302,-1375.953,-1309.287,-1304.422,-1358.294,-1220.353,-395.2235,192.365,357.1495,-123.7875,-978.4622,-1456.409,-1256.096,-1280.669,-1291.327,24,25,25,24,24,24,24,24,24,24,24,25,25,25,25,25,48,480,-1299.528,-1290.599,347.4008,-455.5926,-0.7896181,-0.1227293,-2.086905E-05,-1.434153,-0.3882943,0.001376554,-0.3941585,-1.926374E-05,-0.5119932,-0.6681418,0.3604863,-1.356267,24,24,24,24,24,24,24,24,24,24,24,24,24,24,24,24
49,490,-1281.056,-1276.551,-1225.229,-1252.081,-1292.712,-1260.938,-1167.421,-413.4047,173.6612,348.5346,-165.443,-964.4804,-1460.336,-1406.493,-1352.804,-1357.591,24,25,25,24,24,24,24,24,24,24,24,25,25,25,25,25,49,490,-1304.496,-1300.205,338.7584,-468.8895,0.5235868,0.2454328,-0.391818,0.6518816,0.6470866,0.5164568,0.6570058,-1.481795,-1.663827,-0.6681418,-0.2416475,0.5651531,24,24,24,24,24,24,24,24,24,24,24,24,24,24,24,24
50,500,-1442.755,-1390.147,-1510.476,-1374.77,-1350.051,-1499.513,-1290.12,-399.8629,199.673,358.5033,-151.4391,-1059.833,-1557.22,-1355.519,-1408.976,-1424.698,24,25,25,24,24,24,24,24,24,24,24,25,25,25,25,25,50,500,-1283.012,-1313.626,333.9134,-459.5946,-0.001695209,-0.9817699,-0.6530166,0.7822586,0.2588179,0.9027677,-0.6569512,0.8082213,0.6398386,0.5568584,-0.8437814,-1.469293,24,24,24,24,24,24,24,24,24,24,24,24,24,24,24,24
51,510,-1447.445,-1439.241,-1372.877,-1497.658,-1449.059,-1327.569,-1214.485,-438.106,180.35,352.4729,-162.12,-966.3699,-1527.345,-1421.3,-1342.312,-1314.7,24,25,25,24,24,24,24,24,24,24,24,25,25,25,25,25,51,510,-1261.796,-1290.73,346.6152,-452.8816,-1.446221,-0.2454489,-2.086905E-05,0.6518816,0.7765084,-0.3849336,-0.3941585,-0.2694322,0.2558947,-0.1113235,-0.0007938265,-0.4520685,24,24,24,24,24,24,24,24,24,24,24,24,24,24,24,24
52,520,-1415.099,-1368.629,-1399.828,-1305.636,-1247.566,-1337.688,-1228.643,-402.1198,190.8786,348.9038,-148.3535,-1004.536,-1481.284,-1277.699,-1299.984,-1315.664,24,25,25,24,24,24,24,24,24,24,24,25,25,25,25,25,52,520,-1348.807,-1315.469,340.9845,-466.1785,0.1296249,0.12271,-1.044815,0.1303738,-0.7765613,-0.3849336,0.6570058,0.2693937,0.6398386,1.22504,-0.6029276,0.3391027,24,24,24,24,24,24,24,24,24,24,24,24,24,24,24,24
53,530,-1311.949,-1333.579,-1294.87,-1320.485,-1371.658,-1323.251,-1190.252,-412.7777,178.9874,345.0887,-177.6667,-985.39,-1468.073,-1373.661,-1340.285,-1323.616,24,25,25,24,24,24,24,24,24,24,24,25,25,25,25,25,53,530,-1225.273,-1218.753,337.0561,-462.5638,0.5235868,0.12271,-2.086905E-05,-0.6518881,-0.2588725,1.160308,0.5256078,-0.1347257,0.5118567,-1.447689,-0.2416475,-0.5650953,24,24,24,24,24,24,24,24,24,24,24,24,24,24,24,24
54,540,-1357.508,-1357.389,-1373.739,-1325.11,-1353.793,-1454.329,-1253.132,-390.9604,191.0024,347.9193,-159.8652,-1028.721,-1464.621,-1265.883,-1323.831,-1357.471,24,25,25,24,24,24,24,24,24,24,24,25,25,25,25,25,54,540,-1326.115,-1317.837,343.3415,-456.4962,0.2609458,-0.3681685,-0.7836167,-1.303776,-0.1294491,0.9027677,-0.2627638,1.212342,-1.023919,-0.6681418,-0.9642078,0.7912034,24,24,24,24,24,24,24,24,24,24,24,24,24,24,24,24
55,550,-1383.113,-1377.815,-1345.193,-1388.036,-1381.921,-1335.837,-1216.909,-425.1911,176.8817,352.8421,-149.659,-966.4958,-1464.264,-1318.16,-1296.05,-1293.375,24,25,25,24,24,24,24,24,24,24,24,25,25,25,25,25,55,550,-1296.171,-1287.441,345.0438,-458.6909,1.180189,0.2454328,-0.5223635,0.1303738,-0.2588725,0.001376554,0.6570058,-0.1347257,0.1279128,0.6682221,0.3604863,-0.339045,24,24,24,24,24,24,24,24,24,24,24,24,24,24,24,24
56,560,-1313.392,-1317.867,-1351.591,-1294.316,-1312.388,-1416.428,-1258.871,-405.756,178.7397,345.3348,-136.6046,-999.7497,-1466.525,-1264.451,-1297.123,-1312.893,24,25,25,24,24,24,24,24,24,24,24,25,25,25,25,25,56,560,-1336.051,-1335.601,350.8055,-459.3364,-0.2643362,-1.349929,-0.2611665,0.1303705,-0.6471395,0.2589166,-1.051135,-0.8082598,-0.3840129,-0.2226872,-1.325488,-0.7911424,24,24,24,24,24,24,24,24,24,24,24,24,24,24,24,24
57,570,-1291.033,-1296.596,-1260.296,-1288.839,-1314.441,-1284.876,-1195.354,-426.6957,172.9179,346.4424,-155.8302,-976.5728,-1477.951,-1320.428,-1290.208,-1308.676,24,25,25,24,24,24,24,24,24,24,24,25,25,25,25,25,57,570,-1323.697,-1333.233,348.7103,-462.9511,-0.3956571,0.3681525,0.1306322,0.2607475,2.407967E-05,-0.7712442,2.88956E-05,0.1346872,1.279745,0.4454948,-0.1212207,-0.4520685,24,24,24,24,24,24,24,24,24,24,24,24,24,24,24,24
58,580,-1330.101,-1332.492,-1327.353,-1258.776,-1296.696,-1355.086,-1210.787,-392.8411,180.226,352.5959,-138.9781,-986.2719,-1439.984,-1255.26,-1293.188,-1290.483,24,25,25,24,24,24,24,24,24,24,24,25,25,25,25,25,58,580,-1407.351,-1388.235,347.9246,-464.2421,0.2609458,0.4908721,3.210623E-05,0.5215014,-0.9059334,-1.157555,0.2628184,0.4041018,-0.7679569,-0.4454145,-0.0007938265,-0.2260182,24,24,24,24,24,24,24,24,24,24,24,24,24,24,24,24
59,590,-1294.519,-1294.058,-1282.074,-1324.502,-1300.679,-1266.861,-1188.849,-417.2916,190.0114,352.8421,-149.7776,-974.9352,-1501.28,-1343.941,-1315.365,-1388.555,24,25,25,24,24,24,24,24,24,24,24,25,25,25,25,25,59,590,-1349.344,-1392.182,339.5441,-469.4059,1.180189,0.3681525,0.6530294,-0.7822682,-0.77651,-0.1273935,0.6570058,-0.6735533,0.3838765,-0.1113235,-0.4825008,0.7912034,24,24,24,24,24,24,24,24,24,24,24,24,24,24,24,24
60,600,-1392.372,-1416.387,-1425.675,-1335.334,-1376.004,-1406.799,-1241.27,-405.3798,181.3408,358.2572,-161.5266,-1022.171,-1492.353,-1393.119,-1401.102,-1345.423,24,25,25,24,24,24,24,24,24,24,24,25,25,25,25,25,60,600,-1364.517,-1325.732,337.0561,-466.9531,-0.7896181,0.7363114,-0.9141622,-0.1303834,-0.5176647,-0.5137036,-0.6569512,0.4041034,-0.3840129,0.1114038,0.9626201,2.88956E-05,24,24,24,24,24,24,24,24,24,24,24,24,24,24,24,24
61,610,-1401.391,-1371.772,-1426.413,-1407.016,-1332.91,-1394.701,-1283.36,-436.4758,190.383,358.011,-132.4509,-1012.472,-1549.007,-1301.331,-1321.327,-1374.579,24,25,25,24,24,24,24,24,24,24,24,25,25,25,25,25,61,610,-1416.213,-1481.115,350.2816,-454.0434,0.3922659,-0.2454489,-1.044761,-0.2607604,0.6471379,-0.1273935,0.5256078,-0.8082582,-1.535845,-0.2226872,-0.7233545,2.88956E-05,24,24,24,24,24,24,24,24,24,24,24,24,24,24,24,24
62,620,-1349.454,-1373.343,-1310.004,-1290.056,-1361.036,-1346.572,-1193.568,-401.242,179.4828,356.9034,-161.0519,-982.619,-1453.314,-1368.767,-1343.266,-1294.459,24,25,25,24,24,24,24,24,24,24,24,25,25,25,25,25,62,620,-1391.91,-1372.445,347.1389,-464.8875,-0.6582981,-1.349929,1.306025,0.6518784,0.7765597,0.3876867,-0.6569512,-0.6735517,0.3838765,1.336455,-0.6029276,-1.582317,24,24,24,24,24,24,24,24,24,24,24,24,24,24,24,24
63,630,-1307.021,-1282.938,-1312.834,-1301.863,-1254.688,-1309.678,-1220.353,-407.386,194.7183,360.3494,-127.4664,-969.267,-1444.149,-1242.37,-1261.115,-1320.604,24,25,25,24,24,24,24,24,24,24,24,25,25,25,25,25,63,630,-1380.094,-1402.838,344.9128,-465.0166,-0.2643362,0.3681525,0.2612307,-0.5215143,0.5177145,-1.286325,-0.1313691,-0.1347242,-0.3840129,-1.559001,-0.4825008,0.7912034,24,24,24,24,24,24,24,24,24,24,24,24,24,24,24,24
64,640,-1281.657,-1302.639,-1265.833,-1278.25,-1358.259,-1304.125,-1169.207,-385.8194,194.3467,363.4261,-159.0344,-970.0227,-1413.561,-1320.309,-1302.965,-1248.435,24,25,25,24,24,24,24,24,24,24,24,25,25,25,25,25,64,640,-1332.828,-1328.101,344.1272,-465.4039,0.5235868,0.7363114,-0.1305664,0.6518784,-0.1293977,0.2589166,-0.1313691,0.673518,0.1279128,0.5569098,0.2400599,-1.017186,24,24,24,24,24,24,24,24,24,24,24,24,24,24,24,24
65,650,-1313.752,-1279.917,-1308.65,-1313.425,-1266.155,-1305.853,-1204.154,-395.2234,207.6004,362.8108,-133.9937,-983.2487,-1462.836,-1201.431,-1232.261,-1330.242,24,24,25,24,24,24,24,24,24,24,24,25,25,25,25,25,65,650,-1359.818,-1349.681,341.9011,-464.7585,0.2609458,0.12271,1.044827,0.1303705,0.6471379,-1.028785,-0.2627638,-1.765843E-05,0.7678204,-0.5567268,-0.1212203,-0.4520621,24,24,24,24,24,24,24,24,24,24,24,24,24,24,24,24
66,660,-1345.728,-1351.472,-1319.478,-1278.128,-1349.809,-1373.594,-1192.803,-379.0485,188.8966,358.1341,-149.3029,-991.4363,-1432.009,-1302.047,-1313.577,-1299.037,24,24,25,24,24,24,24,24,24,24,24,25,25,25,25,25,66,660,-1292.411,-1301.784,336.9251,-464.6294,-0.001695209,0.9817506,-0.2611665,-0.5215143,2.407967E-05,0.7739968,-0.3941585,1.347052,-0.639975,-1.559001,-0.6029276,0.2260856,24,24,24,24,24,24,24,24,24,24,24,24,24,24,24,24
67,670,-1314.353,-1290.689,-1276.783,-1288.474,-1265.673,-1277.349,-1185.277,-400.1135,199.5491,370.4411,-109.9023,-913.8438,-1433.794,-1266.957,-1240.607,-1273.977,24,24,25,24,24,24,24,24,24,24,24,25,25,25,25,25,67,670,-1359.415,-1384.025,340.7226,-462.6929,0.3922659,-1.227209,-1.436559,0.1303705,0.1294475,0.001376554,0.1314236,0.1346904,-0.7679569,-0.3339995,-0.6029276,-1.017186,24,24,24,24,24,24,24,24,24,24,24,24,24,24,24,24
68,680,-1264.227,-1261.688,-1335.473,-1237.962,-1244.669,-1347.189,-1218.822,-393.0919,195.0899,358.1341,-119.6338,-984.5083,-1458.908,-1265.167,-1291.161,-1309.881,24,24,25,24,24,24,24,24,24,24,24,25,25,25,25,25,68,680,-1312.284,-1316.784,344.3891,-461.9184,0.3922659,-9.631868E-06,-0.1305664,0.3911245,-0.388243,-0.2561635,-1.445323,-0.1347242,0.3838765,-0.2226358,-0.9642078,-0.6781124,24,24,24,24,24,24,24,24,24,24,24,24,24,24,24,24
69,690,-1335.63,-1336.246,-1294.378,-1324.258,-1333.996,-1308.567,-1192.292,-415.2854,183.4465,349.15,-145.7426,-949.491,-1424.987,-1251.918,-1241.323,-1266.146,24,24,25,24,24,24,24,24,24,24,24,25,25,25,25,25,69,690,-1258.171,-1315.074,341.6393,-461.1438,0.1296249,0.6135917,0.1306322,0.2607475,2.407967E-05,-1.028785,0.2628184,0.673518,0.1279128,0.2228188,-0.2416471,0.2260856,24,24,24,24,24,24,24,24,24,24,24,24,24,24,24,24
70,700,-1287.908,-1306.882,-1301.883,-1240.153,-1295.73,-1356.685,-1187.828,-365.632,198.0627,358.8725,-155.7115,-1017.258,-1429.391,-1261.109,-1320.85,-1332.772,24,24,25,24,24,24,24,24,24,24,24,25,25,25,25,25,70,700,-1296.842,-1253.492,340.8536,-463.4675,-0.2643362,0.2454328,-0.6529636,-6.421245E-06,-0.2588211,0.001376554,-0.2627638,-0.1347242,0.1279128,-0.1112722,0.3604863,0.5651595,24,24,24,24,24,24,24,24,24,24,24,24,24,24,24,24
71,710,-1356.306,-1325.491,-1277.152,-1307.461,-1319.51,-1267.827,-1141.657,-379.9262,189.8875,355.3035,-144.7932,-934.6275,-1357.024,-1252.276,-1249.311,-1210.845,24,24,25,24,24,24,24,24,24,24,24,25,25,25,25,25,71,710,-1316.447,-1327.443,343.7344,-461.0147,0.2609458,-6.421245E-06,0.9141783,-1.043022,-0.388243,-0.7712442,2.88956E-05,1.212344,-0.2560311,-0.1112722,-0.1212203,0.1130589,24,24,24,24,24,24,24,24,24,24,24,24,24,24,24,24
72,720,-1230.448,-1224.831,-1256.481,-1264.618,-1221.371,-1290.659,-1222.521,-417.1663,185.0568,346.4424,-135.0618,-976.4468,-1467.12,-1251.799,-1263.977,-1332.652,24,24,25,24,24,24,24,24,24,24,24,25,25,25,25,25,72,720,-1341.691,-1325.206,346.0914,-466.4367,-0.2643362,-0.1227261,-0.3918148,-0.3911373,0.2588693,-0.3849336,-0.6569512,-0.5388436,0.1279128,0.4455462,-0.0007938265,0.3391092,24,24,24,24,24,24,24,24,24,24,24,24,24,24,24,24
73,730,-1283.941,-1308.936,-1269.647,-1221.287,-1296.334,-1340.024,-1182.089,-379.5501,186.5432,354.3189,-139.8088,-961.0795,-1389.518,-1265.167,-1286.869,-1260.242,24,24,25,24,24,24,24,24,24,24,24,25,25,25,25,25,73,730,-1366.666,-1444.542,342.1631,-467.4695,-0.1330161,-1.104486,0.1305825,0.7822554,-0.1293993,-0.3849336,0.2628184,-1.765843E-05,-0.2560311,-0.2226358,-0.8437809,-0.7911392,24,24,24,24,24,24,24,24,24,24,24,24,24,24,24,24
74,740,-1312.19,-1299.027,-1288.349,-1325.353,-1280.762,-1241.046,-1169.589,-416.0378,185.4284,352.8421,-136.9606,-941.5554,-1434.627,-1289.276,-1262.665,-1270.001,24,24,25,24,24,24,24,24,24,24,24,25,25,25,25,25,74,740,-1384.122,-1362.445,339.6751,-467.5986,-0.7896181,-0.3681653,-0.1306162,-0.5215143,0.9059815,0.001376554,-0.7883459,0.2693969,1.023782,-0.5567268,-0.1212203,-0.4520621,24,24,24,24,24,24,24,24,24,24,24,24,24,24,24,24
75,750,-1289.951,-1280.539,-1309.019,-1269.486,-1250.101,-1314.724,-1193.185,-379.5501,197.5672,358.6264,-142.7758,-989.9247,-1451.172,-1277.46,-1294.5,-1290.845,24,24,25,24,24,24,24,24,24,24,24,25,25,25,25,25,75,750,-1326.249,-1377.708,336.2704,-468.6314,-0.2643362,-0.1227261,-0.7836119,0.2607475,-0.6470898,-2.058945,0.3942195,0.1346904,-0.7679569,9.150275E-05,0.3604863,0.3391092,24,24,24,24,24,24,24,24,24,24,24,24,24,24,24,24
76,760,-1315.916,-1305.674,-1276.168,-1297.724,-1305.508,-1265.729,-1176.859,-408.3892,185.0568,350.0115,-157.729,-976.8246,-1457.36,-1325.561,-1306.423,-1287.11,24,24,25,24,24,24,24,24,24,24,24,25,25,25,25,25,76,760,-1438.637,-1403.496,338.8894,-468.3732,0.2609458,0.4908753,0.7835782,-0.3911373,0.9059815,0.5164568,0.1314268,-0.808255,-0.2560311,-0.4453631,0.2400599,0.4521327,24,24,24,24,24,24,24,24,24,24,24,24,24,24,24,24
77,770,-1280.455,-1266.401,-1319.601,-1269.851,-1268.087,-1349.404,-1219.97,-384.691,195.5854,358.7495,-151.5578,-1029.854,-1496.4,-1353.609,-1393.228,-1361.688,24,24,25,24,24,24,24,24,24,24,24,25,25,25,25,25,77,770,-1301.945,-1320.337,342.1631,-467.4695,-0.3956571,0.2454328,-0.6530133,-1.69491,0.1294459,0.001376554,-1.313922,0.8082261,-0.8958842,-0.3339995,-0.1212203,3.531685E-05,24,24,24,24,24,24,24,24,24,24,24,24,24,24,24,24
78,780,-1391.17,-1362.468,-1344.578,-1385.724,-1347.033,-1343.11,-1236.934,-423.1849,194.7183,350.2576,-156.4236,-1009.323,-1546.389,-1325.322,-1323.473,-1454.697,24,24,25,24,24,24,24,24,24,24,24,25,25,25,25,25,78,780,-1342.094,-1316.126,347.6628,-462.693,0.3922659,-0.3681653,-0.1306162,0.5215014,1.294249,-0.3849336,0.5256143,-0.808255,-0.1279963,0.5568552,-1.084634,-0.226015,24,24,24,24,24,24,24,24,24,24,24,24,24,24,24,24
79,790,-1429.648,-1429.809,-1390.474,-1322.189,-1425.271,-1424.816,-1214.103,-389.5811,184.3136,354.3189,-174.6998,-1017.384,-1471.762,-1372.348,-1375.697,-1317.592,24,24,25,24,24,24,24,24,24,24,24,25,25,25,25,25,79,790,-1359.012,-1362.576,341.6393,-482.1865,-0.7896181,-0.1227261,-1.605311E-05,0.6518784,-0.6470898,-0.3849336,-1.182527,1.48176,1.023837,-0.6681451,-1.205061,-0.9041627,24,24,24,24,24,24,24,24,24,24,24,24,24,24,24,24
80,800,-1378.184,-1355.339,-1344.332,-1351.4,-1291.143,-1326.943,-1233.107,-412.7777,202.0264,360.7186,-136.7233,-990.5544,-1502.232,-1265.883,-1296.408,-1368.435,24,24,25,24,24,24,24,24,24,24,24,25,25,25,25,25,80,800,-1337.931,-1317.047,331.2945,-475.0862,0.5235868,0.4908753,0.2611809,0.5215014,-0.905935,-1.157555,-0.2627574,0.404105,-0.3839584,-0.1113267,0.1196326,-0.7911424,24,24,24,24,24,24,24,24,24,24,24,24,24,24,24,24
81,810,-1342.963,-1383.98,-1323.415,-1307.218,-1412.834,-1396.55,-1214.23,-410.0192,182.3317,359.3648,-177.4294,-1005.796,-1513.42,-1444.108,-1403.369,-1356.989,24,25,25,24,24,24,24,24,24,24,24,25,25,25,25,25,81,810,-1366.263,-1368.103,334.6991,-470.0515,0.5235868,0.3681557,-1.605311E-05,0.6518784,-0.7765115,0.001376554,0.1314268,-1.44478E-05,-1.151846,-0.2226904,0.9626201,0.6781799,24,24,24,24,24,24,24,24,24,24,24,24,24,24,24,24
82,820,-1422.554,-1385.431,-1401.92,-1366.006,-1348.119,-1433.333,-1269.458,-404.8784,199.4252,355.3035,-151.3205,-1047.111,-1536.034,-1279.847,-1339.808,-1414.819,24,25,25,24,24,24,24,24,24,24,24,25,25,25,25,25,82,820,-1361.966,-1364.55,338.7584,-466.3076,0.1296249,-6.421245E-06,-0.2612146,-1.825287,2.247436E-05,-1.028785,-0.3941553,0.134692,0.7678734,-1.002236,-0.7233545,0.1130557,24,24,24,24,24,24,24,24,24,24,24,24,24,24,24,24
83,830,-1342.122,-1423.393,-1293.393,-1347.14,-1424.426,-1306.209,-1172.778,-404.2514,186.2954,354.6881,-173.7504,-986.7756,-1465.097,-1319.115,-1305.708,-1276.026,24,25,25,24,24,24,24,24,24,24,24,25,25,25,25,25,83,830,-1341.154,-1377.182,341.9012,-472.6334,-0.001695209,-6.421245E-06,-0.2612146,0.7822554,0.7765581,0.1301466,0.2628216,-1.44478E-05,-0.1279963,0.1114006,0.60134,0.2260792,24,24,24,24,24,24,24,24,24,24,24,24,24,24,24,24
84,840,-1270.478,-1277.621,-1286.872,-1271.312,-1254.567,-1297.323,-1208.491,-404.5022,188.0296,354.3189,-151.5578,-1022.171,-1493.662,-1309.567,-1352.685,-1363.977,24,25,25,24,24,24,24,24,24,24,24,25,25,25,25,25,84,840,-1340.751,-1335.864,338.2346,-478.959,-0.5269772,-1.718088,-0.5224133,0.5215014,-0.3882445,-0.5137036,-0.5255501,-0.538842,-0.1279963,0.6682189,-0.1212207,-1.469293,24,24,24,24,24,24,24,24,24,24,24,24,24,24,24,24
85,850,-1364.36,-1379.99,-1334.366,-1383.046,-1387.234,-1318.797,-1202.624,-414.0316,187.0386,354.3189,-155.8302,-973.5497,-1472.953,-1345.851,-1317.75,-1301.568,24,25,25,24,24,24,24,24,24,24,24,25,25,25,25,25,85,850,-1349.881,-1363.497,340.0679,-471.4715,0.1296249,0.9817538,0.3917811,-0.3911373,-0.1293993,0.1301466,-1.182527,-0.6735485,-0.5119402,-0.1113267,-0.362074,2.88956E-05,24,24,24,24,24,24,24,24,24,24,24,24,24,24,24,24
86,860,-1316.637,-1312.55,-1323.415,-1269.852,-1306.715,-1387.54,-1222.903,-382.6848,193.8513,356.7803,-146.3361,-1006.174,-1457.123,-1283.905,-1312.862,-1303.134,24,25,25,24,24,24,24,24,24,24,24,25,25,25,25,25,86,860,-1394.595,-1405.075,340.0679,-480.8955,-0.6582981,-0.2454457,-0.2612146,0.7822554,-0.3882445,-0.1273935,0.7884037,0.6735196,0.2559476,0.1114006,-0.1212207,0.1130557,24,24,24,24,24,24,24,24,24,24,24,24,24,24,24,24
87,870,-1285.864,-1315.934,-1273.215,-1306.001,-1309.129,-1262.397,-1176.732,-414.157,192.6126,360.2263,-146.3361,-942.4371,-1475.333,-1365.544,-1300.462,-1326.387,24,25,25,24,24,24,24,24,24,24,24,25,25,25,25,25,87,870,-1400.369,-1395.734,334.0444,-480.6373,0.3922659,0.1227132,-0.1306162,-0.9126452,-1.035357,-0.1273935,-0.6569448,-0.538842,0.5119113,-0.2226904,-1.566342,0.4521295,24,24,24,24,24,24,24,24,24,24,24,24,24,24,24,24
88,880,-1364.36,-1351.83,-1381.982,-1276.181,-1274.968,-1384.7,-1223.286,-385.3179,193.6035,352.3498,-134.9431,-979.2178,-1445.339,-1239.505,-1263.738,-1284.098,24,25,25,24,24,24,24,24,24,24,24,25,25,25,25,25,88,880,-1353.641,-1391.393,340.1989,-473.0206,-0.5269772,1.227196,-0.3918148,-0.6518881,0.2588677,0.5164568,0.1314268,0.134692,-1.023864,-1.002236,-0.362074,-0.4520685,24,24,24,24,24,24,24,24,24,24,24,24,24,24,24,24
89,890,-1255.932,-1274.478,-1243.685,-1238.571,-1281.848,-1245.119,-1135.152,-378.2962,188.4012,353.5805,-164.7309,-973.2977,-1434.271,-1309.209,-1284.484,-1253.375,24,25,25,24,24,24,24,24,24,24,24,25,25,25,25,25,89,890,-1403.592,-1361.129,348.7104,-471.9879,0.5235868,-0.8590471,-1.828405,-0.2607571,-0.2588211,-1.028785,0.2628216,-1.347083,0.1279674,0.4454916,0.1196326,0.1130557,24,24,24,24,24,24,24,24,24,24,24,24,24,24,24,24
90,900,-1273.964,-1251.515,-1293.763,-1271.069,-1251.066,-1328.3,-1207.47,-384.4402,200.2924,355.4266,-127.1104,-978.3361,-1453.314,-1234.015,-1254.796,-1310.122,24,25,25,24,24,24,24,24,24,24,24,25,25,25,25,25,90,900,-1349.881,-1376.656,345.6986,-474.6989,-0.5269772,-0.2454457,0.5223796,0.7822586,-0.2588211,0.7739968,-0.6569448,0.5388131,0.5119113,0.2227642,-0.2416475,-1.017193,24,24,24,24,24,24,24,24,24,24,24,24,24,24,24,24
91,910,-1288.629,-1314.121,-1273.584,-1257.315,-1304.422,-1301.026,-1169.717,-396.9789,177.8727,350.6268,-163.0695,-967.6294,-1435.937,-1409.717,-1369.139,-1330.604,24,25,25,24,24,24,24,24,24,24,24,25,25,25,25,25,91,910,-1317.521,-1303.231,341.6393,-480.6373,-0.5269772,-0.490885,-0.2612146,0.1303738,2.407967E-05,-1.543865,0.7884005,0.6735196,-1.44478E-05,0.7795826,-0.2416475,-0.2260182,24,24,24,24,24,24,24,24,24,24,24,24,24,24,24,24
92,920,-1364.6,-1329.954,-1377.799,-1339.472,-1285.711,-1373.223,-1250.964,-409.3923,191.374,349.2731,-141.1143,-998.994,-1481.284,-1256.692,-1287.823,-1341.567,24,25,25,24,24,24,24,24,24,24,24,25,25,25,25,25,92,920,-1336.32,-1320.206,345.8296,-477.6681,-0.3956571,0.3681557,-1.605311E-05,0.3911277,-0.388243,-0.7712442,2.88956E-05,-1.077666,-0.7679023,3.692216E-05,-0.0007938265,0.3391027,24,24,24,24,24,24,24,24,24,24,24,24,24,24,24,24
93,930,-1315.796,-1349.775,-1296.592,-1304.54,-1398.464,-1319.908,-1160.789,-394.8474,178.2442,352.4729,-194.9935,-1004.032,-1462.003,-1455.452,-1407.545,-1334.82,24,25,25,24,24,24,24,24,24,24,24,25,25,25,25,25,93,930,-1322.355,-1330.206,340.3298,-487.4794,0.6549068,0.2454328,0.7835782,-0.2607571,1.035405,0.1301466,-0.2627638,0.6735212,-1.123718E-05,-0.3340541,-0.362074,-0.7911424,24,24,24,24,24,24,24,24,24,24,24,24,24,24,24,24
94,940,-1456.343,-1398.85,-1453.245,-1417.114,-1338.825,-1406.054,-1263.718,-412.6524,201.7788,356.2881,-149.4216,-1014.613,-1520.68,-1296.08,-1299.031,-1325.423,24,25,25,24,24,24,24,24,24,24,24,25,25,25,25,25,94,940,-1310.27,-1310.995,337.9727,-481.541,0.2609458,0.2454328,-0.5224133,-0.912642,2.407967E-05,-0.7712442,-0.6569512,-1.284249E-05,-0.6399189,-0.2226904,0.2400595,2.88956E-05,24,24,24,24,24,24,24,24,24,24,24,24,24,24,24,24
95,950,-1301.852,-1337.205,-1293.024,-1280.684,-1343.895,-1357.179,-1203.006,-409.6431,174.0328,349.0269,-175.0558,-976.9507,-1455.099,-1421.181,-1364.131,-1351.688,24,25,25,24,24,24,24,24,24,24,24,25,25,25,25,25,95,950,-1334.843,-1308.099,341.3774,-482.961,0.1296249,-0.6136078,0.2611809,0.5215046,-1.164779,0.1301466,-0.2627638,-0.1347193,-0.1279931,-0.1113267,-1.927622,-0.339045,24,24,24,24,24,24,24,24,24,24,24,24,24,24,24,24
96,960,-1455.141,-1366.091,-1473.676,-1361.138,-1316.613,-1498.628,-1310.145,-418.2948,187.9058,345.0887,-144.9119,-1028.973,-1548.531,-1305.031,-1334.562,-1391.567,24,25,25,24,24,24,24,24,24,24,24,25,25,25,25,25,96,960,-1320.207,-1342.838,337.449,-486.7048,-0.001695209,-0.6136078,-0.3918148,-0.782265,2.407967E-05,-1.286325,0.2628184,1.212349,0.8958569,0.6682189,0.2400595,-0.5651498,24,24,24,24,24,24,24,24,24,24,24,24,24,24,24,24
97,970,-1372.534,-1414.93,-1326.737,-1292.977,-1364.778,-1356.315,-1196.246,-393.3427,186.791,356.0419,-159.6278,-986.6497,-1445.221,-1296.199,-1293.546,-1247.351,24,25,25,24,24,24,24,24,24,24,24,25,25,25,25,25,97,970,-1381.839,-1360.997,341.1154,-485.4138,0.7862269,-0.1227261,-0.3918148,0.5215046,-0.9059334,-0.6424745,-0.5255532,-1.284249E-05,-0.6399189,-0.3340541,-0.1212207,0.4520717,24,24,24,24,24,24,24,24,24,24,24,24,24,24,24,24
98,980,-1228.765,-1241.241,-1288.103,-1306.122,-1248.048,-1257.337,-1191.4,-402.7468,196.3287,353.8267,-144.9119,-1007.937,-1512.229,-1314.46,-1329.316,-1383.495,24,25,25,24,24,24,24,24,24,24,24,25,25,25,25,25,98,980,-1300.871,-1333.101,336.9252,-493.4178,0.1296249,-0.3681653,-0.1306162,-1.173396,0.6471379,0.9027677,0.3942131,1.347055,0.127969,-0.4454177,0.1196326,-1.130274,24,24,24,24,24,24,24,24,24,24,24,24,24,24,24,24
99,990,-1388.885,-1401.994,-1336.703,-1373.431,-1419.958,-1345.331,-1200.838,-412.9031,179.8545,349.3961,-166.155,-986.5238,-1462.717,-1322.338,-1297.839,-1253.375,24,25,25,24,24,24,24,24,24,24,24,25,25,25,25,25,99,990,-1339.139,-1297.047,334.1753,-488.254,0.6549068,-0.1227261,-0.9142104,-0.6518881,-0.1293977,-0.6424745,0.1314236,-1.077666,-1.151843,-0.7795087,-0.362074,0.4520717,24,24,24,24,24,24,24,24,24,24,24,24,24,24,24,24
100,1000,-1246.316,-1249.581,-1271.861,-1251.229,-1229.7,-1302.26,-1213.338,-398.9851,192.8604,348.9039,-154.2874,-1023.053,-1487.116,-1287.725,-1319.3,-1357.712,24,25,25,24,24,24,24,24,24,24,24,25,25,25,25,25,100,1000,-1326.652,-1357.05,331.4254,-489.1576,-0.3956571,-1.472648,0.3917811,0.7822586,0.2588693,0.7739968,0.3942131,-0.2694258,0.2559508,0.3341279,-0.362074,-0.1130525,24,24,24,24,24,24,24,24,24,24,24,24,24,24,24,24
101,1010,-1345.608,-1354.972,-1322.554,-1367.345,-1388.08,-1335.088,-1203.899,-417.1663,188.7728,359.9802,-150.1337,-955.5372,-1464.74,-1347.044,-1298.077,-1312.049,24,25,25,24,24,24,24,24,24,24,24,25,25,25,25,25,101,1010,-1365.055,-1364.813,328.2827,-488.1249,-1.446221,-0.7363274,-0.3918148,-1.694907,-0.5176647,-1.672635,-1.970905,-1.284249E-05,0.127969,0.2227642,0.3604863,-0.3391027,24,24,24,24,24,24,24,24,24,24,24,24,24,24,24,24
102,1020,-1327.577,-1343.006,-1382.72,-1305.392,-1310.578,-1419.268,-1260.53,-403.1229,187.7819,347.304,-149.8963,-1042.955,-1510.206,-1276.267,-1361.15,-1412.409,24,25,25,24,24,24,24,24,24,24,24,25,25,25,25,25,102,1020,-1357.67,-1348.365,340.5917,-476.5062,0.5235868,1.349913,0.1305825,0.9126356,-0.2588211,-0.1273935,0.6570058,-0.1347193,-0.3839552,-0.2226904,-0.1212207,1.243246,24,24,24,24,24,24,24,24,24,24,24,24,24,24,24,24
103,1030,-1393.575,-1413.479,-1326.368,-1364.18,-1384.095,-1314.86,-1189.359,-407.1353,180.9693,349.15,-178.8534,-997.1046,-1479.618,-1365.783,-1347.439,-1337.953,24,25,25,24,24,24,24,24,24,24,24,25,25,25,25,25,103,1030,-1328.531,-1351.786,347.6628,-484.1229,0.2609458,-0.9817699,-0.5224133,-0.912642,0.1294475,-0.1273935,0.1314236,0.6735212,0.2559508,-0.6681451,-0.362074,-0.1130525,24,24,24,24,24,24,24,24,24,24,24,24,24,24,24,24
104,1040,-1358.47,-1350.621,-1380.505,-1306.488,-1283.417,-1385.812,-1245.989,-397.7312,191.4979,348.6577,-162.4761,-1059.078,-1521.751,-1336.422,-1390.841,-1369.639,24,25,25,24,24,24,24,24,24,24,24,25,25,25,25,25,104,1040,-1375.663,-1374.945,349.2342,-482.4447,0.3922659,0.9817506,-0.3918148,-0.782265,0.5177145,0.001376554,-1.445323,0.5388147,-0.7678991,0.4454916,0.4809132,0.4520717,24,24,24,24,24,24,24,24,24,24,24,24,24,24,24,24
105,1050,-1447.565,-1401.147,-1334.243,-1367.954,-1359.104,-1294.007,-1207.343,-429.4542,175.5191,346.4425,-163.9002,-976.069,-1479.856,-1387.029,-1339.569,-1347.712,24,25,25,24,24,24,24,24,24,24,24,25,25,25,25,25,105,1050,-1330.546,-1339.943,337.8418,-497.678,0.5235868,-1.10449,-0.3918148,-3.210623E-06,0.3882911,0.001376554,0.5256078,-1.077666,-0.8958809,-0.1113267,-0.6029276,-0.3391027,24,24,24,24,24,24,24,24,24,24,24,24,24,24,24,24
106,1060,-1376.862,-1383.375,-1450.66,-1339.716,-1342.567,-1482.353,-1298.666,-408.6399,181.4647,352.8421,-163.7815,-1072.178,-1541.985,-1391.805,-1445.366,-1400.362,24,25,25,24,24,24,24,24,24,24,24,25,25,25,25,25,106,1060,-1349.881,-1334.285,327.1042,-493.2888,-0.920939,-0.8590503,0.3917811,-0.5215111,0.1294459,0.001376554,-1.313928,-0.1347193,0.5119129,-0.1113267,0.4809132,-0.4521263,24,24,24,24,24,24,24,24,24,24,24,24,24,24,24,24
107,1070,-1422.073,-1388.332,-1345.316,-1407.746,-1378.419,-1339.292,-1234.765,-440.1121,178.7396,344.9656,-156.1862,-976.1949,-1505.564,-1344.777,-1319.419,-1363.977,24,25,25,24,24,24,24,24,24,24,24,25,25,25,25,25,107,1070,-1370.157,-1365.603,331.9492,-484.7684,1.048868,1.104473,0.6529797,0.6518816,0.2588677,-1.286325,0.5256078,0.8082277,-0.1279931,-0.4454177,-1.205061,0.4520717,24,24,24,24,24,24,24,24,24,24,24,24,24,24,24,24
108,1080,-1385.518,-1421.096,-1417.797,-1346.045,-1409.453,-1462.847,-1240.377,-395.5996,181.7124,353.0883,-180.1589,-1037.916,-1492.115,-1374.615,-1383.089,-1318.555,24,25,25,24,24,24,24,24,24,24,24,25,25,25,25,25,108,1080,-1339.677,-1332.838,332.6039,-491.3523,-0.001695209,-9.631868E-06,-0.1306162,-0.782265,-1.035357,0.2589166,1.313983,-0.808255,0.3839327,-0.1113267,-0.1212207,-0.3391027,24,24,24,24,24,24,24,24,24,24,24,24,24,24,24,24
109,1090,-1349.935,-1329.349,-1369.924,-1382.194,-1294.402,-1318.809,-1257.086,-437.4789,189.3921,352.2267,-144.6745,-1014.613,-1552.459,-1326.396,-1340.404,-1441.806,24,25,25,24,24,24,24,24,24,24,24,25,25,25,25,25,109,1090,-1457.435,-1434.149,337.1871,-486.1884,0.2609458,0.4908721,-1.605311E-05,-0.2607571,0.2588677,0.1301466,-0.9197407,-0.9429631,-1.023864,-0.2226904,-0.9642078,0.3390482,24,24,24,24,24,24,24,24,24,24,24,24,24,24,24,24
110,1100,-1407.644,-1416.26,-1360.696,-1358.703,-1423.098,-1386.182,-1230.684,-422.1817,180.226,354.3189,-171.4955,-998.2381,-1483.069,-1350.744,-1324.308,-1301.688,24,25,25,24,24,24,24,24,24,24,24,25,25,25,25,25,110,1100,-1397.281,-1445.726,340.1989,-490.8359,0.2609458,-0.9817699,-0.5224133,-0.5215111,0.1294459,0.2589166,0.7884005,-1.44478E-05,-0.1279963,0.4454916,-0.2416475,-0.4521263,24,24,24,24,24,24,24,24,24,24,24,24,24,24,24,24
111,1110,-1319.282,-1317.021,-1358.358,-1294.316,-1269.294,-1348.669,-1238.464,-406.1321,198.9298,357.888,-140.8769,-1009.827,-1491.877,-1266.838,-1303.323,-1353.495,24,25,25,24,24,24,24,24,24,24,24,25,25,25,25,25,111,1110,-1469.251,-1426.65,332.7349,-498.0653,0.1296249,-0.8590503,0.5223796,-3.210623E-06,-1.294202,-0.5137036,-1.576717,-0.4041355,-0.2559765,0.2227642,-1.205061,-0.6781766,24,24,24,24,24,24,24,24,24,24,24,24,24,24,24,24
112,1120,-1329.259,-1339.502,-1291.302,-1322.554,-1360.432,-1316.958,-1194.971,-413.0284,180.8454,351.9806,-169.5966,-978.2101,-1446.173,-1336.541,-1313.339,-1285.423,24,25,25,24,24,24,24,24,24,24,24,25,25,25,25,25,112,1120,-1419.302,-1474.537,327.7589,-494.0633,-0.5269772,-0.1227293,0.7835782,-0.1303802,2.247436E-05,-1.543865,0.2628184,0.8082261,-0.8958842,-0.3340541,0.4809132,0.6781799,24,24,24,24,24,24,24,24,24,24,24,24,24,24,24,24
113,1130,-1305.819,-1305.419,-1355.898,-1303.566,-1260.482,-1381.368,-1262.315,-412.0254,186.6671,351.4883,-140.9956,-1030.106,-1493.067,-1321.741,-1366.635,-1362.411,24,24,25,24,24,24,24,24,24,24,24,25,25,25,25,25,113,1130,-1460.524,-1435.07,335.0919,-489.545,0.1296249,0.3681525,-0.1306162,-0.5215111,-0.905935,0.001376554,2.88956E-05,-0.808255,0.2559476,-0.1113267,0.2400595,-0.2260182,24,24,24,24,24,24,24,24,24,24,24,24,24,24,24,24
114,1140,-1396.821,-1372.377,-1321.2,-1343.124,-1336.893,-1297.955,-1204.027,-419.047,183.3227,356.7803,-147.6415,-962.717,-1430.819,-1284.86,-1269.938,-1260.483,24,24,25,24,24,24,24,24,24,24,24,25,25,25,25,25,114,1140,-1340.885,-1350.997,340.7226,-485.9303,1.180189,0.3681525,-0.2612146,-0.6518881,1.164827,-0.2561635,-0.2627638,0.5388131,-0.8958842,-0.8908724,-0.6029276,-0.339045,24,24,24,24,24,24,24,24,24,24,24,24,24,24,24,24
115,1150,-1286.585,-1267.005,-1320.831,-1283.118,-1239.961,-1296.721,-1218.822,-410.2699,194.9661,350.3807,-146.0987,-1003.781,-1509.373,-1282.354,-1287.704,-1377.953,24,24,25,24,24,24,24,24,24,24,24,25,25,25,25,25,115,1150,-1347.196,-1344.417,335.3538,-495.8707,-0.001695209,-0.1227293,-0.9142104,-0.912642,-1.035357,-0.2561635,0.9197953,0.2693985,-0.1279963,0.4454916,-0.4825008,0.2260792,24,24,24,24,24,24,24,24,24,24,24,24,24,24,24,24
116,1160,-1382.272,-1394.863,-1349.745,-1304.053,-1372.745,-1350.52,-1197.012,-404.1259,174.2805,351.8576,-169.1219,-1000.883,-1461.646,-1356.951,-1352.685,-1293.616,24,24,25,24,24,24,24,24,24,24,24,25,25,25,25,25,116,1160,-1391.91,-1382.314,333.6515,-489.4159,0.9175478,-0.4908881,1.044777,0.7822586,-0.3882445,0.5164568,-1.182533,-0.1347209,-0.1279963,0.1114006,-1.445915,-1.582317,24,24,24,24,24,24,24,24,24,24,24,24,24,24,24,24
117,1170,-1332.265,-1320.416,-1349.869,-1334.725,-1284.625,-1358.541,-1264.229,-425.4418,182.5795,341.6427,-160.3399,-1036.656,-1510.087,-1286.651,-1316.081,-1362.772,24,24,25,24,24,24,24,24,24,24,24,25,25,25,25,25,117,1170,-1329.74,-1344.154,334.961,-490.5777,-0.3956571,-0.1227293,0.1305825,-0.5215111,0.9059815,0.1301466,0.1314236,1.077641,1.023837,0.4454916,0.60134,0.1130557,24,24,24,24,24,24,24,24,24,24,24,24,24,24,24,24
118,1180,-1296.443,-1357.756,-1297.577,-1287.987,-1337.859,-1310.775,-1189.869,-407.8875,176.2623,348.7808,-172.5636,-992.8218,-1453.552,-1342.628,-1319.062,-1290.001,24,24,25,24,24,24,24,24,24,24,24,25,25,25,25,25,118,1180,-1317.253,-1312.179,333.7825,-494.0633,0.1296249,0.7363146,-0.2612146,-0.2607571,-1.294202,-0.5137036,0.3942131,-0.9429631,-0.3839584,-0.1113267,0.60134,0.5651531,24,24,24,24,24,24,24,24,24,24,24,24,24,24,24,24
119,1190,-1330.702,-1271.838,-1339.164,-1300.28,-1248.29,-1324.598,-1241.27,-419.674,187.2864,346.5655,-151.5578,-1015.999,-1489.734,-1275.789,-1301.892,-1368.073,24,24,25,24,24,24,24,24,24,24,24,25,25,25,25,25,119,1190,-1324.503,-1347.049,329.1993,-492.385,0.6549068,0.1227132,0.2611809,-3.210623E-06,1.294249,0.1301466,0.2628184,-0.269429,-0.3839584,-1.1136,-0.7233545,-0.1129947,24,24,24,24,24,24,24,24,24,24,24,24,24,24,24,24
120,1200,-1362.797,-1362.227,-1313.818,-1352.496,-1390.495,-1333.854,-1220.225,-437.7298,165.486,345.581,-166.7484,-994.0814,-1473.072,-1362.441,-1335.277,-1306.989,24,24,25,24,24,24,24,24,24,24,24,25,25,25,25,25,120,1200,-1414.871,-1405.338,329.1993,-494.3215,-0.3956571,-6.421245E-06,-0.6530133,-0.1303802,0.1294459,-1.157555,-0.1313691,-0.1347209,-0.6399205,1.225037,0.60134,0.1130557,24,24,24,24,24,24,24,24,24,24,24,24,24,24,24,24
121,1210,-1368.688,-1364.885,-1393.181,-1348.479,-1341.842,-1424.939,-1278.131,-421.6803,177.8726,351.2422,-146.9294,-1020.407,-1491.639,-1306.464,-1359.004,-1376.266,24,24,25,24,24,24,24,24,24,24,24,25,25,25,25,25,121,1210,-1336.857,-1330.996,326.9733,-487.8667,0.9175478,-1.227206,-0.5224133,-0.2607571,-0.6470898,0.5164568,-0.7883459,-0.538842,-0.2559765,0.2227642,-0.8437814,-0.7911424,24,24,24,24,24,24,24,24,24,24,24,24,24,24,24,24
122,1220,-1365.442,-1376.969,-1339.041,-1377.813,-1365.261,-1309.541,-1216.271,-432.9651,178.6158,346.0732,-170.5461,-998.1121,-1501.399,-1354.802,-1333.727,-1375.905,24,24,25,24,24,24,24,24,24,24,24,25,25,25,25,25,122,1220,-1389.493,-1392.971,329.4612,-490.965,-0.920939,-0.6136078,0.2611809,0.3911277,0.7765581,-0.1273935,-0.1313691,0.6735196,0.1279674,0.2227642,0.7217665,-0.1129947,24,24,24,24,24,24,24,24,24,24,24,24,24,24,24,24
123,1230,-1388.164,-1394.984,-1380.136,-1349.696,-1418.75,-1425.433,-1248.158,-422.4326,168.8304,350.2576,-167.8165,-1016.377,-1473.31,-1381.299,-1389.529,-1325.543,24,24,25,24,24,24,24,24,24,24,24,25,25,25,25,25,123,1230,-1439.711,-1425.203,333.5206,-488.5122,-0.5269772,-0.8590471,-0.2612146,-0.6518881,-1.035357,-1.930175,-0.3941585,0.2693985,0.1279674,-0.2226904,-0.362074,0.5651531,24,24,24,24,24,24,24,24,24,24,24,24,24,24,24,24
124,1240,-1359.071,-1353.043,-1377.676,-1380.003,-1318.666,-1331.632,-1239.357,-428.2004,188.4012,347.9193,-166.7484,-1027.209,-1532.939,-1325.083,-1322.877,-1372.651,24,24,25,24,24,24,24,24,24,24,24,25,25,25,25,25,124,1240,-1369.62,-1393.629,344.1272,-482.961,0.2609458,0.8590342,0.9141783,-0.1303802,-0.7765115,0.5164568,1.05119,1.212347,0.7678734,-0.6681451,-0.1212207,0.7912034,24,24,24,24,24,24,24,24,24,24,24,24,24,24,24,24
125,1250,-1347.05,-1354.855,-1316.156,-1303.08,-1351.741,-1350.885,-1226.857,-420.5518,179.7306,351.2422,-174.1064,-1009.071,-1467.954,-1346.806,-1343.266,-1323.254,24,24,25,24,24,24,24,24,24,24,24,25,25,25,25,25,125,1250,-1435.146,-1423.098,332.6039,-504.0038,-0.6582981,-6.421245E-06,-0.2612146,-1.434153,-1.035357,-0.3849336,-0.5255532,0.8082261,-1.151846,0.1114006,-0.0007938265,-0.1129947,24,24,24,24,24,24,24,24,24,24,24,24,24,24,24,24
126,1260,-1347.17,-1347.968,-1374.353,-1352.252,-1340.273,-1420.99,-1276.473,-415.787,189.516,357.1495,-143.3691,-1031.492,-1515.086,-1323.77,-1368.781,-1387.832,24,24,25,24,24,24,24,24,24,24,24,25,25,25,25,25,126,1260,-1368.009,-1383.235,314.0096,-501.68,1.048868,0.8590342,-1.605311E-05,0.9126356,1.423672,0.5164568,0.3942131,-0.4041355,0.1279674,0.2227642,-0.2416475,-0.2260182,24,24,24,24,24,24,24,24,24,24,24,24,24,24,24,24
127,1270,-1388.404,-1376.244,-1338.549,-1381.22,-1387.717,-1327.189,-1225.199,-440.9899,176.3862,350.6268,-158.4411,-981.2334,-1481.165,-1323.651,-1297.958,-1295.905,24,24,25,24,24,24,24,24,24,24,24,25,25,25,25,25,127,1270,-1344.242,-1352.839,317.6761,-495.8707,-0.2643362,-2.086246,-0.6530133,0.7822586,-0.5176663,1.031538,0.2628184,-0.808255,0.3839295,0.5568552,-0.362074,-0.9041691,24,24,24,24,24,24,24,24,24,24,24,24,24,24,24,24
128,1280,-1330.461,-1326.7,-1350.976,-1296.02,-1320.838,-1417.287,-1266.142,-416.9155,173.0418,341.2735,-166.6297,-1040.183,-1493.9,-1331.17,-1355.547,-1324.941,24,24,25,24,24,24,24,24,24,24,24,25,25,25,25,25,128,1280,-1363.578,-1395.076,326.4495,-496.387,-0.3956571,-6.421245E-06,0.7835782,-0.1303802,0.2588677,-0.5137036,-0.3941585,-1.44478E-05,0.5119113,-0.1113267,0.3604863,0.5651466,24,24,24,24,24,24,24,24,24,24,24,24,24,24,24,24
129,1290,-1345.127,-1361.985,-1371.277,-1436.825,-1375.159,-1340.518,-1254.407,-443.9992,184.5614,347.1809,-183.0071,-1021.037,-1526.988,-1360.293,-1317.512,-1358.435,24,25,25,24,24,24,24,24,24,24,24,25,25,25,25,25,129,1290,-1484.29,-1455.33,333.5206,-492.6432,-0.6582981,0.1227132,-0.1306162,-3.210623E-06,-0.1293993,-0.6424745,0.6570058,0.134692,-0.8958842,0.3341279,0.2400595,-0.2260246,24,24,24,24,24,24,24,24,24,24,24,24,24,24,24,24
130,1300,-1408.846,-1409.857,-1409.428,-1315.616,-1369.003,-1481.471,-1277.238,-399.4867,180.226,347.5501,-199.7405,-1095.607,-1539.247,-1452.348,-1478.176,-1442.408,24,25,25,24,24,24,24,24,24,24,24,25,25,25,25,25,130,1300,-1458.778,-1494.008,337.9727,-499.8727,-0.5269772,0.3681557,1.044777,0.3911277,-0.7765115,-1.028785,0.5256078,-0.1347209,0.3839295,-0.5567814,0.2400595,0.7911969,24,24,24,24,24,24,24,24,24,24,24,24,24,24,24,24
131,1310,-1523.2,-1492.93,-1458.906,-1485.492,-1396.895,-1419.015,-1311.548,-462.9327,173.2896,340.5351,-158.085,-1057.062,-1619.23,-1359.815,-1382.612,-1502.406,24,25,25,24,24,24,24,24,24,24,24,25,25,25,25,25,131,1310,-1387.479,-1373.63,321.7354,-511.4913,-0.2643362,0.2454328,0.2611809,-0.5215111,0.6471363,0.5164568,0.5256078,1.347054,-0.6399205,-0.6681451,-1.205061,-0.2260246,24,24,24,24,24,24,24,24,24,24,24,24,24,24,24,24
132,1320,-1455.862,-1493.776,-1404.628,-1402.271,-1497.843,-1419.879,-1230.429,-420.6772,170.3168,345.9502,-206.8611,-1055.047,-1560.909,-1487.097,-1449.661,-1385.784,24,25,25,24,24,24,24,24,24,24,24,25,25,25,25,25,132,1320,-1365.726,-1400.076,315.8428,-506.3275,1.57415,-0.490885,-1.567208,-0.6518881,0.2588677,-0.1273935,0.6570058,-0.269429,-0.5119402,0.8909462,0.3604863,-0.6781253,24,24,24,24,24,24,24,24,24,24,24,24,24,24,24,24
133,1330,-1450.812,-1396.072,-1540.877,-1465.173,-1391.582,-1541.583,-1361.291,-443.7484,186.6671,350.5038,-171.1395,-1097.748,-1588.046,-1378.912,-1427.589,-1422.53,24,25,25,24,24,24,24,24,24,24,24,25,25,25,25,25,133,1330,-1310.27,-1297.178,327.497,-494.3215,0.7862269,-0.2454457,0.2611809,0.2607507,-0.2588227,0.1301466,-1.445323,-0.538842,-1.44478E-05,-0.2226904,-1.325488,-0.5650985,24,24,24,24,24,24,24,24,24,24,24,24,24,24,24,24
134,1340,-1422.554,-1426.061,-1381.982,-1407.138,-1424.426,-1366.929,-1225.837,-422.6833,177.3771,346.8117,-181.4643,-1014.865,-1481.998,-1377.599,-1346.246,-1321.688,24,25,25,24,24,24,24,24,24,24,24,25,25,25,25,25,134,1340,-1331.352,-1316.127,330.6398,-500.5182,-0.7896181,0.1227068,0.9141783,1.173389,0.3882911,0.001376554,2.88956E-05,0.404105,0.5119113,-0.1113267,-0.7233545,-0.4520749,24,24,24,24,24,24,24,24,24,24,24,24,24,24,24,24
135,1350,-1367.005,-1340.476,-1403.767,-1311.478,-1292.712,-1411.362,-1275.452,-419.1725,178.6158,347.1809,-149.8963,-1038.672,-1511.991,-1296.318,-1336.112,-1350.363,24,25,25,24,24,24,24,24,24,24,24,25,25,25,25,25,135,1350,-1316.715,-1330.075,331.4254,-500.7763,-0.1330161,0.1227068,-0.7836119,-0.1303802,-0.7765115,-0.3849336,-0.3941585,0.134692,-0.8958842,-0.1113267,-0.8437814,0.1130492,24,24,24,24,24,24,24,24,24,24,24,24,24,24,24,24
136,1360,-1349.935,-1361.018,-1327.599,-1365.398,-1359.587,-1320.525,-1236.678,-442.8707,187.2864,354.1959,-160.2212,-1007.307,-1553.054,-1356.951,-1336.112,-1399.036,24,25,25,24,24,24,24,24,24,24,24,25,25,25,25,25,136,1360,-1352.836,-1334.68,325.4019,-506.7148,1.180189,0.8590278,1.044777,0,-0.6470898,-0.1273935,0.2628184,-0.538842,-0.2559765,0.1114006,0.9626201,-1.017199,24,24,24,24,24,24,24,24,24,24,24,24,24,24,24,24
137,1370,-1404.758,-1411.55,-1386.782,-1326.084,-1380.714,-1400.623,-1236.806,-413.7808,176.3862,350.3807,-165.5617,-1008.945,-1454.623,-1329.738,-1334.085,-1300.001,24,25,25,24,24,24,24,24,24,24,24,25,25,25,25,25,137,1370,-1319.401,-1357.839,325.5328,-494.5797,-0.3956571,0.6135885,-0.5224133,-1.173396,0.3882927,0.001376554,-0.5255532,0.134692,0.1279674,0.1114006,-0.6029276,0.7911969,24,24,24,24,24,24,24,24,24,24,24,24,24,24,24,24
138,1380,-1286.585,-1292.865,-1296.716,-1309.774,-1277.865,-1259.682,-1199.563,-422.0564,179.3589,343.1196,-159.2718,-1001.891,-1492.591,-1283.786,-1288.062,-1349.88,24,25,25,24,24,24,24,24,24,24,24,25,25,25,25,25,138,1380,-1409.903,-1369.55,329.4612,-498.1944,0.1296249,-0.3681718,-1.605311E-05,0.5215079,0.6471379,0.2588653,0.5256078,-0.538842,-0.1279963,-0.2226904,-0.2416475,-0.4520749,24,24,24,24,24,24,24,24,24,24,24,24,24,24,24,24
139,1390,-1340.318,-1357.756,-1327.475,-1312.939,-1365.382,-1357.549,-1211.679,-415.2855,170.1929,344.3503,-177.904,-1011.212,-1478.07,-1349.67,-1339.689,-1316.387,24,25,25,24,24,24,24,24,24,24,24,25,25,25,25,25,139,1390,-1413.931,-1436.254,325.14,-501.0345,-0.3956571,-1.227212,-1.605311E-05,-0.130377,-0.77651,0.1300952,0.1314172,-0.1347209,0.5119113,0.5568552,-0.4825008,-0.7911488,24,24,24,24,24,24,24,24,24,24,24,24,24,24,24,24
140,1400,-1350.656,-1320.295,-1385.92,-1343.002,-1333.634,-1479.373,-1299.303,-410.3954,187.0386,347.9193,-169.2406,-1054.039,-1507.707,-1303.48,-1345.889,-1347.23,24,25,25,24,24,24,24,24,24,24,24,25,25,25,25,25,140,1400,-1372.574,-1383.893,334.6991,-486.3175,0.3922659,0.7363082,0.9141783,-0.7822618,0.7765597,-0.7712959,-0.1313723,-1.44478E-05,-1.44478E-05,-0.8908724,-0.6029276,0.4521231,24,24,24,24,24,24,24,24,24,24,24,24,24,24,24,24
141,1410,-1349.094,-1332.863,-1301.637,-1333.752,-1342.446,-1303,-1205.557,-418.9217,182.2079,345.0887,-174.5811,-997.2305,-1492.472,-1341.912,-1316.558,-1362.411,24,25,25,24,24,24,24,24,24,24,24,25,25,25,25,25,141,1410,-1398.221,-1384.025,335.8776,-496.6452,-0.1330161,-0.1227325,-0.1306162,0.7822618,0.2588693,0.2588653,0.5256046,0.404105,0.6398948,3.692216E-05,0.1196326,0.1130492,24,24,24,24,24,24,24,24,24,24,24,24,24,24,24,24
142,1420,-1394.176,-1412.034,-1427.398,-1319.511,-1352.465,-1456.044,-1267.29,-408.6399,171.5554,343.4888,-170.5461,-1058.448,-1525.441,-1363.754,-1389.29,-1372.531,24,25,25,24,24,24,24,24,24,24,24,25,25,25,25,25,142,1420,-1378.483,-1395.997,324.2234,-503.1001,0.6549068,0.6135885,0.5223796,-1.043019,-0.1293977,-0.384985,-0.6569544,0.5388131,-0.511937,-0.5567268,-0.7233545,-0.2260246,24,24,24,24,24,24,24,24,24,24,24,24,24,24,24,24
143,1430,-1406.321,-1404.658,-1366.11,-1434.148,-1390.857,-1351.625,-1264.738,-455.4094,175.5191,341.8889,-182.7698,-1040.309,-1567.693,-1344.538,-1333.012,-1398.193,24,25,25,24,24,24,24,24,24,24,24,25,25,25,25,25,143,1430,-1485.096,-1456.119,324.7472,-494.8379,0.5235868,0.7363082,0.3917811,-0.3911309,0.5177145,0.1300952,0.1314172,0.2693985,-0.7678991,-0.1112722,-0.362074,2.568498E-05,24,24,24,24,24,24,24,24,24,24,24,24,24,24,24,24
144,1440,-1362.076,-1404.9,-1367.71,-1308.313,-1410.781,-1433.703,-1237.699,-408.2638,169.5735,343.858,-185.618,-1050.512,-1512.11,-1392.044,-1406.232,-1375.543,24,25,25,24,24,24,24,24,24,24,24,25,25,25,25,25,144,1440,-1363.309,-1409.943,333.2587,-489.9323,0.2609458,-1.104493,-0.2612146,0,-0.388243,-0.5137558,-0.1313723,-0.4041355,0.127969,0.7796371,-0.2416475,-0.6781253,24,24,24,24,24,24,24,24,24,24,24,24,24,24,24,24
145,1450,-1409.087,-1380.594,-1415.705,-1404.826,-1332.185,-1404.45,-1291.141,-453.4032,170.9361,338.566,-160.6959,-1020.281,-1530.916,-1305.031,-1316.081,-1377.591,24,25,25,24,24,24,24,24,24,24,24,25,25,25,25,25,145,1450,-1519.872,-1471.248,336.9252,-490.0613,0.2609458,0.2454296,0.5223796,-0.130377,0.5177145,-0.1274449,-0.6569544,-1.44478E-05,0.127969,-0.2226358,-0.9642078,0.5651466,24,24,24,24,24,24,24,24,24,24,24,24,24,24,24,24
146,1460,-1375.299,-1393.168,-1368.202,-1315.129,-1394.963,-1442.837,-1267.672,-432.7143,160.4075,356.5342,-131.1454,-972.7939,-1479.737,-1354.206,-1367.35,-1331.929,24,25,25,24,24,24,24,24,24,24,24,25,25,25,25,25,146,1460,-1373.649,-1412.442,329.7231,-501.0345,0.3922659,-0.2454521,-0.5224133,0.130377,0.1294475,-0.7712959,1.182582,0.8082261,-0.511937,0.6682734,-0.2416475,-0.4520749,24,24,24,24,24,24,24,24,24,24,24,24,24,24,24,24
147,1470,-1323.009,-1325.24,-1324.153,-1338.134,-1307.198,-1280.786,-1205.557,-431.2097,176.51,346.6886,-153.2193,-975.691,-1489.377,-1338.809,-1308.927,-1347.833,24,25,25,24,24,24,24,24,24,24,24,25,25,25,25,25,147,1470,-1407.351,-1395.077,327.2351,-493.4178,-0.1330161,0.3681493,0.9141783,-0.2607539,-1.164779,-0.1274449,0.3942099,-0.808255,0.5119129,0.1114552,0.2400595,0.4521231,24,24,24,24,24,24,24,24,24,24,24,24,24,24,24,24
148,1480,-1384.677,-1388.936,-1412.628,-1362.233,-1407.159,-1432.592,-1260.147,-428.8273,159.2927,337.7045,-187.6355,-1050.008,-1508.064,-1442.317,-1440.474,-1337.833,24,25,25,24,24,24,24,24,24,24,24,25,25,25,25,25,148,1480,-1388.956,-1385.604,334.5681,-490.3195,-0.1330161,0.8590278,0.5223796,-0.2607539,1.553095,1.031486,-0.3941649,1.212347,0.3839327,-0.3339995,-0.362074,-0.1130011,24,24,24,24,24,24,24,24,24,24,24,24,24,24,24,24
149,1490,-1474.5,-1417.106,-1473.799,-1466.633,-1357.777,-1419.138,-1309.635,-448.7638,185.4284,344.4733,-160.9333,-1064.62,-1632.203,-1423.927,-1446.201,-1547.103,24,25,25,24,24,24,24,24,24,24,24,25,25,25,25,25,149,1490,-1419.167,-1440.201,334.5681,-493.5469,-0.3956571,-0.613611,-1.306009,-0.130377,-0.2588211,-0.5137558,-1.051142,-0.6735485,-0.6399189,0.7796371,1.083047,0.3390996,24,24,24,24,24,24,24,24,24,24,24,24,24,24,24,24
150,1500,-1543.882,-1524.102,-1399.582,-1430.741,-1554.596,-1475.053,-1280.172,-458.6695,154.5858,333.397,-213.7444,-1063.738,-1579.12,-1454.616,-1405.159,-1350.604,24,25,25,24,24,24,25,24,24,24,24,25,25,25,25,25,150,1500,-1403.189,-1403.628,338.1036,-487.9958,1.048868,-0.1227325,0.5223796,0.7822618,2.407967E-05,-0.1274449,-0.6569544,-0.9429631,0.6398948,1.002364,-1.807195,-0.4520749,24,24,24,24,24,24,24,24,24,24,24,24,24,24,24,24
151,1510,-1442.395,-1401.389,-1412.382,-1377.447,-1333.272,-1424.816,-1303.513,-458.2933,158.4256,330.6895,-164.7309,-1039.554,-1549.959,-1328.425,-1346.366,-1385.302,24,25,25,24,24,24,25,24,24,24,24,25,25,25,25,25,151,1510,-1325.577,-1346.918,338.6274,-492.5142,-0.920939,0.3681493,0.5223796,-0.5215079,0.2588693,-0.2562149,-0.262767,0.404105,0.5119129,-0.5567268,0.3604863,-0.3390514,24,24,24,24,24,24,24,24,24,24,24,24,24,24,24,24
152,1520,-1293.678,-1329.954,-1311.357,-1329.127,-1400.276,-1348.54,-1223.796,-433.3412,159.7881,339.9197,-186.3301,-1031.24,-1501.042,-1352.415,-1347.796,-1302.531,24,25,25,24,24,24,25,24,24,24,24,25,25,25,25,25,152,1520,-1475.428,-1436.912,329.3302,-496.6452,-0.3956571,-0.3681718,-1.175409,0.3910795,-0.6470882,-0.1274449,0.1314172,-0.538842,-0.8958809,-0.4453631,-0.1212207,0.5651466,24,24,24,24,24,24,24,24,24,24,24,24,24,24,24,24
153,1530,-1306.54,-1341.073,-1353.929,-1352.496,-1321.08,-1336.445,-1233.235,-428.2003,175.7668,343.2426,-153.8127,-992.5699,-1457.004,-1256.812,-1263.261,-1282.652,24,25,25,24,24,24,25,24,24,24,24,25,25,25,25,25,153,1530,-1407.754,-1417.967,332.9967,-479.8627,1.048868,0.2454296,0.7835782,-0.6519362,2.407967E-05,0.1300952,2.247436E-05,-1.44478E-05,0.3839327,-0.5567268,0.1196326,-0.5650985,24,24,24,24,24,24,24,24,24,24,24,24,24,24,24,24
154,1540,-1285.985,-1308.44,-1299.545,-1296.75,-1320.718,-1348.91,-1239.357,-435.5981,162.8848,336.9661,-165.087,-1027.839,-1491.758,-1289.396,-1322.758,-1355.664,24,25,25,24,24,24,25,24,24,24,24,25,25,25,25,25,154,1540,-1363.712,-1354.023,346.0914,-477.7972,0.1296249,-0.613611,-1.567208,-0.2608053,0.1294475,-0.1273935,-0.5255597,-1.44478E-05,-1.023863,-0.1112722,0.7217665,0.5651466,24,24,24,24,24,24,24,24,24,24,24,24,24,24,24,24
155,1550,-1342.002,-1358.114,-1316.279,-1290.421,-1312.389,-1325.091,-1236.168,-425.6926,167.4678,339.3044,-168.8846,-1023.305,-1467.597,-1373.064,-1389.768,-1345.423,24,25,25,24,24,24,25,24,24,24,24,25,25,25,25,25,155,1550,-1411.514,-1378.63,346.0914,-481.541,-0.1330161,-0.7363338,1.697773,1.564472,0.5177145,0.3876867,-0.6569512,-0.6735485,-0.2559749,0.7796371,-0.8437814,-0.4520749,24,24,24,24,24,24,24,24,24,24,24,24,24,24,24,24
156,1560,-1389.967,-1356.422,-1378.168,-1408.354,-1332.185,-1361.992,-1273.922,-447.6353,174.5282,339.5505,-164.4936,-1011.59,-1517.348,-1312.551,-1308.45,-1353.977,24,25,25,24,24,24,25,24,24,24,24,25,25,25,25,25,156,1560,-1396.341,-1467.302,340.8535,-480.1209,-0.6582981,-0.9817731,-0.1306162,0.2607026,-0.388243,-0.7712442,-0.1313691,0.1346904,0.2559508,-0.1112722,-0.7233545,0.3390996,24,24,24,24,24,24,24,24,24,24,24,24,24,24,24,24
157,1570,-1343.204,-1366.091,-1333.874,-1302.593,-1384.94,-1365.324,-1213.975,-412.7776,169.202,348.5347,-174.9371,-1011.716,-1463.669,-1379.509,-1377.843,-1318.556,24,25,25,24,24,24,25,24,24,24,24,25,25,25,25,25,157,1570,-1456.227,-1422.309,338.3655,-484.8975,0.7862269,1.472629,0.9141783,-0.3911823,0.2588693,-1.672635,2.88956E-05,0.1346904,-0.7678991,0.7796371,-0.0007938265,-0.4520749,24,24,24,24,24,24,24,24,24,24,24,24,24,24,24,24
158,1580,-1356.667,-1337.689,-1402.905,-1397.282,-1326.753,-1407.906,-1296.37,-450.6447,172.6702,335.2431,-169.3593,-1054.291,-1558.41,-1335.706,-1346.246,-1391.206,24,25,25,24,24,24,25,24,24,24,24,25,25,25,25,25,158,1580,-1298.588,-1335.338,338.6274,-473.4079,0.3922659,0.6135885,0.3917811,-5.136996E-05,-0.2588211,0.3876867,0.6570058,-0.8082582,-0.2559749,-0.1113235,0.4809132,0.4521231,24,24,24,24,24,24,24,24,24,24,24,24,24,24,24,24
159,1590,-1398.264,-1390.871,-1369.309,-1370.875,-1400.155,-1354.711,-1225.71,-440.6136,166.8485,341.6427,-191.7892,-1009.449,-1533.653,-1439.212,-1368.543,-1389.399,24,25,25,24,24,24,25,24,24,24,24,25,25,25,25,25,159,1590,-1359.012,-1322.706,348.1865,-477.4099,0.1296249,-0.1227325,-1.306009,-1.694955,-0.77651,-0.1273935,-0.5255532,0.5388099,-0.7678991,-0.1113235,-0.362074,0.2260728,24,24,24,24,24,24,24,24,24,24,24,24,24,24,24,24
160,1600,-1486.886,-1407.434,-1476.137,-1376.595,-1350.775,-1435.308,-1289.865,-423.3102,181.3408,343.4888,-174.6997,-1073.185,-1550.078,-1388.223,-1430.929,-1408.313,24,25,25,24,24,24,25,24,24,24,24,25,25,25,25,25,160,1600,-1364.921,-1392.445,346.4842,-474.9571,1.048868,-0.1227325,-0.7836119,-0.2608053,0.5177145,0.1301466,0.1314236,-1.077671,-0.1279931,-0.1113235,0.2400595,-0.5651498,24,24,24,24,24,24,24,24,24,24,24,24,24,24,24,24
161,1610,-1460.552,-1409.489,-1404.628,-1452.155,-1391.702,-1367.916,-1264.611,-445.6292,178.8635,344.3503,-165.6803,-1021.415,-1559.6,-1346.328,-1330.031,-1411.325,24,25,25,24,24,24,25,24,24,24,24,25,25,25,25,25,161,1610,-1336.051,-1340.075,342.5558,-480.5082,0.1296249,-1.349932,0.2611809,0.3910795,-1.035355,-0.1273935,-0.6569512,-0.5388436,0.2559508,0.7795857,-0.362074,-1.017251,24,24,24,24,24,24,24,24,24,24,24,24,24,24,24,24
162,1620,-1400.549,-1437.297,-1413.859,-1308.678,-1406.555,-1482.212,-1266.142,-406.1321,172.9179,341.2735,-202.9448,-1096.74,-1559.838,-1471.812,-1491.181,-1410.964,24,25,25,24,24,24,25,24,24,24,24,25,25,25,25,25,162,1620,-1396.475,-1394.418,333.3896,-485.4138,0.1296249,0.4908689,0.2611809,-0.5215592,0.3882927,-0.1273935,-0.6569512,0.4041034,-0.3839552,-0.3340508,-0.2416475,-0.1130525,24,24,24,24,24,24,24,24,24,24,24,24,24,24,24,24
163,1630,-1435.661,-1425.327,-1439.952,-1496.198,-1408.487,-1388.897,-1281.192,-463.6849,182.4556,352.3499,-159.2718,-1011.338,-1571.026,-1370.438,-1339.569,-1353.857,24,25,25,24,24,24,25,24,24,24,24,25,25,25,25,25,163,1630,-1322.892,-1293.494,333.2587,-471.2133,0.2609458,0.1227068,-1.04481,-0.1304283,-0.1293977,-0.5137036,2.88956E-05,0.4041034,-1.123718E-05,-0.2226872,0.60134,0.4520717,24,24,24,24,24,24,24,24,24,24,24,24,24,24,24,24
164,1640,-1363.158,-1398.85,-1381.49,-1310.504,-1344.015,-1416.916,-1252.877,-405.6306,180.226,343.6118,-191.9079,-1082.381,-1553.53,-1422.972,-1422.339,-1356.387,24,25,25,24,24,24,25,24,24,24,24,25,25,25,25,25,164,1640,-1273.746,-1273.361,346.7462,-470.4387,-0.2643362,-0.1227325,0.6529797,0.2607026,-0.2588211,-0.7712442,0.5256078,-0.6735517,0.6398948,-0.7795055,-0.6029276,-2.568498E-05,24,24,24,24,24,24,24,24,24,24,24,24,24,24,24,24
165,1650,-1427.484,-1429.317,-1488.937,-1505.689,-1403.415,-1471.35,-1335.527,-451.1462,186.7909,341.2735,-171.7328,-1079.735,-1626.966,-1374.138,-1392.034,-1469.034,24,25,25,24,24,24,25,24,24,24,24,25,25,25,25,25,165,1650,-1290.128,-1273.361,345.5676,-469.6642,-1.052259,-0.1227325,-1.04481,-0.2608053,1.164828,0.9027677,0.3942131,0.8082245,-1.123718E-05,-0.3340508,-0.362074,0.3390482,24,24,24,24,24,24,24,24,24,24,24,24,24,24,24,24
166,1660,-1423.035,-1493.273,-1407.213,-1310.626,-1389.167,-1422.841,-1240.122,-401.242,177.1294,346.3194,-197.011,-1078.728,-1528.535,-1440.287,-1459.086,-1396.507,24,25,25,24,24,24,24,24,24,24,24,25,25,25,25,25,166,1660,-1345.853,-1378.366,345.3057,-470.9551,-0.001695209,-0.2454521,-0.2612146,-5.136996E-05,0.7765597,-0.6424745,-0.2627638,-0.5388436,0.2559508,0.1114038,0.1196326,0.1129979,24,24,24,24,24,24,24,24,24,24,24,24,24,24,24,24
167,1670,-1471.735,-1415.897,-1401.797,-1444.003,-1399.068,-1387.91,-1276.473,-445.5038,175.2714,339.7967,-174.3437,-1018.77,-1542.58,-1353.49,-1324.666,-1358.555,24,25,25,24,24,24,24,24,24,24,24,25,25,25,25,25,167,1670,-1356.327,-1383.63,343.0797,-472.117,0.1296249,0.4908689,0.2612323,0.5214565,-0.1293977,0.1301466,-0.7883459,-0.5388436,1.279801,0.3341311,-0.7233545,-0.5651498,24,24,24,24,24,24,24,24,24,24,24,24,24,24,24,24
168,1680,-1408.004,-1398.609,-1439.952,-1354.565,-1362.122,-1454.44,-1284.381,-411.3985,186.9148,347.1809,-179.6842,-1075.831,-1552.578,-1347.999,-1386.785,-1391.567,24,25,25,24,24,24,24,24,24,24,24,25,25,25,25,25,168,1680,-1383.182,-1379.682,338.2346,-478.9591,-1.052259,-0.2454521,3.531685E-05,0.3911309,1.423672,-0.3849336,-0.9197407,-1.765843E-05,0.3839327,-0.5567782,-0.0007938265,-2.568498E-05,24,24,24,24,24,24,24,24,24,24,24,24,24,24,24,24
169,1690,-1356.667,-1352.071,-1309.389,-1368.684,-1396.532,-1331.262,-1228.388,-447.3846,170.5645,350.2576,-163.9002,-957.9304,-1486.64,-1429.42,-1367.231,-1359.278,24,25,25,24,24,24,24,24,24,24,24,25,25,25,25,25,169,1690,-1375.931,-1414.152,344.1272,-467.3404,-0.001695209,0.3681493,-0.3917634,0.5215079,-0.77651,-0.5137036,-0.3941585,-0.1347242,-0.511937,0.2227675,0.4809132,0.7911456,24,24,24,24,24,24,24,24,24,24,24,24,24,24,24,24
170,1700,-1458.748,-1440.198,-1496.691,-1372.822,-1378.903,-1516.896,-1317.798,-419.4233,185.3045,355.0574,-155.1181,-1064.494,-1574.477,-1376.764,-1416.97,-1410.361,24,25,25,24,24,24,24,24,24,24,24,25,25,25,25,25,170,1700,-1339.005,-1322.706,343.2106,-476.119,0.1296249,0.3681493,0.7836295,-0.6518849,0.5177145,-0.2561635,2.88956E-05,0.673518,-1.123718E-05,-0.8908691,-0.362074,-1.017251,24,24,24,24,24,24,24,24,24,24,24,24,24,24,24,24
171,1710,-1419.789,-1399.455,-1334.489,-1352.861,-1337.135,-1281.403,-1202.751,-422.8087,176.6339,349.5192,-164.6122,-985.1381,-1481.76,-1403.627,-1366.396,-1355.423,24,25,25,24,24,24,24,24,24,24,24,25,25,25,25,25,171,1710,-1306.913,-1312.047,339.806,-477.9263,-0.6582981,-0.3681718,-1.436556,-0.7822618,0.1294475,-0.2561635,-0.5255532,-0.2694306,-1.535787,0.1114038,0.9626201,0.7911456,24,24,24,24,24,24,24,24,24,24,24,24,24,24,24,24
172,1720,-1453.818,-1391.596,-1467.399,-1451.181,-1424.426,-1508.009,-1333.613,-445.3784,177.7487,350.3807,-167.6978,-1071.422,-1604.709,-1404.105,-1421.265,-1418.674,24,25,25,24,24,24,24,24,24,24,24,25,25,25,25,25,172,1720,-1430.178,-1381.13,338.1037,-475.2153,0.7862269,-0.2454521,0.3918324,0.5215079,0.6471379,-0.5137036,-0.1313691,-0.4041371,-0.6399189,0.3341311,-0.362074,-0.3391027,24,24,24,24,24,24,24,24,24,24,24,24,24,24,24,24
173,1730,-1380.228,-1365.487,-1340.149,-1385.724,-1395.566,-1328.67,-1224.689,-433.0905,179.9783,355.6727,-178.1414,-1020.659,-1532.225,-1413.777,-1387.143,-1369.399,24,25,25,24,24,24,24,24,24,24,24,25,25,25,25,25,173,1730,-1299.393,-1331.917,341.6392,-473.6661,-1.577541,-0.8590535,-0.2611633,0.130377,-0.1293977,-0.3849336,-0.2627638,0.1346904,0.1279674,-0.4454145,-0.0007938265,-0.3391027,24,24,24,24,24,24,24,24,24,24,24,24,24,24,24,24
174,1740,-1391.17,-1394.74,-1407.582,-1330.465,-1371.055,-1436.789,-1250.198,-402.496,188.2773,361.3339,-163.1881,-1026.328,-1484.974,-1338.451,-1362.581,-1353.495,24,25,25,24,24,24,24,24,24,24,24,25,25,25,25,25,174,1740,-1267.167,-1279.151,341.2464,-480.25,-0.001695209,0.9817506,0.3918324,0.6518849,0.2588693,-1.286325,0.1314236,-1.765843E-05,-1.279828,-0.2226872,0.1196326,1.243246,24,24,24,24,24,24,24,24,24,24,24,24,24,24,24,24
175,1750,-1369.169,-1337.81,-1326.491,-1369.292,-1331.823,-1342.493,-1249.688,-440.3629,189.0205,357.3957,-138.8594,-1010.456,-1593.997,-1344.299,-1336.35,-1474.455,24,25,25,24,24,24,24,24,24,24,24,25,25,25,25,25,175,1750,-1415.139,-1422.44,336.0085,-481.9283,0.3922659,-1.284249E-05,0.3918324,-0.6518849,-1.423624,-0.6424745,2.88956E-05,0.942931,1.151817,-0.6681418,0.4809132,-0.226076,24,24,24,24,24,24,24,24,24,24,24,24,24,24,24,24
176,1760,-1480.994,-1516.607,-1449.921,-1373.796,-1468.259,-1457.649,-1242.801,-401.9944,178.7396,358.6264,-185.7367,-1042.955,-1500.565,-1455.572,-1445.724,-1353.857,24,25,25,24,24,24,24,24,24,24,24,25,25,25,25,25,176,1760,-1340.885,-1361.787,345.3057,-471.0842,-0.001695209,0.3681493,0.1306338,-1.564527,2.407967E-05,0.2589166,0.1314236,0.673518,-0.5119402,-1.113598,-1.445915,-0.339045,24,24,24,24,24,24,24,24,24,24,24,24,24,24,24,24
177,1770,-1444.199,-1389.904,-1432.936,-1429.646,-1333.875,-1395.069,-1287.697,-435.4728,197.4434,355.5497,-155.5928,-1027.965,-1566.622,-1316.131,-1317.631,-1406.868,24,25,25,24,24,24,24,24,24,24,24,25,25,25,25,25,177,1770,-1339.542,-1335.864,338.3656,-487.9958,0.7862269,0.3681493,-0.7835605,0.5215079,0.7765597,-0.2561635,-0.2627638,0.1346904,0.5119113,-0.1113235,-0.0007938265,-0.2260182,24,24,24,24,24,24,24,24,24,24,24,24,24,24,24,24
178,1780,-1384.076,-1405.621,-1339.41,-1309.165,-1383.129,-1382.726,-1205.685,-387.0733,191.6217,371.7949,-131.5015,-967.3776,-1461.288,-1362.68,-1345.65,-1302.411,24,25,25,24,24,24,24,24,24,24,24,25,25,25,25,25,178,1780,-1375.125,-1365.866,327.2351,-484.7684,-0.1330161,-1.963533,-0.1305648,-0.3911309,-1.423624,-0.7712442,-0.3941585,-0.2694306,0.3839295,0.3341311,-0.8437809,-0.2260182,24,24,24,24,24,24,24,24,24,24,24,24,24,24,24,24
179,1790,-1338.876,-1325.482,-1374.107,-1355.782,-1338.825,-1438.147,-1294.074,-436.2252,170.8122,352.2267,-142.301,-1029.854,-1518.657,-1319.235,-1370.808,-1376.025,24,25,25,24,24,24,24,24,24,24,24,25,25,25,25,25,179,1790,-1305.033,-1335.996,340.9845,-467.8568,-0.1330161,0.7363082,0.3918324,-0.3911309,0.5177145,0.2589166,0.5256078,-0.4041371,-0.5119402,0.2227675,0.2400599,-0.4520685,24,24,24,24,24,24,24,24,24,24,24,24,24,24,24,24
180,1800,-1315.676,-1352.917,-1300.407,-1318.172,-1318.907,-1278.441,-1203.006,-426.5703,188.525,371.5487,-131.6201,-894.4457,-1475.214,-1432.525,-1341.954,-1369.278,24,25,25,24,24,24,24,24,24,24,24,25,25,25,25,25,180,1800,-1349.21,-1344.417,348.9722,-486.7048,-0.6582981,0.4908689,-0.2611633,0.3911309,-1.035355,-1.543865,-0.5255532,0.4041034,-1.44478E-05,0.7795857,0.9626201,0.4521295,24,24,24,24,24,24,24,24,24,24,24,24,24,24,24,24
181,1810,-1500.834,-1409.61,-1439.952,-1331.074,-1346.188,-1439.505,-1276.855,-422.9341,177.0055,347.7962,-145.1493,-1014.235,-1489.02,-1287.964,-1325.262,-1332.531,24,25,25,24,24,24,24,24,24,24,24,25,25,25,25,25,181,1810,-1326.92,-1356.392,335.7466,-487.3503,1.048868,0.1227068,0.6530311,-0.9126388,-0.388243,0.001376554,0.3942131,-1.765843E-05,0.3839295,-0.6681418,-0.9642078,0.4521295,24,24,24,24,24,24,24,24,24,24,24,24,24,24,24,24
182,1820,-1328.298,-1332.975,-1300.038,-1337.403,-1362.726,-1314.354,-1208.363,-422.9341,181.8363,350.6268,-178.9721,-981.9891,-1481.76,-1375.69,-1333.489,-1333.254,24,25,25,24,24,24,24,24,24,24,24,25,25,25,25,25,182,1820,-1363.98,-1344.681,333.2586,-485.9303,-0.5269772,-0.613611,-0.652962,-0.3911309,0.5177145,0.001376554,0.1314236,1.212344,-0.6399205,4.013279E-05,0.3604863,-1.130219,24,24,24,24,24,24,24,24,24,24,24,24,24,24,24,24
183,1830,-1388.284,-1350.137,-1398.351,-1315.616,-1284.745,-1370.261,-1234.765,-396.8535,200.6639,364.0415,-119.8712,-970.7784,-1456.409,-1229.121,-1264.454,-1328.314,24,25,25,24,24,24,24,24,24,24,24,25,25,25,25,25,183,1830,-1297.648,-1327.574,329.5921,-488.254,0.7862269,-0.9817699,3.210623E-05,0.9126388,2.407967E-05,-0.1273935,-0.6569512,-0.9429647,-0.1279963,0.5568584,-0.1212203,2.88956E-05,24,24,24,24,24,24,24,24,24,24,24,24,24,24,24,24
184,1840,-1266.751,-1302.639,-1265.217,-1262.183,-1322.166,-1309.171,-1184.512,-406.6338,175.643,355.0574,-148.1162,-967.3776,-1436.77,-1296.915,-1294.381,-1266.748,24,25,25,24,24,24,24,24,24,24,24,25,25,25,25,25,184,1840,-1328.531,-1307.705,321.4734,-487.7376,-0.1330161,0.2454328,-0.391765,0.2607507,-0.2588211,-0.2561635,-1.051135,-0.1347242,0.1279674,-0.2226872,-0.1212203,0.1130557,24,24,24,24,24,24,24,24,24,24,24,24,24,24,24,24
185,1850,-1286.586,-1288.982,-1328.214,-1304.784,-1257.585,-1316.699,-1222.776,-400.6152,201.5309,364.903,-128.0598,-972.2901,-1437.008,-1233.657,-1258.134,-1311.447,24,25,25,24,24,24,24,24,24,24,24,25,25,25,25,25,185,1850,-1397.281,-1460.855,335.8776,-479.2172,-0.001695209,-0.7363306,3.210623E-05,0.5215046,-0.1294491,-0.7712442,0.1314236,0.2693969,-0.6399205,0.1114038,0.8421933,2.88956E-05,24,24,24,24,24,24,24,24,24,24,24,24,24,24,24,24
186,1860,-1319.162,-1335.634,-1297.208,-1342.759,-1389.408,-1317.44,-1197.905,-429.4543,174.2804,355.9189,-151.4391,-967.8814,-1478.547,-1352.177,-1302.846,-1300.724,24,25,25,24,24,24,24,24,24,24,24,25,25,25,25,25,186,1860,-1400.638,-1379.551,343.7343,-481.2828,-0.3956571,0.12271,0.6530294,-1.173396,-0.9059848,-0.1273935,-0.1313691,-0.4041371,0.3839295,4.013279E-05,0.119633,0.7912034,24,24,24,24,24,24,24,24,24,24,24,24,24,24,24,24
187,1870,-1389.366,-1360.169,-1379.152,-1303.567,-1330.254,-1440.985,-1271.626,-411.7746,177.9964,354.8112,-150.015,-1027.335,-1490.211,-1335.467,-1381.062,-1367.35,24,25,25,24,24,24,24,24,24,24,24,25,25,25,25,25,187,1870,-1450.856,-1459.408,339.806,-484.3811,-0.1330161,0.3681525,-0.6529636,-1.825284,-2.729029E-05,-0.5137036,0.2628184,0.5388099,0.2559476,-0.6681418,-0.2416471,-0.1129947,24,24,24,24,24,24,24,24,24,24,24,24,24,24,24,24
188,1880,-1405.84,-1383.98,-1322.308,-1369.049,-1382.042,-1344.837,-1223.541,-427.9496,184.5613,351.8575,-162.12,-1003.151,-1520.68,-1338.57,-1316.081,-1338.435,24,25,25,24,24,24,24,24,24,24,24,25,25,25,25,25,188,1880,-1321.549,-1325.995,337.5799,-478.1844,0.5235868,0.4908721,-0.2611665,-0.1303802,-0.2588725,-0.3849336,0.6570058,-0.5388436,-0.5119402,-0.1113235,0.119633,0.4521295,24,24,24,24,24,24,24,24,24,24,24,24,24,24,24,24
189,1890,-1372.775,-1352.313,-1407.828,-1311.113,-1375.884,-1445.182,-1239.485,-385.6941,192.9842,367.3644,-150.3711,-1016.629,-1510.563,-1370.199,-1372.597,-1319.76,24,25,25,24,24,24,24,24,24,24,24,25,25,25,25,25,189,1890,-1306.376,-1308.889,335.3538,-488.8994,-0.001695209,-1.10449,0.7836279,0.5215046,-0.3882943,0.6452268,2.88956E-05,-0.1347242,-6.902839E-05,0.4454948,-0.6029276,-1.356267,24,24,24,24,24,24,24,24,24,24,24,24,24,24,24,24
190,1900,-1327.937,-1321.373,-1329.444,-1359.068,-1318.062,-1310.405,-1232.342,-426.8211,189.3921,357.888,-131.8575,-979.9737,-1503.779,-1306.583,-1299.269,-1350.122,24,25,25,24,24,24,24,24,24,24,24,25,25,25,25,25,190,1900,-1297.245,-1279.94,333.1277,-483.7356,-1.052259,-0.1227293,0.9142264,-0.5215111,-0.1294491,-1.286325,-0.3941585,-0.1347242,-6.902839E-05,4.013279E-05,-0.4825008,-0.6781188,24,24,24,24,24,24,24,24,24,24,24,24,24,24,24,24
191,1910,-1248.359,-1349.05,-1355.528,-1290.908,-1343.05,-1369.644,-1217.929,-400.4898,181.2169,349.0269,-166.7484,-1011.59,-1454.742,-1330.812,-1340.166,-1298.796,24,25,25,24,24,24,24,24,24,24,24,25,25,25,25,25,191,1910,-1305.033,-1319.942,340.3297,-476.8935,0.5235868,0.7363114,-0.391765,0.6518816,-2.729029E-05,0.2589166,0.6570058,0.1346904,0.1279128,4.013279E-05,-0.362074,0.7912034,24,24,24,24,24,24,24,24,24,24,24,24,24,24,24,24
192,1920,-1319.523,-1300.222,-1353.437,-1348.358,-1289.212,-1334.1,-1249.306,-427.8242,196.7002,353.5805,-137.198,-1023.053,-1574.597,-1286.77,-1330.985,-1490.479,24,25,25,24,24,24,24,24,24,24,24,25,25,25,25,25,192,1920,-1440.114,-1400.733,341.6392,-478.5718,0.9175478,-0.2454489,-0.1305664,-1.043019,-0.3882943,0.2589166,0.1314236,1.212344,0.3838765,-0.6681418,0.3604863,-0.7912002,24,24,24,24,24,24,24,24,24,24,24,24,24,24,24,24
193,1930,-1478.348,-1481.908,-1387.397,-1333.508,-1434.69,-1412.349,-1216.781,-391.0857,191.1262,356.5342,-156.5422,-998.742,-1446.53,-1275.67,-1296.765,-1272.531,24,24,25,24,24,24,24,24,24,24,24,25,25,25,25,25,193,1930,-1419.436,-1476.905,335.6157,-481.9282,-0.1330161,1.472632,3.210623E-05,-3.210623E-06,0.6470866,-0.1273935,-0.5255532,-0.2694306,-1.407863,0.4454948,0.2400599,1.243246,24,24,24,24,24,24,24,24,24,24,24,24,24,24,24,24
194,1940,-1266.27,-1295.281,-1258.573,-1276.181,-1284.021,-1272.64,-1172.906,-394.5966,186.1716,350.0115,-159.9839,-968.2593,-1415.703,-1303.122,-1280.908,-1259.037,24,24,25,24,24,24,24,24,24,24,24,25,25,25,25,25,194,1940,-1339.811,-1370.471,329.1993,-487.9958,0.6549068,-0.8590503,-0.1305664,0.2607507,0.5176631,0.1301466,-0.3941585,-0.9429647,1.151764,1.002313,-0.2416471,-0.6781766,24,24,24,24,24,24,24,24,24,24,24,24,24,24,24,24
195,1950,-1336.111,-1336.971,-1418.29,-1323.163,-1282.814,-1441.85,-1295.605,-415.0347,192.6126,356.7803,-161.6453,-1063.864,-1533.653,-1334.154,-1372.12,-1384.097,24,24,25,24,24,24,24,24,24,24,24,25,25,25,25,25,195,1950,-1315.373,-1318.232,340.0678,-468.244,-0.1330161,-0.1227293,-0.5223635,-3.210623E-06,-0.1294491,-0.5137036,-0.9197407,0.673518,-0.7679569,-0.4454145,-0.7233541,0.2260214,24,24,24,24,24,24,24,24,24,24,24,24,24,24,24,24
196,1960,-1407.162,-1407.922,-1328.706,-1377.326,-1382.525,-1363.103,-1232.342,-426.3196,188.1534,362.0724,-143.8438,-965.74,-1485.45,-1345.731,-1319.062,-1309.64,24,24,25,24,24,24,24,24,24,24,24,25,25,25,25,25,196,1960,-1327.994,-1354.813,344.1272,-479.8627,0.2609458,0.2454328,-0.1305664,0.6518816,-0.1294491,-0.5137036,-0.2627638,0.4041034,-0.2560311,1.447768,0.4809132,-0.6781766,24,24,24,24,24,24,24,24,24,24,24,24,24,24,24,24
197,1970,-1337.313,-1334.796,-1358.235,-1312.573,-1318.062,-1393.217,-1256.703,-417.0409,179.6067,345.2118,-161.2893,-1039.806,-1502.827,-1344.538,-1379.989,-1364.82,24,24,25,24,24,24,24,24,24,24,24,25,25,25,25,25,197,1970,-1368.277,-1380.604,335.0919,-483.0901,0.3922667,-0.4908881,-0.391765,-0.782265,-1.035407,-1.415095,0.3942131,-1.077671,1.023782,-1.002233,0.2400599,0.9041724,24,24,24,24,24,24,24,24,24,24,24,24,24,24,24,24
198,1980,-1380.708,-1324.283,-1364.264,-1430.376,-1357.414,-1333.113,-1245.479,-432.7143,188.1534,351.8575,-147.9975,-987.1536,-1500.327,-1298.467,-1285.319,-1336.989,24,24,25,24,24,24,24,24,24,24,24,25,25,25,25,25,198,1980,-1332.291,-1320.864,339.806,-472.1169,-0.1330153,0.2454328,-0.2611665,-0.782265,0.1293961,1.160308,0.9197953,1.212344,-0.5119932,-0.5567782,-0.1212203,0.2260214,24,24,24,24,24,24,24,24,24,24,24,24,24,24,24,24
199,1990,-1312.791,-1335.4,-1304.467,-1252.69,-1352.586,-1398.648,-1213.975,-389.0795,185.5522,360.2263,-147.0481,-987.9093,-1447.006,-1319.593,-1331.104,-1281.447,24,24,25,24,24,24,24,24,24,24,24,25,25,25,25,25,199,1990,-1353.373,-1337.707,343.9962,-473.4079,-0.5269763,-0.7363306,-0.7835621,-0.1303802,1.294199,0.1301466,0.6570058,-1.765843E-05,-0.2560311,0.8909494,0.7217665,-0.4521263,24,24,24,24,24,24,24,24,24,24,24,24,24,24,24,24
200,2000,-1292.716,-1282.714,-1293.762,-1313.669,-1282.935,-1272.147,-1206.833,-431.3351,173.9088,342.2581,-156.4236,-985.7679,-1491.044,-1313.864,-1297.958,-1348.676,24,24,25,24,24,24,24,24,24,24,24,25,25,25,25,25,200,2000,-1289.86,-1321.521,338.6274,-475.0862,0.1296257,-0.613611,-0.2611665,-3.210623E-06,-1.035407,-0.9000146,-1.051135,-0.1347242,0.6398386,-0.3340508,-1.325488,-0.6781766,24,24,24,24,24,24,24,24,24,24,24,24,24,24,24,24
201,2010,-1359.552,-1378.782,-1347.162,-1309.531,-1399.913,-1390.378,-1220.48,-404.8784,170.9361,344.4733,-193.0946,-1029.225,-1471.881,-1422.494,-1402.892,-1325.423,24,24,25,24,24,24,24,24,24,24,24,25,25,25,25,25,201,2010,-1316.849,-1305.073,341.9011,-474.1825,0.5235875,0.3681525,0.5224293,0.1303738,0.1293961,-0.6424745,0.1314236,0.5388099,0.5118567,-0.1113235,-0.2416471,-0.6781766,24,24,24,24,24,24,24,24,24,24,24,24,24,24,24,24
202,2020,-1422.314,-1384.343,-1410.166,-1376.23,-1326.27,-1410.374,-1281.575,-430.0812,188.4012,351.9806,-145.624,-1031.114,-1538.176,-1282.234,-1307.258,-1379.399,24,24,25,24,24,24,24,24,24,24,24,25,25,25,25,25,202,2020,-1274.418,-1285.072,345.8295,-470.6969,0.3922667,-9.631868E-06,-0.7835621,-0.2607571,-0.7765613,-0.2561635,-0.1313691,-0.6735517,-0.7679569,-0.6681418,0.9626201,0.4520717,24,24,24,24,24,24,24,24,24,24,24,24,24,24,24,24
203,2030,-1326.374,-1381.803,-1326.368,-1308.8,-1370.693,-1330.768,-1196.119,-404.5022,179.7306,348.7808,-168.4099,-984.7603,-1439.151,-1333.557,-1303.919,-1266.869,24,24,25,24,24,24,24,24,24,24,24,25,25,25,25,25,203,2030,-1379.154,-1365.866,342.6868,-473.6661,0.9175486,0.7363114,0.7836279,-3.210623E-06,0.6470866,0.9027677,0.2628216,-0.5388436,0.1279128,-1.113598,-1.084634,-0.6781766,24,24,24,24,24,24,24,24,24,24,24,24,24,24,24,24
204,2040,-1302.212,-1293.348,-1340.025,-1291.03,-1243.341,-1305.962,-1227.368,-412.0254,185.9239,351.7345,-131.0268,-996.3487,-1496.4,-1259.557,-1305.708,-1400.603,24,24,25,24,24,24,24,24,24,24,24,25,25,25,25,25,204,2040,-1335.782,-1369.682,335.4847,-473.2788,-0.7896174,-0.2454489,-1.044761,-3.210623E-06,-0.1294491,-0.3849336,-0.3941553,-0.4041371,0.1279128,0.6682221,0.3604863,-0.4521263,24,24,24,24,24,24,24,24,24,24,24,24,24,24,24,24
205,2050,-1354.743,-1423.279,-1341.379,-1319.511,-1402.208,-1364.09,-1209.384,-419.9248,169.0781,350.5038,-173.9877,-1001.135,-1512.825,-1465.125,-1407.068,-1357.953,24,24,25,24,24,24,24,24,24,24,24,25,25,25,25,25,205,2050,-1440.786,-1419.678,341.5083,-465.0166,-0.001694406,-0.8590503,0.3918308,0.6518816,0.1293961,-0.2561635,-0.5255501,-0.2694306,-0.2560311,-0.2226872,-0.9642078,-0.1130525,24,24,24,24,24,24,24,24,24,24,24,24,24,24,24,24
206,2060,-1471.374,-1412.518,-1461.491,-1404.826,-1346.43,-1412.102,-1284.508,-434.7205,180.9692,351.2422,-140.0462,-1012.094,-1532.463,-1342.27,-1367.231,-1394.82,24,24,25,24,24,24,24,24,24,24,24,25,25,25,25,25,206,2060,-1292.008,-1320.864,343.7343,-472.7624,-0.9209383,-0.1227293,-0.2611665,-1.043019,0.2588179,-1.157555,-0.5255501,1.077637,0.7678204,0.1114038,0.60134,-0.904227,24,24,24,24,24,24,24,24,24,24,24,24,24,24,24,24
207,2070,-1401.03,-1386.52,-1325.63,-1412.491,-1422.856,-1332.99,-1231.832,-450.1432,177.9965,350.7499,-174.3437,-1010.078,-1531.154,-1389.297,-1356.5,-1371.447,24,24,25,24,24,24,24,24,24,24,24,25,25,25,25,25,207,2070,-1326.383,-1312.968,343.4725,-472.5042,0.3922667,1.227193,3.210623E-05,0.5215046,-0.6471395,-1.286325,-0.2627574,0.1346904,-1.279881,-0.5567782,0.119633,0.4520717,24,24,24,24,24,24,24,24,24,24,24,24,24,24,24,24
208,2080,-1390.569,-1377.332,-1387.274,-1318.051,-1333.996,-1413.954,-1250.836,-404.8784,186.0477,352.9652,-151.3205,-1015.369,-1462.479,-1261.347,-1300.581,-1308.917,24,24,25,24,24,24,24,24,24,24,24,25,25,25,25,25,208,2080,-1285.832,-1304.415,343.2106,-471.9879,0.2609466,-0.1227293,0.6530294,-0.6518881,-0.2588725,0.3876867,0.7884037,-0.5388436,0.7678204,-0.3340508,-0.1212203,-0.6781188,24,24,24,24,24,24,24,24,24,24,24,24,24,24,24,24
209,2090,-1283.58,-1295.765,-1255.251,-1281.049,-1304.059,-1267.704,-1186.936,-422.558,170.8122,344.3503,-159.8652,-961.3314,-1428.796,-1321.622,-1294.381,-1281.086,24,24,25,24,24,24,24,24,24,24,24,25,25,25,25,25,209,2090,-1331.351,-1329.417,333.9134,-477.9263,0.3922667,0.2454328,0.3918308,-1.434153,-0.1294491,0.7739968,-0.6569448,0.1346904,-0.8959371,-0.4454145,0.4809132,2.88956E-05,24,24,24,24,24,24,24,24,24,24,24,24,24,24,24,24
210,2100,-1267.232,-1263.984,-1307.051,-1265.592,-1254.084,-1309.788,-1213.083,-400.9913,191.9933,350.7499,-146.0987,-1000.505,-1472.476,-1261.109,-1278.165,-1317.471,24,24,25,24,24,24,24,24,24,24,24,25,25,25,25,25,210,2100,-1316.715,-1367.182,334.1753,-471.7296,0.6549076,-0.8590503,0.3918308,1.043012,0.2588179,-0.3849336,-0.1313626,-0.4041371,0.1279128,-0.1113235,-0.362074,0.1130557,24,24,24,24,24,24,24,24,24,24,24,24,24,24,24,24
211,2110,-1297.885,-1315.22,-1294.132,-1272.286,-1302.611,-1309.418,-1186.68,-394.2204,187.658,357.3957,-155.2368,-991.4363,-1449.624,-1332.603,-1326.335,-1323.013,24,24,25,24,24,24,24,24,24,24,24,25,25,25,25,25,211,2110,-1383.988,-1358.365,343.2106,-469.4059,-1.052258,-1.349929,0.6530294,0.3911277,-0.5177161,0.2589166,-1.313922,-1.765843E-05,0.6398386,0.3341311,-0.1212203,-0.2260182,24,24,24,24,24,24,24,24,24,24,24,24,24,24,24,24
212,2120,-1359.672,-1326.579,-1418.659,-1374.283,-1343.412,-1455.797,-1298.666,-423.3103,190.6308,352.4729,-154.8808,-1049.505,-1534.606,-1332.603,-1377.604,-1379.519,24,24,25,24,24,24,24,24,24,24,24,25,25,25,25,25,212,2120,-1378.885,-1411.521,347.7937,-474.3116,0.1296257,0.12271,0.3918308,0.7822586,-2.729029E-05,-1.028785,3.210623E-05,0.5388099,-0.8959371,0.2227675,0.3604863,0.904227,24,24,24,24,24,24,24,24,24,24,24,24,24,24,24,24
213,2130,-1361.715,-1371.411,-1327.229,-1362.111,-1397.257,-1323.981,-1218.567,-447.6354,163.2564,336.7199,-192.6199,-1009.953,-1552.578,-1462.498,-1396.807,-1414.096,24,24,25,24,24,24,24,24,24,24,24,25,25,25,25,25,213,2130,-1305.436,-1289.941,339.937,-481.2828,0.2609458,0.7363114,1.306025,-0.1303802,-0.5177161,-0.3849336,0.1314268,-0.4041371,0.3838765,0.4454948,0.4809132,0.3391027,24,24,24,24,24,24,24,24,24,24,24,24,24,24,24,24
214,2140,-1459.109,-1437.548,-1447.583,-1354.078,-1390.495,-1452.958,-1263.973,-402.1198,184.4375,356.6573,-153.338,-1036.531,-1494.614,-1306.822,-1335.277,-1316.989,24,24,25,24,24,24,24,24,24,24,24,25,25,25,25,25,214,2140,-1260.722,-1265.334,332.0802,-484.5102,0.9175478,-9.631868E-06,0.1306322,-1.694907,-0.3882943,-0.7712442,-0.7883395,0.4041034,-0.1280493,-1.002233,-0.8437809,-0.339045,24,24,24,24,24,24,24,24,24,24,24,24,24,24,24,24
215,2150,-1294.279,-1312.199,-1267.432,-1292.369,-1299.11,-1280.045,-1195.099,-415.4109,190.2592,361.0878,-134.231,-958.4341,-1489.854,-1305.151,-1274.111,-1320.845,24,24,25,24,24,24,24,24,24,24,24,25,25,25,25,25,215,2150,-1281.803,-1274.019,329.7231,-474.0534,1.44283,-0.613611,-0.5223619,-3.210623E-06,0.7765084,-0.1273935,1.051196,0.5388099,-0.7679569,-0.1113235,-0.1212203,0.2260792,24,24,24,24,24,24,24,24,24,24,24,24,24,24,24,24
216,2160,-1320.845,-1337.092,-1347.531,-1289.326,-1373.831,-1440.615,-1233.873,-393.4681,180.5976,348.9039,-162.5947,-1027.965,-1459.86,-1312.67,-1348.869,-1342.411,24,24,25,24,24,24,24,24,24,24,24,25,25,25,25,25,216,2160,-1298.319,-1284.677,334.3063,-472.7624,-1.18358,-0.2454489,3.531685E-05,0.7822586,-0.5177161,-0.1273935,-1.708109,-0.5388436,0.1279128,-1.002233,-0.362074,-0.6781188,24,24,24,24,24,24,24,24,24,24,24,24,24,24,24,24
217,2170,-1392.252,-1356.91,-1357.743,-1402.636,-1354.879,-1328.423,-1233.873,-431.5858,181.8363,348.6577,-160.2212,-986.5237,-1502.351,-1347.044,-1317.869,-1350.242,24,24,25,24,24,24,24,24,24,24,24,25,25,25,25,25,217,2170,-1402.518,-1408.1,341.9012,-470.4387,-0.2643362,-9.631868E-06,3.531685E-05,0.3911277,0.6471379,-0.2561635,0.5256143,0.4041034,0.5118567,0.1114038,-0.362074,0.6781799,24,24,24,24,24,24,24,24,24,24,24,24,24,24,24,24
218,2180,-1388.404,-1382.892,-1373.492,-1306.974,-1331.461,-1390.378,-1229.664,-386.4464,193.1081,357.888,-153.338,-1038.924,-1498.899,-1321.86,-1369.258,-1371.567,24,24,25,24,24,24,24,24,24,24,24,25,25,25,25,25,218,2180,-1336.588,-1350.076,342.0321,-481.4119,-0.001695209,0.3681525,0.1306338,0.1303738,0.2588693,-0.1273935,0.2628216,-0.2694306,-0.3840129,0.3341311,-0.362074,2.88956E-05,24,24,24,24,24,24,24,24,24,24,24,24,24,24,24,24
219,2190,-1371.933,-1358.722,-1345.07,-1352.131,-1325.788,-1315.218,-1222.011,-413.5301,194.099,356.5342,-156.8983,-994.8372,-1475.69,-1293.096,-1291.638,-1314.82,24,24,25,24,24,24,24,24,24,24,24,25,25,25,25,25,219,2190,-1396.878,-1371.129,341.6393,-476.1189,-0.001695209,-0.613611,0.5224309,-1.043019,0.5177145,0.1301466,-0.2627574,0.4041034,-0.5119932,-0.5567782,-0.9642078,2.88956E-05,24,24,24,24,24,24,24,24,24,24,24,24,24,24,24,24
220,2200,-1323.61,-1333.346,-1310.004,-1284.092,-1308.767,-1321.512,-1192.165,-389.4557,178.8635,343.858,-161.2893,-1007.937,-1462.36,-1340.002,-1348.631,-1307.712,24,24,25,24,24,24,24,24,24,24,24,25,25,25,25,25,220,2200,-1329.874,-1354.681,343.7344,-471.6006,0.7862269,1.104473,-0.5223619,-0.3911341,0.3882927,0.001376554,0.7884037,-0.6735485,-0.8959371,0.4454948,-0.0007938265,2.88956E-05,24,24,24,24,24,24,24,24,24,24,24,24,24,24,24,24
221,2210,-1320.364,-1297.094,-1306.805,-1329.37,-1281.003,-1280.169,-1207.215,-416.9155,191.0024,357.6418,-138.1474,-974.1794,-1467.597,-1249.651,-1250.623,-1289.399,24,24,25,24,24,24,24,24,24,24,24,25,25,25,25,25,221,2210,-1309.464,-1301.257,337.318,-487.2212,-0.3956571,-1.472652,-0.3917634,0.3911277,0.1294475,0.9027669,-1.051132,-0.808255,0.7678204,-0.5567782,-1.445915,-0.7911424,24,24,24,24,24,24,24,24,24,24,24,24,24,24,24,24
222,2220,-1280.575,-1299.148,-1275.553,-1224.939,-1254.929,-1307.813,-1182.599,-371.1491,197.0718,359.9802,-149.8963,-1008.441,-1449.743,-1326.993,-1350.181,-1305.905,24,24,25,24,24,24,24,24,24,24,24,25,25,25,25,25,222,2220,-1359.549,-1382.84,338.2346,-473.0206,-0.920939,-0.1227293,-0.1305648,-0.6518881,0.5177145,-0.5137036,-0.3941553,0.134692,0.2558947,-0.2226872,0.119633,-0.9041691,24,24,24,24,24,24,24,24,24,24,24,24,24,24,24,24
223,2230,-1382.632,-1368.39,-1365.495,-1394.971,-1311.664,-1316.082,-1226.092,-426.5703,192.3649,351.2422,-150.015,-986.1459,-1500.208,-1278.534,-1281.385,-1353.134,24,24,25,24,24,24,24,24,24,24,24,25,25,25,25,25,223,2230,-1336.588,-1322.837,345.3058,-473.2788,0.3922659,1.104473,3.531685E-05,0.2607507,2.407967E-05,-0.9000142,0.3942195,-0.269429,-0.3840129,0.2227675,-0.2416471,2.88956E-05,24,24,24,24,24,24,24,24,24,24,24,24,24,24,24,24
224,2240,-1337.313,-1358.722,-1337.565,-1278.006,-1345.705,-1391.119,-1213.848,-387.4495,181.0931,352.719,-189.1783,-1024.06,-1475.452,-1485.425,-1439.639,-1341.929,24,24,25,24,24,24,24,24,24,24,24,25,25,25,25,25,224,2240,-1360.355,-1399.681,343.6035,-480.1209,0.7862269,0.12271,0.5224309,-0.782265,0.2588693,0.1301466,0.1314268,-0.4041355,-0.2560311,-0.7795055,-0.9642078,-0.4520685,24,24,24,24,24,24,24,24,24,24,24,24,24,24,24,24
225,2250,-1456.704,-1407.801,-1503.83,-1447.045,-1358.501,-1445.059,-1301.472,-433.7174,195.957,356.9034,-140.9956,-1016.125,-1580.786,-1361.128,-1349.585,-1410.964,24,25,25,24,24,24,24,24,24,24,24,25,25,25,25,25,225,2250,-1425.747,-1416.915,340.9845,-477.0226,0.7862269,0.4908721,-0.3917634,-0.1303802,2.407967E-05,0.1301466,0.3942195,-0.1347209,-0.3840129,0.2227675,0.60134,2.88956E-05,24,24,24,24,24,24,24,24,24,24,24,24,24,24,24,24
226,2260,-1393.695,-1387.244,-1332.889,-1304.54,-1362.605,-1402.845,-1221.883,-387.951,185.6761,353.0883,-164.1375,-1007.685,-1444.745,-1360.054,-1372.835,-1307.351,24,25,25,24,24,24,24,24,24,24,24,25,25,25,25,25,226,2260,-1394.193,-1435.333,347.6628,-472.7624,0.2609458,-1.595371,0.2612323,0.2607507,-0.9059334,-0.1273935,-0.6569448,-0.9429631,0.6398386,-0.5567782,-0.6029276,2.88956E-05,24,24,24,24,24,24,24,24,24,24,24,24,24,24,24,24
227,2270,-1361.355,-1324.515,-1329.198,-1378.908,-1357.414,-1363.103,-1236.806,-425.1911,190.0114,355.0574,-141.945,-973.2977,-1493.305,-1311.835,-1289.85,-1330.001,24,25,25,24,24,24,24,24,24,24,24,25,25,25,25,25,227,2270,-1365.86,-1327.706,342.8178,-481.7991,0.5235868,0.2454328,-0.1305648,-0.5215111,0.2588693,-0.9000142,-0.9197375,0.2693985,0.6398386,0.2227675,0.119633,-0.5650953,24,24,24,24,24,24,24,24,24,24,24,24,24,24,24,24
228,2280,-1332.265,-1351.709,-1340.887,-1292.734,-1348.119,-1397.784,-1218.312,-385.4433,193.1081,356.0419,-154.5247,-1005.418,-1443.554,-1278.176,-1301.057,-1283.375,24,25,25,24,24,24,24,24,24,24,24,25,25,25,25,25,228,2280,-1336.051,-1340.601,332.9968,-482.8319,-0.1330161,0.12271,-0.2611633,0.2607507,-0.2588211,-0.2561635,-0.3941553,0.134692,-6.902839E-05,-0.3340508,0.119633,-0.1129947,24,24,24,24,24,24,24,24,24,24,24,24,24,24,24,24
229,2290,-1269.876,-1265.172,-1274.814,-1289.569,-1259.999,-1251.537,-1174.819,-404.2514,189.3921,344.1041,-164.4936,-1008.063,-1526.869,-1311.476,-1301.057,-1398.434,24,25,25,24,24,24,24,24,24,24,24,25,25,25,25,25,229,2290,-1322.892,-1322.311,336.6633,-473.2788,-0.5269772,0.2454328,0.6530311,-1.694907,0.1294475,0.3876867,-0.5255501,0.134692,0.1279128,-0.5567782,-0.7233541,0.904227,24,24,24,24,24,24,24,24,24,24,24,24,24,24,24,24
230,2300,-1399.587,-1430.042,-1356.636,-1297.359,-1405.106,-1398.774,-1203.006,-384.064,181.217,349.15,-182.1764,-1016.629,-1440.817,-1340.718,-1349.227,-1286.748,24,25,25,24,24,24,24,24,24,24,24,25,25,25,25,25,230,2300,-1287.309,-1291.388,339.2822,-469.0186,0.6549068,0.2454328,-0.1305648,0.2607507,2.407967E-05,-0.3849336,0.657009,0.2693985,-6.902839E-05,0.2227675,0.8421933,0.2260792,24,24,24,24,24,24,24,24,24,24,24,24,24,24,24,24
231,2310,-1335.751,-1331.041,-1358.358,-1385.481,-1306.956,-1353.728,-1254.79,-438.2314,188.8966,352.719,-138.7407,-989.043,-1510.087,-1300.138,-1305.946,-1376.869,24,25,25,24,24,24,24,24,24,24,24,25,25,25,25,25,231,2310,-1260.856,-1253.097,342.4249,-469.6641,-0.7896181,-2.08625,-0.7835621,-0.1303802,-0.77651,0.001376554,-0.7883395,-0.4041355,-0.2560311,-0.3340508,-0.9642078,-0.5650953,24,24,24,24,24,24,24,24,24,24,24,24,24,24,24,24
232,2320,-1370.972,-1388.332,-1345.439,-1367.588,-1448.818,-1366.808,-1225.837,-445.253,170.6884,353.2113,-163.5442,-983.2487,-1486.283,-1379.39,-1339.45,-1283.495,24,25,25,24,24,24,24,24,24,24,24,25,25,25,25,25,232,2320,-1341.154,-1349.813,348.9723,-467.8568,-0.001695209,0.3681525,0.7836279,0,0.1294475,-1.801405,-0.9197375,0.134692,0.1279128,1.002313,1.083047,0.4521295,24,24,24,24,24,24,24,24,24,24,24,24,24,24,24,24
233,2330,-1294.399,-1257.678,-1313.572,-1289.204,-1228.131,-1290.182,-1208.746,-407.0099,191.9933,349.7654,-147.8788,-978.8401,-1448.077,-1261.586,-1258.731,-1286.628,24,25,25,24,24,24,24,24,24,24,24,25,25,25,25,25,233,2330,-1332.291,-1318.758,344.782,-472.5042,-0.1330161,0.4908721,-0.391765,-1.043019,-0.9059848,-0.6424737,0.1314268,0.6735196,-0.3840129,-0.8908691,-0.0007938265,1.017254,24,24,24,24,24,24,24,24,24,24,24,24,24,24,24,24
234,2340,-1258.096,-1260.096,-1260.05,-1233.337,-1269.294,-1290.058,-1169.334,-377.6693,188.0296,347.6732,-158.2037,-980.8554,-1390.352,-1257.05,-1275.065,-1252.532,24,25,25,24,24,24,24,24,24,24,24,25,25,25,25,25,234,2340,-1328.934,-1344.417,338.3656,-478.5718,0.1296249,-1.10449,-0.5223635,-0.5215079,1.294199,0.001376554,3.210623E-05,0.6735196,0.2558947,-0.7795055,-0.0007938265,-0.4520685,24,24,24,24,24,24,24,24,24,24,24,24,24,24,24,24
235,2350,-1249.321,-1237.736,-1232.981,-1241.857,-1216.784,-1215.406,-1151.605,-393.8442,193.7274,349.3961,-158.085,-962.4651,-1426.177,-1276.863,-1247.165,-1248.194,24,25,25,24,24,24,24,24,24,24,24,25,25,25,25,25,235,2350,-1302.348,-1290.599,330.5088,-477.539,-0.5269772,0.12271,-0.6529636,0.130377,0.9059318,-0.7712442,-0.5255532,-0.269429,-0.5119932,0.6682221,0.8421933,0.2260792,24,24,24,24,24,24,24,24,24,24,24,24,24,24,24,24
236,2360,-1286.345,-1281.488,-1327.352,-1261.332,-1259.396,-1355.579,-1215.506,-384.1894,198.8059,352.9652,-152.6259,-1008.189,-1455.813,-1280.922,-1305.231,-1315.302,24,25,25,24,24,24,24,24,24,24,24,25,25,25,25,25,236,2360,-1310.136,-1352.049,336.0086,-467.5986,-0.3956571,-0.613611,-0.1305664,0,-1.035407,-0.3849336,-0.2627638,0.1346872,0.6398386,4.013279E-05,-1.084634,-0.1129947,24,24,24,24,24,24,24,24,24,24,24,24,24,24,24,24
237,2370,-1340.078,-1358.235,-1346.67,-1399.351,-1376.367,-1335.096,-1224.434,-428.8273,186.7909,350.873,-158.085,-998.3641,-1512.824,-1371.99,-1340.881,-1329.881,24,25,25,24,24,24,24,24,24,24,24,25,25,25,25,25,237,2370,-1336.454,-1326.653,343.6035,-467.2112,-0.3956571,-0.8590503,0.2612307,0,0.1293961,-1.028785,-0.1313691,-0.6735533,-0.1279963,0.4454948,0.2400599,-0.7911424,24,24,24,24,24,24,24,24,24,24,24,24,24,24,24,24
238,2380,-1367.245,-1365.729,-1365.126,-1295.046,-1290.539,-1325.101,-1216.144,-403.1229,174.8998,348.1654,-170.19,-1028.595,-1494.257,-1389.536,-1387.024,-1323.736,24,25,25,24,24,24,24,24,24,24,24,25,25,25,25,25,238,2380,-1346.659,-1389.682,348.4485,-461.2728,-0.1330161,0.12271,-0.6529636,0,-0.7765613,-0.1273935,-0.2627638,-1.926374E-05,-1.44478E-05,0.445498,-0.1212203,1.243301,24,24,24,24,24,24,24,24,24,24,24,24,24,24,24,24
239,2390,-1385.999,-1375.397,-1340.395,-1382.803,-1334.72,-1312.639,-1217.164,-420.6771,195.5854,352.719,-159.9838,-1001.135,-1528.059,-1328.783,-1318.823,-1420.241,24,25,25,24,24,24,24,24,24,24,24,25,25,25,25,25,239,2390,-1298.991,-1289.415,349.2342,-468.5022,0.5235868,0.2454328,-0.1305664,-1.43415,-2.729029E-05,-0.3849336,-0.3941585,0.8082213,-0.3839584,-0.6681402,-0.1212207,-0.339045,24,24,24,24,24,24,24,24,24,24,24,24,24,24,24,24
240,2400,-1412.333,-1407.072,-1373.246,-1322.311,-1404.743,-1429.144,-1230.429,-392.7157,185.3045,353.4575,-165.2056,-1019.022,-1467.358,-1317.922,-1330.389,-1285.664,24,25,25,24,24,24,24,24,24,24,24,25,25,25,25,25,240,2400,-1316.178,-1310.731,341.2464,-475.6025,0.6549068,-9.631868E-06,-0.1305664,0.6518849,0.7765084,-0.6424745,0.1314236,-0.8082598,-0.1279963,4.334341E-05,0.3604863,-0.4521263,24,24,24,24,24,24,24,24,24,24,24,24,24,24,24,24
241,2410,-1304.016,-1286.685,-1279.244,-1293.221,-1275.813,-1271.673,-1196.756,-412.6523,184.6852,344.1041,-162.2387,-997.4824,-1495.09,-1299.899,-1294.261,-1346.868,24,25,25,24,24,24,24,24,24,24,24,25,25,25,25,25,241,2410,-1389.896,-1324.943,339.1513,-471.2133,-0.1330161,-0.613611,0.1306322,1.043016,-0.6471395,0.1301466,-0.1313691,-0.9429679,-0.5119402,-0.1113203,-2.048048,-0.226076,24,24,24,24,24,24,24,24,24,24,24,24,24,24,24,24
242,2420,-1324.331,-1362.949,-1368.571,-1288.352,-1338.583,-1373.471,-1208.873,-389.2049,188.8966,356.9034,-178.7348,-1028.595,-1474.5,-1366.619,-1383.089,-1319.399,24,25,25,24,24,24,24,24,24,24,24,25,25,25,25,25,242,2420,-1215.471,-1227.832,340.9845,-470.1805,-0.5269772,-0.2454489,3.210623E-05,-0.3911309,0.5176631,-0.6424745,2.88956E-05,0.1346872,-0.1279963,1.002316,0.8421933,-0.1130525,24,24,24,24,24,24,24,24,24,24,24,24,24,24,24,24
243,2430,-1315.075,-1337.205,-1351.714,-1358.216,-1300.8,-1307.086,-1220.48,-414.5331,194.7183,355.4266,-152.8633,-1003.529,-1487.83,-1287.128,-1311.431,-1376.145,24,25,25,24,24,24,24,24,24,24,24,25,25,25,25,25,243,2430,-1347.464,-1335.601,345.1748,-468.244,-0.2643362,0.3681525,0.1306322,0.130377,-2.729029E-05,-1.028785,-0.7883459,-0.9429679,0.6398916,0.3341343,0.1196326,0.7911456,24,24,24,24,24,24,24,24,24,24,24,24,24,24,24,24
244,2440,-1360.153,-1389.299,-1370.416,-1376.717,-1441.573,-1406.552,-1226.092,-419.4232,176.2623,357.2726,-168.2912,-989.2949,-1477.356,-1406.135,-1369.377,-1292.17,24,25,25,24,24,24,24,24,24,24,24,25,25,25,25,25,244,2440,-1362.369,-1426.913,345.3057,-472.8915,0.5235868,-0.2454489,0.6530294,-0.5215079,0.2588179,0.7739968,2.88956E-05,1.077636,0.8958552,-0.4454113,-0.0007938265,-2.568498E-05,24,24,24,24,24,24,24,24,24,24,24,24,24,24,24,24
245,2450,-1359.432,-1346.753,-1429.613,-1393.511,-1322.046,-1401.367,-1282.34,-419.9248,198.3104,361.457,-146.4547,-1053.031,-1564.718,-1344.061,-1418.163,-1486.864,24,25,25,24,24,24,24,24,24,24,24,25,25,25,25,25,245,2450,-1372.977,-1357.05,345.1748,-464.6294,-1.577541,-0.9817699,-0.2611665,-0.5215079,0.1293961,0.001376554,-0.3941585,-0.5388469,-1.407808,0.6682253,-0.0007938265,0.678122,24,24,24,24,24,24,24,24,24,24,24,24,24,24,24,24
246,2460,-1559.274,-1501.615,-1392.566,-1506.054,-1532.016,-1401.117,-1250.326,-438.106,177.2532,357.0265,-166.7484,-999.6237,-1505.921,-1384.403,-1357.335,-1299.76,24,25,25,24,24,24,24,24,24,24,24,25,25,25,25,25,246,2460,-1316.178,-1338.891,347.7937,-472.8915,0.3922659,-0.2454521,0.1306322,1.043016,-2.729029E-05,1.031538,-0.2627638,0.4041018,0.5119113,4.334341E-05,-1.445915,-0.5651498,24,24,24,24,24,24,24,24,24,24,24,24,24,24,24,24
247,2470,-1344.766,-1340.589,-1384.074,-1357.729,-1335.807,-1421.113,-1269.458,-405.0037,197.0718,357.888,-148.8282,-1035.523,-1513.658,-1302.644,-1345.054,-1375.664,24,25,25,24,24,24,24,24,24,24,24,25,25,25,25,25,247,2470,-1269.718,-1270.598,338.7584,-482.4447,-0.3956571,-0.8590535,3.531685E-05,-0.6518849,0.3882414,-0.5137036,0.1314236,0.1346872,-0.5119402,0.111407,0.4809132,-2.568498E-05,24,24,24,24,24,24,24,24,24,24,24,24,24,24,24,24
248,2480,-1359.191,-1372.618,-1320.585,-1364.059,-1381.68,-1326.819,-1199.052,-412.5269,183.4465,354.5651,-162.2387,-968.5112,-1429.153,-1313.267,-1296.765,-1278.074,24,25,25,24,24,24,24,24,24,24,24,25,25,25,25,25,248,2480,-1280.192,-1254.544,336.6632,-476.3771,-0.001695209,0.6135885,0.1306338,0.7822104,0.1293961,0.6452268,0.3942131,0.1346872,-0.2559765,-1.336322,-0.362074,0.1129979,24,24,24,24,24,24,24,24,24,24,24,24,24,24,24,24
249,2490,-1298.125,-1303.243,-1349.992,-1319.633,-1320.838,-1399.512,-1245.479,-404.5021,189.6398,353.7036,-146.4547,-1001.135,-1468.668,-1293.812,-1310.715,-1297.23,24,25,25,24,24,24,24,24,24,24,24,25,25,25,25,25,249,2490,-1316.849,-1339.943,337.9727,-479.2172,-0.1330161,-0.3681718,1.044828,-0.9126902,0.1294475,0.5164568,2.88956E-05,-0.4041404,-1.44478E-05,-0.8908675,-0.7233545,-0.1130525,24,24,24,24,24,24,24,24,24,24,24,24,24,24,24,24
250,2500,-1326.615,-1322.339,-1284.781,-1313.791,-1307.681,-1271.9,-1173.161,-393.7188,193.6035,359.9802,-147.7601,-962.591,-1416.655,-1262.063,-1249.788,-1222.17,24,25,25,24,24,24,24,24,24,24,24,25,25,25,25,25,250,2500,-1319.938,-1364.287,338.4965,-473.7952,0.3922659,-0.613611,-1.044759,-0.5215592,1.164828,0.3876867,0.2628184,0.2693937,0.1279674,-0.7795039,-0.6029276,-0.226076,24,24,24,24,24,24,24,24,24,24,24,24,24,24,24,24
251,2510,-1228.525,-1224.925,-1232.489,-1227.13,-1216.301,-1238.208,-1162.319,-383.6878,200.0446,355.9189,-142.0637,-971.9122,-1424.749,-1248.696,-1252.531,-1283.495,24,25,25,24,24,24,24,24,24,24,24,25,25,25,25,25,251,2510,-1305.704,-1300.073,347.2699,-471.0841,0.1296249,-0.1227325,0.6530311,0.7822104,-0.77651,0.1301466,-1.576724,0.1346872,-0.3839584,-0.1113203,-1.325488,-0.1130525,24,24,24,24,24,24,24,24,24,24,24,24,24,24,24,24
252,2520,-1277.089,-1279.071,-1245.9,-1286.526,-1331.703,-1265.976,-1162.574,-405.5052,185.5523,360.9648,-154.05,-958.4343,-1454.385,-1380.941,-1327.169,-1343.254,24,25,25,24,24,24,24,24,24,24,24,25,25,25,25,25,252,2520,-1334.842,-1338.233,348.1865,-471.8587,-0.6582981,-0.3681718,-0.5223619,-1.04307,0.1294475,-0.5137036,-0.7883492,0.5388131,0.6398916,0.2227707,0.2400595,0.3390482,24,24,24,24,24,24,24,24,24,24,24,24,24,24,24,24
253,2530,-1409.327,-1388.936,-1437.983,-1336.064,-1339.428,-1455.921,-1264.229,-389.581,200.1684,356.0419,-152.3885,-1029.099,-1491.758,-1242.847,-1297.004,-1349.88,24,25,25,24,24,24,24,24,24,24,24,25,25,25,25,25,253,2530,-1408.694,-1393.892,347.9246,-470.1805,1.44283,1.10447,-1.436556,-5.136996E-05,0.1294475,-0.2561635,0.5256046,0.2693985,0.127969,4.334341E-05,0.1196326,-0.1130525,24,24,24,24,24,24,24,24,24,24,24,24,24,24,24,24
254,2540,-1329.74,-1343.611,-1289.087,-1292.977,-1331.823,-1306.579,-1193.568,-415.4108,176.0146,348.1654,-164.2562,-992.6959,-1493.186,-1387.626,-1353.4,-1324.82,24,25,25,24,24,24,24,24,24,24,24,25,25,25,25,25,254,2540,-1337.528,-1400.339,348.3175,-475.7316,-0.1330161,-0.613611,0.9142296,-1.04307,-0.2588211,0.2589166,0.1314172,1.48176,0.5119129,-0.1113235,-0.2416475,-1.243301,24,24,24,24,24,24,24,24,24,24,24,24,24,24,24,24
255,2550,-1328.779,-1316.9,-1325.015,-1292.734,-1244.669,-1302.383,-1207.47,-406.1321,192.3649,349.8884,-140.4022,-976.6987,-1453.671,-1243.444,-1252.292,-1331.326,24,25,25,24,24,24,24,24,24,24,24,25,25,25,25,25,255,2550,-1357.938,-1326.785,345.1748,-475.9898,0.3922659,0.1227068,-0.7835605,-0.7823132,-0.6470882,-0.5137036,0.6569993,-0.808255,-0.1279931,0.5568584,-1.084635,0.4520717,24,24,24,24,24,24,24,24,24,24,24,24,24,24,24,24
256,2560,-1327.697,-1361.257,-1317.878,-1247.091,-1323.011,-1366.928,-1189.742,-372.5283,191.8694,358.011,-163.4255,-1021.541,-1465.454,-1317.802,-1341,-1316.025,24,25,25,24,24,24,24,24,24,24,24,25,25,25,25,25,256,2560,-1336.722,-1352.576,348.3175,-467.4695,0.6549068,-1.227212,0.3918324,0.5214565,0.6471379,1.289078,-0.3941649,-0.6735485,-0.511937,-0.5567782,-0.9642078,-1.243249,24,24,24,24,24,24,24,24,24,24,24,24,24,24,24,24
257,2570,-1347.892,-1320.768,-1333.381,-1374.039,-1332.427,-1345.825,-1222.393,-409.0161,199.5491,356.9034,-148.9469,-985.0121,-1491.044,-1298.109,-1283.65,-1342.893,24,25,25,24,24,24,24,24,24,24,24,25,25,25,25,25,257,2570,-1350.15,-1318.627,349.1031,-479.6045,-0.7896181,-1.284249E-05,1.044828,-0.3911823,0.5177145,-1.028785,-1.182537,-0.538842,0.127969,0.4454948,-0.2416475,0.1130492,24,24,24,24,24,24,24,24,24,24,24,24,24,24,24,24
258,2580,-1344.886,-1365.97,-1331.167,-1296.02,-1395.566,-1402.845,-1205.812,-389.0794,180.226,358.9956,-166.9858,-1019.904,-1481.284,-1384.403,-1382.373,-1328.314,24,25,25,24,24,24,24,24,24,24,24,25,25,25,25,25,258,2580,-1357.804,-1404.285,340.1988,-473.6661,0.3922659,0.8590278,3.531685E-05,0.5214565,0.2588693,-0.1273935,2.247436E-05,0.2693985,0.8958569,-0.3340508,-0.362074,-0.1130011,24,24,24,24,24,24,24,24,24,24,24,24,24,24,24,24
259,2590,-1383.715,-1351.467,-1372.754,-1352.861,-1298.265,-1318.674,-1210.914,-404.3767,194.3467,351.9806,-151.3204,-990.0507,-1470.929,-1274.954,-1275.184,-1297.35,24,25,25,24,24,24,24,24,24,24,24,25,25,25,25,25,259,2590,-1321.952,-1309.942,346.3533,-463.3384,0.1296249,-0.3681718,0.2612323,-0.3911823,-0.5176647,0.001376554,-0.1313723,0.404105,-0.3839552,0.3341311,-0.2416475,0.2260728,24,24,24,24,24,24,24,24,24,24,24,24,24,24,24,24
260,2600,-1269.997,-1313.154,-1293.885,-1266.2,-1325.788,-1365.571,-1204.027,-390.7095,188.4012,352.719,-160.8146,-992.0661,-1425.463,-1293.096,-1298.673,-1259.399,24,25,25,24,24,24,24,24,24,24,24,25,25,25,25,25,260,2600,-1269.853,-1281.388,344.651,-469.9223,0.3922659,-0.3681718,-0.652962,-0.6519362,-0.2588211,-0.7712442,-0.6569544,0.134692,-0.6399189,0.2227675,-0.2416475,0.3390996,24,24,24,24,24,24,24,24,24,24,24,24,24,24,24,24
261,2610,-1272.641,-1284.147,-1337.442,-1325.84,-1259.758,-1321.019,-1233.235,-418.2947,190.5069,352.4729,-140.7582,-1000.002,-1500.922,-1262.899,-1284.723,-1341.808,24,25,25,24,24,24,24,24,24,24,24,25,25,25,25,25,261,2610,-1266.899,-1276.124,345.5677,-460.6274,0.6549068,-0.8590535,1.044828,0.9125874,2.407967E-05,0.9027669,2.247436E-05,0.8082261,0.7678766,0.2227675,-0.2416475,-1.017199,24,24,24,24,24,24,24,24,24,24,24,24,24,24,24,24
262,2620,-1315.676,-1313.758,-1255.251,-1220.922,-1258.792,-1268.691,-1159.896,-374.033,195.5854,358.5033,-137.0793,-958.4343,-1389.875,-1249.77,-1268.746,-1257.712,24,25,25,24,24,24,24,24,24,24,24,25,25,25,25,25,262,2620,-1414.602,-1394.682,357.4838,-460.111,-1.708862,-0.613611,0.3918324,-0.6519362,-0.5176647,-1.157555,-1.445329,-1.212376,0.3839327,-0.3340508,-0.4825008,0.1130492,24,24,24,24,24,24,24,24,24,24,24,24,24,24,24,24
263,2630,-1288.87,-1277.983,-1279.736,-1305.636,-1277.503,-1283.748,-1199.052,-418.9216,191.2501,349.0269,-145.1493,-978.7141,-1485.688,-1289.873,-1273.754,-1335.664,24,25,25,24,24,24,24,24,24,24,24,25,25,25,25,25,263,2630,-1350.687,-1446.647,348.8413,-463.4675,0.9175478,0.859031,0.2611809,1.042964,2.407967E-05,0.2589166,1.708164,1.347054,0.5119129,-0.1113235,-0.0007938265,-0.1130011,24,24,24,24,24,24,24,24,24,24,24,24,24,24,24,24
264,2640,-1345.127,-1368.388,-1359.835,-1306.122,-1388.804,-1428.272,-1214.868,-391.0857,184.4375,354.442,-190.9584,-1029.099,-1484.259,-1464.408,-1435.344,-1341.447,24,25,25,24,24,24,24,24,24,24,24,25,25,25,25,25,264,2640,-1395.804,-1373.366,338.6275,-467.0822,-0.3956571,-0.4908881,-0.2612146,-1.43415,-1.035355,-0.3849336,0.2628151,-0.538842,-1.123718E-05,-0.1113235,-0.6029276,2.568498E-05,24,24,24,24,24,24,24,24,24,24,24,24,24,24,24,24
265,2650,-1482.437,-1416.629,-1474.66,-1440.231,-1353.069,-1445.799,-1288.08,-419.7994,200.9117,362.1954,-126.9917,-981.9891,-1504.255,-1279.37,-1289.85,-1344.459,24,25,25,24,24,24,24,24,24,24,24,25,25,25,25,25,265,2650,-1320.206,-1363.892,338.6275,-464.7585,0.5235868,0.6135917,-1.605311E-05,0.5215079,0.3882911,-0.2561635,0.3942099,-0.6735485,-1.279825,0.1114038,-0.2416475,0.3390996,24,24,24,24,24,24,24,24,24,24,24,24,24,24,24,24
266,2660,-1328.178,-1373.947,-1316.771,-1282.753,-1365.14,-1380.751,-1211.424,-398.4835,179.2351,349.2731,-164.1375,-1003.906,-1441.65,-1286.77,-1296.407,-1260.483,24,25,25,24,24,24,24,24,24,24,24,25,25,25,25,25,266,2660,-1377.811,-1309.547,340.9845,-454.5598,0.3922659,-1.349929,0.5223796,0.130377,2.247436E-05,0.9027163,0.5256046,-0.808255,-0.3839552,0.1114038,-1.205061,-0.9041756,24,24,24,24,24,24,24,24,24,24,24,24,24,24,24,24
267,2670,-1244.513,-1246.197,-1223.999,-1238.814,-1239.116,-1236.357,-1165.89,-401.869,187.0387,346.9348,-155.9489,-983.6266,-1456.051,-1300.376,-1277.211,-1296.869,24,25,25,24,24,24,24,24,24,24,24,25,25,25,25,25,267,2670,-1315.775,-1365.471,345.0439,-461.6601,-0.3956571,-0.8590503,0.5223796,-0.3911309,0.5177129,-0.2562149,-0.7883492,-1.44478E-05,0.2559508,-0.4454145,-0.8437814,-0.9041756,24,24,24,24,24,24,24,24,24,24,24,24,24,24,24,24
268,2680,-1309.425,-1306.627,-1322.431,-1275.45,-1266.638,-1318.55,-1205.047,-395.9758,192.3649,353.0883,-150.8457,-980.7296,-1414.989,-1239.863,-1251.457,-1250.001,24,25,25,24,24,24,24,24,24,24,24,25,25,25,25,25,268,2680,-1395.401,-1369.024,344.782,-460.6274,0.1296249,0.4908721,0.5223796,0.7822618,-0.3882445,-1.157606,-0.1313723,0.5388131,-1.123718E-05,0.4454948,0.4809132,-0.1130011,24,24,24,24,24,24,24,24,24,24,24,24,24,24,24,24
269,2690,-1252.927,-1259.854,-1248.115,-1265.47,-1278.951,-1251.66,-1171.63,-423.0595,173.5373,347.304,-150.7271,-959.1899,-1470.81,-1355.399,-1311.788,-1342.17,24,25,25,24,24,24,24,24,24,24,24,25,25,25,25,25,269,2690,-1312.418,-1336.259,341.6393,-462.822,0.2609458,-9.631868E-06,0.1305825,-0.5215079,-0.3882445,0.1300952,0.6569993,0.404105,-1.123718E-05,-0.7795055,-0.2416475,-0.1130011,24,24,24,24,24,24,24,24,24,24,24,24,24,24,24,24
270,2700,-1359.672,-1357.51,-1376.937,-1317.32,-1338.825,-1391.242,-1237.699,-406.5083,177.3771,348.9039,-165.5617,-1010.078,-1433.794,-1336.541,-1357.335,-1307.109,24,25,25,24,24,24,24,24,24,24,24,25,25,25,25,25,270,2700,-1260.319,-1254.676,342.294,-472.7624,-0.001695209,0.12271,-0.5224133,-0.2607539,0.2588677,0.1300952,-0.1313723,0.5388131,-1.023863,-0.3339995,-0.1212207,0.1130492,24,24,24,24,24,24,24,24,24,24,24,24,24,24,24,24
271,2710,-1348.974,-1322.702,-1297.577,-1318.172,-1279.675,-1280.292,-1195.991,-410.3954,196.5763,356.2881,-151.3205,-961.8353,-1451.052,-1318.399,-1290.446,-1332.531,24,25,25,24,24,24,24,24,24,24,24,25,25,25,25,25,271,2710,-1317.655,-1347.444,330.5088,-474.3116,0.7862269,-0.4908881,-1.605311E-05,0.5215079,0.9059815,-0.2562149,0.5256046,-0.808255,-1.123718E-05,0.8910007,-0.1212207,-0.6781253,24,24,24,24,24,24,24,24,24,24,24,24,24,24,24,24
272,2720,-1353.421,-1342.886,-1361.68,-1286.161,-1349.809,-1430.741,-1238.592,-386.5717,195.4615,360.8417,-159.9839,-1041.191,-1488.187,-1325.083,-1367.589,-1365.302,24,25,25,24,24,24,24,24,24,24,24,25,25,25,25,25,272,2720,-1326.786,-1300.073,336.0086,-467.4695,-0.7896181,-0.4908881,-0.6530133,-0.6518849,-0.5176663,-0.2562149,-1.708119,-0.4041355,-0.6399189,-0.3339995,-0.7233545,-0.2260246,24,24,24,24,24,24,24,24,24,24,24,24,24,24,24,24
273,2730,-1355.825,-1361.74,-1357.743,-1414.073,-1380.955,-1343.11,-1228.643,-423.1848,192.241,357.3957,-153.1006,-1022.423,-1555.077,-1346.089,-1341.835,-1395.181,24,25,25,24,24,24,24,24,24,24,24,25,25,25,25,25,273,2730,-1307.853,-1338.759,337.7109,-470.0514,0.2609458,0.9817506,0.2611809,1.043016,0.2588677,-0.7712959,0.1314172,0.404105,0.127969,0.2228188,0.2400595,-0.6781253,24,24,24,24,24,24,24,24,24,24,24,24,24,24,24,24
274,2740,-1388.765,-1422.305,-1358.358,-1322.067,-1427.807,-1410.621,-1227.112,-420.301,173.785,361.2109,-160.2212,-990.4284,-1475.214,-1407.448,-1385.474,-1330.001,24,25,25,24,24,24,24,24,24,24,24,25,25,25,25,25,274,2740,-1295.768,-1274.414,334.3063,-474.0534,0.2609458,0.7363114,0.3917811,-0.6518849,-0.5176663,0.5164054,0.1314172,-0.808255,-1.123718E-05,-1.113547,-0.4825008,1.130271,24,24,24,24,24,24,24,24,24,24,24,24,24,24,24,24
275,2750,-1359.552,-1346.028,-1379.275,-1363.207,-1311.543,-1346.936,-1239.102,-419.1725,194.8422,356.7804,-141.589,-998.2381,-1491.282,-1265.644,-1289.969,-1340.001,24,25,25,24,24,24,24,24,24,24,24,25,25,25,25,25,275,2750,-1316.312,-1292.836,338.2346,-477.4099,0.3922659,0.4908721,-0.7836119,-0.6518849,1.423672,0.3876353,0.5256046,0.404105,-0.6399189,-0.3339995,-0.2416475,-0.6781253,24,24,24,24,24,24,24,24,24,24,24,24,24,24,24,24
276,2760,-1335.39,-1355.576,-1315.787,-1329.492,-1380.714,-1341.999,-1207.215,-408.3892,189.0205,358.0111,-169.478,-982.9968,-1451.172,-1384.044,-1344.339,-1294.941,24,25,25,24,24,24,24,24,24,24,24,25,25,25,25,25,276,2760,-1261.125,-1250.597,337.0561,-475.6025,0.5235868,-0.7363306,-0.7836119,0.130377,-0.3882445,-1.157606,-0.3941649,0.134692,-0.6399189,0.1114552,-0.1212207,-0.2260246,24,24,24,24,24,24,24,24,24,24,24,24,24,24,24,24
277,2770,-1342.482,-1313.154,-1358.481,-1308.557,-1276.778,-1355.081,-1244.586,-411.9,194.7184,359.7341,-145.5053,-1008.945,-1487.711,-1296.438,-1317.392,-1340.724,24,25,25,24,24,24,24,24,24,24,24,25,25,25,25,25,277,2770,-1311.344,-1294.415,339.6751,-478.4427,-0.001696814,-0.613611,-0.1306162,-0.3911309,-0.3882445,0.2588653,-0.7883492,-0.538842,-1.123718E-05,-0.1112722,-1.325488,-0.3390514,24,24,24,24,24,24,24,24,24,24,24,24,24,24,24,24
278,2780,-1311.108,-1324.757,-1292.655,-1321.215,-1352.948,-1284.135,-1171.247,-404.7529,191.6217,365.3953,-166.7484,-993.1997,-1492.234,-1384.522,-1346.723,-1349.157,24,25,25,24,24,24,24,24,24,24,24,25,25,25,25,25,278,2780,-1263.542,-1251.649,328.8065,-492.385,-0.1330169,-0.1227293,-1.605311E-05,-0.2607539,0.1294459,0.001325184,0.2628151,0.6735196,0.127969,0.2228188,0.3604863,-0.2260246,24,24,24,24,24,24,24,24,24,24,24,24,24,24,24,24
279,2790,-1379.146,-1352.917,-1395.028,-1307.218,-1317.579,-1428.527,-1248.795,-385.3179,205.7424,370.9334,-135.0618,-1008.567,-1472.595,-1294.528,-1324.427,-1320.483,24,25,25,24,24,24,24,24,24,24,24,25,25,25,25,25,279,2790,-1327.592,-1369.55,324.0924,-483.3483,0.654906,1.227193,0.2611842,-0.130377,-1.035357,-0.2562149,-0.5255597,-0.9429631,-0.2559749,-0.3339995,-0.1212207,-0.1130011,24,24,24,24,24,24,24,24,24,24,24,24,24,24,24,24
280,2800,-1306.059,-1301.793,-1277.767,-1301.132,-1304.783,-1282.901,-1182.344,-402.2452,190.2592,356.2881,-146.8108,-964.4804,-1442.602,-1264.808,-1256.346,-1250.122,24,25,25,24,24,24,24,24,24,24,24,25,25,25,25,25,280,2800,-1342.899,-1329.022,333.5206,-481.67,0.5235851,0.3681525,0.3917827,-1.173396,2.247436E-05,0.1300952,2.247436E-05,1.077641,0.127969,-0.8908178,-0.362074,-0.2260246,24,24,24,24,24,24,24,24,24,24,24,24,24,24,24,24
281,2810,-1264.587,-1283.664,-1297.946,-1258.41,-1261.086,-1311.652,-1196.246,-384.5656,194.4706,363.6723,-147.0481,-1007.181,-1442.007,-1326.635,-1354.712,-1329.278,24,25,25,24,24,24,24,24,24,24,24,25,25,25,25,25,281,2810,-1311.344,-1307.968,330.5088,-491.4814,0.5235851,-0.3681685,-0.6530101,-0.6518881,2.247436E-05,0.001325184,-0.262767,-1.44478E-05,-0.3839552,0.4455462,0.3604863,-0.3390514,24,24,24,24,24,24,24,24,24,24,24,24,24,24,24,24
282,2820,-1364.48,-1335.755,-1343.717,-1398.378,-1342.204,-1337.194,-1241.398,-420.0502,203.389,361.457,-144.5559,-1001.009,-1565.67,-1336.541,-1333.012,-1428.192,24,25,25,24,24,24,24,24,24,24,24,25,25,25,25,25,282,2820,-1301.542,-1296.52,332.8658,-487.8667,-0.264337,-0.4908881,0.5223827,0.3911277,-0.1293993,-0.1273935,-0.5255597,-0.1347209,-1.123718E-05,-0.7794541,-1.325488,2.568498E-05,24,24,24,24,24,24,24,24,24,24,24,24,24,24,24,24
283,2830,-1408.966,-1476.831,-1381.982,-1340.324,-1499.292,-1463.218,-1213.083,-384.064,193.2319,368.3489,-170.6647,-1027.839,-1491.282,-1405.418,-1429.14,-1373.977,24,25,25,24,24,24,24,24,24,24,24,25,25,25,25,25,283,2830,-1389.627,-1348.102,337.449,-490.5777,-0.1330169,-9.631868E-06,-0.2612131,-0.6518881,-0.1293993,-0.9000146,-0.6569544,0.8082261,0.3839327,0.1114552,0.60134,-0.7911488,24,24,24,24,24,24,24,24,24,24,24,24,24,24,24,24
284,2840,-1401.15,-1404.17,-1404.628,-1391.686,-1357.052,-1466.18,-1293.819,-406.1322,206.4856,358.6264,-142.8944,-1038.672,-1555.077,-1292.26,-1329.316,-1398.073,24,25,25,24,24,24,24,24,24,24,24,25,25,25,25,25,284,2840,-1410.977,-1455.593,326.9733,-504.0038,-0.001696814,0.12271,-0.9142088,0.3911277,-0.5176663,-0.5137036,-0.3941649,-0.4041323,-0.7678991,-0.3339995,-0.2416475,0.7911969,24,24,24,24,24,24,24,24,24,24,24,24,24,24,24,24
285,2850,-1383.354,-1412.27,-1302.006,-1309.652,-1396.049,-1327.94,-1176.349,-390.0826,183.6943,358.7495,-166.2737,-988.1611,-1432.009,-1328.902,-1320.969,-1279.881,24,25,25,24,24,24,24,24,24,24,24,25,25,25,25,25,285,2850,-1380.228,-1348.891,319.7712,-502.7128,-0.001696814,-9.631868E-06,0.2611842,-0.782265,0.2588677,0.1301466,-0.3941649,0.2694018,-0.1279931,-0.3339995,-0.0007938265,0.1130492,24,24,24,24,24,24,24,24,24,24,24,24,24,24,24,24
286,2860,-1278.772,-1279.917,-1333.135,-1335.699,-1276.416,-1348.176,-1241.908,-401.9944,210.2016,367.3644,-112.9879,-984.1304,-1498.899,-1258.363,-1302.131,-1402.41,24,25,25,24,24,24,24,24,24,24,24,25,25,25,25,25,286,2860,-1354.178,-1370.077,324.6162,-496.6452,-0.6582989,-0.9817699,-0.9142088,-0.5215111,0.3882911,0.001376554,-0.6569544,-0.2694258,-1.023863,0.4455462,0.60134,1.243298,24,24,24,24,24,24,24,24,24,24,24,24,24,24,24,24
287,2870,-1373.255,-1393.894,-1337.196,-1284.701,-1354.034,-1353.235,-1191.145,-395.725,176.3862,350.3807,-164.1375,-988.2871,-1468.906,-1382.97,-1351.493,-1286.989,24,25,25,24,24,24,24,24,24,24,24,25,25,25,25,25,287,2870,-1332.828,-1310.863,329.985,-492.7723,0.260945,-0.9817699,-1.44478E-05,-0.2607571,0.1294459,0.2589166,-0.1313723,-0.1347193,0.127969,-0.4453631,-1.807247,2.568498E-05,24,24,24,24,24,24,24,24,24,24,24,24,24,24,24,24
288,2880,-1319.763,-1291.761,-1312.711,-1308.8,-1249.256,-1295.611,-1227.623,-416.0378,199.4252,357.0265,-132.9256,-981.1074,-1515.681,-1298.944,-1305.35,-1382.29,24,25,25,24,24,24,24,24,24,24,24,25,25,25,25,25,288,2880,-1488.99,-1512.031,330.3779,-498.7108,-0.9209399,-0.2454489,0.2611842,-0.6518881,-0.2588227,-1.157555,-1.313931,-1.284249E-05,0.3839327,-1.002181,0.7217151,-0.904227,24,24,24,24,24,24,24,24,24,24,24,24,24,24,24,24
289,2890,-1365.202,-1374.914,-1336.211,-1247.943,-1332.185,-1413.342,-1220.225,-387.3241,183.942,354.0728,-154.05,-997.4823,-1451.172,-1308.373,-1315.604,-1268.556,24,24,25,24,24,24,24,24,24,24,24,25,25,25,25,25,289,2890,-1414.468,-1417.046,328.0208,-498.969,0.260945,-0.1227293,-0.3918115,1.825274,0.5177129,-0.9000146,0.7883941,0.1346937,-0.6399189,0.1114552,-0.4825526,0.5650953,24,24,24,24,24,24,24,24,24,24,24,24,24,24,24,24
290,2900,-1279.373,-1255.525,-1249.468,-1264.131,-1238.633,-1235.766,-1166.528,-404.7529,178.8635,337.7045,-152.5072,-969.1409,-1436.056,-1263.854,-1263.977,-1333.977,24,24,25,24,24,24,24,24,24,24,24,25,25,25,25,25,290,2900,-1340.751,-1371.524,329.3303,-488.254,-0.264337,-0.3681685,0.130584,-0.6518881,-0.905935,0.5164568,-0.262767,-1.077666,0.6398948,9.150275E-05,-0.1212724,-2.568498E-05,24,24,24,24,24,24,24,24,24,24,24,24,24,24,24,24
291,2910,-1343.204,-1367.785,-1349.253,-1295.655,-1343.291,-1348.052,-1197.649,-397.4805,175.7668,347.7962,-171.4955,-1010.708,-1475.214,-1373.661,-1368.662,-1318.435,24,24,25,24,24,24,24,24,24,24,24,25,25,25,25,25,291,2910,-1320.072,-1314.942,335.6157,-491.8687,0.5235851,0.6135917,-0.2612131,-0.782265,2.247436E-05,0.5164568,-0.5255597,0.9429358,-0.8958809,-0.1112722,-0.7234063,0.5650953,24,24,24,24,24,24,24,24,24,24,24,24,24,24,24,24
292,2920,-1342.362,-1315.22,-1332.151,-1322.676,-1291.384,-1297.462,-1210.149,-411.7746,188.6489,350.0115,-150.015,-992.8218,-1475.571,-1275.909,-1290.804,-1334.097,24,24,25,24,24,24,24,24,24,24,24,25,25,25,25,25,292,2920,-1372.306,-1395.866,332.473,-493.2888,0.1296241,-0.8590503,-0.5224116,0.2607507,0.5177129,1.031538,0.5256046,-0.6735469,0.5119129,0.8910007,0.1195812,-2.568498E-05,24,24,24,24,24,24,24,24,24,24,24,24,24,24,24,24
293,2930,-1300.049,-1336.125,-1307.051,-1310.139,-1352.344,-1312.639,-1185.15,-401.1167,182.4556,350.996,-167.1044,-988.1611,-1459.146,-1324.964,-1300.104,-1266.387,24,24,25,24,24,24,24,24,24,24,24,25,25,25,25,25,293,2930,-1411.917,-1448.357,344.1272,-485.0266,0.260945,-0.9817699,0.6529813,0.3911277,-0.3882445,-0.2561635,-1.708119,0.4041082,0.3839327,0.1114552,-0.2416989,-0.226076,24,24,24,24,24,24,24,24,24,24,24,24,24,24,24,24
294,2940,-1304.497,-1288.272,-1304.836,-1288.474,-1260.482,-1282.76,-1184.385,-398.6089,187.658,343.7349,-152.3885,-965.1102,-1433.675,-1257.051,-1240.011,-1282.411,24,24,25,24,24,24,24,24,24,24,24,25,25,25,25,25,294,2940,-1417.825,-1414.415,350.0198,-491.2232,-1.052261,-0.613611,0.3917827,-1.043019,0.5177129,-1.157555,0.1314172,-0.1347193,-0.511937,-0.4453631,-0.1212724,0.4520717,24,24,24,24,24,24,24,24,24,24,24,24,24,24,24,24
295,2950,-1306.781,-1320.779,-1338.672,-1265.226,-1300.317,-1381.862,-1210.914,-379.2993,191.4978,352.9652,-147.6415,-999.3717,-1440.46,-1256.573,-1289.135,-1291.929,24,24,25,24,24,24,24,24,24,24,24,25,25,25,25,25,295,2950,-1333.768,-1343.628,336.1395,-504.7783,-0.1330169,0.3681525,-0.130613,-3.210623E-06,-0.1293993,-1.286325,0.9197921,0.5388147,0.6398948,1.002364,0.9625688,-0.7912002,24,24,24,24,24,24,24,24,24,24,24,24,24,24,24,24
296,2960,-1275.647,-1278.243,-1247.992,-1270.825,-1294.644,-1263.755,-1181.068,-410.7716,177.9964,345.9502,-150.1337,-952.2621,-1404.753,-1301.57,-1286.631,-1284.098,24,24,25,24,24,24,24,24,24,24,24,25,25,25,25,25,296,2960,-1426.821,-1395.076,326.7114,-505.8111,-0.001696814,-0.2454489,0.9141799,-1.173396,-1.035357,-0.6424745,-0.262767,-0.8082534,0.127969,-0.4453631,-0.602979,0.3390482,24,24,24,24,24,24,24,24,24,24,24,24,24,24,24,24
297,2970,-1307.141,-1290.448,-1338.057,-1305.636,-1286.677,-1344.097,-1224.052,-402.2452,187.1625,342.6273,-163.9002,-1002.395,-1469.62,-1268.389,-1270.892,-1313.254,24,24,25,24,24,24,24,24,24,24,24,25,25,25,25,25,297,2970,-1377.677,-1391.656,330.116,-491.6105,0.260945,-0.2454489,-0.9142088,-0.130377,0.6471363,1.160308,0.6569993,1.212349,-1.123718E-05,0.7796371,1.082995,-0.1130525,24,24,24,24,24,24,24,24,24,24,24,24,24,24,24,24
298,2980,-1306.3,-1312.078,-1307.42,-1274.599,-1277.623,-1307.196,-1197.777,-400.7405,179.359,339.6735,-161.6453,-993.1997,-1424.392,-1212.77,-1229.161,-1271.206,24,24,25,24,24,24,24,24,24,24,24,25,25,25,25,25,298,2980,-1440.786,-1411.258,333.3896,-498.3235,0.1296241,-1.10449,-0.9142088,0.130377,-0.2588227,-0.7712442,-0.262767,-1.481787,-0.511937,9.150275E-05,0.1195812,-0.4521263,24,24,24,24,24,24,24,24,24,24,24,24,24,24,24,24
299,2990,-1230.809,-1280.297,-1271.984,-1252.568,-1331.099,-1339.778,-1193.058,-403.6245,173.0418,350.8729,-162.3574,-1002.647,-1475.095,-1352.057,-1332.773,-1294.218,24,24,25,24,24,24,24,24,24,24,24,25,25,25,25,25,299,2990,-1275.627,-1286.125,331.9492,-498.1944,-0.3956579,-0.2454489,0.9141799,0.6518849,-0.1293993,0.5164568,-0.6569544,0.6735212,0.5119129,-0.3339995,-1.32554,-0.7912002,24,24,24,24,24,24,24,24,24,24,24,24,24,24,24,24
300,3000,-1363.038,-1343.013,-1386.781,-1348.114,-1271.95,-1331.139,-1252.749,-431.8366,180.3499,341.1504,-154.05,-993.4517,-1472.119,-1271.731,-1277.331,-1328.314,24,24,25,24,24,24,24,24,24,24,24,25,25,25,25,25,300,3000,-1304.899,-1279.282,337.8418,-497.2907,0.260945,-0.2454489,-0.3918115,-0.2607539,0.1294459,-1.930175,0.1314172,0.8082261,-0.3839552,0.8910007,0.8421419,-1.356324,24,24,24,24,24,24,24,24,24,24,24,24,24,24,24,24
301,3010,-1318.681,-1331.654,-1331.782,-1314.277,-1342.325,-1350.268,-1220.353,-418.671,172.918,341.6426,-170.6648,-1004.914,-1455.813,-1313.386,-1316.915,-1315.664,24,24,25,24,24,24,24,24,24,24,24,25,25,25,25,25,301,3010,-1303.69,-1320.206,335.4848,-502.4546,0.5235851,0.3681525,0.3917827,0.9126388,-0.5176663,0.5164568,1.182582,-0.9429631,-0.2559749,-0.6680905,0.4808614,0.9041724,24,24,24,24,24,24,24,24,24,24,24,24,24,24,24,24
302,3020,-1312.43,-1306.519,-1305.451,-1306.366,-1305.749,-1314.848,-1210.276,-406.2576,178.1203,343.6118,-167.4605,-1002.899,-1451.053,-1304.434,-1309.642,-1300.001,24,24,25,24,24,24,24,24,24,24,24,25,25,25,25,25,302,3020,-1399.161,-1397.576,324.8781,-504.5201,0.1296241,-0.3681685,-0.5224116,-0.6518849,0.6471363,0.001376554,-0.5255597,0.404105,0.2559508,-0.3340508,-0.3621257,-0.7912002,24,24,24,24,24,24,24,24,24,24,24,24,24,24,24,24
303,3030,-1290.552,-1283.076,-1353.314,-1351.887,-1321.804,-1388.774,-1281.957,-440.8645,173.1657,342.7503,-165.3243,-1034.263,-1519.014,-1297.512,-1320.135,-1366.025,24,24,25,24,24,24,24,24,24,24,24,25,25,25,25,25,303,3030,-1352.97,-1342.444,333.6515,-495.9998,0.1296241,-0.1227293,-0.6530101,0.2607539,0.5177129,-0.5137036,-0.262767,-0.269429,-1.151843,4.013279E-05,-0.8437814,0.4520717,24,24,24,24,24,24,24,24,24,24,24,24,24,24,24,24
304,3040,-1297.404,-1416.508,-1351.714,-1342.759,-1443.022,-1426.297,-1251.219,-451.0209,138.6071,327.2434,-202.9448,-1042.199,-1531.035,-1483.634,-1446.201,-1393.736,24,24,25,24,24,24,24,24,24,24,24,25,25,25,25,25,304,3040,-1376.603,-1401.786,338.4966,-491.7396,-0.001696814,-0.7363306,-0.5224116,0,2.247436E-05,0.6452268,-0.6569544,-0.6735485,1.151821,0.1114038,-1.325488,-1.130229,24,24,24,24,24,24,24,24,24,24,24,24,24,24,24,24
305,3050,-1433.376,-1389.18,-1404.012,-1381.829,-1332.185,-1353.6,-1259.382,-432.8397,176.5101,338.0736,-162.12,-1040.435,-1548.769,-1320.309,-1344.1,-1390.844,24,24,25,24,24,24,24,24,24,24,24,25,25,25,25,25,305,3050,-1326.383,-1334.68,334.961,-507.7476,-1.183581,-0.1227293,-0.130613,-0.130377,0.5177129,-0.2561635,-0.262767,0.404105,-0.3839552,4.013279E-05,0.2400595,0.1130428,24,24,24,24,24,24,24,24,24,24,24,24,24,24,24,24
306,3060,-1343.444,-1361.985,-1317.263,-1324.502,-1367.313,-1353.476,-1225.199,-427.3227,165.8576,336.966,-190.4837,-1023.556,-1514.967,-1384.76,-1346.843,-1318.676,24,24,25,24,24,24,24,24,24,24,24,25,25,25,25,25,306,3060,-1347.062,-1329.417,328.9374,-500.6472,-0.6582989,0.3681525,-0.6530101,0.3911309,-0.2588227,0.1301466,0.7883941,0.404105,-0.3839552,0.6682221,-0.2416475,0.4521167,24,24,24,24,24,24,24,24,24,24,24,24,24,24,24,24
307,3070,-1295.721,-1349.418,-1370.662,-1321.459,-1326.753,-1397.784,-1250.326,-393.8443,191.374,344.8425,-193.4507,-1092.332,-1515.562,-1349.551,-1405.874,-1419.518,24,24,25,24,24,24,24,24,24,24,24,25,25,25,25,25,307,3070,-1468.58,-1444.542,331.5563,-496.1288,0.7862269,0.2454328,-1.44478E-05,-0.5215079,-0.2588227,-0.2561635,2.247436E-05,1.077641,1.151821,-0.2226872,-0.7233545,-1.243253,24,24,24,24,24,24,24,24,24,24,24,24,24,24,24,24
308,3080,-1508.169,-1475.155,-1389.735,-1436.946,-1431.188,-1356.932,-1255.173,-462.3057,167.344,336.4737,-185.618,-1004.158,-1573.406,-1497.605,-1428.424,-1464.938,24,24,25,24,24,24,24,24,24,24,24,25,25,25,25,25,308,3080,-1426.955,-1479.405,330.3778,-501.5509,0.3922651,0.2454328,-0.9142088,0.130377,-0.1293993,-0.1273935,0.5256046,-0.808255,-1.535787,-0.7795055,-0.2416475,0.3390931,24,24,24,24,24,24,24,24,24,24,24,24,24,24,24,24
309,3090,-1509.853,-1505.385,-1524.384,-1378.665,-1410.54,-1540.595,-1318.181,-423.561,180.1022,347.3039,-166.5111,-1070.162,-1568.527,-1349.312,-1406.709,-1439.156,24,24,25,24,24,24,24,24,24,24,24,25,25,25,25,25,309,3090,-1349.479,-1321.127,325.009,-493.676,1.311509,-0.3681685,0.2611842,-0.130377,0.1294459,0.1301466,-0.3941649,-0.808255,0.8958569,0.6682221,-0.362074,-0.5651049,24,24,24,24,24,24,24,24,24,24,24,24,24,24,24,24
310,3100,-1439.148,-1425.698,-1350.976,-1366.128,-1399.43,-1362.362,-1224.307,-415.787,183.5704,350.996,-175.7679,-1017.007,-1491.401,-1354.206,-1333.369,-1293.013,24,24,25,24,24,24,24,24,24,24,24,25,25,25,25,25,310,3100,-1460.389,-1528.344,340.3297,-486.8339,-0.1330169,-0.8590535,-0.2612131,-0.2607539,-0.2588227,-0.7712442,-1.313931,0.8082261,-0.7678991,-0.5567782,0.1196326,-0.6781285,24,24,24,24,24,24,24,24,24,24,24,24,24,24,24,24
311,3110,-1350.296,-1323.92,-1361.557,-1338.255,-1310.095,-1379.64,-1265.249,-427.6989,179.2351,351.7344,-131.5015,-978.966,-1470.215,-1274.954,-1286.035,-1303.134,24,24,25,24,24,24,24,24,24,24,24,25,25,25,25,25,311,3110,-1488.452,-1481.641,337.4489,-497.2907,0.5235851,1.472629,-0.2612146,0.2607539,0.1294459,-0.5137036,0.5256046,-0.269429,-0.2559749,1.002313,0.3604863,-0.4520814,24,24,24,24,24,24,24,24,24,24,24,24,24,24,24,24
312,3120,-1280.214,-1304.948,-1282.935,-1283.484,-1324.701,-1308.184,-1209.511,-427.8242,169.9452,341.2734,-187.7542,-1020.407,-1539.961,-1459.273,-1413.629,-1414.699,24,24,25,24,24,24,24,24,24,24,24,25,25,25,25,25,312,3120,-1447.633,-1472.958,329.7231,-503.4873,0.5235851,-1.284249E-05,0.5223796,-0.7823132,-0.1293993,0.001376554,0.1314172,0.404105,0.3839327,-0.4454145,0.1196326,-0.3390546,24,24,24,24,24,24,24,24,24,24,24,24,24,24,24,24
313,3130,-1444.679,-1436.581,-1437.613,-1391.199,-1407.641,-1476.781,-1293.437,-422.0564,173.1656,350.0114,-185.1433,-1089.434,-1559.124,-1412.464,-1426.515,-1381.567,24,24,25,24,24,24,24,24,24,24,24,25,25,25,25,25,313,3130,-1396.207,-1390.34,342.5558,-488.5122,-0.1330169,0.2454296,0.1305825,-0.5215592,-0.1293977,0.001376554,-0.1313723,0.6735196,-1.279825,-0.4454145,-0.0007938265,0.4521167,24,24,24,24,24,24,24,24,24,24,24,24,24,24,24,24
314,3140,-1394.657,-1379.628,-1370.909,-1392.173,-1351.982,-1348.417,-1255.81,-441.8676,183.4465,351.9806,-159.0344,-1036.656,-1572.573,-1342.031,-1348.631,-1387.471,24,24,25,24,24,24,24,24,24,24,24,25,25,25,25,25,314,3140,-1478.651,-1441.385,340.4607,-499.0981,0.260945,-1.104493,-0.1306162,0.2607026,0.5177145,-0.384985,-0.6569544,-0.808255,0.3839327,1.002313,-0.362074,-0.6781285,24,24,24,24,24,24,24,24,24,24,24,24,24,24,24,24
315,3150,-1398.745,-1401.876,-1367.094,-1344.95,-1370.693,-1345.825,-1228.388,-421.8056,170.3167,342.7504,-176.5986,-1015.243,-1476.285,-1332.005,-1327.288,-1295.664,24,24,25,24,24,24,24,24,24,24,24,25,25,25,25,25,315,3150,-1320.072,-1328.627,329.5921,-509.1676,-0.1330169,-0.8590535,0.3917811,0.1303256,-0.1293977,-0.900066,-0.3941649,0.2693985,0.127969,-0.2226872,-0.2416475,0.1130428,24,24,24,24,24,24,24,24,24,24,24,24,24,24,24,24
316,3160,-1304.977,-1291.535,-1365.741,-1338.742,-1279.555,-1378.53,-1287.697,-434.4697,190.1353,346.8117,-162.12,-1060.211,-1577.572,-1344.18,-1368.304,-1440.722,24,24,25,24,24,24,24,24,24,24,24,25,25,25,25,25,316,3160,-1393.119,-1366.392,324.6162,-504.9074,0.7862269,1.472629,-0.3918148,0.2607026,-0.1293977,-0.7712959,0.2628151,1.212347,0.7678766,0.5568584,0.1196326,1.926374E-05,24,24,24,24,24,24,24,24,24,24,24,24,24,24,24,24
317,3170,-1424.478,-1433.195,-1360.081,-1386.819,-1445.075,-1374.827,-1226.092,-423.0595,180.1021,357.2726,-173.9877,-1000.254,-1475.452,-1403.746,-1382.493,-1323.013,24,24,25,24,24,24,24,24,24,24,24,25,25,25,25,25,317,3170,-1286.906,-1285.73,327.2351,-497.0325,-0.3956579,0.6135885,0.5223796,0.5214565,-1.035355,-0.900066,-0.262767,-1.212376,0.2559508,-0.2226872,0.3604863,-0.3390546,24,24,24,24,24,24,24,24,24,24,24,24,24,24,24,24
318,3180,-1387.923,-1352.56,-1406.967,-1380.49,-1316.131,-1400.623,-1302.875,-455.5348,172.2986,338.0737,-170.6648,-1058.952,-1575.43,-1381.061,-1392.273,-1403.253,24,24,25,24,24,24,24,24,24,24,24,25,25,25,25,25,318,3180,-1370.023,-1322.179,333.6515,-498.5817,1.048867,0.4908689,0.3917811,-1.04307,0.5177145,0.001325184,0.1314172,0.2693985,-0.8958809,-0.4453631,-0.362074,0.5651435,24,24,24,24,24,24,24,24,24,24,24,24,24,24,24,24
319,3190,-1378.665,-1374.794,-1333.75,-1308.435,-1327.598,-1298.804,-1196.884,-408.5146,176.7578,351.2422,-151.4391,-989.4208,-1441.769,-1298.467,-1303.442,-1286.628,24,24,25,24,24,24,24,24,24,24,24,25,25,25,25,25,319,3190,-1373.514,-1373.498,333.3896,-502.4546,0.3922651,-2.454415,-0.7836119,0.2607026,2.407967E-05,-0.5137558,0.7883941,-0.9429631,-0.1279931,-0.2226358,-0.6029276,-0.7911552,24,24,24,24,24,24,24,24,24,24,24,24,24,24,24,24
320,3200,-1311.349,-1306.64,-1327.229,-1320.12,-1290.419,-1328.547,-1239.102,-429.4543,179.6067,345.9502,-147.2855,-992.0661,-1462.836,-1235.567,-1248,-1293.977,24,24,25,24,24,24,24,24,24,24,24,25,25,25,25,25,320,3200,-1380.362,-1392.182,337.318,-492.9014,-0.1330169,0.4908689,0.6529797,0.3910795,0.2588693,-0.6425259,-0.7883492,0.134692,0.8958569,-0.1112722,0.1196326,-0.4520749,24,24,24,24,24,24,24,24,24,24,24,24,24,24,24,24
321,3210,-1273.483,-1312.199,-1299.914,-1264.253,-1308.888,-1331.139,-1211.807,-412.2762,171.6793,346.9348,-164.8496,-1019.904,-1462.717,-1310.88,-1329.554,-1328.194,24,25,25,24,24,24,24,24,24,24,24,25,25,25,25,25,321,3210,-1414.199,-1395.076,333.2586,-510.0713,-0.001696814,0.4908689,0.5223796,0.5214565,0.9059832,-0.7712959,-1.051142,1.212347,-0.3839552,0.6682734,0.3604863,-0.3390514,24,24,24,24,24,24,24,24,24,24,24,24,24,24,24,24
322,3220,-1360.634,-1357.026,-1382.105,-1379.395,-1323.615,-1360.141,-1274.56,-446.0053,174.7759,340.412,-177.548,-1057.944,-1561.385,-1345.731,-1363.893,-1411.205,24,25,25,24,24,24,24,24,24,24,24,25,25,25,25,25,322,3220,-1334.037,-1370.866,324.6162,-507.6185,0.1296241,-1.284249E-05,0.6529797,-0.1304283,-0.388243,0.5164054,2.247436E-05,-0.538842,-1.123718E-05,-0.8908178,-0.2416475,0.7911969,24,24,24,24,24,24,24,24,24,24,24,24,24,24,24,24
323,3230,-1382.151,-1382.891,-1368.325,-1344.828,-1375.522,-1392.353,-1255.173,-424.5641,179.9783,350.5038,-173.7504,-1030.988,-1500.684,-1303.838,-1304.158,-1290.363,24,25,25,24,24,24,24,24,24,24,24,25,25,25,25,25,323,3230,-1393.924,-1374.287,333.1277,-495.0961,-0.001696814,0.8590278,-0.2612146,-0.6519362,0.3882927,0.9027163,-0.1313723,1.212347,-0.1279931,-0.6680905,-0.6029276,0.2260728,24,24,24,24,24,24,24,24,24,24,24,24,24,24,24,24
324,3240,-1294.038,-1294.42,-1357.989,-1308.922,-1331.099,-1419.015,-1254.025,-394.4712,188.7728,354.5651,-176.7173,-1086.789,-1554.72,-1367.215,-1403.13,-1404.458,24,25,25,24,24,24,24,24,24,24,24,25,25,25,25,25,324,3240,-1418.899,-1461.776,329.3302,-504.6492,0.260945,-1.104493,-1.04481,-0.5215592,0.6471379,-0.384985,0.1314172,-0.538842,-0.1279931,-0.2226358,0.1196326,-0.4520749,24,24,24,24,24,24,24,24,24,24,24,24,24,24,24,24
325,3250,-1390.328,-1376.485,-1339.902,-1353.469,-1335.203,-1288.314,-1199.69,-421.4294,173.2895,337.8275,-185.618,-1016.377,-1494.495,-1347.164,-1317.869,-1306.146,24,25,25,24,24,24,24,24,24,24,24,25,25,25,25,25,325,3250,-1349.479,-1342.049,329.4612,-494.7088,-0.001695209,-0.3681718,0.6529797,1.303718,-0.6470882,-0.7712959,-0.5255597,-0.538842,-0.511937,0.4455462,-1.325488,-0.4520749,24,24,24,24,24,24,24,24,24,24,24,24,24,24,24,24
326,3260,-1324.691,-1333.458,-1371.647,-1319.755,-1334.962,-1422.224,-1271.626,-413.7808,186.9148,352.3499,-161.5267,-1041.191,-1493.543,-1315.177,-1355.666,-1352.531,24,25,25,24,24,24,24,24,24,24,24,25,25,25,25,25,326,3260,-1463.075,-1442.174,338.1036,-493.0306,-0.5269772,0.4908721,0.7835782,-0.1304283,0.9059832,0.1300952,0.1314172,0.5388131,0.127969,0.2228188,0.4809132,-0.1130011,24,24,24,24,24,24,24,24,24,24,24,24,24,24,24,24
327,3270,-1355.705,-1334.546,-1307.174,-1375.013,-1350.292,-1313.244,-1256.703,-463.685,178.8635,350.2576,-153.694,-1013.102,-1591.974,-1394.79,-1359.124,-1461.685,24,25,25,24,24,24,24,24,24,24,24,25,25,25,25,25,327,3270,-1478.113,-1552.945,331.9492,-493.2888,-0.920939,0.12271,-0.9142104,-0.2608053,-1.164779,-0.384985,-0.262767,-0.1347209,0.6398948,9.150275E-05,0.4809132,0.6781734,24,24,24,24,24,24,24,24,24,24,24,24,24,24,24,24
328,3280,-1472.697,-1484.931,-1424.444,-1333.265,-1448.818,-1524.179,-1281.83,-415.2854,169.5735,341.8889,-204.9623,-1083.514,-1562.695,-1447.81,-1448.826,-1405.542,24,25,25,24,24,24,24,24,24,24,24,25,25,25,25,25,328,3280,-1478.785,-1481.773,336.1395,-487.9958,0.6549068,0.2454328,0.5223796,-0.2607571,0.9059832,0.001325184,-0.1313723,0.2693985,-1.123718E-05,-0.6680905,-0.7233545,2.568498E-05,24,24,24,24,24,24,24,24,24,24,24,24,24,24,24,24
329,3290,-1436.984,-1417.831,-1424.567,-1396.796,-1360.311,-1384.207,-1251.601,-417.7932,194.8422,355.0574,-162.0014,-1003.403,-1487.116,-1293.096,-1292.354,-1331.326,24,25,25,24,24,24,24,24,24,24,24,25,25,25,25,25,329,3290,-1492.749,-1469.801,337.9727,-492.1269,-0.3956571,-0.7363306,-1.306009,-1.043019,-0.1293977,0.001325184,0.6569993,-0.4041355,-0.7678991,-0.1112722,-0.362074,-0.3390514,24,24,24,24,24,24,24,24,24,24,24,24,24,24,24,24
330,3300,-1284.301,-1362.223,-1372.262,-1302.349,-1430.947,-1531.091,-1283.615,-403.6244,175.2714,348.2885,-216.3553,-1116.894,-1598.401,-1512.412,-1494.283,-1400.482,24,25,25,24,24,24,24,24,24,24,24,25,25,25,25,25,330,3300,-1354.447,-1394.682,339.675,-481.9282,0.2609458,-1.840811,0.1305825,1.043012,-0.2588211,0.6452268,-0.7883492,-0.1347209,0.5119129,-0.1112722,-0.8437814,-0.7911488,24,24,24,24,24,24,24,24,24,24,24,24,24,24,24,24
331,3310,-1482.557,-1448.419,-1468.137,-1443.881,-1361.277,-1439.504,-1332.338,-457.2902,180.3499,343.2426,-162.3573,-1103.416,-1652.437,-1379.867,-1424.845,-1504.695,24,25,25,24,24,24,24,24,24,24,24,25,25,25,25,25,331,3310,-1319.132,-1278.098,339.5441,-489.0285,-0.3956571,-0.4908881,-0.1306162,-0.1303802,0.9059832,-1.415095,-0.5255532,-1.44478E-05,0.127969,-0.2226358,-0.1212207,-0.4520749,24,24,24,24,24,24,24,24,24,24,24,24,24,24,24,24
332,3320,-1508.049,-1501.373,-1385.92,-1412.004,-1487.942,-1429.63,-1256.958,-445.0022,167.9633,343.858,-197.8417,-1021.163,-1566.265,-1459.512,-1396.449,-1398.314,24,25,25,24,24,24,24,24,24,24,24,25,25,25,25,25,332,3320,-1301.408,-1366.129,336.0085,-489.674,0.9175478,0.2454328,0.1305825,-3.210623E-06,-0.2588211,-1.028785,0.6570058,0.134692,-1.279825,-0.5567268,-0.8437814,0.4521231,24,24,24,24,24,24,24,24,24,24,24,24,24,24,24,24
333,3330,-1435.18,-1441.044,-1447.583,-1373.066,-1410.54,-1480.36,-1296.115,-420.8025,175.643,348.1654,-181.1083,-1062.857,-1515.443,-1382.732,-1420.43,-1387.471,24,25,25,24,24,24,24,24,24,24,24,25,25,25,25,25,333,3330,-1455.421,-1449.41,338.6274,-479.2172,-0.2643362,-0.1227293,0.9141783,-0.2607571,2.407967E-05,0.7739968,1.05119,-0.1347209,-1.123718E-05,-1.002181,0.7217665,-0.1130011,24,24,24,24,24,24,24,24,24,24,24,24,24,24,24,24
334,3340,-1479.551,-1463.411,-1510.353,-1505.08,-1417.664,-1449.255,-1323.92,-466.8196,173.6611,344.3503,-164.0188,-1046.985,-1588.522,-1319.473,-1329.435,-1431.565,24,25,25,24,24,24,24,24,24,24,24,25,25,25,25,25,334,3340,-1397.952,-1488.351,345.4366,-476.1189,-0.3956571,0.2454328,-0.3918148,-0.6518881,-0.9059334,-0.5137036,-0.1313691,0.5388131,-1.023863,-0.3340508,0.4809132,1.017247,24,24,24,24,24,24,24,24,24,24,24,24,24,24,24,24
335,3350,-1408.365,-1453.859,-1393.305,-1337.16,-1395.687,-1399.759,-1235.786,-417.2916,169.3258,336.843,-185.2619,-1037.286,-1484.26,-1359.457,-1368.185,-1334.579,24,25,25,24,24,24,24,24,24,24,24,25,25,25,25,25,335,3350,-1450.587,-1426.65,342.8177,-477.9263,0.5235868,-0.613611,0.7835782,-3.210623E-06,0.3882927,-0.3849336,2.88956E-05,-0.9429631,-0.2559749,0.4454948,-0.1212207,-1.130223,24,24,24,24,24,24,24,24,24,24,24,24,24,24,24,24
336,3360,-1376.621,-1342.161,-1383.582,-1377.447,-1338.463,-1391.613,-1279.279,-434.595,185.3045,349.0269,-163.6628,-1041.317,-1546.746,-1299.302,-1318.943,-1369.399,24,25,25,24,24,24,24,24,24,24,24,25,25,25,25,25,336,3360,-1311.747,-1349.549,336.2704,-485.1557,-0.7896181,-0.9817699,-0.2612146,1.173389,0.2588693,-0.5137036,-1.182533,-0.269429,0.3839327,-0.2226872,0.1196326,-1.243249,24,24,24,24,24,24,24,24,24,24,24,24,24,24,24,24
337,3370,-1337.914,-1356.785,-1324.522,-1311.478,-1343.895,-1336.198,-1216.654,-414.2823,177.1294,349.6423,-163.1881,-997.3564,-1452.481,-1314.699,-1309.046,-1304.218,24,24,25,24,24,24,24,24,24,24,24,25,25,25,25,25,337,3370,-1388.15,-1363.76,341.3773,-473.6661,0.5235868,0.4908721,0.1305825,-1.043019,-0.1293977,-1.028785,0.1314236,0.6735196,0.3839327,0.1114038,-0.1212207,0.5651466,24,24,24,24,24,24,24,24,24,24,24,24,24,24,24,24
338,3380,-1340.559,-1340.234,-1410.29,-1353.956,-1354.034,-1441.232,-1283.105,-420.8025,178.7396,341.7658,-163.7815,-1047.363,-1516.395,-1300.496,-1330.985,-1363.375,24,24,25,24,24,24,24,24,24,24,24,25,25,25,25,25,338,3380,-1350.956,-1426.255,344.9128,-479.4754,-0.2643362,-0.3681685,-0.2612146,-0.1303802,-1.035355,0.2589166,0.2628184,-0.1347209,0.3839327,0.1114038,-0.2416475,-0.2260246,24,24,24,24,24,24,24,24,24,24,24,24,24,24,24,24
339,3390,-1344.646,-1352.801,-1317.017,-1340.811,-1380.593,-1348.787,-1238.974,-435.9743,173.785,345.581,-180.3962,-1015.117,-1516.276,-1411.986,-1363.535,-1367.953,24,24,25,24,24,24,24,24,24,24,24,25,25,25,25,25,339,3390,-1426.687,-1416.389,346.4843,-473.9243,0.7862269,-1.227209,0.1305825,0.5215046,0.1294475,-0.3849336,2.88956E-05,-0.808255,-0.511937,0.1114038,-0.7233545,0.2260728,24,24,24,24,24,24,24,24,24,24,24,24,24,24,24,24
340,3400,-1436.503,-1431.018,-1479.706,-1388.401,-1413.8,-1519.118,-1315.757,-433.3412,174.8998,354.3189,-150.4897,-1044.214,-1525.56,-1362.561,-1394.898,-1369.76,24,24,25,24,24,24,24,24,24,24,24,25,25,25,25,25,340,3400,-1295.365,-1323.495,345.3058,-479.3463,-0.2643362,0.2454328,-0.3918148,0.6518816,0.7765597,0.6452268,0.9197953,0.5388131,-0.511937,0.2227675,0.2400595,0.3390996,24,24,24,24,24,24,24,24,24,24,24,24,24,24,24,24
341,3410,-1364.36,-1335.4,-1378.537,-1442.786,-1364.536,-1369.52,-1276.6,-446.0053,185.5522,349.8884,-164.9682,-1027.209,-1533.415,-1320.667,-1341,-1419.518,24,24,25,24,24,24,24,24,24,24,24,25,25,25,25,25,341,3410,-1363.846,-1346.654,338.7584,-480.1209,-0.1330161,-1.96353,-1.04481,0.5215046,-1.164779,-0.1273935,-0.7883459,-0.6735485,-1.151843,1.113677,-0.0007938265,-0.2260246,24,24,24,24,24,24,24,24,24,24,24,24,24,24,24,24
342,3420,-1401.271,-1426.544,-1347.777,-1319.633,-1418.509,-1417.287,-1248.54,-427.9495,164.1234,351.1191,-156.6609,-1003.655,-1489.496,-1384.641,-1369.616,-1332.29,24,24,25,24,24,24,25,24,24,24,24,25,25,25,25,25,342,3420,-1492.615,-1515.978,343.9963,-471.8587,-0.2643362,0.4908721,0.5223796,0.7822586,0.3882927,-0.7712442,2.88956E-05,0.134692,-0.511937,4.013279E-05,-0.1212207,0.2260728,24,24,24,24,24,24,24,24,24,24,24,24,24,24,24,24
343,3430,-1373.857,-1371.894,-1412.751,-1357.121,-1321.321,-1410.004,-1300.579,-428.7018,193.6035,357.7649,-144.1998,-1073.059,-1576.382,-1365.306,-1432.839,-1473.491,24,24,25,24,24,24,25,24,24,24,24,25,25,25,25,25,343,3430,-1358.207,-1344.286,343.0797,-480.5082,-0.2643362,0.2454328,-0.9142088,-0.2607571,-1.164779,-1.415095,0.9197953,0.6735196,-0.2559749,0.6682221,0.2400595,0.2260728,24,24,24,24,24,24,24,24,24,24,24,24,24,24,24,24
344,3440,-1516.106,-1477.936,-1391.828,-1504.594,-1523.201,-1448.021,-1288.207,-458.0426,168.5826,339.0583,-186.8047,-1026.706,-1540.319,-1426.674,-1406.71,-1389.158,24,24,25,24,24,24,25,24,24,24,24,25,25,25,25,25,344,3440,-1346.122,-1372.708,344.5201,-471.9879,0.5235868,-0.3681685,0.6529813,-0.7822618,-0.5176647,-1.286325,2.88956E-05,-1.44478E-05,0.2559508,-0.6681418,-0.6029276,0.2260728,24,24,24,24,24,24,24,24,24,24,24,24,24,24,24,24
345,3450,-1407.042,-1413.968,-1419.275,-1386.698,-1397.257,-1449.873,-1286.167,-424.6895,177.0055,346.9347,-171.1394,-1049.505,-1514.134,-1362.322,-1398,-1355.302,24,24,25,24,24,24,25,24,24,24,24,25,25,25,25,25,345,3450,-1296.305,-1279.94,349.1032,-475.6025,-0.2643362,-9.631868E-06,-0.2612131,-0.130377,0.6471379,0.3876867,0.3942131,1.616467,-0.3839552,0.3341311,0.1196326,-0.3390514,24,24,24,24,24,24,24,24,24,24,24,24,24,24,24,24
346,3460,-1407.764,-1390.994,-1403.643,-1450.817,-1398.947,-1404.697,-1304.406,-455.2841,185.0568,352.8421,-162.3573,-1072.178,-1639.344,-1404.105,-1438.923,-1496.262,24,24,25,24,24,24,25,24,24,24,24,25,25,25,25,25,346,3460,-1366.801,-1371.261,341.7702,-476.7644,-0.1330161,-1.227209,-0.9142088,-0.2607539,0.2588693,-0.5137036,-0.2627638,-1.212376,-0.8958809,-0.3340508,-0.0007938265,-0.7911488,24,24,24,24,24,24,24,24,24,24,24,24,24,24,24,24
347,3470,-1517.308,-1541.177,-1415.09,-1469.31,-1554.596,-1437.036,-1261.933,-458.4187,159.912,345.2117,-195.3495,-1025.446,-1569.836,-1490.679,-1415.777,-1390.965,24,24,25,24,24,24,25,24,24,24,24,25,25,25,25,25,347,3470,-1344.779,-1350.076,342.6868,-475.6025,-0.1330161,-9.631868E-06,0.6529813,1.434147,-0.2588211,0.1301466,-0.6569544,-0.269429,0.5119129,4.013279E-05,-0.2416475,0.1130492,24,24,24,24,24,24,24,24,24,24,24,24,24,24,24,24
348,3480,-1560.116,-1529.69,-1586.662,-1442.056,-1445.437,-1588.61,-1349.939,-429.0781,184.809,357.2726,-167.5792,-1094.095,-1606.018,-1408.404,-1443.696,-1426.746,24,24,25,24,24,24,25,24,24,24,24,25,25,25,25,25,348,3480,-1268.376,-1274.151,345.9605,-472.246,-0.001695209,-0.1227293,-0.130613,-1.303773,-0.388243,-2.187716,-0.262767,1.212347,0.2559508,0.2227675,-0.362074,-0.1130011,24,24,24,24,24,24,24,24,24,24,24,24,24,24,24,24
349,3490,-1431.813,-1428.116,-1361.557,-1415.29,-1402.208,-1353.106,-1267.417,-469.0767,172.1747,346.1963,-166.5111,-1039.806,-1610.541,-1369.006,-1363.177,-1481.925,24,24,25,24,24,24,25,24,24,24,24,25,25,25,25,25,349,3490,-1331.217,-1341.259,353.4244,-464.2421,0.1296249,0.3681525,1.044778,0.5215079,2.407967E-05,0.1301466,2.247436E-05,-0.538842,-0.3839552,-1.447689,-0.0007938265,-0.1130011,24,24,24,24,24,24,24,24,24,24,24,24,24,24,24,24
350,3500,-1416.181,-1517.477,-1398.966,-1323.771,-1436.26,-1469.622,-1254.025,-402.8722,183.0749,355.9188,-172.0889,-1035.019,-1500.803,-1390.73,-1388.932,-1332.29,24,24,25,24,24,24,25,24,24,24,24,25,25,25,25,25,350,3500,-1391.776,-1386.788,359.5789,-471.0841,-0.920939,-0.2454489,-1.44478E-05,-1.043019,0.2588693,0.3876867,0.1314172,0.9429326,-1.123718E-05,-0.3339995,-0.4825008,0.1130492,24,24,24,24,24,24,24,24,24,24,24,24,24,24,24,24
351,3510,-1347.531,-1323.437,-1337.934,-1348.479,-1301.042,-1307.937,-1219.715,-421.8057,188.0296,350.7499,-153.1006,-968.2593,-1437.246,-1298.825,-1292.711,-1315.423,24,24,25,24,24,24,25,24,24,24,24,25,25,25,25,25,351,3510,-1331.888,-1343.76,352.115,-478.959,0.6549068,0.2454328,-1.828403,-0.3911309,0.3882927,0.2589166,-0.262767,-0.538842,-0.7678991,0.1114552,-0.1212207,0.1130492,24,24,24,24,24,24,24,24,24,24,24,24,24,24,24,24
352,3520,-1336.592,-1343.134,-1350.607,-1304.662,-1333.875,-1342.369,-1212.828,-405.5053,166.7246,345.704,-169.3593,-1011.338,-1448.553,-1397.895,-1437.969,-1372.29,24,24,25,24,24,24,25,24,24,24,24,25,25,25,25,25,352,3520,-1328.934,-1319.679,348.8413,-478.1844,0.2609458,-1.227209,0.3917827,1.694901,0.3882927,0.5164568,-0.1313723,-0.538842,-0.511937,0.2228188,-0.9642078,-0.7911488,24,24,24,24,24,24,24,24,24,24,24,24,24,24,24,24
353,3530,-1513.701,-1416.266,-1418.044,-1458.117,-1384.94,-1367.299,-1262.698,-447.7608,183.3226,352.1036,-160.5772,-1017.384,-1573.168,-1374.974,-1352.566,-1429.517,24,25,25,24,24,24,25,24,24,24,24,25,25,25,25,25,353,3530,-1411.111,-1429.018,344.9129,-478.3135,-1.577541,-0.1227293,-0.3918115,0.130377,-0.2588211,-1.930175,-1.182537,-0.269429,0.2559508,0.5569098,-0.1212207,-0.4520749,24,24,24,24,24,24,24,24,24,24,24,24,24,24,24,24
354,3540,-1423.035,-1453.873,-1374.231,-1294.925,-1433.12,-1480.731,-1234.638,-384.691,185.0568,365.3952,-177.7854,-1053.409,-1491.163,-1443.75,-1467.438,-1415.18,24,25,25,24,24,24,25,24,24,24,24,25,25,25,25,25,354,3540,-1330.009,-1318.626,349.496,-468.6313,1.311509,0.9817506,-1.44478E-05,1.043016,0.3882927,0.001376554,0.5256046,0.134692,-0.1279931,-0.4453631,0.8421933,2.568498E-05,24,24,24,24,24,24,24,24,24,24,24,24,24,24,24,24
355,3550,-1461.634,-1422.796,-1390.843,-1409.814,-1335.083,-1342.616,-1259.637,-446.1308,191.6217,354.442,-151.7952,-1017.888,-1578.643,-1371.393,-1367.827,-1438.794,24,25,25,24,24,24,25,24,24,24,24,25,25,25,25,25,355,3550,-1413.394,-1385.735,357.0909,-471.6006,0.3922659,-0.3681685,0.3917827,-2.086035,-0.6470882,0.001376554,0.3942099,0.404105,0.2559508,0.4455462,-0.7233545,-0.4520749,24,24,24,24,24,24,24,24,24,24,24,24,24,24,24,24
356,3560,-1363.999,-1381.562,-1362.296,-1295.533,-1364.054,-1398.525,-1225.965,-405.1291,177.3771,349.3961,-172.0889,-1008.189,-1460.098,-1359.815,-1351.493,-1287.351,24,25,25,24,24,24,25,24,24,24,24,25,25,25,25,25,356,3560,-1355.79,-1361.523,354.3411,-475.0862,0.2609458,0.6135917,-0.130613,0.5215079,0.1294475,-1.157555,-1.051142,-0.538842,-0.8958809,0.1114552,0.1196326,-0.2260246,24,24,24,24,24,24,24,24,24,24,24,24,24,24,24,24
357,3570,-1339.477,-1321.987,-1333.012,-1367.345,-1305.749,-1351.255,-1267.545,-430.4574,195.4615,356.1649,-144.5559,-1004.914,-1536.629,-1305.389,-1294.738,-1384.7,24,25,25,24,24,24,25,24,24,24,24,25,25,25,25,25,357,3570,-1372.708,-1332.969,353.0316,-472.246,-0.5269772,-1.10449,-0.7836103,0.5215079,-0.5176647,1.031538,0.6569993,0.2693985,-0.1279931,0.2228188,-0.9642078,-0.1130011,24,24,24,24,24,24,24,24,24,24,24,24,24,24,24,24
358,3580,-1392.613,-1426.424,-1358.851,-1313.182,-1423.702,-1416.052,-1214.996,-399.6121,181.3408,358.2571,-176.0052,-1018.014,-1464.74,-1339.764,-1347.439,-1292.531,24,25,25,24,24,24,24,24,24,24,24,25,25,25,25,25,358,3580,-1307.584,-1329.022,348.9723,-482.8319,-0.7896181,-0.3681718,-0.2612131,-0.3911309,0.3882927,-0.5137036,-1.313931,-0.269429,0.127969,0.1114552,0.1196326,-1.017199,24,24,24,24,24,24,24,24,24,24,24,24,24,24,24,24
359,3590,-1317.719,-1306.036,-1331.29,-1346.654,-1316.131,-1332.496,-1240.888,-422.558,197.6911,356.1649,-152.3886,-1040.687,-1556.863,-1335.825,-1348.989,-1410.843,24,25,25,24,24,24,24,24,24,24,24,25,25,25,25,25,359,3590,-1370.426,-1327.574,346.0914,-474.6989,-0.001695209,1.34991,0.3917827,0.9126388,0.7765597,0.001376554,0.7883941,0.8082261,-0.511937,0.3341825,-0.362074,0.5651466,24,24,24,24,24,24,24,24,24,24,24,24,24,24,24,24
360,3600,-1390.448,-1394.259,-1332.028,-1310.991,-1355.604,-1318.304,-1189.997,-399.2359,183.5704,355.6727,-159.7465,-981.8631,-1417.25,-1342.39,-1336.589,-1277.592,24,25,25,24,24,24,24,24,24,24,24,25,25,25,25,25,360,3600,-1307.584,-1318.364,358.1385,-466.3076,0.5235868,-0.3681718,0.5223827,-2.086035,-0.5176647,0.1301466,2.247436E-05,-0.6735485,0.8958569,9.150275E-05,0.1196326,-0.5650985,24,24,24,24,24,24,24,24,24,24,24,24,24,24,24,24
361,3610,-1319.643,-1304.465,-1349.377,-1342.515,-1294.281,-1381.368,-1274.687,-419.2979,192.6126,356.4111,-143.3691,-1040.057,-1516.633,-1306.344,-1376.293,-1415.06,24,25,25,24,24,24,24,24,24,24,24,25,25,25,25,25,361,3610,-1322.892,-1287.572,363.5073,-469.0186,-0.001695209,0.2454296,0.5223827,0.130377,0.1294475,0.2589166,-0.3941649,-0.808255,-1.151843,0.1114552,0.2400595,0.3390996,24,24,24,24,24,24,24,24,24,24,24,24,24,24,24,24
362,3620,-1424.719,-1469.35,-1379.275,-1472.838,-1451.716,-1340.395,-1230.556,-446.2561,187.7819,357.5188,-165.5617,-984.1304,-1531.392,-1414.255,-1343.504,-1318.435,24,25,25,24,24,24,24,24,24,24,24,25,25,25,25,25,362,3620,-1261.259,-1266.65,353.4244,-479.6045,-0.001695209,-0.9817731,-0.6530101,-0.2607539,0.6471379,0.9027677,0.6569993,-0.1347209,0.3839327,9.150275E-05,-0.9642078,0.4521231,24,24,24,24,24,24,24,24,24,24,24,24,24,24,24,24
363,3630,-1446.964,-1387.971,-1412.136,-1359.434,-1335.565,-1407.412,-1263.846,-409.7684,198.8059,356.5342,-154.406,-1021.289,-1508.302,-1303.838,-1322.281,-1367.23,24,25,25,24,24,24,24,24,24,24,24,25,25,25,25,25,363,3630,-1311.344,-1304.415,345.3058,-473.6661,-0.3956571,-0.8590535,-0.5224116,0.130377,-1.035355,0.001376554,-1.708115,-1.212376,-1.123718E-05,9.150275E-05,-0.6029276,-1.243249,24,24,24,24,24,24,24,24,24,24,24,24,24,24,24,24
364,3640,-1333.587,-1350.385,-1307.42,-1290.908,-1358.501,-1355.821,-1223.031,-426.9465,177.3771,353.0882,-164.4936,-991.5623,-1481.641,-1337.018,-1308.212,-1295.664,24,25,25,24,24,24,24,24,24,24,24,25,25,25,25,25,364,3640,-1278.312,-1298.362,350.9365,-468.8895,0.7862269,0.2454296,1.044778,0.5215079,0.5177145,-1.028785,0.5256078,0.404105,-0.1279931,0.5569098,-0.0007938265,0.3390996,24,24,24,24,24,24,24,24,24,24,24,24,24,24,24,24
365,3650,-1298.847,-1291.052,-1323.907,-1290.908,-1301.042,-1364.954,-1231.067,-398.4835,196.7002,358.2572,-148.5909,-1034.137,-1479.737,-1291.425,-1341.716,-1363.254,24,25,25,24,24,24,24,24,24,24,24,25,25,25,25,25,365,3650,-1304.765,-1304.942,355.6505,-467.8568,-0.5269772,-1.284249E-05,0.130584,-0.7822618,-0.9059334,-0.6424745,2.88956E-05,0.134692,0.5118616,-0.3339995,0.1196326,0.2260728,24,24,24,24,24,24,24,24,24,24,24,24,24,24,24,24
366,3660,-1400.308,-1381.925,-1344.455,-1410.909,-1376.85,-1298.681,-1197.522,-414.9093,190.7547,356.165,-164.4936,-981.2333,-1470.691,-1350.983,-1310.358,-1299.278,24,25,25,24,24,24,24,24,24,24,24,25,25,25,25,25,366,3660,-1307.316,-1295.073,363.1145,-463.4675,0.5235868,-0.4908914,-0.130613,-0.2607539,0.6471379,0.1301466,0.1314236,1.48176,-0.1280445,-0.4454145,-0.1212207,-0.3390514,24,24,24,24,24,24,24,24,24,24,24,24,24,24,24,24
367,3670,-1335.15,-1324.646,-1375.584,-1301.01,-1292.109,-1407.042,-1257.341,-398.8597,196.9479,361.0878,-144.7932,-1034.515,-1502.232,-1329.141,-1359.481,-1333.495,24,25,25,24,24,24,24,24,24,24,24,25,25,25,25,25,367,3670,-1271.598,-1279.282,366.2572,-464.3712,1.048868,-0.4908914,-0.7836103,-0.130377,-0.5176647,-0.3849336,0.7884005,0.404105,1.023787,0.5568584,-0.7233545,-0.3390514,24,24,24,24,24,24,24,24,24,24,24,24,24,24,24,24
368,3680,-1325.894,-1313.407,-1293.147,-1317.442,-1294.281,-1245.86,-1164.998,-394.5966,197.9389,369.9489,-131.6201,-941.0515,-1420.583,-1285.935,-1261.95,-1270.604,24,25,25,24,24,24,24,24,24,24,24,25,25,25,25,25,368,3680,-1431.521,-1411.126,356.5672,-474.0534,0.2609458,-1.227212,0.3917827,0.6518849,-0.1293977,0.5164568,-1.313928,-1.212376,-0.3840065,-0.8908691,-1.205061,-1.243249,24,24,24,24,24,24,24,24,24,24,24,24,24,24,24,24
369,3690,-1289.23,-1288.394,-1316.279,-1269.973,-1300.559,-1408.893,-1236.551,-380.6785,204.6276,364.7799,-147.6415,-1030.106,-1476.523,-1304.673,-1356.62,-1352.893,24,24,25,24,24,24,24,24,24,24,24,25,25,25,25,25,369,3690,-1266.227,-1284.414,347.6628,-472.6333,0.1296249,-1.284249E-05,0.3917827,0.130377,0.5177145,-0.5137036,-0.7883459,0.8082261,0.1279176,0.5568584,-0.4825008,0.3390996,24,24,24,24,24,24,24,24,24,24,24,24,24,24,24,24
370,3700,-1384.917,-1356.668,-1312.219,-1359.19,-1344.015,-1342.986,-1231.322,-415.1601,204.1322,370.0719,-149.659,-1009.953,-1541.985,-1328.306,-1326.692,-1411.325,24,24,25,24,24,24,24,24,24,24,24,25,25,25,25,25,370,3700,-1347.599,-1330.732,350.9365,-466.4367,-0.2643362,-1.284249E-05,-0.7836103,0.130377,-1.423624,-1.286325,0.3942131,0.5388131,-0.1280445,4.013279E-05,-0.0007938265,0.2260728,24,24,24,24,24,24,24,24,24,24,24,24,24,24,24,24
371,3710,-1347.891,-1366.094,-1357.251,-1298.089,-1368.882,-1373.963,-1211.297,-391.9634,187.658,359.2417,-165.9177,-1012.724,-1472.476,-1344.419,-1339.808,-1307.712,24,24,25,24,24,24,24,24,24,24,24,25,25,25,25,25,371,3710,-1237.492,-1246.781,353.6863,-467.0822,0.5235868,-0.4908914,1.044778,-0.6518849,0.9059832,0.3876867,2.88956E-05,0.134692,-0.2560263,-0.6681418,-0.1212207,-0.9041756,24,24,24,24,24,24,24,24,24,24,24,24,24,24,24,24
372,3720,-1317.118,-1311.474,-1331.659,-1332.413,-1307.801,-1354.958,-1244.076,-412.0254,198.5582,362.8108,-139.3341,-1017.888,-1508.421,-1291.902,-1326.812,-1386.146,24,24,25,24,24,24,24,24,24,24,24,25,25,25,25,25,372,3720,-1392.447,-1366.919,351.0674,-467.7277,-0.6582981,-0.2454521,-1.306006,-0.2607539,-0.77651,-0.9000146,0.1314236,0.134692,-6.260714E-05,0.7795857,0.1196326,0.3390996,24,24,24,24,24,24,24,24,24,24,24,24,24,24,24,24
373,3730,-1352.459,-1363.193,-1340.395,-1345.193,-1394.238,-1358.783,-1222.393,-429.8304,184.933,362.8108,-164.0188,-996.7267,-1540.557,-1400.164,-1340.285,-1360.724,24,24,25,24,24,24,24,24,24,24,24,25,25,25,25,25,373,3730,-1350.553,-1442.042,356.1743,-467.3404,0.3922659,-0.3681718,0.6529813,0.3911309,-0.5176647,0.1301466,-0.7883459,-0.538842,-6.260714E-05,-0.7795055,-1.205061,-0.4520749,24,24,24,24,24,24,24,24,24,24,24,24,24,24,24,24
374,3740,-1440.35,-1456.654,-1463.829,-1338.134,-1359.829,-1424.322,-1259.892,-401.3674,194.3468,362.9338,-147.7601,-1025.194,-1487.83,-1318.757,-1356.143,-1350.363,24,24,25,24,24,24,24,24,24,24,24,25,25,25,25,25,374,3740,-1353.776,-1338.233,352.9006,-465.6621,-0.7896181,-0.1227325,0.3917827,0.130377,0.2588693,-0.6424745,-0.6569512,0.404105,0.2558995,0.2227675,0.8421933,-0.4520749,24,24,24,24,24,24,24,24,24,24,24,24,24,24,24,24
375,3750,-1349.094,-1350.626,-1335.227,-1376.474,-1346.429,-1350.391,-1256.576,-432.9651,197.4434,365.2722,-131.7388,-1002.521,-1550.197,-1335.586,-1339.093,-1413.012,24,24,25,24,24,24,24,24,24,24,24,25,25,25,25,25,375,3750,-1257.365,-1277.309,354.2101,-468.115,-0.001695209,0.1227068,-0.7836119,0.130377,-0.5176647,-1.286325,2.88956E-05,0.5388131,-0.5119883,-0.1113235,0.1196326,2.568498E-05,24,24,24,24,24,24,24,24,24,24,24,24,24,24,24,24
376,3760,-1357.749,-1407.56,-1380.998,-1344.097,-1424.305,-1411.485,-1247.265,-421.1787,180.8454,365.6414,-158.7971,-994.3334,-1479.618,-1451.392,-1411.84,-1353.857,24,24,25,24,24,24,24,24,24,24,24,25,25,25,25,25,376,3760,-1337.528,-1306.258,354.472,-469.0186,-0.2643362,-0.4908914,0.7835782,-0.9126388,-0.1293977,0.2589166,1.445377,0.6735196,0.5118616,-0.6681418,-0.6029276,0.2260728,24,24,24,24,24,24,24,24,24,24,24,24,24,24,24,24
377,3770,-1442.274,-1403.327,-1401.182,-1355.174,-1299.351,-1369.15,-1264.484,-409.6431,207.7242,366.8721,-140.6396,-999.3718,-1489.377,-1263.854,-1268.627,-1301.929,24,24,25,24,24,24,24,24,24,24,24,25,25,25,25,25,377,3770,-1297.648,-1316.126,352.1149,-471.2133,-0.1330161,-0.1227325,-0.3918148,-0.9126388,-0.2588211,0.2589166,-0.5255532,-0.269429,-0.3840065,0.3341311,-0.2416475,2.568498E-05,24,24,24,24,24,24,24,24,24,24,24,24,24,24,24,24
378,3780,-1315.075,-1347.726,-1316.279,-1264.983,-1316.613,-1365.571,-1216.271,-390.208,190.0114,356.6573,-173.9877,-1031.366,-1480.332,-1378.554,-1384.877,-1346.266,24,24,25,24,24,24,24,24,24,24,24,25,25,25,25,25,378,3780,-1358.744,-1360.602,359.0551,-466.1785,1.048868,-0.8590535,0.1305825,0.6518849,0.7765597,-0.1273935,0.2628184,-0.1347209,-0.1280445,0.7795857,-0.8437814,2.568498E-05,24,24,24,24,24,24,24,24,24,24,24,24,24,24,24,24
379,3790,-1397.423,-1377.573,-1413.244,-1387.184,-1351.258,-1434.691,-1281.065,-415.9124,202.398,369.0873,-136.9606,-1008.945,-1522.584,-1286.889,-1294.261,-1348.796,24,24,25,24,24,24,24,24,24,24,24,25,25,25,25,25,379,3790,-1318.998,-1341.522,354.8648,-473.7952,-0.7896181,-1.595374,-0.3918148,0,-0.5176647,0.5164568,-0.3941585,0.134692,0.3838813,0.5568584,-0.0007938265,-1.130223,24,24,24,24,24,24,24,24,24,24,24,24,24,24,24,24
380,3800,-1323.85,-1326.7,-1289.702,-1244.778,-1304.904,-1332.99,-1191.4,-385.3179,201.0355,373.1487,-145.8613,-982.619,-1430.581,-1302.286,-1304.992,-1254.58,24,24,25,24,24,24,24,24,24,24,24,25,25,25,25,25,380,3800,-1470.326,-1433.491,353.0316,-468.244,-0.6582981,0.2454296,-1.605311E-05,-0.3911309,0.2588693,-1.157555,-0.3941585,-0.1347209,0.2558995,0.4454948,-0.0007938265,0.1130492,24,24,24,24,24,24,24,24,24,24,24,24,24,24,24,24
381,3810,-1293.798,-1281.989,-1316.033,-1311.6,-1250.704,-1303.617,-1220.225,-407.3861,201.2832,367.2413,-120.8206,-960.1977,-1440.46,-1236.521,-1232.619,-1263.134,24,24,25,24,24,24,24,24,24,24,24,25,25,25,25,25,381,3810,-1288.651,-1325.074,353.9482,-464.6294,0.1296249,0.3681493,-0.6530133,0.130377,-1.164779,-0.6424745,0.1314236,0.404105,-0.511937,-0.1113235,0.2400595,-0.2260246,24,24,24,24,24,24,24,24,24,24,24,24,24,24,24,24
382,3820,-1254.971,-1246.099,-1241.963,-1212.037,-1234.891,-1276.96,-1174.946,-375.7885,205.4946,365.6414,-146.9294,-981.4852,-1414.394,-1258.363,-1261.592,-1234.218,24,24,25,24,24,24,24,24,24,24,24,25,25,25,25,25,382,3820,-1327.054,-1307.573,350.6745,-473.2788,-0.2643362,-0.613611,-0.2612146,-1.955658,0.3882927,-0.5137036,-0.1313691,-0.1347209,0.5119129,0.2227675,-0.362074,2.568498E-05,24,24,24,24,24,24,24,24,24,24,24,24,24,24,24,24
383,3830,-1257.014,-1251.658,-1255.866,-1295.898,-1279.192,-1268.444,-1194.844,-405.5053,203.1412,368.8412,-134.7057,-968.5112,-1468.43,-1290.35,-1285.2,-1309.037,24,24,25,24,24,24,24,24,24,24,24,25,25,25,25,25,383,3830,-1328.531,-1356.918,343.9962,-470.3096,0.9175478,0.2454296,-0.7836119,0.6518849,0.6471379,0.001376554,0.1314236,0.134692,-0.8958809,-0.6681418,-0.362074,0.6781734,24,24,24,24,24,24,24,24,24,24,24,24,24,24,24,24
384,3840,-1303.535,-1300.236,-1289.087,-1243.561,-1280.882,-1323.117,-1198.032,-387.5749,204.3799,373.2718,-139.5715,-986.1458,-1442.959,-1268.628,-1274.946,-1272.652,24,24,25,24,24,24,24,24,24,24,24,25,25,25,25,25,384,3840,-1331.485,-1327.048,353.0316,-465.9203,-0.3956571,-1.227212,-0.5224133,0.2607539,-1.2942,0.2589166,-0.7883459,-0.269429,0.127969,0.1114038,-0.7233545,-1.469297,24,24,24,24,24,24,24,24,24,24,24,24,24,24,24,24
385,3850,-1268.915,-1277.276,-1262.141,-1256.098,-1258.188,-1285.475,-1184.13,-376.29,217.0142,384.4711,-122.3634,-985.2641,-1451.291,-1290.35,-1315.842,-1345.302,24,25,25,24,24,24,24,24,24,24,24,25,25,25,25,25,385,3850,-1378.617,-1381.393,359.5789,-465.0166,-0.7896181,-0.613611,0.1305825,-0.2607539,1.553095,-0.6424745,-0.5255532,0.134692,0.127969,4.013279E-05,0.3604863,2.568498E-05,24,24,24,24,24,24,24,24,24,24,24,24,24,24,24,24
386,3860,-1338.756,-1333.458,-1299.915,-1321.702,-1332.306,-1294.732,-1193.696,-401.7437,203.1412,373.8871,-140.2835,-956.2928,-1443.792,-1313.744,-1279.715,-1292.531,24,25,25,24,24,24,24,24,24,24,24,25,25,25,25,25,386,3860,-1318.729,-1322.179,351.1983,-483.0901,-0.2643362,1.595349,-1.605311E-05,0,-0.9059334,-0.9000146,0.3942131,0.404105,0.6398948,0.5568584,0.4809132,0.6781734,24,24,24,24,24,24,24,24,24,24,24,24,24,24,24,24
387,3870,-1304.016,-1310.616,-1336.334,-1271.069,-1259.758,-1313.984,-1204.154,-376.5408,212.3073,374.2563,-138.6221,-1020.281,-1456.171,-1294.17,-1335.754,-1335.061,24,25,25,24,24,24,24,24,24,24,24,25,25,25,25,25,387,3870,-1288.92,-1324.416,340.8535,-476.248,0.9175478,-0.2454521,-1.605311E-05,-1.694904,-0.77651,-0.3849336,0.1314236,-0.538842,-0.3839552,-1.113598,-0.9642078,-0.4520749,24,24,24,24,24,24,24,24,24,24,24,24,24,24,24,24
388,3880,-1370.49,-1363.311,-1346.177,-1417.601,-1361.76,-1309.418,-1216.781,-418.1694,203.2651,364.903,-155.7115,-1006.174,-1527.94,-1344.896,-1323.712,-1346.025,24,25,25,24,24,24,24,24,24,24,24,25,25,25,25,25,388,3880,-1349.076,-1317.179,345.4366,-465.4039,0.5235868,0.3681493,-0.1306162,0.3911309,0.9059832,0.6452268,0.6570058,0.134692,-0.511937,0.2227675,0.3604863,-0.5650985,24,24,24,24,24,24,24,24,24,24,24,24,24,24,24,24
389,3890,-1320.724,-1303.968,-1287.856,-1233.824,-1287.16,-1342.369,-1198.415,-374.4092,205.7424,374.2563,-141.945,-986.9016,-1430.7,-1285.338,-1301.773,-1263.134,24,25,25,24,24,24,24,24,24,24,24,25,25,25,25,25,389,3890,-1297.379,-1322.837,343.8653,-475.0862,0.6549068,-1.104493,-0.2612146,-0.5215079,-0.77651,-0.9000146,-0.2627638,-1.212376,-1.123718E-05,0.1114038,-0.9642078,-0.1130011,24,24,24,24,24,24,24,24,24,24,24,24,24,24,24,24
390,3900,-1276.848,-1272.665,-1301.145,-1319.389,-1279.192,-1321.646,-1235.02,-417.1663,209.3345,375.7332,-117.4976,-990.4285,-1521.751,-1291.902,-1303.442,-1354.7,24,25,25,24,24,24,24,24,24,24,24,25,25,25,25,25,390,3900,-1249.711,-1237.833,346.2223,-463.8548,-0.2643362,-1.284249E-05,0.3917811,-0.3911309,0.5177145,0.001376554,-1.051135,0.134692,0.3839327,-0.5567782,-0.7233545,-0.5650985,24,24,24,24,24,24,24,24,24,24,24,24,24,24,24,24
391,3910,-1334.428,-1338.776,-1293.885,-1262.67,-1297.782,-1321.77,-1185.277,-370.773,205.3708,370.9334,-148.8283,-992.444,-1415.346,-1293.334,-1326.692,-1308.314,24,25,25,24,24,24,24,24,24,24,24,25,25,25,25,25,391,3910,-1261.125,-1263.624,364.162,-464.5002,0.1296249,1.10447,-0.5224133,0.3911309,2.407967E-05,-0.2561635,2.88956E-05,-0.1347209,0.127969,0.2227675,-0.4825008,0.2260728,24,24,24,24,24,24,24,24,24,24,24,24,24,24,24,24
392,3920,-1338.034,-1329.591,-1380.875,-1406.894,-1328.685,-1321.03,-1224.434,-411.3984,214.2891,382.1328,-108.9529,-955.2852,-1509.73,-1293.096,-1286.511,-1342.772,24,25,25,24,24,24,24,24,24,24,24,25,25,25,25,25,392,3920,-1367.338,-1343.365,356.0433,-470.1805,0.2609458,0.1227068,0.1305825,-1.173396,-0.2588211,0.6452268,0.2628184,-0.538842,0.6398948,-0.5567782,-0.4825008,-0.5650985,24,24,24,24,24,24,24,24,24,24,24,24,24,24,24,24
393,3930,-1337.073,-1382.408,-1356.39,-1302.714,-1372.383,-1368.535,-1212.19,-418.6709,173.785,366.626,-154.8808,-973.5497,-1490.568,-1456.288,-1407.187,-1368.314,24,25,25,24,24,24,24,24,24,24,24,25,25,25,25,25,393,3930,-1303.825,-1307.968,344.52,-472.1169,-0.001695209,0.3681493,-0.5224133,0,0.5177145,1.160308,-0.3941585,0.404105,-0.7678991,4.013279E-05,0.4809132,0.3390996,24,24,24,24,24,24,24,24,24,24,24,24,24,24,24,24
394,3940,-1447.325,-1429.809,-1499.522,-1418.209,-1361.398,-1444.699,-1274.049,-406.2575,209.7061,367.4875,-136.0112,-999.1199,-1501.042,-1253.231,-1285.915,-1334.459,24,25,25,24,24,24,24,24,24,24,24,25,25,25,25,25,394,3940,-1297.514,-1304.942,339.806,-468.8895,0.6549068,-1.349932,-0.5224133,-0.5215079,-0.1293977,-0.5137036,0.1314236,-1.44478E-05,0.2559508,0.1114038,-0.9642078,-0.1130011,24,24,24,24,24,24,24,24,24,24,24,24,24,24,24,24
395,3950,-1303.294,-1306.99,-1275.429,-1250.742,-1311.785,-1322.634,-1180.303,-369.6444,201.6548,362.5647,-149.303,-995.2151,-1419.393,-1251.799,-1285.558,-1273.134,24,25,25,24,24,24,24,24,24,24,24,25,25,25,25,25,395,3950,-1341.154,-1404.548,347.008,-452.107,-0.1330161,-0.3681718,0.5223796,0,0.5177145,0.1301466,-0.9197407,-1.44478E-05,0.3839327,-0.4454145,-0.6029276,-0.7911488,24,24,24,24,24,24,24,24,24,24,24,24,24,24,24,24
396,3960,-1293.197,-1284.026,-1275.307,-1312.208,-1278.227,-1267.724,-1198.542,-413.1538,199.7969,368.472,-125.449,-956.167,-1466.525,-1279.847,-1253.961,-1293.134,24,25,25,24,24,24,24,24,24,24,24,25,25,25,25,25,396,3960,-1289.591,-1284.809,356.6981,-460.8856,-1.3149,-1.284249E-05,-0.1306162,0,-0.2588211,-1.028785,-0.3941585,-0.1347209,-0.2559749,0.5568584,0.4809132,0.6781734,24,24,24,24,24,24,24,24,24,24,24,24,24,24,24,24
397,3970,-1302.332,-1334.425,-1329.567,-1263.766,-1298.869,-1384.701,-1217.802,-376.7915,202.2742,370.3181,-134.1124,-1000.254,-1455.099,-1281.518,-1310.238,-1295.905,24,25,25,24,24,24,24,24,24,24,24,25,25,25,25,25,397,3970,-1298.454,-1299.415,356.0433,-453.398,0.7862269,0.9817506,0.2611809,-0.5215079,-0.77651,0.5164568,-0.1313691,0.134692,1.151821,-1.002233,-0.8437814,0.3390996,24,24,24,24,24,24,24,24,24,24,24,24,24,24,24,24
398,3980,-1317.96,-1310.132,-1272.969,-1306.244,-1308.405,-1265.503,-1182.982,-413.7808,199.4253,368.2259,-140.0462,-969.3929,-1509.016,-1359.099,-1322.161,-1365.905,24,25,25,24,24,24,24,24,24,24,24,25,25,25,25,25,398,3980,-1317.387,-1316.916,354.8648,-453.9143,-0.7896181,0.6135885,0.7835782,-1.173396,0.7765597,0.3876867,0.2628184,0.134692,-0.7678991,-0.8908178,0.8421933,-0.4520749,24,24,24,24,24,24,24,24,24,24,24,24,24,24,24,24
399,3990,-1377.703,-1394.016,-1371.524,-1294.803,-1351.862,-1429.391,-1245.734,-398.2327,189.0205,361.9493,-159.8652,-1031.744,-1487.949,-1399.925,-1416.016,-1343.736,24,25,25,24,24,24,24,24,24,24,24,25,25,25,25,25,399,3990,-1293.62,-1291.257,345.1748,-461.6601,0.1296249,-0.613611,-0.7836119,0.3911309,2.407967E-05,-1.028785,2.88956E-05,-0.9429631,-0.1279931,0.1114552,-0.1212207,0.5651466,24,24,24,24,24,24,24,24,24,24,24,24,24,24,24,24
400,4000,-1413.175,-1429.205,-1462.844,-1480.625,-1407.279,-1469.39,-1316.267,-422.6833,207.1049,370.0719,-146.2174,-1051.268,-1553.054,-1296.676,-1343.385,-1382.17,24,25,25,24,24,24,24,24,24,24,24,25,25,25,25,25,400,4000,-1280.863,-1325.601,340.1988,-450.9451,0.7862269,-0.7363338,0.1305825,0.9126388,-0.2588211,0.5164568,-0.3941585,0.134692,0.3839327,0.6682734,-0.9642078,-1.130223,24,24,24,24,24,24,24,24,24,24,24,24,24,24,24,24
401,4010,-1335.63,-1351.708,-1283.55,-1274.842,-1324.943,-1307.21,-1170.482,-378.1707,205.3708,372.6564,-156.4236,-982.9968,-1455.456,-1344.418,-1307.854,-1294.218,24,24,25,24,24,24,24,24,24,24,24,25,25,25,25,25,401,4010,-1255.485,-1258.492,352.2459,-445.394,-0.3956571,-0.4908914,0.2611809,-0.6518849,-0.2588211,-0.6424745,-0.6569512,0.6735196,-0.6399189,-0.4453631,0.8421933,0.4521231,24,24,24,24,24,24,24,24,24,24,24,24,24,24,24,24
402,4020,-1323.73,-1358.964,-1400.813,-1310.261,-1287.401,-1403.219,-1261.933,-414.7839,191.9933,360.8417,-116.0735,-982.2411,-1479.737,-1252.515,-1283.292,-1307.833,24,24,25,24,24,24,24,24,24,24,24,25,25,25,25,25,402,4020,-1250.248,-1241.912,357.0909,-443.7157,0.6549068,0.8590278,-0.1306162,0.130377,-0.77651,-0.7712442,-0.1313691,0.5388131,0.6398948,-0.2226358,-0.362074,2.568498E-05,24,24,24,24,24,24,24,24,24,24,24,24,24,24,24,24
403,4030,-1284.302,-1285.856,-1249.345,-1281.779,-1330.013,-1298.326,-1198.67,-423.8118,181.217,356.4112,-155.4742,-960.1977,-1452.481,-1363.754,-1316.915,-1286.146,24,24,25,24,24,24,24,24,24,24,24,25,25,25,25,25,403,4030,-1332.157,-1345.075,357.3528,-451.4615,-0.1330161,0.8590278,1.305975,-1.694904,1.553095,1.031538,0.7884005,0.8082261,-1.123718E-05,-0.4453631,-0.6029276,2.568498E-05,24,24,24,24,24,24,24,24,24,24,24,24,24,24,24,24
404,4040,-1380.708,-1351.955,-1402.782,-1331.317,-1316.372,-1397.787,-1246.5,-391.0856,202.2742,364.7799,-134.4684,-1018.392,-1507.23,-1322.815,-1370.331,-1388.194,24,24,25,24,24,24,24,24,24,24,24,25,25,25,25,25,404,4040,-1309.464,-1316.126,348.8413,-461.2728,-0.2643362,0.1227068,-1.306009,-0.130377,0.5177145,-0.3849336,-0.7883459,0.404105,-1.279825,-0.2226358,-0.1212207,0.4521231,24,24,24,24,24,24,24,24,24,24,24,24,24,24,24,24
405,4050,-1383.594,-1375.882,-1325.507,-1402.758,-1409.694,-1323.374,-1222.393,-434.2189,191.9933,361.7032,-160.6959,-989.9247,-1504.731,-1366.619,-1322.519,-1359.64,24,24,25,24,24,24,24,24,24,24,24,25,25,25,25,25,405,4050,-1309.061,-1311.258,341.7701,-455.3344,0.2609458,-0.613611,1.044777,1.173393,0.1294475,-0.1273935,0.3942131,-0.808255,0.3839327,0.3341825,0.3604863,0.1130492,24,24,24,24,24,24,24,24,24,24,24,24,24,24,24,24
406,4060,-1463.798,-1473.583,-1475.645,-1358.216,-1350.413,-1417.657,-1245.352,-388.7033,200.7878,358.1341,-159.0344,-1023.179,-1465.93,-1263.018,-1292.473,-1293.254,24,24,25,24,24,24,24,24,24,24,24,25,25,25,25,25,406,4060,-1306.376,-1304.547,349.7579,-451.2033,-0.920939,-0.9817699,0.2611809,0.7822618,-0.1293977,0.1301466,-0.2627638,-0.1347209,-0.511937,-1.113547,-0.7233545,2.568498E-05,24,24,24,24,24,24,24,24,24,24,24,24,24,24,24,24
407,4070,-1254.129,-1257.458,-1214.033,-1240.275,-1284.504,-1263.631,-1159.003,-386.9479,195.4615,362.3185,-164.4936,-970.5267,-1402.73,-1350.625,-1328.958,-1280.604,24,24,25,24,24,24,24,24,24,24,24,25,25,25,25,25,407,4070,-1364.115,-1357.444,348.3175,-457.9163,0.6549068,0.859031,-1.605311E-05,0.3911309,0.1294475,-0.5137036,0.3942131,0.404105,-0.2559749,1.002364,0.3604863,-0.2260246,24,24,24,24,24,24,24,24,24,24,24,24,24,24,24,24
408,4080,-1324.331,-1312.561,-1366.233,-1343.854,-1297.299,-1387.293,-1250.708,-398.8597,209.9539,374.8717,-124.1435,-993.8295,-1488.782,-1255.141,-1284.246,-1333.134,24,24,25,24,24,24,24,24,24,24,24,25,25,25,25,25,408,4080,-1278.715,-1284.809,348.9722,-456.2381,0.2609458,-9.631868E-06,-1.605311E-05,-0.130377,-1.423624,0.001376554,0.5256078,-1.44478E-05,0.8958569,0.6682734,0.3604863,0.4521231,24,24,24,24,24,24,24,24,24,24,24,24,24,24,24,24
409,4090,-1304.857,-1307.365,-1274.568,-1309.165,-1365.019,-1343.974,-1204.154,-407.6369,184.809,356.5342,-136.6046,-958.9381,-1430.105,-1294.528,-1288.658,-1256.869,24,24,25,24,24,24,24,24,24,24,24,25,25,25,25,25,409,4090,-1434.743,-1436.517,349.627,-460.6274,-0.1330161,-0.4908881,-0.2612146,-1.043019,-0.1293977,-0.2561635,-0.3941585,-1.44478E-05,-0.6399189,-0.6680905,0.3604863,-0.3390514,24,24,24,24,24,24,24,24,24,24,24,24,24,24,24,24
410,4100,-1261.342,-1261.688,-1277.029,-1274.598,-1236.701,-1240.676,-1173.416,-393.5935,199.0536,366.1337,-122.2447,-936.7689,-1385.829,-1217.902,-1213.661,-1220.484,24,24,25,24,24,24,24,24,24,24,24,25,25,25,25,25,410,4100,-1310.404,-1311.784,339.9369,-462.9511,-0.1330161,-0.4908881,-0.2612146,1.30377,1.423672,0.5164568,1.05119,0.134692,-0.1279931,0.5569098,0.4809132,0.3390996,24,24,24,24,24,24,24,24,24,24,24,24,24,24,24,24
411,4110,-1211.215,-1223.623,-1235.934,-1222.139,-1232.718,-1249.439,-1166.401,-385.5687,196.7002,366.0106,-139.0968,-966.244,-1397.255,-1315.893,-1310,-1265.544,24,24,25,24,24,24,24,24,24,24,24,25,25,25,25,25,411,4110,-1294.828,-1306.258,345.1748,-454.9471,-1.052259,-1.840811,-0.6530133,0,-1.164779,-0.2561635,-0.7883492,-0.808255,-0.3839552,9.150275E-05,-1.325488,-0.3390514,24,24,24,24,24,24,24,24,24,24,24,24,24,24,24,24
412,4120,-1321.326,-1283.56,-1376.076,-1366.98,-1288.125,-1367.669,-1266.652,-420.1756,197.0718,362.9338,-137.7913,-1027.083,-1522.941,-1344.896,-1369.973,-1350.965,24,24,25,24,24,24,24,24,24,24,24,25,25,25,25,25,412,4120,-1299.796,-1291.651,352.5078,-452.7525,-0.1330161,0.859031,0.7835782,0.7822618,1.035405,0.001376554,-0.262767,0.6735196,1.279801,-0.6680905,0.2400595,2.568498E-05,24,24,24,24,24,24,24,24,24,24,24,24,24,24,24,24
413,4130,-1296.563,-1347.605,-1322.308,-1346.288,-1345.947,-1288.067,-1189.997,-409.6431,192.3649,372.2872,-124.6182,-932.4861,-1446.054,-1310.76,-1284.723,-1310.965,24,24,25,24,24,24,24,24,24,24,24,25,25,25,25,25,413,4130,-1360.892,-1380.735,350.4126,-452.3652,-0.3956571,-0.2454489,-0.5224133,0.2607539,-0.5176647,-0.9000142,-0.1313723,0.134692,-0.8958809,0.6682734,0.8421933,0.6781734,24,24,24,24,24,24,24,24,24,24,24,24,24,24,24,24
414,4140,-1343.324,-1331.05,-1367.094,-1299.672,-1334.962,-1411.238,-1242.673,-388.3272,206.8572,377.9484,-115.9548,-996.9786,-1455.337,-1271.731,-1319.3,-1314.58,24,24,25,24,24,24,24,24,24,24,24,25,25,25,25,25,414,4140,-1342.362,-1323.232,353.6863,-453.5271,0.6549068,-0.4908881,0.3917811,-0.7822618,1.035405,0.001376554,-0.5255597,-1.44478E-05,-1.123718E-05,-0.7795039,-0.362074,-0.6781253,24,24,24,24,24,24,24,24,24,24,24,24,24,24,24,24
415,4150,-1315.435,-1290.689,-1251.314,-1339.837,-1362.122,-1262.644,-1168.569,-408.3892,198.4343,368.7181,-154.1687,-949.365,-1441.293,-1373.183,-1324.785,-1313.375,24,24,25,24,24,24,24,24,24,24,24,25,25,25,25,25,415,4150,-1308.256,-1350.47,352.2459,-455.8508,-1.052259,0.2454328,-0.6530133,0.5215079,0.7765597,-0.6424737,-0.1313723,0.134692,-1.151843,-0.3340476,0.3604863,0.2260728,24,24,24,24,24,24,24,24,24,24,24,24,24,24,24,24
416,4160,-1395.258,-1368.39,-1376.445,-1310.626,-1301.524,-1369.767,-1226.985,-382.8102,205.6185,368.2259,-131.1454,-1002.143,-1480.094,-1269.463,-1302.965,-1330.724,24,24,25,24,24,24,24,24,24,24,24,25,25,25,25,25,416,4160,-1331.62,-1308.363,353.0316,-453.0107,0.9175478,-0.3681685,-1.605311E-05,-0.130377,0.1294475,-0.2561635,2.247436E-05,-0.538842,-0.511937,-0.5567766,-0.9642078,-0.3390514,24,24,24,24,24,24,24,24,24,24,24,24,24,24,24,24
417,4170,-1340.559,-1341.08,-1299.422,-1300.28,-1308.043,-1289.055,-1182.854,-394.9727,204.0083,370.4411,-130.196,-961.0795,-1462.121,-1279.012,-1277.45,-1314.82,24,24,25,24,24,24,24,24,24,24,24,25,25,25,25,25,417,4170,-1323.563,-1369.287,353.1625,-460.7565,-0.6582981,-0.8590503,-0.1306162,0.9126388,2.407967E-05,0.001376554,-0.5255597,-0.538842,-0.3839552,-0.4454113,-0.7233545,-0.6781253,24,24,24,24,24,24,24,24,24,24,24,24,24,24,24,24
418,4180,-1304.016,-1337.454,-1330.921,-1297.481,-1376.367,-1425.31,-1215.761,-385.6941,202.5219,374.7486,-139.2155,-973.8016,-1425.82,-1298.467,-1304.754,-1265.062,24,24,25,24,24,24,24,24,24,24,24,25,25,25,25,25,418,4180,-1299.528,-1286.52,345.8295,-466.9531,-1.052259,-0.8590503,-0.2612146,-0.6518849,-0.388243,-2.058945,0.2628151,-0.6735485,-0.1279931,0.445498,0.8421933,0.6781734,24,24,24,24,24,24,24,24,24,24,24,24,24,24,24,24
419,4190,-1291.153,-1288.393,-1292.655,-1310.748,-1268.57,-1290.659,-1192.803,-392.0888,209.83,371.3026,-128.4159,-949.6169,-1452.481,-1258.363,-1244.304,-1265.784,24,24,25,24,24,24,24,24,24,24,24,25,25,25,25,25,419,4190,-1265.69,-1246.517,341.5083,-464.8875,1.048868,0.7363114,-0.7836119,0.6518849,-0.2588211,-0.2561635,0.1314172,0.5388131,-1.023863,0.445498,-0.6029276,0.4521231,24,24,24,24,24,24,24,24,24,24,24,24,24,24,24,24
420,4200,-1253.649,-1278.484,-1283.181,-1223.6,-1234.408,-1319.908,-1187.191,-364.5036,207.6004,371.3026,-129.1279,-993.1997,-1443.197,-1316.37,-1354.593,-1310.483,24,24,25,24,24,24,24,24,24,24,24,25,25,25,25,25,420,4200,-1264.616,-1253.886,337.8418,-466.9531,-0.1330161,0.12271,0.7835782,-0.6518849,0.3882927,-0.1273935,0.1314172,-0.1347209,0.6398948,-0.5567766,0.60134,-1.130223,24,24,24,24,24,24,24,24,24,24,24,24,24,24,24,24
421,4210,-1314.233,-1347.968,-1292.901,-1340.568,-1306.353,-1254.869,-1158.748,-384.1894,201.7787,364.903,-138.0287,-941.4295,-1391.304,-1225.779,-1213.9,-1206.99,24,24,25,24,24,24,24,24,24,24,24,25,25,25,25,25,421,4210,-1388.822,-1421.782,344.2581,-455.5926,-0.1330161,0.859031,-0.3918148,-0.7822618,-0.388243,-0.7712442,-0.7883492,-0.269429,-1.279825,-0.4454113,-0.362074,1.356321,24,24,24,24,24,24,24,24,24,24,24,24,24,24,24,24
422,4220,-1228.405,-1241.507,-1295.116,-1249.282,-1222.699,-1286.603,-1172.523,-367.8891,208.7152,368.3489,-116.5482,-971.9122,-1434.627,-1232.583,-1278.761,-1311.688,24,24,25,24,24,24,24,24,24,24,24,25,25,25,25,25,422,4220,-1406.546,-1423.23,350.2816,-460.2401,0.3922659,-0.8590503,0.3917811,0.9126388,0.6471379,0.5164568,0.6569993,-0.1347209,-1.123718E-05,-0.1113203,-0.0007938265,-0.7911488,24,24,24,24,24,24,24,24,24,24,24,24,24,24,24,24
423,4230,-1270.478,-1331.05,-1270.385,-1314.521,-1353.189,-1296.845,-1172.268,-396.2266,195.3376,359.2417,-155.2368,-962.717,-1441.293,-1316.131,-1286.511,-1266.989,24,24,25,24,24,24,24,24,24,24,24,25,25,25,25,25,423,4230,-1309.867,-1357.576,343.0796,-464.8875,-0.6582981,-0.9817699,-0.2611665,-0.130377,-0.9059334,-0.2561635,-1.576724,-0.4041355,-0.7678991,0.445498,-0.4825008,-0.4520749,24,24,24,24,24,24,24,24,24,24,24,24,24,24,24,24
424,4240,-1299.207,-1298.786,-1339.902,-1246.969,-1252.756,-1371.127,-1217.036,-382.6848,194.4706,355.7958,-144.9119,-999.2458,-1451.648,-1253.112,-1270.654,-1287.953,24,24,25,24,24,24,24,24,24,24,24,25,25,25,25,25,424,4240,-1289.054,-1287.836,338.3655,-466.824,0.6549068,0.9817506,0.2612307,0.5215079,0.1294475,-1.415095,-0.3941649,0.134692,0.3839327,0.8909526,-0.2416475,-0.3390514,24,24,24,24,24,24,24,24,24,24,24,24,24,24,24,24
425,4250,-1316.397,-1306.519,-1301.637,-1336.308,-1317.579,-1287.467,-1175.712,-397.1043,194.099,363.0569,-139.6902,-961.2054,-1470.572,-1307.06,-1296.646,-1320.001,24,24,25,24,24,24,24,24,24,24,24,25,25,25,25,25,425,4250,-1271.867,-1296.652,333.3896,-465.6621,0.3922659,-9.631868E-06,-0.6529636,-0.5215079,-1.035407,-0.1273935,0.3942099,-0.538842,0.2559508,-0.8908675,-0.362074,0.3390996,24,24,24,24,24,24,24,24,24,24,24,24,24,24,24,24
426,4260,-1247.758,-1347.847,-1327.229,-1270.46,-1360.553,-1408.527,-1215.123,-379.5501,192.9842,360.9647,-152.3886,-1001.513,-1442.721,-1329.738,-1355.308,-1298.917,24,24,25,24,24,24,24,24,24,24,24,25,25,25,25,25,426,4260,-1320.878,-1296.652,342.163,-451.9779,-0.001695209,0.3681525,1.044827,-0.7822618,1.164777,0.9027677,-0.6569544,0.404105,-0.3839552,0.3341343,-0.9642078,-0.1130011,24,24,24,24,24,24,24,24,24,24,24,24,24,24,24,24
427,4270,-1368.688,-1339.388,-1297.331,-1320.85,-1280.762,-1245.144,-1164.743,-409.2669,192.1172,356.7803,-145.5053,-953.1439,-1475.69,-1317.683,-1278.523,-1342.772,24,24,25,24,24,24,24,24,24,24,24,25,25,25,25,25,427,4270,-1313.492,-1330.338,350.0198,-458.6909,-0.1330161,-0.2454489,-1.175361,0,0.7765084,-0.3849336,0.6570058,-0.269429,-0.511937,0.2227707,-0.0007938265,0.6781734,24,24,24,24,24,24,24,24,24,24,24,24,24,24,24,24
428,4280,-1361.235,-1368.873,-1383.212,-1302.836,-1363.209,-1444.453,-1220.608,-369.1429,200.2923,362.6877,-143.9625,-1004.662,-1455.694,-1287.725,-1317.512,-1306.869,24,24,25,24,24,24,24,24,24,24,24,25,25,25,25,25,428,4280,-1286.771,-1284.151,346.8771,-459.7237,-0.1330161,-1.227209,-0.1305664,-0.130377,-0.7765613,-0.2561635,-1.576717,-0.5388469,-0.511937,-0.222684,-0.362074,-0.9041756,24,24,24,24,24,24,24,24,24,24,24,24,24,24,24,24
429,4290,-1338.275,-1319.328,-1312.834,-1381.586,-1364.536,-1362.983,-1226.092,-417.5424,196.7002,351.9806,-161.052,-992.5699,-1536.034,-1361.128,-1308.45,-1374.579,24,24,25,24,24,24,24,24,24,24,24,25,25,25,25,25,429,4290,-1259.245,-1273.887,341.7701,-464.3712,-0.2643362,0.2454328,1.175425,1.043016,0.9059318,-1.801405,0.3942131,0.4041018,-0.6399205,0.445498,-0.4825008,0.2260728,24,24,24,24,24,24,24,24,24,24,24,24,24,24,24,24
430,4300,-1447.204,-1488.819,-1420.751,-1308.313,-1375.401,-1472.6,-1246.117,-383.8133,196.3286,363.303,-133.875,-993.0737,-1456.052,-1249.889,-1289.611,-1294.579,24,24,25,24,24,24,24,24,24,24,24,25,25,25,25,25,430,4300,-1296.842,-1273.887,334.4372,-475.2153,-0.6582981,-9.631868E-06,-0.7835621,-0.2607539,-1.68252,-0.3849336,0.5256078,0.6735148,0.2559476,-0.3340476,-0.6029276,0.3390996,24,24,24,24,24,24,24,24,24,24,24,24,24,24,24,24
431,4310,-1282.138,-1300.84,-1247.007,-1274.477,-1304.783,-1292.403,-1180.558,-403.8752,187.0387,358.011,-136.4859,-946.09,-1425.701,-1274.834,-1261.115,-1247.712,24,24,25,24,24,24,24,24,24,24,24,25,25,25,25,25,431,4310,-1289.457,-1298.362,335.4847,-463.9839,0.1296249,-0.2454489,0.1306322,0,0.9059318,1.031538,-0.2627638,-0.2694322,-0.6399205,-0.7795039,-1.205061,-0.2260246,24,24,24,24,24,24,24,24,24,24,24,24,24,24,24,24
432,4320,-1281.537,-1288.877,-1328.952,-1301.132,-1298.144,-1381.491,-1241.398,-398.4836,192.241,369.5796,-118.6844,-1005.418,-1469.858,-1285.338,-1363.654,-1371.808,24,24,25,24,24,24,24,24,24,24,24,25,25,25,25,25,432,4320,-1322.758,-1320.995,345.4366,-466.0494,-0.001695209,-0.8590503,-0.2611665,-0.3911309,-0.2588725,-0.5137036,-0.3941585,0.6735148,-0.3839584,0.445498,0.3604863,-2.568498E-05,24,24,24,24,24,24,24,24,24,24,24,24,24,24,24,24
433,4330,-1435.661,-1413.364,-1376.937,-1435.365,-1381.318,-1282.901,-1180.558,-411.6493,194.8422,370.318,-138.7407,-944.2006,-1465.216,-1392.402,-1336.589,-1336.748,24,25,25,24,24,24,24,24,24,24,24,25,25,25,25,25,433,4330,-1280.863,-1256.65,342.6868,-478.1844,0.1296249,-0.4908881,0.9142264,0.6518849,-0.6471395,0.001376554,-1.182533,-1.926374E-05,-0.3839584,-0.8908675,-1.445915,-1.243301,24,24,24,24,24,24,24,24,24,24,24,24,24,24,24,24
434,4340,-1373.135,-1358.839,-1418.29,-1323.528,-1326.029,-1447.539,-1251.857,-384.3148,207.2288,361.8262,-138.1474,-1012.724,-1483.902,-1244.518,-1296.765,-1330.603,24,25,25,24,24,24,24,24,24,24,24,25,25,25,25,25,434,4340,-1318.192,-1323.758,333.5205,-480.8955,-1.971503,0.12271,-0.2611665,0.130377,1.035354,-0.9000146,-0.6569512,-1.926374E-05,0.8958552,-0.1113203,0.8421933,-0.226076,24,24,24,24,24,24,24,24,24,24,24,24,24,24,24,24
435,4350,-1293.557,-1348.687,-1256.974,-1254.15,-1319.148,-1293.513,-1166.018,-385.1925,196.2047,365.8875,-151.0831,-960.0717,-1437.841,-1349.312,-1298.077,-1271.086,24,25,25,24,24,24,24,24,24,24,24,25,25,25,25,25,435,4350,-1259.245,-1254.939,335.7466,-471.8587,1.048868,0.4908721,-0.7835621,-0.2607539,-1.423675,-1.415095,-0.1313691,0.6735148,-0.7679023,0.111407,0.4809132,0.2260214,24,24,24,24,24,24,24,24,24,24,24,24,24,24,24,24
436,4360,-1369.529,-1326.932,-1379.275,-1289.083,-1245.514,-1351.754,-1234.383,-388.578,207.972,364.1645,-114.056,-979.4698,-1497.352,-1279.967,-1295.215,-1330.001,24,25,25,24,24,24,24,24,24,24,24,25,25,25,25,25,436,4360,-1307.853,-1279.282,335.8776,-483.2192,0.6549068,0.7363114,1.044827,-1.43415,0.2588179,0.9027677,0.7884005,0.4041018,0.5119113,-0.222684,0.3604863,-0.4521263,24,24,24,24,24,24,24,24,24,24,24,24,24,24,24,24
437,4370,-1298.125,-1305.419,-1263.864,-1262.67,-1322.649,-1312.516,-1171.63,-391.4619,189.6398,360.7185,-165.087,-975.1871,-1477.356,-1374.735,-1320.85,-1292.411,24,25,25,24,24,24,24,24,24,24,24,25,25,25,25,25,437,4370,-1407.351,-1413.363,330.3778,-482.7029,-1.18358,-0.9817699,-1.175361,-0.130377,-0.2588725,-0.7712442,-0.5255532,-0.8082598,-0.7679023,0.3341343,1.083047,0.3390482,24,24,24,24,24,24,24,24,24,24,24,24,24,24,24,24
438,4380,-1331.904,-1292.003,-1356.39,-1298.454,-1264.586,-1315.477,-1199.307,-381.3055,209.7061,368.9642,-123.4314,-969.3929,-1433.318,-1218.26,-1257.181,-1297.351,24,25,25,24,24,24,24,24,24,24,24,25,25,25,25,25,438,4380,-1374.051,-1356.655,342.6868,-471.0841,0.3922659,-0.2454489,0.1306322,0,0.1293961,0.3876867,-0.3941585,-1.347087,0.3839295,0.6682253,-1.084635,-0.3391027,24,24,24,24,24,24,24,24,24,24,24,24,24,24,24,24
439,4390,-1293.077,-1295.146,-1250.329,-1271.921,-1306.594,-1271.056,-1168.441,-399.6121,190.2592,365.8875,-115.8361,-909.0573,-1375.949,-1225.421,-1219.265,-1209.158,24,25,25,24,24,24,24,24,24,24,24,25,25,25,25,25,439,4390,-1289.726,-1298.757,342.5558,-482.8319,-0.920939,-0.7363306,0.5224293,0.130377,-0.1294491,-1.028785,-1.051135,0.2693937,-1.44478E-05,-1.113595,0.7217665,-1.017251,24,24,24,24,24,24,24,24,24,24,24,24,24,24,24,24
440,4400,-1214.461,-1232.781,-1243.808,-1217.636,-1193.245,-1239.838,-1169.844,-386.6972,197.6911,356.7803,-131.5015,-986.6497,-1453.552,-1258.841,-1299.985,-1347.832,24,25,25,24,24,24,24,24,24,24,24,25,25,25,25,25,440,4400,-1363.041,-1358.76,335.4847,-487.4794,-0.1330161,1.227193,0.2612307,-0.1304283,-2.729029E-05,-0.9000146,2.88956E-05,-0.5388469,-0.2559765,1.002316,1.203473,0.7911456,24,24,24,24,24,24,24,24,24,24,24,24,24,24,24,24
441,4410,-1355.465,-1335.755,-1309.881,-1362.963,-1387.959,-1303.878,-1186.17,-426.9465,176.7578,356.288,-159.0344,-951.5064,-1459.146,-1424.047,-1375.577,-1354.82,24,25,25,24,24,24,24,24,24,24,24,25,25,25,25,25,441,4410,-1399.429,-1431.649,337.5799,-477.1517,0.6549068,-9.631868E-06,0.5224293,-1.303824,-0.388243,-0.7712442,0.1314236,-0.1347257,0.8958552,-0.5567766,-0.4825008,-0.1130525,24,24,24,24,24,24,24,24,24,24,24,24,24,24,24,24
442,4420,-1472.336,-1459.058,-1502.476,-1357.973,-1356.811,-1552.722,-1309.89,-390.208,197.1957,364.2876,-133.4003,-1043.207,-1551.269,-1364.351,-1412.317,-1433.613,24,25,25,24,24,24,24,24,24,24,24,25,25,25,25,25,442,4420,-1386.808,-1408.232,342.4249,-475.4734,-0.5269772,-0.8590503,-1.305959,-0.1304283,0.1294475,0.001376554,-0.3941585,0.4041018,-1.407808,-0.222684,0.60134,-0.4521263,24,24,24,24,24,24,24,24,24,24,24,24,24,24,24,24
443,4430,-1446.724,-1408.401,-1324.891,-1336.308,-1360.915,-1340.155,-1206.833,-418.044,183.942,352.719,-164.0189,-985.642,-1501.875,-1388.82,-1349.108,-1378.314,24,25,25,24,24,24,24,24,24,24,24,25,25,25,25,25,443,4430,-1363.578,-1349.549,341.6392,-478.0554,0.6549068,-0.1227293,-0.2611665,0.2607026,0.3882927,-0.5137036,2.88956E-05,-1.616502,0.3839295,0.8909526,-0.2416475,0.3390482,24,24,24,24,24,24,24,24,24,24,24,24,24,24,24,24
444,4440,-1373.736,-1377.331,-1374.477,-1296.75,-1302.369,-1370.756,-1226.092,-395.8505,190.1353,358.1341,-128.8906,-973.9276,-1442.84,-1215.873,-1252.054,-1275.784,24,25,25,24,24,24,24,24,24,24,24,25,25,25,25,25,444,4440,-1305.705,-1302.442,332.8658,-485.672,-1.18358,-1.349929,3.210623E-05,-0.5215592,-0.5176647,-0.6424737,-1.182533,0.2693937,0.3839295,-0.4454113,-0.1212207,-1.017251,24,24,24,24,24,24,24,24,24,24,24,24,24,24,24,24
445,4450,-1258.817,-1275.687,-1225.352,-1262.549,-1320.959,-1286.727,-1162.319,-394.3458,186.6671,354.5651,-153.9314,-939.54,-1400.588,-1343.464,-1307.019,-1259.278,24,25,25,24,24,24,24,24,24,24,24,25,25,25,25,25,445,4450,-1327.726,-1303.363,334.0443,-471.2133,1.180189,0.6135917,0.5224293,0.1303256,-0.1293977,-0.9000142,2.88956E-05,0.2693937,-0.8958809,0.3341343,0.1196326,0.9041724,24,24,24,24,24,24,24,24,24,24,24,24,24,24,24,24
446,4460,-1390.929,-1343.49,-1379.644,-1353.348,-1303.214,-1335.343,-1216.781,-399.1105,199.673,360.7186,-133.519,-978.4622,-1465.216,-1279.37,-1302.369,-1346.386,24,25,25,24,24,24,24,24,24,24,24,25,25,25,25,25,446,4460,-1265.556,-1283.756,335.6157,-474.5697,-0.2643362,-0.2454489,0.2612307,0.9125874,0.2588693,-0.3849336,2.88956E-05,0.4041018,0.8958569,0.6682221,0.4809132,0.2260214,24,24,24,24,24,24,24,24,24,24,24,24,24,24,24,24
447,4470,-1295.481,-1316.901,-1285.642,-1320.12,-1341.722,-1267.724,-1156.707,-398.2328,187.1625,355.0574,-159.7465,-952.2621,-1427.605,-1314.46,-1274.35,-1231.206,24,25,25,24,24,24,24,24,24,24,24,25,25,25,25,25,447,4470,-1350.419,-1294.941,339.0203,-469.4059,0.5235868,-0.4908881,-1.175361,-1.173447,0.1294475,-0.6424737,-0.3941585,0.8082213,-0.3839552,-0.3340508,0.60134,-0.226076,24,24,24,24,24,24,24,24,24,24,24,24,24,24,24,24
448,4480,-1273.122,-1291.036,-1346.916,-1294.438,-1249.859,-1296.104,-1195.991,-383.0609,205.2469,362.8108,-134.7057,-973.8016,-1459.503,-1253.47,-1273.157,-1287.471,24,25,25,24,24,24,24,24,24,24,24,25,25,25,25,25,448,4480,-1348.673,-1391.13,346.7462,-464.113,0.9175478,0.2454328,-0.2611665,0.3910795,0.1294475,0.6452268,0.5256078,-1.481795,0.2559508,0.6682221,-0.362074,0.4520717,24,24,24,24,24,24,24,24,24,24,24,24,24,24,24,24
449,4490,-1289.951,-1285.96,-1238.518,-1243.074,-1280.641,-1247.611,-1140.764,-375.2869,190.2592,351.3653,-165.6803,-966.4958,-1384.281,-1275.789,-1269.7,-1227.11,24,24,25,24,24,24,24,24,24,24,24,25,25,25,25,25,449,4490,-1371.097,-1349.023,341.7702,-476.6353,0.3922659,-1.227209,-0.5223635,0.5214565,-1.035355,0.1301466,-1.182533,0.1346872,0.3839327,0.5568584,-0.362074,-1.130274,24,24,24,24,24,24,24,24,24,24,24,24,24,24,24,24
450,4500,-1227.323,-1230.39,-1276.168,-1269.973,-1225.717,-1271.549,-1192.803,-398.9851,191.1263,347.427,-141.1143,-981.9891,-1464.621,-1258.363,-1283.531,-1351.447,24,24,25,24,24,24,24,24,24,24,24,25,25,25,25,25,450,4500,-1291.203,-1320.864,339.0203,-471.3424,-0.1330161,0.7363114,1.044827,0.9125874,1.423672,-0.2561635,-0.5255532,-0.8082598,-0.3839552,0.2227675,0.7217665,0.3390482,24,24,24,24,24,24,24,24,24,24,24,24,24,24,24,24
451,4510,-1315.075,-1328.029,-1286.134,-1280.806,-1323.253,-1289.441,-1177.752,-401.9944,179.8544,359.1187,-118.5657,-929.4631,-1416.894,-1294.409,-1292.95,-1240.724,24,24,25,24,24,24,24,24,24,24,24,25,25,25,25,25,451,4510,-1444.008,-1426.65,339.9369,-476.7644,-1.052259,-9.631868E-06,-0.6529636,0.6518335,-0.6470882,-0.9000142,2.88956E-05,-0.5388469,-0.3839552,-0.1113235,-0.0007938265,0.3390482,24,24,24,24,24,24,24,24,24,24,24,24,24,24,24,24
452,4520,-1230.208,-1222.656,-1241.963,-1278.493,-1229.097,-1222.316,-1183.492,-445.88,164.7428,342.3811,-133.6376,-934.7534,-1447.72,-1323.412,-1298.077,-1313.495,24,24,25,24,24,24,24,24,24,24,24,25,25,25,25,25,452,4520,-1390.299,-1493.218,337.187,-474.3116,0.3922659,-0.1227293,3.210623E-05,-1.303824,2.407967E-05,-0.1273935,-0.1313691,0.1346872,-1.023863,-1.336325,-1.205061,-2.568498E-05,24,24,24,24,24,24,24,24,24,24,24,24,24,24,24,24
453,4530,-1290.071,-1298.906,-1292.04,-1249.282,-1306.594,-1340.032,-1218.695,-433.8428,156.5677,351.3653,-121.77,-954.4035,-1414.037,-1285.815,-1316.081,-1301.327,24,24,25,24,24,24,24,24,24,24,24,25,25,25,25,25,453,4530,-1464.149,-1437.438,335.7466,-482.0573,0.9175478,0.9817506,-0.5223635,0.7822104,1.164828,0.001376554,2.88956E-05,-0.6735533,-0.2559749,0.3341311,1.3239,0.1129979,24,24,24,24,24,24,24,24,24,24,24,24,24,24,24,24
454,4540,-1277.209,-1291.535,-1302.252,-1328.031,-1296.334,-1287.573,-1208.236,-419.4233,184.4375,346.3194,-162.7134,-996.3488,-1474.857,-1309.447,-1294.142,-1305.664,24,24,25,24,24,24,24,24,24,24,24,25,25,25,25,25,454,4540,-1522.155,-1600.043,333.9134,-485.4138,0.3922659,-1.595374,-0.2611665,0.9125874,-0.77651,-1.286325,-0.6569512,-1.347087,-0.2559749,0.1114038,-0.9642078,0.2260214,24,24,24,24,24,24,24,24,24,24,24,24,24,24,24,24
455,4550,-1276.728,-1254.316,-1257.958,-1236.38,-1242.013,-1242.034,-1160.661,-389.3303,188.1535,353.8267,-145.98,-958.0564,-1390.59,-1257.528,-1262.069,-1245.062,24,24,25,24,24,24,24,24,24,24,24,25,25,25,25,25,455,4550,-1343.839,-1350.997,335.2229,-479.6045,-0.5269772,0.2454296,0.1306338,-5.136996E-05,1.553095,0.3876867,0.1314236,0.4041018,0.5119129,-0.5567782,-0.2416475,-0.4521263,24,24,24,24,24,24,24,24,24,24,24,24,24,24,24,24
456,4560,-1238.622,-1235.465,-1260.911,-1260.358,-1226.199,-1231.667,-1170.992,-407.3861,183.3227,343.3657,-147.4041,-971.7863,-1450.934,-1270.06,-1260.4,-1315.543,24,24,25,24,24,24,24,24,24,24,24,25,25,25,25,25,456,4560,-1346.122,-1351.918,332.7349,-494.1924,-0.7896181,0.3681493,-0.652962,-0.3911823,-1.035355,-0.3849336,0.7884005,0.4041018,-1.123718E-05,-0.4454145,0.3604863,0.1129979,24,24,24,24,24,24,24,24,24,24,24,24,24,24,24,24
457,4570,-1292.596,-1335.158,-1345.685,-1301.254,-1392.789,-1436.912,-1252.494,-428.9527,162.8848,342.5042,-182.1764,-1019.022,-1512.468,-1430.137,-1398.238,-1309.76,24,24,25,24,24,24,24,24,24,24,24,25,25,25,25,25,457,4570,-1278.849,-1276.519,329.4612,-486.7048,-0.001695209,0.6135885,0.5224309,-0.7823132,0.1294475,-0.7712442,-0.1313691,0.6735148,-0.7678991,-1.670416,-0.8437814,0.1129979,24,24,24,24,24,24,24,24,24,24,24,24,24,24,24,24
458,4580,-1366.884,-1324.645,-1356.021,-1372.822,-1324.098,-1343.11,-1251.729,-431.4604,186.7909,350.9961,-150.4897,-1007.433,-1515.324,-1317.325,-1317.988,-1332.29,24,24,25,24,24,24,24,24,24,24,24,25,25,25,25,25,458,4580,-1341.825,-1332.048,332.0801,-493.2888,-0.001695209,0.1227068,-0.914159,-0.5215592,1.164828,0.5164568,-0.2627638,-0.1347257,-0.3839552,0.5568584,-0.1212207,-0.7912002,24,24,24,24,24,24,24,24,24,24,24,24,24,24,24,24
459,4590,-1312.069,-1331.896,-1330.182,-1301.375,-1316.251,-1311.886,-1193.185,-403.6245,178.8635,348.6577,-172.0889,-989.6727,-1437.603,-1339.047,-1322.758,-1290.604,24,24,25,24,24,24,24,24,24,24,24,25,25,25,25,25,459,4590,-1350.419,-1362.445,329.4612,-493.5469,0.2609458,-1.718094,-0.1305648,0.7822104,-0.1293977,-0.7712442,-0.6569512,-1.212381,-0.7678991,0.2227675,-0.8437814,-0.5651498,24,24,24,24,24,24,24,24,24,24,24,24,24,24,24,24
460,4600,-1341.881,-1331.412,-1386.412,-1351.035,-1314.441,-1415.558,-1266.397,-400.6152,193.8513,347.7962,-164.8496,-1057.818,-1512.825,-1300.376,-1344.339,-1369.399,24,24,25,24,24,24,24,24,24,24,24,25,25,25,25,25,460,4600,-1477.979,-1447.042,331.2945,-484.8975,-0.2643362,0.9817506,0.6530311,0.1303256,0.5177145,-0.5137036,0.5256078,0.673518,0.7678766,0.1114038,-0.1212207,-0.4521263,24,24,24,24,24,24,24,24,24,24,24,24,24,24,24,24
461,4610,-1385.638,-1373.102,-1332.151,-1384.75,-1423.097,-1349.651,-1212.955,-422.6833,182.5795,352.596,-179.9215,-1002.269,-1508.778,-1413.061,-1365.204,-1356.989,24,24,25,24,24,24,24,24,24,24,24,25,25,25,25,25,461,4610,-1331.486,-1352.313,333.7824,-493.8051,0.5235868,-1.284249E-05,-0.1305648,-0.1304283,-0.6470882,-0.5137036,-0.1313691,0.4041034,-0.7678991,-0.1113235,0.2400595,-0.226076,24,24,24,24,24,24,24,24,24,24,24,24,24,24,24,24
462,4620,-1412.694,-1371.29,-1388.751,-1300.767,-1313.233,-1444.935,-1282.595,-411.6493,185.5522,353.9497,-165.9177,-1058.826,-1534.486,-1365.186,-1397.284,-1372.893,24,24,25,24,24,24,24,24,24,24,24,25,25,25,25,25,462,4620,-1408.291,-1414.547,331.4254,-485.4138,0.6549068,-0.1227325,0.6530311,-0.1304283,0.5177145,0.2589166,0.5256078,-0.5388436,-0.1279931,-0.5567782,-0.2416475,0.2260214,24,24,24,24,24,24,24,24,24,24,24,24,24,24,24,24
463,4630,-1404.758,-1365.489,-1352.576,-1385.359,-1369.848,-1357.302,-1234,-409.0161,197.6911,352.8421,-164.2562,-1013.857,-1512.706,-1312.789,-1307.496,-1342.531,24,24,25,24,24,24,24,24,24,24,24,25,25,25,25,25,463,4630,-1363.712,-1359.286,337.7108,-480.7664,-0.5269772,0.3681493,-1.305958,-1.04307,-0.388243,-0.5137036,-0.3941585,0.1346904,-0.511937,0.5568584,0.1196326,0.678122,24,24,24,24,24,24,24,24,24,24,24,24,24,24,24,24
464,4640,-1328.658,-1351.593,-1328.214,-1282.875,-1331.944,-1363.843,-1210.276,-393.0919,186.4193,354.442,-165.2056,-1008.189,-1448.91,-1301.928,-1318.465,-1290.724,24,24,25,24,24,24,24,24,24,24,24,25,25,25,25,25,464,4640,-1312.553,-1304.81,334.5681,-489.0285,-0.920939,-1.349932,1.044828,1.173341,-0.6470882,0.001376554,-0.5255532,-0.4041371,-0.8958809,-0.1113235,-1.566342,0.1130492,24,24,24,24,24,24,24,24,24,24,24,24,24,24,24,24
465,4650,-1307.622,-1308.09,-1312.465,-1317.807,-1293.437,-1345.084,-1239.74,-413.6555,196.9479,356.6573,-137.6727,-1010.204,-1514.134,-1258.005,-1287.942,-1350.363,24,24,25,24,24,24,24,24,24,24,24,25,25,25,25,25,465,4650,-1277.641,-1293.362,326.1876,-479.9918,-0.5269772,-1.284249E-05,0.7836295,0.5214565,0.6471379,-0.2561635,-0.7883459,-0.1347242,0.7678766,0.6682221,-0.0007938265,-0.3390514,24,24,24,24,24,24,24,24,24,24,24,24,24,24,24,24
466,4660,-1324.571,-1327.304,-1272.846,-1276.667,-1335.082,-1295.719,-1162.064,-391.3365,183.4465,351.3653,-162.3574,-965.866,-1409.395,-1345.612,-1318.108,-1284.58,24,24,25,24,24,24,24,24,24,24,24,25,25,25,25,25,466,4660,-1286.234,-1262.834,336.6633,-477.1517,-0.001695209,0.1227068,-0.652962,-0.3911823,-0.6470882,-0.6424737,0.2628184,0.4041034,-0.511937,0.3341311,0.3604863,0.3390996,24,24,24,24,24,24,24,24,24,24,24,24,24,24,24,24
467,4670,-1360.754,-1322.712,-1363.157,-1331.196,-1281.486,-1356.562,-1236.806,-400.8659,198.5582,359.9802,-129.9587,-988.791,-1476.285,-1254.067,-1288.061,-1382.531,24,24,25,24,24,24,24,24,24,24,24,25,25,25,25,25,467,4670,-1241.52,-1239.807,344.651,-468.8895,0.7862269,0.4908689,1.175428,-0.6519362,-0.388243,0.2589166,0.1314236,-1.077671,-1.123718E-05,-0.4454145,0.4809132,-0.5650985,24,24,24,24,24,24,24,24,24,24,24,24,24,24,24,24
468,4680,-1379.867,-1380.232,-1303.237,-1285.553,-1369.485,-1363.473,-1197.394,-396.1012,184.6852,355.1805,-174.6998,-999.3717,-1474.738,-1391.805,-1365.443,-1322.049,24,24,25,24,24,24,24,24,24,24,24,25,25,25,25,25,468,4680,-1255.082,-1248.36,346.8771,-474.1825,-1.052259,0.3681493,3.531685E-05,0.2607026,1.164828,0.1301466,-0.5255532,0.1346904,-0.3839552,-0.1113235,0.1196326,0.6781734,24,24,24,24,24,24,24,24,24,24,24,24,24,24,24,24
469,4690,-1361.355,-1352.68,-1416.198,-1352.252,-1300.076,-1382.726,-1255.938,-406.8846,195.2138,356.7803,-137.6727,-1004.284,-1511.991,-1310.164,-1320.492,-1340.363,24,24,25,24,24,24,24,24,24,24,24,25,25,25,25,25,469,4690,-1301.005,-1302.178,346.7461,-479.8627,-0.2643362,-1.840814,0.1306338,0.2607026,0.1294475,0.001376554,0.2628184,-1.077671,0.2559508,0.4454948,-0.6029276,-0.4520749,24,24,24,24,24,24,24,24,24,24,24,24,24,24,24,24
470,4700,-1303.895,-1298.786,-1258.204,-1265.957,-1309.733,-1265.853,-1165.253,-402.3706,179.1112,354.1959,-150.9644,-959.8197,-1440.46,-1380.941,-1351.373,-1315.543,24,24,25,24,24,24,24,24,24,24,24,25,25,25,25,25,470,4700,-1308.793,-1294.81,342.2939,-475.4734,-0.920939,-0.2454521,0.1306338,0.9125874,0.6471379,-0.6424737,-1.051135,0.1346904,0.8958569,0.3341311,0.3604863,-0.4520749,24,24,24,24,24,24,24,24,24,24,24,24,24,24,24,24
471,4710,-1365.562,-1364.764,-1446.229,-1388.522,-1337.859,-1482.952,-1315.119,-414.9093,193.6035,353.3344,-154.5247,-1068.525,-1571.621,-1323.173,-1370.689,-1413.614,24,24,25,24,24,24,24,24,24,24,24,25,25,25,25,25,471,4710,-1253.068,-1274.019,346.0914,-476.8935,0.2609458,0.3681493,-0.6530133,-0.2608053,-0.9059334,-0.9000142,-0.3941585,0.2693969,-0.3839552,-0.5567782,-0.0007938265,0.6781734,24,24,24,24,24,24,24,24,24,24,24,24,24,24,24,24
472,4720,-1435.901,-1423.038,-1329.198,-1361.868,-1424.668,-1353.23,-1208.873,-435.222,159.1688,339.1813,-191.0771,-990.0505,-1491.282,-1469.065,-1419.356,-1372.29,24,24,25,24,24,24,24,24,24,24,24,25,25,25,25,25,472,4720,-1262.736,-1246.912,344.9128,-475.7316,0.7862269,1.22719,1.305975,-0.2607539,2.407967E-05,0.3876867,0.2628184,-0.1347242,1.151821,-0.2226872,0.8421933,2.568498E-05,24,24,24,24,24,24,24,24,24,24,24,24,24,24,24,24
473,4730,-1463.558,-1391.598,-1490.414,-1436.338,-1352.465,-1450.737,-1314.737,-451.0209,177.2532,341.2735,-153.338,-1069.784,-1614.945,-1359.935,-1425.441,-1505.779,24,24,25,24,24,24,24,24,24,24,24,25,25,25,25,25,473,4730,-1347.733,-1372.05,344.3891,-476.5062,-0.7896181,-0.2454521,-0.7836119,-0.9126388,-0.2588211,0.1301466,-0.3941585,0.4041034,-0.7678991,-0.2226872,0.1196326,0.1130492,24,24,24,24,24,24,24,24,24,24,24,24,24,24,24,24
474,4740,-1475.943,-1613.73,-1441.06,-1505.689,-1568.724,-1400.747,-1243.183,-461.6788,160.1597,340.5351,-202.3514,-1033.255,-1598.163,-1496.172,-1431.884,-1406.747,24,24,25,24,24,24,24,24,24,24,24,25,25,25,25,25,474,4740,-1439.845,-1388.893,347.6628,-477.9263,1.048868,0.2454296,-0.6530133,-0.2607539,-0.5176647,-0.6424737,0.9197953,-1.765843E-05,-0.8958809,-0.6681418,-0.8437814,-0.1130011,24,24,24,24,24,24,24,24,24,24,24,24,24,24,24,24
475,4750,-1440.11,-1437.064,-1468.506,-1336.673,-1332.91,-1464.561,-1278.769,-400.9913,186.7909,341.8888,-169.3593,-1045.726,-1512.944,-1313.983,-1356.62,-1367.471,24,24,25,24,24,24,24,24,24,24,24,25,25,25,25,25,475,4750,-1293.217,-1304.81,343.0796,-475.8607,-0.001695209,-1.963533,-0.1306162,0.3911309,-0.1293977,0.9027669,-0.262767,-0.6735517,-0.3839552,0.4454948,-0.8437814,-1.356273,24,24,24,24,24,24,24,24,24,24,24,24,24,24,24,24
476,4760,-1365.562,-1358.964,-1308.527,-1348.114,-1367.433,-1286.956,-1208.108,-439.6106,172.7941,347.1808,-159.5092,-979.9737,-1478.427,-1328.306,-1302.25,-1280.122,24,24,25,24,24,24,24,24,24,24,24,25,25,25,25,25,476,4760,-1390.433,-1364.945,348.0556,-475.6025,-1.577541,0.3681493,-1.605311E-05,-0.6518849,0.7765597,-1.157555,-0.5255597,-0.8082582,0.127969,0.1114038,-0.2416475,0.5651466,24,24,24,24,24,24,24,24,24,24,24,24,24,24,24,24
477,4770,-1287.667,-1290.327,-1296.1,-1264.009,-1277.503,-1309.047,-1206.45,-410.8969,168.211,335.7353,-161.408,-1000.631,-1436.532,-1257.408,-1281.504,-1282.531,24,24,25,24,24,24,24,24,24,24,24,25,25,25,25,25,477,4770,-1323.026,-1352.049,345.6985,-481.9282,0.3922659,0.6135885,-0.3918148,0.130377,-0.5176647,0.001376554,1.051187,0.4041034,0.6398434,0.3341311,0.60134,-0.1130011,24,24,24,24,24,24,24,24,24,24,24,24,24,24,24,24
478,4780,-1292.235,-1294.435,-1262.633,-1291.03,-1310.699,-1293.621,-1212.062,-442.3691,162.6371,332.4124,-168.0539,-999.8757,-1504.255,-1331.886,-1314.769,-1366.025,24,24,25,24,24,24,24,24,24,24,24,25,25,25,25,25,478,4780,-1352.835,-1358.629,341.5083,-475.7316,-0.2643362,-0.8590535,0.5223796,-0.5215079,0.3882927,0.3876867,-0.3941649,-1.481792,-1.279876,-0.7795055,-0.8437814,-0.1130011,24,24,24,24,24,24,24,24,24,24,24,24,24,24,24,24
479,4790,-1331.423,-1353.526,-1331.044,-1283.849,-1351.741,-1387.046,-1230.174,-418.7964,157.5585,332.0432,-181.939,-1029.98,-1503.422,-1451.034,-1435.224,-1369.519,24,24,25,24,24,24,24,24,24,24,24,25,25,25,25,25,479,4790,-1351.224,-1403.101,349.1031,-474.5697,0.3922659,0.2454296,-0.1306162,-0.3911309,-0.5176647,-0.3849336,0.1314172,0.5388099,-6.260714E-05,0.7795857,0.3604863,0.6781734,24,24,24,24,24,24,24,24,24,24,24,24,24,24,24,24
480,4800,-1471.855,-1415.299,-1495.953,-1455.44,-1368.641,-1488.877,-1351.98,-449.6416,185.5522,349.8884,-142.7758,-1071.926,-1622.443,-1362.68,-1392.989,-1447.95,24,24,25,24,24,24,24,24,24,24,24,25,25,25,25,25,480,4800,-1355.789,-1340.207,341.7701,-479.7336,0.9175478,-0.4908914,-1.436608,0,0.7765597,-0.3849336,0.2628151,-0.6735517,0.6398434,-0.2226872,-0.362074,-0.2260246,24,24,24,24,24,24,24,24,24,24,24,24,24,24,24,24
481,4810,-1439.389,-1414.089,-1343.348,-1344.584,-1383.612,-1342.986,-1224.562,-430.5828,167.9633,346.5655,-172.6823,-1004.284,-1478.666,-1375.689,-1358.646,-1319.881,24,25,25,24,24,24,24,24,24,24,24,25,25,25,25,25,481,4810,-1376.603,-1376.787,341.9011,-473.2788,-0.6582981,-1.349932,0.2611809,1.434147,0.2588693,-0.2561635,-0.9197471,-0.4041371,-0.7679505,-0.6681418,-0.4825008,2.568498E-05,24,24,24,24,24,24,24,24,24,24,24,24,24,24,24,24
482,4820,-1345.488,-1340.348,-1370.416,-1338.134,-1292.229,-1392.847,-1288.845,-423.1849,188.525,352.3498,-153.5753,-1074.697,-1568.765,-1381.419,-1445.127,-1459.275,24,25,25,24,24,24,24,24,24,24,24,25,25,25,25,25,482,4820,-1331.351,-1354.681,354.6029,-471.4715,-0.5269772,0.1227068,0.9141783,0,-0.388243,-1.028785,0.2628151,0.8082245,0.5118616,0.4454948,-0.1212207,-0.1130011,24,24,24,24,24,24,24,24,24,24,24,24,24,24,24,24
483,4830,-1470.292,-1444.671,-1363.772,-1407.989,-1414.887,-1360.141,-1233.49,-431.2097,183.5704,353.4574,-162.4761,-977.2026,-1458.075,-1339.286,-1312.981,-1265.182,24,25,25,24,24,24,24,24,24,24,24,25,25,25,25,25,483,4830,-1415.139,-1402.18,348.1865,-477.6681,0.2609458,0.1227068,-0.2612146,0.6518849,-0.77651,-1.028785,0.1314172,-0.1347242,0.1279176,-0.8908691,-0.1212207,0.1130492,24,24,24,24,24,24,24,24,24,24,24,24,24,24,24,24
484,4840,-1306.059,-1293.333,-1322.185,-1304.784,-1298.024,-1362.362,-1234.255,-402.9975,189.8875,351.4883,-150.7271,-1005.166,-1462.36,-1249.173,-1266.004,-1271.447,24,25,25,24,24,24,24,24,24,24,24,25,25,25,25,25,484,4840,-1381.839,-1421.519,344.52,-479.0881,0.7862269,0.1227068,1.305975,-0.5215079,-0.2588211,-0.1273935,0.7883941,-0.2694306,-0.3840065,-0.4454145,0.3604863,0.1130492,24,24,24,24,24,24,24,24,24,24,24,24,24,24,24,24
485,4850,-1257.495,-1264.568,-1230.52,-1251.838,-1288.487,-1249.562,-1162.957,-404.5022,179.7305,350.996,-156.8983,-965.4881,-1426.534,-1315.892,-1285.2,-1260.001,24,25,25,24,24,24,24,24,24,24,24,25,25,25,25,25,485,4850,-1347.062,-1319.811,348.4484,-468.5022,-0.7896174,-0.3681718,-1.175409,-0.5215079,0.7765597,0.1301466,0.2628151,0.2693969,-0.5119883,4.013279E-05,0.4809132,0.6781734,24,24,24,24,24,24,24,24,24,24,24,24,24,24,24,24
486,4860,-1293.317,-1283.785,-1300.653,-1275.45,-1248.773,-1280.786,-1190.889,-393.9696,195.5854,360.7185,-126.6357,-959.5679,-1436.532,-1239.386,-1256.942,-1283.857,24,25,25,24,24,24,24,24,24,24,24,25,25,25,25,25,486,4860,-1336.32,-1377.182,346.7461,-477.0226,0.6549076,-1.104493,0.3917811,0.130377,0.3882927,-0.5137036,0.3942099,-0.4041371,-0.1280445,-0.1113235,-0.4825008,-0.5650985,24,24,24,24,24,24,24,24,24,24,24,24,24,24,24,24
487,4870,-1262.183,-1275.808,-1277.521,-1254.759,-1258.43,-1247.464,-1153.774,-378.4216,195.8331,353.5805,-159.2718,-972.416,-1388.328,-1228.644,-1235.242,-1235.062,24,25,25,24,24,24,24,24,24,24,24,25,25,25,25,25,487,4870,-1438.771,-1426.124,344.9128,-480.6373,-1.183579,-0.613611,0.1306338,0.3911309,1.035405,-0.1273935,-0.7883492,0.4041034,0.3838813,4.013279E-05,-0.0007938265,-0.7911488,24,24,24,24,24,24,24,24,24,24,24,24,24,24,24,24
488,4880,-1247.157,-1243.296,-1266.079,-1252.69,-1238.754,-1284.612,-1186.043,-388.9542,195.2138,350.996,-147.6415,-988.6651,-1427.129,-1237.237,-1256.703,-1279.279,24,25,25,24,24,24,24,24,24,24,24,25,25,25,25,25,488,4880,-1470.46,-1500.585,353.0316,-473.9243,-0.001694406,-0.1227325,-0.3917634,-0.2608053,0.5177145,-1.415095,-0.3941649,-0.1347242,-0.8959323,-0.1113235,-0.1212207,0.1130492,24,24,24,24,24,24,24,24,24,24,24,24,24,24,24,24
489,4890,-1258.216,-1261.546,-1234.457,-1256.341,-1291.747,-1276.096,-1173.926,-401.6183,183.4465,348.4115,-164.4936,-980.7294,-1433.08,-1311.357,-1289.969,-1282.411,24,25,25,24,24,24,24,24,24,24,24,25,25,25,25,25,489,4890,-1381.436,-1373.761,356.6981,-472.7624,0.1296257,0.1227068,0.7836295,0.1303256,-0.3882943,0.1301466,0.6569993,-1.077671,0.3838813,-0.1113235,0.2400595,0.7911969,24,24,24,24,24,24,24,24,24,24,24,24,24,24,24,24
490,4900,-1324.812,-1305.902,-1331.29,-1278.006,-1276.054,-1339.037,-1214.868,-386.4464,201.1594,363.6723,-135.2991,-985.39,-1450.934,-1250.128,-1266.242,-1277.23,24,25,25,24,24,24,24,24,24,24,24,25,25,25,25,25,490,4900,-1283.818,-1307.573,350.4126,-488.3831,0.1296257,0.2454296,0.1306338,-1.303824,0.2588179,0.6452268,-0.7883492,0.1346904,-0.2560263,-0.7795055,-1.325488,0.3390996,24,24,24,24,24,24,24,24,24,24,24,24,24,24,24,24
491,4910,-1256.533,-1262.271,-1227.936,-1227.616,-1264.707,-1249.685,-1149.947,-382.6848,190.6308,362.3186,-143.7252,-961.4573,-1423.678,-1313.983,-1295.931,-1270.845,24,25,25,24,24,24,24,24,24,24,24,25,25,25,25,25,491,4910,-1397.415,-1380.34,339.806,-491.3523,0.6549076,0.1227068,3.531685E-05,0.5214565,0.3882414,-0.6424745,0.3942131,-1.765843E-05,-1.023914,-0.1113235,0.8421933,-0.6781253,24,24,24,24,24,24,24,24,24,24,24,24,24,24,24,24
492,4920,-1292.355,-1271.698,-1302.744,-1267.417,-1233.442,-1276.219,-1198.797,-404.5022,194.4706,359.2418,-127.1104,-968.3853,-1446.768,-1250.008,-1268.507,-1329.037,24,25,25,24,24,24,24,24,24,24,24,25,25,25,25,25,492,4920,-1415.945,-1393.234,348.9722,-486.5757,-0.6582972,-1.472655,-0.1305648,0.2607026,-0.3882943,-0.5137036,-0.5255532,-1.212379,0.1279176,0.5568584,-0.2416475,-0.4520749,24,24,24,24,24,24,24,24,24,24,24,24,24,24,24,24
493,4930,-1354.022,-1404.17,-1338.426,-1300.767,-1358.863,-1365.571,-1210.531,-409.1415,181.4647,354.6882,-169.834,-1016.629,-1484.497,-1364.948,-1356.023,-1315.664,24,25,25,24,24,24,24,24,24,24,24,25,25,25,25,25,493,4930,-1313.761,-1374.551,353.9482,-484.5102,0.1296257,0.3681493,0.2612323,-0.2608053,0.1293961,-0.7712442,-1.051135,-0.2694306,0.5119113,-1.002233,-0.2416475,0.4521231,24,24,24,24,24,24,24,24,24,24,24,24,24,24,24,24
494,4940,-1353.421,-1325.482,-1382.228,-1398.864,-1324.218,-1402.104,-1310.017,-453.1525,183.075,361.7032,-123.5501,-1004.158,-1555.434,-1334.154,-1359.839,-1422.53,24,25,25,24,24,24,24,24,24,24,24,25,25,25,25,25,494,4940,-1474.085,-1446.647,349.627,-500.1308,-0.1330153,0.2454296,-0.2611633,0.9125874,-2.729029E-05,0.001376554,0.5256078,-1.765843E-05,-0.8958842,0.2227707,0.60134,2.568498E-05,24,24,24,24,24,24,24,24,24,24,24,24,24,24,24,24
495,4950,-1400.669,-1394.014,-1337.811,-1324.015,-1359.346,-1350.144,-1219.332,-418.671,181.0931,358.2573,-154.5247,-973.2977,-1438.079,-1349.073,-1335.277,-1297.592,24,25,25,24,24,24,24,24,24,24,24,25,25,25,25,25,495,4950,-1345.316,-1369.55,348.1865,-489.674,-0.001694406,-1.227212,0.5224309,-1.434201,-0.1294491,0.2589166,2.88956E-05,-1.765843E-05,0.3839295,-0.6681402,-0.362074,0.5651466,24,24,24,24,24,24,24,24,24,24,24,24,24,24,24,24
496,4960,-1326.975,-1322.219,-1372.262,-1340.446,-1344.86,-1449.873,-1295.094,-424.8149,190.0114,359.2418,-148.5909,-1050.89,-1546.27,-1345.851,-1385.116,-1402.41,24,25,25,24,24,24,24,24,24,24,24,25,25,25,25,25,496,4960,-1425.881,-1390.866,346.3533,-494.5797,0.6549076,0.4908689,0.6530311,-0.6519362,0.2588179,-0.1273935,0.3942131,0.673518,-0.3839584,-0.1113203,0.4809132,0.4520717,24,24,24,24,24,24,24,24,24,24,24,24,24,24,24,24
497,4970,-1364.841,-1386.156,-1324.522,-1361.259,-1375.763,-1315.342,-1210.276,-420.0502,180.4738,353.8267,-163.3068,-980.4775,-1475.452,-1348.357,-1312.742,-1319.64,24,25,25,24,24,24,24,24,24,24,24,25,25,25,25,25,497,4970,-1447.902,-1448.357,338.7584,-492.385,0.2609466,-1.472655,-0.1305648,-5.136996E-05,-0.5177161,-0.1273935,0.1314236,-1.077671,-0.6399205,0.2227707,-0.7233541,-0.226076,24,24,24,24,24,24,24,24,24,24,24,24,24,24,24,24
498,4980,-1368.808,-1360.29,-1409.059,-1295.533,-1317.096,-1479.496,-1274.432,-390.208,203.0174,365.6414,-155.4742,-1049.001,-1503.065,-1282.234,-1338.616,-1362.892,24,25,25,24,24,24,24,24,24,24,24,25,25,25,25,25,498,4980,-1345.853,-1341.128,345.3057,-481.67,-0.2643354,0.2454296,0.5224309,-5.136996E-05,0.1293961,-0.3849336,-1.83951,-1.765843E-05,0.5119113,-0.4454113,-1.084634,-0.5651498,24,24,24,24,24,24,24,24,24,24,24,24,24,24,24,24
499,4990,-1379.506,-1384.705,-1334.735,-1361.381,-1380.231,-1328.547,-1203.516,-409.8938,187.658,358.8726,-174.8184,-1022.171,-1530.321,-1395.029,-1357.216,-1345.664,24,25,25,24,24,24,24,24,24,24,24,25,25,25,25,25,499,4990,-1330.009,-1321.653,354.2101,-489.0285,-0.7896174,-0.2454521,0.3918324,-5.136996E-05,0.2588179,-1.286325,-0.2627638,-0.5388436,-0.6399205,0.445498,0.4809132,0.3390482,24,24,24,24,24,24,24,24,24,24,24,24,24,24,24,24
500,5000,-1383.474,-1396.553,-1469.86,-1394.849,-1390.495,-1446.787,-1268.182,-403.4991,193.3558,358.9957,-160.5772,-1030.61,-1501.994,-1328.067,-1351.731,-1334.338,24,25,25,24,24,24,24,24,24,24,24,25,25,25,25,25,500,5000,-1321.952,-1339.154,351.853,-479.9918,0.7862277,1.22719,-0.1305648,-0.2608053,-0.3882943,-0.2561635,0.3942131,-0.2694306,0.2559476,-0.1113203,-0.8437809,0.1129979,24,24,24,24,24,24,24,24,24,24,24,24,24,24,24,24
501,5010,-1329.62,-1314.242,-1304.713,-1341.663,-1301.886,-1312.256,-1231.067,-426.1942,195.2138,356.7804,-152.9819,-994.4593,-1520.085,-1326.396,-1299.508,-1365.543,24,25,25,24,24,24,24,24,24,24,24,25,25,25,25,25,501,5010,-1450.453,-1433.491,350.5436,-488.5122,-0.1330153,0.6135885,0.6530311,-0.5215592,-0.2588725,-0.3849336,2.88956E-05,0.2693969,-0.1279963,0.111407,0.60134,0.3390482,24,24,24,24,24,24,24,24,24,24,24,24,24,24,24,24
502,5020,-1314.233,-1362.465,-1400.074,-1295.047,-1359.829,-1418.157,-1232.597,-387.3241,195.4615,363.3031,-167.6978,-1035.145,-1477.118,-1307.776,-1345.531,-1332.17,24,25,25,24,24,24,24,24,24,24,24,25,25,25,25,25,502,5020,-1256.693,-1280.467,338.6274,-487.2212,0.7862277,-1.227209,-1.697755,-0.2608053,-0.6471395,-0.3849336,0.2628184,-1.616499,-0.5119402,-0.1113203,-0.362074,0.1129979,24,24,24,24,24,24,24,24,24,24,24,24,24,24,24,24
503,5030,-1317.719,-1341.194,-1352.453,-1417.723,-1396.895,-1380.998,-1236.296,-420.6772,193.4797,355.9189,-167.3418,-1019.274,-1549.84,-1370.319,-1349.943,-1395.543,24,25,25,24,24,24,24,24,24,24,24,25,25,25,25,25,503,5030,-1342.228,-1344.286,345.0438,-469.6641,0.1296257,-0.3681685,0.7836279,1.564472,0.5176631,0.2589166,-0.3941585,-0.2694306,0.2559476,0.111407,-1.445915,-0.7912002,24,24,24,24,24,24,24,24,24,24,24,24,24,24,24,24
504,5040,-1400.308,-1410.699,-1390.105,-1340.811,-1401.362,-1413.712,-1239.229,-407.8876,185.1807,365.1492,-171.0208,-1008.189,-1489.615,-1418.912,-1397.761,-1312.893,24,25,25,24,24,24,24,24,24,24,24,25,25,25,25,25,504,5040,-1308.122,-1329.417,356.5671,-475.9898,-0.3956563,-0.3681685,0.3918308,-0.6518849,-0.3882943,-1.157555,-0.7883459,0.4041034,0.1279674,4.334341E-05,-0.1212203,-2.568498E-05,24,24,24,24,24,24,24,24,24,24,24,24,24,24,24,24
505,5050,-1370.851,-1349.896,-1369.186,-1373.187,-1313.475,-1368.782,-1258.744,-423.3102,197.0718,362.3186,-137.554,-1004.41,-1509.492,-1271.373,-1294.142,-1349.64,24,25,25,24,24,24,24,24,24,24,24,25,25,25,25,25,505,5050,-1376.603,-1354.286,353.8172,-480.25,0.6549076,1.104473,-0.2611665,0,-2.729029E-05,-0.7712442,0.1314236,-0.1347242,-0.5119402,-0.7795039,0.2400599,0.4520717,24,24,24,24,24,24,24,24,24,24,24,24,24,24,24,24
506,5060,-1322.648,-1343.853,-1286.749,-1267.174,-1337.014,-1316.094,-1185.915,-405.0037,179.359,354.6881,-165.2056,-985.7679,-1450.933,-1376.764,-1343.266,-1300.845,24,25,25,24,24,24,24,24,24,24,24,25,25,25,25,25,506,5060,-1379.288,-1415.468,354.7339,-473.6661,-0.9209383,-9.631868E-06,3.210623E-05,-0.9126388,-0.2588725,0.001376554,0.1314236,1.077637,-0.3839584,-0.3340476,-0.4825008,-0.1130525,24,24,24,24,24,24,24,24,24,24,24,24,24,24,24,24
507,5070,-1383.354,-1340.106,-1390.597,-1374.039,-1346.067,-1438.65,-1291.013,-419.0471,198.5582,355.1804,-156.5422,-1064.368,-1588.522,-1340.957,-1390.842,-1469.516,24,25,25,24,24,24,24,24,24,24,24,25,25,25,25,25,507,5070,-1404.397,-1377.314,351.1983,-479.9918,0.2609466,-0.4908881,-0.9141622,-0.130377,0.6470866,0.001376554,2.88956E-05,-1.765843E-05,-0.6399205,0.3341343,-0.362074,-2.568498E-05,24,24,24,24,24,24,24,24,24,24,24,24,24,24,24,24
508,5080,-1492.177,-1567.264,-1428.875,-1448.383,-1490.356,-1390.133,-1243.438,-437.2282,180.4738,358.011,-180.7523,-1022.675,-1575.192,-1479.096,-1424.725,-1429.035,24,25,25,24,24,24,24,24,24,24,24,25,25,25,25,25,508,5080,-1359.952,-1373.235,344.7819,-479.2172,-0.1330153,-1.227209,0.3918308,0.2607539,-0.5177161,0.6452268,0.3942131,-0.4041371,-1.44478E-05,0.6682253,-0.4825008,-0.904227,24,24,24,24,24,24,24,24,24,24,24,24,24,24,24,24
509,5090,-1470.652,-1486.503,-1500.753,-1382.925,-1386.751,-1466.18,-1276.855,-396.352,202.1503,366.3798,-146.4547,-1026.328,-1506.397,-1284.263,-1317.75,-1353.013,24,25,25,24,24,24,24,24,24,24,24,25,25,25,25,25,509,5090,-1356.73,-1368.498,351.3293,-478.4427,-0.9209383,0.2454328,0.5224293,-0.2607539,-0.1294491,-1.930175,-1.576717,-0.1347242,0.6398916,-0.222684,-0.1212203,0.2260214,24,24,24,24,24,24,24,24,24,24,24,24,24,24,24,24
510,5100,-1320.845,-1332.492,-1290.563,-1276.911,-1295.006,-1288.454,-1184.895,-398.3582,180.3499,345.0887,-173.7503,-1006.048,-1464.026,-1336.422,-1320.612,-1306.628,24,25,25,24,24,24,24,24,24,24,24,25,25,25,25,25,510,5100,-1375.528,-1381.261,356.4361,-475.3444,0.1296257,0.4908721,-0.5223635,0.7822618,-0.1294491,-0.6424737,0.5256078,0.2693969,-1.44478E-05,-0.222684,0.3604863,0.5650953,24,24,24,24,24,24,24,24,24,24,24,24,24,24,24,24
511,5110,-1276.608,-1309.528,-1381.367,-1339.229,-1337.497,-1453.094,-1285.656,-403.7498,194.4706,355.0574,-165.5616,-1075.327,-1567.217,-1353.251,-1392.87,-1423.252,24,25,25,24,24,24,24,24,24,24,24,25,25,25,25,25,511,5110,-1352.97,-1347.444,354.7339,-479.9918,0.1296257,-0.3681685,0.3918308,-0.6518849,-0.1294491,-0.5137036,0.3942131,-0.4041371,0.1279674,0.3341343,-0.0007938265,-0.1130525,24,24,24,24,24,24,24,24,24,24,24,24,24,24,24,24
512,5120,-1396.1,-1390.387,-1354.421,-1388.644,-1372.141,-1307.58,-1230.046,-446.3815,180.1022,356.6573,-162.9507,-992.6959,-1531.154,-1387.984,-1356.381,-1387.591,24,25,25,24,24,24,24,24,24,24,24,25,25,25,25,25,512,5120,-1340.751,-1326.39,346.3533,-482.3156,-0.3956563,0.3681525,-1.305959,-0.7822618,0.1293961,-0.2561635,-0.6569512,-0.4041371,-1.151846,-0.222684,-0.0007938265,0.3390482,24,24,24,24,24,24,24,24,24,24,24,24,24,24,24,24
513,5130,-1386.601,-1387.244,-1372.262,-1328.761,-1375.522,-1397.293,-1240.377,-410.7715,177.3771,352.5959,-171.8515,-1027.083,-1472.595,-1344.419,-1363.177,-1334.459,24,25,25,24,24,24,24,24,24,24,24,25,25,25,25,25,513,5130,-1360.086,-1375.998,341.9011,-475.8607,0.1296257,-1.227209,0.6530294,0.7822618,0.1293961,0.5164568,0.3942131,0.5388099,1.151817,0.5568616,-0.1212203,-0.3391027,24,24,24,24,24,24,24,24,24,24,24,24,24,24,24,24
514,5140,-1392.252,-1370.926,-1411.644,-1415.654,-1338.945,-1409.638,-1310.655,-450.8954,189.3921,356.9034,-154.1687,-1060.211,-1600.781,-1371.512,-1384.162,-1428.553,24,25,25,24,24,24,24,24,24,24,24,25,25,25,25,25,514,5140,-1385.196,-1362.971,349.7579,-470.1805,-1.314899,-0.613611,1.175425,-0.130377,0.1293961,-0.9000142,-1.445323,-0.2694306,-0.1279963,-0.4454113,-1.084634,0.4520717,24,24,24,24,24,24,24,24,24,24,24,24,24,24,24,24
515,5150,-1421.352,-1416.26,-1381.982,-1388.523,-1424.184,-1382.232,-1236.296,-416.6647,187.2864,361.3339,-176.4799,-1028.721,-1499.375,-1393.955,-1367.708,-1305.905,24,25,25,24,24,24,24,24,24,24,24,25,25,25,25,25,515,5150,-1324.906,-1360.866,357.6147,-471.0841,0.3922667,0.6135917,0.3918308,0.5215079,0.7765084,-0.5137036,1.182588,0.942931,-0.3839584,0.5568616,0.3604863,-0.226076,24,24,24,24,24,24,24,24,24,24,24,24,24,24,24,24
516,5160,-1357.749,-1351.95,-1389.612,-1368.075,-1310.336,-1399.145,-1309.252,-443.8738,192.9842,360.9648,-145.5053,-1046.356,-1557.577,-1350.267,-1385.712,-1466.865,24,25,25,24,24,24,24,24,24,24,24,25,25,25,25,25,516,5160,-1386.271,-1379.024,354.8648,-472.1169,-0.6582972,-0.8590503,3.210623E-05,-1.173396,-0.3882943,0.001376554,0.2628184,-0.9429647,0.1279674,-0.222684,0.60134,0.3390482,24,24,24,24,24,24,24,24,24,24,24,24,24,24,24,24
517,5170,-1448.648,-1467.763,-1407.213,-1421.251,-1461.014,-1409.762,-1257.979,-439.109,190.7546,364.7799,-175.1745,-1011.842,-1535.796,-1404.582,-1362.223,-1381.326,24,25,25,24,24,24,24,24,24,24,24,25,25,25,25,25,517,5170,-1366.935,-1416.125,353.6863,-475.3444,0.2609466,0.3681525,3.210623E-05,-0.2607539,-2.729029E-05,-0.1273935,-0.6569512,0.4041034,-1.44478E-05,4.334341E-05,-0.4825008,-2.568498E-05,24,24,24,24,24,24,24,24,24,24,24,24,24,24,24,24
518,5180,-1397.663,-1413.842,-1418.659,-1327.057,-1313.716,-1392.353,-1252.112,-392.3396,204.5038,366.9951,-149.5403,-1045.474,-1522.108,-1319.831,-1341.596,-1342.772,24,25,25,24,24,24,24,24,24,24,24,25,25,25,25,25,518,5180,-1436.757,-1461.513,346.7462,-476.5062,-0.001694406,0.2454328,-0.6529636,-0.130377,0.1293961,0.001376554,0.3942131,-0.4041371,-0.1279963,4.334341E-05,0.60134,-0.226076,24,24,24,24,24,24,24,24,24,24,24,24,24,24,24,24
519,5190,-1320.364,-1334.546,-1305.697,-1357.243,-1365.502,-1331.139,-1226.985,-427.9496,194.099,366.626,-150.6084,-987.5314,-1482.236,-1325.919,-1297.481,-1320.483,24,25,25,24,24,24,24,24,24,24,24,25,25,25,25,25,519,5190,-1435.414,-1425.334,347.7937,-472.5042,-1.44622,-1.349929,0.6530294,1.043016,0.1293961,0.6452268,-0.2627638,0.1346904,-0.2559765,-0.5567766,-0.7233541,-2.568498E-05,24,24,24,24,24,24,24,24,24,24,24,24,24,24,24,24
520,5200,-1352.58,-1355.214,-1377.676,-1313.06,-1368.641,-1472.214,-1269.586,-396.6027,196.9479,367.8567,-148.7096,-1041.191,-1500.923,-1301.809,-1336.35,-1344.579,24,25,25,24,24,24,24,24,24,24,24,25,25,25,25,25,520,5200,-1279.118,-1305.731,354.0791,-471.9879,-0.2643354,-0.3681685,0.3918308,-1.173396,0.5176631,-1.286325,-0.2627638,1.077637,0.2559476,0.3341343,-0.1212203,-0.1130525,24,24,24,24,24,24,24,24,24,24,24,24,24,24,24,24
521,5210,-1370.491,-1351.829,-1308.281,-1374.283,-1353.31,-1315.835,-1242.036,-441.7422,196.8241,366.3798,-156.4235,-1026.076,-1581.976,-1379.27,-1356.262,-1407.109,24,25,25,24,24,24,24,24,24,24,24,25,25,25,25,25,521,5210,-1395.401,-1359.023,359.0551,-466.9531,0.2609466,0.9817506,0.1306322,-0.2607539,-0.9059848,0.001376554,0.2628184,0.4041034,-1.44478E-05,0.111407,-0.0007938265,0.3390482,24,24,24,24,24,24,24,24,24,24,24,24,24,24,24,24
522,5220,-1421.953,-1404.895,-1353.56,-1296.75,-1320.838,-1351.132,-1224.052,-399.612,197.5673,368.2259,-142.5384,-1002.017,-1437.246,-1258.244,-1284.365,-1276.748,24,25,25,24,24,24,24,24,24,24,24,25,25,25,25,25,522,5220,-1319.535,-1357.708,357.2218,-474.0534,0.1296257,-0.7363306,-0.1305664,-0.7822618,-0.2588725,0.001376554,-0.1313691,-0.2694306,-1.44478E-05,-0.6681402,-1.205061,0.1129979,24,24,24,24,24,24,24,24,24,24,24,24,24,24,24,24
523,5230,-1262.183,-1258.766,-1230.766,-1277.641,-1301.524,-1263.755,-1180.813,-402.9975,200.9117,366.3798,-149.659,-980.3516,-1481.046,-1310.164,-1289.135,-1362.652,24,25,25,24,24,24,24,24,24,24,24,25,25,25,25,25,523,5230,-1374.186,-1351.655,350.1508,-475.3444,0.9175486,0.2454328,-0.6529636,-0.130377,1.035354,0.3876867,0.9197953,-0.1347242,-0.6399205,0.445498,1.203473,-0.1130525,24,24,24,24,24,24,24,24,24,24,24,24,24,24,24,24
524,5240,-1383.835,-1404.895,-1390.966,-1312.208,-1381.438,-1405.807,-1219.97,-383.4371,197.0718,367.6105,-159.8652,-1025.194,-1464.264,-1326.635,-1355.427,-1331.808,24,25,25,24,24,24,24,24,24,24,24,25,25,25,25,25,524,5240,-1368.546,-1390.735,356.1743,-469.0186,0.3922667,-0.9817699,-0.1305664,0.130377,-0.3882943,-0.1273935,-0.6569512,-1.212379,-1.279828,4.334341E-05,-1.686768,0.2260214,24,24,24,24,24,24,24,24,24,24,24,24,24,24,24,24
525,5250,-1362.677,-1348.566,-1359.22,-1377.204,-1340.997,-1347.676,-1251.729,-432.4635,194.4706,361.0878,-140.7582,-1014.991,-1542.937,-1347.044,-1346.127,-1388.435,24,25,25,24,24,24,24,24,24,24,24,25,25,25,25,25,525,5250,-1313.492,-1314.547,357.2218,-470.6969,-0.1330153,0.12271,0.3918308,-0.3911309,0.3882414,-1.028785,-0.6569512,-0.1347242,1.407781,1.002316,0.2400599,-0.904227,24,24,24,24,24,24,24,24,24,24,24,24,24,24,24,24
526,5260,-1352.82,-1388.211,-1339.902,-1324.136,-1399.189,-1387.663,-1224.562,-407.8876,192.4888,368.2259,-176.8359,-1019.903,-1520.68,-1456.408,-1408.26,-1355.905,24,25,25,24,24,24,24,24,24,24,24,25,25,25,25,25,526,5260,-1352.433,-1365.208,356.0433,-473.9243,0.3922667,0.6135917,3.210623E-05,-0.6518849,-0.7765613,-1.415095,-0.1313691,0.2693969,-1.151846,0.3341311,-0.362074,0.2260214,24,24,24,24,24,24,24,24,24,24,24,24,24,24,24,24
527,5270,-1438.667,-1377.089,-1454.598,-1392.538,-1347.395,-1435.678,-1302.748,-417.2917,200.6639,363.3031,-147.1668,-1060.337,-1554.363,-1326.515,-1385.235,-1409.398,24,25,25,24,24,24,24,24,24,24,24,25,25,25,25,25,527,5270,-1351.627,-1351.128,352.5078,-474.0534,0.1296257,-0.4908881,1.306025,0,-0.2588725,0.2589166,0.7884005,-0.5388436,1.023837,-0.3340508,-0.2416471,0.4520717,24,24,24,24,24,24,24,24,24,24,24,24,24,24,24,24
528,5280,-1374.939,-1395.102,-1331.044,-1351.035,-1393.755,-1327.313,-1199.945,-412.0254,191.374,358.9956,-171.9702,-995.9708,-1487.592,-1374.138,-1344.1,-1343.495,24,25,25,24,24,24,24,24,24,24,24,25,25,25,25,25,528,5280,-1372.306,-1342.444,357.0909,-471.0841,-0.7896174,-0.1227293,-0.1305664,-0.130377,0.3882414,0.001376554,-0.3941585,1.616465,-0.1279963,4.013279E-05,0.9626201,0.1130557,24,24,24,24,24,24,24,24,24,24,24,24,24,24,24,24
529,5290,-1378.425,-1370.321,-1399.336,-1323.406,-1315.648,-1407.289,-1260.657,-395.0981,200.1685,364.5338,-164.4936,-1090.064,-1535.915,-1404.105,-1413.987,-1375.182,24,25,25,24,24,24,24,24,24,24,24,25,25,25,25,25,529,5290,-1310.27,-1333.627,359.9717,-473.2788,1.048869,-0.4908881,-0.6529636,0.2607539,0.9059318,0.5164568,0.2628184,-1.347086,-0.5119402,-0.3340508,-0.362074,-0.2260182,24,24,24,24,24,24,24,24,24,24,24,24,24,24,24,24
530,5300,-1401.15,-1371.771,-1418.044,-1440.84,-1370.089,-1366.558,-1272.902,-444.2499,189.1444,366.0106,-138.7407,-989.6727,-1523.06,-1345.373,-1340.881,-1397.952,24,25,25,24,24,24,24,24,24,24,24,25,25,25,25,25,530,5300,-1403.055,-1365.076,358.0075,-472.246,-0.001694406,-0.9817699,-0.1305664,1.434147,0.3882414,0.3876867,-0.2627638,0.4041034,0.5119113,0.6682221,-0.0007938265,-0.7911424,24,24,24,24,24,24,24,24,24,24,24,24,24,24,24,24
531,5310,-1401.271,-1419.161,-1373.246,-1308.922,-1411.868,-1430.247,-1236.424,-393.7188,190.6308,368.9643,-170.4274,-1036.531,-1500.565,-1396.94,-1398.716,-1331.808,24,25,25,24,24,24,24,24,24,24,24,25,25,25,25,25,531,5310,-1363.443,-1408.89,354.472,-475.0862,-0.6582972,0.4908721,0.5224293,-0.130377,-0.3882943,-1.543865,-1.182533,-0.1347242,0.1279674,-0.2226872,-1.084634,2.88956E-05,24,24,24,24,24,24,24,24,24,24,24,24,24,24,24,24
532,5320,-1376.261,-1358.477,-1376.814,-1374.526,-1325.184,-1339.037,-1239.612,-417.2917,197.815,358.1341,-145.7427,-1004.284,-1512.349,-1288.322,-1293.188,-1378.917,24,25,25,24,24,24,24,24,24,24,24,25,25,25,25,25,532,5320,-1324.906,-1320.864,356.1743,-473.7952,0.1296257,0.9817506,3.210623E-05,0.5215079,-0.3882943,0.001376554,0.7884005,1.077637,0.1279674,-0.3340508,-0.2416471,-0.6781188,24,24,24,24,24,24,24,24,24,24,24,24,24,24,24,24
533,5330,-1387.081,-1387.969,-1371.524,-1351.279,-1419.234,-1386.552,-1219.205,-398.3582,193.6036,375.6101,-147.6415,-1012.85,-1480.808,-1328.902,-1334.323,-1306.507,24,25,25,24,24,24,24,24,24,24,24,25,25,25,25,25,533,5330,-1426.015,-1445.068,356.3052,-471.8587,-0.1330153,-9.631868E-06,0.3918308,-1.694904,-2.729029E-05,-0.7712442,-0.7883459,-0.4041371,-1.44478E-05,-0.7795055,0.4809132,-0.4520685,24,24,24,24,24,24,24,24,24,24,24,24,24,24,24,24
534,5340,-1301.491,-1299.496,-1347.408,-1354.565,-1293.316,-1349.157,-1259.127,-421.304,197.5673,359.1187,-135.8925,-1019.274,-1531.868,-1300.615,-1334.204,-1391.326,24,25,25,24,24,24,24,24,24,24,24,25,25,25,25,25,534,5340,-1337.394,-1394.55,363.7692,-465.1457,0.7862277,0.4908721,-0.5223635,-0.6518849,1.035354,0.7739968,1.05119,-0.2694306,-1.53579,4.013279E-05,-0.0007938265,0.3391027,24,24,24,24,24,24,24,24,24,24,24,24,24,24,24,24
535,5350,-1358.71,-1368.146,-1324.03,-1328.518,-1355.845,-1320.031,-1197.65,-403.7498,195.7093,366.7491,-159.1531,-995.0891,-1491.282,-1379.032,-1343.266,-1327.592,24,25,25,24,24,24,24,24,24,24,24,25,25,25,25,25,535,5350,-1350.419,-1342.707,361.805,-476.3771,0.5235875,-1.595371,-0.5223635,0.6518849,-0.5177161,-0.2561635,0.1314236,-0.4041371,-0.1279963,-0.4454145,-0.4825008,-0.339045,24,24,24,24,24,24,24,24,24,24,24,24,24,24,24,24
536,5360,-1382.151,-1369.717,-1400.197,-1301.011,-1330.857,-1451.724,-1274.177,-399.7375,202.2742,365.2722,-146.8108,-1033.381,-1496.757,-1261.586,-1311.073,-1354.218,24,25,25,24,24,24,24,24,24,24,24,25,25,25,25,25,536,5360,-1310.27,-1383.367,352.2459,-477.4099,-0.7896174,-0.1227293,0.7836279,1.043012,0.7765084,-0.9000146,-1.182533,-0.5388436,-0.2559765,-0.3340508,-0.2416471,0.1130557,24,24,24,24,24,24,24,24,24,24,24,24,24,24,24,24
537,5370,-1363.278,-1368.266,-1300.284,-1336.916,-1377.695,-1311.763,-1193.696,-414.157,188.6489,360.1033,-180.5149,-1001.135,-1510.325,-1442.556,-1372.716,-1351.808,24,25,25,24,24,24,24,24,24,24,24,25,25,25,25,25,537,5370,-1421.316,-1413.626,353.8172,-465.1457,0.5235875,0.12271,0.2612307,0.1303738,0.3882414,-0.9000146,1.05119,1.481759,0.7678734,0.3341311,-0.362074,0.2260792,24,24,24,24,24,24,24,24,24,24,24,24,24,24,24,24
538,5380,-1488.93,-1429.922,-1513.184,-1363.328,-1375.159,-1586.018,-1333.869,-399.3613,209.4584,373.6409,-150.2524,-1070.414,-1544.008,-1365.186,-1420.788,-1376.989,24,25,25,24,24,24,24,24,24,24,24,25,25,25,25,25,538,5380,-1356.193,-1387.051,357.2218,-464.3712,-0.2643354,-0.2454489,-0.6529636,-0.6518881,-1.423675,-0.9000142,0.2628184,-0.6735517,-0.2559765,-1.336325,-0.1212203,-0.4520685,24,24,24,24,24,24,24,24,24,24,24,24,24,24,24,24
539,5390,-1392.492,-1392.201,-1343.717,-1408.598,-1368.761,-1303.988,-1228.771,-444.1246,190.1353,362.6877,-148.9469,-988.9169,-1537.343,-1382.612,-1331.7,-1355.302,24,25,25,24,24,24,24,24,24,24,24,25,25,25,25,25,539,5390,-1271.464,-1284.546,359.7098,-461.9183,0.5235875,0.6135917,-0.391765,-0.1303802,1.423621,1.031537,3.210623E-05,0.4041034,-0.1279963,-0.1113235,-0.0007938265,2.88956E-05,24,24,24,24,24,24,24,24,24,24,24,24,24,24,24,24
540,5400,-1386.961,-1414.93,-1394.043,-1284.579,-1313.716,-1373.716,-1229.153,-396.7282,199.7968,370.3181,-127.9412,-974.3054,-1428.32,-1243.086,-1272.084,-1262.652,24,25,25,24,24,24,24,24,24,24,24,25,25,25,25,25,540,5400,-1382.511,-1364.682,361.674,-463.3384,0.3922667,-0.8590503,-0.7835621,-0.782265,-0.2588725,-1.286325,0.2628216,-0.269429,-0.1279963,-0.1113235,0.4809132,-0.1129947,24,24,24,24,24,24,24,24,24,24,24,24,24,24,24,24
541,5410,-1280.936,-1283.905,-1293.886,-1335.091,-1286.556,-1314.478,-1243.949,-426.9465,203.7605,371.1796,-130.7894,-983.8785,-1491.401,-1281.757,-1272.323,-1339.399,24,25,25,24,24,24,24,24,24,24,24,25,25,25,25,25,541,5410,-1293.351,-1334.022,360.4955,-457.6581,-1.44622,-1.227209,0.3918308,0.7822586,0.1293961,0.2589166,0.1314268,-0.9429631,0.1279128,-0.4454145,-1.445915,-0.4520685,24,24,24,24,24,24,24,24,24,24,24,24,24,24,24,24
542,5420,-1352.7,-1375.035,-1329.321,-1278.128,-1362.605,-1371.372,-1194.971,-377.5439,195.5854,370.9334,-150.8457,-1011.338,-1479.499,-1332.244,-1340.046,-1298.315,24,25,25,24,24,24,24,24,24,24,24,25,25,25,25,25,542,5420,-1305.57,-1277.309,359.0551,-462.9511,-0.1330153,-0.1227293,0.6530294,0.3911277,0.1293961,-1.801405,-0.3941553,0.8082261,1.023782,-0.1113235,0.7217665,-0.339045,24,24,24,24,24,24,24,24,24,24,24,24,24,24,24,24
543,5430,-1329.981,-1321.856,-1335.719,-1339.472,-1300.317,-1346.565,-1256.066,-418.5456,203.3889,366.1337,-128.5346,-1020.155,-1548.769,-1292.141,-1332.535,-1434.457,24,25,25,24,24,24,24,24,24,24,24,25,25,25,25,25,543,5430,-1276.029,-1286.52,351.3293,-469.7932,0.2609466,-9.631868E-06,-0.5223635,-0.5215111,-0.7765613,-0.3849336,3.210623E-05,-0.808255,-0.639975,0.1114038,0.3604349,-0.1129947,24,24,24,24,24,24,24,24,24,24,24,24,24,24,24,24
544,5440,-1493.86,-1479.37,-1390.597,-1385.481,-1411.264,-1370.261,-1217.036,-403.1229,199.673,366.2567,-168.2912,-1002.521,-1492.71,-1356.831,-1326.216,-1301.447,24,25,25,24,24,24,24,24,24,24,24,25,25,25,25,25,544,5440,-1331.888,-1324.943,358.7932,-447.4596,-0.2643354,-0.7363306,-0.1305664,0.1303738,1.294199,0.6452268,0.5256143,0.9429326,-6.902839E-05,0.3341311,-0.2416985,-0.1129947,24,24,24,24,24,24,24,24,24,24,24,24,24,24,24,24
545,5450,-1329.74,-1330.316,-1353.806,-1286.892,-1270.38,-1357.673,-1229.281,-380.9294,212.1834,374.8716,-133.4003,-1007.433,-1469.025,-1250.367,-1292.592,-1342.772,24,25,25,24,24,24,24,24,24,24,24,25,25,25,25,25,545,5450,-1305.704,-1329.68,372.5426,-451.0742,0.1296257,0.7363114,-0.5223635,-0.3911341,-0.3882943,-0.7712442,-0.2627574,-1.44478E-05,-1.023919,-0.6681418,0.3604349,-0.1129947,24,24,24,24,24,24,24,24,24,24,24,24,24,24,24,24
546,5460,-1327.817,-1350.621,-1289.825,-1311.6,-1346.309,-1328.053,-1207.981,-417.1663,189.8875,364.2876,-159.2718,-987.0275,-1481.165,-1364.59,-1330.15,-1340.001,24,25,25,24,24,24,24,24,24,24,24,25,25,25,25,25,546,5460,-1379.825,-1382.577,364.5548,-459.4655,0.6549076,-0.8590503,-0.5223635,-0.1303802,0.9059318,0.5164568,0.3942195,-0.538842,-0.1280493,-0.3340508,-1.084686,-0.9041691,24,24,24,24,24,24,24,24,24,24,24,24,24,24,24,24
547,5470,-1351.738,-1347.358,-1395.766,-1319.389,-1340.635,-1465.055,-1280.682,-405.2545,198.0627,374.2563,-148.1162,-1027.335,-1495.924,-1317.683,-1346.843,-1336.628,24,25,25,24,24,24,24,24,24,24,24,25,25,25,25,25,547,5470,-1304.362,-1350.602,358.6623,-457.7872,-0.3956563,-0.1227293,0.7836279,-3.210623E-06,0.5176631,-0.7712442,-0.5255501,0.8082261,-6.902839E-05,0.4454948,0.4808618,-0.9041691,24,24,24,24,24,24,24,24,24,24,24,24,24,24,24,24
548,5480,-1336.472,-1329.349,-1311.48,-1336.064,-1345.584,-1350.268,-1247.52,-431.2097,193.3558,363.5492,-140.2835,-994.4593,-1520.68,-1315.893,-1307.139,-1344.459,24,25,25,24,24,24,24,24,24,24,24,25,25,25,25,25,548,5480,-1279.521,-1264.808,363.2454,-459.2073,-0.9209383,0.7363114,0.1306322,0.1303738,0.2588179,-1.286325,-0.2627574,0.134692,-0.8959371,0.1114038,-0.602979,2.88956E-05,24,24,24,24,24,24,24,24,24,24,24,24,24,24,24,24
549,5490,-1323.129,-1345.545,-1303.606,-1273.868,-1335.927,-1351.255,-1199.563,-380.4278,199.4252,366.5029,-169.1219,-1015.495,-1474.143,-1383.448,-1364.727,-1321.688,24,25,25,24,24,24,24,24,24,24,24,25,25,25,25,25,549,5490,-1303.556,-1353.76,354.7339,-463.7256,0.6549068,1.227193,-0.6529636,1.434143,-0.1294491,0.001376554,0.1314268,0.404105,0.8958007,0.6682221,0.6012886,2.88956E-05,24,24,24,24,24,24,24,24,24,24,24,24,24,24,24,24
550,5500,-1410.65,-1372.013,-1431.459,-1387.184,-1324.822,-1427.786,-1288.335,-408.64,216.271,374.8716,-127.3478,-1027.965,-1543.056,-1270.418,-1311.908,-1420.963,24,25,25,24,24,24,24,24,24,24,24,25,25,25,25,25,550,5500,-1351.359,-1335.206,351.5912,-465.0166,-0.7896181,-0.9817699,3.210623E-05,-0.782265,-2.729029E-05,0.001376554,-0.7883395,0.2693985,-0.3840129,-0.4454145,-0.8438323,0.5651531,24,24,24,24,24,24,24,24,24,24,24,24,24,24,24,24
551,5510,-1357.268,-1383.738,-1329.321,-1312.33,-1376.367,-1360.021,-1209.001,-403.7498,191.2501,369.8258,-165.9177,-987.5314,-1463.788,-1423.091,-1387.143,-1316.387,24,25,25,24,24,24,24,24,24,24,24,25,25,25,25,25,551,5510,-1332.56,-1366.129,357.4838,-457.1418,0.9175478,0.3681525,-0.652962,-0.912642,0.2588179,0.5164568,1.051196,-0.1347209,-0.3840129,0.5568584,-0.2416985,-0.9041691,24,24,24,24,24,24,24,24,24,24,24,24,24,24,24,24
552,5520,-1349.815,-1325.482,-1349.5,-1321.094,-1270.743,-1319.179,-1229.026,-403.7498,207.8481,371.1796,-136.0112,-1015.495,-1514.967,-1297.87,-1327.289,-1401.446,24,25,25,24,24,24,24,24,24,24,24,25,25,25,25,25,552,5520,-1392.716,-1369.813,353.8173,-461.9183,-0.001695209,-0.8590503,0.2612323,0.7822554,-2.729029E-05,0.1301466,-0.6569448,-1.88591,-6.902839E-05,0.6682221,-0.4825522,-0.4520685,24,24,24,24,24,24,24,24,24,24,24,24,24,24,24,24
553,5530,-1390.208,-1390.508,-1335.227,-1402.879,-1436.984,-1330.161,-1212.7,-423.9371,198.1866,371.918,-164.0189,-1004.41,-1535.201,-1417.837,-1369.854,-1367.832,24,25,25,24,24,24,24,24,24,24,24,25,25,25,25,25,553,5530,-1337.528,-1335.733,353.2935,-457.6581,0.1296249,-0.1227293,0.9142296,1.043009,0.5177145,-0.1273935,-0.9197375,-1.44478E-05,-0.7679569,-0.3340508,-0.2416985,-0.1129947,24,24,24,24,24,24,24,24,24,24,24,24,24,24,24,24
554,5540,-1427.845,-1420.371,-1417.428,-1338.377,-1355.362,-1426.799,-1264.101,-399.612,195.7093,368.2259,-155.4742,-1051.142,-1503.303,-1386.551,-1419.237,-1362.893,24,25,25,24,24,24,24,24,24,24,24,25,25,25,25,25,554,5540,-1259.916,-1242.702,355.9124,-454.9471,-0.2643362,-9.631868E-06,3.531685E-05,-6.421245E-06,-0.388243,-0.7712442,0.657009,0.8082261,0.1279128,0.4454948,-0.0008451964,-0.9041691,24,24,24,24,24,24,24,24,24,24,24,24,24,24,24,24
555,5550,-1415.941,-1406.709,-1375.83,-1387.306,-1345.222,-1352.124,-1245.352,-420.6771,203.0174,374.7486,-132.6882,-982.2411,-1509.492,-1316.728,-1316.319,-1373.736,24,25,25,24,24,24,24,24,24,24,24,25,25,25,25,25,555,5550,-1309.867,-1328.101,357.7457,-451.9779,-0.001695209,0.4908721,0.5224309,-0.1303834,-0.5176647,-0.3849336,0.1314236,-1.481789,0.3838765,-1.113598,-0.2416985,0.2260792,24,24,24,24,24,24,24,24,24,24,24,24,24,24,24,24
556,5560,-1354.984,-1396.674,-1331.905,-1298.333,-1386.148,-1408.527,-1223.159,-391.5872,190.3831,366.5029,-165.799,-1015.495,-1470.215,-1438.376,-1423.532,-1365.543,24,25,25,24,24,24,24,24,24,24,24,25,25,25,25,25,556,5560,-1250.517,-1225.332,359.448,-453.7852,0.5235868,0.7363114,-0.2611633,-1.173399,0.6471379,0.3876867,0.2628184,0.9429326,0.2558947,-0.6681418,-0.0008451964,-0.9041691,24,24,24,24,24,24,24,24,24,24,24,24,24,24,24,24
557,5570,-1422.674,-1388.695,-1447.09,-1389.739,-1314.32,-1431.119,-1300.324,-412.903,214.0414,379.6714,-145.7426,-1068.651,-1558.172,-1366.499,-1408.738,-1413.253,24,25,25,24,24,24,24,24,24,24,24,25,25,25,25,25,557,5570,-1322.355,-1353.102,356.6981,-456.8836,-0.2643362,-0.9817699,-0.914159,-0.1303834,0.5177145,-0.5137036,0.2628184,-0.1347209,-1.663772,-0.4454145,-0.4825522,0.3391027,24,24,24,24,24,24,24,24,24,24,24,24,24,24,24,24
558,5580,-1393.935,-1400.785,-1313.941,-1429.16,-1422.373,-1297.832,-1201.731,-419.5486,199.1775,377.21,-138.5034,-976.1948,-1488.544,-1310.88,-1298.911,-1290.483,24,25,25,24,24,24,24,24,24,24,24,25,25,25,25,25,558,5580,-1292.545,-1276.519,354.2101,-452.107,0.2609458,-1.227209,-0.3917634,0.3911245,-0.388243,0.7739968,0.1314236,0.2693985,0.2559476,9.150275E-05,-0.9642591,-0.6781188,24,24,24,24,24,24,24,24,24,24,24,24,24,24,24,24
559,5590,-1293.077,-1294.904,-1309.02,-1268.513,-1282.814,-1337.564,-1210.021,-386.6971,202.1503,375.1178,-126.0423,-990.3026,-1449.862,-1302.644,-1319.181,-1286.628,24,25,25,24,24,24,24,24,24,24,24,25,25,25,25,25,559,5590,-1212.248,-1230.464,350.6746,-461.1437,0.5235868,-0.2454489,3.531685E-05,-0.1303834,-0.2588211,-1.028785,0.1314236,0.6735196,1.279799,0.7796371,0.60134,-0.7911424,24,24,24,24,24,24,24,24,24,24,24,24,24,24,24,24
560,5600,-1344.406,-1334.426,-1324.892,-1383.046,-1320.114,-1314.86,-1227.24,-412.903,210.9448,378.3176,-124.7369,-963.0948,-1479.737,-1288.322,-1275.423,-1290.604,24,25,25,24,24,24,24,24,24,24,24,25,25,25,25,25,560,5600,-1359.415,-1328.232,350.2817,-448.105,0.3922659,0.12271,-0.2611633,0.3911245,-0.9059334,-0.6424737,-0.1313691,-0.538842,-1.151846,0.1114552,-0.2416471,0.3391027,24,24,24,24,24,24,24,24,24,24,24,24,24,24,24,24
561,5610,-1294.88,-1285.839,-1319.355,-1271.556,-1300.8,-1335.713,-1198.797,-376.0392,202.1503,375.2409,-141.4703,-1010.834,-1466.763,-1328.544,-1331.223,-1293.736,24,24,25,24,24,24,24,24,24,24,24,25,25,25,25,25,561,5610,-1332.56,-1443.095,361.805,-442.4248,-0.1330161,-0.4908881,0.6530311,-0.1303834,0.6471379,-0.3849336,2.88956E-05,0.404105,1.023837,-0.3339995,-0.4825008,0.904227,24,24,24,24,24,24,24,24,24,24,24,24,24,24,24,24
562,5620,-1334.188,-1311.595,-1289.456,-1310.991,-1309.371,-1290.305,-1190.89,-396.3519,206.6095,368.9643,-140.5209,-964.7323,-1443.435,-1282.831,-1253.365,-1262.531,24,24,25,24,24,24,24,24,24,24,24,25,25,25,25,25,562,5620,-1441.725,-1411.784,356.5672,-455.3344,-0.6582981,-0.2454489,-1.044759,-0.3911373,0.1294475,-0.2561635,-0.6569512,-0.269429,-0.8958842,-0.5567268,-0.2416471,0.4521295,24,24,24,24,24,24,24,24,24,24,24,24,24,24,24,24
563,5630,-1285.504,-1282.23,-1305.328,-1262.062,-1271.225,-1310.665,-1195.099,-377.4184,203.2651,368.8412,-136.6046,-994.4593,-1448.434,-1277.46,-1286.631,-1276.387,24,24,25,24,24,24,24,24,24,24,24,25,25,25,25,25,563,5630,-1304.765,-1335.075,352.7697,-445.394,1.048868,-0.3681685,-0.1305648,0.6518784,0.3882927,0.1301466,-0.2627638,-1.44478E-05,0.1279674,1.002364,0.3604863,-0.4520685,24,24,24,24,24,24,24,24,24,24,24,24,24,24,24,24
564,5640,-1301.732,-1288.756,-1289.21,-1314.277,-1288.608,-1305.729,-1211.424,-408.6399,212.3073,381.5175,-118.5657,-954.7814,-1478.189,-1293.931,-1273.515,-1335.182,24,24,25,24,24,24,24,24,24,24,24,25,25,25,25,25,564,5640,-1270.39,-1262.176,357.6147,-449.396,-0.5269772,-0.4908881,-0.2611633,0.9126323,-0.2588211,-0.6424737,-0.5255532,-0.6735485,-0.2559765,-0.4453631,-0.4825008,-1.130219,24,24,24,24,24,24,24,24,24,24,24,24,24,24,24,24
565,5650,-1339.718,-1356.668,-1341.133,-1282.145,-1359.587,-1413.712,-1206.96,-361.6196,206.9811,381.3944,-152.1512,-1013.606,-1454.742,-1372.348,-1389.41,-1326.146,24,24,25,24,24,24,24,24,24,24,24,25,25,25,25,25,565,5650,-1272.807,-1254.939,348.5794,-455.4635,0.3922659,0.9817506,-0.5223619,-0.1303834,0.3882927,-1.415095,2.88956E-05,-1.44478E-05,-0.7679023,-0.1112722,0.119633,0.2260792,24,24,24,24,24,24,24,24,24,24,24,24,24,24,24,24
566,5660,-1373.256,-1360.535,-1368.94,-1384.385,-1311.423,-1358.413,-1250.453,-416.7901,205.4947,370.0719,-134.4684,-1013.48,-1525.441,-1301.451,-1313.577,-1350.483,24,24,25,24,24,24,24,24,24,24,24,25,25,25,25,25,566,5660,-1196.538,-1212.305,346.6152,-448.8796,-0.3956571,-0.2454457,-0.5223619,0.2607475,-0.77651,0.1301466,0.7884005,-0.6735485,-1.44478E-05,-0.6680905,1.3239,-0.1129947,24,24,24,24,24,24,24,24,24,24,24,24,24,24,24,24
567,5670,-1314.233,-1327.062,-1270.877,-1254.394,-1344.86,-1313.244,-1160.151,-368.7667,207.3527,383.6096,-137.1979,-974.1794,-1437.365,-1311.596,-1307.019,-1270.001,24,24,25,24,24,24,24,24,24,24,24,25,25,25,25,25,567,5670,-1237.358,-1232.306,357.8766,-444.2321,0.5235868,-0.6136078,-1.175409,-1.434153,2.407967E-05,0.001376554,-1.313928,0.134692,-0.8958842,-0.1112722,-1.445915,0.2260792,24,24,24,24,24,24,24,24,24,24,24,24,24,24,24,24
568,5680,-1278.532,-1271.234,-1281.212,-1262.792,-1237.305,-1288.684,-1192.803,-388.4526,210.2016,369.3335,-127.4664,-994.7112,-1482.95,-1254.544,-1267.077,-1316.628,24,24,25,24,24,24,24,24,24,24,24,25,25,25,25,25,568,5680,-1355.656,-1348.76,351.1984,-450.4287,0.9175478,0.3681557,0.1305825,1.043012,0.6471379,-0.6424737,1.05119,1.347054,-0.7679023,0.2228188,0.119633,-0.9041691,24,24,24,24,24,24,24,24,24,24,24,24,24,24,24,24
569,5690,-1298.366,-1325.733,-1277.644,-1286.648,-1369.969,-1315.218,-1169.589,-389.0795,189.516,366.626,-153.1006,-973.1718,-1448.791,-1369.722,-1340.166,-1284.218,24,24,25,24,24,24,24,24,24,24,24,25,25,25,25,25,569,5690,-1256.291,-1272.177,347.139,-455.2053,-0.5269772,-1.840807,0.1305825,0.6518816,-0.1293977,-0.1273935,-1.051135,-1.07767,-0.3839584,0.1114552,-0.0007938265,-0.2260182,24,24,24,24,24,24,24,24,24,24,24,24,24,24,24,24
570,5700,-1353.902,-1316.549,-1361.065,-1324.745,-1270.139,-1320.401,-1232.214,-410.6462,202.1503,369.0874,-120.4645,-999.2458,-1527.345,-1316.37,-1347.558,-1421.445,24,24,25,24,24,24,24,24,24,24,24,25,25,25,25,25,570,5700,-1344.108,-1307.047,357.6147,-437.5192,-0.6582981,-0.6136078,-0.3918148,-0.782265,2.407967E-05,-0.6424737,-0.2627638,0.8082261,1.279799,-0.3339995,-0.0007938265,0.5651531,24,24,24,24,24,24,24,24,24,24,24,24,24,24,24,24
571,5710,-1358.951,-1378.057,-1326.614,-1307.34,-1350.534,-1312.503,-1175.456,-387.1987,199.0537,371.7949,-151.3205,-966.1179,-1424.035,-1361.248,-1334.681,-1277.953,24,24,25,24,24,24,24,24,24,24,24,25,25,25,25,25,571,5710,-1269.987,-1281.125,363.1145,-445.1358,-0.2643362,-0.6136078,-0.3918148,1.043012,-0.1293977,-1.286325,-0.1313626,0.2693985,-0.7679023,0.3341825,-0.2416471,0.3391027,24,24,24,24,24,24,24,24,24,24,24,24,24,24,24,24
572,5720,-1387.563,-1347.605,-1447.337,-1377.691,-1313.837,-1432.469,-1284.126,-405.3799,205.8663,368.472,-140.7582,-1051.016,-1538.89,-1339.048,-1397.284,-1405.06,24,24,25,24,24,24,24,24,24,24,24,25,25,25,25,25,572,5720,-1383.585,-1364.287,354.8648,-453.6562,0.3922659,-0.9817667,0.5223796,-0.782265,-1.035355,0.001376554,0.3942195,0.404105,-0.2559765,-1.002181,-0.7233541,2.88956E-05,24,24,24,24,24,24,24,24,24,24,24,24,24,24,24,24
573,5730,-1412.574,-1397.161,-1314.187,-1366.98,-1378.057,-1312.626,-1187.573,-392.7158,205.9901,371.3026,-147.2855,-970.1486,-1431.533,-1274.357,-1262.307,-1243.857,24,24,25,24,24,24,24,24,24,24,24,25,25,25,25,25,573,5730,-1356.73,-1441.516,352.115,-443.7157,0.6549068,0.7363146,-0.1306162,-0.3911341,0.2588693,0.001376554,0.3942195,1.751175,0.2559476,-0.1112722,0.7217665,-1.356267,24,24,24,24,24,24,24,24,24,24,24,24,24,24,24,24
574,5740,-1247.758,-1247.187,-1245.777,-1222.505,-1216.301,-1272.27,-1177.37,-381.3055,210.6971,376.8408,-105.8673,-954.4035,-1447.839,-1253.231,-1273.157,-1316.628,24,24,25,24,24,24,24,24,24,24,24,25,25,25,25,25,574,5740,-1321.146,-1309.284,359.8408,-446.4268,-0.3956571,-0.8590471,-0.6530133,-0.1303802,-0.2588211,-0.3849336,-0.6569448,-0.9429631,-0.5119402,0.2228188,-0.4825008,2.88956E-05,24,24,24,24,24,24,24,24,24,24,24,24,24,24,24,24
575,5750,-1282.979,-1307.486,-1242.086,-1268.878,-1343.532,-1282.884,-1166.528,-388.8288,199.5491,370.3181,-147.6415,-963.9766,-1444.863,-1310.88,-1288.181,-1263.495,24,24,25,24,24,24,24,24,24,24,24,25,25,25,25,25,575,5750,-1213.456,-1220.332,357.4838,-450.2997,-0.1330161,-0.490885,0.9141783,0.1303738,-1.035355,0.6452268,3.210623E-05,0.2693985,0.7678734,1.336455,-0.1212207,-1.017193,24,24,24,24,24,24,24,24,24,24,24,24,24,24,24,24
576,5760,-1255.572,-1259.029,-1294.747,-1258.654,-1245.151,-1313.12,-1193.823,-370.3968,217.1381,376.7177,-108.3595,-949.9947,-1415.584,-1208.592,-1233.334,-1278.315,24,24,25,24,24,24,24,24,24,24,24,25,25,25,25,25,576,5760,-1352.701,-1331.653,357.6147,-454.5598,-0.1330161,-1.472648,-1.605311E-05,0.3911277,0.2588693,-1.415095,-0.6569448,0.5388131,0.3839295,-0.4453631,-0.4825008,-0.226076,24,24,24,24,24,24,24,24,24,24,24,24,24,24,24,24
577,5770,-1271.199,-1285.251,-1254.021,-1282.145,-1338.342,-1289.795,-1164.87,-396.352,196.7002,371.5488,-138.6221,-951.1285,-1474.619,-1366.022,-1306.304,-1309.519,24,24,25,24,24,24,24,24,24,24,24,25,25,25,25,25,577,5770,-1251.188,-1290.862,359.0551,-450.9451,-0.3956571,0.2454328,0.2611809,0.3911277,-0.77651,-0.2561635,3.210623E-05,-0.1347209,-0.1279963,0.1114552,0.60134,0.2260214,24,24,24,24,24,24,24,24,24,24,24,24,24,24,24,24
578,5780,-1338.395,-1335.158,-1362.05,-1303.567,-1286.677,-1344.961,-1214.23,-370.5222,221.7211,373.641,-122.6007,-972.0381,-1443.911,-1216.112,-1234.169,-1264.7,24,24,25,24,24,24,24,24,24,24,24,25,25,25,25,25,578,5780,-1324.772,-1315.074,349.1032,-458.3036,0.5235868,0.7363146,0.2611809,-0.782265,0.9059832,0.3876867,0.1314268,0.8082261,-0.5119402,-1.113547,-1.084635,0.1129979,24,24,24,24,24,24,24,24,24,24,24,24,24,24,24,24
579,5790,-1243.791,-1260.963,-1226.829,-1209.968,-1251.549,-1240.182,-1125.331,-358.3596,204.9992,365.7645,-145.3866,-962.0872,-1378.568,-1258.841,-1282.815,-1257.953,24,24,25,24,24,24,24,24,24,24,24,25,25,25,25,25,579,5790,-1295.768,-1301.915,339.6751,-460.111,-0.3956571,-0.8590471,-1.04481,-0.6518881,-0.77651,-0.3849336,0.3942195,-0.1347209,-0.8958842,0.3341825,0.1196326,0.3390482,24,24,24,24,24,24,24,24,24,24,24,24,24,24,24,24
580,5800,-1290.552,-1267.125,-1306.682,-1317.077,-1285.349,-1350.638,-1225.837,-388.4526,217.1381,376.1024,-119.3964,-1007.559,-1513.777,-1266.241,-1310.954,-1373.374,24,24,25,24,24,24,24,24,24,24,24,25,25,25,25,25,580,5800,-1236.955,-1222.306,347.4009,-443.1994,0.2609458,-0.8590471,0.5223796,0.7822586,-0.5176647,0.1301466,-0.7883395,-0.1347209,-0.1279963,0.6682734,-0.6029276,-0.7912002,24,24,24,24,24,24,24,24,24,24,24,24,24,24,24,24
581,5810,-1359.912,-1377.332,-1297.823,-1326.57,-1432.154,-1359.647,-1192.42,-396.6028,192.1172,374.8717,-145.624,-954.1516,-1453.195,-1408.881,-1357.692,-1258.074,24,24,25,24,24,24,24,24,24,24,24,25,25,25,25,25,581,5810,-1272.135,-1305.731,354.0792,-455.8508,-0.1330161,0.1227132,-1.605311E-05,-0.782265,0.1294475,-1.286325,-0.5255501,-0.1347209,-0.5119402,-0.2226358,-0.2416475,-0.1130525,24,24,24,24,24,24,24,24,24,24,24,24,24,24,24,24
582,5820,-1415.339,-1361.864,-1464.814,-1407.259,-1308.526,-1468.264,-1313.971,-418.1694,200.4162,365.7645,-110.8517,-1015.873,-1551.983,-1294.647,-1343.862,-1423.734,24,24,25,24,24,24,24,24,24,24,24,25,25,25,25,25,582,5820,-1399.429,-1375.603,351.984,-449.1378,0.1296249,1.104473,0.9141783,0.9126356,-0.1293977,0.6452268,0.657009,-0.269429,-1.151846,-0.2226358,-0.6029276,-0.1130525,24,24,24,24,24,24,24,24,24,24,24,24,24,24,24,24
583,5830,-1414.738,-1450.245,-1315.417,-1308.8,-1387.355,-1351.132,-1188.849,-381.0547,209.7061,385.7018,-115.7175,-949.6168,-1451.529,-1323.054,-1308.092,-1275.905,24,24,25,24,24,24,24,24,24,24,24,25,25,25,25,25,583,5830,-1350.15,-1427.966,352.7697,-451.5907,-0.001695209,-0.7363274,-1.605311E-05,-0.912642,2.407967E-05,0.3876867,0.3942195,1.077641,1.791725,-0.1112722,-0.6029276,-0.3391027,24,24,24,24,24,24,24,24,24,24,24,24,24,24,24,24
584,5840,-1292.836,-1281.747,-1289.948,-1293.586,-1275.571,-1291.029,-1177.88,-389.0795,202.8935,365.2722,-124.1435,-942.815,-1427.486,-1252.396,-1260.638,-1318.194,24,24,25,24,24,24,24,24,24,24,24,25,25,25,25,25,584,5840,-1323.563,-1318.758,348.1866,-455.4636,0.3922659,1.104473,-1.04481,-0.912642,2.407967E-05,0.001376554,-0.9197375,-0.538842,-1.279828,-0.3339995,-0.2416475,0.5650953,24,24,24,24,24,24,24,24,24,24,24,24,24,24,24,24
585,5850,-1302.813,-1313.286,-1306.189,-1265.104,-1292.229,-1324.227,-1181.068,-374.7854,203.1412,366.2568,-135.8925,-956.4188,-1390.59,-1218.379,-1241.084,-1239.52,24,24,25,24,24,24,24,24,24,24,24,25,25,25,25,25,585,5850,-1266.093,-1273.361,343.0797,-455.4636,0.2609458,-1.472648,0.5223796,1.56452,0.7765597,1.289078,0.7884037,-0.1347209,0.5119113,0.2228188,-1.445915,-1.017251,24,24,24,24,24,24,24,24,24,24,24,24,24,24,24,24
586,5860,-1221.433,-1238.365,-1233.473,-1233.58,-1224.027,-1208.095,-1129.667,-380.5532,202.8935,372.6564,-114.1747,-900.6179,-1365.118,-1254.902,-1228.326,-1222.893,24,24,25,24,24,24,24,24,24,24,24,25,25,25,25,25,586,5860,-1381.705,-1349.023,356.3052,-446.4268,-0.7896181,-0.1227261,-0.3918148,-1.434153,-0.5176647,-1.286325,-0.1313626,0.404105,-1.44478E-05,-0.5567268,-0.8437814,-0.4521263,24,24,24,24,24,24,24,24,24,24,24,24,24,24,24,24
587,5870,-1259.298,-1245.858,-1274.322,-1227.738,-1221.25,-1291.029,-1173.161,-361.2435,213.1744,371.4257,-106.1047,-948.987,-1408.324,-1226.734,-1261.473,-1275.062,24,24,25,24,24,24,24,24,24,24,24,25,25,25,25,25,587,5870,-1321.281,-1393.103,361.5431,-450.8161,-0.2643362,-6.421245E-06,0.5223796,0.1303738,0.2588693,-1.157555,0.3942195,0.134692,-1.44478E-05,0.1114552,0.60134,0.5650953,24,24,24,24,24,24,24,24,24,24,24,24,24,24,24,24
588,5880,-1296.082,-1293.227,-1266.694,-1326.327,-1326.632,-1251.783,-1169.334,-412.4016,185.1807,356.2881,-133.4003,-938.2803,-1442.245,-1315.057,-1268.507,-1286.748,24,24,25,24,24,24,24,24,24,24,24,25,25,25,25,25,588,5880,-1372.171,-1351.26,353.9482,-462.4348,-0.001695209,-0.6136078,-0.2612146,-0.1303802,-0.6470882,0.1301466,-0.1313626,-0.2694258,0.2559476,-0.5567268,-0.6029276,0.1129979,24,24,24,24,24,24,24,24,24,24,24,24,24,24,24,24
589,5890,-1302.934,-1307.003,-1309.142,-1265.713,-1278.227,-1318.797,-1194.206,-382.434,192.241,362.8108,-117.0229,-965.4881,-1430.105,-1270.896,-1301.654,-1275.302,24,24,25,24,24,24,24,24,24,24,24,25,25,25,25,25,589,5890,-1270.524,-1305.336,353.2935,-457.5291,0.5235868,0.4908753,-0.1306162,-1.694907,-0.2588211,0.3876867,-0.2627574,0.5388147,-0.1279963,-0.5567268,-0.8437814,-0.5651498,24,24,24,24,24,24,24,24,24,24,24,24,24,24,24,24
590,5900,-1268.193,-1253.591,-1245.531,-1300.402,-1280.279,-1283.254,-1180.048,-390.5842,212.555,370.6873,-132.5696,-959.1899,-1478.07,-1265.644,-1235.003,-1289.037,24,24,25,24,24,24,24,24,24,24,24,25,25,25,25,25,590,5900,-1345.048,-1344.154,350.5436,-459.4655,0.2609458,-0.3681653,-1.04481,0.3911277,0.1294475,0.2589166,0.2628216,0.2694018,-0.8958842,0.5569098,0.60134,-0.226076,24,24,24,24,24,24,24,24,24,24,24,24,24,24,24,24
591,5910,-1274.564,-1286.822,-1285.273,-1221.774,-1277.623,-1358.043,-1202.624,-381.9324,195.3377,365.6414,-124.4996,-974.6833,-1431.89,-1298.467,-1311.669,-1281.568,24,24,25,24,24,24,24,24,24,24,24,25,25,25,25,25,591,5910,-1363.846,-1395.208,351.3293,-464.6294,0.3922659,-1.227206,-0.3918148,0.3911277,-1.423624,-1.028785,-1.182527,0.4041082,-0.2559765,-0.2226358,-1.325488,-0.6781766,24,24,24,24,24,24,24,24,24,24,24,24,24,24,24,24
592,5920,-1252.927,-1267.971,-1241.347,-1297.602,-1302.731,-1263.755,-1174.053,-408.3892,200.1684,364.1646,-131.3828,-955.0333,-1504.136,-1307.06,-1286.75,-1389.88,24,24,25,24,24,24,24,24,24,24,24,25,25,25,25,25,592,5920,-1384.391,-1360.734,353.0316,-467.0822,-0.1330161,0.6135949,0.7835782,0.5215046,0.7765597,0.001376554,0.5256143,0.2694018,-1.44478E-05,-0.3339995,0.9626201,-0.5651498,24,24,24,24,24,24,24,24,24,24,24,24,24,24,24,24
593,5930,-1380.107,-1431.502,-1383.582,-1307.705,-1430.222,-1440.615,-1212.572,-386.9479,190.1353,370.195,-164.731,-982.7449,-1441.769,-1433.003,-1405.874,-1321.206,24,25,25,24,24,24,24,24,24,24,24,25,25,25,25,25,593,5930,-1347.196,-1352.181,345.6986,-481.0246,-0.3956571,-6.421245E-06,-0.9142104,-0.6518881,-0.9059334,-0.5137036,0.1314268,-0.1347193,-0.7679023,0.4455462,0.60134,0.3390482,24,24,24,24,24,24,24,24,24,24,24,24,24,24,24,24
594,5940,-1431.332,-1363.798,-1342.732,-1353.713,-1295.368,-1329.411,-1211.424,-396.1012,215.6517,375.8562,-115.7175,-945.964,-1462.598,-1252.038,-1251.696,-1298.676,24,25,25,24,24,24,24,24,24,24,24,25,25,25,25,25,594,5940,-1374.454,-1355.734,336.6633,-477.539,0.9175478,0.4908753,1.567174,-0.6518881,-0.2588211,0.5164568,0.5256143,-0.2694258,0.3839295,-0.7794541,-0.7233545,0.4520717,24,24,24,24,24,24,24,24,24,24,24,24,24,24,24,24
595,5950,-1281.056,-1285.131,-1262.141,-1232.12,-1264.707,-1288.561,-1168.059,-378.6724,196.4525,366.3798,-119.3965,-932.1083,-1400.349,-1284.144,-1289.731,-1237.23,24,25,25,24,24,24,24,24,24,24,24,25,25,25,25,25,595,5950,-1425.21,-1394.55,341.6393,-471.2133,0.2609458,0.2454328,-0.9142104,-0.3911341,-0.2588211,0.5164568,0.9198017,0.6735212,-0.8958842,9.150275E-05,0.4809132,-0.7912002,24,24,24,24,24,24,24,24,24,24,24,24,24,24,24,24
596,5960,-1285.383,-1268.697,-1273.83,-1294.56,-1263.5,-1256.473,-1188.211,-409.1415,199.9207,369.0874,-126.7544,-957.5524,-1474.857,-1304.434,-1299.865,-1363.134,24,25,25,24,24,24,24,24,24,24,24,25,25,25,25,25,596,5960,-1395.133,-1443.753,345.9605,-465.2748,0.9175478,-0.6136078,0.1305825,0.2607507,0.5177145,0.3876867,-0.3941553,0.1346937,0.3839295,0.8910007,-0.7233545,-0.7912002,24,24,24,24,24,24,24,24,24,24,24,24,24,24,24,24
597,5970,-1347.05,-1351.351,-1304.098,-1278.493,-1347.999,-1322.623,-1153.518,-353.2188,205.4947,368.8412,-150.6084,-992.444,-1417.489,-1294.289,-1305.588,-1266.387,24,25,25,24,24,24,24,24,24,24,24,25,25,25,25,25,597,5970,-1318.595,-1332.969,349.2342,-467.4695,-0.920939,0.3681557,0.6529797,-0.1303802,-0.388243,0.1301466,-0.7883395,0.5388147,0.2559476,-0.2226358,-0.362074,-0.3391027,24,24,24,24,24,24,24,24,24,24,24,24,24,24,24,24
598,5980,-1263.866,-1275.101,-1287.734,-1310.017,-1276.657,-1293.744,-1193.44,-399.3613,204.8754,360.5956,-137.0793,-963.0948,-1482.831,-1284.86,-1268.507,-1343.977,24,25,25,24,24,24,24,24,24,24,24,25,25,25,25,25,598,5980,-1351.627,-1356.129,347.2699,-474.4406,0.3922659,-0.1227261,-0.2612146,0.5215046,-0.1293977,-1.672635,3.210623E-05,0.5388147,-1.151846,0.1114552,0.2400595,-0.1130525,24,24,24,24,24,24,24,24,24,24,24,24,24,24,24,24
599,5990,-1338.996,-1376.849,-1339.41,-1252.933,-1325.667,-1382.602,-1209.511,-388.578,190.6308,361.0878,-135.5365,-991.5623,-1456.29,-1284.741,-1305.35,-1276.026,24,25,25,24,24,24,24,24,24,24,24,25,25,25,25,25,599,5990,-1416.214,-1371.392,345.5677,-467.8568,-0.001695209,0.4908753,0.7835814,0.3911277,-0.5176647,0.3876867,1.445384,-0.5388404,0.5119113,-0.2226358,0.4809132,0.678122,24,24,24,24,24,24,24,24,24,24,24,24,24,24,24,24
600,6000,-1262.424,-1251.416,-1216.986,-1242.222,-1261.81,-1251.413,-1142.294,-367.8891,212.8027,371.1796,-130.9081,-934.1237,-1378.449,-1217.305,-1210.084,-1214.941,24,25,25,24,24,24,24,24,24,24,24,25,25,25,25,25,600,6000,-1298.454,-1297.441,341.6393,-478.1844,-0.6582981,-0.3681653,-0.6530101,-1.173396,-0.9059334,0.001376554,-1.051132,0.8082277,-0.7679023,9.150275E-05,0.4809132,0.2260214,24,24,24,24,24,24,24,24,24,24,24,24,24,24,24,24
601,6010,-1185.611,-1231.478,-1284.042,-1231.633,-1250.342,-1322.129,-1183.619,-367.6383,204.256,385.0865,-97.91601,-973.5497,-1432.604,-1300.018,-1332.535,-1306.146,24,25,25,24,24,24,24,24,24,24,24,25,25,25,25,25,601,6010,-1339.139,-1334.68,341.2464,-467.0822,0.5235868,-0.6136078,-0.2612131,-0.2607571,0.9059815,-0.5137036,0.2628216,-0.8082534,-0.5119402,-0.4453631,-0.0007938265,-0.226076,24,24,24,24,24,24,24,24,24,24,24,24,24,24,24,24
602,6020,-1323.129,-1312.32,-1302.621,-1347.871,-1311.061,-1294.484,-1220.863,-433.8428,194.4706,359.611,-129.0093,-951.7583,-1506.159,-1361.964,-1324.069,-1423.975,24,25,25,24,24,24,24,24,24,24,24,25,25,25,25,25,602,6020,-1332.157,-1366.392,351.1984,-467.3404,-0.001695209,-0.9817667,-0.3918115,0.3911277,0.3882911,0.3876867,-0.5255501,0.5388147,0.7678734,0.2228188,-1.566342,-1.130274,24,24,24,24,24,24,24,24,24,24,24,24,24,24,24,24
603,6030,-1390.569,-1407.197,-1392.812,-1344.706,-1441.452,-1464.931,-1228.133,-388.8288,182.7033,362.8108,-162.9508,-1011.716,-1470.572,-1406.612,-1397.165,-1303.736,24,25,25,24,24,24,24,24,24,24,24,25,25,25,25,25,603,6030,-1392.313,-1358.892,346.8771,-475.7316,-0.2643362,-6.421245E-06,-0.3918115,-1.173396,0.2588677,-2.316486,2.88956E-05,0.4041082,0.5119113,-0.1112722,0.9626201,0.2260214,24,24,24,24,24,24,24,24,24,24,24,24,24,24,24,24
604,6040,-1352.7,-1343.376,-1327.722,-1345.923,-1266.276,-1255.856,-1196.374,-420.4264,189.7637,357.5188,-119.3964,-932.8641,-1449.862,-1272.567,-1249.311,-1271.809,24,25,25,24,24,24,24,24,24,24,24,25,25,25,25,25,604,6040,-1268.913,-1314.284,342.5559,-473.537,0.5235868,0.7363146,0.5223827,0.2607507,-0.905935,0.2589166,0.7884005,0.1346937,0.6398916,0.2228188,-0.6029276,0.4520717,24,24,24,24,24,24,24,24,24,24,24,24,24,24,24,24
605,6050,-1272.882,-1288.031,-1301.145,-1255.611,-1272.191,-1310.282,-1185.277,-380.3024,193.8513,365.8875,-129.7213,-959.1899,-1435.58,-1364.351,-1337.423,-1283.616,24,25,25,24,24,24,24,24,24,24,24,25,25,25,25,25,605,6050,-1317.387,-1304.021,342.8178,-478.4427,-0.5269772,-0.2454457,-0.6530101,-1.825284,0.2588677,0.3876867,-1.182533,-1.284249E-05,-0.5119883,-1.22491,-0.7233545,-0.5651498,24,24,24,24,24,24,24,24,24,24,24,24,24,24,24,24
606,6060,-1342.723,-1314.616,-1361.311,-1333.265,-1259.758,-1298.557,-1213.975,-400.6152,211.9357,361.7032,-130.3147,-990.0505,-1516.871,-1283.786,-1296.05,-1400.844,24,25,25,24,24,24,24,24,24,24,24,25,25,25,25,25,606,6060,-1361.698,-1410.205,338.1037,-472.8915,0.7862269,0.2454328,-0.3918115,0.2607507,1.164827,0.7739968,0.1314236,-1.284249E-05,-1.407856,-0.2226872,-0.1212207,0.4520717,24,24,24,24,24,24,24,24,24,24,24,24,24,24,24,24
607,6070,-1390.328,-1409.978,-1341.625,-1318.537,-1406.192,-1341.999,-1160.406,-376.0392,190.6308,363.0569,-167.2231,-982.9968,-1420.821,-1352.773,-1365.204,-1346.025,24,25,25,24,24,24,24,24,24,24,24,25,25,25,25,25,607,6070,-1338.2,-1348.891,340.5917,-474.4406,0.3922659,-0.7363274,0.130584,-0.1303802,-0.6470898,-0.2561635,-1.051135,-0.5388404,-0.1280445,0.3341311,-0.9642078,-0.5651498,24,24,24,24,24,24,24,24,24,24,24,24,24,24,24,24
608,6080,-1394.897,-1365.973,-1320.462,-1331.317,-1287.884,-1328.177,-1240.887,-419.1725,195.4615,359.611,-123.0754,-1000.505,-1522.941,-1277.341,-1320.492,-1396.748,24,25,25,24,24,24,24,24,24,24,24,25,25,25,25,25,608,6080,-1496.106,-1500.454,337.318,-481.1537,-1.18358,-0.3681653,0.3917827,0.3911277,2.247436E-05,-0.7712442,-0.7883459,-0.5388404,-0.7679505,-0.4454145,-0.2416475,2.88956E-05,24,24,24,24,24,24,24,24,24,24,24,24,24,24,24,24
609,6090,-1387.322,-1392.928,-1346.301,-1348.479,-1381.68,-1341.012,-1189.614,-399.1105,191.1262,362.1954,-143.2505,-960.3235,-1435.58,-1295.96,-1275.9,-1253.616,24,25,25,24,24,24,24,24,24,24,24,25,25,25,25,25,609,6090,-1379.288,-1374.024,339.6751,-475.0862,-0.7896181,-0.3681653,-1.44478E-05,0.7822586,-0.1293993,0.001376554,0.9197953,0.5388147,-1.023914,-0.2226872,0.60134,-0.1129947,24,24,24,24,24,24,24,24,24,24,24,24,24,24,24,24
610,6100,-1266.391,-1267.71,-1317.509,-1295.898,-1291.626,-1363.596,-1225.199,-385.4433,198.4343,358.1341,-146.4547,-1035.775,-1507.588,-1298.944,-1361.508,-1411.807,24,25,25,24,24,24,24,24,24,24,24,25,25,25,25,25,610,6100,-1284.623,-1268.098,348.5794,-475.3444,0.2609458,0.2454328,-1.44478E-05,-0.912642,-1.16478,-0.5137036,-0.1313691,-0.9429599,0.8958055,0.3341311,0.3604863,-0.5650953,24,24,24,24,24,24,24,24,24,24,24,24,24,24,24,24
611,6110,-1423.035,-1390.145,-1327.352,-1395.458,-1415.249,-1359.03,-1212.572,-414.4078,189.5159,358.6264,-168.7659,-988.4131,-1512.586,-1410.911,-1346.962,-1305.664,24,25,25,24,24,24,24,24,24,24,24,25,25,25,25,25,611,6110,-1299.662,-1323.1,346.2224,-479.2172,-0.1330161,0.8590342,0.2611842,-3.210623E-06,0.9059815,1.289078,-0.2627638,-1.284249E-05,-1.279876,0.2227675,0.2400595,0.3391027,24,24,24,24,24,24,24,24,24,24,24,24,24,24,24,24
612,6120,-1420.871,-1420.975,-1502.107,-1392.781,-1328.202,-1435.431,-1267.29,-398.8597,200.54,360.2263,-149.0656,-1023.934,-1500.089,-1277.699,-1310.239,-1354.7,24,25,25,24,24,24,24,24,24,24,24,25,25,25,25,25,612,6120,-1372.977,-1357.971,337.8418,-485.1557,-0.3956571,-1.349926,-0.7836103,-3.210623E-06,0.3882911,-0.1273935,-0.5255532,-1.212374,0.1279176,0.2227675,-0.6029276,-0.4520685,24,24,24,24,24,24,24,24,24,24,24,24,24,24,24,24
613,6130,-1298.606,-1322.702,-1258.327,-1273.868,-1336.169,-1314.231,-1184.512,-400.8659,182.3317,350.1346,-178.7348,-1002.269,-1474.5,-1356.712,-1323.473,-1309.64,24,25,25,24,24,24,24,24,24,24,24,25,25,25,25,25,613,6130,-1341.019,-1350.339,339.5441,-478.3135,0.1296249,-0.490885,0.5223827,0.9126356,-0.6470898,-0.2561635,-1.313928,-0.5388404,0.1279176,-0.5567782,-0.9642078,-0.9041691,24,24,24,24,24,24,24,24,24,24,24,24,24,24,24,24
614,6140,-1364.601,-1317.142,-1414.844,-1339.229,-1306.353,-1423.705,-1276.09,-406.5084,197.9388,356.2881,-144.1999,-1047.867,-1544.841,-1303.599,-1356.739,-1438.553,24,25,25,24,24,24,24,24,24,24,24,25,25,25,25,25,614,6140,-1347.33,-1339.417,336.2704,-488.1249,-0.2643362,0.2454328,0.6529813,-0.5215111,0.1294459,-0.1273935,0.6570058,-0.1347193,-0.2560263,0.5568584,0.2400595,-0.7911424,24,24,24,24,24,24,24,24,24,24,24,24,24,24,24,24
615,6150,-1478.829,-1449.991,-1375.338,-1462.01,-1463.912,-1360.635,-1237.954,-437.2282,187.1625,360.5956,-154.7621,-976.6987,-1531.273,-1405.657,-1355.308,-1400.362,24,25,25,24,24,24,24,24,24,24,24,25,25,25,25,25,615,6150,-1323.966,-1310.205,336.9252,-482.961,0.3922659,0.2454328,-0.1306162,-0.6518881,-0.905935,0.5164568,-0.9197407,-0.9429599,0.3838813,0.1114038,-0.1212207,0.3391027,24,24,24,24,24,24,24,24,24,24,24,24,24,24,24,24
616,6160,-1420.991,-1433.548,-1421.736,-1300.402,-1406.555,-1540.101,-1277.621,-390.4587,189.7637,365.3953,-167.5792,-1059.707,-1510.444,-1406.97,-1452.047,-1390.844,24,25,25,24,24,24,24,24,24,24,24,25,25,25,25,25,616,6160,-1317.924,-1314.547,343.4725,-479.3463,0.5235868,-9.631868E-06,0.5223796,-0.5215111,0.6471363,1.417848,1.05119,0.6735212,-6.260714E-05,-0.2226872,-0.2416475,-0.1129947,24,24,24,24,24,24,24,24,24,24,24,24,24,24,24,24
617,6170,-1433.496,-1398.004,-1374.6,-1409.328,-1364.295,-1329.041,-1212.19,-410.8969,194.5945,357.0265,-152.1512,-977.4544,-1467.596,-1299.302,-1277.688,-1299.037,24,25,25,24,24,24,24,24,24,24,24,25,25,25,25,25,617,6170,-1433.938,-1388.761,336.5323,-484.7684,-0.1330161,-0.1227293,-1.567208,-0.1303802,-0.5176647,-0.1273935,-0.5255532,-0.2694258,-0.5119883,-0.4454145,-0.362074,0.3391027,24,24,24,24,24,24,24,24,24,24,24,24,24,24,24,24
618,6180,-1331.784,-1331.404,-1377.06,-1303.688,-1326.633,-1411.609,-1236.934,-384.5656,198.3105,358.5033,-156.7796,-1024.06,-1476.166,-1314.818,-1347.677,-1347.953,24,25,25,24,24,24,24,24,24,24,24,25,25,25,25,25,618,6180,-1344.779,-1379.025,330.116,-480.1209,0.6549068,-1.227209,0.9141783,1.303766,0.1294475,0.1301466,0.1314236,-0.1347193,-6.260714E-05,0.2227675,-1.325488,-0.4520685,24,24,24,24,24,24,24,24,24,24,24,24,24,24,24,24
619,6190,-1353.181,-1341.194,-1343.224,-1376.595,-1351.862,-1326.696,-1235.02,-433.7174,189.7637,355.9189,-147.4041,-992.8218,-1516.157,-1306.702,-1294.023,-1348.796,24,25,25,24,24,24,24,24,24,24,24,25,25,25,25,25,619,6190,-1405.338,-1381.13,338.8894,-466.824,-1.052259,-0.2454489,-0.2612146,-0.1303802,0.5177145,-0.7712442,-1.182533,0.5388147,0.2558995,-0.2226872,0.1196326,-0.339045,24,24,24,24,24,24,24,24,24,24,24,24,24,24,24,24
620,6200,-1317.239,-1331.162,-1345.316,-1294.316,-1317.338,-1353.847,-1197.777,-374.9107,197.0718,353.7036,-163.0695,-1018.77,-1463.074,-1324.725,-1343.266,-1307.953,24,25,25,24,24,24,24,24,24,24,24,25,25,25,25,25,620,6200,-1329.203,-1382.972,348.7104,-462.5638,0.3922659,0.6135917,0.2611809,0.5215046,-1.035355,0.001376554,-0.2627638,-0.538842,-0.7679505,-0.4454145,-0.362074,0.3391027,24,24,24,24,24,24,24,24,24,24,24,24,24,24,24,24
621,6210,-1315.315,-1305.66,-1300.53,-1356.512,-1332.789,-1287.45,-1195.099,-409.1415,195.5854,356.5342,-155.9489,-988.0353,-1511.277,-1335.228,-1317.392,-1396.145,24,25,25,24,24,24,24,24,24,24,24,25,25,25,25,25,621,6210,-1283.415,-1264.808,350.9365,-466.824,0.5235868,0.3681525,0.6529797,-0.5215111,2.407967E-05,0.001376554,1.05119,0.2693985,1.023839,-0.1113235,-0.1212207,-0.7911424,24,24,24,24,24,24,24,24,24,24,24,24,24,24,24,24
622,6220,-1303.294,-1399.938,-1389.735,-1307.218,-1387.959,-1444.565,-1238.592,-392.8411,181.8363,358.5033,-167.6978,-1025.32,-1471.167,-1384.761,-1392.75,-1338.796,24,25,25,24,24,24,24,24,24,24,24,25,25,25,25,25,622,6220,-1281.266,-1303.626,349.8889,-470.4387,-0.6582981,-0.1227293,-0.9142104,-0.782265,2.407967E-05,0.3876867,-0.1313691,0.134692,-1.151843,0.2228188,0.3604863,0.1130557,24,24,24,24,24,24,24,24,24,24,24,24,24,24,24,24
623,6230,-1367.245,-1345.666,-1358.728,-1372.579,-1321.925,-1342.863,-1241.015,-416.4139,196.4525,355.0574,-145.3866,-1014.109,-1522.227,-1284.86,-1292.712,-1352.049,24,25,25,24,24,24,24,24,24,24,24,25,25,25,25,25,623,6230,-1306.913,-1283.888,350.0198,-463.7256,0.9175478,-9.631868E-06,0.3917811,1.303766,1.164828,0.1301466,0.1314236,-0.538842,-0.7678991,9.150275E-05,0.8421933,0.4521295,24,24,24,24,24,24,24,24,24,24,24,24,24,24,24,24
624,6240,-1342.122,-1389.541,-1320.093,-1290.908,-1350.654,-1334.841,-1196.629,-400.4897,182.9511,356.5342,-159.5092,-976.1948,-1414.989,-1303.48,-1295.931,-1271.327,24,25,25,24,24,24,24,24,24,24,24,25,25,25,25,25,624,6240,-1291.068,-1308.889,342.9487,-471.2133,-0.5269772,-0.9817699,-1.605311E-05,0.5215046,-0.388243,-0.2561635,-1.313928,0.5388131,1.023839,0.3341825,-0.7233545,-1.469297,24,24,24,24,24,24,24,24,24,24,24,24,24,24,24,24
625,6250,-1311.829,-1307.111,-1336.703,-1311.478,-1273.277,-1343.974,-1244.459,-408.013,192.7365,353.3344,-139.5715,-1010.582,-1501.637,-1277.221,-1303.8,-1344.339,24,25,25,24,24,24,24,24,24,24,24,25,25,25,25,25,625,6250,-1290.263,-1293.23,343.0797,-461.531,-0.001695209,-9.631868E-06,0.5223796,0.3911277,0.9059832,-0.9000146,-0.5255532,0.2693985,0.127969,9.150275E-05,-0.0007938265,-0.3390514,24,24,24,24,24,24,24,24,24,24,24,24,24,24,24,24
626,6260,-1328.418,-1342.523,-1303.237,-1318.294,-1354.155,-1291.523,-1196.374,-424.9403,179.4828,360.5955,-152.7446,-967.2515,-1514.015,-1424.524,-1360.435,-1378.314,24,25,25,24,24,24,24,24,24,24,24,25,25,25,25,25,626,6260,-1299.528,-1290.467,351.7221,-455.4635,-0.7896181,0.3681525,0.1305825,-3.210623E-06,-1.423624,0.001376554,0.2628184,0.134692,0.7678766,0.6682734,1.3239,2.568498E-05,24,24,24,24,24,24,24,24,24,24,24,24,24,24,24,24
627,6270,-1389.486,-1401.389,-1405.859,-1295.412,-1325.908,-1419.015,-1262.698,-415.9124,178.9874,350.0115,-142.0637,-1025.95,-1500.684,-1325.56,-1407.187,-1410.361,24,25,25,24,24,24,24,24,24,24,24,25,25,25,25,25,627,6270,-1307.316,-1294.941,355.6505,-454.4307,0.2609458,0.2454328,-1.605311E-05,-1.173396,-0.1293977,0.001376554,0.1314236,1.077641,-0.3839552,-0.5567268,-1.686768,2.568498E-05,24,24,24,24,24,24,24,24,24,24,24,24,24,24,24,24
628,6280,-1532.82,-1462.685,-1389.735,-1517.004,-1442.176,-1343.85,-1264.994,-468.0735,175.3953,342.7503,-171.2581,-1023.431,-1597.687,-1386.432,-1358.885,-1451.444,24,25,25,24,24,24,24,24,24,24,24,25,25,25,25,25,628,6280,-1362.504,-1359.287,353.2935,-454.5598,-0.3956571,-0.1227293,-0.2612146,-0.6518881,0.1294475,0.5164568,0.5256078,1.347054,-0.8958809,0.6682734,0.3604863,-0.6781253,24,24,24,24,24,24,24,24,24,24,24,24,24,24,24,24
629,6290,-1467.165,-1500.769,-1440.567,-1348.114,-1425.875,-1508.503,-1283.615,-409.2668,182.4556,361.9493,-171.3768,-1033.633,-1498.304,-1360.89,-1364.966,-1307.712,24,25,25,24,24,24,24,24,24,24,24,25,25,25,25,25,629,6290,-1357.132,-1336.785,355.7815,-453.2689,0.1296249,-0.613611,-0.2612146,0.6518816,-0.6470882,-0.3849336,-1.051135,-1.481789,-0.1279931,0.3341825,-0.362074,-0.6781253,24,24,24,24,24,24,24,24,24,24,24,24,24,24,24,24
630,6300,-1331.543,-1307.352,-1302.621,-1327.179,-1308.526,-1300.655,-1210.914,-415.5362,187.0387,349.15,-145.0306,-966.8737,-1436.532,-1254.425,-1253.842,-1271.447,24,25,25,24,24,24,24,24,24,24,24,25,25,25,25,25,630,6300,-1383.585,-1450.33,356.6981,-444.7485,0.2609458,0.2454296,0.7835782,0.3911277,0.1294475,0.001376554,-0.1313691,0.6735196,-1.123718E-05,-1.22491,-1.205061,0.4521231,24,24,24,24,24,24,24,24,24,24,24,24,24,24,24,24
631,6310,-1263.986,-1279.554,-1276.291,-1227.982,-1262.896,-1324.968,-1200.455,-388.0764,182.4556,350.5038,-159.2718,-1011.842,-1464.026,-1321.025,-1337.662,-1313.736,24,25,25,24,24,24,24,24,24,24,24,25,25,25,25,25,631,6310,-1375.797,-1381.656,356.6981,-456.8836,-0.001695209,0.3681493,0.1305825,-0.2607571,0.1294475,-0.6424745,1.05119,0.6735196,0.3839327,0.6682734,0.60134,-0.5650985,24,24,24,24,24,24,24,24,24,24,24,24,24,24,24,24
632,6320,-1348.493,-1320.768,-1353.314,-1402.514,-1346.792,-1375.691,-1261.295,-428.4511,190.0114,349.7654,-156.6609,-1030.736,-1537.581,-1295.96,-1320.492,-1395.904,24,25,25,24,24,24,24,24,24,24,24,25,25,25,25,25,632,6320,-1261.93,-1301.915,351.3293,-458.3036,0.7862269,0.1227068,0.1305825,-0.5215079,-1.035355,-1.028785,-0.2627638,-0.9429631,-1.023863,-1.22491,-1.445915,0.2260728,24,24,24,24,24,24,24,24,24,24,24,24,24,24,24,24
633,6330,-1375.78,-1406.104,-1342.979,-1327.666,-1396.17,-1376.678,-1213.338,-403.3737,185.8,351.9806,-176.4799,-1011.464,-1484.021,-1348.835,-1322.996,-1293.736,24,25,25,24,24,24,24,24,24,24,24,25,25,25,25,25,633,6330,-1375.125,-1357.971,350.9365,-452.2361,0.1296249,0.8590278,-0.1306162,-0.5215079,0.6471379,0.6452268,2.88956E-05,0.6735196,-1.151843,9.150275E-05,0.4809132,-0.5650985,24,24,24,24,24,24,24,24,24,24,24,24,24,24,24,24
634,6340,-1313.031,-1293.937,-1351.222,-1293.342,-1283.78,-1385.811,-1252.877,-399.4866,190.0114,352.5959,-152.6259,-1043.333,-1522.703,-1300.257,-1340.523,-1360.844,24,25,25,24,24,24,24,24,24,24,24,25,25,25,25,25,634,6340,-1337.528,-1375.208,361.2812,-447.5887,0.5235868,-0.4908914,-1.605311E-05,0.6518849,0.2588693,-1.286325,-0.7883459,-0.9429631,-0.1279931,-0.4453631,-0.7233545,-0.7911488,24,24,24,24,24,24,24,24,24,24,24,24,24,24,24,24
635,6350,-1325.292,-1344.215,-1296.1,-1314.277,-1349.327,-1329.534,-1211.042,-413.4046,188.0296,354.6881,-161.5266,-995.2151,-1471.048,-1326.157,-1298.554,-1308.796,24,25,25,24,24,24,24,24,24,24,24,25,25,25,25,25,635,6350,-1356.864,-1342.312,354.0792,-460.8856,-0.3956571,0.2454296,1.044777,0.7822618,0.3882927,0.001376554,-0.3941585,0.8082261,0.7678766,-0.6680905,-1.325488,-0.4520749,24,24,24,24,24,24,24,24,24,24,24,24,24,24,24,24
636,6360,-1331.303,-1324.031,-1363.28,-1295.168,-1290.057,-1363.103,-1245.607,-422.3072,176.3862,351.2422,-138.3847,-991.9401,-1468.192,-1362.083,-1367.708,-1308.796,24,25,25,24,24,24,24,24,24,24,24,25,25,25,25,25,636,6360,-1373.246,-1423.361,350.6746,-458.0454,-0.6582981,-0.3681718,-0.7836119,-1.303773,0.2588693,-1.028785,-0.2627638,-0.4041355,0.2559508,0.2228188,0.1196326,2.568498E-05,24,24,24,24,24,24,24,24,24,24,24,24,24,24,24,24
637,6370,-1360.153,-1348.083,-1394.289,-1431.349,-1357.052,-1372.359,-1269.203,-435.0966,193.3558,351.9806,-157.373,-1018.392,-1542.699,-1323.531,-1336.35,-1401.808,24,25,25,24,24,24,24,24,24,24,24,25,25,25,25,25,637,6370,-1347.465,-1333.101,359.317,-454.8181,1.048868,0.3681493,-0.1306162,0.3911309,-0.6470882,0.1301466,-0.1313691,0.134692,-0.5119883,-0.1112722,-0.1212207,0.4521231,24,24,24,24,24,24,24,24,24,24,24,24,24,24,24,24
638,6380,-1369.048,-1414.446,-1350.607,-1300.28,-1402.449,-1427.531,-1239.995,-408.7653,181.5885,355.4266,-169.5966,-1013.354,-1478.189,-1359.935,-1352.804,-1315.543,24,25,25,24,24,24,24,24,24,24,24,25,25,25,25,25,638,6380,-1327.86,-1344.681,348.7104,-470.955,-0.7896181,0.2454296,-0.1306162,-1.43415,0.3882927,0.001376554,-0.1313691,1.077641,-1.023914,0.1114038,-0.362074,-0.3390514,24,24,24,24,24,24,24,24,24,24,24,24,24,24,24,24
639,6390,-1412.213,-1384.826,-1436.013,-1385.724,-1311.785,-1431.111,-1282.34,-407.7622,207.972,365.8875,-132.5695,-1010.96,-1522.822,-1245.115,-1296.646,-1402.531,24,25,25,24,24,24,24,24,24,24,24,25,25,25,25,25,639,6390,-1329.069,-1310.731,343.0797,-462.9511,1.180189,-0.1227325,-0.6530133,0.130377,1.164828,0.001376554,2.88956E-05,-1.07767,-0.8959323,-0.4454145,-0.362074,-0.9041756,24,24,24,24,24,24,24,24,24,24,24,24,24,24,24,24
640,6400,-1365.802,-1414.325,-1331.413,-1304.905,-1390.615,-1365.448,-1199.945,-398.4835,183.5704,363.0569,-154.5247,-990.3026,-1468.787,-1359.099,-1344.339,-1294.58,24,25,25,24,24,24,24,24,24,24,24,25,25,25,25,25,640,6400,-1402.115,-1405.732,351.4602,-449.2669,0.2609458,-0.7363338,0.7835782,0.9126388,-0.6470882,0.6452268,-0.3941585,-1.44478E-05,0.2558995,0.5568584,-0.6029276,-1.017199,24,24,24,24,24,24,24,24,24,24,24,24,24,24,24,24
641,6410,-1320.364,-1301.551,-1315.787,-1317.198,-1285.349,-1294.361,-1209.384,-406.5083,192.8603,362.6877,-115.0054,-916.1111,-1418.917,-1265.764,-1261.95,-1259.64,24,24,25,24,24,24,24,24,24,24,24,25,25,25,25,25,641,6410,-1248.1,-1231.648,346.4843,-468.7604,-0.2643362,0.3681493,-0.2612146,-1.043019,-0.2588211,-0.7712442,2.88956E-05,1.077641,0.3838813,0.1114038,-0.2416475,2.568498E-05,24,24,24,24,24,24,24,24,24,24,24,24,24,24,24,24
642,6420,-1237.901,-1245.132,-1239.871,-1247.699,-1268.932,-1260.669,-1169.717,-404.126,182.951,359.4879,-143.6065,-952.1362,-1433.794,-1360.054,-1334.323,-1311.688,24,24,25,24,24,24,24,24,24,24,24,25,25,25,25,25,642,6420,-1352.97,-1379.682,343.3416,-459.7237,0.3922659,1.22719,-0.2612146,0.3911309,-0.6470882,0.2589166,-0.2627638,-0.808255,-1.151894,-0.3340508,-0.4825008,0.2260728,24,24,24,24,24,24,24,24,24,24,24,24,24,24,24,24
643,6430,-1351.859,-1318.241,-1406.843,-1338.864,-1313.234,-1388.404,-1251.346,-393.0919,208.839,370.4411,-133.6376,-997.7344,-1468.787,-1255.26,-1278.642,-1298.676,24,24,25,24,24,24,24,24,24,24,24,25,25,25,25,25,643,6430,-1303.69,-1326.259,355.7814,-455.9799,0.5235868,-0.2454521,-0.2612146,-1.694904,-0.9059334,-0.3849336,-0.1313691,0.404105,0.1279176,-0.1113235,-0.4825008,-0.3390514,24,24,24,24,24,24,24,24,24,24,24,24,24,24,24,24
644,6440,-1279.854,-1294.314,-1263.741,-1270.46,-1322.287,-1307.813,-1181.451,-396.9789,192.1171,359.3648,-157.6103,-974.8093,-1455.456,-1341.554,-1310.715,-1292.049,24,24,25,24,24,24,24,24,24,24,24,25,25,25,25,25,644,6440,-1252.531,-1258.229,354.9958,-463.4675,0.3922659,0.1227068,-1.04481,-0.130377,2.407967E-05,0.6452268,-0.3941585,-0.4041355,-0.7679505,-0.1113235,0.1196326,-0.7911488,24,24,24,24,24,24,24,24,24,24,24,24,24,24,24,24
645,6450,-1309.666,-1281.022,-1311.111,-1261.575,-1279.434,-1367.052,-1210.659,-370.5222,207.1049,366.3798,-151.3204,-1030.232,-1452.362,-1278.176,-1341.358,-1360.001,24,24,25,24,24,24,24,24,24,24,24,25,25,25,25,25,645,6450,-1234.672,-1224.806,343.4725,-471.4715,0.1296241,-0.8590535,0.7835782,1.043016,0.1294475,0.3876867,0.2628184,-1.347083,-0.1280445,0.7795857,-0.7233545,-0.2260246,24,24,24,24,24,24,24,24,24,24,24,24,24,24,24,24
646,6460,-1342.482,-1325.612,-1310.127,-1334.482,-1314.078,-1268.835,-1172.268,-389.9572,207.1049,370.195,-139.5715,-960.4496,-1464.74,-1299.422,-1266.838,-1302.29,24,24,25,24,24,24,24,24,24,24,24,25,25,25,25,25,646,6460,-1408.426,-1385.735,341.6392,-470.1805,-1.577543,0.4908689,-1.605311E-05,-0.130377,-0.77651,-1.286325,-1.182533,0.404105,0.5118616,-0.3340508,-0.362074,0.5651466,24,24,24,24,24,24,24,24,24,24,24,24,24,24,24,24
647,6470,-1278.532,-1306.157,-1338.795,-1266.078,-1319.028,-1373.965,-1205.047,-380.3024,201.7787,369.2104,-134.7057,-981.3594,-1434.27,-1268.151,-1293.904,-1278.435,24,24,25,24,24,24,24,24,24,24,24,25,25,25,25,25,647,6470,-1377.542,-1414.152,338.8893,-471.9879,1.70547,0.9817506,0.130584,0.5215079,1.164828,0.001376554,2.88956E-05,0.9429326,-0.3840065,-0.3340508,-0.1212207,-0.3390514,24,24,24,24,24,24,24,24,24,24,24,24,24,24,24,24
648,6480,-1299.207,-1291.173,-1246.023,-1282.51,-1289.936,-1279.447,-1182.089,-405.8814,203.7605,364.6568,-137.1979,-932.2343,-1442.84,-1309.567,-1255.988,-1292.049,24,24,25,24,24,24,24,24,24,24,24,25,25,25,25,25,648,6480,-1394.193,-1367.84,337.9727,-470.1805,-0.789619,-0.4908914,0.6529813,-0.7822618,-1.035355,-0.2561635,0.1314236,-1.616497,-6.260714E-05,-0.1113235,-0.362074,-0.1130011,24,24,24,24,24,24,24,24,24,24,24,24,24,24,24,24
649,6490,-1343.324,-1326.821,-1373.246,-1289.934,-1309.854,-1419.762,-1240.76,-377.0424,207.2289,371.3026,-136.1298,-1022.927,-1497.114,-1339.525,-1367.231,-1364.941,24,24,25,24,24,24,24,24,24,24,24,25,25,25,25,25,649,6490,-1285.966,-1316.521,349.3651,-459.5946,1.048867,1.10447,-1.175407,0.130377,0.6471379,0.001376554,2.88956E-05,0.5388131,-0.3840065,0.2227675,0.1196326,0.9042237,24,24,24,24,24,24,24,24,24,24,24,24,24,24,24,24
650,6500,-1405.84,-1382.892,-1326.614,-1373.674,-1362.001,-1276.855,-1170.992,-411.0223,197.3196,372.6564,-145.0306,-944.3265,-1467.834,-1430.614,-1368.304,-1351.688,24,24,25,24,24,24,24,24,24,24,24,25,25,25,25,25,650,6500,-1373.514,-1315.337,348.0556,-467.8568,0.917547,-1.840814,-0.2612131,0.6518849,-0.1293977,0.001376554,0.1314236,-1.212376,-0.2560263,4.013279E-05,-0.0007938265,-0.3390514,24,24,24,24,24,24,24,24,24,24,24,24,24,24,24,24
651,6510,-1413.295,-1380.232,-1442.29,-1342.272,-1319.51,-1417.416,-1260.657,-392.0888,206.2379,364.6569,-128.2972,-1022.171,-1533.891,-1294.051,-1321.565,-1366.627,24,24,25,24,24,24,24,24,24,24,24,25,25,25,25,25,651,6510,-1322.758,-1363.76,341.2464,-471.9879,-0.6582989,-0.4908914,0.5223827,0.2607539,0.7765597,0.3876867,-1.182533,-1.44478E-05,0.6398434,0.3341311,-0.0007938265,-0.5650985,24,24,24,24,24,24,24,24,24,24,24,24,24,24,24,24
652,6520,-1328.057,-1372.861,-1302.99,-1279.71,-1327.96,-1314.86,-1177.625,-382.1832,193.9752,359.8571,-152.9819,-985.0121,-1438.793,-1305.867,-1317.392,-1292.411,24,24,25,24,24,24,24,24,24,24,24,25,25,25,25,25,652,6520,-1341.691,-1351.786,342.6868,-470.9551,-0.001696814,0.1227068,0.5223827,0.3911309,-0.1293977,-2.187716,-0.3941585,0.404105,-0.1280445,0.4454948,0.2400595,0.7911969,24,24,24,24,24,24,24,24,24,24,24,24,24,24,24,24
653,6530,-1323.009,-1305.069,-1333.258,-1335.456,-1284.021,-1360.021,-1241.908,-395.2235,213.2983,374.7486,-119.7525,-1001.261,-1508.659,-1247.144,-1276.138,-1384.7,24,24,25,24,24,24,24,24,24,24,24,25,25,25,25,25,653,6530,-1391.239,-1397.181,347.008,-467.2113,-0.3956579,-0.7363338,0.130584,0.3911309,-0.5176647,0.5164568,0.7884005,-0.9429631,-6.260714E-05,-0.4454145,-1.084635,2.568498E-05,24,24,24,24,24,24,24,24,24,24,24,24,24,24,24,24
654,6540,-1354.503,-1362.831,-1310.25,-1311.843,-1391.581,-1325.472,-1176.222,-397.3551,189.2683,368.5951,-137.6727,-952.6401,-1456.29,-1402.075,-1349.585,-1341.206,24,24,25,24,24,24,24,24,24,24,24,25,25,25,25,25,654,6540,-1394.595,-1397.839,349.8888,-463.4675,1.70547,1.34991,-1.44478E-05,-0.9126388,0.6471379,0.7739968,-0.2627638,1.077641,-0.2560263,-0.3339995,-0.362074,-0.3390514,24,24,24,24,24,24,24,24,24,24,24,24,24,24,24,24
655,6550,-1415.7,-1389.422,-1439.582,-1356.269,-1341.601,-1422.972,-1257.469,-395.2235,201.4072,363.5492,-134.4684,-1035.271,-1536.391,-1335.467,-1366.039,-1373.495,24,24,25,24,24,24,24,24,24,24,24,25,25,25,25,25,655,6550,-1457.435,-1453.225,339.0203,-479.6046,0.260945,-0.3681718,-0.9142088,-0.7822618,0.7765597,0.5164568,0.3942131,-0.6735485,-0.1280445,0.2228188,0.1196326,-0.3390514,24,24,24,24,24,24,24,24,24,24,24,24,24,24,24,24
656,6560,-1413.415,-1425.335,-1317.14,-1367.954,-1388.08,-1276.732,-1170.482,-400.3644,194.7184,369.2104,-156.4236,-966.244,-1445.101,-1419.867,-1381.301,-1338.676,24,24,25,24,24,24,24,24,24,24,24,25,25,25,25,25,656,6560,-1438.369,-1420.072,332.8658,-471.2133,-0.264337,-0.8590535,-0.2612131,0.6518849,2.407967E-05,0.2589166,-0.7883459,-0.538842,0.3838813,-0.2226358,-0.9642078,-0.4520749,24,24,24,24,24,24,24,24,24,24,24,24,24,24,24,24
657,6570,-1398.986,-1347.847,-1412.751,-1359.799,-1289.936,-1347.065,-1226.092,-393.4681,207.4766,362.4416,-141.233,-1010.079,-1508.897,-1289.157,-1313.935,-1363.134,24,25,25,24,24,24,24,24,24,24,24,25,25,25,25,25,657,6570,-1415.408,-1476.51,338.2346,-466.6949,-0.1330169,-0.4908914,0.3917827,0.6518849,0.9059832,-0.9000146,0.6570058,0.2693985,-0.5119883,0.7796371,0.9626201,0.4521231,24,24,24,24,24,24,24,24,24,24,24,24,24,24,24,24
658,6580,-1337.554,-1355.214,-1304.098,-1308.192,-1349.568,-1329.914,-1197.139,-406.6338,182.8273,354.6882,-162.0014,-990.3026,-1475.809,-1344.777,-1326.573,-1315.905,24,25,25,24,24,24,24,24,24,24,24,25,25,25,25,25,658,6580,-1364.921,-1366.524,342.5558,-468.7605,-0.3956579,0.1227068,-0.2612131,-1.303773,-1.553046,0.5164568,1.182588,-0.1347209,-0.2560263,-0.6680905,-0.6029276,0.4521231,24,24,24,24,24,24,24,24,24,24,24,24,24,24,24,24
659,6590,-1333.226,-1327.295,-1362.296,-1293.951,-1309.129,-1420.749,-1246.882,-381.9324,204.7515,363.9184,-133.2816,-1027.587,-1489.615,-1303.48,-1373.193,-1389.76,24,25,25,24,24,24,24,24,24,24,24,25,25,25,25,25,659,6590,-1378.214,-1379.025,348.9723,-464.3712,0.917547,0.8590278,0.6529813,-1.173396,0.2588693,-0.2561635,-0.3941585,0.404105,-0.2560263,-0.1112722,0.2400595,-0.5650985,24,24,24,24,24,24,24,24,24,24,24,24,24,24,24,24
660,6600,-1417.263,-1409.006,-1365.249,-1423.806,-1396.895,-1326.459,-1191.4,-402.9975,206.9811,368.7182,-154.4061,-972.416,-1477.832,-1323.531,-1294.977,-1299.399,24,25,25,24,24,24,24,24,24,24,24,25,25,25,25,25,660,6600,-1319.266,-1336.259,344.1272,-471.4715,-0.264337,-0.4908914,-0.7836103,0,0.9059832,-0.2561635,0.5256078,-0.4041355,-0.1280445,0.3341825,-0.2416475,0.1130492,24,24,24,24,24,24,24,24,24,24,24,24,24,24,24,24
661,6610,-1306.3,-1291.52,-1295.977,-1252.081,-1256.257,-1311.158,-1186.298,-367.2621,208.0959,362.1954,-133.6376,-974.8093,-1416.417,-1215.037,-1252.53,-1291.206,24,25,25,24,24,24,24,24,24,24,24,25,25,25,25,25,661,6610,-1432.058,-1381.13,334.0444,-470.5678,-0.2643362,-1.104493,-0.130613,0.130377,0.5177145,0.1301466,-1.708115,-0.1347209,0.5118616,0.2228188,-0.2416475,-0.1130011,24,24,24,24,24,24,24,24,24,24,24,24,24,24,24,24
662,6620,-1283.34,-1297.925,-1264.971,-1316.833,-1361.881,-1312.762,-1183.109,-410.27,186.1717,352.719,-166.7484,-975.3131,-1504.374,-1426.793,-1337.304,-1377.953,24,25,25,24,24,24,24,24,24,24,24,25,25,25,25,25,662,6620,-1351.09,-1415.994,335.3538,-473.1497,-0.5269772,0.3681525,-1.44478E-05,0.3911309,0.5177145,-1.415095,2.88956E-05,0.2693985,0.3838813,0.3341825,0.9626201,-0.1130011,24,24,24,24,24,24,24,24,24,24,24,24,24,24,24,24
663,6630,-1455.983,-1394.014,-1404.628,-1314.156,-1308.405,-1392.725,-1233.107,-386.0703,196.0809,364.0415,-132.8069,-1011.59,-1484.26,-1346.209,-1380.466,-1336.989,24,25,25,24,24,24,24,24,24,24,24,25,25,25,25,25,663,6630,-1317.387,-1295.468,344.1272,-461.1437,0.5235868,-0.2454489,-0.7836119,-1.43415,-1.2942,0.1301466,0.6570058,-0.6735485,-0.2560263,-0.4453631,-0.362074,0.6781734,24,24,24,24,24,24,24,24,24,24,24,24,24,24,24,24
664,6640,-1383.354,-1352.796,-1330.182,-1349.453,-1304.059,-1266.614,-1175.074,-395.5996,193.9752,356.0419,-134.5871,-932.2343,-1378.687,-1224.944,-1220.338,-1199.761,24,25,25,24,24,24,24,24,24,24,24,25,25,25,25,25,664,6640,-1247.563,-1275.466,355.6505,-464.2421,1.048868,-9.631868E-06,0.6529797,-0.6518849,0.6471379,0.7739968,2.88956E-05,0.2693985,-1.023914,-0.1112722,0.3604863,-0.1130011,24,24,24,24,24,24,24,24,24,24,24,24,24,24,24,24
665,6650,-1207.128,-1209.455,-1229.905,-1211.55,-1203.506,-1240.085,-1155.942,-374.5345,198.9298,354.6882,-142.4197,-986.1459,-1418.679,-1235.686,-1265.646,-1310.724,24,25,25,24,24,24,24,24,24,24,24,25,25,25,25,25,665,6650,-1358.878,-1348.891,343.6035,-481.67,-0.001695209,-1.227209,-0.7836119,-0.6518849,-0.388243,-0.2561635,-0.5255532,-1.07767,0.7678252,9.150275E-05,-0.362074,2.568498E-05,24,24,24,24,24,24,24,24,24,24,24,24,24,24,24,24
666,6660,-1340.559,-1332.975,-1293.27,-1333.021,-1347.275,-1316.464,-1213.083,-425.4419,192.3649,360.7186,-148.5909,-980.4775,-1512.587,-1350.148,-1326.931,-1369.519,24,25,25,24,24,24,24,24,24,24,24,25,25,25,25,25,666,6660,-1383.585,-1403.233,331.4254,-482.5738,0.1296249,-0.7363306,-1.605311E-05,0.5215079,-0.77651,0.001376554,-0.6569512,0.404105,0.2558995,0.2228188,-0.7233545,-0.4520749,24,24,24,24,24,24,24,24,24,24,24,24,24,24,24,24
667,6670,-1290.552,-1351.588,-1395.274,-1287.135,-1342.446,-1419.268,-1233.107,-383.5624,190.383,356.0419,-180.0402,-1049.882,-1494.733,-1390.372,-1407.187,-1366.507,24,25,25,24,24,24,24,24,24,24,24,25,25,25,25,25,667,6670,-1308.122,-1287.441,335.2229,-478.959,-1.052259,-0.9817699,0.2611809,-0.130377,2.407967E-05,-0.9000142,-0.3941585,-0.1347209,-0.6399702,-0.3339995,-0.1212207,0.2260728,24,24,24,24,24,24,24,24,24,24,24,24,24,24,24,24
668,6680,-1423.396,-1390.75,-1356.39,-1369.414,-1346.309,-1337.688,-1226.985,-421.304,194.9661,355.3035,-149.0656,-995.341,-1537.938,-1308.254,-1294.142,-1372.411,24,25,25,24,24,24,24,24,24,24,24,25,25,25,25,25,668,6680,-1343.168,-1381.262,340.7226,-473.7952,0.6549068,0.2454328,-0.6530133,-0.2607539,-1.423624,0.2589166,0.7884005,-0.1347209,1.151769,0.3341825,0.2400595,0.4521231,24,24,24,24,24,24,24,24,24,24,24,24,24,24,24,24
669,6690,-1362.677,-1377.331,-1323.415,-1263.401,-1322.045,-1369.029,-1203.006,-388.8287,184.4375,353.9497,-158.5597,-1002.395,-1449.862,-1338.093,-1344.696,-1299.519,24,25,25,24,24,24,24,24,24,24,24,25,25,25,25,25,669,6690,-1365.726,-1382.051,346.2224,-481.0246,0.5235868,0.7363114,-1.605311E-05,-0.7822618,0.7765597,-0.2561635,-0.5255532,0.8082261,-0.8958809,-1.002181,-0.1212207,-0.5650985,24,24,24,24,24,24,24,24,24,24,24,24,24,24,24,24
670,6700,-1359.792,-1325.603,-1401.182,-1394.606,-1310.578,-1356.69,-1250.071,-410.5207,200.0446,366.7491,-115.7175,-972.668,-1479.856,-1256.096,-1266.958,-1304.58,24,25,25,24,24,24,24,24,24,24,24,25,25,25,25,25,670,6700,-1442.665,-1494.402,339.5441,-488.5122,-0.3956571,-0.9817699,-1.436608,-0.9126388,-0.1293977,-0.1273935,0.2628184,-0.1347209,0.127969,0.1114552,0.2400595,0.9042237,24,24,24,24,24,24,24,24,24,24,24,24,24,24,24,24
671,6710,-1300.65,-1339.985,-1289.456,-1298.454,-1374.797,-1310.418,-1186.17,-415.1601,172.6702,349.6423,-168.5286,-978.8401,-1429.629,-1342.27,-1334.681,-1305.423,24,25,25,24,24,24,24,24,24,24,24,25,25,25,25,25,671,6710,-1328.666,-1322.443,332.9968,-487.8667,-0.1330161,-0.8590503,0.1305825,0.5215079,-0.2588211,0.1301466,2.88956E-05,-0.1347209,0.3839327,0.3341825,-1.205061,-1.017199,24,24,24,24,24,24,24,24,24,24,24,24,24,24,24,24
672,6720,-1297.284,-1287.531,-1297.085,-1271.434,-1290.539,-1375.569,-1257.851,-428.4511,169.9452,350.0115,-133.0443,-1019.652,-1486.402,-1366.141,-1408.976,-1374.097,24,25,25,24,24,24,24,24,24,24,24,25,25,25,25,25,672,6720,-1368.949,-1390.077,323.9615,-501.1636,-1.18358,-0.1227293,-0.5224133,-0.2607539,2.407967E-05,-0.3849336,2.88956E-05,-0.538842,-0.2559749,9.150275E-05,0.60134,-2.568498E-05,24,24,24,24,24,24,24,24,24,24,24,24,24,24,24,24
673,6730,-1417.263,-1396.674,-1316.279,-1402.636,-1414.041,-1362.736,-1239.357,-446.0053,176.6339,351.7345,-159.6278,-980.2256,-1527.226,-1385.119,-1332.535,-1359.037,24,25,25,24,24,24,24,24,24,24,24,25,25,25,25,25,673,6730,-1335.917,-1341.786,325.9257,-486.4466,1.44283,0.9817506,-1.605311E-05,-0.2607539,-1.035355,-0.6424737,-0.5255532,-0.269429,0.6398948,0.5569098,0.7217665,0.4520717,24,24,24,24,24,24,24,24,24,24,24,24,24,24,24,24
674,6740,-1413.656,-1411.907,-1449.552,-1338.255,-1375.159,-1499.513,-1273.029,-383.9386,203.5128,358.9956,-181.3457,-1087.923,-1532.463,-1369.96,-1429.975,-1424.096,24,25,25,24,24,24,24,24,24,24,24,25,25,25,25,25,674,6740,-1347.733,-1318.1,341.2464,-486.0594,0.2609458,-0.613611,0.2611809,-1.043019,2.407967E-05,-0.2561635,-0.2627638,0.404105,-0.1279931,-0.4453631,-0.7233545,-0.4521263,24,24,24,24,24,24,24,24,24,24,24,24,24,24,24,24
675,6750,-1373.496,-1445.034,-1389.366,-1483.18,-1386.51,-1314.737,-1231.959,-444.7515,186.2955,351.1191,-170.19,-996.2228,-1553.768,-1470.14,-1405.755,-1389.278,24,25,25,24,24,24,24,24,24,24,24,25,25,25,25,25,675,6750,-1355.79,-1364.287,341.9012,-493.4178,-0.2643362,-0.7363306,-1.175409,-0.2607539,0.2588693,-0.1273935,0.3942131,0.6735196,-0.6399189,9.150275E-05,-0.4825008,0.4520717,24,24,24,24,24,24,24,24,24,24,24,24,24,24,24,24
676,6760,-1496.505,-1468.851,-1468.014,-1363.45,-1335.445,-1466.427,-1298.156,-414.5331,194.099,360.5956,-139.0968,-1030.988,-1535.082,-1310.044,-1357.454,-1389.158,24,25,25,24,24,24,24,24,24,24,24,25,25,25,25,25,676,6760,-1319.669,-1312.705,328.1518,-506.7148,1.180189,-0.4908881,0.9141783,0.3911309,-0.388243,0.1301466,-0.6569512,-0.4041355,0.3839327,0.1114552,-0.4825008,-1.243301,24,24,24,24,24,24,24,24,24,24,24,24,24,24,24,24
677,6770,-1392.733,-1397.641,-1291.794,-1365.641,-1408.487,-1293.02,-1193.95,-428.8273,184.4375,350.9961,-165.799,-973.0458,-1524.489,-1398.253,-1335.993,-1396.627,24,25,25,24,24,24,24,24,24,24,24,25,25,25,25,25,677,6770,-1318.595,-1366.129,327.3661,-498.1944,-1.3149,-0.4908881,-1.605311E-05,0.130377,0.3882927,-0.2561635,0.1314236,-0.269429,-1.123718E-05,-0.4453631,0.1196326,0.4520717,24,24,24,24,24,24,24,24,24,24,24,24,24,24,24,24
678,6780,-1478.709,-1454.343,-1465.552,-1346.775,-1386.872,-1497.394,-1274.687,-393.3427,187.1625,352.8421,-159.3905,-1054.039,-1516.99,-1305.151,-1387.739,-1434.216,24,25,25,24,24,24,24,24,24,24,24,25,25,25,25,25,678,6780,-1457.435,-1434.807,330.2469,-496.387,0.2609458,-6.421245E-06,0.1305825,0.9126388,0.5177145,-0.3849336,0.1314236,-0.269429,0.2559508,0.2228188,-0.0007938265,-0.1130525,24,24,24,24,24,24,24,24,24,24,24,24,24,24,24,24
679,6790,-1440.952,-1412.149,-1392.443,-1406.894,-1413.196,-1379.517,-1238.464,-421.8056,191.9933,359.611,-154.1687,-997.8603,-1510.92,-1338.57,-1322.281,-1365.905,24,25,25,24,24,24,24,24,24,24,24,25,25,25,25,25,679,6790,-1397.549,-1423.361,322.2592,-505.682,0.5235868,-0.7363274,-0.2612131,-0.6518849,-0.1293977,-0.2561635,0.3942131,-0.269429,0.127969,-0.7794541,-0.362074,-0.1130525,24,24,24,24,24,24,24,24,24,24,24,24,24,24,24,24
680,6800,-1367.606,-1378.177,-1367.71,-1307.583,-1366.951,-1393.835,-1218.822,-400.7405,179.4828,354.1959,-151.9138,-1007.559,-1464.383,-1317.205,-1343.862,-1332.411,24,25,25,24,24,24,24,24,24,24,24,25,25,25,25,25,680,6800,-1437.563,-1383.498,332.0802,-482.3156,-0.5269772,0.2454328,-0.6530101,-3.210623E-06,0.2588693,0.001376554,-1.051135,0.134692,-0.6399189,0.3341825,-0.6029276,-0.226076,24,24,24,24,24,24,24,24,24,24,24,24,24,24,24,24
681,6810,-1348.132,-1335.876,-1360.081,-1401.298,-1338.583,-1379.764,-1272.519,-421.8057,202.0264,359.9802,-131.6201,-1022.549,-1579.596,-1292.857,-1323.354,-1436.746,24,25,25,24,24,24,24,24,24,24,24,25,25,25,25,25,681,6810,-1364.652,-1378.761,341.3774,-490.4486,-0.001695209,0.1227132,-1.44478E-05,0.3911277,0.6471379,-0.5137036,-0.2627638,-0.1347209,-1.123718E-05,0.4455462,-0.2416475,-0.5651498,24,24,24,24,24,24,24,24,24,24,24,24,24,24,24,24
682,6820,-1416.421,-1446.485,-1348.146,-1332.535,-1457.391,-1420.99,-1211.935,-409.2669,169.3258,349.0269,-174.9371,-997.8603,-1462.479,-1402.672,-1382.135,-1306.025,24,25,25,24,24,24,24,24,24,24,24,25,25,25,25,25,682,6820,-1365.458,-1330.864,324.6162,-503.8746,-0.3956571,-1.227206,-0.5224116,-0.1303802,-1.2942,-0.1273935,-1.051135,0.134692,-0.3839552,0.2228188,-0.4825008,-0.4521263,24,24,24,24,24,24,24,24,24,24,24,24,24,24,24,24
683,6830,-1392.012,-1361.619,-1361.681,-1352.618,-1289.936,-1292.757,-1204.027,-416.2886,187.5341,350.6268,-139.9275,-968.3853,-1463.907,-1268.509,-1260.042,-1301.447,24,25,25,24,24,24,24,24,24,24,24,25,25,25,25,25,683,6830,-1318.192,-1329.022,331.6873,-483.4774,0.3922659,0.3681557,0.6529813,1.303766,0.7765597,-0.9000146,0.6570058,0.404105,-1.123718E-05,0.8910007,-0.4825008,-0.3391027,24,24,24,24,24,24,24,24,24,24,24,24,24,24,24,24
684,6840,-1279.613,-1303.485,-1284.904,-1248.065,-1289.453,-1318.304,-1177.115,-375.7885,194.3468,355.7958,-156.4235,-993.7036,-1415.108,-1294.409,-1315.246,-1282.291,24,25,25,24,24,24,24,24,24,24,24,25,25,25,25,25,684,6840,-1354.447,-1339.68,336.2704,-499.0981,-0.2643362,0.8590342,0.7835814,-0.782265,-1.164779,-0.3849336,0.1314236,-0.1347209,0.127969,-0.6680905,0.60134,0.4520717,24,24,24,24,24,24,24,24,24,24,24,24,24,24,24,24
685,6850,-1325.533,-1305.177,-1328.091,-1346.288,-1300.438,-1323.24,-1226.73,-422.8087,187.1625,349.15,-151.4391,-1005.796,-1526.988,-1333.677,-1325.977,-1380.001,24,25,25,24,24,24,24,24,24,24,24,25,25,25,25,25,685,6850,-1328.666,-1310.468,325.0091,-492.1269,0.6549068,0.6135949,-0.130613,-1.694907,-0.2588211,0.001376554,-0.2627638,0.134692,-1.44478E-05,-0.6680905,-0.4825008,-0.4521263,24,24,24,24,24,24,24,24,24,24,24,24,24,24,24,24
686,6860,-1372.294,-1394.981,-1326.122,-1307.34,-1412.23,-1387.786,-1231.704,-424.6895,167.0963,343.1196,-190.6024,-1026.202,-1522.584,-1398.612,-1357.693,-1304.459,24,25,25,24,24,24,24,24,24,24,24,25,25,25,25,25,686,6860,-1314.298,-1319.153,329.3303,-493.8051,-0.001695209,-0.490885,-0.2612131,0.1303738,-0.1293977,-0.7712442,-0.1313691,-1.44478E-05,0.1279674,0.8910007,1.083047,-2.568498E-05,24,24,24,24,24,24,24,24,24,24,24,24,24,24,24,24
687,6870,-1356.907,-1346.632,-1399.582,-1369.292,-1343.532,-1424.569,-1261.04,-401.1167,197.5673,353.5805,-143.9625,-992.6959,-1460.931,-1239.386,-1257.419,-1284.941,24,25,25,24,24,24,24,24,24,24,24,25,25,25,25,25,687,6870,-1315.507,-1289.151,330.9016,-492.7723,-0.2643362,-0.8590471,0.130584,0.3911277,-0.5176647,-1.157555,-0.3941585,-0.4041355,-0.2559765,0.5569098,-1.205061,-0.5651498,24,24,24,24,24,24,24,24,24,24,24,24,24,24,24,24
688,6880,-1267.472,-1281.125,-1261.649,-1280.806,-1342.205,-1315.342,-1182.599,-405.6307,179.7306,347.7962,-185.0246,-996.4747,-1490.925,-1428.943,-1379.512,-1340.001,24,25,25,24,24,24,24,24,24,24,24,25,25,25,25,25,688,6880,-1258.842,-1237.964,334.0444,-487.7376,-0.7896181,-0.1227261,0.5223827,0.1303738,1.035405,0.2589166,0.2628184,1.347054,0.5119113,-0.5567268,-1.084635,0.3390482,24,24,24,24,24,24,24,24,24,24,24,24,24,24,24,24
689,6890,-1416.782,-1398.729,-1421.367,-1347.992,-1333.03,-1473.572,-1300.962,-415.1601,188.1535,358.011,-140.5209,-1061.219,-1555.791,-1361.367,-1429.02,-1462.528,24,25,25,24,24,24,24,24,24,24,24,25,25,25,25,25,689,6890,-1302.75,-1326.653,336.0086,-498.4526,0.2609458,-6.421245E-06,-0.6530101,0.2607507,-1.164779,-0.9000146,-0.5255532,0.404105,-0.3839584,0.3341825,0.7217665,-0.226076,24,24,24,24,24,24,24,24,24,24,24,24,24,24,24,24
690,6900,-1534.864,-1478.765,-1396.259,-1438.406,-1446.041,-1375.197,-1248.668,-462.5565,165.7337,344.1041,-192.8573,-1015.621,-1555.434,-1445.899,-1390.841,-1397.591,24,25,25,24,24,24,24,24,24,24,24,25,25,25,25,25,690,6900,-1342.63,-1316.916,332.8658,-490.8359,-0.1330161,0.6135949,1.175378,0.1303738,1.035405,0.6452268,-0.1313691,-0.1347209,-1.44478E-05,-0.4453631,-0.7233545,-0.1130525,24,24,24,24,24,24,24,24,24,24,24,24,24,24,24,24
691,6910,-1431.452,-1402.477,-1413.982,-1328.153,-1331.099,-1418.521,-1258.744,-400.1136,187.658,344.4733,-171.8515,-1054.795,-1504.612,-1278.057,-1326.454,-1356.266,24,25,25,24,24,24,24,24,24,24,24,25,25,25,25,25,691,6910,-1319.401,-1340.865,330.7707,-495.8707,-0.5269772,-0.1227261,-1.697805,0.1303738,0.6471379,0.1301466,0.1314236,0.5388131,-1.023864,9.150275E-05,0.4809132,-0.1130525,24,24,24,24,24,24,24,24,24,24,24,24,24,24,24,24
692,6920,-1367.245,-1378.177,-1346.67,-1379.395,-1378.661,-1337.433,-1225.965,-435.9744,167.7156,334.9969,-188.4662,-1033.633,-1543.175,-1372.109,-1341.954,-1368.435,24,25,25,24,24,24,24,24,24,24,24,25,25,25,25,25,692,6920,-1335.648,-1351.918,326.0566,-498.0653,0.2609458,-0.8590471,-0.2612131,0.3911277,-0.9059334,0.001376554,-0.3941585,-0.1347209,0.7678734,0.8910007,-0.6029276,-0.3391027,24,24,24,24,24,24,24,24,24,24,24,24,24,24,24,24
693,6930,-1399.467,-1395.586,-1408.443,-1341.542,-1399.189,-1472.337,-1267.417,-408.3892,176.1385,346.8117,-163.9002,-1030.61,-1496.757,-1296.677,-1330.031,-1323.013,24,25,25,24,24,24,24,24,24,24,24,25,25,25,25,25,693,6930,-1312.955,-1324.548,333.3896,-485.0266,-0.001695209,-0.3681653,-1.44478E-05,-0.2607571,0.3882927,0.001376554,0.2628184,0.6735196,0.7678734,-0.2226358,-0.0007938265,-0.7912002,24,24,24,24,24,24,24,24,24,24,24,24,24,24,24,24
694,6940,-1305.699,-1299.013,-1285.15,-1315.495,-1316.855,-1307.32,-1216.781,-422.0564,184.1898,346.8117,-170.9021,-1003.277,-1504.969,-1348.954,-1325.858,-1364.941,24,25,25,24,24,24,24,24,24,24,24,25,25,25,25,25,694,6940,-1366.666,-1339.943,341.7701,-493.1597,-0.920939,-0.3681653,-0.2612131,-0.1303802,-0.5176647,-1.930175,-0.3941585,-0.9429631,-0.7679023,9.150275E-05,0.4809132,0.1129979,24,24,24,24,24,24,24,24,24,24,24,24,24,24,24,24
695,6950,-1387.562,-1398.488,-1401.674,-1345.802,-1377.816,-1426.421,-1266.397,-428.075,166.4769,336.5968,-178.4974,-1039.428,-1479.141,-1297.273,-1339.45,-1362.29,24,25,25,24,24,24,24,24,24,24,24,25,25,25,25,25,695,6950,-1306.51,-1339.285,339.5441,-483.7356,0.9175478,0.7363146,1.175377,-0.5215111,0.7765597,0.9027677,0.6570058,-0.538842,0.7678734,-0.4453631,-0.1212207,-0.226076,24,24,24,24,24,24,24,24,24,24,24,24,24,24,24,24
696,6960,-1317.479,-1303.364,-1333.381,-1321.337,-1308.888,-1307.196,-1232.342,-440.9899,172.4225,343.2426,-148.5909,-1005.796,-1502.827,-1286.173,-1300.819,-1353.254,24,25,25,24,24,24,24,24,24,24,24,25,25,25,25,25,696,6960,-1432.192,-1400.602,336.9251,-495.3543,-0.3956571,-0.2454457,-1.436608,0.1303738,-0.2588211,-0.6424745,-0.5255532,-1.44478E-05,-0.6399205,0.4455462,0.9626201,0.4520717,24,24,24,24,24,24,24,24,24,24,24,24,24,24,24,24
697,6970,-1316.157,-1336.239,-1310.988,-1301.497,-1381.438,-1372.976,-1222.266,-414.0316,172.7941,351.7345,-178.0227,-1023.305,-1480.808,-1379.628,-1354.831,-1297.109,24,25,25,24,24,24,24,24,24,24,24,25,25,25,25,25,697,6970,-1423.33,-1409.416,335.4847,-492.6432,-0.001695209,-0.1227261,-0.1306162,0.2607507,0.3882927,-1.028785,0.1314236,-1.212376,0.2559476,0.6682734,-0.2416475,-0.226076,24,24,24,24,24,24,24,24,24,24,24,24,24,24,24,24
698,6980,-1342.001,-1339.139,-1416.444,-1387.063,-1313.475,-1409.14,-1300.707,-434.7205,187.2864,338.9352,-165.443,-1091.45,-1628.156,-1393.119,-1440.594,-1545.175,24,25,25,24,24,24,24,24,24,24,24,25,25,25,25,25,698,6980,-1349.21,-1372.182,342.6868,-481.67,0.3922659,-0.1227261,-1.605311E-05,0.9126356,-0.2588211,0.2589166,-0.2627638,-1.44478E-05,0.3839295,-0.2226358,-0.2416475,-0.7912002,24,24,24,24,24,24,24,24,24,24,24,24,24,24,24,24
699,6990,-1546.167,-1561.944,-1473.06,-1474.785,-1518.009,-1433.333,-1257.341,-437.8552,162.2655,342.8734,-186.5674,-1031.24,-1506.516,-1381.299,-1377.008,-1331.688,24,25,25,24,24,24,24,24,24,24,24,25,25,25,25,25,699,6990,-1356.461,-1341.786,344.7819,-498.8399,-0.5269772,-0.490885,-1.04481,-0.1303802,0.1294475,-1.672635,0.1314268,-0.269429,-0.6399205,9.150275E-05,-0.2416475,0.5650953,24,24,24,24,24,24,24,24,24,24,24,24,24,24,24,24
700,7000,-1355.104,-1347.841,-1377.799,-1353.835,-1298.265,-1383.59,-1284.253,-418.1694,198.0627,352.2267,-161.5266,-1069.155,-1565.908,-1329.857,-1373.908,-1459.155,24,25,25,24,24,24,24,24,24,24,24,25,25,25,25,25,700,7000,-1336.185,-1404.548,336.7942,-490.7068,0.7862269,-6.421245E-06,0.7835782,0.5215046,-0.388243,0.3876867,3.210623E-05,-0.1347209,1.919705,1.002364,-0.2416475,0.2260214,24,24,24,24,24,24,24,24,24,24,24,24,24,24,24,24
701,7010,-1429.408,-1441.286,-1365.249,-1364.059,-1431.55,-1388.157,-1229.663,-419.1725,171.6793,342.1349,-187.9915,-1039.176,-1531.273,-1414.494,-1379.035,-1342.411,24,25,25,24,24,24,24,24,24,24,24,25,25,25,25,25,701,7010,-1377.542,-1348.102,345.8295,-483.8647,-0.2643362,-0.2454457,-1.04481,-1.173396,-0.388243,-1.286325,-0.7883395,0.9429326,-0.511937,0.1114552,0.3604863,-0.1130525,24,24,24,24,24,24,24,24,24,24,24,24,24,24,24,24
702,7020,-1371.452,-1356.422,-1391.336,-1362.72,-1304.18,-1334.594,-1262.825,-445.7546,173.2896,343.981,-149.7776,-1021.667,-1533.534,-1293.334,-1319.896,-1389.157,24,25,25,24,24,24,24,24,24,24,24,25,25,25,25,25,702,7020,-1478.516,-1481.115,339.4131,-493.676,0.7862269,0.2454328,-0.3918148,0.6518816,0.6471379,0.5164568,0.7884037,-0.269429,-1.279825,-0.3339995,-0.2416475,-0.226076,24,24,24,24,24,24,24,24,24,24,24,24,24,24,24,24
703,7030,-1355.344,-1376.727,-1301.145,-1259.627,-1334.238,-1382.849,-1236.423,-408.1384,186.7909,356.288,-154.406,-1003.025,-1461.169,-1289.038,-1316.319,-1326.266,24,25,25,24,24,24,24,24,24,24,24,25,25,25,25,25,703,7030,-1347.465,-1365.866,331.0325,-486.8339,-0.5269772,-1.472648,-1.605311E-05,0.7822586,-0.6470882,0.1301466,-0.3941553,0.6735196,0.2559508,0.1114552,-0.8437814,0.1129979,24,24,24,24,24,24,24,24,24,24,24,24,24,24,24,24
704,7040,-1319.282,-1310.616,-1310.496,-1324.258,-1337.376,-1328.917,-1224.179,-417.0409,185.1807,352.3498,-163.9002,-1003.025,-1476.047,-1322.815,-1304.396,-1301.447,24,25,25,24,24,24,24,24,24,24,24,25,25,25,25,25,704,7040,-1450.722,-1409.942,348.0556,-478.0554,-0.2643362,-0.3681653,0.2611809,-0.2607571,0.1294475,-1.286325,0.2628216,0.404105,0.2559508,-0.1112722,-0.2416475,-2.568498E-05,24,24,24,24,24,24,24,24,24,24,24,24,24,24,24,24
705,7050,-1280.815,-1301.793,-1335.104,-1286.405,-1274.968,-1337.186,-1241.27,-426.1942,174.5282,341.8888,-157.2543,-1020.785,-1493.662,-1310.88,-1339.569,-1366.266,24,24,25,24,24,24,24,24,24,24,24,25,25,25,25,25,705,7050,-1327.323,-1463.486,348.0556,-476.6353,-0.2643362,0.9817538,-0.2612146,1.173389,0.2588693,0.001376554,0.2628216,0.134692,-0.511937,0.2228188,0.2400595,0.2260214,24,24,24,24,24,24,24,24,24,24,24,24,24,24,24,24
706,7060,-1348.492,-1335.038,-1316.033,-1332.9,-1326.633,-1300.532,-1210.914,-422.0564,177.0055,345.2117,-162.2387,-986.5237,-1454.98,-1328.783,-1305.111,-1283.254,24,24,25,24,24,24,24,24,24,24,24,25,25,25,25,25,706,7060,-1383.719,-1371.261,342.9487,-490.3195,-0.3956571,0.2454328,0.2611809,-1.173396,-0.1293977,0.2589166,-0.2627574,-0.269429,-0.7678991,-0.4453631,0.2400595,0.2260214,24,24,24,24,24,24,24,24,24,24,24,24,24,24,24,24
707,7070,-1271.078,-1265.555,-1303.975,-1292.612,-1275.45,-1303.37,-1215.123,-411.0223,186.6671,351.2422,-141.8263,-972.668,-1439.627,-1253.589,-1251.696,-1255.785,24,24,25,24,24,24,24,24,24,24,24,25,25,25,25,25,707,7070,-1382.377,-1396.129,342.6868,-477.1517,1.180189,0.6135949,-0.9142104,-3.210623E-06,1.29425,0.001376554,0.9198017,0.404105,-0.8958809,-0.6680905,-0.1212207,0.4520717,24,24,24,24,24,24,24,24,24,24,24,24,24,24,24,24
708,7080,-1242.108,-1265.071,-1283.304,-1272.042,-1273.157,-1302.63,-1202.369,-407.8876,178.2442,341.2735,-154.7621,-984.0045,-1433.795,-1257.289,-1272.204,-1309.76,24,24,25,24,24,24,24,24,24,24,24,25,25,25,25,25,708,7080,-1310.136,-1300.863,340.8536,-481.541,0.1296249,-1.595368,-1.605311E-05,0.5215046,-0.388243,0.001376554,-0.6569448,-0.808255,0.5119129,0.5569098,-0.1212207,-0.3391027,24,24,24,24,24,24,24,24,24,24,24,24,24,24,24,24
709,7090,-1314.714,-1324.041,-1298.807,-1283.849,-1341.118,-1312.38,-1187.063,-404.8783,170.4406,345.2117,-183.9565,-1011.716,-1446.173,-1355.161,-1348.989,-1306.266,24,24,25,24,24,24,24,24,24,24,24,25,25,25,25,25,709,7090,-1359.953,-1361.26,340.1989,-480.1209,-0.920939,-0.1227261,0.3917811,0.7822586,1.035405,-0.1273935,-0.9197375,-0.1347209,0.6398948,-0.2226358,-0.2416475,0.2260214,24,24,24,24,24,24,24,24,24,24,24,24,24,24,24,24
710,7100,-1338.515,-1307.849,-1346.547,-1333.508,-1294.764,-1362.239,-1255.045,-417.0409,188.1535,349.273,-158.2037,-1037.916,-1532.82,-1303.48,-1324.308,-1378.917,24,24,25,24,24,24,24,24,24,24,24,25,25,25,25,25,710,7100,-1405.069,-1407.574,341.5083,-471.8587,0.3922659,0.3681557,-1.605311E-05,0.5215046,0.2588693,0.001376554,-0.1313626,-0.1347209,0.127969,0.3341825,0.4809132,-0.3391027,24,24,24,24,24,24,24,24,24,24,24,24,24,24,24,24
711,7110,-1354.503,-1364.885,-1330.182,-1320.12,-1377.816,-1377.789,-1231.832,-416.7901,170.4406,342.1349,-180.6336,-1031.366,-1466.763,-1337.615,-1366.635,-1352.652,24,24,25,24,24,24,24,24,24,24,24,25,25,25,25,25,711,7110,-1317.253,-1309.416,349.627,-470.6969,-0.001695209,-0.2454457,0.7835814,-0.912642,-1.2942,0.001376554,0.1314268,-0.4041355,-0.2559749,-0.6680905,-0.362074,-2.568498E-05,24,24,24,24,24,24,24,24,24,24,24,24,24,24,24,24
712,7120,-1350.536,-1300.357,-1277.89,-1300.524,-1288.97,-1264.001,-1186.68,-414.4078,179.359,341.6427,-177.192,-1003.906,-1510.682,-1359.338,-1335.992,-1368.073,24,24,25,24,24,24,24,24,24,24,24,25,25,25,25,25,712,7120,-1242.863,-1263.229,344.782,-474.0534,0.1296249,0.6135949,-1.44478E-05,-0.2607571,1.423672,0.3876867,-0.1313626,0.9429326,-0.7678991,0.5569098,-0.1212207,-0.226076,24,24,24,24,24,24,24,24,24,24,24,24,24,24,24,24
713,7130,-1365.562,-1382.287,-1365.372,-1305.271,-1336.772,-1382.232,-1238.974,-407.0099,183.1988,351.1191,-167.2231,-1021.289,-1472.714,-1323.531,-1331.938,-1312.411,24,24,25,24,24,24,24,24,24,24,24,25,25,25,25,25,713,7130,-1254.679,-1245.728,338.6275,-482.3156,0.7862269,-1.227206,-0.5224116,-0.5215111,2.407967E-05,0.001376554,0.3942195,-0.269429,-0.1279931,-0.1112722,-0.2416475,-0.226076,24,24,24,24,24,24,24,24,24,24,24,24,24,24,24,24
714,7140,-1347.771,-1343.376,-1363.772,-1369.049,-1325.305,-1391.119,-1282.978,-447.51,176.1384,351.3653,-134.9431,-992.8218,-1511.991,-1305.867,-1316.081,-1362.049,24,24,25,24,24,24,24,24,24,24,24,25,25,25,25,25,714,7140,-1313.761,-1353.892,345.5677,-467.0822,-0.1330161,-0.3681653,0.130584,-3.210623E-06,-0.388243,-0.3849336,-1.182527,-0.1347209,0.3839327,-0.2226358,-0.2416475,-0.7912002,24,24,24,24,24,24,24,24,24,24,24,24,24,24,24,24
715,7150,-1308.463,-1359.689,-1308.773,-1307.34,-1365.623,-1347.429,-1207.088,-404.0006,180.1021,353.5805,-175.2931,-1013.48,-1470.334,-1394.91,-1379.512,-1315.302,24,24,25,24,24,24,24,24,24,24,24,25,25,25,25,25,715,7150,-1397.281,-1384.288,352.115,-476.8935,0.1296249,-0.1227261,-0.130613,0.6518816,0.1294475,-1.028785,0.5256078,0.6735196,-0.511937,0.2228188,0.2400595,-0.5651498,24,24,24,24,24,24,24,24,24,24,24,24,24,24,24,24
716,7160,-1382.271,-1365.369,-1421.367,-1400.203,-1350.292,-1424.939,-1305.043,-436.9775,180.3499,342.8734,-173.869,-1075.705,-1558.886,-1349.909,-1386.07,-1406.627,24,24,25,24,24,24,24,24,24,24,24,25,25,25,25,25,716,7160,-1330.009,-1388.761,342.0321,-477.539,-0.920939,-0.3681653,0.2611842,-0.1303802,-0.5176647,-0.1273935,0.3942131,-0.9429599,-1.123718E-05,-0.5567268,-0.2416475,0.9041724,24,24,24,24,24,24,24,24,24,24,24,24,24,24,24,24
717,7170,-1407.764,-1404.416,-1347.039,-1393.268,-1411.988,-1354.34,-1238.209,-445.5038,173.6611,351.2422,-162.2387,-998.7419,-1567.217,-1426.196,-1379.154,-1458.552,24,24,25,24,24,24,24,24,24,24,24,25,25,25,25,25,717,7170,-1415.139,-1399.681,340.8536,-469.6641,-0.3956571,0.4908753,0.3917827,-0.2607571,0.9059832,0.1301466,-0.7883459,-0.4041323,-0.2559749,9.150275E-05,0.60134,-0.6781766,24,24,24,24,24,24,24,24,24,24,24,24,24,24,24,24
718,7180,-1445.521,-1464.272,-1423.952,-1320.241,-1374.193,-1443.454,-1266.907,-406.2576,185.8,356.7803,-175.5305,-1055.173,-1520.918,-1390.85,-1410.169,-1350.121,24,24,25,24,24,24,24,24,24,24,24,25,25,25,25,25,718,7180,-1305.839,-1325.337,335.7466,-478.4427,0.5235868,-1.104486,-0.6530101,-0.1303802,-0.5176647,-0.6424737,-0.2627638,0.2694018,0.5119129,-0.2226358,-0.9642078,-0.5651498,24,24,24,24,24,24,24,24,24,24,24,24,24,24,24,24
719,7190,-1389.246,-1369.235,-1385.305,-1405.799,-1344.256,-1349.774,-1256.831,-430.8335,185.6761,350.6268,-167.2231,-1033.759,-1523.894,-1330.215,-1343.146,-1376.387,24,24,25,24,24,24,24,24,24,24,24,25,25,25,25,25,719,7190,-1386.271,-1358.497,335.2229,-462.3056,-0.2643362,0.4908753,1.175378,0.5215046,0.1294475,0.001376554,-1.182533,-0.1347193,-0.2559749,-0.2226358,-1.325488,-1.017251,24,24,24,24,24,24,24,24,24,24,24,24,24,24,24,24
720,7200,-1359.672,-1374.915,-1347.531,-1352.009,-1391.098,-1330.398,-1211.169,-424.0626,179.4828,358.3802,-177.192,-1010.708,-1511.991,-1437.302,-1390.245,-1374.459,24,24,25,24,24,24,24,24,24,24,24,25,25,25,25,25,720,7200,-1273.747,-1304.81,350.5436,-463.7256,-0.5269772,0.1227132,0.130584,-1.043019,0.2588693,-1.415095,-0.6569512,0.9429358,-0.2559749,-0.2226358,-0.362074,0.1130557,24,24,24,24,24,24,24,24,24,24,24,24,24,24,24,24
721,7210,-1407.644,-1365.61,-1413.982,-1360.772,-1333.392,-1405.807,-1274.305,-413.1539,197.6911,359.1187,-158.5597,-1045.474,-1528.059,-1324.486,-1351.254,-1370.483,24,25,25,24,24,24,24,24,24,24,24,25,25,25,25,25,721,7210,-1255.082,-1246.649,345.6986,-468.8895,0.1296249,0.2454328,-0.130613,-0.1303802,-0.6470882,0.1301466,0.7884005,-0.2694258,0.127969,-0.2226358,0.1196326,0.2260792,24,24,24,24,24,24,24,24,24,24,24,24,24,24,24,24
722,7220,-1358.47,-1388.213,-1361.065,-1366.736,-1378.419,-1357.056,-1251.984,-456.5379,177.2532,353.4575,-166.0364,-1002.395,-1566.384,-1445.063,-1382.135,-1451.564,24,25,25,24,24,24,24,24,24,24,24,25,25,25,25,25,722,7220,-1275.492,-1283.493,340.1989,-466.0494,0.3922659,-0.2454457,0.3917827,-0.2607571,0.3882927,-0.1273935,-0.6569512,0.9429358,0.2559508,0.2228188,0.9626201,-0.6781188,24,24,24,24,24,24,24,24,24,24,24,24,24,24,24,24
723,7230,-1476.905,-1472.253,-1444.629,-1367.102,-1423.701,-1472.214,-1269.458,-407.2607,184.6852,356.5342,-172.5636,-1044.214,-1491.52,-1399.567,-1420.908,-1357.23,24,25,25,24,24,24,24,24,24,24,24,25,25,25,25,25,723,7230,-1381.437,-1385.735,342.6868,-461.6601,-0.001695209,-0.490885,-0.7836103,-0.912642,-0.5176647,-0.6424737,0.1314236,-0.1347193,-1.123718E-05,-0.2226358,-0.6029276,0.6781799,24,24,24,24,24,24,24,24,24,24,24,24,24,24,24,24
724,7240,-1406.321,-1382.65,-1378.66,-1415.654,-1338.583,-1364.46,-1280.044,-444.25,195.957,372.6564,-105.5113,-1001.891,-1569.36,-1348.596,-1401.221,-1443.974,24,25,25,24,24,24,24,24,24,24,24,25,25,25,25,25,724,7240,-1288.786,-1331.522,345.9605,-452.7525,0.7862269,-0.8590471,1.175378,1.173389,0.1294475,0.3876867,-0.7883459,-1.077666,0.3839327,0.5569098,-0.0007938265,-1.017193,24,24,24,24,24,24,24,24,24,24,24,24,24,24,24,24
725,7250,-1444.8,-1456.049,-1374.723,-1402.149,-1454.735,-1338.914,-1191.527,-405.5053,180.3499,364.6568,-176.1239,-1005.292,-1485.45,-1434.316,-1405.994,-1350.483,24,25,25,24,24,24,24,24,24,24,24,25,25,25,25,25,725,7250,-1415.811,-1343.101,345.1748,-464.8876,-0.920939,0.4908753,-0.130613,-0.5215111,0.6471379,-0.5137036,-1.445323,0.4041082,0.127969,9.150275E-05,-0.1212207,0.1130557,24,24,24,24,24,24,24,24,24,24,24,24,24,24,24,24
726,7260,-1410.289,-1401.393,-1428.259,-1378.178,-1327.84,-1404.943,-1287.059,-433.0905,186.5432,353.0882,-152.8633,-1046.607,-1537.224,-1316.609,-1354.235,-1383.013,24,25,25,24,24,24,24,24,24,24,24,25,25,25,25,25,726,7260,-1364.249,-1445.594,346.7462,-452.6234,0.3922659,0.4908721,-0.3918115,-0.1303802,-0.388243,-0.7712442,0.3942131,0.8082277,-0.1279931,0.3341825,0.3604863,0.904227,24,24,24,24,24,24,24,24,24,24,24,24,24,24,24,24
727,7270,-1398.385,-1391.477,-1319.724,-1372.701,-1407.762,-1327.313,-1208.363,-424.4388,184.9329,361.3339,-168.1725,-982.7449,-1481.641,-1385.596,-1340.404,-1304.579,24,25,25,24,24,24,24,24,24,24,24,25,25,25,25,25,727,7270,-1334.037,-1300.731,351.3293,-454.4308,0.6549068,-9.631868E-06,0.1305825,-0.3911341,0.1294475,-0.9000142,0.5256078,-0.2694258,0.3839327,-0.5567268,0.1196326,-0.4520685,24,24,24,24,24,24,24,24,24,24,24,24,24,24,24,24
728,7280,-1353.421,-1340.596,-1385.058,-1303.688,-1290.057,-1386.182,-1250.326,-401.869,191.6216,358.1341,-141.3516,-1007.811,-1454.861,-1250.128,-1281.265,-1293.616,24,25,25,24,24,24,24,24,24,24,24,25,25,25,25,25,728,7280,-1247.697,-1277.572,347.139,-456.8836,-0.3956571,-0.2454489,-0.3918148,-0.5215111,0.5177145,0.5164568,-0.5255532,-0.4041323,-1.279825,-0.3339995,-0.1212207,1.582378,24,24,24,24,24,24,24,24,24,24,24,24,24,24,24,24
729,7290,-1267.232,-1268.697,-1236.18,-1269,-1315.648,-1295.102,-1195.226,-421.304,182.9511,354.0728,-156.4236,-996.6006,-1533.772,-1360.89,-1328.958,-1368.435,24,25,25,24,24,24,24,24,24,24,24,25,25,25,25,25,729,7290,-1393.119,-1357.971,345.1748,-450.5579,1.180189,-0.4908881,-0.2612146,-3.210623E-06,0.1294475,0.001376554,1.313983,-1.077666,0.2559508,9.150275E-05,0.60134,-0.9041691,24,24,24,24,24,24,24,24,24,24,24,24,24,24,24,24
730,7300,-1349.094,-1349.176,-1379.521,-1315.008,-1376.971,-1427.161,-1249.051,-394.2204,195.7093,370.6873,-150.7271,-1025.572,-1497.471,-1369.603,-1394.421,-1348.314,24,25,25,24,24,24,24,24,24,24,24,25,25,25,25,25,730,7300,-1284.892,-1337.18,353.8173,-450.5579,-0.5269772,-0.613611,-0.3918148,0.1303738,0.1294475,-0.1273935,-1.445323,-0.1347193,-0.1279931,-0.7794541,-1.084635,2.88956E-05,24,24,24,24,24,24,24,24,24,24,24,24,24,24,24,24
731,7310,-1343.083,-1343.859,-1338.918,-1374.526,-1346.792,-1311.022,-1217.036,-420.4263,191.2501,361.5801,-138.266,-974.6833,-1465.097,-1279.251,-1272.442,-1286.989,24,25,25,24,24,24,24,24,24,24,24,25,25,25,25,25,731,7310,-1340.616,-1294.941,350.2817,-456.3672,-0.3956571,0.4908721,0.7835782,0.5215046,0.6471379,-0.7712442,0.1314268,0.4041082,0.127969,0.4455462,0.1196326,0.2260792,24,24,24,24,24,24,24,24,24,24,24,24,24,24,24,24
732,7320,-1277.81,-1281.505,-1281.335,-1259.141,-1291.988,-1316.576,-1191.272,-387.3241,191.6217,354.3189,-151.7951,-1004.032,-1443.792,-1288.322,-1310.954,-1304.579,24,25,25,24,24,24,24,24,24,24,24,25,25,25,25,25,732,7320,-1296.977,-1290.599,347.139,-455.7217,-0.5269772,-0.613611,-1.605311E-05,0.5215046,-0.2588211,-0.1273935,0.1314268,-0.6735469,-1.123718E-05,-0.5567268,-0.0007938265,2.88956E-05,24,24,24,24,24,24,24,24,24,24,24,24,24,24,24,24
733,7330,-1314.834,-1311.957,-1290.317,-1281.171,-1253.239,-1245.736,-1178.135,-405.6306,189.7637,359.4879,-127.1104,-941.6814,-1418.679,-1241.296,-1239.892,-1279.881,24,25,25,24,24,24,24,24,24,24,24,25,25,25,25,25,733,7330,-1196.538,-1195.989,347.6628,-454.8181,0.3922659,0.4908721,-0.1306162,-1.043019,-0.1293977,-0.2561635,-0.5255501,0.9429358,-0.6399189,-0.5567268,-0.0007938265,0.1130557,24,24,24,24,24,24,24,24,24,24,24,24,24,24,24,24
734,7340,-1259.058,-1283.077,-1300.038,-1267.296,-1358.38,-1395.192,-1214.868,-391.838,181.4647,359.3648,-172.4449,-1039.931,-1490.806,-1374.496,-1374.623,-1333.013,24,25,25,24,24,24,24,24,24,24,24,25,25,25,25,25,734,7340,-1292.277,-1276.914,342.0321,-459.5946,1.44283,0.12271,-1.605311E-05,0.2607507,0.9059832,0.001376554,3.210623E-05,-1.077666,0.127969,9.150275E-05,-0.0007938265,-0.1129947,24,24,24,24,24,24,24,24,24,24,24,24,24,24,24,24
735,7350,-1383.113,-1371.652,-1386.658,-1389.496,-1358.501,-1411.856,-1274.815,-419.0471,200.2923,358.7495,-142.7757,-1043.71,-1561.266,-1302.525,-1337.662,-1414.096,24,25,25,24,24,24,24,24,24,24,24,25,25,25,25,25,735,7350,-1287.846,-1304.547,343.2106,-459.9819,-0.2643362,-1.96353,-0.3918148,0.1303738,-0.388243,0.2589166,-0.1313626,0.5388147,-1.123718E-05,0.6682734,-1.205061,-0.6781188,24,24,24,24,24,24,24,24,24,24,24,24,24,24,24,24
736,7360,-1406.08,-1425.819,-1320.831,-1319.024,-1402.208,-1366.558,-1208.874,-411.7746,178.6158,359.734,-172.0888,-1006.3,-1481.879,-1408.404,-1390.483,-1324.941,24,25,25,24,24,24,24,24,24,24,24,25,25,25,25,25,736,7360,-1346.39,-1378.366,348.9723,-453.1398,-0.2643362,0.4908721,0.9141783,0.1303738,1.035405,-1.286325,-0.3941553,-0.4041323,0.2559508,0.6682734,0.4809132,0.1129979,24,24,24,24,24,24,24,24,24,24,24,24,24,24,24,24
737,7370,-1402.593,-1359.568,-1385.428,-1376.717,-1315.889,-1406.178,-1287.952,-422.4326,192.1172,359.4879,-134.4684,-1030.862,-1568.883,-1342.39,-1363.535,-1392.772,24,25,25,24,24,24,24,24,24,24,24,25,25,25,25,25,737,7370,-1250.114,-1232.701,345.8296,-469.2769,-0.7896181,-0.3681685,-0.9142104,0.2607507,-0.1293977,-0.7712442,0.2628216,0.5388147,0.6398948,-0.3339995,-0.0007938265,0.1129979,24,24,24,24,24,24,24,24,24,24,24,24,24,24,24,24
738,7380,-1344.165,-1391.838,-1338.303,-1331.926,-1367.071,-1360.758,-1216.016,-413.6554,179.359,356.165,-150.8457,-982.1151,-1452.243,-1349.193,-1326.812,-1280.724,24,25,25,24,24,24,24,24,24,24,24,25,25,25,25,25,738,7380,-1298.991,-1356.26,339.2822,-467.0822,-0.3956571,0.4908721,0.6529797,-0.3911341,0.5177145,0.001376554,-0.6569448,0.2694018,-1.279825,-0.4453631,-0.0007938265,-0.5651498,24,24,24,24,24,24,24,24,24,24,24,24,24,24,24,24
739,7390,-1280.695,-1281.851,-1398.843,-1344.219,-1264.707,-1347.429,-1255.3,-409.7684,204.256,366.1337,-124.6182,-1018.392,-1541.628,-1304.434,-1334.442,-1395.904,24,25,25,24,24,24,24,24,24,24,24,25,25,25,25,25,739,7390,-1341.959,-1334.022,341.3773,-459.5946,-0.5269772,0.4908721,-0.5224133,-0.6518881,0.3882927,0.2589166,3.210623E-05,0.5388147,-1.123718E-05,0.5569098,0.4809132,0.4520717,24,24,24,24,24,24,24,24,24,24,24,24,24,24,24,24
740,7400,-1367.125,-1371.53,-1285.15,-1301.132,-1386.51,-1311.392,-1159.386,-382.434,186.6671,360.8416,-155.1181,-960.8276,-1404.872,-1332.96,-1313.815,-1253.375,24,25,25,24,24,24,24,24,24,24,24,25,25,25,25,25,740,7400,-1262.468,-1248.228,348.5794,-463.0802,0.6549068,-1.96353,-0.3918148,-0.2607571,-0.6470882,-0.6424737,-0.5255501,-1.347081,-0.1279931,-0.4453631,-0.6029276,-0.5651498,24,24,24,24,24,24,24,24,24,24,24,24,24,24,24,24
741,7410,-1277.45,-1268.193,-1286.257,-1282.266,-1248.29,-1267.21,-1184.64,-403.7498,191.9933,356.6573,-124.2622,-922.2833,-1393.565,-1231.15,-1220.219,-1271.327,24,25,25,24,24,24,24,24,24,24,24,25,25,25,25,25,741,7410,-1306.644,-1329.022,341.3773,-463.8548,-1.183581,-0.613611,1.044777,0.1303738,0.5177145,0.6452268,-0.7883395,-0.2694258,-0.2559749,-0.4453631,-0.4825008,-0.7912002,24,24,24,24,24,24,24,24,24,24,24,24,24,24,24,24
742,7420,-1265.309,-1272.061,-1286.995,-1229.929,-1262.172,-1332.126,-1201.986,-391.838,185.6761,354.8112,-139.8088,-977.9583,-1422.13,-1282.234,-1318.585,-1303.254,24,25,25,24,24,24,24,24,24,24,24,25,25,25,25,25,742,7420,-1272.538,-1246.386,343.6034,-466.3076,-0.001696814,-0.1227261,-0.7836119,0.2607507,-0.9059334,-0.9000142,-0.2627574,0.9429358,0.127969,9.150275E-05,-0.7233545,-2.568498E-05,24,24,24,24,24,24,24,24,24,24,24,24,24,24,24,24
743,7430,-1295.842,-1283.18,-1278.013,-1334.969,-1294.764,-1274.368,-1199.18,-415.9124,203.389,367.3644,-130.196,-961.2054,-1511.753,-1318.16,-1298.792,-1399.88,24,25,25,24,24,24,24,24,24,24,24,25,25,25,25,25,743,7430,-1259.513,-1269.677,341.1154,-461.1437,0.7862269,0.7363146,-1.605311E-05,0.2607507,-0.6470882,0.5164568,1.051196,-1.284249E-05,0.2559508,-0.1112722,0.4809132,-0.1130525,24,24,24,24,24,24,24,24,24,24,24,24,24,24,24,24
744,7440,-1416.061,-1418.073,-1353.683,-1290.908,-1375.28,-1394.081,-1202.751,-382.6848,191.374,361.8262,-150.7271,-996.7266,-1440.222,-1332.841,-1361.985,-1305.062,24,25,25,24,24,24,24,24,24,24,24,25,25,25,25,25,744,7440,-1326.517,-1300.204,342.8177,-464.6294,-1.052261,-0.1227261,-0.3918148,-0.5215111,2.407967E-05,0.3876867,-0.2627574,0.2694018,-0.2559749,0.3341825,-0.1212207,-0.226076,24,24,24,24,24,24,24,24,24,24,24,24,24,24,24,24
745,7450,-1364.12,-1327.536,-1349.869,-1393.389,-1318.183,-1338.79,-1248.668,-428.5765,197.4434,358.5033,-134.4684,-995.593,-1547.222,-1308.612,-1326.812,-1433.011,24,25,25,24,24,24,24,24,24,24,24,25,25,25,25,25,745,7450,-1230.778,-1267.703,345.5676,-467.0822,1.048867,-0.1227261,-0.6530133,-0.2607571,0.1294475,-0.6424737,3.210623E-05,0.1346937,-0.511937,-0.5567268,-0.4825008,-2.568498E-05,24,24,24,24,24,24,24,24,24,24,24,24,24,24,24,24
746,7460,-1401.511,-1463.048,-1358.112,-1301.862,-1445.799,-1431.111,-1198.16,-390.7096,183.4465,362.3185,-170.3087,-1002.647,-1478.665,-1417.121,-1391.796,-1316.748,24,25,25,24,24,24,24,24,24,24,24,25,25,25,25,25,746,7460,-1428.03,-1406.259,347.9246,-458.3036,0.1296241,-0.3681653,0.6529797,0.7822586,-0.2588211,0.2589166,0.2628216,-1.347081,0.127969,1.336455,-0.9642078,-1.243301,24,24,24,24,24,24,24,24,24,24,24,24,24,24,24,24
747,7470,-1392.012,-1347.479,-1345.193,-1337.403,-1274.847,-1311.886,-1202.114,-383.4371,217.5096,363.7953,-133.7563,-973.2977,-1479.38,-1242.012,-1243.111,-1321.206,24,25,25,24,24,24,24,24,24,24,24,25,25,25,25,25,747,7470,-1290.397,-1328.759,349.496,-464.7585,-0.3956579,-0.1227261,0.1305825,-0.782265,-0.388243,-0.9000146,-0.6569512,-0.9429599,0.3839327,-0.2226358,-0.0007938265,0.1129979,24,24,24,24,24,24,24,24,24,24,24,24,24,24,24,24
748,7480,-1333.347,-1343.732,-1294.255,-1257.193,-1326.874,-1346.936,-1168.569,-359.9897,203.2651,373.641,-132.5695,-973.1718,-1417.607,-1277.938,-1309.761,-1293.736,24,25,25,24,24,24,24,24,24,24,24,25,25,25,25,25,748,7480,-1267.57,-1269.808,340.4607,-465.0166,0.654906,0.7363146,-1.04481,-0.6518881,-0.6470882,0.6452268,0.3942131,0.8082277,-1.123718E-05,0.3341825,0.1196326,0.4520717,24,24,24,24,24,24,24,24,24,24,24,24,24,24,24,24
749,7490,-1295.842,-1290.674,-1287.241,-1336.916,-1308.043,-1291.152,-1211.042,-419.4233,199.3014,361.7032,-133.9937,-992.8218,-1539.961,-1282.712,-1292.831,-1410,24,25,25,24,24,24,24,24,24,24,24,25,25,25,25,25,749,7490,-1306.242,-1300.994,348.5794,-458.5618,-0.3956579,-0.3681653,-0.2612146,-1.56453,0.6471379,0.1301466,-0.1313691,-0.2694258,-1.123718E-05,-0.6680905,-0.7233545,-0.226076,24,24,24,24,24,24,24,24,24,24,24,24,24,24,24,24
750,7500,-1407.163,-1424.239,-1352.453,-1299.063,-1375.521,-1372.606,-1179.028,-369.3937,199.0536,364.2876,-156.3049,-988.0352,-1432.366,-1318.757,-1326.931,-1295.544,24,25,25,24,24,24,24,24,24,24,24,25,25,25,25,25,750,7500,-1330.814,-1312.705,355.7814,-455.7217,-0.264337,0.7363146,0.3917811,0.1303738,-0.388243,0.001376554,-0.2627638,-1.284249E-05,-0.6399189,0.5569098,0.4809132,0.5650953,24,24,24,24,24,24,24,24,24,24,24,24,24,24,24,24
751,7510,-1296.683,-1272.182,-1309.512,-1319.511,-1254.205,-1299.174,-1210.914,-395.4743,208.2197,358.1341,-135.2991,-971.9122,-1474.976,-1254.067,-1245.257,-1293.375,24,25,25,24,24,24,24,24,24,24,24,25,25,25,25,25,751,7510,-1254.679,-1247.833,350.6745,-463.8548,0.5235851,-1.349926,-0.5224133,-3.210623E-06,0.5177145,-0.2561635,-0.1313691,-1.284249E-05,0.7678766,0.2228188,-0.4825008,-0.5651498,24,24,24,24,24,24,24,24,24,24,24,24,24,24,24,24
752,7520,-1290.673,-1320.647,-1285.027,-1200.961,-1252.032,-1336.075,-1188.976,-370.3968,207.1049,367.6105,-132.4509,-959.5678,-1396.898,-1223.631,-1232.142,-1222.291,24,25,25,24,24,24,24,24,24,24,24,25,25,25,25,25,752,7520,-1336.588,-1337.312,345.6985,-462.0475,-0.6582989,-0.8590471,0.5223796,0.3911277,-0.1293977,-1.415095,-1.708115,-1.284249E-05,-0.511937,-0.3339995,-0.362074,-0.1130011,24,24,24,24,24,24,24,24,24,24,24,24,24,24,24,24
753,7530,-1208.811,-1210.18,-1188.563,-1179.539,-1196.383,-1199.086,-1116.275,-362.6228,200.0446,357.6418,-135.5365,-944.3265,-1361.547,-1233.537,-1240.846,-1218.556,24,24,25,24,24,24,24,24,24,24,24,25,25,25,25,25,753,7530,-1285.16,-1291.388,345.3057,-457.2708,0.3922651,0.8590342,0.2611809,-0.3911341,0.7765597,-0.6424745,0.2628184,0.4041082,-0.1279931,0.6682734,0.7217665,-0.4520749,24,24,24,24,24,24,24,24,24,24,24,24,24,24,24,24
754,7540,-1233.694,-1222.777,-1224.245,-1250.134,-1236.943,-1213.278,-1149.437,-393.9696,193.4797,355.5497,-139.5715,-947.8534,-1439.984,-1301.093,-1270.296,-1292.049,24,24,25,24,24,24,24,24,24,24,24,25,25,25,25,25,754,7540,-1335.38,-1361.787,347.2699,-451.9779,-0.5269788,0.2454328,-0.3918148,-0.782265,-1.164779,-0.3849336,-0.2627638,-1.077666,0.5119129,-0.6680905,-0.2416475,0.7911969,24,24,24,24,24,24,24,24,24,24,24,24,24,24,24,24
755,7550,-1304.857,-1308.694,-1323.784,-1277.398,-1283.78,-1325.832,-1203.006,-386.9479,194.7183,355.3035,-142.7758,-1003.906,-1463.193,-1255.857,-1293.785,-1304.7,24,24,25,24,24,24,24,24,24,24,24,25,25,25,25,25,755,7550,-1313.627,-1330.074,353.4244,-447.5887,0.1296241,0.7363146,1.175377,-0.912642,0.9059832,0.5164568,-0.1313691,0.1346937,-0.8958809,-0.7794541,0.1196326,-0.1130011,24,24,24,24,24,24,24,24,24,24,24,24,24,24,24,24
756,7560,-1310.747,-1319.328,-1245.777,-1285.066,-1316.372,-1265.976,-1151.35,-393.9696,190.6308,356.5342,-155.1181,-945.3342,-1436.175,-1373.78,-1323.831,-1309.399,24,24,25,24,24,24,24,24,24,24,24,25,25,25,25,25,756,7560,-1331.217,-1339.417,358.2695,-449.6542,0.7862269,-0.490885,-0.9142104,-0.5215111,-0.1293977,-1.028785,0.2628184,-0.5388404,-1.123718E-05,-0.4453631,-0.4825008,-0.5650985,24,24,24,24,24,24,24,24,24,24,24,24,24,24,24,24
757,7570,-1354.503,-1329.721,-1349.623,-1329.857,-1283.9,-1290.659,-1187.701,-400.8659,190.8785,353.9497,-121.5326,-941.5552,-1410.704,-1198.805,-1222.126,-1295.664,24,24,25,24,24,24,24,24,24,24,24,25,25,25,25,25,757,7570,-1294.157,-1286.914,363.2454,-443.8448,0.5235868,-0.9817667,0.2611809,0.9126356,-0.5176647,-0.6424745,-0.3941585,-0.2694258,-0.6399189,-0.7794541,-0.8437814,-0.2260246,24,24,24,24,24,24,24,24,24,24,24,24,24,24,24,24
758,7580,-1269.035,-1281.143,-1273.83,-1240.762,-1314.803,-1319.919,-1181.578,-396.1012,175.1475,352.2267,-160.8146,-1004.914,-1468.311,-1340.002,-1347.796,-1318.194,24,24,25,24,24,24,24,24,24,24,24,25,25,25,25,25,758,7580,-1266.093,-1275.335,358.1385,-457.7872,-0.1330161,0.12271,0.6529797,-0.5215111,-0.388243,-0.3849336,0.1314236,0.6735212,0.127969,-0.1112722,-0.1212207,-0.4520749,24,24,24,24,24,24,24,24,24,24,24,24,24,24,24,24
759,7590,-1349.454,-1311.353,-1357.497,-1377.082,-1280.4,-1285.246,-1213.083,-432.9651,181.9601,355.0574,-124.7369,-936.5168,-1432.128,-1261.944,-1246.569,-1254.941,24,24,25,24,24,24,24,24,24,24,24,25,25,25,25,25,759,7590,-1363.712,-1355.339,346.0914,-460.6274,-0.001695209,-0.1227293,-0.5224116,-0.3911341,-0.1293977,-0.5137036,0.3942131,-1.284249E-05,-0.6399189,-0.2226358,-0.0007938265,0.6781734,24,24,24,24,24,24,24,24,24,24,24,24,24,24,24,24
760,7600,-1207.609,-1251.295,-1282.32,-1238.814,-1247.083,-1293.02,-1175.712,-373.4061,198.4343,354.0728,-149.4216,-1013.228,-1450.338,-1242.25,-1288.3,-1329.037,24,24,25,24,24,24,24,24,24,24,24,25,25,25,25,25,760,7600,-1303.556,-1314.811,350.5436,-455.2053,-0.001695209,0.2454328,0.2611842,-0.6518881,0.1294475,0.2589166,-0.6569512,0.9429358,-0.511937,-0.2226358,-0.0007938265,-0.3390514,24,24,24,24,24,24,24,24,24,24,24,24,24,24,24,24
761,7610,-1334.789,-1325.733,-1290.194,-1319.876,-1344.015,-1289.318,-1164.87,-392.0888,188.2773,354.1959,-163.3068,-974.3054,-1452.124,-1351.341,-1304.158,-1269.158,24,24,25,24,24,24,24,24,24,24,24,25,25,25,25,25,761,7610,-1314.432,-1289.02,359.5789,-454.9471,0.7862269,-0.3681685,-1.044807,-0.2607571,-1.2942,-0.9000146,0.7884005,-0.2694258,-0.1279931,0.2228188,0.2400595,-0.6781253,24,24,24,24,24,24,24,24,24,24,24,24,24,24,24,24
762,7620,-1302.693,-1304.948,-1350.115,-1298.454,-1248.531,-1304.001,-1197.012,-388.3272,201.1594,358.2572,-131.0268,-950.7504,-1401.897,-1200.357,-1208.773,-1242.17,24,24,25,24,24,24,24,24,24,24,24,25,25,25,25,25,762,7620,-1397.415,-1415.994,359.0551,-454.4307,-0.1330161,-1.595371,-1.44478E-05,0.5215046,-0.388243,1.417848,2.88956E-05,-0.6735469,-0.511937,-0.2226358,-1.205061,-0.9041756,24,24,24,24,24,24,24,24,24,24,24,24,24,24,24,24
763,7630,-1208.45,-1240.299,-1236.057,-1197.553,-1260.965,-1299.806,-1160.789,-368.1398,195.2138,359.9802,-152.7446,-974.0535,-1387.138,-1267.554,-1279.596,-1239.881,24,24,25,24,24,24,24,24,24,24,24,25,25,25,25,25,763,7630,-1355.118,-1351.128,349.627,-467.9859,-0.7896181,-0.4908881,0.5223827,0.3911277,-0.1293977,-0.6424745,-0.1313691,0.6735212,0.8958569,0.6682734,0.7217665,-0.2260246,24,24,24,24,24,24,24,24,24,24,24,24,24,24,24,24
764,7640,-1296.803,-1296.731,-1314.925,-1326.571,-1274.968,-1295.611,-1202.624,-414.5331,188.4012,348.4116,-146.4547,-971.2824,-1468.906,-1286.77,-1278.046,-1318.555,24,24,25,24,24,24,24,24,24,24,24,25,25,25,25,25,764,7640,-1260.99,-1278.756,344.1272,-464.113,0.5235868,0.6135917,0.3917827,0.2607507,-1.2942,-0.5137036,0.6570058,-0.1347209,0.2559508,-1.002181,-0.1212207,0.6781734,24,24,24,24,24,24,24,24,24,24,24,24,24,24,24,24
765,7650,-1320.604,-1323.558,-1288.595,-1269.243,-1322.408,-1310.665,-1165.38,-378.4216,188.2773,354.8112,-153.338,-979.9737,-1395.231,-1285.815,-1306.9,-1272.652,24,24,25,24,24,24,24,24,24,24,24,25,25,25,25,25,765,7650,-1277.641,-1262.176,350.1508,-455.4635,1.311509,-0.4908881,-1.44478E-05,-1.434153,0.1294475,0.9027677,0.6570058,0.2693985,-0.6399189,0.1114552,-0.1212207,0.1130492,24,24,24,24,24,24,24,24,24,24,24,24,24,24,24,24
766,7660,-1320.965,-1299.631,-1359.343,-1381.829,-1296.454,-1326.335,-1245.989,-419.5486,209.9538,363.5492,-132.6882,-989.5468,-1529.368,-1309.209,-1288.658,-1401.687,24,24,25,24,24,24,24,24,24,24,24,25,25,25,25,25,766,7660,-1226.481,-1244.807,351.7221,-467.4695,-0.3956571,-0.7363306,-1.044807,-0.3911341,0.5177145,-0.3849336,-0.3941585,-0.538842,-0.8958809,0.2228188,0.7217665,0.5651466,24,24,24,24,24,24,24,24,24,24,24,24,24,24,24,24
767,7670,-1414.016,-1409.373,-1358.974,-1288.961,-1344.74,-1388.404,-1206.323,-381.3055,192.4888,359.1187,-154.7621,-1012.22,-1463.312,-1313.625,-1343.266,-1318.676,24,24,25,24,24,24,24,24,24,24,24,25,25,25,25,25,767,7670,-1289.591,-1279.809,354.0792,-460.3692,-0.2643362,-1.349929,0.130584,0.3911277,-0.2588211,1.031538,-0.5255532,-0.4041355,-0.3839552,9.150275E-05,-1.32554,-0.4520749,24,24,24,24,24,24,24,24,24,24,24,24,24,24,24,24
768,7680,-1348.372,-1328.271,-1324.645,-1343.002,-1298.506,-1282.285,-1172.013,-389.5811,199.673,360.3494,-139.8088,-938.2804,-1389.756,-1238.073,-1232.619,-1229.52,24,24,25,24,24,24,24,24,24,24,24,25,25,25,25,25,768,7680,-1352.835,-1370.208,353.1625,-466.0494,-0.7896181,0.12271,-1.44478E-05,-0.5215111,0.6471379,-0.6424745,-0.5255532,0.404105,0.5119129,-0.2226358,0.3604349,-0.6781766,24,24,24,24,24,24,24,24,24,24,24,24,24,24,24,24
769,7690,-1244.032,-1257.096,-1289.825,-1263.766,-1276.899,-1352.124,-1207.088,-381.6816,198.3104,359.2417,-142.4197,-1011.716,-1455.218,-1289.993,-1346.485,-1333.977,24,24,25,24,24,24,24,24,24,24,24,25,25,25,25,25,769,7690,-1290.397,-1290.994,352.3769,-461.0146,-0.001695209,0.859031,-1.44478E-05,1.173389,-1.164779,-1.028785,-0.1313691,0.2693985,0.2559508,-0.2226358,0.1195812,0.678122,24,24,24,24,24,24,24,24,24,24,24,24,24,24,24,24
770,7700,-1389.847,-1377.573,-1318.493,-1382.559,-1361.277,-1303.631,-1198.797,-408.3892,198.9298,368.472,-136.2485,-953.2698,-1426.772,-1268.986,-1258.492,-1242.17,24,24,25,24,24,24,24,24,24,24,24,25,25,25,25,25,770,7700,-1391.507,-1452.304,346.8771,-463.8548,0.6549068,0.6135917,0.130584,-1.043019,0.1294475,0.5164568,0.3942131,-0.1347209,-0.2559749,9.150275E-05,0.3604349,-2.568498E-05,24,24,24,24,24,24,24,24,24,24,24,24,24,24,24,24
771,7710,-1225.279,-1235.828,-1257.343,-1222.626,-1208.455,-1254.645,-1168.952,-373.7822,204.7515,362.9338,-130.552,-981.1074,-1434.985,-1248.576,-1284.842,-1318.796,24,24,25,24,24,24,24,24,24,24,24,25,25,25,25,25,771,7710,-1337.797,-1334.417,349.8889,-454.9471,-0.3956571,-0.8590503,-1.044807,-0.1303802,1.035405,0.3876867,-0.3941585,-0.269429,-1.663769,9.150275E-05,0.4808614,1.243246,24,24,24,24,24,24,24,24,24,24,24,24,24,24,24,24
772,7720,-1323.97,-1333.225,-1294.747,-1311.843,-1327.478,-1316.711,-1197.905,-409.643,196.0809,363.0569,-140.7582,-958.6862,-1484.735,-1313.028,-1281.981,-1324.579,24,24,25,24,24,24,24,24,24,24,24,25,25,25,25,25,772,7720,-1409.903,-1403.628,360.1027,-448.3633,0.5235868,-0.8590503,0.5223827,1.043012,2.407967E-05,0.001376554,-0.1313691,-1.44478E-05,0.2559508,0.2228188,-0.3621257,-1.017251,24,24,24,24,24,24,24,24,24,24,24,24,24,24,24,24
773,7730,-1342.963,-1350.626,-1362.296,-1294.438,-1321.08,-1378.9,-1210.021,-362.4974,216.6426,372.4102,-130.4334,-1006.93,-1456.289,-1240.579,-1291.877,-1322.411,24,24,25,24,24,24,24,24,24,24,24,25,25,25,25,25,773,7730,-1287.712,-1305.994,357.2219,-460.111,-0.5269772,-0.613611,-0.2612131,-0.1303802,0.5177145,-1.157555,-1.313928,0.404105,0.6398948,-0.3339995,0.3604349,-0.5651498,24,24,24,24,24,24,24,24,24,24,24,24,24,24,24,24
774,7740,-1335.991,-1355.943,-1302.744,-1348.114,-1350.654,-1301.41,-1172.268,-393.9696,203.2651,368.3489,-147.2854,-946.0901,-1441.174,-1329.976,-1290.684,-1284.218,24,24,25,24,24,24,24,24,24,24,24,25,25,25,25,25,774,7740,-1334.306,-1296.125,353.0316,-454.8181,0.1296249,0.4908753,0.3917827,0.5215046,0.3882927,-0.5137036,0.5256078,0.404105,-0.1279931,0.2228188,-0.3621257,-2.568498E-05,24,24,24,24,24,24,24,24,24,24,24,24,24,24,24,24
775,7750,-1311.469,-1303.982,-1353.437,-1289.934,-1311.302,-1407.416,-1228.133,-370.2714,206.2379,367.2413,-134.8244,-1005.166,-1461.526,-1302.406,-1338.496,-1321.447,24,24,25,24,24,24,24,24,24,24,24,25,25,25,25,25,775,7750,-1243.803,-1240.596,350.6746,-458.9492,0.3922659,0.1227132,0.3917811,-1.694907,0.2588693,-0.5137036,0.1314236,-0.1347209,-0.7678991,-0.4453631,0.7217151,-0.226076,24,24,24,24,24,24,24,24,24,24,24,24,24,24,24,24
776,7760,-1339.838,-1335.884,-1301.883,-1336.916,-1325.788,-1249.462,-1155.814,-398.6089,197.1956,366.1337,-146.0987,-961.0795,-1460.455,-1322.935,-1281.027,-1277.592,24,24,25,24,24,24,24,24,24,24,24,25,25,25,25,25,776,7760,-1304.228,-1304.152,342.9487,-458.9492,-0.1330161,0.7363146,-0.6530133,0.5215046,1.035405,0.7739968,0.7884005,-1.44478E-05,-0.511937,-0.1112722,0.3604349,0.678122,24,24,24,24,24,24,24,24,24,24,24,24,24,24,24,24
777,7770,-1299.808,-1301.202,-1350.238,-1274.842,-1268.57,-1349.903,-1192.548,-359.3627,216.0233,371.0565,-131.9762,-988.2872,-1442.007,-1255.38,-1286.273,-1300.242,24,24,25,24,24,24,24,24,24,24,24,25,25,25,25,25,777,7770,-1303.556,-1315.995,348.4485,-451.7198,0.2609458,-0.8590471,-0.1306162,0.1303738,-0.2588211,0.3876867,0.1314236,-0.9429631,0.5119129,1.113728,-0.8438327,-0.6781766,24,24,24,24,24,24,24,24,24,24,24,24,24,24,24,24
778,7780,-1272.401,-1263.017,-1215.509,-1259.871,-1319.631,-1298.449,-1168.059,-389.9572,197.9389,367.9797,-134.3497,-930.9745,-1420.107,-1293.693,-1261.592,-1266.869,24,24,25,24,24,24,24,24,24,24,24,25,25,25,25,25,778,7780,-1336.454,-1347.049,352.2459,-450.2997,-0.7896181,0.2454328,-0.3918148,-0.782265,0.1294475,-0.6424737,-1.970905,0.6735196,-0.1279931,-0.3339995,0.3604349,-0.3391027,24,24,24,24,24,24,24,24,24,24,24,24,24,24,24,24
779,7790,-1304.857,-1306.278,-1367.586,-1291.03,-1279.072,-1427.169,-1264.484,-393.3427,195.8331,359.734,-138.0287,-1027.083,-1503.184,-1310.999,-1347.319,-1352.411,24,24,25,24,24,24,24,24,24,24,24,25,25,25,25,25,779,7790,-1371.903,-1350.207,350.4127,-455.8508,0.2609458,0.7363146,-0.3918148,-0.3911341,-0.1293977,-0.1273935,0.3942131,0.2693985,-0.6399189,-0.1112722,-0.4825526,0.7911456,24,24,24,24,24,24,24,24,24,24,24,24,24,24,24,24
780,7800,-1350.296,-1351.834,-1301.268,-1352.131,-1357.897,-1290.428,-1169.334,-395.725,196.8241,363.7953,-157.373,-955.2853,-1413.918,-1307.538,-1287.108,-1241.086,24,24,25,24,24,24,24,24,24,24,24,25,25,25,25,25,780,7800,-1295.902,-1295.204,348.3175,-460.7565,-0.1330161,-6.421245E-06,-0.2612146,-0.2607571,-0.388243,-0.9000142,2.88956E-05,-0.808255,-1.123718E-05,9.150275E-05,1.564703,0.1129979,24,24,24,24,24,24,24,24,24,24,24,24,24,24,24,24
781,7810,-1333.827,-1301.082,-1332.766,-1284.579,-1230.907,-1308.073,-1214.868,-397.982,201.4071,366.3798,-115.3614,-980.3516,-1472.953,-1272.089,-1313.1,-1327.35,24,24,25,24,24,24,24,24,24,24,24,25,25,25,25,25,781,7810,-1319.804,-1305.468,352.9007,-450.2997,0.1296249,-0.490885,-1.04481,-1.173396,0.1294475,0.1301466,-0.6569512,-0.269429,-1.023863,-1.113547,-0.9642596,0.678122,24,24,24,24,24,24,24,24,24,24,24,24,24,24,24,24
782,7820,-1343.925,-1358.239,-1305.82,-1367.832,-1405.106,-1322.757,-1194.716,-412.9031,195.8331,363.4261,-158.441,-972.2901,-1488.663,-1400.403,-1346.366,-1361.206,24,24,25,24,24,24,24,24,24,24,24,25,25,25,25,25,782,7820,-1336.857,-1349.549,351.8531,-456.8836,-0.2643362,-0.490885,-0.2612146,0.1303738,0.3882927,-0.3849336,0.2628184,-0.4041355,0.5119129,0.5569098,0.3604349,-2.568498E-05,24,24,24,24,24,24,24,24,24,24,24,24,24,24,24,24
783,7830,-1403.074,-1399.095,-1422.228,-1322.189,-1351.499,-1462.353,-1253.77,-385.3179,195.8331,360.3494,-148.2349,-1029.854,-1495.328,-1289.993,-1342.55,-1339.76,24,24,25,24,24,24,24,24,24,24,24,25,25,25,25,25,783,7830,-1326.92,-1335.733,343.2106,-459.4655,0.1296249,-0.3681653,-1.605311E-05,-0.1303802,-1.553046,0.001376554,-1.182533,-0.4041355,-0.2559749,-0.6680905,-1.807195,-0.4521263,24,24,24,24,24,24,24,24,24,24,24,24,24,24,24,24
784,7840,-1340.92,-1334.192,-1296.839,-1311.843,-1295.73,-1242.182,-1154.029,-388.2018,191.7456,359.734,-152.0325,-964.6064,-1425.225,-1313.147,-1289.373,-1259.399,24,24,25,24,24,24,24,24,24,24,24,25,25,25,25,25,784,7840,-1324.235,-1339.549,339.937,-461.9184,-0.001695209,0.2454328,0.6529797,-0.3911341,0.5177145,-0.1273935,0.2628184,0.404105,0.5119129,-0.3339995,0.3604863,-0.4520685,24,24,24,24,24,24,24,24,24,24,24,24,24,24,24,24
785,7850,-1271.439,-1248.637,-1294.624,-1270.825,-1229.7,-1316.958,-1212.955,-388.4525,205.1231,364.0415,-126.8731,-986.3978,-1467.12,-1239.863,-1250.146,-1285.182,24,24,25,24,24,24,24,24,24,24,24,25,25,25,25,25,785,7850,-1333.5,-1327.969,342.9487,-458.5618,0.2609458,0.1227132,-0.6530133,-0.3911341,-0.2588211,-0.3849336,-0.5255532,0.134692,-1.123718E-05,9.150275E-05,0.3604863,0.2260792,24,24,24,24,24,24,24,24,24,24,24,24,24,24,24,24
786,7860,-1267.232,-1267.85,-1243.07,-1252.325,-1293.678,-1283.272,-1158.875,-379.55,195.09,363.5492,-133.4003,-939.1621,-1378.449,-1265.644,-1257.3,-1223.496,24,24,25,24,24,24,24,24,24,24,24,25,25,25,25,25,786,7860,-1231.584,-1230.859,346.0914,-459.9819,-0.001695209,-6.421245E-06,-1.605311E-05,-0.782265,0.6471379,0.001376554,-0.5255532,1.077641,-0.511937,-1.336274,-1.686768,-0.1129947,24,24,24,24,24,24,24,24,24,24,24,24,24,24,24,24
787,7870,-1252.326,-1237.52,-1247.007,-1242.831,-1230.907,-1281.421,-1194.078,-394.9727,198.5582,359.4879,-144.5559,-1013.731,-1475.214,-1297.154,-1337.304,-1347.35,24,24,25,24,24,24,24,24,24,24,24,25,25,25,25,25,787,7870,-1321.952,-1329.811,346.7462,-460.2401,-0.5269772,-0.3681653,-0.9142104,0.5215046,-1.553046,-0.7712442,0.6570058,-0.808255,-0.6399189,0.6682734,1.083047,-0.1129947,24,24,24,24,24,24,24,24,24,24,24,24,24,24,24,24
788,7880,-1346.449,-1355.097,-1308.158,-1378.543,-1363.45,-1297.462,-1198.032,-413.0285,197.9389,366.626,-153.5753,-976.6987,-1466.525,-1327.112,-1292.711,-1293.616,24,24,25,24,24,24,24,24,24,24,24,25,25,25,25,25,788,7880,-1342.899,-1323.627,340.4608,-471.4715,0.5235868,-0.3681653,1.175377,0.6518816,0.2588693,-0.3849336,-0.3941585,-1.616497,-0.511937,0.5569098,-0.9642078,-0.2260182,24,24,24,24,24,24,24,24,24,24,24,24,24,24,24,24
789,7890,-1298.005,-1322.108,-1337.442,-1264.983,-1283.417,-1390.009,-1225.965,-372.5284,207.6004,366.9952,-141.3516,-1034.263,-1480.689,-1272.089,-1335.635,-1376.507,24,24,25,24,24,24,24,24,24,24,24,25,25,25,25,25,789,7890,-1321.549,-1340.207,331.1635,-467.2112,-0.920939,-0.1227261,0.1305825,-0.3911341,2.407967E-05,-0.2561635,-0.6569512,0.2693985,0.6398948,0.3341825,0.4809132,0.3391027,24,24,24,24,24,24,24,24,24,24,24,24,24,24,24,24
790,7900,-1403.315,-1419.894,-1352.575,-1412.613,-1423.943,-1355.328,-1218.439,-426.3195,188.0296,367.8567,-156.0675,-980.2256,-1508.064,-1434.794,-1378.319,-1351.085,24,24,25,24,24,24,25,24,24,24,24,25,25,25,25,25,790,7900,-1296.977,-1270.729,338.2346,-466.824,0.9175478,0.7363146,-1.605311E-05,0.9126356,0.3882927,-1.286325,-0.3941585,0.2693985,-0.1279931,0.2228188,-0.362074,0.2260792,24,24,24,24,24,24,24,24,24,24,24,24,24,24,24,24
791,7910,-1429.408,-1391.598,-1433.059,-1336.186,-1310.578,-1396.18,-1249.561,-388.0764,206.114,375.7332,-130.4334,-1017.762,-1488.544,-1372.706,-1411.124,-1331.326,24,24,25,24,24,24,25,24,24,24,24,25,25,25,25,25,791,7910,-1395.133,-1415.205,332.473,-477.0226,0.3922659,-1.104486,-0.7836119,-1.173396,-0.1293977,-0.5137036,0.1314236,-1.44478E-05,0.5119129,-1.22491,-0.9642078,-0.2260182,24,24,24,24,24,24,24,24,24,24,24,24,24,24,24,24
792,7920,-1422.073,-1395.951,-1385.674,-1469.31,-1371.9,-1352.242,-1235.276,-421.1787,208.3436,367.6105,-137.554,-972.9199,-1508.421,-1313.147,-1281.265,-1322.893,24,24,25,24,24,24,25,24,24,24,24,25,25,25,25,25,792,7920,-1325.577,-1321.258,331.0326,-467.3404,-0.001695209,0.3681557,0.3917811,0.2607507,-0.388243,-0.1273935,-0.1313691,-0.808255,-1.151843,-0.2226358,0.7217665,0.904227,24,24,24,24,24,24,24,24,24,24,24,24,24,24,24,24
793,7930,-1363.038,-1388.091,-1366.848,-1291.882,-1320.235,-1374.457,-1217.802,-383.8133,200.0446,370.0719,-137.91,-988.4131,-1445.697,-1311.357,-1347.319,-1337.833,24,24,25,24,24,24,25,24,24,24,24,25,25,25,25,25,793,7930,-1311.21,-1322.443,338.4966,-470.5678,0.1296249,-1.349926,-0.2612146,-0.5215111,0.5177145,0.2589166,-0.6569512,-1.07767,-0.8958809,-0.5567268,-1.445915,-0.5650953,24,24,24,24,24,24,24,24,24,24,24,24,24,24,24,24
794,7940,-1376.261,-1352.197,-1345.316,-1362.72,-1344.619,-1344.714,-1214.613,-393.4681,208.3436,369.4565,-140.5209,-982.1151,-1463.312,-1279.967,-1280.431,-1290.845,24,24,25,24,24,24,25,24,24,24,24,25,25,25,25,25,794,7940,-1262.602,-1263.887,324.8781,-477.1517,-0.7896181,0.1227132,0.3917811,-0.5215111,0.6471379,-0.3849336,0.1314236,0.2693985,0.3839327,0.1114552,0.1196326,2.88956E-05,24,24,24,24,24,24,24,24,24,24,24,24,24,24,24,24
795,7950,-1285.383,-1304.344,-1296.469,-1262.427,-1281.607,-1302.753,-1179.666,-376.6662,203.2651,370.0719,-117.4976,-948.9871,-1396.898,-1211.337,-1230.592,-1247.11,24,24,25,24,24,24,25,24,24,24,24,25,25,25,25,25,795,7950,-1309.599,-1325.601,326.3185,-472.8915,-0.5269772,0.7363146,-0.2612146,-0.2607571,-0.6470882,-0.5137036,0.1314268,-0.1347209,-0.1279931,-0.4453631,-0.362074,0.5651531,24,24,24,24,24,24,24,24,24,24,24,24,24,24,24,24
796,7960,-1244.633,-1241.991,-1211.572,-1237.719,-1268.087,-1238.455,-1146.886,-386.4464,201.2832,366.5029,-143.7252,-942.941,-1455.456,-1323.173,-1276.854,-1290.122,24,24,25,24,24,24,25,24,24,24,24,25,25,25,25,25,796,7960,-1346.39,-1318.363,337.318,-466.9531,0.7862269,0.6135949,0.3917811,-0.6518881,0.3882927,0.2589166,0.1314268,0.5388131,0.2559508,-0.5567268,-0.8437814,-0.2260182,24,24,24,24,24,24,24,24,24,24,24,24,24,24,24,24
797,7970,-1331.062,-1322.712,-1342.363,-1258.897,-1265.431,-1363.35,-1209.766,-369.0175,206.6095,368.3489,-126.161,-1007.433,-1472.238,-1288.56,-1337.9,-1351.808,24,24,25,24,24,24,25,24,24,24,24,25,25,25,25,25,797,7970,-1312.016,-1324.811,342.6868,-468.244,-0.3956571,-0.1227261,-1.567208,-0.5215111,-0.2588211,-0.1273935,0.9198017,-0.269429,-0.1279963,0.3341825,-0.4825008,-0.5650953,24,24,24,24,24,24,24,24,24,24,24,24,24,24,24,24
798,7980,-1347.892,-1321.141,-1298.315,-1332.169,-1330.978,-1291.029,-1163.212,-382.3086,201.0355,364.5337,-155.8302,-950.4987,-1439.031,-1376.525,-1330.865,-1288.435,24,24,25,24,24,24,25,24,24,24,24,25,25,25,25,25,798,7980,-1454.884,-1430.071,338.3656,-479.0881,-0.2643362,-1.104486,0.1305825,0.6518816,0.6471379,0.2589166,-1.313922,-0.269429,-1.44478E-05,-0.5567268,-1.445915,-0.6781188,24,24,24,24,24,24,24,24,24,24,24,24,24,24,24,24
799,7990,-1334.068,-1276.793,-1364.51,-1396.066,-1337.738,-1377.666,-1256.958,-431.0843,185.3046,355.4265,-128.5346,-994.3334,-1514.015,-1294.886,-1313.1,-1374.218,24,24,25,24,24,24,25,24,24,24,24,25,25,25,25,25,799,7990,-1397.952,-1482.036,326.8423,-480.6373,-1.052259,-0.2454457,0.6529797,-0.1303802,0.3882927,-0.3849336,3.210623E-05,0.8082261,0.5119113,0.1114552,0.4809132,-0.9041691,24,24,24,24,24,24,24,24,24,24,24,24,24,24,24,24
800,8000,-1359.552,-1382.045,-1341.502,-1326.936,-1393.996,-1357.673,-1215.378,-416.5394,175.5191,356.4111,-143.0131,-973.1718,-1460.336,-1337.018,-1326.573,-1274.821,24,24,25,24,24,24,25,24,24,24,24,25,25,25,25,25,800,8000,-1402.92,-1372.445,325.9257,-476.6353,0.7862269,-0.1227261,-0.3918148,-0.782265,-0.5176647,0.001376554,0.2628216,0.134692,-0.3839584,-0.6680905,-0.1212203,-0.339045,24,24,24,24,24,24,24,24,24,24,24,24,24,24,24,24
801,8010,-1271.68,-1294.314,-1331.659,-1353.835,-1306.715,-1283.624,-1194.206,-406.7592,199.673,363.18,-142.4197,-958.3083,-1467.597,-1332.96,-1294.977,-1321.447,24,24,25,24,24,24,25,24,24,24,24,25,25,25,25,25,801,8010,-1307.45,-1342.97,324.6162,-479.6045,0.3922659,0.2454328,-1.605311E-05,-0.2607571,0.7765597,0.001376554,-0.3941553,0.6735196,-0.3839584,0.7796371,0.60134,-0.339045,24,24,24,24,24,24,24,24,24,24,24,24,24,24,24,24
802,8020,-1337.794,-1359.931,-1376.199,-1264.253,-1318.183,-1423.582,-1222.904,-370.8983,202.5219,360.1032,-157.9664,-1025.95,-1479.856,-1308.135,-1330.031,-1320.604,24,24,25,24,24,24,25,24,24,24,24,25,25,25,25,25,802,8020,-1397.012,-1369.024,334.0444,-466.1785,0.3922659,-0.3681653,0.9141783,0.1303738,-0.2588211,-0.6424737,-0.9197375,-0.9429631,0.5119113,0.3341825,-0.4825008,0.4521295,24,24,24,24,24,24,24,24,24,24,24,24,24,24,24,24
803,8030,-1332.865,-1325.491,-1289.825,-1311.356,-1301.524,-1278.317,-1185.533,-407.1353,193.232,356.5341,-154.4061,-968.0074,-1466.168,-1365.186,-1327.169,-1346.869,24,24,25,24,24,24,25,24,24,24,24,25,25,25,25,25,803,8030,-1382.511,-1387.578,343.6034,-477.9263,-0.001695209,-1.349926,-0.5224133,0.6518816,2.407967E-05,0.3876867,-0.7883395,0.6735196,-0.1279963,-0.6680905,-0.8437809,-0.9041691,24,24,24,24,24,24,24,24,24,24,24,24,24,24,24,24
804,8040,-1414.978,-1418.926,-1424.321,-1306.609,-1377.212,-1428.396,-1223.286,-371.7761,197.3195,362.4415,-152.7446,-1030.61,-1484.379,-1327.828,-1361.627,-1330.724,24,24,25,24,24,24,25,24,24,24,24,25,25,25,25,25,804,8040,-1326.517,-1317.574,326.9732,-482.7029,-1.18358,0.1227132,1.175377,0.6518816,0.5177145,-1.028785,-0.2627574,-0.1347209,-1.44478E-05,1.225092,1.564754,-0.2260182,24,24,24,24,24,24,24,24,24,24,24,24,24,24,24,24
805,8050,-1352.339,-1331.412,-1315.786,-1365.032,-1323.373,-1298.064,-1202.751,-407.8877,198.5582,362.8107,-137.91,-963.3468,-1463.55,-1279.25,-1267.673,-1291.086,24,24,25,24,24,24,25,24,24,24,24,25,25,25,25,25,805,8050,-1414.736,-1394.418,327.497,-473.537,0.9175486,0.1227132,-1.605311E-05,-0.1303802,-0.9059334,-0.6424737,0.3942195,-0.1347209,-0.1279963,-1.336274,-0.8437809,1.130277,24,24,24,24,24,24,24,24,24,24,24,24,24,24,24,24
806,8060,-1276.247,-1280.176,-1307.174,-1266.078,-1272.795,-1302.013,-1185.788,-391.2111,189.3921,359.8571,-120.7019,-937.2727,-1383.805,-1207.041,-1234.765,-1261.327,24,24,25,24,24,24,24,24,24,24,24,25,25,25,25,25,806,8060,-1374.723,-1429.018,329.3302,-475.8607,-0.001694406,0.1227132,-0.6530133,-0.6518881,0.2588693,0.3876867,-0.5255501,0.404105,0.2559476,0.7796371,0.60134,-0.4520685,24,24,24,24,24,24,24,24,24,24,24,24,24,24,24,24
807,8070,-1245.714,-1246.341,-1251.929,-1279.589,-1296.213,-1296.583,-1191.527,-413.2793,179.6067,350.0114,-146.8108,-963.0948,-1447.482,-1319.712,-1294.023,-1286.869,24,24,25,24,24,24,24,24,24,24,24,25,25,25,25,25,807,8070,-1369.62,-1360.866,334.1753,-468.8895,-0.001694406,-0.1227261,-0.7835605,-0.2607571,0.2588693,-0.3849336,0.1314268,-1.44478E-05,-0.8958842,-0.7794541,-0.0007938265,1.017254,24,24,24,24,24,24,24,24,24,24,24,24,24,24,24,24
808,8080,-1303.415,-1292.623,-1342.24,-1297.968,-1280.4,-1335.335,-1220.097,-406.1322,183.5704,345.704,-145.7427,-1005.796,-1493.186,-1310.522,-1339.212,-1377.591,24,24,25,24,24,24,24,24,24,24,24,25,25,25,25,25,808,8080,-1297.648,-1305.468,342.6868,-465.533,0.3922667,-1.472648,-0.5223619,-3.210623E-06,-0.5176647,0.1301466,-0.5255501,0.134692,-1.44478E-05,-0.1112722,-0.4825008,-0.6781188,24,24,24,24,24,24,24,24,24,24,24,24,24,24,24,24
809,8090,-1331.303,-1358.601,-1326.491,-1328.275,-1349.085,-1306.949,-1173.543,-399.7375,186.0477,361.3339,-152.0325,-966.3699,-1459.741,-1362.322,-1333.131,-1308.796,24,24,25,24,24,24,24,24,24,24,24,25,25,25,25,25,809,8090,-1261.528,-1281.782,339.4131,-474.4406,-1.44622,-0.490885,0.3918324,0.5215046,-0.1293977,-0.6424737,-0.3941553,-0.1347209,-0.2559765,9.150275E-05,0.119633,-0.4520685,24,24,24,24,24,24,24,24,24,24,24,24,24,24,24,24
810,8100,-1331.543,-1319.208,-1380.752,-1299.915,-1277.623,-1373.346,-1229.153,-390.208,194.9661,348.5347,-147.2855,-1007.811,-1488.187,-1255.738,-1304.635,-1394.097,24,24,25,24,24,24,24,24,24,24,24,25,25,25,25,25,810,8100,-1271.33,-1252.57,330.3778,-474.6989,1.31151,0.4908753,0.1306338,0.3911277,0.3882927,0.001376554,1.051196,0.134692,-1.44478E-05,-0.1112722,-0.2416471,0.904227,24,24,24,24,24,24,24,24,24,24,24,24,24,24,24,24
811,8110,-1354.263,-1382.408,-1345.316,-1383.533,-1407.158,-1328.177,-1201.348,-421.3041,171.8032,337.0891,-184.3126,-995.845,-1522.108,-1406.135,-1342.073,-1342.893,24,24,25,24,24,24,24,24,24,24,24,25,25,25,25,25,811,8110,-1321.146,-1343.628,327.6279,-471.9879,0.3922667,-0.490885,3.531685E-05,-2.346792,-0.388243,-0.2561635,-0.2627574,0.134692,-1.44478E-05,-0.4453631,0.3604863,-0.5650953,24,24,24,24,24,24,24,24,24,24,24,24,24,24,24,24
812,8120,-1408.485,-1378.057,-1411.767,-1318.416,-1334.479,-1457.155,-1276.855,-404.5022,187.5341,350.9961,-136.2485,-998.2382,-1460.455,-1251.799,-1292.592,-1316.266,24,24,25,24,24,24,24,24,24,24,24,25,25,25,25,25,812,8120,-1337.931,-1310.337,340.3297,-459.2073,-0.6582972,-0.1227261,-1.044759,0.7822586,1.035405,0.6452268,0.657009,-0.538842,-1.279828,-0.6680905,-0.7233541,0.904227,24,24,24,24,24,24,24,24,24,24,24,24,24,24,24,24
813,8130,-1296.683,-1293.831,-1253.898,-1269.365,-1310.578,-1322.129,-1200.2,-416.2886,173.9089,339.7967,-164.8496,-975.817,-1473.786,-1327.351,-1289.015,-1297.833,24,24,25,24,24,24,24,24,24,24,24,25,25,25,25,25,813,8130,-1275.089,-1290.994,342.163,-468.3731,-0.7896174,-0.6136078,0.6530311,0.3911277,-0.6470882,-0.7712442,-0.5255501,0.134692,0.2558947,0.7796371,-0.6029276,-1.469293,24,24,24,24,24,24,24,24,24,24,24,24,24,24,24,24
814,8140,-1333.587,-1333.588,-1336.457,-1283.849,-1298.627,-1355.204,-1206.578,-385.4433,188.2773,344.8426,-155.7115,-1000.883,-1430.938,-1231.508,-1270.057,-1280.965,24,24,25,24,24,24,24,24,24,24,24,25,25,25,25,25,814,8140,-1363.578,-1335.338,340.0678,-465.4039,-0.001694406,0.2454328,0.7836295,-3.210623E-06,0.9059832,-0.7712442,-0.7883395,0.2693985,-0.3840129,-0.6681418,-0.4825008,0.3391027,24,24,24,24,24,24,24,24,24,24,24,24,24,24,24,24
815,8150,-1293.918,-1299.994,-1274.076,-1292.004,-1296.454,-1266.346,-1160.788,-405.0038,174.6521,337.7045,-169.478,-966.1179,-1446.887,-1306.941,-1271.846,-1291.929,24,24,25,24,24,24,24,24,24,24,24,25,25,25,25,25,815,8150,-1321.818,-1338.233,337.7108,-465.7912,0.7862277,1.104473,0.2612323,0.9126356,-0.1293977,-0.6424737,0.9198017,0.2693985,-0.1280493,0.3341311,0.60134,0.5651531,24,24,24,24,24,24,24,24,24,24,24,24,24,24,24,24
816,8160,-1333.947,-1339.509,-1383.828,-1284.092,-1294.764,-1414.941,-1240.377,-387.0733,193.8513,352.1037,-154.9994,-1034.389,-1487.354,-1273.163,-1317.154,-1351.206,24,24,25,24,24,24,24,24,24,24,24,25,25,25,25,25,816,8160,-1314.97,-1293.625,331.5563,-460.8856,-0.001694406,-0.490885,-0.2611633,-1.173396,-0.1293977,0.001376554,0.657009,-1.44478E-05,-0.8959371,-1.336325,-0.1212203,-0.4520685,24,24,24,24,24,24,24,24,24,24,24,24,24,24,24,24
817,8170,-1328.418,-1338.904,-1307.912,-1340.446,-1399.551,-1327.313,-1191.017,-416.414,171.927,349.0269,-162.7134,-961.8351,-1419.75,-1316.489,-1301.058,-1248.435,24,25,25,24,24,24,24,24,24,24,24,25,25,25,25,25,817,8170,-1374.32,-1424.808,343.4725,-445.9104,0.7862277,-6.421245E-06,-0.652962,0.3911277,0.5177145,0.2589166,0.9198017,-0.1347209,-0.5119932,-0.3340508,-0.6029276,0.5651531,24,24,24,24,24,24,24,24,24,24,24,24,24,24,24,24
818,8180,-1348.493,-1299.013,-1333.258,-1317.077,-1239.599,-1314.601,-1263.591,-449.0147,175.8907,332.5356,-152.6259,-1017.51,-1546.865,-1339.048,-1346.127,-1439.999,24,25,25,24,24,24,24,24,24,24,24,25,25,25,25,25,818,8180,-1393.521,-1371.919,351.4602,-449.9124,0.5235875,-0.7363274,0.5224309,0.6518816,-0.5176647,-0.1273935,-0.9197375,-0.269429,-0.7679569,-0.4454145,0.3604863,-1.130219,24,24,24,24,24,24,24,24,24,24,24,24,24,24,24,24
819,8190,-1416.421,-1461.718,-1369.924,-1386.576,-1494.824,-1406.795,-1211.807,-424.0626,166.6008,345.4579,-186.8048,-1001.639,-1471.405,-1416.285,-1408.499,-1342.17,24,25,25,24,24,24,24,24,24,24,24,25,25,25,25,25,819,8190,-1299.125,-1387.578,349.496,-449.5251,-0.2643354,0.3681557,0.1306338,0.2607507,1.035405,0.1301466,0.1314268,0.5388131,-6.902839E-05,-0.4454145,-0.0007938265,0.4521295,24,24,24,24,24,24,24,24,24,24,24,24,24,24,24,24
820,8200,-1378.785,-1343.49,-1405.366,-1378.786,-1316.734,-1401.981,-1278.131,-420.5518,189.1444,342.0119,-153.2193,-1029.225,-1541.271,-1274.715,-1306.9,-1396.506,24,25,25,24,24,24,24,24,24,24,24,25,25,25,25,25,820,8200,-1365.995,-1344.549,353.1625,-445.7813,-0.001694406,-6.421245E-06,-0.3917634,0.6518816,-1.035355,-0.1273935,3.210623E-05,-1.44478E-05,-0.7679569,-0.1113235,0.7217665,2.88956E-05,24,24,24,24,24,24,24,24,24,24,24,24,24,24,24,24
821,8210,-1372.775,-1390.508,-1306.313,-1282.875,-1384.216,-1385.441,-1209.511,-407.5115,170.3168,345.0887,-172.5636,-995.0891,-1449.624,-1383.806,-1372.835,-1310.965,24,25,25,24,24,24,24,24,24,24,24,25,25,25,25,25,821,8210,-1205.937,-1219.411,350.2816,-451.9779,0.1296257,-6.421245E-06,-0.1305648,-1.825284,2.407967E-05,-0.2561635,-0.1313626,0.2693985,0.1279128,-0.1113235,-0.2416471,-0.2260182,24,24,24,24,24,24,24,24,24,24,24,24,24,24,24,24
822,8220,-1378.545,-1340.952,-1399.089,-1365.276,-1302.852,-1366.065,-1254.535,-417.1663,188.7728,347.304,-143.3691,-1028.721,-1552.221,-1310.163,-1340.642,-1424.578,24,25,25,24,24,24,24,24,24,24,24,25,25,25,25,25,822,8220,-1332.963,-1309.942,347.4008,-443.1993,0.1296257,1.104473,-0.5223619,0.2607507,0.1294475,0.001376554,0.5256143,0.134692,-0.2560311,4.013279E-05,-0.7233541,0.904227,24,24,24,24,24,24,24,24,24,24,24,24,24,24,24,24
823,8230,-1434.699,-1442.737,-1366.479,-1364.059,-1430.464,-1393.341,-1219.205,-419.1725,172.7941,347.1809,-177.0733,-992.8218,-1488.544,-1383.686,-1349.704,-1331.688,24,25,25,24,24,24,24,24,24,24,24,25,25,25,25,25,823,8230,-1331.217,-1316.126,349.627,-444.3612,-1.183579,-2.08625,-0.2611665,-3.210623E-06,0.1294475,0.5164568,-0.7883395,-0.808255,-0.3840129,4.013279E-05,-0.7233541,-1.356267,24,24,24,24,24,24,24,24,24,24,24,24,24,24,24,24
824,8240,-1373.856,-1348.687,-1383.828,-1309.409,-1293.799,-1377.666,-1238.847,-400.2389,185.6761,343.2426,-157.8477,-1033.255,-1499.018,-1292.38,-1337.9,-1371.929,24,25,25,24,24,24,24,24,24,24,24,25,25,25,25,25,824,8240,-1340.348,-1364.945,356.4361,-436.2282,-0.5269763,-9.631868E-06,1.175425,-0.6518849,-0.1293977,-1.157555,3.210623E-05,-1.44478E-05,-0.2560311,4.013279E-05,-0.2416471,0.7912034,24,24,24,24,24,24,24,24,24,24,24,24,24,24,24,24
825,8250,-1395.258,-1409.61,-1398.966,-1461.036,-1412.109,-1374.827,-1251.984,-440.3629,182.084,348.5347,-156.1862,-984.5083,-1511.991,-1342.628,-1305.112,-1329.158,24,25,25,24,24,24,24,24,24,24,24,25,25,25,25,25,825,8250,-1345.45,-1320.337,357.3528,-434.9373,0.7862277,0.4908721,-0.391765,0.5215079,2.568498E-05,0.001376554,0.657009,0.9429326,0.8958007,0.6682221,0.119633,-0.2260182,24,24,24,24,24,24,24,24,24,24,24,24,24,24,24,24
826,8260,-1345.487,-1374.068,-1391.828,-1298.576,-1400.155,-1502.455,-1257.213,-393.468,171.0599,347.0578,-177.548,-1037.286,-1501.28,-1400.283,-1424.129,-1363.856,24,25,25,24,24,24,24,24,24,24,24,25,25,25,25,25,826,8260,-1262.467,-1308.363,357.4837,-436.4864,-0.3956563,-0.7363306,0.2612307,-0.3911309,0.1294491,0.001376554,-0.1313626,-0.1347209,0.1279128,-0.6681418,-0.362074,-0.1129947,24,24,24,24,24,24,24,24,24,24,24,24,24,24,24,24
827,8270,-1412.814,-1375.639,-1351.468,-1390.469,-1352.465,-1341.629,-1228.643,-419.047,189.3921,344.9656,-166.0363,-1002.521,-1504.969,-1316.967,-1315.365,-1354.82,24,25,25,24,24,24,24,24,24,24,24,25,25,25,25,25,827,8270,-1302.482,-1277.967,354.9958,-428.4824,-0.1330153,0.7363114,-0.391765,0.130377,1.035407,0.001376554,-0.2627638,-0.1347209,-0.8959371,0.6682221,-0.1212203,0.1130557,24,24,24,24,24,24,24,24,24,24,24,24,24,24,24,24
828,8280,-1367.966,-1356.906,-1348.884,-1305.879,-1322.046,-1358.66,-1211.042,-387.5748,185.3045,349.3961,-158.6784,-1018.77,-1465.93,-1278.654,-1303.562,-1316.628,24,25,25,24,24,24,24,24,24,24,24,25,25,25,25,25,828,8280,-1222.722,-1259.413,358.0075,-426.2878,0.3922667,-1.472652,-0.9141622,-0.3911309,-0.9059318,-0.7712442,-0.3941585,-0.4041371,-0.639975,-0.4454145,-0.8437809,-0.9041691,24,24,24,24,24,24,24,24,24,24,24,24,24,24,24,24
829,8290,-1291.394,-1295.025,-1259.188,-1264.496,-1268.449,-1219.819,-1136.937,-389.3302,180.9692,342.7503,-167.8165,-967.5035,-1409.99,-1275.431,-1258.85,-1243.977,24,25,25,24,24,24,24,24,24,24,24,25,25,25,25,25,829,8290,-1224.064,-1197.962,359.8408,-423.1894,-0.9209383,-0.4908881,0.1306322,-0.5215079,2.568498E-05,0.001376554,0.1314236,0.942931,0.7678734,0.3341311,-0.0007938265,-0.1129947,24,24,24,24,24,24,24,24,24,24,24,24,24,24,24,24
830,8300,-1276.488,-1273.632,-1322.8,-1284.457,-1258.551,-1306.209,-1195.354,-392.2141,193.4797,351.1191,-144.6745,-987.6574,-1444.506,-1245.831,-1269.938,-1325.061,24,25,25,24,24,24,24,24,24,24,24,25,25,25,25,25,830,8300,-1193.583,-1180.33,360.6264,-415.5728,0.6549076,0.6135917,-0.2611665,0,0.2588709,-1.286325,0.2628184,0.2693969,-0.6399205,0.111407,-0.0007938265,0.3391027,24,24,24,24,24,24,24,24,24,24,24,24,24,24,24,24
831,8310,-1315.315,-1334.788,-1295.362,-1331.683,-1358.742,-1303.494,-1187.701,-410.1445,184.9329,353.9497,-159.7465,-966.3699,-1439.269,-1336.78,-1305.231,-1270.845,24,25,25,24,24,24,24,24,24,24,24,25,25,25,25,25,831,8310,-1314.432,-1334.417,362.8525,-409.8925,-1.052258,-0.613611,0.1306322,-0.7822618,-0.5176631,-0.1273935,0.3942131,-0.5388436,-0.7679023,-0.3340476,-0.0007938265,0.3391027,24,24,24,24,24,24,24,24,24,24,24,24,24,24,24,24
832,8320,-1311.709,-1291.036,-1349.623,-1314.156,-1262.293,-1317.933,-1216.271,-397.2296,195.5854,353.5805,-142.8944,-991.8141,-1465.811,-1252.515,-1278.046,-1314.82,24,25,25,24,24,24,24,24,24,24,24,25,25,25,25,25,832,8320,-1236.283,-1206.91,372.2807,-394.7882,0.2609466,0.3681525,3.210623E-05,0,2.568498E-05,0.6452268,0.9197953,0.4041034,-0.6399205,0.2227707,0.2400599,0.6781799,24,24,24,24,24,24,24,24,24,24,24,24,24,24,24,24
833,8330,-1284.903,-1309.044,-1265.34,-1265.957,-1314.923,-1281.773,-1161.937,-388.2017,188.2773,353.8267,-161.1706,-973.4237,-1408.443,-1285.576,-1292.354,-1267.11,24,24,25,24,24,24,24,24,24,24,24,25,25,25,25,25,833,8330,-1294.962,-1348.497,375.8162,-400.9849,0.9175486,-1.718091,-0.1305664,-0.2607539,-0.7765084,-0.5137036,-0.3941585,-1.616499,-0.8958842,0.111407,-0.362074,-0.6781188,24,24,24,24,24,24,24,24,24,24,24,24,24,24,24,24
834,8340,-1301.611,-1293.348,-1342.363,-1320.241,-1294.04,-1388.65,-1245.734,-392.4649,202.398,353.2113,-147.6415,-1033.885,-1520.085,-1291.664,-1325.142,-1375.061,24,24,25,24,24,24,24,24,24,24,24,25,25,25,25,25,834,8340,-1204.326,-1190.067,372.8045,-395.3046,-0.1330153,-9.631868E-06,0.9142264,1.043016,0.2588709,0.7739968,-0.3941585,-0.4041371,0.1279674,0.2227707,-0.6029276,-0.2260182,24,24,24,24,24,24,24,24,24,24,24,24,24,24,24,24
835,8350,-1335.871,-1362.589,-1304.836,-1328.518,-1379.023,-1317.81,-1175.711,-393.5934,192.1171,357.2726,-169.9527,-988.791,-1476.166,-1359.457,-1309.642,-1247.712,24,24,25,24,24,24,24,24,24,24,24,25,25,25,25,25,835,8350,-1181.096,-1215.463,368.3523,-409.247,0.3922667,0.2454328,-0.7835621,0.7822618,-0.2588195,-1.415095,-0.1313691,0.5388099,-0.5119402,4.334341E-05,0.8421933,-0.2260182,24,24,24,24,24,24,24,24,24,24,24,24,24,24,24,24
836,8360,-1325.052,-1299.027,-1350.484,-1299.672,-1242.858,-1341.752,-1229.026,-392.4649,206.8572,359.2417,-127.1104,-988.5391,-1471.524,-1211.695,-1240.965,-1308.435,24,24,25,24,24,24,24,24,24,24,24,25,25,25,25,25,836,8360,-1237.089,-1219.016,361.5431,-409.5053,0.1296257,-0.3681685,1.044827,-1.303773,-0.1293961,-0.1273935,0.2628184,-0.2694306,-0.6399205,-1.336322,-0.0007938265,2.88956E-05,24,24,24,24,24,24,24,24,24,24,24,24,24,24,24,24
837,8370,-1306.54,-1326.337,-1289.948,-1295.29,-1379.265,-1314.971,-1161.171,-400.3643,183.1988,361.3339,-168.2912,-957.5526,-1428.081,-1431.45,-1369.496,-1279.881,24,24,25,24,24,24,24,24,24,24,24,25,25,25,25,25,837,8370,-1226.615,-1219.674,366.1262,-405.2451,1.048868,0.859031,0.5224293,-0.6518849,1.294252,1.289078,0.3942131,1.077637,-0.2559765,-0.3340476,-0.0007938265,-0.4520685,24,24,24,24,24,24,24,24,24,24,24,24,24,24,24,24
838,8380,-1373.135,-1330.083,-1441.06,-1389.739,-1310.578,-1399.759,-1257.596,-400.3643,208.3436,361.5801,-133.6376,-1009.323,-1523.179,-1272.089,-1291.758,-1367.953,24,24,25,24,24,24,24,24,24,24,24,25,25,25,25,25,838,8380,-1216.813,-1213.489,366.9119,-424.4804,1.44283,-0.613611,-1.436559,-0.6518849,-0.7765084,-0.6424745,0.5256078,-1.347086,-1.023864,-0.5567766,-0.7233541,0.2260792,24,24,24,24,24,24,24,24,24,24,24,24,24,24,24,24
839,8390,-1363.278,-1379.386,-1313.695,-1310.017,-1408.487,-1356.192,-1165.125,-375.4122,189.6398,360.8416,-166.6297,-990.3026,-1441.531,-1387.745,-1370.808,-1276.869,24,24,25,24,24,24,24,24,24,24,24,25,25,25,25,25,839,8390,-1262.736,-1233.49,361.1502,-419.7039,-0.001695209,-0.2454489,-0.2611665,1.043016,0.5177161,1.160308,-1.313928,-0.4041371,0.6398916,0.3341343,-0.6029276,-1.469293,24,24,24,24,24,24,24,24,24,24,24,24,24,24,24,24
840,8400,-1390.448,-1343.738,-1393.059,-1371.605,-1285.469,-1348.54,-1221.756,-390.7096,216.5187,365.6414,-130.0773,-981.4853,-1499.256,-1267.673,-1267.434,-1310.845,24,24,25,24,24,24,24,24,24,24,24,25,25,25,25,25,840,8400,-1297.916,-1349.681,360.3646,-436.7446,-0.2643362,-0.8590503,-0.1305664,-0.6518849,-0.1293961,-1.672635,-0.3941585,0.2693969,0.1279674,0.3341343,-0.1212203,2.88956E-05,24,24,24,24,24,24,24,24,24,24,24,24,24,24,24,24
841,8410,-1286.105,-1286.581,-1248.73,-1194.875,-1221.975,-1244.502,-1129.412,-348.2032,210.3254,364.6568,-134.4684,-955.1592,-1374.878,-1243.205,-1263.977,-1232.17,24,24,25,24,24,24,24,24,24,24,24,25,25,25,25,25,841,8410,-1292.277,-1279.282,346.0914,-451.2033,0.6549068,1.595352,3.210623E-05,-0.130377,-1.16483,-0.5137036,0.9197953,-0.1347242,-0.3839584,-0.6681402,-0.362074,0.2260792,24,24,24,24,24,24,24,24,24,24,24,24,24,24,24,24
842,8420,-1274.084,-1259.15,-1278.506,-1315.008,-1272.432,-1285.722,-1196.501,-402.3706,204.9992,366.8721,-127.3478,-960.9534,-1469.263,-1301.809,-1287.704,-1293.616,24,24,25,24,24,24,24,24,24,24,24,25,25,25,25,25,842,8420,-1265.556,-1285.993,343.6034,-443.0703,-0.7896181,-1.718091,-0.391765,-0.5215079,-0.5177161,0.5164568,0.6570058,1.481759,0.2559476,-0.222684,0.2400599,-0.2260182,24,24,24,24,24,24,24,24,24,24,24,24,24,24,24,24
843,8430,-1314.474,-1325.37,-1339.533,-1302.349,-1296.817,-1358.166,-1208.236,-379.8009,205.123,369.0873,-131.0268,-999.2458,-1490.687,-1300.018,-1323.95,-1352.049,24,24,25,24,24,24,24,24,24,24,24,25,25,25,25,25,843,8430,-1345.853,-1363.892,356.829,-444.6195,0.6549068,0.12271,-0.7835621,-0.6518849,-0.5177161,-0.3849336,-0.1313626,-0.2694306,-1.023864,-0.1113203,0.2400599,0.6781799,24,24,24,24,24,24,24,24,24,24,24,24,24,24,24,24
844,8440,-1367.846,-1371.29,-1313.941,-1365.763,-1376.246,-1315.342,-1164.105,-389.8318,199.7968,369.8258,-144.7933,-956.5448,-1480.094,-1387.267,-1327.885,-1344.097,24,24,25,24,24,24,24,24,24,24,24,25,25,25,25,25,844,8440,-1320.072,-1320.995,354.6029,-453.0107,0.3922659,-0.7363306,-0.2611665,0.6518849,0.2588179,0.9027669,-0.5255501,-0.4041371,0.6398916,-0.4454113,-1.084634,-1.243243,24,24,24,24,24,24,24,24,24,24,24,24,24,24,24,24
845,8450,-1383.113,-1335.279,-1385.92,-1274.477,-1251.428,-1406.301,-1234,-358.6104,222.712,375.2409,-112.6319,-995.593,-1490.448,-1253.35,-1302.727,-1353.013,24,24,25,24,24,24,24,24,24,24,24,25,25,25,25,25,845,8450,-1344.108,-1351.391,350.0198,-465.0167,-1.446221,-0.4908881,0.1306322,0.2607539,0.6470866,0.001376554,-0.6569448,-0.4041371,-0.3839584,-0.7795039,-0.0007938265,-0.2260182,24,24,24,24,24,24,24,24,24,24,24,24,24,24,24,24
846,8460,-1331.543,-1334.917,-1256.728,-1275.45,-1317.7,-1276.59,-1152.881,-386.8225,194.966,372.1641,-118.5657,-919.6379,-1385.59,-1248.099,-1249.43,-1193.014,24,24,25,24,24,24,24,24,24,24,24,25,25,25,25,25,846,8460,-1320.743,-1318.232,342.8177,-466.1786,1.048868,0.859031,-0.6529636,0.130377,-0.5177161,-0.7712442,0.1314268,-1.765843E-05,-0.3839584,0.2227707,0.2400599,2.88956E-05,24,24,24,24,24,24,24,24,24,24,24,24,24,24,24,24
847,8470,-1211.215,-1227.852,-1266.94,-1269,-1208.696,-1262.027,-1186.68,-388.8288,215.1562,382.2559,-85.33627,-915.9851,-1405.586,-1190.331,-1196.73,-1260.242,24,24,25,24,24,24,24,24,24,24,24,25,25,25,25,25,847,8470,-1427.895,-1406.39,335.3538,-472.8915,0.1296249,-0.2454489,-0.6529636,-1.303773,0.9059318,0.3876867,0.9198017,1.481759,0.7678734,-0.3340476,-0.2416475,-0.4520685,24,24,24,24,24,24,24,24,24,24,24,24,24,24,24,24
848,8480,-1260.019,-1290.568,-1247.623,-1212.646,-1261.327,-1256.597,-1103.903,-330.0221,217.5096,379.1791,-128.8906,-949.239,-1388.447,-1295.841,-1298.554,-1254.098,24,24,25,24,24,24,24,24,24,24,24,25,25,25,25,25,848,8480,-1356.461,-1383.498,339.0203,-466.3076,-0.1330161,-0.1227293,-0.6529636,-0.5215079,0.2588179,-0.6424737,-0.3941553,-1.077671,-0.8958842,-0.3340476,0.3604863,0.5650953,24,24,24,24,24,24,24,24,24,24,24,24,24,24,24,24
849,8490,-1258.817,-1256.25,-1254.267,-1258.167,-1220.768,-1225.62,-1131.963,-367.0114,224.1984,383.8558,-97.44128,-885.2505,-1362.38,-1201.431,-1179.799,-1183.616,24,24,25,24,24,24,24,24,24,24,24,25,25,25,25,25,849,8490,-1354.984,-1379.551,347.9246,-461.6602,-0.001695209,-1.10449,3.210623E-05,-0.130377,-0.2588725,0.7739968,0.657009,0.942931,0.6398916,0.2227707,-1.084635,-0.904227,24,24,24,24,24,24,24,24,24,24,24,24,24,24,24,24
850,8500,-1197.872,-1191.084,-1218.339,-1163.838,-1146.891,-1211.057,-1112.321,-339.4261,225.9325,386.9325,-74.53669,-895.5793,-1356.548,-1178.873,-1203.049,-1233.977,24,24,25,24,24,24,24,24,24,24,24,25,25,25,25,25,850,8500,-1267.973,-1248.623,344.52,-474.3116,-1.577541,-0.3681685,0.7836279,-1.043019,-0.7765613,-1.801405,-0.5255501,-0.1347242,-0.2559765,-1.113595,-0.0007938265,-0.4521263,24,24,24,24,24,24,24,24,24,24,24,24,24,24,24,24
851,8510,-1216.985,-1230.484,-1219.816,-1279.832,-1282.452,-1195.877,-1120.229,-389.0795,212.1834,387.3017,-100.5269,-862.7032,-1382.615,-1290.709,-1239.892,-1225.544,24,24,25,24,24,24,24,24,24,24,24,25,25,25,25,25,851,8510,-1280.863,-1309.152,334.6991,-474.828,0.1296249,1.595352,0.3918308,0.9126388,0.3882414,0.1301466,0.2628216,0.1346904,0.6398916,0.3341343,0.60134,0.678122,24,24,24,24,24,24,24,24,24,24,24,24,24,24,24,24
852,8520,-1253.648,-1225.771,-1271.123,-1198.527,-1194.331,-1304.605,-1149.437,-326.8874,239.1862,395.1782,-75.60478,-937.0207,-1398.207,-1187.586,-1255.63,-1311.327,24,24,25,24,24,24,24,24,24,24,24,25,25,25,25,25,852,8520,-1275.626,-1261.65,334.961,-472.3751,-0.2643362,-0.8590503,-0.6529636,-1.43415,-0.3882943,0.2589166,-0.6569448,0.4041034,-1.44478E-05,-0.1113203,-1.566342,-0.4521263,24,24,24,24,24,24,24,24,24,24,24,24,24,24,24,24
853,8530,-1342.602,-1306.99,-1210.218,-1255.002,-1331.34,-1269.925,-1100.332,-344.8178,220.9779,389.517,-119.9898,-894.6976,-1359.048,-1277.938,-1248,-1195.182,24,24,25,24,24,24,24,24,24,24,24,25,25,25,25,25,853,8530,-1323.697,-1374.156,337.187,-468.5022,0.7862277,-0.613611,-0.2611665,0.5215079,-0.1294491,-0.5137036,-0.1313626,-0.1347242,-1.151846,0.5568616,-0.0007938265,0.3390482,24,24,24,24,24,24,24,24,24,24,24,24,24,24,24,24
854,8540,-1274.084,-1240.878,-1248.853,-1239.544,-1206.885,-1225.496,-1111.683,-329.2697,243.5215,392.2245,-84.26817,-889.6591,-1358.81,-1158.94,-1161.795,-1194.7,24,24,25,24,24,24,24,24,24,24,24,25,25,25,25,25,854,8540,-1319.132,-1299.678,340.1988,-477.6681,-0.7896174,-1.227209,0.5224293,0.7822618,-0.3882943,-0.6424737,-0.9197375,-1.765843E-05,0.7678734,0.111407,-0.362074,-0.7912002,24,24,24,24,24,24,24,24,24,24,24,24,24,24,24,24
855,8550,-1175.994,-1194.83,-1188.44,-1162.986,-1217.629,-1236.85,-1091.148,-330.1475,211.5641,375.6101,-117.1416,-902.6332,-1305.367,-1235.925,-1251.338,-1197.592,24,24,25,24,24,24,24,24,24,24,24,25,25,25,25,25,855,8550,-1332.157,-1350.734,342.163,-478.83,0.5235875,0.3681525,1.175377,-0.2607539,0.1293961,-1.157555,-0.2627574,-0.5388436,-0.8958842,-0.3340476,-0.0007938265,0.3390482,24,24,24,24,24,24,24,24,24,24,24,24,24,24,24,24
856,8560,-1234.054,-1207.037,-1231.627,-1273.259,-1224.751,-1226.854,-1129.667,-368.0145,220.9779,373.5179,-101.951,-895.5793,-1383.567,-1192.599,-1160.722,-1187.833,24,24,25,24,24,24,24,24,24,24,24,25,25,25,25,25,856,8560,-1358.207,-1351.523,341.7702,-484.1229,0.2609466,0.12271,-0.2612146,0.5215079,0.1293961,0.001376554,0.657009,-0.1347242,-0.2559765,0.111407,0.60134,0.3390482,24,24,24,24,24,24,24,24,24,24,24,24,24,24,24,24
857,8570,-1197.992,-1206.433,-1234.211,-1181.365,-1194.211,-1283.13,-1145.228,-340.4292,221.8449,379.4253,-89.72729,-911.7023,-1375.354,-1169.444,-1200.068,-1252.411,24,24,25,24,24,24,24,24,24,24,24,25,25,25,25,25,857,8570,-1323.563,-1327.706,329.8541,-499.4854,-0.1330153,0.3681525,0.3917811,-1.564527,-0.5176647,-0.1273935,-1.051132,-0.5388436,-0.2559765,-0.5567766,-0.9642078,-0.1130525,24,24,24,24,24,24,24,24,24,24,24,24,24,24,24,24
858,8580,-1240.666,-1268.193,-1236.672,-1230.172,-1231.873,-1222.781,-1113.469,-357.7327,199.9207,360.8416,-125.3303,-909.4351,-1337.385,-1215.037,-1213.899,-1170.243,24,24,25,24,24,24,24,24,24,24,24,25,25,25,25,25,858,8580,-1330.948,-1312.837,321.9973,-493.8051,-0.1330153,0.12271,-0.5224133,-0.130377,2.407967E-05,-0.2561635,0.3942195,-1.077671,-0.8958842,-0.222684,0.60134,0.4520717,24,24,24,24,24,24,24,24,24,24,24,24,24,24,24,24
859,8590,-1185.49,-1171.746,-1231.012,-1242.831,-1191.796,-1254.869,-1161.681,-375.5377,213.1743,364.903,-105.986,-942.0593,-1434.627,-1194.628,-1206.15,-1312.049,24,24,25,24,24,24,24,24,24,24,24,25,25,25,25,25,859,8590,-1381.705,-1391.524,335.7466,-487.8667,-0.1330153,-0.613611,-0.2612146,0.5215079,0.3882927,0.1301466,-0.6569512,-0.1347242,0.2559476,0.111407,-0.8437814,-0.5651498,24,24,24,24,24,24,24,24,24,24,24,24,24,24,24,24
860,8600,-1310.747,-1341.435,-1300.161,-1264.496,-1359.466,-1338.173,-1156.707,-380.1771,180.7215,347.427,-160.8146,-971.7863,-1407.372,-1331.528,-1327.169,-1269.519,24,24,25,24,24,24,24,24,24,24,24,25,25,25,25,25,860,8600,-1334.842,-1325.469,335.4847,-492.256,-0.9209383,-0.2454489,0.1305825,-0.7822618,2.407967E-05,0.2589166,-0.5255532,-0.4041355,-0.2559765,-0.3340476,-1.205061,-0.3391027,24,24,24,24,24,24,24,24,24,24,24,24,24,24,24,24
861,8610,-1315.315,-1280.521,-1279.244,-1298.211,-1248.411,-1245.736,-1171.758,-398.9852,192.1171,348.9038,-142.8944,-932.8641,-1386.305,-1236.999,-1220.696,-1238.556,24,24,25,24,24,24,24,24,24,24,24,25,25,25,25,25,861,8610,-1391.104,-1382.314,328.9374,-495.8707,0.7862277,0.12271,-0.9142104,1.043016,0.7765597,0.001376554,1.313983,0.9429326,-0.3840065,0.445498,0.1196326,-0.4521263,24,24,24,24,24,24,24,24,24,24,24,24,24,24,24,24
862,8620,-1249.08,-1265.655,-1303.729,-1222.261,-1250.221,-1335.088,-1176.094,-366.886,194.2229,353.4575,-134.8244,-987.2795,-1429.391,-1253.589,-1297.242,-1298.796,24,24,25,24,24,24,24,24,24,24,24,25,25,25,25,25,862,8620,-1316.849,-1295.467,326.3185,-498.969,-0.5269763,-0.613611,0.2611809,-1.173396,-0.77651,-1.028785,-0.1313691,-0.9429631,-0.3840065,-1.002231,-0.4825008,-0.226076,24,24,24,24,24,24,24,24,24,24,24,24,24,24,24,24
863,8630,-1334.068,-1307.594,-1262.387,-1336.795,-1332.668,-1258.201,-1165.125,-410.3954,187.0386,351.9806,-156.4236,-950.8765,-1457.004,-1345.97,-1296.884,-1297.351,24,24,25,24,24,24,24,24,24,24,24,25,25,25,25,25,863,8630,-1360.489,-1372.445,326.3185,-489.674,-0.3956563,0.9817506,0.1305825,0.130377,0.5177145,1.289078,0.3942131,-1.44478E-05,-0.7679505,-0.222684,0.1196326,0.7911456,24,24,24,24,24,24,24,24,24,24,24,24,24,24,24,24
864,8640,-1340.799,-1333.579,-1361.557,-1263.887,-1322.045,-1425.063,-1226.092,-383.5625,185.6761,351.9806,-144.7933,-1020.155,-1459.265,-1301.212,-1361.746,-1360.001,24,24,25,24,24,24,24,24,24,24,24,25,25,25,25,25,864,8640,-1348.941,-1338.627,329.0684,-501.4218,-0.001694406,-0.9817699,-0.5224133,0,-0.5176647,-0.1273935,-0.5255532,-0.6735485,0.3838813,0.111407,0.1196326,-1.130223,24,24,24,24,24,24,24,24,24,24,24,24,24,24,24,24
865,8650,-1386.6,-1351.95,-1318.616,-1376.108,-1358.621,-1288.561,-1186.298,-417.0409,180.4737,348.0424,-160.4586,-977.7064,-1462.24,-1333.677,-1299.627,-1278.435,24,25,25,24,24,24,24,24,24,24,24,25,25,25,25,25,865,8650,-1436.757,-1397.444,330.3778,-493.676,-0.2643354,-0.2454489,-0.2612146,0.5215079,-0.388243,0.5164568,-1.182533,-0.269429,-1.023914,-0.7795039,-1.084635,-1.017199,24,24,24,24,24,24,24,24,24,24,24,24,24,24,24,24
866,8660,-1316.517,-1312.791,-1338.672,-1288.23,-1277.985,-1347.553,-1216.399,-385.3179,191.2501,350.2576,-156.7796,-1031.996,-1492.115,-1341.793,-1381.42,-1354.338,24,25,25,24,24,24,24,24,24,24,24,25,25,25,25,25,866,8660,-1482.007,-1519.925,330.5088,-496.1288,-0.1330153,0.2454328,-0.7836119,-0.2607539,0.5177145,-0.2561635,0.2628184,0.2693985,-0.5119883,0.445498,0.60134,-0.4520749,24,24,24,24,24,24,24,24,24,24,24,24,24,24,24,24
867,8670,-1371.452,-1371.651,-1388.997,-1464.078,-1357.897,-1336.075,-1263.08,-454.4064,182.2079,348.5346,-149.7777,-978.2103,-1523.536,-1332.125,-1293.188,-1335.905,24,25,25,24,24,24,24,24,24,24,24,25,25,25,25,25,867,8670,-1410.574,-1399.549,322.652,-501.8091,0.2609466,-0.2454489,-1.04481,-0.130377,-0.388243,-0.5137036,-0.5255532,-0.538842,0.2558995,-1.224959,-0.7233545,0.3390996,24,24,24,24,24,24,24,24,24,24,24,24,24,24,24,24
868,8680,-1381.67,-1417.831,-1404.382,-1304.297,-1360.311,-1405.437,-1231.704,-396.7282,184.6852,352.8421,-154.2874,-1013.228,-1454.385,-1299.302,-1336.827,-1306.989,24,25,25,24,24,24,24,24,24,24,24,25,25,25,25,25,868,8680,-1435.414,-1460.855,320.8188,-492.6432,0.6549076,-0.3681685,0.6529797,-0.7822618,2.407967E-05,0.7739968,0.6570058,1.077641,0.1279176,-0.4454113,-0.7233545,-0.7911488,24,24,24,24,24,24,24,24,24,24,24,24,24,24,24,24
869,8690,-1312.43,-1345.786,-1328.706,-1386.211,-1337.135,-1258.941,-1182.854,-427.4481,185.3045,355.3035,-150.9644,-955.915,-1450.1,-1313.505,-1283.292,-1305.664,24,25,25,24,24,24,24,24,24,24,24,25,25,25,25,25,869,8690,-1314.03,-1304.284,333.9134,-492.9014,-0.1330161,-0.3681685,-0.2612146,0.130377,0.2588693,0.2589166,0.2628184,-0.808255,-1.279876,-0.1113203,0.2400595,2.568498E-05,24,24,24,24,24,24,24,24,24,24,24,24,24,24,24,24
870,8700,-1368.928,-1337.326,-1352.944,-1283.118,-1308.526,-1374.704,-1226.602,-395.9759,188.7728,350.5038,-147.0481,-1022.549,-1470.81,-1240.579,-1281.504,-1325.423,24,25,25,24,24,24,24,24,24,24,24,25,25,25,25,25,870,8700,-1271.867,-1272.44,334.0443,-494.7088,0.5235868,-0.9817731,0.2611809,0.6518849,2.407967E-05,0.2589166,-0.6569512,-1.44478E-05,0.3838813,0.3341343,-1.566342,-0.9041756,24,24,24,24,24,24,24,24,24,24,24,24,24,24,24,24
871,8710,-1329.259,-1322.339,-1267.801,-1271.434,-1287.039,-1246.847,-1163.084,-410.897,173.1656,347.7962,-151.2018,-973.4237,-1433.556,-1299.183,-1291.519,-1301.567,24,25,25,24,24,24,24,24,24,24,24,25,25,25,25,25,871,8710,-1399.564,-1374.682,330.9016,-504.1328,-0.920939,0.3681493,0.2612323,-0.3911309,2.407967E-05,-0.2561635,0.5256078,0.6735196,0.6398434,-0.222684,-0.2416475,-1.017199,24,24,24,24,24,24,24,24,24,24,24,24,24,24,24,24
872,8720,-1304.016,-1288.015,-1277.521,-1259.506,-1263.862,-1293.374,-1187.446,-388.0764,193.1081,351.9806,-140.6396,-995.341,-1451.052,-1250.008,-1277.33,-1314.82,24,25,25,24,24,24,24,24,24,24,24,25,25,25,25,25,872,8720,-1366.8,-1382.446,325.2709,-508.6512,-0.1330161,0.1227068,-0.3917634,0.6518335,-0.388243,-1.028785,-0.5255532,-1.44478E-05,-1.151894,4.334341E-05,-0.0007938265,-0.4520749,24,24,24,24,24,24,24,24,24,24,24,24,24,24,24,24
873,8730,-1287.307,-1295.629,-1260.173,-1266.93,-1331.823,-1305.715,-1170.099,-396.7281,172.9179,343.1196,-174.9371,-998.6161,-1461.169,-1400.761,-1366.635,-1310.604,24,25,25,24,24,24,24,24,24,24,24,25,25,25,25,25,873,8730,-1443.874,-1444.279,318.9855,-504.1328,0.1296249,0.1227068,0.6530311,-0.2608053,-0.2588725,0.001376554,0.6570058,-0.269429,0.3838813,4.334341E-05,0.1196326,0.7911969,24,24,24,24,24,24,24,24,24,24,24,24,24,24,24,24
874,8740,-1397.302,-1349.05,-1395.274,-1355.782,-1317.096,-1376.061,-1248.03,-416.1632,184.0659,346.6886,-145.3866,-989.1689,-1465.93,-1248.457,-1267.196,-1313.013,24,25,25,24,24,24,24,24,24,24,24,25,25,25,25,25,874,8740,-1444.008,-1405.206,322.2592,-505.4238,-0.001695209,-0.1227325,-1.044759,-1.173447,-0.6471395,0.1301466,-0.6569512,0.6735196,-0.7679505,-0.4454113,-0.0007938265,0.1130492,24,24,24,24,24,24,24,24,24,24,24,24,24,24,24,24
875,8750,-1300.289,-1332.492,-1305.082,-1310.504,-1362.726,-1339.901,-1199.052,-413.7808,177.6248,345.8271,-183.4818,-999.1199,-1474.381,-1378.315,-1338.973,-1324.941,24,25,25,24,24,24,24,24,24,24,24,25,25,25,25,25,875,8750,-1348.002,-1359.55,328.0208,-501.1636,0.2609458,-1.104493,-0.5223619,1.042964,1.294199,0.1301466,0.3942131,-0.269429,-0.7679505,-0.1113203,0.3604863,2.568498E-05,24,24,24,24,24,24,24,24,24,24,24,24,24,24,24,24
876,8760,-1351.137,-1328.02,-1376.199,-1322.067,-1305.025,-1410.004,-1279.406,-418.9217,180.8454,345.4579,-149.7776,-1053.787,-1551.03,-1308.134,-1361.746,-1424.216,24,25,25,24,24,24,24,24,24,24,24,25,25,25,25,25,876,8760,-1395.804,-1391.13,329.985,-506.3275,-0.7896181,-0.613611,-0.652962,0.6518335,-0.5177161,0.1301466,-0.9197407,0.2693969,0.7678252,0.445498,-1.566342,-1.469297,24,24,24,24,24,24,24,24,24,24,24,24,24,24,24,24
877,8770,-1409.808,-1422.547,-1370.785,-1350.67,-1406.676,-1376.802,-1234.255,-429.2035,165.486,340.1659,-161.764,-982.367,-1431.533,-1281.28,-1290.446,-1266.507,24,25,25,24,24,24,24,24,24,24,24,25,25,25,25,25,877,8770,-1393.387,-1401.523,324.0924,-516.5261,0.3922659,0.3681493,0.2612323,-0.6519362,0.6470866,-1.286325,-0.1313691,-0.4041371,-0.1279931,-0.6681402,-0.6029276,0.2260728,24,24,24,24,24,24,24,24,24,24,24,24,24,24,24,24
878,8780,-1263.505,-1268.918,-1285.888,-1295.412,-1279.675,-1297.076,-1217.674,-424.5641,175.1475,341.0274,-150.4897,-1001.261,-1499.375,-1303.719,-1320.969,-1378.555,24,25,25,24,24,24,24,24,24,24,24,25,25,25,25,25,878,8780,-1366.532,-1348.102,318.3308,-509.8131,0.1296249,0.6135885,0.2612323,0.7822104,-0.6471395,0.2589166,0.2628184,0.2693969,0.5119129,0.7795889,0.60134,-0.1130011,24,24,24,24,24,24,24,24,24,24,24,24,24,24,24,24
879,8790,-1359.071,-1366.574,-1333.75,-1325.962,-1367.916,-1361.128,-1234,-431.3351,171.06,342.9965,-189.5343,-1021.289,-1535.439,-1423.091,-1373.073,-1381.447,24,25,25,24,24,24,24,24,24,24,24,25,25,25,25,25,879,8790,-1386.405,-1405.864,321.4735,-510.7167,-0.001695209,0.2454296,0.2612323,-1.564578,0.2588179,-0.5137036,-0.5255532,-0.5388436,0.5119129,-1.224959,-0.4825008,0.2260728,24,24,24,24,24,24,24,24,24,24,24,24,24,24,24,24
880,8800,-1401.511,-1400.785,-1401.428,-1367.954,-1418.026,-1463.82,-1272.009,-419.7994,176.51,341.0274,-161.5266,-1039.932,-1519.252,-1335.586,-1371.762,-1369.64,24,25,25,24,24,24,24,24,24,24,24,25,25,25,25,25,880,8800,-1359.818,-1347.839,318.1998,-506.4566,-0.2643362,-1.284249E-05,3.531685E-05,0.6518335,0.2588179,-0.2561635,0.7884005,-0.4041371,-0.3839552,0.6682253,0.7217665,0.2260214,24,24,24,24,24,24,24,24,24,24,24,24,24,24,24,24
881,8810,-1386.24,-1366.091,-1343.224,-1389.618,-1370.089,-1309.294,-1220.735,-426.8211,183.1988,348.6577,-166.8671,-997.7344,-1501.518,-1345.612,-1319.896,-1319.278,24,24,25,24,24,24,24,24,24,24,24,25,25,25,25,25,881,8810,-1493.018,-1471.775,324.2234,-500.7763,0.1296249,-1.472655,0.2612323,0.1303256,-0.2588725,-0.2561635,-1.182533,-0.5388436,0.2559508,0.3341343,-1.084634,-0.7912002,24,24,24,24,24,24,24,24,24,24,24,24,24,24,24,24
882,8820,-1324.932,-1345.43,-1393.92,-1318.172,-1323.735,-1408.153,-1258.489,-407.0099,181.9602,344.9656,-154.6434,-1026.832,-1498.423,-1288.918,-1317.512,-1339.881,24,24,25,24,24,24,24,24,24,24,24,25,25,25,25,25,882,8820,-1388.285,-1403.364,328.4136,-502.1964,-0.7896181,-0.1227325,0.7836295,0.3910795,-0.1294491,-1.157555,-1.182533,-0.4041371,0.2559508,4.334341E-05,-0.4825008,-2.568498E-05,24,24,24,24,24,24,24,24,24,24,24,24,24,24,24,24
883,8830,-1312.911,-1313.649,-1309.142,-1353.956,-1359.104,-1354.34,-1226.475,-420.9279,177.9964,345.2118,-172.3262,-1020.533,-1520.68,-1373.422,-1355.07,-1381.206,24,24,25,24,24,24,24,24,24,24,24,25,25,25,25,25,883,8830,-1390.165,-1369.813,325.6637,-506.8438,-0.1330161,0.3681493,-0.1305648,-0.3911823,-2.729029E-05,-1.028785,0.9197953,0.942931,-0.3839552,0.6682253,0.2400599,-0.904227,24,24,24,24,24,24,24,24,24,24,24,24,24,24,24,24
884,8840,-1383.835,-1391.961,-1387.766,-1331.318,-1376.729,-1422.841,-1257.468,-417.7932,169.3258,342.2581,-174.3437,-1041.317,-1511.634,-1355.757,-1369.973,-1332.049,24,24,25,24,24,24,24,24,24,24,24,25,25,25,25,25,884,8840,-1379.154,-1379.946,329.3302,-506.7148,-0.001695209,0.2454296,-0.3917634,-1.434201,-1.035407,0.1301466,-0.1313691,-0.5388436,0.7678766,-0.5567766,-0.8437809,-2.568498E-05,24,24,24,24,24,24,24,24,24,24,24,24,24,24,24,24
885,8850,-1329.259,-1350.747,-1347.531,-1387.184,-1369.969,-1353.6,-1254.535,-443.3722,181.3408,341.8889,-176.8359,-1056.558,-1591.974,-1352.177,-1362.223,-1480.118,24,24,25,24,24,24,24,24,24,24,24,25,25,25,25,25,885,8850,-1336.185,-1365.471,322.521,-508.9094,-0.2643354,0.3681493,3.531685E-05,-0.3911823,0.9059318,0.6452268,0.5256078,0.5388099,-0.511937,0.2227707,0.4809132,-0.4521263,24,24,24,24,24,24,24,24,24,24,24,24,24,24,24,24
886,8860,-1487.126,-1500.306,-1385.551,-1394.119,-1517.405,-1476.657,-1261.422,-441.8676,167.0962,341.6427,-206.6238,-1043.836,-1559.838,-1470.498,-1413.152,-1374.82,24,24,25,24,24,24,25,24,24,24,24,25,25,25,25,25,886,8860,-1408.56,-1386.393,319.7711,-511.2331,-0.7896174,-0.1227293,-0.2611633,0.3910795,0.7765084,-1.157555,2.88956E-05,-1.077671,-1.023863,-0.5567766,-0.362074,-0.5651498,24,24,24,24,24,24,24,24,24,24,24,24,24,24,24,24
887,8870,-1433.737,-1418.322,-1477.122,-1378.665,-1347.516,-1451.477,-1306.319,-441.8676,169.4497,334.8739,-166.7484,-1044.844,-1542.937,-1351.103,-1372.716,-1397.35,24,24,25,24,24,24,25,24,24,24,24,25,25,25,25,25,887,8870,-1367.74,-1381.393,317.676,-511.6204,0.5235875,-0.9817699,0.2612323,0.7822104,-0.9059848,0.5164568,-0.1313691,0.4041034,-0.511937,4.334341E-05,-1.566341,-1.243301,24,24,24,24,24,24,24,24,24,24,24,24,24,24,24,24
888,8880,-1368.447,-1388.575,-1340.026,-1372.214,-1419.475,-1366.929,-1245.479,-451.2716,162.8848,340.289,-188.4662,-1017.007,-1558.053,-1424.285,-1366.635,-1353.375,24,24,25,24,24,24,25,24,24,24,24,25,25,25,25,25,888,8880,-1431.118,-1391.656,321.2116,-507.4893,0.2609466,-0.613611,-0.7835605,-0.6518849,0.7765084,-0.7712442,-0.9197407,0.1346904,0.6398948,0.2227707,-0.0007938265,-0.226076,24,24,24,24,24,24,24,24,24,24,24,24,24,24,24,24
889,8890,-1413.776,-1383.617,-1391.828,-1320.85,-1317.579,-1384.083,-1254.79,-414.2824,181.8363,342.2581,-157.8477,-1015.621,-1468.192,-1243.205,-1264.931,-1306.989,24,24,25,24,24,24,25,24,24,24,24,25,25,25,25,25,889,8890,-1493.958,-1473.616,333.5205,-500.5182,0.6549076,0.859031,-0.5223619,-0.2607539,-1.035354,-1.286325,-0.3941585,-1.212379,-0.2559749,-0.8908675,-0.362074,0.9041724,24,24,24,24,24,24,24,24,24,24,24,24,24,24,24,24
890,8900,-1295.721,-1310.87,-1271.861,-1264.253,-1299.714,-1294.732,-1176.987,-400.239,175.0237,338.9352,-170.4274,-986.2719,-1393.922,-1287.964,-1307.973,-1292.652,24,24,25,24,24,24,25,24,24,24,24,25,25,25,25,25,890,8900,-1363.712,-1380.34,328.0208,-512.7823,0.2609466,0.3681525,1.044828,-1.43415,0.5177161,0.3876867,1.05119,-0.4041371,0.3839327,-0.1113203,-0.8437809,-0.7912002,24,24,24,24,24,24,24,24,24,24,24,24,24,24,24,24
891,8910,-1308.343,-1334.192,-1389.735,-1387.428,-1328.081,-1369.15,-1268.948,-428.8273,179.7306,338.812,-183.4818,-1057.818,-1540.914,-1326.635,-1351.254,-1398.675,24,24,25,24,24,24,25,24,24,24,24,25,25,25,25,25,891,8910,-1377.005,-1365.997,320.164,-517.0425,-0.3956563,-0.3681685,-1.175358,-1.043019,0.5177161,0.2589166,-1.051135,-0.2694306,-1.151843,-0.1113203,0.119633,-0.226076,24,24,24,24,24,24,24,24,24,24,24,24,24,24,24,24
892,8920,-1360.874,-1376.244,-1360.45,-1352.252,-1368.399,-1345.825,-1236.551,-441.366,167.0963,337.8275,-178.1414,-1009.953,-1509.849,-1382.135,-1346.843,-1381.326,24,24,25,24,24,24,25,24,24,24,24,25,25,25,25,25,892,8920,-1368.949,-1314.284,314.4024,-517.5588,-0.3956563,-0.8590503,1.828424,0.5215079,-1.164777,0.001376554,0.1314236,-1.077671,-0.511937,0.8909526,-0.362074,-0.4521263,24,24,24,24,24,24,24,24,24,24,24,24,24,24,24,24
893,8930,-1403.676,-1410.099,-1431.459,-1335.821,-1413.075,-1531.708,-1312.696,-424.5641,170.6884,339.9197,-193.2133,-1097.748,-1585.904,-1440.884,-1466.603,-1418.554,24,24,25,24,24,24,25,24,24,24,24,25,25,25,25,25,893,8930,-1408.023,-1389.025,317.8069,-513.4278,-0.9209383,-0.1227293,0.2612323,-0.130377,0.3882943,-0.9000146,-0.2627638,0.5388099,0.3839327,-0.4454113,-0.0007938265,-0.6781766,24,24,24,24,24,24,24,24,24,24,24,24,24,24,24,24
894,8940,-1478.829,-1448.431,-1436.875,-1480.868,-1418.871,-1416.546,-1313.589,-471.5844,168.211,338.5659,-170.5461,-1018.014,-1552.221,-1346.806,-1337.066,-1416.024,24,24,25,24,24,24,25,24,24,24,24,25,25,25,25,25,894,8940,-1400.101,-1414.284,326.5804,-506.8438,-0.2643354,0.3681525,3.531685E-05,0.7822618,0.3882943,-1.930175,-0.5255532,-0.1347242,-0.6399189,-0.6681402,-0.9642078,0.4520717,24,24,24,24,24,24,24,24,24,24,24,24,24,24,24,24
895,8950,-1406.802,-1417.233,-1370.908,-1324.015,-1372.745,-1380.998,-1256.831,-441.6168,155.5767,335.3661,-173.157,-1031.366,-1500.089,-1382.851,-1391.677,-1335.905,24,24,25,24,24,24,25,24,24,24,24,25,25,25,25,25,895,8950,-1490.332,-1445.989,328.0208,-513.2987,0.6549076,0.2454328,0.5224309,-0.5215079,-0.3882414,0.001376554,-0.7883459,-0.1347242,0.8958569,0.2227707,0.2400599,0.2260214,24,24,24,24,24,24,24,24,24,24,24,24,24,24,24,24
896,8960,-1381.911,-1367.423,-1390.72,-1403.366,-1331.582,-1342.739,-1283.998,-477.1014,155.0813,331.3048,-158.085,-999.8757,-1505.921,-1308.612,-1317.512,-1372.17,24,24,25,24,24,24,25,24,24,24,24,25,25,25,25,25,896,8960,-1470.728,-1463.881,328.6755,-509.684,-0.3956563,-9.631868E-06,-0.914159,-1.564527,0.7765613,0.1301466,-0.7883459,-1.765843E-05,-1.279825,-0.3340476,-0.2416471,0.4521327,24,24,24,24,24,24,24,24,24,24,24,24,24,24,24,24
897,8970,-1347.411,-1353.405,-1355.898,-1329.735,-1414.283,-1397.167,-1246.245,-436.0998,151.4892,326.505,-206.9798,-1049.63,-1486.997,-1374.019,-1376.174,-1331.688,24,25,25,24,24,24,25,24,24,24,24,25,25,25,25,25,897,8970,-1421.316,-1439.28,325.009,-517.5588,0.3922667,-0.9817699,0.1306338,0.3911309,0.6471395,0.3876867,0.6570058,-1.212379,-0.2559749,0.6682253,-0.0007938265,-1.017186,24,24,24,24,24,24,24,24,24,24,24,24,24,24,24,24
898,8980,-1340.078,-1343.369,-1381.859,-1351.766,-1311.181,-1393.464,-1284.381,-434.3443,179.6067,345.0887,-154.05,-1043.458,-1549.364,-1316.251,-1351.85,-1384.338,24,25,25,24,24,24,25,24,24,24,24,25,25,25,25,25,898,8980,-1460.524,-1442.963,321.8663,-512.7823,0.2609466,-1.227209,0.7836295,0.7822618,-1.035354,-0.3849336,-0.9197407,-0.2694306,0.5119129,0.2227707,-0.7233541,-0.9041627,24,24,24,24,24,24,24,24,24,24,24,24,24,24,24,24
899,8990,-1367.606,-1371.892,-1334.366,-1348.479,-1365.985,-1311.392,-1222.776,-444.7515,162.5132,331.7971,-195.8242,-1031.744,-1521.394,-1373.303,-1344.696,-1351.568,24,25,25,24,24,24,25,24,24,24,24,25,25,25,25,25,899,8990,-1399.429,-1407.048,326.8423,-507.6185,-1.183579,0.4908721,0.1306338,0.5215079,-0.1293961,-0.7712442,-0.6569512,0.1346904,0.5119129,-0.6681402,-0.8437809,0.2260856,24,24,24,24,24,24,24,24,24,24,24,24,24,24,24,24
900,9000,-1392.492,-1388.816,-1460.506,-1385.967,-1383.612,-1419.385,-1268.182,-416.2885,175.1476,339.5505,-190.3651,-1078.602,-1532.82,-1328.306,-1371.166,-1396.025,24,25,25,24,24,24,25,24,24,24,24,25,25,25,25,25,900,9000,-1391.239,-1375.735,328.1518,-514.3314,0.1296257,0.3681525,-0.7835605,0.6518849,-0.2588195,0.001376554,-0.6569512,-1.765843E-05,0.127969,0.5568616,0.2400599,0.1130589,24,24,24,24,24,24,24,24,24,24,24,24,24,24,24,24
901,9010,-1376.02,-1375.156,-1374.108,-1436.095,-1403.294,-1378.159,-1281.958,-460.8011,175.643,341.8888,-179.4468,-1047.993,-1590.903,-1375.69,-1374.146,-1471.082,24,25,25,24,24,24,25,24,24,24,24,25,25,25,25,25,901,9010,-1460.658,-1431.649,325.2709,-513.4277,1.18019,0.12271,0.6530311,-1.043019,-0.1293961,0.9027677,0.3942131,0.2693969,0.3839327,-0.222684,-0.2416471,-0.4520621,24,24,24,24,24,24,24,24,24,24,24,24,24,24,24,24
902,9020,-1479.19,-1489.042,-1433.675,-1374.77,-1457.995,-1471.473,-1270.988,-434.0936,160.2836,339.1813,-197.9604,-1059.456,-1525.679,-1435.63,-1432.839,-1379.881,24,25,25,24,24,24,24,24,24,24,24,25,25,25,25,25,902,9020,-1372.037,-1375.208,322.1282,-517.3006,-0.2643354,-6.421245E-06,-0.5223619,-1.043019,0.3882943,1.031538,0.1314236,0.2693969,-0.8958809,0.445498,0.4809132,0.1130589,24,24,24,24,24,24,24,24,24,24,24,24,24,24,24,24
903,9030,-1412.934,-1398.85,-1453.368,-1418.088,-1332.306,-1416.176,-1314.354,-457.1648,172.1748,342.258,-154.5247,-1021.667,-1527.583,-1306.106,-1318.704,-1361.085,24,25,25,24,24,24,24,24,24,24,24,25,25,25,25,25,903,9030,-1401.98,-1381.13,328.2827,-499.8726,0.1296257,-0.6136078,-0.2611633,0,0.3882943,-0.6424745,0.6570058,-0.5388436,-0.1279931,0.2227707,0.7217665,0.3391092,24,24,24,24,24,24,24,24,24,24,24,24,24,24,24,24
904,9040,-1301.611,-1332.008,-1309.635,-1311.356,-1367.554,-1355.575,-1251.729,-454.1555,155.8245,335.4892,-179.6842,-1011.968,-1505.802,-1379.748,-1356.381,-1353.375,24,25,25,24,24,24,24,24,24,24,24,25,25,25,25,25,904,9040,-1403.592,-1394.287,332.342,-506.8438,-0.9209383,-0.9817667,1.175428,0.6518816,-0.6470866,0.1301466,-1.445323,-0.1347242,-0.3839552,4.334341E-05,-0.6029276,-0.5650889,24,24,24,24,24,24,24,24,24,24,24,24,24,24,24,24
905,9050,-1344.646,-1335.755,-1371.893,-1325.84,-1347.757,-1416.916,-1280.427,-432.9651,158.5495,333.0278,-188.1102,-1068.777,-1526.631,-1409.24,-1419.476,-1355.423,24,25,25,24,24,24,24,24,24,24,24,25,25,25,25,25,905,9050,-1373.917,-1366.919,331.5564,-505.4237,-1.314899,-0.490885,3.531685E-05,-0.3911341,0.2588693,-1.672635,-1.051135,-0.1347242,-1.123718E-05,4.334341E-05,-0.7233541,0.3391092,24,24,24,24,24,24,24,24,24,24,24,24,24,24,24,24
906,9060,-1403.796,-1392.684,-1391.705,-1420.521,-1379.748,-1379.394,-1286.422,-458.1679,169.8213,338.566,-168.4099,-1038.546,-1564.004,-1325.68,-1339.927,-1415.422,24,25,25,24,24,24,24,24,24,24,24,25,25,25,25,25,906,9060,-1287.846,-1287.704,340.7226,-497.807,0.6549076,0.8590342,-0.1305648,0.6518816,0.6471379,-0.7712442,-0.3941585,0.673518,0.3839327,0.3341343,-0.2416471,0.1130589,24,24,24,24,24,24,24,24,24,24,24,24,24,24,24,24
907,9070,-1426.883,-1459.542,-1374.108,-1339.716,-1431.188,-1427.161,-1255.683,-437.1028,150.9937,331.4279,-193.4506,-1037.412,-1498.066,-1392.283,-1385.593,-1334.339,24,25,25,24,24,24,24,24,24,24,24,25,25,25,25,25,907,9070,-1348.002,-1289.809,330.3778,-515.4933,-0.2643354,0.1227132,-0.1305648,-1.173396,-0.6470882,-0.2561635,0.5256078,-0.2694306,0.5119129,-0.5567766,-0.2416471,-0.4520621,24,24,24,24,24,24,24,24,24,24,24,24,24,24,24,24
908,9080,-1372.534,-1400.301,-1436.013,-1386.454,-1354.155,-1458.266,-1326.471,-440.6137,173.6611,337.8275,-180.1588,-1097.244,-1569.717,-1399.209,-1464.217,-1466.986,24,25,25,24,24,24,24,24,24,24,24,25,25,25,25,25,908,9080,-1410.977,-1435.201,321.0806,-506.4565,0.2609466,0.2454328,0.1306338,-1.043019,0.3882927,0.5164568,-0.5255532,0.5388147,-0.511937,-0.222684,-0.9642078,0.1130589,24,24,24,24,24,24,24,24,24,24,24,24,24,24,24,24
909,9090,-1525.845,-1523.619,-1428.382,-1503.012,-1484.319,-1426.544,-1292.544,-467.3212,168.9542,338.566,-183.6005,-1034.011,-1579.12,-1414.971,-1375.935,-1370.483,24,25,25,24,24,24,24,24,24,24,24,25,25,25,25,25,909,9090,-1380.094,-1415.336,331.8182,-495.4833,-0.001694406,0.4908753,-0.5223619,0.3911277,2.407967E-05,-0.3849336,0.7884005,0.2694018,-0.3839584,-0.1113203,0.119633,-0.7911392,24,24,24,24,24,24,24,24,24,24,24,24,24,24,24,24
910,9100,-1410.289,-1415.172,-1402.905,-1342.637,-1373.107,-1426.297,-1277.238,-428.9527,165.6099,336.7199,-189.2969,-1068.903,-1529.488,-1371.393,-1393.228,-1340.845,24,25,25,24,24,24,24,24,24,24,24,25,25,25,25,25,910,9100,-1398.624,-1349.549,340.9845,-491.6104,-0.6582972,-1.718088,-0.5223619,0.3911277,-0.388243,0.001376554,-0.3941585,-1.481787,-0.6399205,0.1114552,-0.362074,-0.6781124,24,24,24,24,24,24,24,24,24,24,24,24,24,24,24,24
911,9110,-1401.751,-1403.686,-1350.484,-1396.553,-1367.796,-1333.607,-1262.953,-459.5471,163.1326,331.551,-168.2912,-1026.58,-1524.608,-1314.341,-1319.896,-1352.531,24,25,25,24,24,24,24,24,24,24,24,25,25,25,25,25,911,9110,-1388.553,-1414.941,344.651,-496.387,-0.3956563,0.1227132,0.7836295,0.1303738,-0.1293977,-0.6424737,-1.576717,0.5388147,1.279799,0.6682734,-0.1212207,-0.3390386,24,24,24,24,24,24,24,24,24,24,24,24,24,24,24,24
912,9120,-1330.822,-1350.621,-1329.813,-1305.149,-1350.896,-1393.711,-1255.428,-425.0657,164.9905,332.2894,-197.8417,-1071.044,-1535.201,-1369.483,-1373.55,-1365.664,24,25,25,24,24,24,24,24,24,24,24,25,25,25,25,25,912,9120,-1418.496,-1424.151,336.2704,-504.5201,-0.1330153,0.2454328,-0.3917634,0.7822586,-0.1293977,-1.672635,0.6570058,0.5388147,0.2559476,0.1114552,-0.4825008,0.1130589,24,24,24,24,24,24,24,24,24,24,24,24,24,24,24,24
913,9130,-1399.106,-1389.178,-1428.875,-1447.531,-1412.592,-1449.749,-1318.818,-446.7577,178.4919,344.4733,-170.3087,-1059.078,-1558.529,-1336.064,-1352.327,-1380.844,24,25,25,24,24,24,24,24,24,24,24,25,25,25,25,25,913,9130,-1541.088,-1535.448,333.3896,-492.7723,0.2609466,0.2454328,-0.3917634,-0.2607571,-0.2588211,0.5164568,0.2628184,-0.1347193,0.6398916,-0.6680905,-0.0007938265,1.130284,24,24,24,24,24,24,24,24,24,24,24,24,24,24,24,24
914,9140,-1359.912,-1379.265,-1340.887,-1349.94,-1410.419,-1378.283,-1244.841,-449.2654,155.5767,335.8584,-193.5693,-1033.885,-1532.106,-1432.406,-1398.954,-1360.724,24,25,25,24,24,24,24,24,24,24,24,25,25,25,25,25,914,9140,-1322.489,-1348.891,332.0801,-495.7415,-0.001694406,0.2454328,0.3918324,-0.3911341,2.407967E-05,0.1301466,0.3942131,1.212349,-1.44478E-05,-0.1112722,-0.4825008,0.2260856,24,24,24,24,24,24,24,24,24,24,24,24,24,24,24,24
915,9150,-1390.448,-1360.29,-1409.797,-1349.94,-1328.443,-1456.044,-1338.205,-448.2623,169.5736,339.6736,-169.0033,-1091.828,-1603.876,-1391.805,-1431.765,-1495.9,24,25,25,25,24,24,24,24,24,24,24,25,25,25,25,25,915,9150,-1395.938,-1363.366,335.4848,-485.1556,0.3922667,-0.7363274,-1.436556,-0.3911341,0.1294475,-0.6424737,0.7884005,0.2694018,-1.023864,1.113728,-1.084635,3.531685E-05,24,24,24,24,24,24,24,24,24,24,24,24,24,24,24,24
916,9160,-1476.785,-1482.755,-1416.936,-1462.862,-1481.783,-1413.09,-1296.498,-474.4683,161.0268,341.8889,-186.33,-1047.741,-1595.663,-1431.57,-1403.25,-1417.229,24,25,25,25,24,24,24,24,24,24,24,25,25,25,25,25,916,9160,-1293.083,-1314.679,345.3058,-484.3811,0.3922667,-1.472648,3.531685E-05,0.2607507,-0.5176647,1.289078,-0.5255532,-0.1347193,0.2559476,-0.2226358,-0.1212207,-1.921384,24,24,24,24,24,24,24,24,24,24,24,24,24,24,24,24
917,9170,-1424.117,-1432.944,-1436.506,-1355.661,-1435.173,-1519.859,-1307.977,-438.4821,157.4347,332.4125,-207.6918,-1090.442,-1569.598,-1434.555,-1430.094,-1383.254,24,25,25,25,24,24,24,24,24,24,24,25,25,25,25,25,917,9170,-1443.068,-1404.154,343.3416,-487.4794,-0.2643362,0.2454328,0.1306338,-0.2607571,0.5177145,-0.3849336,-0.5255532,0.1346937,-1.44478E-05,-0.6680905,0.2400595,0.1130589,24,24,24,24,24,24,24,24,24,24,24,24,24,24,24,24
918,9180,-1452.014,-1433.065,-1460.506,-1448.87,-1383.008,-1471.473,-1351.47,-465.942,169.202,342.6273,-171.3768,-1084.27,-1590.307,-1363.635,-1430.572,-1476.624,24,25,25,25,24,24,25,24,24,24,24,25,25,25,25,25,918,9180,-1362.638,-1376.13,347.4009,-481.67,0.5235868,0.8590342,3.531685E-05,0.2607507,2.407967E-05,0.1301466,-0.1313691,0.1346937,0.3839295,0.1114552,-0.0007938265,-0.1129882,24,24,24,24,24,24,24,24,24,24,24,24,24,24,24,24
919,9190,-1496.866,-1473.083,-1414.721,-1445.95,-1457.271,-1418.398,-1274.177,-450.3939,164.1235,336.7199,-189.5343,-1029.351,-1516.038,-1392.76,-1369.973,-1341.929,24,25,25,25,24,24,25,24,24,24,24,25,25,25,25,25,919,9190,-1353.776,-1357.839,341.5083,-488.1249,-0.2643362,-1.104486,-0.1306162,-0.6518881,0.2588693,0.1301466,0.3942131,-0.1347193,-0.5119402,-0.7794541,0.1196326,0.2260856,24,24,24,24,24,24,24,24,24,24,24,24,24,24,24,24
920,9200,-1381.31,-1373.464,-1424.813,-1387.063,-1354.397,-1428.272,-1307.212,-451.1462,167.7156,339.3044,-167.5791,-1055.803,-1545.317,-1351.461,-1375.935,-1406.386,24,25,25,25,24,24,25,24,24,24,24,25,25,25,25,25,920,9200,-1399.161,-1378.235,335.4848,-487.6085,-0.001695209,0.9817538,-1.605311E-05,-0.5215111,-0.2588211,0.3876867,-0.3941585,-0.8082534,-1.279828,0.7796371,-0.1212207,0.9042333,24,24,24,24,24,24,24,24,24,24,24,24,24,24,24,24
921,9210,-1416.782,-1398.608,-1382.474,-1457.508,-1443.625,-1376.555,-1290.503,-487.3831,161.77,336.843,-175.6491,-1024.186,-1564.004,-1389.895,-1365.92,-1418.193,24,25,25,25,24,24,25,24,24,24,24,25,25,25,25,25,921,9210,-1323.295,-1392.445,343.2106,-481.1537,0.7862269,-1.349926,-1.605311E-05,0.3911277,0.9059832,-0.7712442,-0.1313691,-0.8082534,-0.1279963,-0.1112722,-0.2416475,-0.3390386,24,24,24,24,24,24,24,24,24,24,24,24,24,24,24,24
922,9220,-1397.663,-1418.557,-1412.259,-1377.934,-1450.388,-1463.82,-1275.708,-433.0905,163.8757,342.9964,-200.6899,-1061.093,-1546.746,-1452.467,-1423.294,-1387.832,24,25,25,25,24,24,25,24,24,24,24,25,25,25,25,25,922,9220,-1311.076,-1301.389,346.2224,-482.4447,-0.920939,-0.7363274,0.3917811,-0.2607571,-0.2588211,0.001376554,-0.9197407,-1.284249E-05,-1.44478E-05,-0.3339995,-0.2416475,-0.4520621,24,24,24,24,24,24,24,24,24,24,24,24,24,24,24,24
923,9230,-1414.858,-1397.037,-1459.891,-1389.983,-1366.347,-1479.126,-1322.39,-434.2189,182.3318,349.8883,-163.7815,-1072.43,-1555.196,-1322.219,-1373.312,-1406.868,24,25,25,25,24,24,25,24,24,24,24,25,25,25,25,25,923,9230,-1326.786,-1343.628,344.651,-486.0594,0.5235868,0.7363146,0.3917811,0.5215046,1.29425,-0.9000146,-0.2627574,-0.2694258,-0.1279963,-0.1112722,-0.1212207,0.678183,24,24,24,24,24,24,24,24,24,24,24,24,24,24,24,24
924,9240,-1389.727,-1385.309,-1314.925,-1362.233,-1405.951,-1347.306,-1243.694,-451.5224,164.4951,339.4274,-179.3281,-1005.166,-1531.511,-1393.716,-1347.439,-1358.917,24,25,25,25,24,24,25,24,24,24,24,25,25,25,25,25,924,9240,-1435.549,-1435.859,337.7109,-491.3523,-0.1330161,-0.1227261,-0.1306162,-0.6518881,-0.77651,0.001376554,-0.2627574,0.4041082,-0.1279963,9.150275E-05,0.60134,0.5651595,24,24,24,24,24,24,24,24,24,24,24,24,24,24,24,24
925,9250,-1387.562,-1398.85,-1430.844,-1345.68,-1373.228,-1464.931,-1299.559,-435.849,172.9179,347.6731,-161.1706,-1031.87,-1500.684,-1324.248,-1346.246,-1331.086,24,25,25,25,24,24,25,24,24,24,24,25,25,25,25,25,925,9250,-1511.413,-1578.599,339.2822,-480.3791,0.3922659,0.6135949,0.3917811,-0.6518881,-0.388243,0.2589166,0.2628216,0.1346937,0.127969,-0.5567268,-0.6029276,-0.226015,24,24,24,24,24,24,24,24,24,24,24,24,24,24,24,24
926,9260,-1321.927,-1322.219,-1312.834,-1335.943,-1331.34,-1320.031,-1224.052,-425.0657,182.7034,345.9501,-171.6142,-1005.544,-1456.409,-1281.16,-1270.296,-1262.531,24,25,25,25,24,24,25,24,24,24,24,25,25,25,25,25,926,9260,-1385.331,-1344.286,344.782,-483.2192,0.2609458,-0.7363274,-1.175409,-0.782265,0.6471379,0.2589166,0.2628216,0.5388147,-1.279825,-0.3340508,0.60134,0.5651595,24,24,24,24,24,24,24,24,24,24,24,24,24,24,24,24
927,9270,-1284.903,-1288.981,-1320.339,-1301.984,-1284.987,-1312.503,-1236.551,-423.6864,175.2714,343.2426,-166.511,-1025.32,-1483.188,-1307.18,-1322.758,-1350.363,24,25,25,25,24,24,25,24,24,24,24,25,25,25,25,25,927,9270,-1293.62,-1324.548,343.0797,-482.3156,0.2609458,-1.595368,0.2611809,-3.210623E-06,-0.6470882,-0.1273935,0.2628216,-1.077666,-1.123718E-05,0.6682221,-0.1212207,-0.6781124,24,24,24,24,24,24,24,24,24,24,24,24,24,24,24,24
928,9280,-1322.287,-1350.983,-1330.428,-1340.203,-1341.601,-1304.358,-1228.26,-447.0084,173.6611,344.9655,-170.6647,-1008.945,-1557.458,-1410.314,-1365.323,-1416.988,24,25,25,25,24,24,25,24,24,24,24,25,25,25,25,25,928,9280,-1345.719,-1342.444,346.0914,-474.828,0.1296249,0.4908753,0.5223796,0.3911277,0.3882927,0.1301466,-0.6569448,0.4041082,0.5119129,-0.6681418,-0.6029276,-1.130223,24,24,24,24,24,24,24,24,24,24,24,24,24,24,24,24
929,9290,-1471.975,-1497.504,-1480.937,-1410.18,-1459.806,-1506.775,-1295.86,-427.6988,172.7941,351.4883,-185.262,-1058.574,-1534.01,-1446.974,-1423.055,-1351.326,24,25,25,25,24,24,25,24,24,24,24,25,25,25,25,25,929,9290,-1330.814,-1352.444,340.8536,-489.8032,-0.920939,-0.7363274,-1.306009,-1.303776,-0.388243,-1.157555,0.9198017,0.1346937,-0.6399189,4.013279E-05,0.3604863,-0.2260246,24,24,24,24,24,24,24,24,24,24,24,24,24,24,24,24
930,9300,-1393.454,-1372.982,-1416.936,-1410.058,-1371.659,-1442.343,-1305.298,-434.5951,190.6308,352.2267,-153.694,-1045.474,-1566.86,-1319.712,-1337.9,-1386.145,24,25,25,25,24,24,25,24,24,24,24,25,25,25,25,25,930,9300,-1342.496,-1328.101,333.9134,-486.1884,1.048868,1.349916,1.175377,0.7822586,-0.1293977,0.6452268,-0.2627574,-0.5388404,0.5119129,4.013279E-05,-0.1212207,0.1130492,24,24,24,24,24,24,24,24,24,24,24,24,24,24,24,24
931,9310,-1376.501,-1412.88,-1345.193,-1353.226,-1432.275,-1392.23,-1246.627,-432.8397,174.2805,345.3347,-201.1646,-1046.859,-1547.46,-1434.913,-1381.3,-1359.76,24,25,25,24,24,24,25,24,24,24,24,25,25,25,25,25,931,9310,-1429.641,-1436.912,339.2822,-484.252,-0.001695209,-6.421245E-06,-1.175409,-1.434153,0.5177145,0.2589166,-0.2627574,0.5388147,-0.1279931,-0.3340508,-0.1212207,0.2260728,24,24,24,24,24,24,24,24,24,24,24,24,24,24,24,24
932,9320,-1456.223,-1436.581,-1499.399,-1405.556,-1394.117,-1522.821,-1330.425,-419.1725,188.4012,353.0882,-164.0188,-1090.442,-1580.905,-1387.865,-1447.275,-1440.722,24,25,25,24,24,24,25,24,24,24,24,25,25,25,25,25,932,9320,-1436.757,-1425.729,344.1272,-478.4427,0.2609458,0.3681557,-1.04481,-1.56453,-0.6470882,-0.3849336,0.2628216,-1.284249E-05,-0.6399189,-0.5567782,-0.2416475,-0.2260246,24,24,24,24,24,24,24,24,24,24,24,24,24,24,24,24
933,9330,-1504.923,-1458.589,-1396.874,-1514.57,-1492.168,-1411.609,-1293.182,-469.9543,183.5704,354.4419,-178.1414,-1040.687,-1603.4,-1399.089,-1377.366,-1433.975,24,25,25,24,24,24,25,24,24,24,24,25,25,25,25,25,933,9330,-1470.863,-1496.112,339.5441,-488.8994,-0.001695209,-1.963527,1.044777,1.434143,-0.1293977,-0.2561635,-0.5255501,-1.284249E-05,0.7678766,0.2227675,-0.1212207,-0.6781253,24,24,24,24,24,24,24,24,24,24,24,24,24,24,24,24
934,9340,-1459.47,-1451.696,-1446.352,-1329.492,-1381.68,-1432.592,-1255.173,-404.5021,187.0387,358.011,-159.2718,-1020.659,-1474.024,-1309.448,-1333.369,-1316.266,24,25,25,24,24,24,24,24,24,24,24,25,25,25,25,25,934,9340,-1394.595,-1441.779,336.2704,-491.7396,-1.052259,-0.3681685,-0.3918148,-0.5215111,-0.388243,-0.5137036,-0.3941553,-0.2694258,-0.1279931,0.2227675,-0.2416475,0.4521231,24,24,24,24,24,24,24,24,24,24,24,24,24,24,24,24
935,9350,-1311.228,-1308.695,-1348.515,-1361.138,-1309.371,-1375.321,-1280.299,-432.5889,193.1081,356.7803,-144.6745,-1030.988,-1548.293,-1301.689,-1329.316,-1397.47,24,25,25,24,24,24,24,24,24,24,24,25,25,25,25,25,935,9350,-1424.404,-1409.811,343.9962,-479.2172,0.2609458,1.227193,-0.2612131,0.3911277,2.407967E-05,-0.1273935,0.3942195,0.2694018,-0.2559749,0.5568584,-0.2416475,-0.2260246,24,24,24,24,24,24,24,24,24,24,24,24,24,24,24,24
936,9360,-1372.775,-1372.498,-1324.399,-1300.037,-1354.276,-1357.796,-1220.99,-411.273,181.4647,360.9647,-150.9644,-992.444,-1454.266,-1350.983,-1357.454,-1310.122,24,25,25,24,24,24,24,24,24,24,24,25,25,25,25,25,936,9360,-1376.468,-1413.363,339.2822,-498.7108,-0.001695209,0.12271,0.6529813,-0.130377,-0.5176647,-0.6424745,0.3942195,-0.1347193,0.127969,-0.5567782,0.3604863,0.4521231,24,24,24,24,24,24,24,24,24,24,24,24,24,24,24,24
937,9370,-1376.742,-1352.56,-1411.521,-1391.078,-1293.919,-1371.989,-1282.085,-421.9309,202.5219,358.9955,-148.7096,-1049.001,-1561.147,-1323.293,-1352.566,-1394.82,24,25,25,24,24,24,24,24,24,24,24,25,25,25,25,25,937,9370,-1315.91,-1318.89,325.4019,-497.5489,0.2609458,0.3681525,-1.44478E-05,-1.173396,0.1293961,0.5164568,-0.5255501,0.6735212,-0.2559749,-0.2226872,-0.2416475,-0.1130011,24,24,24,24,24,24,24,24,24,24,24,24,24,24,24,24
938,9380,-1388.524,-1388.817,-1331.536,-1361.624,-1403.174,-1362.609,-1227.368,-420.8025,186.4193,359.2418,-171.8515,-1000.505,-1487.354,-1360.77,-1319.539,-1314.218,24,25,25,24,24,24,24,24,24,24,24,25,25,25,25,25,938,9380,-1342.496,-1366.129,330.9016,-490.7068,0.2609458,-0.2454489,0.3917827,0.7822618,0.9059318,0.001376554,0.3942195,-0.6735469,-1.123718E-05,0.5568584,-0.1212207,2.568498E-05,24,24,24,24,24,24,24,24,24,24,24,24,24,24,24,24
939,9390,-1365.322,-1363.677,-1412.013,-1338.864,-1324.701,-1401.734,-1273.667,-422.6833,182.4556,355.4266,-150.9644,-1024.312,-1496.757,-1374.735,-1391.438,-1349.88,24,25,25,24,24,24,24,24,24,24,24,25,25,25,25,25,939,9390,-1393.119,-1363.629,332.342,-495.0961,-0.920939,-0.7363306,-0.130613,0,-0.6471395,-1.286325,-1.445323,-1.284249E-05,-0.3839552,0.1114038,-0.6029276,-0.5650985,24,24,24,24,24,24,24,24,24,24,24,24,24,24,24,24
940,9400,-1368.087,-1348.693,-1380.506,-1410.058,-1340.152,-1372.606,-1275.963,-439.7359,187.9057,351.2422,-158.5597,-1036.908,-1558.648,-1322.219,-1342.431,-1404.217,24,25,25,24,24,24,24,24,24,24,24,25,25,25,25,25,940,9400,-1441.86,-1515.846,332.8658,-484.7684,-0.2643362,0.9817506,1.044778,0.3911309,0.5176631,-0.5137036,0.1314236,0.5388131,0.3839327,-0.2226872,-0.2416475,-0.2260246,24,24,24,24,24,24,24,24,24,24,24,24,24,24,24,24
941,9410,-1388.645,-1408.769,-1352.329,-1345.437,-1431.43,-1373.346,-1201.986,-399.4866,181.7124,358.1341,-186.6861,-1025.446,-1475.452,-1375.809,-1371.166,-1312.411,24,25,25,24,24,24,24,24,24,24,24,25,25,25,25,25,941,9410,-1502.283,-1515.978,341.2464,-491.0941,-0.7896181,-0.613611,-0.5224116,0.5215079,-1.035407,-0.6424745,-0.2627638,-0.538842,-0.3839552,0.3341311,-0.2416475,2.568498E-05,24,24,24,24,24,24,24,24,24,24,24,24,24,24,24,24
942,9420,-1373.496,-1324.041,-1354.052,-1342.028,-1287.16,-1314.601,-1225.71,-416.0377,191.7456,352.596,-150.371,-992.192,-1461.646,-1264.809,-1269.819,-1310.122,24,25,25,24,24,24,24,24,24,24,24,25,25,25,25,25,942,9420,-1475.831,-1487.298,339.4131,-487.9958,0.5235868,1.104473,0.7835814,-0.2607539,0.7765084,0.1301466,0.6570058,0.6735196,0.127969,-0.6681418,-1.084635,-0.4520749,24,24,24,24,24,24,24,24,24,24,24,24,24,24,24,24
943,9430,-1333.106,-1358.36,-1337.934,-1312.452,-1364.899,-1367.422,-1219.715,-413.7808,180.5976,350.0115,-174.1064,-1000.002,-1467.001,-1357.786,-1326.931,-1302.893,24,25,25,24,24,24,24,24,24,24,24,25,25,25,25,25,943,9430,-1412.722,-1456.908,335.3538,-493.9342,-0.3956571,-0.9817699,-1.044807,0.2607539,0.9059318,0.2589166,-0.1313691,-0.6735485,-0.6399189,0.8909494,0.9626201,2.568498E-05,24,24,24,24,24,24,24,24,24,24,24,24,24,24,24,24
944,9440,-1347.17,-1323.679,-1366.725,-1314.277,-1306.353,-1412.596,-1294.074,-422.3071,184.8091,350.7499,-151.0831,-1095.103,-1618.873,-1364.948,-1462.308,-1515.658,25,25,25,24,24,24,24,24,24,24,24,25,25,25,25,25,944,9440,-1456.898,-1448.094,327.2351,-506.3275,0.6549068,-0.1227293,-0.2612131,-0.130377,-0.1294491,0.001376554,-1.051135,-0.9429631,0.127969,0.3341311,-1.084635,-0.1130011,24,24,24,24,24,24,24,24,24,24,24,24,24,24,24,24
945,9450,-1582.482,-1614.335,-1446.475,-1458.968,-1546.627,-1457.896,-1246.372,-436.7266,177.2532,362.4416,-192.0265,-1035.271,-1529.607,-1458.079,-1437.491,-1400.121,25,25,25,24,24,24,24,24,24,24,24,25,25,25,25,25,945,9450,-1387.882,-1415.994,327.2351,-488.1249,0.2609458,-0.2454489,0.6529813,1.173393,-0.2588725,-0.1273935,-0.2627638,1.347054,0.5119129,-0.7795055,-1.445915,-0.4520749,24,24,24,24,24,24,24,24,24,24,24,24,24,24,24,24
946,9460,-1454.299,-1429.326,-1438.475,-1395.214,-1384.819,-1474.189,-1302.365,-424.1879,190.7546,357.7649,-146.0987,-1034.641,-1516.99,-1309.686,-1345.65,-1353.736,25,25,25,24,24,24,24,24,24,24,24,25,25,25,25,25,946,9460,-1401.309,-1358.76,337.0561,-494.1924,-0.001695209,-0.1227293,-0.130613,0.2607539,-0.7765613,-1.286325,-0.5255532,-1.44478E-05,-0.511937,0.1114038,-0.1212207,-0.6781253,24,24,24,24,24,24,24,24,24,24,24,24,24,24,24,24
947,9470,-1350.897,-1365.369,-1319.724,-1332.778,-1368.279,-1342.122,-1209.766,-412.2761,182.084,353.9497,-160.4586,-991.4362,-1460.812,-1327.47,-1313.935,-1307.471,25,25,25,24,24,24,24,24,24,24,24,25,25,25,25,25,947,9470,-1336.722,-1386.656,331.8182,-493.5469,0.9175478,0.9817506,-0.2612131,-0.3911309,-0.1294491,0.6452268,-0.1313691,-0.269429,-0.1279931,-0.1113235,0.4809132,0.5651466,24,24,24,24,24,24,24,24,24,24,24,24,24,24,24,24
948,9480,-1309.425,-1311.111,-1340.641,-1295.533,-1285.832,-1367.916,-1245.862,-402.6213,199.5491,361.0878,-149.3029,-1031.87,-1520.204,-1302.764,-1317.035,-1375.302,25,25,25,24,24,24,24,24,24,24,24,25,25,25,25,25,948,9480,-1464.015,-1437.043,329.4612,-490.5777,-0.1330161,-0.4908881,-0.5224116,-1.43415,0.6470866,0.001376554,-0.2627638,0.5388131,-1.023863,-0.7795055,0.3604863,-0.1130011,24,24,24,24,24,24,24,24,24,24,24,24,24,24,24,24
949,9490,-1354.744,-1368.39,-1347.162,-1335.577,-1362.484,-1340.395,-1206.96,-412.6523,177.0055,350.6268,-171.4955,-1009.575,-1491.282,-1360.651,-1338.019,-1311.085,25,25,25,24,24,24,24,24,24,24,24,25,25,25,25,25,949,9490,-1373.783,-1403.628,331.4254,-487.8667,0.6549076,-0.1227293,-0.9142088,0.6518849,0.9059318,-0.5137036,-0.2627638,-0.4041355,-0.8958809,0.4454948,0.2400595,0.3390996,24,24,24,24,24,24,24,24,24,24,24,24,24,24,24,24
950,9500,-1334.188,-1321.383,-1335.35,-1301.619,-1272.07,-1314.848,-1223.541,-411.1476,193.8513,360.9648,-136.3672,-999.3718,-1523.298,-1339.406,-1361.866,-1396.025,25,25,25,24,24,24,24,24,24,24,24,25,25,25,25,25,950,9500,-1325.309,-1311.126,324.7471,-497.2907,0.1296257,-0.613611,-1.44478E-05,0.3911309,-0.7765613,0.2589166,-0.3941585,-0.269429,0.8958569,0.5568584,-1.084635,-0.9041756,24,24,24,24,24,24,24,24,24,24,24,24,24,24,24,24
951,9510,-1363.639,-1383.618,-1357.62,-1389.252,-1424.909,-1374.21,-1261.04,-453.4032,177.6248,349.8884,-185.1433,-1033.004,-1534.963,-1446.496,-1403.727,-1370.844,25,25,25,24,24,24,24,24,24,24,24,25,25,25,25,25,951,9510,-1324.906,-1340.996,329.0684,-491.2232,-1.183579,-0.613611,-0.3918148,0.130377,-0.1294491,-0.2561635,-1.313928,-0.6735485,-0.2559749,-0.6681418,-0.4825008,-0.6781253,24,24,24,24,24,24,24,24,24,24,24,24,24,24,24,24
952,9520,-1394.657,-1377.332,-1440.321,-1363.815,-1358.018,-1500.356,-1316.905,-400.1135,203.1412,356.9034,-157.8477,-1091.324,-1608.518,-1351.819,-1405.159,-1479.395,25,25,25,24,24,24,24,24,24,24,24,25,25,25,25,25,952,9520,-1331.083,-1323.495,340.9845,-483.3483,0.9175486,1.472629,-0.2612146,0.5214565,0.2588179,-0.2561635,0.5256078,0.9429326,-0.2559749,0.6682221,0.3604863,0.4521231,24,24,24,24,24,24,24,24,24,24,24,24,24,24,24,24
953,9530,-1465.723,-1506.352,-1426.905,-1458.238,-1478.402,-1433.58,-1274.942,-460.2995,169.8213,341.6427,-187.6355,-1011.842,-1553.173,-1428.346,-1371.166,-1423.975,25,25,25,24,24,24,24,24,24,24,24,25,25,25,25,25,953,9530,-1388.553,-1374.024,334.3062,-497.8071,0.1296257,-0.9817731,-1.605311E-05,-1.04307,-0.2588211,-0.3849336,2.88956E-05,0.2693985,0.127969,-0.6681418,-0.362074,0.6781734,24,24,24,24,24,24,24,24,24,24,24,24,24,24,24,24
954,9540,-1419.909,-1427.633,-1448.321,-1329.857,-1373.348,-1501.838,-1296.242,-403.7498,181.9602,350.3807,-182.6511,-1093.213,-1570.788,-1432.644,-1448.349,-1382.892,25,25,25,24,24,24,24,24,24,24,24,25,25,25,25,25,954,9540,-1453.676,-1438.622,327.497,-493.5469,-0.3956563,0.4908689,-0.9142104,-5.136996E-05,0.9059832,1.160308,-0.1313691,0.2693985,-1.663769,-1.002233,0.1196326,0.2260728,24,24,24,24,24,24,24,24,24,24,24,24,24,24,24,24
955,9550,-1405.96,-1368.027,-1357.005,-1424.536,-1367.796,-1345.701,-1250.708,-436.852,192.1172,352.8421,-166.511,-1020.785,-1560.433,-1392.044,-1367.827,-1417.59,25,25,25,24,24,24,24,24,24,24,24,25,25,25,25,25,955,9550,-1397.147,-1441.911,330.2469,-487.8667,0.2609466,-0.7363338,-0.9142104,0.2607026,0.6471379,-0.9000146,-0.3941585,-0.6735485,-0.2559749,0.6682221,0.9626201,-0.1130011,24,24,24,24,24,24,24,24,24,24,24,24,24,24,24,24
956,9560,-1413.055,-1426.786,-1398.843,-1345.923,-1410.781,-1428.149,-1252.367,-419.1724,169.0781,345.9502,-179.3281,-1038.672,-1511.872,-1359.577,-1361.627,-1317.471,25,25,25,24,24,24,24,24,24,24,24,25,25,25,25,25,956,9560,-1497.583,-1478.089,333.7824,-484.1229,-0.2643354,-1.227212,-0.1306162,-0.2608053,-1.035355,-0.1273935,-1.051135,0.1346904,-0.2559749,4.013279E-05,-0.4825008,0.2260728,24,24,24,24,24,24,24,24,24,24,24,24,24,24,24,24
957,9570,-1330.101,-1317.879,-1331.782,-1342.394,-1300.438,-1291.893,-1219.46,-427.1972,176.8816,346.5655,-150.6084,-986.0198,-1459.979,-1292.499,-1292.831,-1306.869,25,25,25,24,24,24,24,24,24,24,24,25,25,25,25,25,957,9570,-1292.545,-1321.785,335.6157,-488.5122,-0.1330153,-0.1227325,0.1305825,-5.136996E-05,-0.2588211,-0.9000146,0.1314236,0.8082245,0.127969,0.5568584,-0.0007938265,2.568498E-05,24,24,24,24,24,24,24,24,24,24,24,24,24,24,24,24
958,9580,-1301.251,-1329.963,-1318.986,-1300.037,-1366.106,-1374.95,-1229.663,-414.2823,175.2714,347.9193,-185.618,-1033.004,-1489.139,-1373.899,-1369.616,-1334.941,25,25,25,24,24,24,24,24,24,24,24,25,25,25,25,25,958,9580,-1448.842,-1427.703,331.2945,-495.9998,-0.5269763,0.2454296,-0.5224133,-0.2608053,-1.035355,-0.5137036,0.1314236,-0.2694306,0.127969,-0.4454113,-0.1212207,1.130271,24,24,24,24,24,24,24,24,24,24,24,24,24,24,24,24
959,9590,-1348.012,-1339.146,-1366.356,-1356.026,-1335.445,-1384.577,-1266.269,-421.5548,190.1353,351.3653,-152.7446,-1037.034,-1571.978,-1314.938,-1339.569,-1455.661,25,25,25,24,24,24,24,24,24,24,24,25,25,25,25,25,959,9590,-1340.751,-1353.102,333.9134,-485.8012,0.3922667,-0.2454521,0.2611809,-0.5215592,2.407967E-05,0.6452268,0.5256078,0.4041034,0.8958569,-0.1113203,-0.2416475,-0.2260246,24,24,24,24,24,24,24,24,24,24,24,24,24,24,24,24
960,9600,-1441.072,-1451.696,-1359.958,-1370.631,-1477.074,-1430.124,-1246.5,-438.8582,167.8394,350.2576,-189.7717,-1013.228,-1554.958,-1521.249,-1437.969,-1425.301,24,25,25,24,24,24,24,24,24,24,24,25,25,25,25,25,960,9600,-1355.521,-1363.497,328.6755,-499.4854,-0.1330153,0.4908689,0.5223796,-5.136996E-05,-0.1293977,0.1301466,-0.1313691,0.2693969,-0.8958809,0.3341343,-0.0007938265,0.3390482,24,24,24,24,24,24,24,24,24,24,24,24,24,24,24,24
961,9610,-1655.11,-1588.82,-1637.617,-1453.736,-1419.475,-1632.676,-1378.382,-428.9526,188.2773,349.3961,-166.0363,-1097.874,-1623.038,-1409.717,-1449.422,-1447.107,24,25,25,24,24,24,24,24,24,24,24,25,25,25,25,25,961,9610,-1380.228,-1388.893,322.783,-490.8359,0.3922667,-1.349932,0.3917811,0.6518335,-0.2588211,-0.2561635,2.88956E-05,-0.5388436,-1.123718E-05,-0.1113203,-0.6029276,0.2260214,24,24,24,24,24,24,24,24,24,24,24,24,24,24,24,24
962,9620,-1478.95,-1476.606,-1373.738,-1430.984,-1448.214,-1390.749,-1263.846,-456.4125,176.8816,350.1346,-180.6335,-1028.091,-1598.639,-1433.003,-1393.108,-1496.503,24,25,25,24,24,24,24,24,24,24,24,25,25,25,25,25,962,9620,-1399.832,-1378.235,336.6633,-479.6045,-1.183579,-0.4908914,0.7835782,0.5214565,-0.2588211,-0.3849336,-0.9197407,-0.4041371,1.023839,-0.222684,0.3604863,-0.1130525,24,24,24,24,24,24,24,24,24,24,24,24,24,24,24,24
963,9630,-1505.043,-1505.748,-1497.799,-1387.549,-1457.754,-1531.708,-1291.013,-406.8845,168.211,338.4429,-196.6549,-1099.133,-1563.766,-1431.57,-1466.126,-1414.819,24,25,25,24,24,24,24,24,24,24,24,25,25,25,25,25,963,9630,-1364.383,-1389.156,341.1154,-484.1229,-0.6582972,0.1227068,0.5223796,-0.1304283,-1.164779,-1.543865,-0.2627638,-0.9429647,-0.1279931,0.8909526,-0.2416475,0.4520717,24,24,24,24,24,24,24,24,24,24,24,24,24,24,24,24
964,9640,-1460.311,-1430.656,-1435.275,-1447.532,-1418.268,-1419.261,-1292.671,-464.9388,168.211,343.6118,-163.7815,-1013.48,-1548.531,-1341.196,-1340.285,-1396.266,24,25,25,24,24,24,24,24,24,24,24,25,25,25,25,25,964,9640,-1325.712,-1329.68,336.4014,-485.5429,0.7862277,0.7363082,0.7835782,-0.5215592,-0.388243,0.5164568,0.6570058,0.5388099,1.151821,-0.3340476,0.2400595,-2.568498E-05,24,24,24,24,24,24,24,24,24,24,24,24,24,24,24,24
965,9650,-1408.004,-1420.861,-1433.059,-1325.475,-1366.347,-1475.917,-1274.05,-396.4773,185.8,351.7345,-180.8709,-1082.633,-1562.099,-1417.598,-1430.691,-1399.88,24,25,25,24,24,24,24,24,24,24,24,25,25,25,25,25,965,9650,-1332.023,-1402.575,337.8418,-486.0594,-0.6582972,-0.2454521,-1.959005,-0.7823132,0.6471379,0.1301466,-0.7883459,0.1346904,-1.023863,-0.4454113,-0.6029276,0.1129979,24,24,24,24,24,24,24,24,24,24,24,24,24,24,24,24
966,9660,-1418.706,-1387.366,-1430.475,-1448.87,-1365.261,-1384.207,-1284.508,-447.8861,183.1988,346.4425,-152.0325,-1022.675,-1565.313,-1312.551,-1314.173,-1426.867,24,25,25,24,24,24,24,24,24,24,24,25,25,25,25,25,966,9660,-1373.783,-1357.181,339.4131,-477.1517,0.3922667,-0.9817699,-0.5224133,-5.136996E-05,0.2588693,-0.1273935,0.7884005,0.1346904,0.6398948,0.445498,-0.0007938265,0.4520717,24,24,24,24,24,24,24,24,24,24,24,24,24,24,24,24
967,9670,-1429.769,-1433.316,-1384.935,-1300.646,-1394.117,-1450.366,-1249.943,-402.1197,177.0055,350.5038,-190.365,-1052.15,-1496.519,-1425.241,-1430.81,-1375.302,24,25,25,24,24,24,24,24,24,24,24,25,25,25,25,25,967,9670,-1262.87,-1276.388,344.3891,-484.7684,0.1296257,-0.8590503,0.5224309,0.3910795,-0.1293977,-0.1273935,-1.051135,0.4041034,0.127969,-0.3340476,-1.084635,-1.130274,24,24,24,24,24,24,24,24,24,24,24,24,24,24,24,24
968,9680,-1440.591,-1389.18,-1412.505,-1422.711,-1333.755,-1340.641,-1277.493,-452.4001,181.7124,348.5347,-162.3573,-1040.435,-1561.028,-1334.393,-1348.035,-1434.095,24,25,25,24,24,24,24,24,24,24,24,25,25,25,25,25,968,9680,-1388.419,-1357.576,336.7942,-494.4506,-1.183579,0.12271,0.2612323,-5.136996E-05,0.6471379,-0.9000146,0.3942131,-0.5388436,-1.151843,-0.222684,-0.6029276,0.678122,24,24,24,24,24,24,24,24,24,24,24,24,24,24,24,24
969,9690,-1411.732,-1436.339,-1367.464,-1378.908,-1447.973,-1385.811,-1226.985,-422.0563,172.1747,350.1346,-175.7678,-1016.503,-1502.827,-1390.492,-1376.889,-1331.567,24,25,25,24,24,24,24,24,24,24,24,25,25,25,25,25,969,9690,-1344.51,-1378.761,332.2111,-485.9303,0.6549076,0.2454328,0.1306338,0.2607026,-0.1294491,-0.2561635,0.3942131,0.1346904,1.663745,-0.3340476,0.2400595,-0.4521263,24,24,24,24,24,24,24,24,24,24,24,24,24,24,24,24
970,9700,-1339.357,-1333.346,-1344.701,-1308.314,-1291.143,-1335.582,-1245.096,-430.708,172.9179,340.7813,-152.9819,-995.2151,-1484.855,-1264.331,-1285.558,-1333.616,24,25,25,24,24,24,24,24,24,24,24,25,25,25,25,25,970,9700,-1356.595,-1337.443,338.4965,-480.7664,0.9175486,-0.3681685,-0.652962,-1.694955,-0.7765613,0.2589166,-0.2627638,-0.1347242,-0.511937,-1.559049,-1.566342,-0.5651498,24,24,24,24,24,24,24,24,24,24,24,24,24,24,24,24
971,9710,-1300.53,-1308.816,-1278.013,-1270.095,-1343.895,-1342.739,-1211.042,-413.7808,169.8213,341.0274,-173.0383,-1022.297,-1479.856,-1362.083,-1358.646,-1328.194,24,25,25,24,24,24,24,24,24,24,24,25,25,25,25,25,971,9710,-1354.447,-1370.34,334.83,-484.7684,-0.001694406,0.3681525,0.2612323,-0.3911823,0.1293961,0.3876867,0.9198017,0.2693969,-0.1279931,0.5568616,0.1196326,0.1129979,24,24,24,24,24,24,24,24,24,24,24,24,24,24,24,24
972,9720,-1350.656,-1323.679,-1338.918,-1343.733,-1318.786,-1324.351,-1220.608,-414.5331,191.8694,350.2576,-171.4955,-1006.3,-1480.927,-1340.599,-1316.915,-1316.869,24,25,25,24,24,24,24,24,24,24,24,25,25,25,25,25,972,9720,-1369.62,-1367.445,334.3062,-484.6393,0.1296257,-0.8590503,-0.5223619,0.5214565,-0.1294491,0.5164568,-0.6569448,-0.4041371,0.127969,-0.5567766,-0.6029276,-1.130274,24,24,24,24,24,24,24,24,24,24,24,24,24,24,24,24
973,9730,-1347.531,-1347.485,-1394.659,-1356.513,-1355.604,-1434.937,-1280.937,-418.7963,179.1112,339.7967,-190.2464,-1080.239,-1535.081,-1357.667,-1399.074,-1382.29,24,25,25,24,24,24,24,24,24,24,24,25,25,25,25,25,973,9730,-1392.313,-1357.313,343.0797,-481.2828,-0.7896174,-0.4908881,-0.3917634,-0.1304283,0.9059318,-0.3849336,-1.182527,-0.4041371,-0.1279963,-0.7795039,-0.6029276,0.4520717,24,24,24,24,24,24,24,24,24,24,24,24,24,24,24,24
974,9740,-1400.429,-1409.737,-1393.182,-1448.505,-1428.532,-1423.582,-1302.875,-466.4434,173.4134,346.4425,-162.5947,-1055.677,-1628.275,-1378.077,-1384.52,-1480.359,24,25,25,24,24,24,24,24,24,24,24,25,25,25,25,25,974,9740,-1282.878,-1284.809,338.6275,-477.4099,0.2609466,0.2454328,3.531685E-05,0.6518335,-0.1294491,-0.7712442,-0.2627574,0.1346904,0.1279674,0.7795889,0.3604863,0.1129979,24,24,24,24,24,24,24,24,24,24,24,24,24,24,24,24
975,9750,-1471.735,-1495.953,-1418.167,-1378.178,-1483.353,-1462.956,-1263.973,-433.9681,161.6461,350.5038,-177.6667,-1044.214,-1534.486,-1424.524,-1412.556,-1340.363,24,25,25,24,24,24,24,24,24,24,24,25,25,25,25,25,975,9750,-1277.104,-1258.624,339.4131,-482.1865,0.2609466,-0.1227293,0.6530311,-0.3911823,-0.9059848,-0.1273935,0.1314268,-0.2694306,0.8958552,-0.5567766,-0.9642078,0.678122,24,24,24,24,24,24,24,24,24,24,24,24,24,24,24,24
976,9760,-1404.878,-1365.973,-1429.244,-1431.35,-1362.484,-1501.591,-1368.816,-457.0394,184.8091,349.5192,-146.4547,-1078.476,-1636.488,-1367.693,-1410.05,-1473.612,25,25,25,24,24,24,24,24,24,24,24,25,25,25,25,25,976,9760,-1280.058,-1255.86,336.5323,-482.4447,-0.3956563,0.2454328,0.5224309,-0.6519362,0.7765084,0.7739968,-0.3941553,0.5388099,-0.1279963,0.3341343,-0.2416471,-0.3390386,24,24,24,24,24,24,24,24,24,24,24,24,24,24,24,24
977,9770,-1441.794,-1454.356,-1361.927,-1328.396,-1372.624,-1363.843,-1212.317,-401.9944,177.8726,340.412,-174.225,-1020.533,-1472.833,-1293.573,-1318.108,-1325.302,25,25,25,24,24,24,24,24,24,24,24,25,25,25,25,25,977,9770,-1354.313,-1350.997,342.8177,-467.0822,0.3922667,-0.613611,-0.2611633,-5.136996E-05,-0.5177161,-0.9000146,3.210623E-05,-0.5388436,-0.3839584,-0.5567766,0.4809132,-0.226015,24,24,24,24,24,24,24,24,24,24,24,24,24,24,24,24
978,9780,-1307.742,-1313.275,-1299.792,-1372.336,-1364.416,-1296.706,-1229.663,-461.5533,163.9996,332.0433,-186.0927,-1021.667,-1548.769,-1397.417,-1349.347,-1359.399,25,25,25,24,24,24,24,24,24,24,24,25,25,25,25,25,978,9780,-1267.301,-1260.86,351.5912,-470.3096,0.2609466,-0.3681685,0.2612323,0.5214565,-0.6471395,0.2589166,-0.3941553,0.2693969,0.2559476,-0.8908675,-1.807195,0.4521327,24,24,24,24,24,24,24,24,24,24,24,24,24,24,24,24
979,9790,-1383.354,-1372.859,-1405.736,-1321.215,-1359.346,-1439.628,-1258.106,-390.5841,191.374,351.4883,-174.5811,-1059.078,-1497.947,-1311.357,-1372,-1378.555,25,25,25,24,24,24,24,24,24,24,24,25,25,25,25,25,979,9790,-1349.479,-1333.627,338.4965,-479.7336,-0.3956563,-9.631868E-06,-0.5223619,0.3910795,-0.1294491,-1.415095,0.1314268,0.1346904,-1.44478E-05,0.2227707,-0.0007938265,-0.4520621,24,24,24,24,24,24,24,24,24,24,24,24,24,24,24,24
980,9800,-1353.421,-1350.742,-1313.941,-1347.141,-1352.103,-1311.392,-1218.057,-429.2034,172.0509,338.0737,-177.3106,-1016.251,-1536.867,-1398.373,-1361.627,-1403.253,25,25,25,24,24,24,24,24,24,24,24,25,25,25,25,25,980,9800,-1278.178,-1273.098,349.2341,-455.2053,0.6549076,0.3681525,0.1306338,0.1303256,-0.9059848,-0.7712442,0.2628216,-0.1347242,0.1279674,4.334341E-05,0.2400599,0.678183,24,24,24,24,24,24,24,24,24,24,24,24,24,24,24,24
981,9810,-1461.634,-1458.091,-1467.399,-1377.204,-1423.943,-1485.668,-1276.218,-408.5145,181.4647,349.7654,-176.2425,-1071.044,-1548.531,-1384.164,-1409.573,-1380.844,25,25,25,24,24,24,24,24,24,24,24,25,25,25,25,25,981,9810,-1413.797,-1367.971,356.9599,-464.8875,0.2609458,-0.1227293,0.5224309,-1.04307,0.1293961,-0.1273935,0.2628216,-0.2694306,-1.44478E-05,-1.002231,-0.362074,-0.4520621,24,24,24,24,24,24,24,24,24,24,24,24,24,24,24,24
982,9820,-1390.208,-1367.058,-1365.495,-1407.259,-1366.468,-1373.47,-1267.417,-430.8334,193.2319,352.2267,-157.2543,-1019.526,-1553.054,-1334.273,-1330.15,-1395.543,25,25,25,24,24,24,24,24,24,24,24,25,25,25,25,25,982,9820,-1340.079,-1356.918,351.4602,-461.531,-0.001695209,0.2454328,3.531685E-05,0.2607026,0.7765084,0.001376554,-0.6569448,-1.765843E-05,-0.7679023,-0.3340476,0.119633,0.9042333,24,24,24,24,24,24,24,24,24,24,24,24,24,24,24,24
983,9830,-1360.634,-1419.766,-1388.874,-1317.077,-1403.777,-1454.44,-1245.097,-401.7436,181.0931,351.3653,-164.6122,-1030.484,-1495.209,-1357.906,-1375.339,-1332.893,25,25,25,24,24,24,24,24,24,24,24,25,25,25,25,25,983,9830,-1444.276,-1425.861,357.2218,-454.6889,1.57415,-0.7363306,3.210623E-05,-0.1304283,-0.9059848,0.1301466,-0.5255501,0.1346904,1.663743,-0.1113203,-1.325488,-0.6781124,24,24,24,24,24,24,24,24,24,24,24,24,24,24,24,24
984,9840,-1317.599,-1303.243,-1281.089,-1310.139,-1290.66,-1263.631,-1194.716,-424.1879,178.9874,344.3503,-157.373,-985.1381,-1476.761,-1289.396,-1280.55,-1328.917,25,25,25,24,24,24,24,24,24,24,24,25,25,25,25,25,984,9840,-1309.733,-1367.445,354.2101,-458.1745,-0.5269772,-0.3681685,0.3918308,0.130377,1.164777,-0.1273935,-1.182527,-0.1347242,-0.1279963,-0.4454113,0.60134,-0.4520621,24,24,24,24,24,24,24,24,24,24,24,24,24,24,24,24
985,9850,-1284.302,-1359.927,-1379.644,-1312.939,-1369.486,-1374.827,-1216.909,-404.8783,171.4315,351.6114,-186.0927,-1031.744,-1488.187,-1437.779,-1417.806,-1353.495,25,25,25,24,24,24,24,24,24,24,24,25,25,25,25,25,985,9850,-1382.242,-1393.103,350.0198,-453.2689,0.3922659,0.9817506,0.3918308,0.6518849,2.568498E-05,-1.415095,-0.2627574,0.1346904,-0.2559765,-0.3340476,-0.8437809,0.9042333,24,24,24,24,24,24,24,24,24,24,24,24,24,24,24,24
986,9860,-1413.776,-1370.684,-1382.597,-1392.173,-1319.993,-1326.943,-1240.505,-422.1817,198.3104,357.0264,-155.1181,-1005.544,-1512.11,-1297.989,-1282.219,-1329.158,25,25,25,24,24,24,24,24,24,24,24,25,25,25,25,25,986,9860,-1314.164,-1324.285,357.2218,-439.0683,0.7862269,0.2454328,0.5224293,0.6518849,-0.2588195,0.1301466,0.9198017,-1.765843E-05,0.5119113,-0.5567766,-0.4825008,3.531685E-05,24,24,24,24,24,24,24,24,24,24,24,24,24,24,24,24
987,9870,-1329.981,-1356.06,-1314.925,-1268.147,-1318.786,-1347.553,-1196.374,-385.694,190.1353,350.6268,-165.799,-1008.315,-1434.627,-1290.231,-1317.154,-1297.471,25,25,25,24,24,24,24,24,24,24,24,25,25,25,25,25,987,9870,-1253.874,-1271.65,369.007,-430.677,-0.1330161,-0.3681685,-0.9141622,-1.303773,0.1294491,0.2589166,-0.2627574,0.1346904,-0.7679023,-1.224959,-0.1212203,0.4521327,24,24,24,24,24,24,24,24,24,24,24,24,24,24,24,24
988,9880,-1317.239,-1304.331,-1311.234,-1336.795,-1299.593,-1324.104,-1239.102,-433.4665,183.1988,344.3502,-163.1881,-1025.95,-1537.938,-1307.896,-1303.442,-1378.314,25,25,25,24,24,24,24,24,24,24,24,25,25,25,25,25,988,9880,-1286.369,-1275.335,374.3758,-433.7754,0.6549068,0.2454328,-0.2611665,0.7822618,0.3882943,-0.6424745,-1.051132,-0.5388436,0.2559476,-0.1113203,-0.1212203,3.531685E-05,24,24,24,24,24,24,24,24,24,24,24,24,24,24,24,24
989,9890,-1373.857,-1397.52,-1359.589,-1325.597,-1402.812,-1395.439,-1226.73,-410.3953,182.2079,357.2726,-173.0383,-999.4978,-1445.935,-1362.322,-1353.4,-1313.616,25,25,25,24,24,24,24,24,24,24,24,25,25,25,25,25,989,9890,-1236.955,-1244.675,364.2929,-436.4864,-0.7896181,-0.9817699,-0.391765,0.130377,-0.6470866,0.3876867,-0.3941553,-1.765843E-05,-0.7679023,-0.1113203,-1.084634,-0.7911392,24,24,24,24,24,24,24,24,24,24,24,24,24,24,24,24
990,9900,-1354.263,-1339.26,-1392.197,-1370.388,-1284.745,-1372.606,-1260.402,-416.6647,196.4525,355.7957,-143.3691,-1021.163,-1521.751,-1308.493,-1334.443,-1375.784,25,25,25,24,24,24,24,24,24,24,24,25,25,25,25,25,990,9900,-1199.357,-1207.305,363.5073,-430.1606,-0.6582981,-0.1227293,0.9142264,-0.5215079,0.3882943,-0.1273935,3.210623E-05,-0.4041371,0.1279674,-0.5567782,0.2400599,3.531685E-05,24,24,24,24,24,24,24,24,24,24,24,24,24,24,24,24
991,9910,-1306.901,-1368.508,-1296.469,-1312.086,-1361.639,-1323.117,-1199.945,-420.0501,175.5191,346.9347,-174.1064,-989.2949,-1480.451,-1387.506,-1348.035,-1325.784,25,25,25,24,24,24,24,24,24,24,24,25,25,25,25,25,991,9910,-1285.697,-1302.705,361.4121,-433.9044,-0.7896181,-0.2454489,0.1306322,0.5215079,-0.6470866,-0.9000146,0.1314268,0.4041034,-0.2559765,-0.1113235,0.3604863,0.4521327,24,24,24,24,24,24,24,24,24,24,24,24,24,24,24,24
992,9920,-1333.347,-1356.18,-1410.536,-1337.282,-1339.911,-1444.195,-1285.019,-422.8087,177.7487,347.7962,-166.7484,-1050.512,-1546.151,-1378.793,-1377.008,-1354.338,24,25,25,24,24,24,24,24,24,24,24,25,25,25,25,25,992,9920,-1253.739,-1272.572,363.3763,-429.1278,0.3922659,-0.3681685,-0.7835621,-1.303773,0.5177161,0.001376554,-0.3941553,-0.2694306,-0.3839584,-1.113598,-0.7233541,0.1130589,24,24,24,24,24,24,24,24,24,24,24,24,24,24,24,24
993,9930,-1373.015,-1351.346,-1367.34,-1375.865,-1337.738,-1384.207,-1281.065,-434.3443,188.2773,355.1804,-138.7407,-1040.435,-1569.598,-1346.567,-1368.781,-1398.434,24,25,25,24,24,24,24,24,24,24,24,25,25,25,25,25,993,9930,-1371.769,-1390.209,373.983,-423.1894,0.3922659,0.12271,-0.2611665,-0.130377,0.3882943,0.6452268,-0.5255501,-1.765843E-05,-1.279828,0.7795857,1.3239,3.531685E-05,24,24,24,24,24,24,24,24,24,24,24,24,24,24,24,24
994,9940,-1398.264,-1398.125,-1333.75,-1322.554,-1352.224,-1328.177,-1204.282,-400.9913,190.1353,362.5646,-148.5909,-977.8324,-1422.13,-1274.954,-1290.565,-1260.845,24,25,25,24,24,24,24,24,24,24,24,25,25,25,25,25,994,9940,-1497.314,-1497.691,367.5666,-437.7773,-0.5269772,-1.227209,-0.1305664,-0.5215079,-0.6470866,-0.1273935,-0.7883395,-0.9429647,-0.1279963,-0.5567782,-0.4825008,0.7912098,24,24,24,24,24,24,24,24,24,24,24,24,24,24,24,24
995,9950,-1274.565,-1266.018,-1264.725,-1269.121,-1237.305,-1261.163,-1188.849,-403.499,189.6398,348.0423,-148.8283,-971.2823,-1435.818,-1247.741,-1237.269,-1261.206,24,25,25,24,24,24,24,24,24,24,24,25,25,25,25,25,995,9950,-1296.439,-1349.549,357.6147,-435.97,0.2609458,0.12271,3.210623E-05,0,2.568498E-05,0.3876867,-0.9197375,-1.765843E-05,0.5119113,-0.3340508,-0.362074,-1.130213,24,24,24,24,24,24,24,24,24,24,24,24,24,24,24,24
996,9960,-1259.418,-1259.25,-1279.367,-1239.301,-1271.467,-1352.859,-1223.541,-402.1197,187.4102,359.1186,-113.9373,-983.6266,-1449.267,-1244.28,-1299.269,-1349.519,24,25,25,24,24,24,24,24,24,24,24,25,25,25,25,25,996,9960,-1244.206,-1221.253,361.2812,-439.4555,0.1296249,0.12271,0.2612307,0.130377,-0.1293961,-1.415095,-0.7883395,-0.1347242,-0.6399205,0.7795857,-0.0007938265,3.531685E-05,24,24,24,24,24,24,24,24,24,24,24,24,24,24,24,24
997,9970,-1368.567,-1384.342,-1347.162,-1380.612,-1368.641,-1298.311,-1211.552,-433.2158,187.658,367.6105,-132.0948,-950.2467,-1473.667,-1325.561,-1287.942,-1311.447,24,25,25,24,24,24,24,24,24,24,24,25,25,25,25,25,997,9970,-1230.778,-1217.832,357.6147,-441.1338,0.3922667,0.7363114,0.1306322,0.2607539,-0.7765084,-0.2561635,0.7884037,0.1346904,0.1279674,-1.336325,0.119633,1.017257,24,24,24,24,24,24,24,24,24,24,24,24,24,24,24,24
998,9980,-1348.012,-1350.379,-1367.709,-1311.843,-1328.081,-1361.622,-1215.634,-391.3364,193.2319,358.6263,-137.198,-1000.254,-1448.91,-1283.428,-1326.215,-1328.796,24,25,25,24,24,24,24,24,24,24,24,25,25,25,25,25,998,9980,-1247.966,-1251.649,356.6981,-445.6522,-0.5269763,0.4908721,-0.1305664,-0.5215079,0.1294491,0.2589166,-0.2627574,-0.4041371,-0.2559765,0.1114038,-0.1212203,0.1130589,24,24,24,24,24,24,24,24,24,24,24,24,24,24,24,24
999,9990,-1326.134,-1322.581,-1285.642,-1344.097,-1327.357,-1281.773,-1198.16,-419.4232,190.2592,357.0264,-150.8457,-969.5189,-1474.381,-1300.376,-1260.757,-1278.194,24,25,25,24,24,24,24,24,24,24,24,25,25,25,25,25,999,9990,-1257.365,-1262.703,356.96,-445.0067,0.7862277,-0.2454489,-0.3917634,0,-0.2588195,-0.3849336,0.2628216,-1.765843E-05,-0.1279963,-0.6681418,-0.4825008,-0.7911392,24,24,24,24,24,24,24,24,24,24,24,24,24,24,24,24
