0,0,-1841.291,-1792.33,-1820.189,-1808.885,-1751.422,-1841.276,-1654.46,-519.4821,280.4335,495.6036,-183.4818,-1310.888,-1897.859,-1699.174,-1808.783,-1876.126,25,25,25,25,24,25,25,24,24,24,24,25,25,25,25,25,0,0,-1946.324,-1960.884,469.705,-663.9538,-0.001642233,-0.2454425,-1.44478E-05,0.2607507,-0.1294491,-1.543865,0.5255629,-0.2694258,-0.6399189,0.8909558,0.2400085,-0.1130396,24,24,24,24,24,24,24,24,24,24,24,24,24,24,24,24
1,10,-1848.024,-1824.133,-1775.643,-1823.85,-1743.09,-1751.664,-1638.521,-524.1215,287.9893,511.6027,-161.764,-1342.121,-1964.034,-1885.339,-1876.074,-1796.25,25,25,25,25,24,25,25,24,24,24,24,25,25,25,25,25,1,10,-1839.174,-1861.276,479.0021,-656.0789,0.1296778,-0.9817635,0.2611842,1.694897,-0.5177161,1.160307,-0.6569961,-0.2694258,-0.1279931,0.3341311,-0.9642587,-0.5651402,24,24,24,24,24,24,24,24,24,24,24,24,24,24,24,24
2,20,-1861.489,-1800.19,-1848.739,-1780.901,-1768.689,-1894.228,-1675.373,-530.3908,264.0832,494.7421,-181.939,-1303.71,-1951.18,-1827.424,-1772.036,-1798.659,25,25,25,25,24,25,25,24,24,24,24,25,25,25,25,25,2,20,-1825.747,-1837.328,483.5853,-663.3083,0.7862799,-0.3681621,0.2611842,-3.210623E-06,-0.9059848,-2.058945,-0.2628087,-0.4041323,0.5119129,0.1114038,0.4808618,0.3390578,24,24,24,24,24,24,24,24,24,24,24,24,24,24,24,24
3,30,-1762.544,-1684.59,-1873.104,-1712.889,-1729.445,-1856.458,-1640.943,-524.3723,255.4126,494.9882,-208.1665,-1333.18,-2038.184,-1889.519,-1834.077,-1731.433,25,25,25,25,24,25,25,24,24,24,24,25,25,25,25,25,3,30,-1893.958,-1865.881,476.2523,-658.2736,0.5236397,0.6135982,-1.44478E-05,1.173389,-0.2588725,-0.5137036,1.18254,0.2694018,-0.2559749,0.3341311,0.1195816,0.7911584,24,24,24,24,24,24,24,24,24,24,24,24,24,24,24,24
4,40,-1903.808,-1940.337,-1874.335,-1879.574,-1897.652,-1799.803,-1631.89,-550.3275,278.2039,493.7576,-206.149,-1374.488,-2072.7,-1802.347,-1837.895,-1875.885,25,25,25,25,24,25,25,24,24,24,24,25,25,25,25,25,4,40,-1927.929,-1949.041,476.907,-664.2122,-0.6582451,-0.7363242,-0.130613,-1.173396,-0.5177161,-0.2561635,-1.926374E-05,-0.5388404,0.3839327,-0.4454145,-0.4825518,-0.5651402,24,24,24,24,24,24,24,24,24,24,24,24,24,24,24,24
5,50,-1938.193,-1909.382,-1869.166,-1926.659,-1849.231,-1859.297,-1699.474,-542.8041,279.5665,478.866,-236.4116,-1466.389,-2069.606,-1945.404,-1975.22,-1913.353,25,25,25,25,24,25,25,24,24,24,24,25,25,25,25,25,5,50,-1933.434,-1903.25,478.3474,-653.6262,-0.3956041,-0.1227228,-0.6530101,-0.1303802,1.423621,1.160307,0.1313755,1.347055,-0.511937,0.5568584,1.444276,0.2260343,24,24,24,24,24,24,24,24,24,24,24,24,24,24,24,24
6,60,-2023.913,-1988.464,-2090.452,-1941.016,-1910.09,-2163.357,-1806.335,-542.6788,243.6453,478.2507,-258.4854,-1437.057,-2126.446,-2059.443,-1976.413,-1854.32,25,25,25,25,24,25,25,24,24,24,24,25,25,25,25,25,6,60,-1825.613,-1840.091,482.5377,-666.9232,1.048921,-0.490885,-1.044807,-0.782265,-0.3882943,-0.9000142,-0.6569961,-0.1347193,-1.023863,-0.8908691,-0.6029786,-0.5651402,24,24,24,24,24,24,24,24,24,24,24,24,24,24,24,24
7,70,-2068.757,-2064.765,-1989.885,-1855.119,-1985.318,-1973.718,-1705.085,-585.1851,249.2193,484.8965,-202.5887,-1368.191,-2106.422,-1783.48,-1813.078,-1962.629,25,25,25,25,24,25,25,24,24,24,24,25,25,25,25,25,7,70,-1915.979,-1959.699,483.0615,-663.0502,-0.001642233,-1.349926,0.1305825,1.173389,0.1293961,0.9027669,-1.926374E-05,-0.1347193,-0.3839552,-1.113598,-0.9642587,-0.5651402,24,24,24,24,24,24,24,24,24,24,24,24,24,24,24,24
8,80,-1795.245,-1838.764,-1761.368,-1854.997,-1849.835,-1782.276,-1665.299,-567.2548,259.2524,471.728,-208.1665,-1387.709,-2024.259,-1750.88,-1800.074,-1853.838,25,25,25,25,24,25,25,24,24,24,24,25,25,25,25,25,8,80,-2005.27,-1966.542,482.4067,-656.9827,-1.446167,-0.490885,-0.6530133,-0.1304283,0.1293961,-1.157554,-0.2628087,-0.9429599,-0.511937,0.2227675,0.7217151,-0.3390899,24,24,24,24,24,24,24,24,24,24,24,24,24,24,24,24
9,90,-1841.892,-1828.848,-1834.464,-1851.469,-1799.844,-1869.665,-1725.488,-578.4142,235.8418,465.0822,-227.1548,-1414.271,-2046.516,-1856.322,-1877.744,-1787.093,25,25,25,25,24,25,25,24,24,24,24,25,25,25,25,25,9,90,-1877.308,-1893.513,479.5259,-674.6689,-0.7895651,0.1227132,0.6529797,0.7822104,0.2588709,0.1301466,0.3941681,-1.077666,0.2559508,0.6682221,1.203422,0.7911584,24,24,24,24,24,24,24,24,24,24,24,24,24,24,24,24
10,100,-1865.938,-1856.781,-1892.055,-1869.475,-1876.883,-1938.911,-1729.186,-581.9251,241.1681,485.3887,-214.219,-1379.651,-2079.128,-1888.444,-1858.893,-1836.609,25,25,25,25,24,25,25,24,24,24,24,25,25,25,25,25,10,100,-1885.23,-1913.645,466.955,-665.374,0.9176008,0.1227132,1.175377,-1.04307,0.3882943,-0.7712442,0.1313755,0.6735212,1.407783,-0.3340508,-0.1212716,0.1130075,24,24,24,24,24,24,24,24,24,24,24,24,24,24,24,24
11,110,-1845.86,-1884.593,-1864.859,-1822.755,-1887.63,-1854.483,-1693.481,-597.4731,241.6635,468.405,-224.6626,-1443.855,-2151,-1862.292,-1926.542,-1883.837,25,25,25,25,24,25,25,24,24,24,24,25,25,25,25,25,11,110,-1901.074,-1907.198,464.3361,-665.374,0.7862799,1.472636,0.5223796,-1.04307,-0.2588195,-0.5137036,1.576779,0.8082277,-0.511937,0.2227675,-0.9642587,0.4520814,24,24,24,24,24,24,24,24,24,24,24,24,24,24,24,24
12,120,-1929.296,-1937.314,-1957.768,-1960.118,-1898.618,-1993.591,-1769.099,-554.716,266.4367,485.1425,-247.2111,-1446.121,-2062.822,-1880.443,-1875.955,-1908.414,25,25,25,25,24,25,25,24,24,24,24,25,25,25,25,25,12,120,-1894.764,-1909.961,477.6927,-658.9192,0.3923188,-2.086246,-0.7836119,-0.9126902,-0.5176631,0.5164568,0.9198017,-0.808255,0.3839327,4.013279E-05,-0.7234055,-0.9042141,24,24,24,24,24,24,24,24,24,24,24,24,24,24,24,24
13,130,-1866.178,-1901.159,-1916.297,-1816.063,-1876.521,-1933.974,-1684.045,-550.2021,247.8568,481.6966,-241.1586,-1382.799,-2077.938,-1899.788,-1850.303,-1843.236,25,25,25,25,24,25,25,24,24,24,24,25,25,25,25,25,13,130,-1866.566,-1856.802,481.4901,-664.8576,-0.5269242,-0.2454457,-0.7836119,0.6518335,2.568498E-05,0.001376554,-1.839504,-0.269429,0.127969,0.2227675,0.1195816,-0.9042141,24,24,24,24,24,24,24,24,24,24,24,24,24,24,24,24
14,140,-1931.46,-1958.113,-1892.178,-1902.083,-1979.763,-1914.718,-1717.072,-585.3105,262.9684,492.1575,-213.2696,-1400.172,-2068.773,-1782.644,-1810.692,-1946.967,25,25,25,25,24,25,25,24,24,24,24,25,25,25,25,25,14,140,-1864.955,-1851.407,481.752,-678.0254,-0.3956041,1.104473,0.5223796,-0.2608053,-0.1293961,-1.801405,0.1314268,0.6735196,-1.123718E-05,-0.334046,0.6012886,0.6781317,24,24,24,24,24,24,24,24,24,24,24,24,24,24,24,24
15,150,-1820.733,-1867.059,-1843.324,-1876.776,-1872.174,-1864.358,-1717.199,-577.1604,255.2888,486.7424,-215.1684,-1380.407,-2052.824,-1823.005,-1815.703,-1823.839,25,25,25,25,24,25,25,24,24,24,24,25,25,25,25,25,15,150,-1985.532,-2041.544,477.1689,-671.3124,0.5236397,0.7363146,-0.3918148,-0.6519362,-0.7765084,-0.2561635,1.313986,0.404105,0.6398948,-0.7795007,-0.0008451964,0.3390578,24,24,24,24,24,24,24,24,24,24,24,24,24,24,24,24
16,160,-1773.605,-1793.54,-1822.774,-1801.585,-1841.02,-1837.943,-1666.957,-569.8879,253.4308,482.6811,-230.2404,-1397.654,-2082.464,-1831.842,-1842.906,-1800.828,25,25,25,25,24,25,25,24,24,24,24,25,25,25,25,25,16,160,-2032.259,-2011.938,462.6338,-684.4803,-0.7895651,0.6135949,-1.605311E-05,-0.7823132,-0.1293961,-0.3849336,-0.9197375,-0.6735485,0.3839327,-0.334046,-0.0008451964,0.4520814,24,24,24,24,24,24,24,24,24,24,24,24,24,24,24,24
17,170,-1878.561,-1837.192,-1784.38,-1837.112,-1800.447,-1814.985,-1712.354,-576.5334,268.047,495.7266,-199.7405,-1413.138,-2029.853,-1864.561,-1894.09,-1880.102,25,25,25,25,24,25,25,24,24,24,24,25,25,25,25,25,17,170,-2032.259,-2016.543,451.8962,-678.5418,0.1296778,0.2454328,-1.175409,0.1303256,0.3882943,0.6452268,0.1314268,-1.44478E-05,-1.919732,-0.1113187,-0.0008451964,0.3390578,24,24,24,24,24,24,24,24,24,24,24,24,24,24,24,24
18,180,-2010.087,-1928.608,-2051.168,-1918.142,-1941.244,-2081.739,-1773.307,-571.5179,238.3191,485.6348,-252.0769,-1407.221,-2167.33,-1986.96,-1899.816,-1842.151,25,25,25,25,24,25,25,24,24,24,24,25,25,25,25,25,18,180,-1855.287,-1876.934,461.5862,-683.5765,1.442883,-1.104486,-0.6530133,-0.9126902,0.7765613,-0.1273935,-1.576714,-0.4041355,0.5119129,0.7795922,-0.1212716,-0.6781638,24,24,24,24,24,24,24,24,24,24,24,24,24,24,24,24
19,190,-2088.384,-2118.283,-1919.989,-1961.334,-2022.872,-1915.212,-1741.3,-615.4035,256.2797,496.0958,-193.0946,-1390.478,-2107.137,-1812.139,-1827.634,-2032.867,25,25,25,25,24,25,25,24,24,24,24,25,25,25,25,25,19,190,-1958.812,-1895.224,469.7049,-672.7325,-1.052206,0.3681557,0.3917811,0.5214565,-0.3882414,-0.3849336,-0.6569448,0.8082261,0.2559508,-1.113592,-0.7234055,-0.2260664,24,24,24,24,24,24,24,24,24,24,24,24,24,24,24,24
20,200,-1735.253,-1795.716,-1788.933,-1816.307,-1784.629,-1846.584,-1713.884,-557.9761,275.8505,506.3106,-191.9078,-1369.702,-2006.644,-1767.479,-1763.684,-1818.538,25,25,25,25,24,25,25,24,24,24,24,25,25,25,25,25,20,200,-1922.693,-1919.303,468.6573,-682.5436,0.1296778,0.3681557,0.5223796,-0.3911823,0.1294491,-0.6424737,-0.1313626,0.8082261,0.2559508,-0.1113187,-0.0008451964,-0.5651402,24,24,24,24,24,24,24,24,24,24,24,24,24,24,24,24
21,210,-1737.898,-1746.501,-1771.828,-1727.368,-1719.423,-1815.479,-1681.622,-562.8662,252.5637,489.9423,-229.5283,-1381.037,-2060.798,-1884.503,-1833.719,-1730.47,25,25,25,25,24,25,25,24,24,24,24,25,25,25,25,25,21,210,-1889.796,-1896.934,462.241,-705.391,-0.9208853,0.7363146,-0.5224133,0.9125874,-0.1293961,-0.6424737,1.051196,-0.9429631,-0.3839552,0.3341359,0.4808618,0.2260343,24,24,24,24,24,24,24,24,24,24,24,24,24,24,24,24
22,220,-1928.936,-1930.301,-1858.337,-1864.366,-1922.165,-1858.186,-1717.837,-603.7425,271.3913,502.0031,-187.0421,-1425.349,-2135.147,-1884.981,-1917.594,-1875.644,25,25,25,25,24,25,25,24,24,24,24,25,25,25,25,25,22,220,-1753.24,-1771.01,457.7888,-697.9061,0.1296778,-0.1227228,0.7835782,-0.3911823,-0.1293961,-0.2561635,-0.1313626,-0.1347209,0.5119129,0.2227723,0.4808618,-1.605311E-05,24,24,24,24,24,24,24,24,24,24,24,24,24,24,24,24
23,230,-1961.276,-1924.86,-1915.19,-1932.986,-1840.537,-1941.996,-1766.166,-568.2579,264.7026,499.5417,-200.8086,-1404.955,-2071.034,-1869.935,-1868.916,-1899.017,25,25,25,25,24,25,25,24,24,24,24,25,25,25,25,25,23,230,-1887.513,-1879.434,456.3484,-700.8743,0.2609988,0.981757,0.6529813,-0.9126902,-0.9059318,-0.1273935,-0.6569448,0.9429326,-0.2559749,0.1114086,-0.9642587,0.4520814,24,24,24,24,24,24,24,24,24,24,24,24,24,24,24,24
24,240,-1910.541,-1926.19,-1957.152,-1806.087,-1900.55,-1920.026,-1675.373,-549.4498,271.2675,523.7866,-172.9196,-1337.084,-2119.175,-1787.062,-1753.901,-1821.55,25,25,25,25,24,25,25,24,24,24,24,25,25,25,25,25,24,240,-1918.53,-1956.936,457.5269,-683.7056,-0.1329631,-0.7363242,-0.7836103,-0.130377,-0.1293961,-0.5137036,-0.6569448,-1.347083,-1.123718E-05,0.2227723,-0.0008451964,-1.130264,24,24,24,24,24,24,24,24,24,24,24,24,24,24,24,24
25,250,-1896.234,-1912.042,-1806.161,-1803.045,-1861.185,-1785.978,-1653.695,-585.4359,261.1105,492.7729,-192.5012,-1373.102,-2066.868,-1782.166,-1841.952,-1870.584,25,25,25,25,24,25,25,24,24,24,24,25,25,25,25,25,25,250,-1883.619,-1874.171,472.3239,-678.2835,-0.9208853,-1.718084,-0.130613,0.7822618,-0.9059848,-0.3849336,-0.1313626,0.2693985,-1.023863,-1.002228,-0.8438319,-1.017238,24,24,24,24,24,24,24,24,24,24,24,24,24,24,24,24
26,260,-1963.199,-1952.309,-1960.967,-1997.835,-1890.045,-1940.639,-1756.73,-555.9699,278.9471,504.4645,-212.3202,-1435.798,-2057.585,-1876.383,-1889.556,-1901.065,25,25,25,25,24,25,25,24,24,24,24,25,25,25,25,25,26,260,-1883.888,-1900.75,473.5023,-691.064,-0.2642832,-3.210623E-06,0.7835814,-0.3911309,0.1293961,-0.5137036,-0.1313626,0.2693985,0.7678766,0.5568632,-0.2416985,-0.5651402,24,24,24,24,24,24,24,24,24,24,24,24,24,24,24,24
27,270,-1912.825,-1894.871,-1995.546,-1870.692,-1931.583,-2047.407,-1742.193,-568.0071,242.9022,487.6039,-252.0769,-1401.431,-2114.765,-1943.852,-1884.783,-1821.189,25,25,25,25,24,25,25,24,24,24,24,25,25,25,25,25,27,270,-2053.743,-2043.123,454.2532,-698.5514,-0.2642832,0.8590374,-1.44478E-05,0.130377,0.1293961,-0.3849336,0.6569576,1.751175,-0.6399189,-0.4454097,1.082996,1.130232,24,24,24,24,24,24,24,24,24,24,24,24,24,24,24,24
28,280,-1876.277,-1920.385,-1860.675,-1859.864,-1943.176,-1864.358,-1703.172,-598.9778,264.331,494.2497,-213.863,-1430.259,-2142.061,-1876.144,-1937.28,-1917.932,25,25,25,25,24,25,25,24,24,24,24,25,25,25,25,25,28,280,-1892.212,-1915.356,451.6343,-684.2219,0.5236397,0.2454361,1.044778,-0.9126388,-2.729029E-05,0.3876867,0.2627702,-0.6735469,-1.123718E-05,-1.002228,-0.6029786,-0.9042141,24,24,24,24,24,24,24,24,24,24,24,24,24,24,24,24
29,290,-1976.424,-1933.324,-1929.464,-1952.696,-1885.456,-2002.601,-1791.925,-573.148,267.1799,497.0803,-226.0867,-1434.413,-2063.179,-1926.417,-1896.953,-1949.135,25,25,25,25,24,25,25,24,24,24,24,25,25,25,25,25,29,290,-1915.576,-1936.541,452.42,-683.7056,-0.9208853,-0.4908817,-0.7836103,0.5215079,0.5176631,0.2589166,-0.131414,0.1346937,-1.151894,0.1114086,-0.1212716,-0.4521135,24,24,24,24,24,24,24,24,24,24,24,24,24,24,24,24
30,300,-1926.892,-1872.864,-1902.638,-1841.735,-1934.481,-1974.212,-1712.736,-563.744,261.7298,497.3265,-218.6101,-1397.024,-2125.85,-1851.665,-1868.319,-1839.501,25,25,25,25,24,25,25,24,24,24,24,25,25,25,25,25,30,300,-1837.832,-1828.117,451.6343,-682.6727,-0.2642832,-0.1227228,0.130584,0.7822618,0.3882414,-0.6424737,-0.2628087,-1.481787,-0.5119883,0.4454948,-0.3621253,0.7911584,24,24,24,24,24,24,24,24,24,24,24,24,24,24,24,24
31,310,-1835.641,-1943.723,-1869.659,-1963.159,-1882.438,-1878.059,-1768.717,-610.8895,257.6422,495.9727,-172.2075,-1411.753,-2085.92,-1860.74,-1884.187,-1913.715,25,25,25,25,24,25,25,24,24,24,24,25,25,25,25,25,31,310,-1853.005,-1853.775,469.1812,-672.2159,-0.2642832,-1.227203,-0.2612131,-0.130377,-2.070787,-0.5137036,-0.2628087,0.1346937,0.6398434,0.6682221,-1.084634,-1.017238,24,24,24,24,24,24,24,24,24,24,24,24,24,24,24,24
32,320,-1877.719,-1876.733,-1900.546,-1850.374,-1844.401,-1860.655,-1690.421,-571.2672,241.9113,483.1734,-222.4077,-1364.287,-2022.474,-1835.783,-1819.402,-1855.645,25,25,25,25,24,25,25,24,24,24,24,25,25,25,25,25,32,320,-1917.456,-1926.541,480.9663,-671.1832,-0.5269242,-3.210623E-06,0.3917827,-1.564527,0.6470866,0.001376554,0.5255629,1.077642,-0.1280445,-0.7795055,-0.362074,0.5651595,24,24,24,24,24,24,24,24,24,24,24,24,24,24,24,24
33,330,-1851.751,-1856.539,-1860.675,-1810.102,-1879.781,-1846.46,-1680.474,-591.5799,245.1318,489.9423,-212.0828,-1369.954,-2129.307,-1852.381,-1857.462,-1848.055,25,25,25,25,24,25,25,24,24,24,24,25,25,25,25,25,33,330,-1981.37,-2021.148,458.5745,-701.2614,0.2609988,-0.6136046,-1.044807,1.564524,-0.6471395,-1.157554,0.7883524,-0.6735469,0.2558995,1.447768,0.2400599,-0.226015,24,24,24,24,24,24,24,24,24,24,24,24,24,24,24,24
34,340,-2037.619,-2038.042,-1899.069,-1986.885,-1971.794,-1994.579,-1813.093,-602.3632,268.5424,494.4958,-237.1236,-1527.445,-2160.655,-2093.992,-2083.688,-1946.725,25,25,25,25,24,25,25,24,24,24,24,25,25,25,25,25,34,340,-1995.602,-2071.15,441.9443,-696.8734,0.7862799,0.3681589,0.6529813,-0.7822618,1.553044,0.001376554,-0.5256014,-0.5388404,0.1279176,-0.6681418,-0.0007938265,-0.1129882,24,24,24,24,24,24,24,24,24,24,24,24,24,24,24,24
35,350,-2142.815,-2106.536,-2128.664,-1962.916,-2051.007,-2095.713,-1775.22,-584.1821,232.002,481.9427,-251.9582,-1409.236,-2113.216,-1931.552,-1893.016,-1990.218,25,25,25,25,24,25,25,24,24,24,24,25,25,25,25,25,35,350,-1817.691,-1781.142,453.5985,-674.927,-0.2642832,0.8590374,-0.7836103,-1.825281,-0.3882943,0.001376554,-0.7883909,0.1346937,-0.8959323,-0.1113235,0.119633,0.1130589,24,24,24,24,24,24,24,24,24,24,24,24,24,24,24,24
36,360,-1918.476,-1949.89,-1894.27,-1914.492,-2059.701,-1983.84,-1766.549,-625.5599,253.9263,486.9886,-221.6956,-1487.286,-2269.479,-1917.939,-1991.923,-1933.112,25,25,25,25,24,25,25,24,24,24,24,25,25,25,25,25,36,360,-1929.003,-1884.566,458.7054,-680.0909,1.180242,-0.4908817,0.3917827,1.564524,0.1293961,-0.5137036,-0.3942067,-0.8082534,0.3838813,0.3341311,-0.362074,-0.1129882,24,24,24,24,24,24,24,24,24,24,24,24,24,24,24,24
37,370,-2041.827,-1991.487,-1927.741,-1972.65,-1903.569,-1924.099,-1741.173,-569.0102,260.1195,482.8042,-227.9855,-1419.055,-2039.375,-1812.616,-1823.816,-2011.663,25,25,25,25,24,25,25,24,24,24,24,25,25,25,25,25,37,370,-1889.258,-1952.199,464.3361,-678.7999,-0.5269763,-1.595365,-0.130613,1.434147,-0.3882943,0.3876867,-0.7883909,-0.8082534,-6.260714E-05,0.4454948,-0.6029276,-0.9041627,24,24,24,24,24,24,24,24,24,24,24,24,24,24,24,24
38,380,-1802.699,-1803.334,-1850.339,-1818.74,-1882.317,-1947.674,-1718.347,-586.3137,239.1862,475.6661,-261.0963,-1416.411,-2164.827,-1906.953,-1910.316,-1771.673,25,25,25,25,24,25,25,24,24,24,24,25,25,25,25,25,38,380,-1906.445,-1927.988,474.419,-682.8019,-0.001694406,-0.7363242,-0.5224116,-0.6518849,0.7765084,-0.6424737,0.1313755,-1.284249E-05,0.3838813,-0.2226872,0.60134,-0.1129882,24,24,24,24,24,24,24,24,24,24,24,24,24,24,24,24
39,390,-2063.106,-2034.898,-1924.296,-1978.733,-2030.962,-1947.921,-1749.461,-597.3477,251.6966,476.0353,-224.4252,-1430.762,-2080.676,-1838.529,-1872.972,-2035.396,25,25,25,25,24,25,25,24,24,24,24,25,25,25,25,25,39,390,-2034.407,-1974.963,466.955,-687.3203,0.6549076,0.981757,-0.9142072,0.2607539,-0.7765613,-1.672635,0.5255629,0.2694018,-6.260714E-05,0.3341311,1.203473,-0.6781124,24,24,24,24,24,24,24,24,24,24,24,24,24,24,24,24
40,400,-1876.036,-1867.301,-1892.916,-1892.714,-1855.751,-1918.05,-1747.039,-579.6682,243.2738,477.143,-233.0886,-1435.043,-2082.583,-1829.215,-1811.766,-1843.477,25,25,25,25,24,25,25,24,24,24,24,25,25,25,25,25,40,400,-1920.947,-1945.225,461.0624,-688.7404,1.18019,-3.210623E-06,0.6529829,-0.6519362,-0.1294491,0.1301466,0.2627702,0.8082277,0.5118616,-1.447689,-1.686768,0.3391092,24,24,24,24,24,24,24,24,24,24,24,24,24,24,24,24
41,410,-1808.951,-1806.841,-1804.192,-1784.065,-1789.459,-1805.358,-1655.863,-547.6944,255.1649,475.2969,-241.9894,-1382.673,-1987.124,-1791.003,-1789.336,-1781.19,25,25,25,25,24,25,25,24,24,24,24,25,25,25,25,25,41,410,-1988.486,-1952.725,454.3842,-691.0641,-0.9209383,-0.3681621,-0.6530086,-0.7823132,0.7765084,0.5164568,-0.131414,0.1346937,-0.6399702,0.1114038,0.3604863,-1.130213,24,24,24,24,24,24,24,24,24,24,24,24,24,24,24,24
42,420,-1817.487,-1841.062,-1836.556,-1882.007,-1933.636,-1874.479,-1717.964,-606.2503,251.0773,469.2665,-234.8688,-1460.976,-2151.119,-1842.231,-1880.846,-1827.213,25,25,25,25,24,25,25,24,24,24,24,25,25,25,25,25,42,420,-1802.115,-1805.09,455.5627,-682.1564,-0.001694406,-0.6136046,-0.1306113,-0.1304283,1.035354,0.9027669,0.3941681,-0.6735469,-0.1280445,0.2227675,-1.445915,3.531685E-05,24,24,24,24,24,24,24,24,24,24,24,24,24,24,24,24
43,430,-1939.635,-1937.919,-1917.897,-1974.353,-1888.837,-1951.5,-1788.482,-587.4422,251.9444,487.6039,-223.3571,-1431.266,-2057.585,-1859.665,-1875.597,-1927.329,25,25,25,25,24,25,25,24,24,24,24,25,25,25,25,25,43,430,-1920.947,-1949.436,460.1458,-681.8983,-0.1330153,-0.6136046,-1.284249E-05,-0.2608053,-1.811942,-0.3849336,-0.9197375,-1.284249E-05,0.5118616,4.013279E-05,-0.6029276,-0.7911392,24,24,24,24,24,24,24,24,24,24,24,24,24,24,24,24
44,440,-1883.01,-1846.261,-1851.2,-1805.113,-1875.796,-1936.812,-1723.32,-578.4143,247.9807,495.7266,-213.1509,-1368.569,-2081.629,-1836.977,-1836.94,-1846.007,25,25,25,25,24,25,25,24,24,24,24,25,25,25,25,25,44,440,-1979.087,-1962.594,467.0859,-677.1216,0.7862277,0.4908785,0.3917859,0.6518335,0.2588179,-1.286325,0.2628216,0.8082277,0.2558995,0.3341311,-1.084634,-0.226015,24,24,24,24,24,24,24,24,24,24,24,24,24,24,24,24
45,450,-1896.354,-1902.127,-1834.095,-1864.974,-1913.471,-1824.613,-1716.052,-634.7133,228.9053,464.5898,-241.1586,-1510.828,-2187.593,-2016.932,-2061.958,-1914.197,25,25,25,25,24,25,25,24,24,24,24,25,25,25,25,25,45,450,-1979.758,-2028.385,460.0148,-684.0929,-0.1330153,0.2454361,-0.3918099,-5.136996E-05,-0.5177161,-0.1273935,0.1314268,-0.6735469,-6.100183E-05,0.5568584,1.083047,-0.7911392,24,24,24,24,24,24,24,24,24,24,24,24,24,24,24,24
46,460,-2068.877,-2050.617,-2152.947,-1999.173,-1993.046,-2126.876,-1801.616,-584.1821,238.1953,484.8964,-268.2169,-1415.908,-2156.483,-1990.184,-1915.446,-1992.507,25,25,25,25,24,25,25,24,24,24,24,25,25,25,25,25,46,460,-2055.757,-2078.651,463.1576,-671.1832,0.2609466,-0.2454425,-0.1306113,-1.303824,0.7765084,0.2589166,0.1314268,-0.2694258,-0.8959291,-0.8908675,-0.2416471,-0.226015,24,24,24,24,24,24,24,24,24,24,24,24,24,24,24,24
47,470,-1941.799,-2004.546,-1910.76,-1928.728,-1993.408,-1865.963,-1704.32,-596.5955,260.1195,490.0653,-217.7793,-1419.307,-2105.706,-1805.691,-1842.071,-1994.194,25,25,25,25,24,25,25,24,24,24,24,25,25,25,25,25,47,470,-2225.638,-2265.491,469.1811,-668.6013,0.1296257,-0.1227228,-0.2612115,-0.1304283,0.1293961,0.001376554,3.210623E-05,-0.5388404,-1.279873,0.111407,0.2400599,0.1130589,24,24,24,24,24,24,24,24,24,24,24,24,24,24,24,24
48,480,-1845.86,-1844.689,-1860.06,-1917.048,-1870.362,-1992.974,-1786.442,-577.9128,249.4671,476.2815,-257.6547,-1453.674,-2083.536,-1926.417,-1887.647,-1845.164,25,25,25,25,24,25,25,24,24,24,24,25,25,25,25,25,48,480,-1921.215,-1987.595,461.979,-684.4802,0.7862277,-0.4908817,0.5223843,0.2607026,-0.6471395,0.1301466,-0.6569448,-0.8082534,0.6398466,0.445498,-1.205061,-0.3391027,24,24,24,24,24,24,24,24,24,24,24,24,24,24,24,24
49,490,-1921.842,-1890.397,-1903.745,-1821.173,-1883.162,-1913.113,-1678.051,-551.2053,245.1318,474.3123,-247.5672,-1380.911,-2034.376,-1839.962,-1801.625,-1840.706,25,25,25,25,24,25,25,24,24,24,24,25,25,25,25,25,49,490,-2017.221,-2017.332,457.6578,-673.3779,-1.314899,-0.6136046,0.3917859,-0.5215592,0.1293961,0.6452268,-1.182527,0.4041082,-0.1280412,4.334341E-05,0.2400599,-1.356324,24,24,24,24,24,24,24,24,24,24,24,24,24,24,24,24
50,500,-1840.931,-1858.474,-1820.067,-1822.633,-1898.981,-1838.684,-1695.904,-597.9747,248.6,486.1271,-213.9817,-1415.656,-2107.018,-1849.754,-1870.586,-1840.224,25,25,25,25,24,25,25,24,24,24,24,25,25,25,25,25,50,500,-2024.471,-2014.438,473.6333,-669.8923,0.9175486,0.4908785,0.2611858,0.2607026,0.5176631,-1.028785,0.3942195,0.5388147,-0.2560231,-0.4454113,0.9626201,-2.568498E-05,24,24,24,24,24,24,24,24,24,24,24,24,24,24,24,24
51,510,-1883.731,-1892.574,-1895.746,-1909.018,-1882.317,-1937.553,-1762.851,-584.8091,238.9385,476.1584,-268.3356,-1427.867,-2124.301,-2009.767,-1947.66,-1878.776,25,25,25,25,24,25,25,24,24,24,24,25,25,25,25,25,51,510,-1958.543,-1987.068,468.6573,-690.0313,0.6549076,0.6135982,-0.3918099,0.2607026,-1.423675,-0.2561635,-0.6569448,-0.5388404,-0.1280412,-0.1113203,0.3604863,0.3390482,24,24,24,24,24,24,24,24,24,24,24,24,24,24,24,24
52,520,-2043.269,-2038.767,-1946.2,-1940.043,-2037.12,-1933.974,-1763.999,-657.7845,231.1349,464.7129,-241.0399,-1503.022,-2230.741,-1955.912,-1972.953,-1997.085,25,25,25,25,24,25,25,24,24,24,24,25,25,25,25,25,52,520,-1961.631,-1921.672,468.3954,-672.7324,0.3922667,0.8590374,0.783583,-1.173447,0.6470866,0.3876867,-0.5255501,0.5388147,-0.3840049,-0.7795039,-0.362074,0.2260214,24,24,24,24,24,24,24,24,24,24,24,24,24,24,24,24
53,530,-1993.977,-1946.263,-1972.903,-1936.393,-1881.472,-2017.784,-1800.724,-575.5304,245.9988,481.3274,-246.143,-1453.548,-2079.485,-1953.643,-1943.126,-1943.955,25,25,25,25,24,25,25,24,24,24,24,25,25,25,25,25,53,530,-1923.498,-1967.2,472.8476,-670.5377,-0.2642832,-0.3681621,-0.3918099,-0.6519362,-0.3882943,-0.6424737,-0.2627574,0.2694018,-0.3840049,0.111407,0.119633,0.2260214,24,24,24,24,24,24,24,24,24,24,24,24,24,24,24,24
54,540,-1934.225,-1904.666,-1910.882,-1813.995,-1817.353,-1900.153,-1702.662,-553.4622,251.3251,478.2506,-226.4427,-1381.414,-1992.004,-1833.872,-1815.345,-1852.633,25,25,25,25,24,25,25,24,24,24,24,25,25,25,25,25,54,540,-1880.396,-1950.752,456.6102,-683.7056,-0.001642233,-1.227206,0.5223843,0.7822104,1.553044,1.289078,0.5256143,-0.8082534,-0.5119852,-0.1113203,-0.7233541,-1.017251,24,24,24,24,24,24,24,24,24,24,24,24,24,24,24,24
55,550,-1816.285,-1851.34,-1850.954,-1791.365,-1904.656,-1825.6,-1649.487,-585.8122,233.3645,476.5276,-236.7676,-1374.614,-2079.128,-1868.144,-1853.286,-1818.658,25,25,25,25,24,25,25,24,24,24,24,25,25,25,25,25,55,550,-1860.121,-1817.985,456.0865,-671.6996,-1.971449,-1.472648,-0.3918148,-0.2608053,-0.6471395,0.001376554,-0.5255501,0.1346937,-0.3840049,-0.4454113,0.2400599,-0.4521263,24,24,24,24,24,24,24,24,24,24,24,24,24,24,24,24
56,560,-1913.907,-1924.134,-1888.117,-1927.267,-1925.304,-1871.023,-1746.911,-614.275,249.3432,479.3582,-227.2735,-1471.047,-2140.392,-1887.847,-1922.127,-1926.244,25,25,25,25,24,25,25,24,24,24,24,25,25,25,25,25,56,560,-1845.217,-1836.933,483.5852,-659.1772,-0.9208853,0.4908753,1.044777,1.042964,-2.729029E-05,-1.543865,-0.3941553,-0.1347193,-0.8959291,0.3341343,0.4809132,0.3390482,24,24,24,24,24,24,24,24,24,24,24,24,24,24,24,24
57,570,-1891.545,-1880.361,-1910.513,-1877.87,-1807.934,-1946.193,-1753.925,-556.2206,249.7148,479.7274,-257.4173,-1445.366,-2095.456,-1976.451,-1908.168,-1871.427,25,25,25,25,24,25,25,24,24,24,24,25,25,25,25,25,57,570,-1970.762,-1953.383,488.1684,-662.2755,-1.183526,0.1227132,-0.1306162,-5.136996E-05,-0.9059302,-0.3849336,-0.9197375,-0.1347193,-0.8959291,-0.1113203,0.2400599,0.4520717,24,24,24,24,24,24,24,24,24,24,24,24,24,24,24,24
58,580,-2038.701,-2061.5,-2018.681,-1931.404,-2058.735,-1972.361,-1740.408,-614.275,235.3463,483.1734,-219.3221,-1417.796,-2190.334,-1871.845,-1884.187,-1976.001,25,25,25,25,24,25,25,24,24,24,24,25,25,25,25,25,58,580,-1894.227,-1943.909,478.0854,-664.5992,0.6549598,-0.1227261,0.2611809,-5.136996E-05,0.6471412,0.001376554,-0.1313626,-1.284249E-05,0.1279208,4.334341E-05,0.4809132,-0.904227,24,24,24,24,24,24,24,24,24,24,24,24,24,24,24,24
59,590,-1966.205,-1999.951,-1942.508,-2014.016,-1959.356,-1948.168,-1782.999,-604.8709,251.8205,484.4042,-232.8513,-1457.703,-2085.324,-1898.713,-1933.462,-1976.845,25,25,25,25,24,25,25,24,24,24,24,25,25,25,25,25,59,590,-1862.001,-1887.198,474.9427,-661.2427,-0.9208853,-0.1227261,-0.3918148,0.1303256,0.2588725,-0.1273935,0.1313755,-0.4041323,-1.791799,-0.3340476,0.3604863,0.678122,24,24,24,24,24,24,24,24,24,24,24,24,24,24,24,24
60,600,-1926.17,-1920.144,-2012.528,-1920.941,-1908.641,-2045.556,-1761.576,-567.5055,245.1317,478.0045,-273.5573,-1437.057,-2142.061,-1894.295,-1875.955,-1880.343,25,25,25,25,24,25,25,24,24,24,24,25,25,25,25,25,60,600,-1826.419,-1810.748,470.6215,-662.921,0.6549598,0.6135949,-1.605311E-05,0.1303256,2.729029E-05,-0.3849336,0.6569576,-0.269429,-0.2560231,1.11368,0.3604863,-0.3391027,24,24,24,24,24,24,24,24,24,24,24,24,24,24,24,24
61,610,-1865.697,-1914.581,-1851.323,-1825.553,-1853.095,-1804.74,-1676.649,-579.7935,254.174,475.2969,-230.1217,-1439.952,-2124.062,-1846.769,-1902.441,-1965.52,25,25,25,25,24,25,25,24,24,24,24,25,25,25,25,25,61,610,-1821.316,-1831.275,479.133,-647.3004,0.2609988,-0.2454457,-0.3918148,-0.5215592,-0.3882397,1.031537,-0.7883909,-0.269429,-0.7678991,0.6682253,-0.2416471,-1.130274,24,24,24,24,24,24,24,24,24,24,24,24,24,24,24,24
62,620,-1969.211,-1932.599,-1977.457,-2008.055,-1923.372,-2002.601,-1780.831,-556.7222,266.8083,486.6194,-255.6372,-1458.836,-2081.987,-1900.146,-1878.699,-1887.692,25,25,25,25,24,25,25,24,24,24,24,25,25,25,25,25,62,620,-1814.603,-1865.618,488.8231,-656.7244,-0.6582451,0.1227132,0.5223796,-0.2608053,0.9059848,-0.3849336,-0.131414,-0.4041355,-0.2559749,-0.2226824,0.2400599,-0.1130525,24,24,24,24,24,24,24,24,24,24,24,24,24,24,24,24
63,630,-1825.061,-1824.979,-1887.748,-1786.498,-1875.917,-1931.628,-1690.803,-577.1603,233.8599,473.6971,-270.8278,-1432.273,-2226.331,-1949.942,-1908.049,-1847.573,25,25,25,25,24,25,25,24,24,24,24,25,25,25,25,25,63,630,-1973.179,-1974.7,482.6686,-652.077,0.5236397,0.8590342,0.2611809,0.3910795,-0.3882397,-0.3849336,-0.2628087,-0.1347209,-0.511937,-0.668137,0.8421419,0.678122,24,24,24,24,24,24,24,24,24,24,24,24,24,24,24,24
64,640,-2074.294,-2078.076,-1983.856,-2056.966,-2114.061,-2033.83,-1806.08,-627.8168,252.8114,483.2965,-228.6976,-1501.008,-2174.124,-1928.089,-2011.968,-2037.806,25,25,25,25,24,25,25,24,24,24,24,25,25,25,25,25,64,640,-1902.283,-1974.7,489.8706,-647.8168,-0.001642233,-0.7363274,1.044777,0.6518335,0.6471412,-0.2561635,0.7883524,0.404105,0.7678766,-0.5567734,-0.4825522,-0.1129882,24,24,24,24,24,24,24,24,24,24,24,24,24,24,24,24
65,650,-2077.666,-2030.302,-2075.29,-1951.115,-1915.041,-2118.591,-1815.006,-569.2609,248.6,486.2502,-279.4911,-1466.389,-2132.167,-2056.816,-1969.374,-1986.242,25,25,25,25,24,25,25,24,24,24,24,25,25,25,25,25,65,650,-1879.322,-1891.276,484.2399,-654.9171,-0.2642832,-0.3681653,-0.6530133,-0.2608053,-0.5176616,-0.5137036,-0.7883909,-0.1347209,-0.1279931,0.5568632,0.2400085,0.678183,24,24,24,24,24,24,24,24,24,24,24,24,24,24,24,24
66,660,-2103.557,-2071.175,-2080.837,-1935.541,-2100.74,-2075.061,-1753.797,-603.1155,239.31,479.3583,-250.4154,-1457.828,-2241.111,-1947.911,-1942.171,-1917.811,25,25,25,25,24,25,25,24,24,24,24,25,25,25,25,25,66,660,-1798.624,-1774.431,477.8236,-657.8863,1.574203,-0.8590471,0.1305825,0.3910795,-0.2588179,-0.6424737,-0.131414,-0.4041355,-0.6399189,0.6682269,-0.7234055,-0.6781124,24,24,24,24,24,24,24,24,24,24,24,24,24,24,24,24
67,670,-2019.345,-2057.51,-1954.322,-1981.896,-1948.73,-1940.639,-1794.348,-625.5598,242.4067,472.2202,-226.5614,-1492.826,-2160.774,-1973.943,-2014.831,-2019.734,25,25,25,25,24,25,25,24,24,24,24,25,25,25,25,25,67,670,-1797.818,-1779.036,483.1924,-650.6569,-0.9208853,-0.3681653,0.1305825,0.3910795,0.3882959,0.001376554,-0.3942067,1.212347,-0.1279931,0.1114086,-0.7234055,-0.9041627,24,24,24,24,24,24,24,24,24,24,24,24,24,24,24,24
68,680,-2020.427,-1974.558,-2067.288,-1951.236,-1955.492,-2114.015,-1796.133,-564.4962,252.6875,494.7421,-246.143,-1421.699,-2130.499,-2054.069,-1974.743,-1906.125,25,25,25,25,24,25,25,24,24,24,24,25,25,25,25,25,68,680,-1758.745,-1795.747,483.0615,-643.1694,-0.3956041,-0.490885,0.6529797,-0.2608053,-0.2588179,-1.415095,-0.7883909,0.404105,0.5119129,0.3341359,0.3604349,0.2260856,24,24,24,24,24,24,24,24,24,24,24,24,24,24,24,24
69,690,-2080.677,-2075.897,-2038.862,-1919.238,-2018.162,-1991.616,-1744.998,-591.5798,247.6091,481.2043,-242.2267,-1439.701,-2168.045,-1882.593,-1912.583,-1974.556,25,25,25,25,24,25,25,24,24,24,24,25,25,25,25,25,69,690,-1713.495,-1741.667,484.8947,-644.7185,-0.5269242,0.9817538,-0.9142104,0.6518335,-0.9059302,-1.157554,-0.3942067,-1.44478E-05,0.3839327,0.8909558,-0.4825522,0.5651595,24,24,24,24,24,24,24,24,24,24,24,24,24,24,24,24
70,700,-2005.519,-2046.022,-1968.966,-2021.195,-1949.938,-1953.352,-1791.67,-594.7145,258.1377,479.8506,-240.6839,-1485.776,-2126.208,-1933.104,-1977.368,-1984.194,25,25,25,25,24,25,25,24,24,24,24,25,25,25,25,25,70,700,-1978.55,-1923.251,484.8947,-652.5934,0.6549598,-0.8590952,-0.2612146,-1.173447,0.1294507,0.001376554,0.1313755,-0.4041355,-0.2559749,-0.7795007,-0.2416985,-0.9041627,24,24,24,24,24,24,24,24,24,24,24,24,24,24,24,24
71,710,-1941.078,-1900.192,-1949.523,-1895.878,-1934.723,-2057.899,-1761.958,-566.7532,240.6726,493.1422,-243.7695,-1402.689,-2138.604,-1926.775,-1895.163,-1913.474,25,25,25,25,24,25,25,24,24,24,24,25,25,25,25,25,71,710,-1871.803,-1807.984,488.6921,-633.8745,-0.3956041,0.6135468,-0.5224116,-0.2608053,0.3882959,1.160307,0.1313755,1.212347,-1.151843,-0.2226824,0.4808618,0.3391092,24,24,24,24,24,24,24,24,24,24,24,24,24,24,24,24
72,720,-2013.333,-2020.992,-1887.133,-1902.326,-1984.594,-1906.695,-1744.106,-624.1805,249.467,482.4351,-216.9486,-1440.204,-2154.457,-1862.173,-1926.542,-2019.132,25,25,25,25,24,25,25,24,24,24,24,25,25,25,25,25,72,720,-1763.981,-1802.59,486.3351,-640.3292,1.048921,-0.2454938,-0.6530101,0,-1.035352,-1.543865,0.2627702,-0.9429631,-0.6399189,-0.1113187,-1.325539,3.531685E-05,24,24,24,24,24,24,24,24,24,24,24,24,24,24,24,24
73,730,-1965.243,-1924.013,-1911.252,-1923.496,-1845.367,-1921.013,-1764.891,-586.3136,244.6363,488.9578,-208.7599,-1388.212,-2060.084,-1853.217,-1859.49,-1921.305,25,25,25,25,24,25,25,24,24,24,24,25,25,25,25,25,73,730,-1829.641,-1892.987,484.8947,-632.3253,0.1296778,-0.7363756,0.2611842,0.5215079,-0.6471395,-0.1273935,-1.182578,-0.1347209,0.5119129,0.3341359,-0.8438323,-1.130213,24,24,24,24,24,24,24,24,24,24,24,24,24,24,24,24
74,740,-1828.547,-1823.044,-1827.573,-1809.737,-1856.476,-1872.998,-1698.327,-586.8151,245.8749,491.9115,-214.5751,-1370.71,-2046.159,-1791.839,-1808.306,-1840.465,25,25,25,25,24,25,25,24,24,24,24,25,25,25,25,25,74,740,-2004.733,-1978.779,491.442,-632.9707,0.5236397,0.2453847,-0.9142088,0.130377,1.423621,-1.028836,0.2627702,0.2693985,-0.3839552,-0.8908643,-0.4825522,-0.5650889,24,24,24,24,24,24,24,24,24,24,24,24,24,24,24,24
75,750,-1846.341,-1886.77,-1843.94,-1852.564,-1883.645,-1837.943,-1685.83,-565.3739,274.9834,501.1417,-199.5031,-1400.549,-2043.897,-1834.35,-1868.557,-1892.15,25,25,25,25,24,25,25,24,24,24,24,25,25,25,25,25,75,750,-1816.751,-1830.222,486.4661,-652.8516,-0.2642832,-0.4909331,-1.567204,0.130377,0.6470866,-0.9000655,-0.3942067,-1.44478E-05,-1.151843,0.6682269,0.6012886,-0.1129882,24,24,24,24,24,24,24,24,24,24,24,24,24,24,24,24
76,760,-1848.265,-1836.467,-1915.559,-1837.842,-1864.567,-1985.938,-1736.965,-564.6216,249.5909,494.9882,-227.8668,-1375.747,-2095.813,-1940.866,-1892.658,-1837.814,25,25,25,25,24,25,25,24,24,24,24,25,25,25,25,25,76,760,-1778.617,-1812.721,494.8466,-617.9955,1.442883,1.104425,1.305977,0,-0.7765613,-0.513755,-0.3942067,-0.9430113,0.8958569,0.4454996,0.4808618,0.5651595,24,24,24,24,24,24,24,24,24,24,24,24,24,24,24,24
77,770,-1971.495,-1952.067,-1889.594,-1906.097,-1928.082,-1872.134,-1734.414,-613.5226,265.3219,501.2648,-178.4974,-1405.081,-2108.09,-1816.08,-1887.886,-1965.641,25,25,25,25,24,25,25,24,24,24,24,25,25,25,25,25,77,770,-1914.099,-1902.461,503.2272,-630.0015,0.1296778,1.349868,0.5223827,-0.6518849,0.3882414,-0.2562149,-0.3942067,0.5387633,-0.1279931,-0.5567734,-0.602979,-0.1129882,24,24,24,24,24,24,24,24,24,24,24,24,24,24,24,24
78,780,-1895.874,-1908.536,-1875.196,-1921.184,-1849.955,-1883.86,-1728.293,-567.5055,267.5515,492.2807,-217.3046,-1428.371,-2069.487,-1893.817,-1890.988,-1919.98,25,25,25,25,24,25,25,24,24,24,24,25,25,25,25,25,78,780,-1900.135,-1864.433,486.4661,-634.9072,0.2609988,-1.349974,-0.9142088,0,0.2588179,-0.2562149,0.5255629,-0.4041837,-1.123718E-05,-0.2226872,-0.4825522,-0.7911392,24,24,24,24,24,24,24,24,24,24,24,24,24,24,24,24
79,790,-1915.59,-1889.43,-1897.47,-1836.99,-1881.472,-1915.829,-1692.206,-539.1679,265.4457,501.634,-212.0828,-1347.411,-2005.692,-1821.214,-1782.535,-1871.668,25,25,25,25,24,25,25,24,24,24,24,25,25,25,25,25,79,790,-1841.323,-1881.276,498.3822,-622.514,-0.1329631,-1.104535,-1.044807,0.2607539,-0.6471395,0.1300952,-1.926374E-05,-0.4041837,0.5119129,0.1114038,-1.686768,-0.6781124,24,24,24,24,24,24,24,24,24,24,24,24,24,24,24,24
80,800,-1828.307,-1881.933,-1827.942,-1800.612,-1838.122,-1795.977,-1667.85,-587.6928,270.5242,505.9415,-176.3612,-1388.59,-2108.448,-1815.841,-1851.377,-1835.405,25,25,25,25,24,25,25,24,24,24,24,25,25,25,25,25,80,800,-1870.863,-1893.25,502.4415,-622.7722,-1.446167,-0.6136559,0.6529813,0.3911309,0.3882414,0.1300952,-0.5256014,-6.421245E-05,0.2559508,4.013279E-05,0.3604863,-0.4520685,24,24,24,24,24,24,24,24,24,24,24,24,24,24,24,24
81,810,-1867.861,-1837.313,-1798.655,-1826.77,-1778.47,-1818.071,-1696.541,-554.8414,274.6118,497.4496,-211.4895,-1439.197,-2040.684,-1907.43,-1932.03,-1863.114,25,25,25,25,24,25,25,24,24,24,24,25,25,25,25,25,81,810,-1928.063,-1897.724,489.8706,-627.1614,1.048921,0.8589861,-0.5224116,0,-0.6471395,-2.058996,-0.6569961,0.5387633,-1.123718E-05,0.5568584,0.2400599,-0.1129947,24,24,24,24,24,24,24,24,24,24,24,24,24,24,24,24
82,820,-2021.869,-1954.848,-2036.524,-1920.576,-1940.64,-2019.018,-1725.105,-542.1772,270.6481,512.7103,-217.7793,-1373.48,-2077.461,-1871.129,-1829.662,-1856.729,25,25,25,25,24,25,25,24,24,24,24,25,25,25,25,25,82,820,-1897.583,-1917.724,495.6323,-615.93,1.574203,0.4908271,0.2611842,0,-0.3882943,-0.384985,-0.2628087,-1.077718,0.6398948,-0.7795055,-0.362074,-0.5650953,24,24,24,24,24,24,24,24,24,24,24,24,24,24,24,24
83,830,-1901.043,-1954.122,-1862.89,-1934.324,-1990.873,-1961.746,-1778.663,-604.7455,282.0438,503.357,-212.7949,-1487.664,-2170.548,-1912.685,-1951.358,-1924.919,25,25,25,25,24,25,25,24,24,24,24,25,25,25,25,25,83,830,-1744.244,-1744.167,498.5132,-627.1614,-1.052206,-0.8590952,0.2611842,-0.130377,1.294199,0.7739455,1.313934,0.6734698,-0.511937,-0.5567782,-0.0007938265,-0.7911424,24,24,24,24,24,24,24,24,24,24,24,24,24,24,24,24
84,840,-1999.387,-1940.942,-1953.46,-1916.682,-1850.076,-1953.599,-1750.482,-552.0829,272.0106,498.188,-223.7132,-1427.993,-2057.109,-1868.263,-1854.002,-1924.799,25,25,25,25,24,25,25,24,24,24,24,25,25,25,25,25,84,840,-1816.482,-1804.827,495.8942,-624.9668,-0.2642832,-0.1227742,-0.5224116,-0.2607539,-0.1294491,-1.157606,-1.182578,-0.6735983,-0.8958809,-0.5567782,0.4809132,0.3391027,24,24,24,24,24,24,24,24,24,24,24,24,24,24,24,24
85,850,-1837.684,-1854.726,-1853.907,-1767.883,-1789.942,-1862.753,-1659.944,-525.5007,273.8686,502.2494,-214.8124,-1350.811,-1958.916,-1779.062,-1751.276,-1799.984,25,25,25,25,24,25,25,24,24,24,24,25,25,25,25,25,85,850,-1829.507,-1859.302,495.1085,-629.4852,1.442831,-0.2454938,-0.2612131,1.043016,-0.1294491,-0.513755,-0.131414,-0.6735983,0.127969,-0.1113235,-0.6029276,0.1130557,24,24,24,24,24,24,24,24,24,24,24,24,24,24,24,24
86,860,-1731.285,-1758.352,-1815.883,-1739.899,-1794.893,-1818.318,-1634.823,-533.9017,279.3187,511.1104,-187.2794,-1323.357,-1957.845,-1724.729,-1737.913,-1736.252,25,25,25,25,24,25,25,24,24,24,24,25,25,25,25,25,86,860,-1738.872,-1764.431,482.9306,-637.1019,-0.001694406,-9.631868E-06,0.9141799,0.6518849,0.3882414,0.2588653,-1.051184,-0.4041837,0.7678766,-0.2226872,-0.9642078,-0.5650953,24,24,24,24,24,24,24,24,24,24,24,24,24,24,24,24
87,870,-1758.576,-1771.29,-1745.494,-1815.09,-1806.847,-1772.401,-1658.031,-543.3057,289.3518,514.6794,-170.0713,-1355.849,-2000.812,-1776.434,-1801.625,-1769.865,25,25,25,25,24,25,25,24,24,24,24,25,25,25,25,25,87,870,-1760.49,-1749.562,486.4661,-627.8069,-0.6582972,-0.2454489,0.6529829,0.130377,0.1293961,-0.2562149,-0.2628087,-0.5388918,-0.3839552,-0.5567782,-0.8437809,0.2260792,24,24,24,24,24,24,24,24,24,24,24,24,24,24,24,24
88,880,-1762.664,-1741.544,-1770.474,-1752.675,-1714.231,-1774.993,-1640.816,-522.7422,276.5937,504.8338,-191.9078,-1349.174,-1946.181,-1782.286,-1778.956,-1788.539,25,25,25,25,24,25,25,24,24,24,24,25,25,25,25,25,88,880,-1742.229,-1722.719,483.8472,-632.0671,-0.9209383,0.7363114,0.1305873,3.210623E-06,-0.3882943,0.001325184,0.2627702,0.8081763,0.127969,-0.5567782,-0.2416471,1.017254,24,24,24,24,24,24,24,24,24,24,24,24,24,24,24,24
89,890,-1791.158,-1780.843,-1860.798,-1803.532,-1882.558,-1952.118,-1669.252,-523.9961,275.7267,510.8643,-219.3221,-1360.005,-2020.807,-1847.008,-1798.403,-1763.6,25,25,25,25,24,25,25,24,24,24,24,25,25,25,25,25,89,890,-1786.271,-1767.852,492.7515,-615.0264,-0.1330153,-0.1227293,1.17538,0.2607571,0.6470866,0.6451755,0.2627702,0.1346423,0.127969,0.2227675,-0.6029276,-0.1129947,24,24,24,24,24,24,24,24,24,24,24,24,24,24,24,24
90,900,-1822.656,-1845.294,-1812.929,-1751.58,-1834.499,-1813.134,-1612.634,-522.2407,280.8052,506.0646,-206.5051,-1348.67,-2036.994,-1824.558,-1809.261,-1828.176,25,25,25,25,24,25,25,24,24,24,24,25,25,25,25,25,90,900,-1768.95,-1808.116,505.3224,-630.5179,0.3922667,-0.4908881,-0.2612115,0.6518881,-0.6471395,0.001376554,1.445332,-0.4041837,-1.023863,0.5568584,-0.6029276,0.2260792,24,24,24,24,24,24,24,24,24,24,24,24,24,24,24,24
91,910,-1870.626,-1897.531,-1827.696,-1855.484,-1824.96,-1764.995,-1641.581,-549.8259,288.9803,515.6641,-166.6297,-1352.952,-2015.689,-1743.715,-1802.221,-1855.645,25,25,25,25,24,25,25,24,24,24,24,25,25,25,25,25,91,910,-1900.537,-1857.723,488.0374,-635.0364,0.9175486,-1.10449,-0.7836071,-0.3911277,0.1293961,-0.3849336,1.051196,-6.421245E-05,0.127969,0.3341311,-0.1212203,-0.9041691,24,24,24,24,24,24,24,24,24,24,24,24,24,24,24,24
92,920,-1826.383,-1807.325,-1786.964,-1817.767,-1781.127,-1875.096,-1714.521,-528.2593,280.1858,511.1105,-212.5575,-1400.423,-2019.26,-1998.304,-1910.196,-1806.008,25,25,25,25,24,25,25,24,24,24,24,25,25,25,25,25,92,920,-1783.854,-1764.431,503.2273,-617.4792,-0.2643354,-0.3681685,0.9141815,0.3911341,-2.729029E-05,0.2589166,-0.9197375,0.5388131,-0.6399189,-1.002233,-0.6029276,-0.4520685,24,24,24,24,24,24,24,24,24,24,24,24,24,24,24,24
93,930,-2018.383,-2032.6,-2033.448,-1851.834,-1976.865,-2036.422,-1707.253,-543.5565,266.9322,504.5878,-208.9972,-1346.277,-2014.261,-1794.108,-1774.184,-1861.428,25,25,25,25,24,25,25,24,24,24,24,25,25,25,25,25,93,930,-1864.955,-1967.199,502.0487,-631.1635,0.2609466,-0.4908881,0.783583,0.3911341,-0.3882943,-1.286325,-0.3941553,0.134692,0.8958055,0.7795857,0.8421933,-0.9041691,24,24,24,24,24,24,24,24,24,24,24,24,24,24,24,24
94,940,-1790.917,-1785.438,-1777.981,-1770.073,-1849.593,-1820.91,-1657.393,-560.1076,277.8324,513.3257,-154.6434,-1333.809,-2011.643,-1729.147,-1767.86,-1808.177,25,25,25,25,24,25,25,24,24,24,24,25,25,25,25,25,94,940,-1996.005,-1954.962,482.4067,-639.942,0.5235875,1.840791,0.5223843,-0.1303738,0.3882414,0.6452268,-0.3941553,0.9429326,0.5118616,-0.4454097,0.119633,0.5651531,24,24,24,24,24,24,24,24,24,24,24,24,24,24,24,24
95,950,-1779.736,-1761.254,-1737.864,-1789.54,-1731.739,-1733.643,-1642.984,-520.1091,303.3488,520.3408,-180.7522,-1362.901,-1981.411,-1750.403,-1788.62,-1774.805,25,25,25,25,24,25,25,24,24,24,24,25,25,25,25,25,95,950,-1888.318,-1883.513,489.085,-620.4485,0.3922667,-0.4908881,0.2611858,-1.173393,-0.5177161,-0.1273935,-0.3941553,-0.538842,0.1279176,-0.8908643,-0.362074,-0.2260182,24,24,24,24,24,24,24,24,24,24,24,24,24,24,24,24
96,960,-1809.191,-1812.887,-1870.028,-1822.39,-1839.088,-1956.562,-1691.441,-538.2902,264.331,505.9415,-221.3396,-1381.037,-2087.231,-1983.377,-1876.909,-1768.299,25,25,25,25,24,25,25,24,24,24,24,25,25,25,25,25,96,960,-1885.096,-1893.645,500.4774,-614.7682,0.2609466,0.859031,-0.7836071,-0.1303738,1.164777,0.3876867,0.5256143,0.5388131,-1.919784,-0.1113187,0.3604863,1.130284,24,24,24,24,24,24,24,24,24,24,24,24,24,24,24,24
97,970,-1905.852,-1909.865,-1944.97,-1844.777,-1959.96,-1944.835,-1683.152,-573.524,267.7993,517.264,-174.6997,-1378.266,-2166.376,-1846.052,-1897.788,-1869.982,25,25,25,25,24,25,25,24,24,24,24,25,25,25,25,25,97,970,-1769.218,-1772.457,500.3464,-617.9957,-0.2643354,-1.10449,0.1305873,0.1303802,-0.1294491,-0.3849336,-0.5255501,-0.808255,-0.1280445,0.4454996,-0.9642078,-0.1129882,24,24,24,24,24,24,24,24,24,24,24,24,24,24,24,24
98,980,-1976.424,-1993.18,-1911.375,-1964.741,-1879.539,-1861.272,-1706.36,-536.5348,318.7081,527.6019,-181.5829,-1406.34,-2048.658,-1783.002,-1869.87,-1959.978,25,25,25,25,24,25,25,24,24,24,24,25,25,25,25,25,98,980,-1794.999,-1813.906,493.5372,-626.6451,0.6549076,0.12271,1.436579,0.6518881,-0.5177161,0.001376554,-0.2627574,0.6735196,1.919657,1.225047,-0.2416471,-1.243237,24,24,24,24,24,24,24,24,24,24,24,24,24,24,24,24
99,990,-1906.814,-1896.322,-1932.171,-1888.212,-1811.194,-1976.928,-1719.495,-508.6988,293.9349,513.3257,-203.6568,-1384.813,-2023.545,-1869.816,-1848.633,-1848.055,25,25,25,25,24,25,25,24,24,24,24,25,25,25,25,25,99,990,-1833.803,-1840.617,488.954,-623.4177,0.3922667,0.6135917,-0.5224084,3.210623E-06,0.5176631,-0.9000142,0.1314268,0.2693985,-1.407856,-0.5567734,-0.4825008,-0.1129882,24,24,24,24,24,24,24,24,24,24,24,24,24,24,24,24
100,1000,-1834.318,-1830.542,-1860.552,-1771.533,-1849.714,-1943.478,-1639.796,-500.7994,280.1858,515.0487,-227.1548,-1366.679,-2075.319,-1877.577,-1833.719,-1810.828,25,25,25,25,24,25,25,24,24,24,24,25,25,25,25,25,100,1000,-1739.007,-1762.325,490.5254,-630.2598,-1.052258,-0.2454489,-0.7836071,-0.3911277,-1.16483,-0.1273935,1.051196,0.5388131,-0.2560263,-0.1113187,-0.0007938265,0.1130589,24,24,24,24,24,24,24,24,24,24,24,24,24,24,24,24
101,1010,-1924.006,-1930.18,-1831.511,-1891.254,-1991.235,-1870.159,-1680.219,-565.4993,296.66,513.5719,-188.8222,-1380.911,-2065.083,-1750.283,-1811.05,-1922.148,25,25,25,25,24,25,25,24,24,24,24,25,25,25,25,25,101,1010,-2021.92,-2028.517,489.4778,-627.1614,0.6549598,-0.2454489,1.17538,-0.6518849,0.5176631,0.1301466,-0.1313626,0.134692,-0.6399702,-0.7795007,-0.362074,-0.226015,24,24,24,24,24,24,24,24,24,24,24,24,24,24,24,24
102,1020,-1877.479,-1868.269,-1775.889,-1794.528,-1776.538,-1787.83,-1640.178,-517.2252,299.5089,519.8484,-166.7484,-1348.544,-1971.533,-1743.238,-1782.774,-1893.836,25,25,25,25,24,25,25,24,24,24,24,25,25,25,25,25,102,1020,-1879.859,-1871.144,488.4302,-632.0671,-0.2642832,0.3681589,-0.5224084,3.210623E-06,0.2588179,1.160307,0.1314268,0.404105,-1.023914,0.6682269,0.8421933,-0.1129882,24,24,24,24,24,24,24,24,24,24,24,24,24,24,24,24
103,1030,-1779.736,-1771.411,-1806.038,-1767.64,-1792.357,-1913.484,-1666.574,-511.0812,282.0438,515.418,-197.0109,-1331.165,-1981.53,-1860.621,-1795.421,-1761.673,25,25,25,25,24,25,25,24,24,24,24,25,25,25,25,25,103,1030,-1764.653,-1790.352,486.9898,-630.9053,1.442883,-1.840804,-0.7836119,0.6518881,-0.1294491,0.2589166,0.2628216,-1.212376,-0.2560263,-0.1113187,-0.362074,-0.4520621,24,24,24,24,24,24,24,24,24,24,24,24,24,24,24,24
104,1040,-1853.314,-1862.948,-1824.127,-1772.872,-1880.143,-1821.403,-1642.984,-564.3709,281.5484,510.249,-175.0557,-1359.753,-2076.509,-1768.792,-1805.443,-1825.526,25,25,25,25,24,25,25,24,24,24,24,25,25,25,25,25,104,1040,-1844.142,-1854.959,479.9187,-642.9112,-0.3956041,-1.104483,-0.5224133,-0.2608053,-2.729029E-05,0.5164568,3.210623E-05,0.404105,-6.260714E-05,4.494872E-05,-1.205061,-1.130213,24,24,24,24,24,24,24,24,24,24,24,24,24,24,24,24
105,1050,-1835.881,-1806.841,-1750.539,-1815.09,-1766.637,-1809.554,-1660.071,-515.0937,297.1554,514.0641,-173.9876,-1350.433,-1975.579,-1763.538,-1754.736,-1840.585,25,25,25,25,24,25,25,24,24,24,24,25,25,25,25,25,105,1050,-1722.357,-1688.771,484.3709,-635.4236,-0.9208853,-0.3681621,0.2611809,-0.6519362,0.1294491,-1.415095,-0.5255501,-0.1347209,-0.5119883,-0.1113187,0.7217665,0.3391092,24,24,24,24,24,24,24,24,24,24,24,24,24,24,24,24
106,1060,-1735.373,-1748.678,-1801.238,-1735.763,-1709.521,-1785.979,-1608.171,-499.4203,278.5755,497.2035,-197.3669,-1322.475,-1928.923,-1776.435,-1756.884,-1709.145,25,25,25,25,24,25,25,24,24,24,24,25,25,25,25,25,106,1060,-1770.561,-1793.642,492.8824,-636.0691,0.5236397,1.718078,0.9141783,0.6518335,-0.9059318,-1.801405,-0.5255501,0.134692,0.8958055,1.336411,0.2400599,0.5651595,24,24,24,24,24,24,24,24,24,24,24,24,24,24,24,24
107,1070,-1749.079,-1716.029,-1766.659,-1706.563,-1744.539,-1762.403,-1587.003,-504.5611,288.7325,509.6336,-194.6374,-1316.304,-1986.172,-1723.177,-1733.261,-1740.83,25,25,25,25,24,25,25,24,24,24,24,25,25,25,25,25,107,1070,-1859.047,-1870.223,490.0015,-655.0463,0.6549598,-0.4908817,0.5223796,-0.5215592,0.1294491,0.3876867,0.1313755,0.134692,0.3838813,-0.4454097,-0.8437809,-0.1129882,24,24,24,24,24,24,24,24,24,24,24,24,24,24,24,24
108,1080,-1766.391,-1831.025,-1779.211,-1810.467,-1839.329,-1772.031,-1624.493,-541.0488,290.9622,518.1254,-160.5772,-1325.245,-2001.764,-1721.147,-1743.163,-1817.092,25,25,25,25,24,25,25,24,24,24,24,25,25,25,25,25,108,1080,-1962.303,-1927.725,479.264,-646.5259,-0.3956041,-0.4908817,-1.567208,-0.9126902,-0.2588195,0.2589166,-1.926374E-05,-1.284249E-05,-1.151894,-0.4454097,-0.362074,0.4521327,24,24,24,24,24,24,24,24,24,24,24,24,24,24,24,24
109,1090,-1763.145,-1759.682,-1704.516,-1784.673,-1770.018,-1773.759,-1660.071,-544.8105,288.2371,500.7725,-198.435,-1425.601,-2056.156,-1917.461,-1907.93,-1765.649,25,25,25,25,24,25,25,24,24,24,24,25,25,25,25,25,109,1090,-1699.665,-1700.35,472.7167,-657.1118,-0.1329631,-0.4908817,0.1305825,-0.3911823,-0.1293961,0.6452268,-1.576766,-1.481787,-0.2559765,0.2227723,-0.6029276,3.531685E-05,24,24,24,24,24,24,24,24,24,24,24,24,24,24,24,24
110,1100,-1899.48,-1846.019,-1916.42,-1844.412,-1900.792,-2017.29,-1701.259,-525.6262,272.5061,512.3411,-203.5381,-1343.759,-2027.949,-1839.962,-1795.779,-1861.91,25,25,25,25,24,25,25,24,24,24,24,25,25,25,25,25,110,1100,-1761.833,-1777.063,472.0619,-650.3988,-0.5269242,-0.9817635,0.6529797,1.564472,0.3882943,-0.2561635,-0.7883909,-1.284249E-05,-0.2559765,-0.4454097,-0.7233541,-0.226015,24,24,24,24,24,24,24,24,24,24,24,24,24,24,24,24
111,1110,-1818.809,-1850.614,-1795.578,-1738.561,-1819.284,-1775.98,-1593.507,-518.6046,292.3246,514.8026,-199.5031,-1353.456,-2040.446,-1769.031,-1797.091,-1813.357,25,25,25,25,24,25,25,24,24,24,24,25,25,25,25,25,111,1110,-1910.742,-1891.671,480.4425,-656.079,1.048921,0.6135982,0.3917811,-5.136996E-05,0.5177161,-1.028784,-0.5256014,0.8082277,0.6398916,0.7795922,0.6012886,3.531685E-05,24,24,24,24,24,24,24,24,24,24,24,24,24,24,24,24
112,1120,-1839.488,-1839.127,-1810.96,-1865.825,-1757.218,-1807.209,-1736.965,-584.4329,273.9925,508.649,-168.2912,-1421.321,-2059.846,-1916.386,-1973.072,-1860.825,25,25,25,25,24,25,25,24,24,24,24,25,25,25,25,25,112,1120,-1759.819,-1771.536,475.0737,-655.1754,0.6549598,-0.1227228,-1.175409,0.3910795,-0.1293961,-0.1273935,1.18254,-1.284249E-05,0.6398916,-0.4454097,-0.2416985,0.3390578,24,24,24,24,24,24,24,24,24,24,24,24,24,24,24,24
113,1130,-2129.809,-2005.756,-2006.006,-1927.389,-1924.942,-2126.01,-1773.562,-524.8739,279.3187,512.5873,-235.1061,-1380.785,-2046.159,-1971.555,-1887.528,-1917.45,25,25,25,25,24,25,25,24,24,24,24,25,25,25,25,25,113,1130,-1764.25,-1758.641,475.9903,-656.079,0.9176008,-0.8590438,0.3917811,0.2607026,0.3882943,-0.5137036,0.6569576,-0.6735469,-0.1279963,0.1114086,-0.3621253,-1.243288,24,24,24,24,24,24,24,24,24,24,24,24,24,24,24,24
114,1140,-1973.779,-1984.595,-1929.218,-1791.608,-1942.693,-1954.216,-1670.91,-534.278,270.2766,522.1867,-184.9059,-1308.118,-2027.472,-1869.577,-1790.529,-1875.042,25,25,25,25,24,25,25,24,24,24,24,25,25,25,25,25,114,1140,-1830.044,-1796.142,471.0143,-662.9211,-0.7895651,0.4908785,-0.3918148,0.1303256,0.9059848,0.1301466,-0.2628087,0.6735212,-1.44478E-05,1.002319,0.2400085,0.4520814,24,24,24,24,24,24,24,24,24,24,24,24,24,24,24,24
115,1150,-1978.829,-1946.021,-1855.63,-1824.458,-1933.878,-1861.272,-1649.615,-560.4839,286.8746,518.3716,-172.0888,-1355.975,-2097.601,-1786.823,-1814.868,-1892.15,25,25,25,25,24,25,25,24,24,24,24,25,25,25,25,25,115,1150,-1683.417,-1740.219,460.9315,-653.7553,0.5236397,-0.8590438,-0.3918148,-1.04307,0.5177161,0.2589166,0.5255629,0.2694018,0.2559476,-0.4454097,-0.2416985,-0.5651402,24,24,24,24,24,24,24,24,24,24,24,24,24,24,24,24
116,1160,-1836.482,-1824.495,-1755.338,-1773.966,-1773.278,-1795.606,-1663.896,-547.4437,279.5665,517.6331,-166.7484,-1346.403,-1974.508,-1740.491,-1778.837,-1866.126,25,25,25,25,24,25,25,24,24,24,24,25,25,25,25,25,116,1160,-1889.393,-1855.88,463.4195,-673.1197,0.3923188,-0.6136046,-0.2612146,-5.136996E-05,-0.1293961,0.2589166,-0.3942067,0.8082277,0.5119113,-0.5567734,-0.4825518,-0.7911906,24,24,24,24,24,24,24,24,24,24,24,24,24,24,24,24
117,1170,-1764.468,-1780.359,-1797.916,-1808.155,-1767.482,-1815.602,-1658.668,-514.8429,290.8383,518.0024,-197.0109,-1371.087,-2042.112,-1822.408,-1797.926,-1771.432,25,25,25,25,24,25,25,24,24,24,24,25,25,25,25,25,117,1170,-1790.165,-1762.852,469.9668,-643.6857,-1.183526,0.4908785,0.5223796,-0.3911823,0.2588709,-1.028784,-0.5256014,-1.284249E-05,-0.2559765,-0.668137,0.6012886,0.4520814,24,24,24,24,24,24,24,24,24,24,24,24,24,24,24,24
118,1180,-1867.741,-1861.497,-1830.034,-1797.57,-1863.6,-1811.406,-1636.863,-549.3245,282.4154,507.0491,-184.4312,-1373.606,-2031.162,-1742.163,-1802.699,-1853.597,25,25,25,25,24,25,25,24,24,24,24,25,25,25,25,25,118,1180,-1839.309,-1814.169,483.1924,-653.8843,1.442883,0.7362664,-0.3918148,-0.1304283,-0.7765084,-0.6424737,0.3941681,0.4041082,0.1279674,0.1114086,0.2400085,0.4520814,24,24,24,24,24,24,24,24,24,24,24,24,24,24,24,24
119,1190,-1753.647,-1768.751,-1749.801,-1797.327,-1750.577,-1791.656,-1658.158,-531.1433,282.4154,502.3725,-173.869,-1347.663,-1969.509,-1735.356,-1762.61,-1805.767,25,25,25,25,24,25,25,24,24,24,24,25,25,25,25,25,119,1190,-1834.743,-1829.696,468.6574,-665.2448,0.7862799,-0.4909331,0.9141815,-1.434201,-0.3882414,0.1301466,-0.3942067,-0.6735469,-0.1279963,-0.7795007,0.1195816,-0.3390899,24,24,24,24,24,24,24,24,24,24,24,24,24,24,24,24
120,1200,-1842.974,-1851.461,-1953.584,-1858.282,-1849.11,-2010.625,-1723.958,-531.5193,260.3673,497.5727,-248.0419,-1377.006,-2084.847,-2023.5,-1917.951,-1737.578,25,25,25,25,24,25,25,24,24,24,24,25,25,25,25,25,120,1200,-1900.806,-1873.25,464.2052,-663.5666,0.7862799,0.8589861,0.3917859,0.2607026,0.5177161,-0.1273935,0.6569576,1.212349,0.1279674,-0.334046,-0.9642587,0.1130075,24,24,24,24,24,24,24,24,24,24,24,24,24,24,24,24
121,1210,-2027.279,-2047.594,-1909.037,-1837.964,-1989.665,-1856.829,-1629.849,-552.0829,274.3641,506.4338,-193.0946,-1331.668,-2047.825,-1810.945,-1806.516,-1960.58,25,25,25,25,24,25,25,24,24,24,24,25,25,25,25,25,121,1210,-1864.015,-1912.987,465.1218,-675.5725,1.442883,-0.9818149,-0.7836071,0.1303256,-0.3882943,-1.157554,0.6569576,-0.9429599,-0.2559765,-0.1113187,-0.8438319,-1.605311E-05,24,24,24,24,24,24,24,24,24,24,24,24,24,24,24,24
122,1220,-1819.05,-1838.522,-1800.008,-1830.299,-1781.61,-1761.786,-1645.024,-547.1928,278.9471,500.5263,-185.3806,-1378.518,-2027.472,-1812.975,-1833.122,-1849.983,25,25,25,25,24,25,25,24,24,24,24,25,25,25,25,25,122,1220,-1783.317,-1799.037,465.7766,-647.1713,-0.7895651,-0.8590952,0.6529829,1.303718,0.5176631,1.417848,-0.5256014,-0.5388404,0.2559476,-0.2226824,-0.1212716,-1.582362,24,24,24,24,24,24,24,24,24,24,24,24,24,24,24,24
123,1230,-1860.287,-1766.574,-1879.749,-1842.83,-1809.383,-1893.611,-1707.253,-552.3336,258.757,493.6344,-198.7911,-1355.975,-2016.165,-1795.302,-1780.626,-1805.406,25,25,25,25,24,25,25,24,24,24,24,25,25,25,25,25,123,1230,-1873.146,-1884.565,479.0021,-660.3392,0.2609988,0.122665,1.305979,-0.3911823,0.1293961,-1.672635,-1.926374E-05,-0.6735469,-0.1279963,0.2227723,-0.6029786,-0.2260664,24,24,24,24,24,24,24,24,24,24,24,24,24,24,24,24
124,1240,-1751.363,-1740.093,-1729.865,-1696.099,-1720.63,-1725.497,-1598.862,-526.0023,272.8777,504.4646,-177.4293,-1297.161,-1917.616,-1672.784,-1675.634,-1745.649,25,25,25,25,24,25,25,24,24,24,24,25,25,25,25,25,124,1240,-1870.192,-1892.197,462.241,-674.1525,1.442883,0.7362664,0.1305873,0.1303256,-1.294252,0.5164568,0.3941681,-6.421245E-05,0.2559476,0.2227723,0.7217151,-0.3390899,24,24,24,24,24,24,24,24,24,24,24,24,24,24,24,24
125,1250,-1720.706,-1735.74,-1740.448,-1752.431,-1764.584,-1742.037,-1631.252,-542.6789,279.8142,498.188,-197.4856,-1388.212,-1979.269,-1810.587,-1849.229,-1731.433,25,25,25,25,24,25,25,24,24,24,24,25,25,25,25,25,125,1250,-1881.873,-1873.907,459.6221,-655.5626,-0.1329631,-0.1227742,-0.3918099,-1.04307,0.9059318,-0.1273935,-0.2628087,-0.1347707,-0.2560263,-1.002228,-0.4825518,1.130232,24,24,24,24,24,24,24,24,24,24,24,24,24,24,24,24
126,1260,-1889.261,-1858.232,-1887.748,-1822.147,-1784.025,-1934.714,-1714.011,-524.623,268.1708,502.7416,-220.7463,-1398.409,-2043.659,-1927.97,-1887.886,-1804.563,25,25,25,25,24,25,25,24,24,24,24,25,25,25,25,25,126,1260,-1885.901,-1861.933,464.86,-664.0829,-1.446167,-5.458059E-05,0.1305873,-0.1304283,0.5176631,0.6452268,-0.7883909,1.077591,-0.3840065,-0.3340508,0.6012886,-0.4521135,24,24,24,24,24,24,24,24,24,24,24,24,24,24,24,24
127,1270,-1975.583,-1932.72,-1920.973,-1826.77,-1940.76,-1937.183,-1674.481,-541.425,270.0288,498.5572,-226.5614,-1374.11,-2050.205,-1810.945,-1793.034,-1907.089,25,25,25,25,24,25,25,24,24,24,24,25,25,25,25,25,127,1270,-1876.905,-1962.199,474.1571,-651.0442,1.311562,-0.4909331,0.2611858,0.5214565,-2.729029E-05,0.1301466,0.2627702,-0.2694772,0.1279176,4.013279E-05,-0.8437809,-0.7911906,24,24,24,24,24,24,24,24,24,24,24,24,24,24,24,24
128,1280,-1781.9,-1798.981,-1747.955,-1730.896,-1760.84,-1730.187,-1612.252,-554.716,257.1467,492.0345,-180.1589,-1309.377,-1967.01,-1722.579,-1730.039,-1797.575,25,25,25,25,24,25,25,24,24,24,24,25,25,25,25,25,128,1280,-1880.53,-1903.513,479.7878,-663.0502,-1.183526,-0.6136559,0.1305873,1.434095,-0.3882943,0.001376554,-0.131414,-0.5388918,-0.7679505,-1.002233,-1.686768,-0.6781766,24,24,24,24,24,24,24,24,24,24,24,24,24,24,24,24
129,1290,-1747.035,-1760.408,-1774.905,-1784.187,-1754.441,-1765.859,-1652.93,-547.1928,271.639,498.6803,-191.1958,-1361.642,-1988.79,-1804.496,-1828.947,-1750.95,25,25,25,25,24,25,25,24,24,24,24,25,25,25,25,25,129,1290,-1945.116,-1932.725,467.4789,-666.2776,-0.001642233,0.4908271,0.2611858,-0.1304283,0.5176631,-0.1273935,0.1313755,1.212297,-6.260714E-05,4.013279E-05,-0.1212203,0.2260214,24,24,24,24,24,24,24,24,24,24,24,24,24,24,24,24
130,1300,-1869.664,-1861.255,-1875.565,-1846.48,-1880.626,-1928.789,-1716.817,-574.1511,252.1921,493.5114,-214.1004,-1377.258,-2085.801,-1866.711,-1859.609,-1840.706,25,25,25,25,24,25,25,24,24,24,24,25,25,25,25,25,130,1300,-1755.12,-1754.562,460.8006,-659.0482,-0.2642832,-0.2454938,-1.175406,-0.1304283,-0.6471395,-0.1273935,-0.7883909,-0.6735983,0.2558995,0.1114038,-0.0007938265,0.5650953,24,24,24,24,24,24,24,24,24,24,24,24,24,24,24,24
131,1310,-1796.568,-1800.311,-1775.889,-1769.343,-1770.622,-1775.487,-1648.467,-543.5566,275.1073,493.5114,-202.5887,-1373.354,-1997.003,-1755.657,-1783.251,-1854.44,25,25,25,25,24,25,25,24,24,24,24,25,25,25,25,25,131,1310,-1774.724,-1789.037,462.5029,-656.9827,-0.3956041,-0.8590952,0.2611858,-0.3911823,0.1293961,-0.7712442,-0.131414,-0.1347707,0.1279176,-0.7795055,0.119633,-2.568498E-05,24,24,24,24,24,24,24,24,24,24,24,24,24,24,24,24
132,1320,-1756.052,-1757.384,-1747.955,-1773.601,-1775.934,-1833.253,-1673.843,-542.5535,280.0619,514.8025,-150.9644,-1334.313,-1983.196,-1812.019,-1825.725,-1764.685,25,25,25,25,24,25,25,24,24,24,24,25,25,25,25,25,132,1320,-1679.927,-1642.98,466.3003,-652.4643,0.1296778,0.6135468,0.3917859,-0.7823132,0.5176631,0.3876867,-0.3942067,0.8081763,-0.6399702,-0.2226872,0.8421933,0.5650953,24,24,24,24,24,24,24,24,24,24,24,24,24,24,24,24
133,1330,-1842.974,-1798.376,-1892.67,-1826.649,-1825.322,-1874.109,-1689.273,-574.6526,242.159,489.2039,-193.4507,-1344.514,-1972.485,-1759.956,-1762.849,-1776.733,25,25,25,25,24,25,25,24,24,24,24,25,25,25,25,25,133,1330,-1789.896,-1807.327,477.1689,-647.3004,0.1296778,-1.349974,-1.044806,-5.136996E-05,-0.2588725,-0.3849336,1.18254,0.1346423,0.2558995,0.3341311,-0.362074,0.3390482,24,24,24,24,24,24,24,24,24,24,24,24,24,24,24,24
134,1340,-1705.918,-1707.565,-1700.455,-1657.895,-1631.274,-1635.638,-1577.949,-524.623,248.1045,477.143,-184.9059,-1312.274,-1949.037,-1745.029,-1756.287,-1738.421,25,25,25,25,24,25,25,24,24,24,24,25,25,25,25,25,134,1340,-1819.302,-1839.828,476.6451,-659.6937,-0.1329631,-0.6136078,-1.284249E-05,1.303718,-1.035407,-0.3849336,-0.6569961,-1.751252,0.2558995,0.7795857,-1.084634,-1.356324,24,24,24,24,24,24,24,24,24,24,24,24,24,24,24,24
135,1350,-1792.36,-1789.67,-1839.879,-1795.623,-1826.409,-1899.536,-1692.333,-552.8352,257.5183,490.3115,-205.437,-1343.129,-1967.129,-1772.016,-1760.344,-1754.324,25,25,25,25,24,25,25,24,24,24,24,25,25,25,25,25,135,1350,-1773.649,-1788.905,463.0267,-663.5666,-0.5269242,-0.2454457,0.9141799,1.434095,1.035354,-0.9000142,-0.5256014,0.2693504,0.2558995,-0.2226872,-0.1212203,0.4520717,24,24,24,24,24,24,24,24,24,24,24,24,24,24,24,24
136,1360,-1762.784,-1777.941,-1800.377,-1729.071,-1754.32,-1811.899,-1637.245,-538.1649,263.4639,495.6035,-201.2833,-1337.587,-1965.344,-1779.181,-1800.67,-1755.77,25,25,25,25,24,25,25,24,24,24,24,25,25,25,25,25,136,1360,-1913.293,-1887.855,460.5387,-653.2388,-0.5269242,-0.1227261,-0.7836103,-0.3911277,0.5176631,-1.028785,-0.2628087,-0.2694772,-0.6399702,-1.113598,-0.2416471,0.2260214,24,24,24,24,24,24,24,24,24,24,24,24,24,24,24,24
137,1370,-1846.1,-1834.653,-1851.569,-1862.419,-1870.724,-1909.534,-1720.642,-572.1449,260.1195,492.5268,-205.9117,-1380.785,-2020.212,-1782.047,-1791.603,-1839.742,25,25,25,25,24,25,25,24,24,24,24,25,25,25,25,25,137,1370,-1942.833,-2049.965,465.7765,-639.942,0.3923188,-0.3681653,-0.2612131,0.912642,-0.9059318,0.001376554,1.313934,0.2693504,0.6398434,0.1114038,-0.0007938265,0.7911456,24,24,24,24,24,24,24,24,24,24,24,24,24,24,24,24
138,1380,-1841.291,-1835.499,-1872.366,-1796.84,-1816.628,-1900.523,-1687.487,-554.716,240.5487,485.5117,-224.3066,-1360.005,-2035.685,-1890.116,-1839.923,-1777.696,25,25,25,25,24,25,25,24,24,24,24,25,25,25,25,25,138,1380,-1972.776,-2005.49,472.4548,-647.5586,0.1296778,-6.421245E-06,-1.44478E-05,-0.6518849,1.553097,0.5164568,-0.9197888,0.4040569,-0.5119883,-1.670416,-1.205061,0.5650953,24,24,24,24,24,24,24,24,24,24,24,24,24,24,24,24
139,1390,-1844.417,-1920.869,-1879.995,-1834.435,-1965.515,-1926.938,-1696.286,-592.8338,228.6576,467.1743,-229.5283,-1394.129,-2097.363,-1799.959,-1825.248,-1917.811,25,25,25,25,24,25,25,24,24,24,24,25,25,25,25,25,139,1390,-1895.703,-1853.512,481.621,-639.4255,-0.2642832,-0.490885,-0.130613,0.3911341,0.6471395,0.001376554,-0.5256014,-6.421245E-05,-0.1280445,4.013279E-05,1.203473,-0.6781766,24,24,24,24,24,24,24,24,24,24,24,24,24,24,24,24
140,1400,-1863.172,-1883.626,-1815.39,-1866.921,-1867.102,-1853.619,-1714.776,-577.4111,269.0379,489.8192,-208.8786,-1397.402,-2036.756,-1780.495,-1804.13,-1875.885,25,25,25,25,24,25,25,24,24,24,24,25,25,25,25,25,140,1400,-1868.58,-1849.696,493.0134,-633.8745,1.048921,-6.421245E-06,0.7835814,0.912642,0.3882943,0.3876867,0.3941681,-1.212376,-0.2560263,-1.002233,-1.205061,0.1129979,24,24,24,24,24,24,24,24,24,24,24,24,24,24,24,24
141,1410,-1788.152,-1792.935,-1805.422,-1800.003,-1789.459,-1859.421,-1681.494,-540.0457,267.6754,492.6498,-211.2521,-1376.377,-2002.478,-1858.113,-1818.089,-1789.624,25,25,25,25,24,25,25,24,24,24,24,25,25,25,25,25,141,1410,-1874.757,-1884.829,470.8834,-655.6917,-0.3956041,-0.490885,-0.2612131,-0.1303738,-1.294199,-0.6424737,-0.6569961,0.404105,-1.123718E-05,0.1114038,-0.9642078,-0.904227,24,24,24,24,24,24,24,24,24,24,24,24,24,24,24,24
142,1420,-1832.996,-1848.196,-1866.213,-1816.55,-1863.962,-1861.889,-1685.065,-598.9778,242.4067,486.8655,-194.1627,-1357.234,-2098.197,-1834.469,-1835.27,-1806.008,25,25,25,25,24,25,25,24,24,24,24,25,25,25,25,25,142,1420,-1813.394,-1817.327,458.9673,-642.0074,-0.001642233,0.4908753,-0.130613,0.3911341,1.035407,0.1301466,0.7883524,0.6735196,-1.123718E-05,0.3341359,0.2400599,0.5650953,24,24,24,24,24,24,24,24,24,24,24,24,24,24,24,24
143,1430,-1868.342,-1896.201,-1820.067,-1877.019,-1897.773,-1842.757,-1708.018,-588.5706,260.2434,480.712,-226.9174,-1445.743,-2089.138,-1857.993,-1893.851,-1882.271,25,25,25,25,24,25,25,24,24,24,24,25,25,25,25,25,143,1430,-1995.2,-1949.962,467.8717,-634.7781,-0.9208853,-0.490885,-0.130613,-0.5215046,-0.7765084,-0.5137036,-0.5256014,-0.6735485,-0.3839552,-1.002228,0.2400085,0.3390482,24,24,24,24,24,24,24,24,24,24,24,24,24,24,24,24
144,1440,-1906.093,-1881.328,-1957.768,-1876.167,-1840.416,-1974.706,-1734.797,-548.9482,260.4911,489.0808,-211.8455,-1370.71,-1975.103,-1766.523,-1769.053,-1866.126,25,25,25,25,24,25,25,24,24,24,24,25,25,25,25,25,144,1440,-1898.657,-1937.33,478.2165,-626.645,2.230805,0.4908753,1.305977,-0.3911277,0.3882943,-0.5137036,-1.926374E-05,0.8082261,0.3839327,0.1114086,0.2400085,-1.356263,24,24,24,24,24,24,24,24,24,24,24,24,24,24,24,24
145,1450,-1798.131,-1822.56,-1873.596,-1794.528,-1838.967,-1886.205,-1671.42,-561.2361,248.6,482.435,-228.1042,-1365.42,-2047.825,-1833.633,-1810.931,-1736.252,25,25,25,25,24,25,25,24,24,24,24,25,25,25,25,25,145,1450,-1768.547,-1794.432,496.6799,-620.3193,0.6549598,-0.2454457,-1.175407,3.210623E-06,-1.164777,0.001376554,1.051145,0.2693985,-0.8958809,-0.2226824,-0.4825522,0.5651595,24,24,24,24,24,24,24,24,24,24,24,24,24,24,24,24
146,1460,-1896.354,-1939.854,-1846.031,-1888.699,-1929.893,-1973.348,-1798.683,-647.1265,225.1893,468.8973,-200.5712,-1420.691,-2106.064,-1913.043,-1938.473,-1870.223,25,25,25,25,24,25,25,24,24,24,24,25,25,25,25,25,146,1460,-1846.828,-1828.775,502.5725,-634.1326,-0.6582451,-1.840807,-1.044807,-0.7822618,-0.1293961,0.6452268,0.1313755,-0.6735485,0.127969,0.4454996,0.3604349,-0.6781124,24,24,24,24,24,24,24,24,24,24,24,24,24,24,24,24
147,1470,-1896.715,-1870.929,-1894.516,-1836.747,-1797.428,-1910.768,-1733.649,-565.2486,249.7148,485.0195,-228.6976,-1413.893,-2064.012,-1986.362,-1914.134,-1880.343,25,25,25,25,24,25,25,24,24,24,24,25,25,25,25,25,147,1470,-1833.401,-1837.328,489.3469,-640.2001,-1.183526,0.4908753,0.130584,0.912642,1.941364,0.5164568,-1.445371,-0.6735485,-0.2559749,0.1114086,0.3604349,-0.4520621,24,24,24,24,24,24,24,24,24,24,24,24,24,24,24,24
148,1480,-2004.918,-1951.946,-2009.944,-1824.337,-1921.802,-1981.495,-1695.776,-551.2052,254.174,493.2652,-225.3746,-1370.584,-2060.203,-1817.871,-1790.41,-1872.632,25,25,25,25,24,25,25,24,24,24,24,25,25,25,25,25,148,1480,-1913.159,-1926.541,468.1335,-668.8595,0.5236397,0.6135949,-1.44478E-05,-0.2607507,-0.3882414,-0.6424737,-0.7883909,-0.269429,-0.511937,-0.1113187,-0.1212716,0.5651595,24,24,24,24,24,24,24,24,24,24,24,24,24,24,24,24
149,1490,-1835.16,-1861.981,-1800.131,-1775.791,-1811.315,-1785.485,-1625.004,-544.0581,265.5696,489.8192,-209.9467,-1339.854,-1971.89,-1749.567,-1743.879,-1854.199,25,25,25,25,24,25,25,24,24,24,24,25,25,25,25,25,149,1490,-1940.819,-1936.409,464.2052,-642.6529,0.3923188,0.3681557,-0.7836103,-0.3911277,-1.035354,-0.6424737,0.9197503,0.8082261,1.151821,-0.4454097,-0.7234055,0.3391092,24,24,24,24,24,24,24,24,24,24,24,24,24,24,24,24
150,1500,-1717.099,-1728.242,-1735.649,-1716.661,-1797.791,-1778.449,-1643.876,-578.665,247.6091,490.5576,-194.756,-1319.83,-2005.096,-1776.196,-1785.757,-1739.746,25,25,25,25,24,25,25,24,24,24,24,25,25,25,25,25,150,1500,-1864.955,-1839.17,479.1331,-636.069,0.2609988,0.2454361,-0.2612131,-1.694901,-0.3882414,0.6452268,0.3941681,1.212347,-1.791751,-1.002228,-1.566393,-0.3390386,24,24,24,24,24,24,24,24,24,24,24,24,24,24,24,24
151,1510,-1764.948,-1757.022,-1692.333,-1702.061,-1730.532,-1671.68,-1574.889,-541.5504,247.4852,484.6502,-172.9196,-1275.5,-1945.467,-1690.935,-1692.815,-1792.154,25,25,25,25,24,25,25,24,24,24,24,25,25,25,25,25,151,1510,-1808.56,-1856.67,477.8236,-648.4623,-0.1329631,-0.1227228,-1.436608,-0.3911277,-0.2588195,0.001376554,0.7883524,0.134692,0.7678766,1.002319,0.1195816,-1.243237,24,24,24,24,24,24,24,24,24,24,24,24,24,24,24,24
152,1520,-1768.315,-1774.555,-1760.138,-1842.465,-1815.541,-1825.97,-1675.756,-550.7036,274.2402,494.8651,-191.3144,-1399.165,-2033.9,-1758.164,-1822.385,-1756.251,25,25,25,25,24,25,25,24,24,24,24,25,25,25,25,25,152,1520,-1977.207,-1960.357,471.6691,-656.5953,0.3923188,-0.3681621,0.7835782,0.7822618,0.2588709,1.417848,-1.576766,-0.269429,0.5119129,0.2227723,-0.1212716,-0.6781124,24,24,24,24,24,24,24,24,24,24,24,24,24,24,24,24
153,1530,-1852.833,-1818.812,-1844.801,-1891.741,-1852.974,-1905.337,-1707.508,-563.1169,260.2434,484.6502,-217.898,-1396.395,-2003.311,-1802.825,-1806.636,-1827.453,25,25,25,25,24,25,25,24,24,24,24,25,25,25,25,25,153,1530,-1899.195,-1866.539,472.9785,-652.077,-1.183526,-0.4908817,-0.1306162,-0.7822618,-0.2588195,-1.157554,-1.576766,-0.269429,0.127969,-0.1113187,-0.1212716,-0.7911392,24,24,24,24,24,24,24,24,24,24,24,24,24,24,24,24
154,1540,-1742.947,-1744.083,-1775.52,-1745.01,-1726.064,-1794.989,-1647.319,-530.3909,262.9684,488.8346,-205.1996,-1346.781,-1933.922,-1801.272,-1777.524,-1768.42,25,25,25,25,24,25,25,24,24,24,24,25,25,25,25,25,154,1540,-1703.424,-1685.349,480.1806,-637.2309,0.2609988,1.595358,0.2611809,1.043016,-0.3882414,-0.3849336,0.9197503,0.9429326,1.535764,0.4454996,0.9625688,-0.226015,24,24,24,24,24,24,24,24,24,24,24,24,24,24,24,24
155,1550,-1773.364,-1774.434,-1812.191,-1689.894,-1767.12,-1874.726,-1657.011,-554.2145,244.2647,492.4037,-223.3571,-1335.447,-2122.632,-1896.922,-1834.673,-1740.951,25,25,25,25,24,25,25,24,24,24,24,25,25,25,25,25,155,1550,-1835.012,-1879.434,468.7883,-659.9518,-0.001642233,-1.718084,-0.5224133,-0.9126388,-0.7765084,0.6452268,0.5255629,-0.9429631,-0.511937,-1.559046,-0.9642591,-0.7911392,24,24,24,24,24,24,24,24,24,24,24,24,24,24,24,24
156,1560,-2064.91,-2153.765,-1948.661,-1948.438,-1990.027,-1881.638,-1709.293,-605.3725,272.2584,491.0499,-206.505,-1470.921,-2205.234,-1973.466,-2041.676,-2025.517,25,25,25,25,24,25,25,24,24,24,24,25,25,25,25,25,156,1560,-1768.412,-1803.642,459.4911,-637.1017,0.1296778,0.8590374,-0.1306162,0.130377,0.7765613,0.3876867,-1.926374E-05,-0.1347193,-1.279825,0.3341359,1.082996,0.3391092,24,24,24,24,24,24,24,24,24,24,24,24,24,24,24,24
157,1570,-2085.614,-1987.859,-2008.59,-1990.656,-1897.048,-2018.03,-1774.455,-572.8972,249.3432,488.0962,-204.9622,-1380.281,-2051.396,-1891.429,-1875.716,-1974.917,25,25,25,25,24,25,25,24,24,24,24,25,25,25,25,25,157,1570,-1889.93,-1864.96,486.4661,-620.4483,0.3923188,-0.8590438,0.6529797,0.130377,2.568498E-05,-0.2561635,-0.7883909,-0.2694258,-0.1279931,4.494872E-05,-1.445966,0.1130589,24,24,24,24,24,24,24,24,24,24,24,24,24,24,24,24
158,1580,-1852.833,-1887.495,-1934.386,-1813.63,-1869.276,-1925.95,-1696.796,-554.716,253.0592,504.7107,-185.4993,-1291.62,-2032.709,-1850.709,-1794.824,-1807.334,25,25,25,25,24,25,25,24,24,24,24,25,25,25,25,25,158,1580,-1731.353,-1750.351,492.3586,-626.645,-1.183526,-1.349922,0.1305825,-0.2607539,0.1294491,-0.7712442,-0.9197888,0.5388147,0.7678766,-0.222684,-0.0008451964,-0.6781124,24,24,24,24,24,24,24,24,24,24,24,24,24,24,24,24
159,1590,-1899.841,-1971.293,-1851.815,-1807.303,-1909.124,-1873.615,-1659.306,-549.199,269.2856,493.5113,-210.7774,-1367.057,-2048.539,-1765.329,-1781.342,-1883.596,25,25,25,25,24,25,25,24,24,24,24,25,25,25,25,25,159,1590,-1835.818,-1862.065,489.3469,-620.8356,0.1296778,0.2454361,0.2611809,0.5215079,0.3882943,-0.2561635,0.3941681,0.5388147,0.127969,0.3341343,-0.4825518,0.5651595,24,24,24,24,24,24,24,24,24,24,24,24,24,24,24,24
160,1600,-1762.905,-1828.607,-1813.052,-1877.992,-1867.826,-1819.305,-1704.448,-570.891,274.1164,496.8342,-211.1334,-1433.784,-2076.033,-1913.64,-1902.799,-1849.621,25,25,25,25,24,25,25,24,24,24,24,25,25,25,25,25,160,1600,-1974.79,-1987.2,483.7162,-632.5834,0.2609988,-0.3681621,-0.1306162,-0.130377,0.1294491,-0.6424737,-0.131414,-0.5388404,-0.511937,-0.1113203,0.1195816,0.2260343,24,24,24,24,24,24,24,24,24,24,24,24,24,24,24,24
161,1610,-1920.52,-1870.687,-1905.591,-1794.528,-1786.681,-1902.005,-1673.461,-514.4667,270.5243,489.6961,-217.7793,-1346.655,-1956.536,-1875.07,-1788.739,-1807.695,25,25,25,25,24,25,25,24,24,24,24,25,25,25,25,25,161,1610,-1832.595,-1882.592,472.8476,-619.9319,0.3923188,0.981757,-0.1306162,0,0.3882943,0.1301466,-0.3942067,1.347055,0.2559508,4.334341E-05,0.2400085,0.5651081,24,24,24,24,24,24,24,24,24,24,24,24,24,24,24,24
162,1620,-2038.941,-1923.65,-1988.778,-1865.339,-1962.617,-1999.022,-1693.226,-562.3647,253.9263,499.0494,-198.791,-1321.971,-2078.414,-1876.741,-1824.532,-1828.779,25,25,25,25,24,25,25,24,24,24,24,25,25,25,25,25,162,1620,-1766.802,-1812.985,475.5975,-623.0303,0.2609988,-0.8590438,-0.2612146,-0.130377,-0.6470866,-0.1273935,-1.926374E-05,-1.347081,-1.123718E-05,-0.3340476,-1.445966,-0.4521135,24,24,24,24,24,24,24,24,24,24,24,24,24,24,24,24
163,1630,-1936.149,-1951.825,-1846.77,-1886.022,-1869.759,-1832.019,-1690.931,-593.4607,251.5728,496.0958,-163.6628,-1333.18,-2064.726,-1776.554,-1802.46,-1925.401,25,25,25,25,24,25,25,24,24,24,24,25,25,25,25,25,163,1630,-1782.511,-1788.379,476.3831,-627.5486,-1.708808,-0.8590438,0.2611809,1.173393,0.6471395,0.2589166,-1.051184,-0.4041323,0.127969,-1.002231,-1.445966,-0.7911906,24,24,24,24,24,24,24,24,24,24,24,24,24,24,24,24
164,1640,-1793.562,-1789.912,-1744.878,-1766.545,-1741.4,-1782.029,-1661.601,-547.3182,268.047,491.173,-204.2502,-1394.758,-2018.427,-1901.46,-1865.813,-1821.068,25,25,25,25,24,25,25,24,24,24,24,25,25,25,25,25,164,1640,-1750.151,-1746.272,477.9546,-624.5795,-0.6582451,0.1227164,0.9141783,1.434147,1.294252,-0.5137036,0.6569576,0.5388147,-0.511937,0.8909526,0.8421419,-1.605311E-05,24,24,24,24,24,24,24,24,24,24,24,24,24,24,24,24
165,1650,-1894.671,-1836.104,-1903.253,-1787.958,-1815.541,-1899.536,-1648.977,-516.0967,276.346,506.6798,-207.6918,-1329.905,-1996.17,-1801.273,-1780.268,-1817.815,25,25,25,25,24,25,25,24,24,24,24,25,25,25,25,25,165,1650,-1811.245,-1794.695,468.7883,-647.8168,1.048921,-3.210623E-06,-0.1306162,-0.6518849,-1.294199,-1.801405,-0.3942067,-0.8082534,-1.123718E-05,0.2227707,-0.6029786,0.5651081,24,24,24,24,24,24,24,24,24,24,24,24,24,24,24,24
166,1660,-1841.051,-1837.676,-1782.903,-1768.248,-1844.522,-1786.472,-1644.131,-565.7501,266.5606,490.8037,-195.4681,-1382.295,-2083.178,-1782.047,-1833.48,-1830.345,25,25,25,25,24,25,25,24,24,24,24,25,25,25,25,25,166,1660,-1778.349,-1751.273,456.4793,-636.3272,-0.5269242,1.2272,0.6529797,-1.694904,1.164828,0.9027669,-0.2628087,0.5388147,0.2559508,-0.3340476,-0.2416985,0.3390578,24,24,24,24,24,24,24,24,24,24,24,24,24,24,24,24
167,1670,-1890.463,-1899.829,-1874.95,-1961.091,-1847.782,-1912.249,-1759.663,-579.4174,256.4036,493.2652,-220.2715,-1451.031,-2110.832,-1954.838,-1913.656,-1872.993,25,25,25,25,24,25,25,24,24,24,24,25,25,25,25,25,167,1670,-1859.315,-1848.381,465.6456,-635.5527,1.180242,-0.4908817,-1.04481,0.6518849,0.2588709,0.001376554,-0.131414,-1.077666,-1.023863,-0.1113203,-0.3621253,0.1130075,24,24,24,24,24,24,24,24,24,24,24,24,24,24,24,24
168,1680,-1900.803,-1893.904,-1998.13,-1849.644,-1858.529,-1954.463,-1699.092,-563.493,252.9353,505.9414,-192.0265,-1347.789,-2115.361,-1884.862,-1856.984,-1832.995,25,25,25,25,24,25,25,24,24,24,24,25,25,25,25,25,168,1680,-1815.005,-1828.117,462.241,-632.0671,-1.183526,-1.595365,0.1305825,1.434147,0.1294491,0.7739968,-0.6569961,-0.8082534,-0.1279931,0.7795889,0.2400085,-1.243288,24,24,24,24,24,24,24,24,24,24,24,24,24,24,24,24
169,1690,-2078.87,-2057.268,-1873.35,-1870.936,-1936.776,-1816.589,-1666.83,-577.5364,271.8868,495.7266,-197.4856,-1368.569,-2057.823,-1752.791,-1801.147,-1983.953,25,25,25,25,24,25,25,24,24,24,24,25,25,25,25,25,169,1690,-1709.198,-1711.535,466.4312,-642.2656,0.5236397,1.104477,0.9141783,-0.130377,0.2588709,-1.543865,-0.3942067,0.4041082,0.2559508,-0.3340476,-0.2416985,1.356283,24,24,24,24,24,24,24,24,24,24,24,24,24,24,24,24
170,1700,-1819.411,-1814.096,-1773.92,-1814.117,-1769.293,-1803.506,-1683.662,-554.8413,258.8809,477.5123,-217.3046,-1426.105,-2056.752,-1930.835,-1909.242,-1831.068,25,25,25,25,24,25,25,24,24,24,24,25,25,25,25,25,170,1700,-1790.433,-1804.563,468.5264,-639.8129,-0.001642233,1.472639,-0.6530133,-0.130377,-0.9059318,-0.9000142,0.6569576,0.8082277,0.127969,0.3341343,0.1195816,-0.6781638,24,24,24,24,24,24,24,24,24,24,24,24,24,24,24,24
171,1710,-1915.47,-1862.102,-1948.046,-1806.817,-1851.525,-1988.777,-1704.83,-546.1896,246.2466,488.4655,-239.2598,-1363.531,-2056.871,-1880.682,-1833.958,-1856.247,25,25,25,25,24,25,25,24,24,24,24,25,25,25,25,25,171,1710,-1776.738,-1772.063,475.0737,-643.1694,0.5236397,-0.8590438,-1.605311E-05,-1.564527,2.568498E-05,0.001376554,-1.926374E-05,0.6735212,0.127969,-0.4454113,-0.1212716,-0.2260664,24,24,24,24,24,24,24,24,24,24,24,24,24,24,24,24
172,1720,-1892.507,-1947.109,-1851.569,-1791.973,-1951.628,-1888.921,-1685.957,-579.1664,261.9775,505.9415,-180.8709,-1334.439,-2022.712,-1738.461,-1756.168,-1892.15,25,25,25,25,24,25,25,24,24,24,24,25,25,25,25,25,172,1720,-1781.706,-1780.352,465.6456,-652.8516,0.5236397,-3.210623E-06,-0.9142104,-0.3911309,-0.3882414,-0.6424737,-0.6569961,-0.5388404,-1.023863,-0.3340476,-0.1212716,0.1130075,24,24,24,24,24,24,24,24,24,24,24,24,24,24,24,24
173,1730,-1755.331,-1765.365,-1718.79,-1730.288,-1743.09,-1709.821,-1599.755,-533.0239,278.0801,497.5727,-192.7386,-1353.582,-1987.005,-1697.145,-1750.083,-1789.382,25,25,25,25,24,25,25,24,24,24,24,25,25,25,25,25,173,1730,-1868.849,-1856.012,451.1105,-650.2697,-0.2642832,-1.227203,0.2611809,0.3911309,2.568498E-05,0.7739968,0.1313755,-0.8082534,0.8958569,1.559135,0.1195816,-1.130264,24,24,24,24,24,24,24,24,24,24,24,24,24,24,24,24
174,1740,-1838.767,-1846.745,-1840.371,-1870.692,-1791.27,-1855.841,-1710.823,-561.9884,267.1799,489.327,-203.7755,-1405.459,-2012.833,-1814.527,-1843.264,-1808.779,25,25,25,25,24,25,25,24,24,24,24,25,25,25,25,25,174,1740,-1779.692,-1799.432,460.0148,-636.1981,-0.7895651,-0.1227228,-0.3918148,0,-0.7765084,-1.415095,-0.6569961,0.4041082,-0.1279931,-0.1113203,-0.4825518,0.7911584,24,24,24,24,24,24,24,24,24,24,24,24,24,24,24,24
175,1750,-1820.132,-1776.006,-1822.281,-1759.245,-1745.022,-1829.55,-1641.453,-513.4635,270.4004,499.788,-196.8922,-1341.869,-1981.173,-1834.827,-1800.432,-1792.154,25,25,25,25,24,25,25,24,24,24,24,25,25,25,25,25,175,1750,-1824.807,-1841.538,461.3244,-652.4643,-0.3956041,-0.1227228,-0.5224133,0.6518849,-0.2588195,-1.157554,0.3941681,0.1346937,-0.3839552,4.334341E-05,-0.8438319,-0.2260664,24,24,24,24,24,24,24,24,24,24,24,24,24,24,24,24
176,1760,-1844.658,-1835.862,-1830.157,-1752.553,-1834.982,-1845.966,-1629.467,-532.0208,284.2734,514.1872,-190.365,-1346.781,-2037.827,-1804.019,-1800.789,-1806.129,25,25,25,25,24,25,25,24,24,24,24,25,25,25,25,25,176,1760,-1771.232,-1784.168,467.8717,-642.5239,0.1296778,-0.1227228,-0.7836119,0.2607539,2.568498E-05,1.160307,0.3941681,-0.6735469,-0.2559749,-0.222684,-0.0008451964,-0.3390899,24,24,24,24,24,24,24,24,24,24,24,24,24,24,24,24
177,1770,-1775.047,-1768.388,-1725.681,-1746.591,-1739.709,-1744.752,-1628.447,-545.5626,274.9835,502.8647,-171.7328,-1351.567,-1998.431,-1782.166,-1823.22,-1826.971,25,25,25,25,24,25,25,24,24,24,24,25,25,25,25,25,177,1770,-1818.899,-1831.011,475.3356,-654.5298,0.1296778,0.3681589,1.044777,-1.303773,0.5177161,0.001376554,-0.2628087,1.077642,-1.123718E-05,-0.4454113,0.7217151,0.1130075,24,24,24,24,24,24,24,24,24,24,24,24,24,24,24,24
178,1780,-1810.033,-1774.918,-1826.096,-1818.132,-1747.316,-1893.981,-1707.253,-534.1524,275.7267,504.9569,-186.5674,-1355.093,-2004.859,-1817.513,-1766.19,-1764.323,25,25,25,25,24,25,25,24,24,24,24,25,25,25,25,25,178,1780,-1948.204,-1942.988,461.3244,-660.081,0.5236397,0.2454361,-0.9142104,-0.7822618,-0.9059318,-0.5137036,1.051145,0.1346937,-0.8958809,0.111407,-0.0008451964,0.7911584,24,24,24,24,24,24,24,24,24,24,24,24,24,24,24,24
179,1790,-1854.877,-1904.787,-1894.147,-1769.83,-1968.533,-1880.527,-1621.306,-552.3336,269.2856,506.3107,-201.6393,-1343.381,-2107.018,-1808.079,-1851.138,-1771.793,25,25,25,25,24,25,25,24,24,24,24,25,25,25,25,25,179,1790,-1862.135,-2023.254,461.3244,-658.9191,-0.001642233,-1.349922,0.2611809,0.2607539,-0.6470866,1.160307,0.3941681,-0.2694258,-0.1279931,-0.222684,-2.168526,-1.695389,24,24,24,24,24,24,24,24,24,24,24,24,24,24,24,24
180,1800,-1937.111,-1943.481,-1798.778,-1847.819,-1857.2,-1742.901,-1633.802,-567.1293,273.6209,512.8334,-143.7251,-1305.599,-2014.856,-1755.179,-1803.295,-1971.905,25,25,25,25,24,25,25,24,24,24,24,25,25,25,25,25,180,1800,-1956.26,-1953.646,463.4195,-650.5278,-0.6582451,-0.7363242,-0.1306162,0.3911309,1.035407,-0.6424737,-0.2628087,0.2694018,-1.123718E-05,0.3341343,0.2400085,-0.2260664,24,24,24,24,24,24,24,24,24,24,24,24,24,24,24,24
181,1810,-1837.084,-1833.202,-1783.764,-1834.922,-1801.534,-1838.931,-1677.541,-539.5441,278.3279,493.8806,-200.5712,-1393.122,-2010.095,-1791.361,-1845.292,-1825.405,25,25,25,25,24,25,25,24,24,24,24,25,25,25,25,25,181,1810,-1831.387,-1809.827,455.4317,-665.8903,-0.3956041,0.6135982,-1.175409,0.2607539,2.568498E-05,-0.2561635,-0.6569961,0.4041082,0.6398948,-0.1113203,0.9625688,0.6781317,24,24,24,24,24,24,24,24,24,24,24,24,24,24,24,24
182,1820,-1814.12,-1824.133,-1828.434,-1778.955,-1747.196,-1811.776,-1662.622,-548.3212,258.2616,498.4342,-169.4779,-1310.511,-1917.973,-1745.387,-1752.827,-1815.888,25,25,25,25,24,25,25,24,24,24,24,25,25,25,25,25,182,1820,-1839.174,-1857.591,452.8128,-660.9847,1.180242,0.2454361,1.305975,-0.9126388,-0.9059318,-0.6424737,0.6569576,-0.4041323,0.3839327,-0.6681402,-0.6029786,-0.4521135,24,24,24,24,24,24,24,24,24,24,24,24,24,24,24,24
183,1830,-1740.783,-1726.066,-1745.74,-1703.156,-1739.83,-1797.705,-1619.903,-530.767,253.8024,481.3275,-204.7249,-1324.112,-1952.013,-1788.973,-1762.372,-1706.856,25,25,25,25,24,25,25,24,24,24,24,25,25,25,25,25,183,1830,-1863.881,-1843.117,459.0982,-659.6937,-0.9208853,-0.2454425,-1.306009,-0.7822618,-0.3882414,0.3876867,0.1313755,1.212349,0.5119129,0.5568616,0.9625688,-0.6781638,24,24,24,24,24,24,24,24,24,24,24,24,24,24,24,24
184,1840,-1777.091,-1774.918,-1786.964,-1762.165,-1826.771,-1823.872,-1643.366,-563.4932,247.4852,477.1431,-204.8436,-1343.759,-1997.479,-1772.494,-1746.981,-1771.191,25,25,25,25,24,25,25,24,24,24,24,25,25,25,25,25,184,1840,-1835.012,-1836.67,463.5504,-677.2507,-0.2642832,-0.8590438,0.1305825,0.130377,0.1294491,-0.5137036,-0.2628087,-1.212374,0.3839327,0.5568616,-0.7234055,0.2260343,24,24,24,24,24,24,24,24,24,24,24,24,24,24,24,24
185,1850,-1757.494,-1768.993,-1767.521,-1735.519,-1770.38,-1781.658,-1622.453,-541.425,251.3251,486.9887,-205.3183,-1321.719,-1997.003,-1819.662,-1768.576,-1746.613,25,25,25,25,24,25,25,24,24,24,24,25,25,25,25,25,185,1850,-1867.506,-1817.722,452.42,-670.2796,-0.6582451,0.4908785,0.7835782,0.130377,-0.5177161,-0.6424737,-1.970953,0.1346937,0.127969,-0.222684,-0.1212716,0.6781317,24,24,24,24,24,24,24,24,24,24,24,24,24,24,24,24
186,1860,-1816.525,-1776.732,-1771.459,-1717.756,-1836.552,-1802.888,-1621.178,-554.2145,258.1377,486.7424,-210.0653,-1337.462,-2054.014,-1767.718,-1760.702,-1815.044,25,25,25,25,24,25,25,24,24,24,24,25,25,25,25,25,186,1860,-1853.139,-1841.801,454.1223,-664.4702,0.2609988,0.6135982,-1.605311E-05,0.6518849,0.1293961,-0.7712442,0.9197503,0.8082277,-0.1279931,1.002316,0.7217151,0.7911584,24,24,24,24,24,24,24,24,24,24,24,24,24,24,24,24
187,1870,-1910.901,-1952.188,-1771.951,-1809.737,-1843.676,-1806.468,-1652.93,-565.2486,260.615,488.7115,-177.7853,-1330.031,-1965.701,-1713.743,-1736.482,-1881.909,25,25,25,25,24,25,25,24,24,24,24,25,25,25,25,25,187,1870,-1950.755,-1986.937,448.4916,-667.1813,0.3923188,-0.6136046,0.1305825,0,-1.811942,-0.5137036,0.1313755,-1.212374,-0.1279931,-1.002231,-0.2416985,0.6781317,24,24,24,24,24,24,24,24,24,24,24,24,24,24,24,24
188,1880,-1689.928,-1688.218,-1677.443,-1674.686,-1673.779,-1702.909,-1600.265,-534.4033,249.5909,466.0666,-218.0167,-1358.745,-1950.585,-1807.84,-1796.614,-1701.555,25,25,25,25,24,25,25,24,24,24,24,25,25,25,25,25,188,1880,-1910.608,-1875.092,453.2057,-656.7244,-0.3956041,0.8590374,-1.605311E-05,0.2607539,1.164777,0.9027669,-0.6569961,0.4041082,-1.279825,0.3341343,1.082996,-1.605311E-05,24,24,24,24,24,24,24,24,24,24,24,24,24,24,24,24
189,1890,-1799.934,-1784.47,-1848.862,-1780.05,-1752.026,-1863.123,-1654.46,-516.2222,270.8958,487.1117,-212.5576,-1360.257,-1984.506,-1778.823,-1772.513,-1750.83,25,25,25,25,24,25,25,24,24,24,24,25,25,25,25,25,189,1890,-1936.12,-1912.987,467.086,-659.9518,0.2609988,-1.227203,-0.7836119,0.5215079,0.3882414,-0.5137036,0.1313755,-0.6735469,-0.3839584,-0.1113203,0.3604349,-0.6781638,24,24,24,24,24,24,24,24,24,24,24,24,24,24,24,24
190,1900,-1754.609,-1761.979,-1779.458,-1753.891,-1798.998,-1841.029,-1651.655,-547.569,251.5728,476.4045,-222.6451,-1369.828,-2001.407,-1784.793,-1779.195,-1741.674,25,25,25,25,24,25,25,24,24,24,24,25,25,25,25,25,190,1900,-2002.853,-2073.913,458.8364,-674.2816,0.2609988,0.1227164,0.7835782,0.9126388,-0.7765613,-0.1273935,-0.2628087,-1.284249E-05,-1.44478E-05,0.5568616,-0.3621253,-0.6781638,24,24,24,24,24,24,24,24,24,24,24,24,24,24,24,24
191,1910,-1798.852,-1812.766,-1811.206,-1792.582,-1818.318,-1817.083,-1660.964,-570.3895,244.1408,481.5735,-191.9078,-1350.685,-2034.614,-1823.841,-1831.81,-1798.177,25,25,25,25,24,25,25,24,24,24,24,25,25,25,25,25,191,1910,-1912.085,-1959.436,454.9079,-671.4414,0.7862799,0.7363178,-1.605311E-05,-0.2607539,0.1293961,-0.5137036,-1.926374E-05,1.077642,-0.2559765,-0.3340476,-0.4825518,0.5651081,24,24,24,24,24,24,24,24,24,24,24,24,24,24,24,24
192,1920,-1764.467,-1785.68,-1823.02,-1806.938,-1803.104,-1888.551,-1687.105,-548.0706,251.5728,492.5267,-203.8942,-1335.321,-2011.881,-1807.124,-1771.44,-1820.466,25,25,25,25,24,25,25,24,24,24,24,25,25,25,25,25,192,1920,-1889.124,-1892.197,449.6701,-675.9598,0.7862799,-3.210623E-06,-0.6530133,-0.2607539,-0.5177161,0.2589166,-0.3942067,-1.284249E-05,1.023837,-0.6681402,0.4808618,-0.9042141,24,24,24,24,24,24,24,24,24,24,24,24,24,24,24,24
193,1930,-1789.594,-1803.213,-1786.226,-1754.378,-1836.431,-1769.315,-1602.943,-552.0829,249.2193,472.7125,-211.4895,-1316.682,-1971.651,-1745.745,-1726.46,-1823.719,25,25,25,25,24,25,25,24,24,24,24,25,25,25,25,25,193,1930,-1837.563,-1820.353,450.5867,-668.7304,0.2609988,0.8590374,-1.605311E-05,-0.5215079,1.035354,1.417848,-0.5256014,0.5388147,-0.2559765,-0.3340476,-0.1212716,-0.5651402,24,24,24,24,24,24,24,24,24,24,24,24,24,24,24,24
194,1940,-1781.059,-1787.494,-1735.649,-1743.671,-1817.232,-1759.811,-1628.319,-562.3647,256.1558,480.3428,-204.0128,-1349.048,-2013.904,-1757.806,-1773.945,-1778.54,25,25,25,25,24,25,25,24,24,24,24,25,25,25,25,25,194,1940,-1897.449,-1872.592,462.7648,-670.796,0.1296778,0.4908785,-0.5224133,-0.3911309,-2.729029E-05,-0.2561635,0.1313755,0.1346937,-1.023864,-0.1113203,0.9625688,0.4520814,24,24,24,24,24,24,24,24,24,24,24,24,24,24,24,24
195,1950,-1792.24,-1792.33,-1749.185,-1781.875,-1794.893,-1777.462,-1646.682,-554.4653,261.7298,484.8964,-196.4175,-1365.798,-2018.784,-1759.717,-1790.052,-1807.454,25,25,25,25,24,25,25,24,24,24,24,25,25,25,25,25,195,1950,-1941.491,-2010.359,463.5504,-677.8963,0.5236397,-1.104483,-0.2612146,-0.3911309,-0.9059848,0.2589166,-0.131414,-0.5388404,0.3839295,0.5568616,-0.7234055,-1.130264,24,24,24,24,24,24,24,24,24,24,24,24,24,24,24,24
196,1960,-1776.971,-1786.284,-1817.359,-1813.265,-1770.863,-1892.624,-1710.823,-549.826,257.5183,477.3891,-238.3104,-1391.234,-2019.736,-1857.396,-1809.619,-1781.913,25,25,25,25,24,25,25,24,24,24,24,25,25,25,25,25,196,1960,-1973.179,-1952.857,461.4553,-679.4453,0.5236397,0.8590374,0.2611809,0.130377,0.9059318,-0.6424737,-0.3942067,0.5388147,0.6398916,0.6682253,-0.2416985,-0.2260664,24,24,24,24,24,24,24,24,24,24,24,24,24,24,24,24
197,1970,-1871.949,-1882.9,-1860.798,-1820.443,-1959.356,-1885.835,-1673.588,-598.2255,237.6998,473.0817,-230.003,-1424.09,-2162.085,-1880.324,-1901.487,-1835.284,25,25,25,25,24,25,25,24,24,24,24,25,25,25,25,25,197,1970,-1893.823,-1867.723,450.7177,-696.486,1.048921,0.1227164,-1.306009,-0.9126388,0.7765084,-1.286325,-1.926374E-05,-0.1347193,-0.5119402,1.002316,0.2400085,-0.5651402,24,24,24,24,24,24,24,24,24,24,24,24,24,24,24,24
198,1980,-1946.007,-1900.676,-1896.116,-1954.278,-1857.08,-1930.147,-1793.583,-592.7084,263.4639,485.0195,-216.1179,-1476.334,-2113.931,-2009.289,-2029.267,-1929.859,25,25,25,25,24,25,25,24,24,24,24,25,25,25,25,25,198,1980,-1827.493,-1826.275,444.4323,-675.8306,-0.3956041,-0.1227742,-1.605311E-05,-0.3911309,-0.6471395,0.001376554,0.1313755,0.5388147,0.6398916,0.2227707,0.2400085,0.3390578,24,24,24,24,24,24,24,24,24,24,24,24,24,24,24,24
199,1990,-2113.191,-2017.606,-2074.551,-1910.843,-1932.187,-2083.347,-1749.844,-549.0737,259.5002,489.0808,-226.0867,-1389.219,-2048.182,-1818.349,-1812.363,-1908.173,25,25,25,25,24,25,25,24,24,24,24,25,25,25,25,25,199,1990,-1818.899,-1837.459,457.0031,-666.1484,-0.1329631,0.3681075,0.5223827,-1.825281,-0.7765613,0.001376554,-1.313973,0.2694018,-0.1279963,-0.5567766,0.6012886,0.7911584,24,24,24,24,24,24,24,24,24,24,24,24,24,24,24,24
200,2000,-1824.7,-1821.11,-1828.065,-1774.453,-1822.062,-1854.483,-1665.809,-569.8878,234.6031,469.5126,-219.2034,-1346.529,-2029.377,-1838.768,-1827.515,-1788.419,25,25,25,25,24,25,25,24,24,24,24,25,25,25,25,25,200,2000,-1796.073,-1775.878,468.5264,-665.8903,0.9176008,-5.458059E-05,-1.44478E-05,0.9126388,1.035354,0.5164568,0.1313755,-0.9429599,-0.2559765,-0.222684,0.4808618,-0.4521135,24,24,24,24,24,24,24,24,24,24,24,24,24,24,24,24
201,2010,-1842.734,-1838.643,-1795.455,-1841.249,-1838.604,-1813.01,-1717.964,-618.2874,244.1408,472.8355,-204.2502,-1416.789,-2132.883,-1889.996,-1934.177,-1867.693,25,25,25,25,24,25,25,24,24,24,24,25,25,25,25,25,201,2010,-1852.199,-1836.275,475.0737,-659.5645,-0.2642832,-1.595416,0.130584,0.3911309,-0.1294491,0.5164568,-1.051184,-1.077666,0.1279674,-0.4454113,-0.6029786,-0.5651402,24,24,24,24,24,24,24,24,24,24,24,24,24,24,24,24
202,2020,-1994.338,-1929.696,-1905.96,-1921.549,-1840.537,-1921.754,-1730.844,-563.7438,249.5909,471.6048,-231.6645,-1409.613,-2018.546,-1795.66,-1816.777,-1908.293,25,25,25,25,24,25,25,24,24,24,24,25,25,25,25,25,202,2020,-1920.544,-1869.17,480.5735,-664.0829,-0.6582451,-0.1227742,-1.44478E-05,-1.173396,0.3882414,-1.028784,-0.3942067,0.9429358,-0.2559765,-0.1113203,0.2400085,0.3390578,24,24,24,24,24,24,24,24,24,24,24,24,24,24,24,24
203,2030,-1821.695,-1808.413,-1866.705,-1809.493,-1792.84,-1907.065,-1697.944,-543.9327,246.9897,469.6357,-246.8551,-1402.186,-2019.379,-1859.068,-1817.97,-1768.901,25,25,25,25,24,25,25,24,24,24,24,25,25,25,25,25,203,2030,-1910.071,-1897.461,468.9192,-672.2159,1.048921,1.104425,-0.2612131,0.7822618,-0.9059848,-0.9000142,0.1313755,-0.4041323,1.151817,0.5568616,0.1195816,0.7911584,24,24,24,24,24,24,24,24,24,24,24,24,24,24,24,24
204,2040,-1846.822,-1866.092,-1848.493,-1757.176,-1844.159,-1864.111,-1644.769,-551.4559,243.2737,475.9123,-231.7831,-1359.753,-2038.184,-1858.113,-1825.248,-1818.538,25,25,25,25,24,25,25,24,24,24,24,25,25,25,25,25,204,2040,-1769.755,-1802.853,451.7652,-676.347,0.7862799,-0.4909331,-0.3918115,-1.303773,0.3882414,0.6452268,0.2627702,1.212349,0.2559476,-1.113595,-1.807246,-1.243288,24,24,24,24,24,24,24,24,24,24,24,24,24,24,24,24
205,2050,-1882.408,-1907.084,-1825.235,-1817.524,-1882.075,-1816.589,-1674.353,-600.3569,237.9475,470.3741,-210.184,-1383.554,-2090.569,-1792.794,-1846.485,-1878.656,25,25,25,25,24,25,25,24,24,24,24,25,25,25,25,25,205,2050,-1904.834,-1908.382,455.3008,-662.1464,-1.183526,-0.9818149,-0.6530101,-0.5215079,-0.3882943,1.417848,0.3941681,-1.284249E-05,-1.279876,-0.4454113,0.8421419,0.1130075,24,24,24,24,24,24,24,24,24,24,24,24,24,24,24,24
206,2060,-1967.768,-1968.875,-1887.009,-1953.061,-1908.399,-1984.457,-1803.146,-600.8585,234.6031,461.7592,-252.5515,-1459.465,-2081.748,-2011.2,-1939.666,-1930.22,25,25,25,25,24,25,25,24,24,24,24,25,25,25,25,25,206,2060,-1949.278,-1946.804,477.9546,-640.8455,0.3923188,-0.3682135,0.5223827,0.130377,-2.729029E-05,-0.1273935,-0.9197888,-0.6735469,0.1279176,-0.3340508,-1.084686,0.6781317,24,24,24,24,24,24,24,24,24,24,24,24,24,24,24,24
207,2070,-2006.841,-1979.032,-2056.583,-1874.099,-1997.997,-2040.125,-1703.937,-549.7005,249.5909,479.2352,-253.2636,-1373.984,-2067.107,-1867.905,-1827.634,-1910.462,25,25,25,25,24,25,25,24,24,24,24,25,25,25,25,25,207,2070,-1906.311,-1973.252,483.5852,-664.8574,-1.971449,0.2453847,0.130584,-0.7822618,-0.6471395,-0.1273935,-0.7883909,0.6735212,1.151769,0.6682221,0.7217151,-0.7911906,24,24,24,24,24,24,24,24,24,24,24,24,24,24,24,24
208,2080,-1895.272,-1975.042,-1895.131,-1927.754,-2014.419,-1884.354,-1724.34,-619.0397,254.5455,470.8664,-233.5633,-1441.841,-2227.762,-1942.657,-1961.38,-1916.847,25,25,25,25,24,25,25,24,24,24,24,25,25,25,25,25,208,2080,-2077.242,-2086.156,473.2404,-673.3778,0.2609988,-0.1227742,-0.6530101,0.3911309,0.7765084,-0.5137036,-0.131414,0.6735212,0.5118616,0.1114038,-0.4825522,0.5651081,24,24,24,24,24,24,24,24,24,24,24,24,24,24,24,24
209,2090,-2155.339,-2074.324,-1961.336,-2034.335,-1952.594,-1976.311,-1802.127,-632.8323,232.6213,459.5439,-252.9076,-1520.647,-2221.206,-2045.95,-2064.225,-2039.613,25,25,25,25,24,25,25,24,24,24,24,25,25,25,25,25,209,2090,-1995.2,-1987.989,461.8481,-680.9945,0.5236397,-0.6136559,-0.6530101,-0.2607539,-1.035407,-0.2561635,0.5255629,-0.5388404,0.2558995,-0.6681418,-0.1212716,-0.7911906,24,24,24,24,24,24,24,24,24,24,24,24,24,24,24,24
210,2100,-2094.525,-1991.501,-2007.483,-1938.583,-1911.176,-1973.225,-1729.441,-559.3553,256.7751,479.8505,-251.4835,-1444.359,-2054.49,-1870.532,-1891.584,-1986.724,25,25,25,25,24,25,25,24,24,24,24,25,25,25,25,25,210,2100,-1837.295,-1851.012,454.9079,-680.9945,1.442883,0.8589861,-0.2612131,-1.694904,0.2588179,0.7739968,0.2627702,0.6735212,-0.5119883,-0.4454145,-0.1212716,0.6781317,24,24,24,24,24,24,24,24,24,24,24,24,24,24,24,24
211,2110,-1846.581,-1833.485,-1861.414,-1834.07,-1858.891,-1921.877,-1710.058,-572.2702,238.443,465.6974,-253.9757,-1426.356,-2084.132,-1909.58,-1903.038,-1825.646,25,25,25,25,24,25,25,24,24,24,24,25,25,25,25,25,211,2110,-1790.97,-1816.406,450.8486,-682.1564,0.1296778,-0.8590952,-1.959002,-0.6518849,-1.16483,-0.6424737,0.7883524,-0.4041323,-0.7679505,-0.3340508,-0.9642591,-0.1130396,24,24,24,24,24,24,24,24,24,24,24,24,24,24,24,24
212,2120,-1896.715,-1886.56,-1862.029,-1855.849,-1871.328,-1861.766,-1695.904,-570.264,247.2374,475.42,-217.6606,-1376.755,-2017.832,-1793.152,-1800.67,-1889.62,25,25,25,25,24,25,25,24,24,24,24,25,25,25,25,25,212,2120,-1801.309,-1786.405,454.1223,-667.1813,-0.7895651,-0.2454938,0.2611842,-0.2607539,-0.3882943,-0.1273935,-1.182578,-0.4041323,1.151769,-0.2226872,-0.0008451964,-0.7911906,24,24,24,24,24,24,24,24,24,24,24,24,24,24,24,24
213,2130,-1788.994,-1789.961,-1859.937,-1810.953,-1850.076,-1903.239,-1692.333,-574.0256,223.5791,464.7129,-256.8239,-1382.673,-2137.055,-1922.118,-1888.959,-1770.106,25,25,25,25,24,25,25,24,24,24,24,25,25,25,25,25,213,2130,-1975.999,-1971.41,464.2052,-673.8943,-0.001642233,-0.7363756,-1.567204,0.2607539,0.6470866,-0.2561635,0.1313755,-0.2694258,-0.7679505,-0.3340508,-0.2416985,-0.2260664,24,24,24,24,24,24,24,24,24,24,24,24,24,24,24,24
214,2140,-2122.343,-2072.75,-1913.467,-2000.755,-2011.883,-1928.789,-1754.69,-612.1434,251.4489,472.2202,-232.7325,-1488.545,-2182.11,-1931.552,-1961.977,-2063.829,25,25,25,25,24,25,25,24,24,24,24,25,25,25,25,25,214,2140,-1787.748,-1829.696,461.0625,-678.5417,-0.001642233,0.2453847,-0.130613,0.6518849,-0.3882943,0.5164568,0.5255629,0.5388147,0.3838813,-0.2226872,0.7217151,0.4520814,24,24,24,24,24,24,24,24,24,24,24,24,24,24,24,24
215,2150,-2088.022,-2070.57,-2000.591,-1922.522,-1910.452,-1974.583,-1758.26,-585.5613,239.6816,457.4517,-241.5146,-1439.701,-2112.62,-1912.326,-1888.243,-2001.542,25,25,25,25,24,25,25,24,24,24,24,25,25,25,25,25,215,2150,-1915.173,-2006.148,460.1458,-677.8963,-0.3956041,0.6135468,0.1305873,-1.955658,-0.1294491,0.3876867,-0.2628087,-0.2694258,-0.1280445,-0.6681418,-0.3621253,-0.4521135,24,24,24,24,24,24,24,24,24,24,24,24,24,24,24,24
216,2160,-1850.549,-1874.712,-1899.192,-1825.919,-1879.66,-1919.038,-1708.018,-574.0256,238.6907,471.974,-258.7227,-1418.803,-2076.985,-1858.949,-1844.219,-1844.561,25,25,25,25,24,25,25,24,24,24,24,25,25,25,25,25,216,2160,-1986.74,-1958.383,456.8721,-682.4146,1.311562,0.4908271,-1.044806,-0.3911309,0.3882414,0.001376554,0.6569576,0.5388147,-6.260714E-05,4.013279E-05,-0.602979,0.5651081,24,24,24,24,24,24,24,24,24,24,24,24,24,24,24,24
217,2170,-1855.839,-1869.513,-1859.691,-1838.328,-1848.748,-1856.211,-1691.951,-575.5302,247.9807,482.8042,-207.3358,-1361.138,-2013.785,-1804.258,-1814.63,-1869.018,25,25,25,25,24,25,25,24,24,24,24,25,25,25,25,25,217,2170,-1996.677,-2040.754,449.1463,-682.931,-0.2642832,-1.227254,-0.1306113,0.9126388,-0.9059848,-0.2561635,-0.2628087,-1.077666,0.8958055,1.559131,-0.602979,-1.243288,24,24,24,24,24,24,24,24,24,24,24,24,24,24,24,24
218,2180,-1784.666,-1769.167,-1793.117,-1724.813,-1738.26,-1847.077,-1664.407,-521.3629,257.6422,480.3429,-244.4816,-1400.801,-2036.161,-1894.414,-1847.917,-1811.791,25,25,25,25,24,25,25,24,24,24,24,25,25,25,25,25,218,2180,-1801.175,-1808.906,459.8839,-677.8963,-0.1329631,0.3681075,0.3917859,-0.3911309,1.035354,-1.672635,-0.2628087,-1.284249E-05,-0.6399702,-0.6681418,-0.9642591,1.80838,24,24,24,24,24,24,24,24,24,24,24,24,24,24,24,24
219,2190,-1858.724,-1846.905,-1844.555,-1788.323,-1852.491,-1847.571,-1658.541,-567.3801,249.5909,483.6657,-207.3358,-1356.856,-2033.9,-1789.212,-1822.623,-1832.634,25,25,25,25,24,25,25,24,24,24,24,25,25,25,25,25,219,2190,-1852.736,-1833.249,468.0026,-664.8575,0.1296778,0.9817057,-0.1306113,-0.130377,-0.7765613,-1.543865,-0.5256014,0.9429358,0.6398434,0.3341311,1.564702,-0.2260664,24,24,24,24,24,24,24,24,24,24,24,24,24,24,24,24
220,2200,-1889.502,-1866.491,-1855.999,-1885.901,-1833.292,-1890.402,-1731.227,-572.5209,263.0923,486.6194,-210.7774,-1406.214,-2030.448,-1819.901,-1822.743,-1863.235,25,25,25,25,24,25,25,24,24,24,24,25,25,25,25,25,220,2200,-1898.523,-1939.962,476.5142,-674.2816,0.6549598,-0.4909331,0.3917859,0.5215079,0.3882414,1.160307,0.7883524,-0.4041323,0.6398434,-0.1113235,-0.1212716,1.243256,24,24,24,24,24,24,24,24,24,24,24,24,24,24,24,24
221,2210,-1820.012,-1816.076,-1876.55,-1811.44,-1873.502,-1960.635,-1704.32,-557.4744,250.5819,498.188,-226.5614,-1374.236,-2085.682,-1891.19,-1844.338,-1780.106,25,25,25,25,24,25,25,24,24,24,24,25,25,25,25,25,221,2210,-1825.344,-1866.539,459.0982,-688.8694,-2.10277,-0.9818149,-1.828401,-0.6518849,0.5176631,-0.1273935,-0.2628087,0.1346937,-0.6399702,0.2227675,0.3604349,0.4520814,24,24,24,24,24,24,24,24,24,24,24,24,24,24,24,24
222,2220,-1902.486,-1917.51,-1865.967,-1899.162,-1972.639,-1926.197,-1740.025,-602.6139,258.8809,488.2193,-208.2852,-1404.955,-2111.189,-1817.393,-1828.828,-1899.257,25,25,25,25,24,25,25,24,24,24,24,25,25,25,25,25,222,2220,-1957.066,-1903.119,458.1816,-676.7344,1.311562,-5.458059E-05,0.2611858,0.6518849,1.164777,-0.1273935,-1.926374E-05,-0.6735469,-0.3840065,0.4454948,-0.1212716,0.1130075,24,24,24,24,24,24,24,24,24,24,24,24,24,24,24,24
223,2230,-1798.972,-1805.436,-1763.214,-1795.015,-1782.817,-1735.618,-1655.735,-576.5333,260.3673,474.9277,-218.7288,-1429.126,-2086.516,-1844.619,-1892.181,-1840.104,25,25,25,25,24,25,25,24,24,24,24,25,25,25,25,25,223,2230,-1916.785,-1950.883,463.9433,-675.9598,-0.7895651,-1.472697,-0.2612115,0.5215079,-0.5177161,-0.6424737,-1.051184,0.1346937,0.3838813,0.2227675,-0.362074,-0.2260664,24,24,24,24,24,24,24,24,24,24,24,24,24,24,24,24
224,2240,-1931.941,-1880.878,-1914.451,-1877.87,-1812.643,-1930.147,-1726.125,-539.9202,257.0229,488.7116,-247.3298,-1412.886,-2093.31,-1969.883,-1895.641,-1899.98,25,25,25,25,24,25,25,24,24,24,24,25,25,25,25,25,224,2240,-1990.5,-1990.358,455.6936,-683.4474,-0.001642233,-0.1227742,-0.6530086,0,0.1293961,-1.543865,0.1313755,-1.284249E-05,0.5118616,0.7795857,0.4809132,0.3390578,24,24,24,24,24,24,24,24,24,24,24,24,24,24,24,24
225,2250,-2032.449,-2011.208,-1977.826,-1836.869,-1939.432,-1860.778,-1648.212,-559.9822,257.89,486.3733,-234.1567,-1398.535,-2125.731,-1888.086,-1884.187,-1916.847,25,25,25,25,24,25,25,24,24,24,24,25,25,25,25,25,225,2250,-1901.209,-1866.144,470.8834,-655.6917,-0.1329631,-0.1227742,-0.2612115,-0.2607539,-0.3882943,-0.3849336,-1.926374E-05,-1.284249E-05,0.2558995,-0.3340508,-0.4825008,0.3390578,24,24,24,24,24,24,24,24,24,24,24,24,24,24,24,24
226,2260,-1976.304,-1975.058,-1917.774,-1967.539,-1945.59,-1917.557,-1769.737,-599.6046,260.7389,478.2507,-243.1762,-1528.955,-2181.872,-1961.883,-2018.887,-1956.605,25,25,25,25,24,25,25,24,24,24,24,25,25,25,25,25,226,2260,-1897.449,-2054.176,483.0615,-658.79,-0.1329631,0.3681075,-1.284249E-05,-0.2607539,0.2588179,0.6452268,-1.926374E-05,-0.1347193,-0.1280445,0.1114038,0.119633,-0.1130396,24,24,24,24,24,24,24,24,24,24,24,24,24,24,24,24
227,2270,-2197.367,-2077.957,-2109.681,-2023.142,-1972.156,-2149.259,-1837.066,-584.4327,235.3463,473.9432,-291.0028,-1464.626,-2188.666,-2010.125,-1943.484,-1977.327,25,25,25,25,24,25,25,24,24,24,24,25,25,25,25,25,227,2270,-2011.581,-2010.359,469.9668,-671.4414,0.6549598,0.3681075,0.1305873,0.130377,-2.729029E-05,-0.1273935,-1.926374E-05,-0.4041323,-0.3840065,0.5568584,0.7217665,1.243256,24,24,24,24,24,24,24,24,24,24,24,24,24,24,24,24
228,2280,-2186.649,-2200.51,-2023.972,-1993.942,-2105.1,-1947.304,-1736.71,-610.1371,247.7329,483.2965,-237.4797,-1423.461,-2171.144,-1887.488,-1887.408,-2077.083,25,25,25,25,24,25,25,24,24,24,24,25,25,25,25,25,228,2280,-1876.905,-1851.67,461.1934,-673.3779,0.1296778,-0.9818149,0.6529829,0.2607539,-1.16483,-0.5137036,-0.7883909,-0.9429599,0.1279176,0.6682221,-0.9642078,-0.5651402,24,24,24,24,24,24,24,24,24,24,24,24,24,24,24,24
229,2290,-1907.415,-1922.588,-1832.126,-1851.347,-1861.185,-1861.396,-1707.125,-585.3104,252.5637,482.312,-212.2016,-1404.326,-2052.943,-1769.27,-1820.118,-1900.703,25,25,25,25,24,25,25,24,24,24,24,25,25,25,25,25,229,2290,-1861.061,-1837.196,472.9786,-650.2697,-0.5269242,-0.6136559,-1.284249E-05,0.2607539,0.7765084,-0.3849336,-0.131414,-0.4041323,0.2558995,0.2227675,1.203473,-1.605311E-05,24,24,24,24,24,24,24,24,24,24,24,24,24,24,24,24
230,2300,-1790.917,-1798.303,-1810.591,-1840.276,-1763.618,-1830.537,-1716.179,-579.2918,242.6544,478.1276,-204.4876,-1385.694,-2007.477,-1812.139,-1817.254,-1818.658,25,25,25,25,24,25,25,24,24,24,24,25,25,25,25,25,230,2300,-1790.299,-1808.248,480.0497,-656.8535,0.6549598,0.2453847,-0.3918099,0.2607539,-0.3882943,0.1301466,0.2627702,0.1346937,0.2558995,-0.3340508,-0.0007938265,0.1130075,24,24,24,24,24,24,24,24,24,24,24,24,24,24,24,24
231,2310,-1793.923,-1789.719,-1811.822,-1732.964,-1756.252,-1826.464,-1667.34,-561.6122,242.159,477.8814,-216.5926,-1338.343,-1985.934,-1842.231,-1801.267,-1796.009,25,25,25,25,24,25,25,24,24,24,24,25,25,25,25,25,231,2310,-1926.989,-1932.067,469.3121,-660.8556,0.1296778,-0.2454938,0.5223843,-1.694904,-0.7765613,-0.5137036,-0.2628087,-0.6735469,-0.5119883,-0.7795055,-0.6029276,0.5651081,24,24,24,24,24,24,24,24,24,24,24,24,24,24,24,24
232,2320,-1893.709,-1965.024,-1945.708,-1832.245,-1943.417,-1931.011,-1704.703,-590.7021,241.1681,477.0199,-238.3104,-1390.101,-2078.176,-1814.766,-1805.92,-1825.767,25,25,25,25,24,25,25,24,24,24,24,25,25,25,25,25,232,2320,-1866.163,-1810.748,477.5617,-647.8168,1.048921,0.6135468,-0.2612115,-0.2607539,0.3882414,-0.5137036,-1.926374E-05,0.1346937,-1.023914,-0.7795055,0.2400599,0.904182,24,24,24,24,24,24,24,24,24,24,24,24,24,24,24,24
233,2330,-1836.122,-1849.444,-1814.283,-1819.227,-1831.843,-1793.384,-1677.669,-594.5891,246.1227,476.2816,-205.437,-1409.739,-2073.891,-1812.616,-1862.234,-1867.452,25,25,25,25,24,25,25,24,24,24,24,25,25,25,25,25,233,2330,-1777.409,-1831.406,489.6088,-652.4643,0.9176008,-2.209014,-1.306004,0.6518849,0.1293961,-0.3849336,-0.9197888,-0.1347193,0.5118616,4.013279E-05,-0.1212203,-1.469338,24,24,24,24,24,24,24,24,24,24,24,24,24,24,24,24
234,2340,-1887.698,-1854.642,-1960.229,-1930.309,-1845.729,-2017.29,-1784.912,-569.8878,246.2466,472.4663,-260.0282,-1443.981,-2059.846,-1917.939,-1891.226,-1841.911,25,25,25,25,24,25,25,24,24,24,24,25,25,25,25,25,234,2340,-1787.479,-1826.143,487.9065,-655.4335,-0.2642832,-0.6136559,-0.1306113,-0.130377,0.9059318,0.001376554,0.5255629,0.5388147,-0.3840065,-0.8908691,-0.2416471,0.1130075,24,24,24,24,24,24,24,24,24,24,24,24,24,24,24,24
235,2350,-1932.061,-1894.66,-1951.984,-1849.522,-1951.266,-2028.892,-1736.582,-592.3322,234.4793,478.989,-241.6333,-1402.689,-2134.075,-1901.101,-1886.096,-1858.416,25,25,25,25,24,25,25,24,24,24,24,25,25,25,25,25,235,2350,-1776.201,-1749.299,489.3469,-657.6282,-0.2642832,0.8589861,-0.6530086,0.3911309,-2.729029E-05,-0.7712442,-0.2628087,1.077642,-0.8959323,-0.2226872,0.3604863,0.7911584,24,24,24,24,24,24,24,24,24,24,24,24,24,24,24,24
236,2360,-1955.986,-1986.302,-1922.45,-2038.35,-2031.083,-1969.398,-1796.516,-617.6604,256.2797,475.0508,-244.9562,-1516.492,-2177.7,-1944.687,-1973.669,-1969.014,25,25,25,25,24,25,25,24,24,24,24,25,25,25,25,25,236,2360,-1788.419,-1792.721,482.0139,-655.4335,-0.1329631,-0.3682135,0.783583,0.6518849,0.3882414,0.9027669,0.3941681,-1.284249E-05,0.7678252,0.1114038,-0.2416471,-0.4521135,24,24,24,24,24,24,24,24,24,24,24,24,24,24,24,24
237,2370,-1895.393,-1851.136,-1878.888,-1852.807,-1812.885,-1885.094,-1710.313,-556.4714,257.89,489.45,-198.3163,-1375.495,-2016.76,-1812.736,-1811.05,-1900.462,25,25,25,25,24,25,25,24,24,24,24,25,25,25,25,25,237,2370,-1965.928,-1968.515,478.4783,-656.9827,-0.7895651,-5.458059E-05,-0.2612115,-0.3911309,0.2588179,0.3876867,-0.7883909,0.1346937,-0.3839552,-0.7795055,0.60134,0.4520814,24,24,24,24,24,24,24,24,24,24,24,24,24,24,24,24
238,2380,-1824.219,-1809.789,-1849.108,-1774.575,-1809.504,-1835.228,-1654.715,-547.5688,258.6332,493.1422,-228.5788,-1355.723,-2060.322,-1855.128,-1818.089,-1791.431,25,25,25,25,24,25,25,24,24,24,24,25,25,25,25,25,238,2380,-1818.362,-1792.589,480.7044,-654.1425,-0.001642233,-0.2454938,-0.2612115,0.3911309,0.2588179,-0.5137036,0.5255629,-1.077666,-0.2559749,0.1114038,-0.6029276,-0.2260664,24,24,24,24,24,24,24,24,24,24,24,24,24,24,24,24
239,2390,-1845.98,-1887.648,-1855.753,-1860.959,-1907.313,-1898.919,-1731.482,-598.8524,258.2616,473.8201,-250.534,-1484.517,-2139.438,-1867.786,-1912.463,-1867.934,25,25,25,25,24,25,25,24,24,24,24,25,25,25,25,25,239,2390,-1769.487,-1800.353,484.6329,-647.6877,-1.314847,-0.2454938,0.2611858,1.564524,0.5176631,0.001376554,-0.9197888,0.2694018,-0.1279931,1.002313,-0.362074,-1.130264,24,24,24,24,24,24,24,24,24,24,24,24,24,24,24,24
240,2400,-1912.585,-1865.886,-1864.859,-1888.334,-1826.409,-1908.546,-1742.448,-560.6092,255.1649,479.7275,-231.9018,-1422.328,-2023.664,-1859.307,-1848.156,-1910.582,25,25,25,25,24,25,25,24,24,24,24,25,25,25,25,25,240,2400,-2013.998,-1991.411,494.3229,-644.8476,0.2609988,0.4908271,-1.284249E-05,0.3911309,0.1293961,-0.7712442,-0.131414,0.1346937,0.3839327,0.7795857,-0.0007938265,0.6781317,24,24,24,24,24,24,24,24,24,24,24,24,24,24,24,24
241,2410,-1830.471,-1824.297,-1862.767,-1790.878,-1904.414,-1957.179,-1687.743,-561.6123,250.0864,489.6961,-238.6664,-1379.148,-2107.256,-1893.817,-1877.386,-1806.37,25,25,25,25,24,25,25,24,24,24,24,25,25,25,25,25,241,2410,-1956.126,-1920.224,484.8947,-649.4951,0.3923188,-0.4909331,-0.1306113,0.130377,0.1293961,0.3876867,0.1313755,-1.284249E-05,-0.7678991,-1.002233,-0.6029276,0.1130075,24,24,24,24,24,24,24,24,24,24,24,24,24,24,24,24
242,2420,-1981.594,-1996.337,-1911.99,-1966.81,-1952.836,-1863.864,-1736.582,-603.3663,261.8537,479.2352,-225.4933,-1481.118,-2151,-1899.669,-1980.231,-1956.966,25,25,25,25,24,25,25,24,24,24,24,25,25,25,25,25,242,2420,-1835.012,-1824.959,484.24,-642.2656,-0.5269242,-0.2454938,-1.284249E-05,-0.5215079,0.6470866,1.417848,0.1313755,0.5388147,-0.7678991,-0.5567782,-0.6029276,-0.3390899,24,24,24,24,24,24,24,24,24,24,24,24,24,24,24,24
243,2430,-1994.218,-1955.11,-2012.651,-1945.883,-1905.139,-2085.449,-1787.844,-566.1262,244.2647,491.5422,-236.8862,-1377.636,-2079.961,-1943.732,-1878.46,-1940.702,25,25,25,25,24,25,25,24,24,24,24,25,25,25,25,25,243,2430,-1725.311,-1745.614,487.9065,-641.362,-0.2642832,-0.7363756,-0.1306113,0.9126388,-0.1294491,-0.5137036,-1.926374E-05,-0.9429599,-0.7678991,0.7795857,-0.1212203,-0.2260664,24,24,24,24,24,24,24,24,24,24,24,24,24,24,24,24
244,2440,-1907.656,-1895.99,-1870.151,-1822.998,-1917.818,-1868.061,-1672.313,-575.0287,262.2253,492.6499,-223.4758,-1390.478,-2107.733,-1827.901,-1855.911,-1873.475,25,25,25,25,24,25,25,24,24,24,24,25,25,25,25,25,244,2440,-1836.22,-1849.959,486.3351,-638.9092,0.6549598,-1.227254,-0.1306113,0.3911309,-2.729029E-05,0.7739968,-0.9197888,0.2694018,0.7678766,0.4454948,-0.0007938265,-0.4521135,24,24,24,24,24,24,24,24,24,24,24,24,24,24,24,24
245,2450,-1998.065,-1985.818,-1889.84,-1998.2,-1928.202,-1982.729,-1807.61,-572.2702,277.0892,490.1885,-252.4328,-1527.067,-2165.423,-2073.892,-2028.79,-1943.473,25,25,25,25,24,25,25,24,24,24,24,25,25,25,25,25,245,2450,-1891.944,-1885.092,495.3704,-640.4584,-0.001642233,0.2453847,0.6529829,-0.130377,0.2588179,-1.157555,-0.3942067,1.212349,1.151821,0.1114038,0.7217665,-0.2260664,24,24,24,24,24,24,24,24,24,24,24,24,24,24,24,24
246,2460,-2128.364,-1987.269,-2015.974,-1884.076,-1892.701,-2039.384,-1769.992,-568.7593,241.1681,478.866,-251.1274,-1427.867,-2100.462,-1935.373,-1905.305,-1940.34,25,25,25,25,24,25,25,24,24,24,24,25,25,25,25,25,246,2460,-1886.304,-1865.881,497.4656,-631.5508,0.6549598,-0.2454938,-0.6530086,-0.2607539,0.2588179,0.001376554,0.3941681,-0.5388404,0.3839327,-0.1113235,0.60134,0.1130075,24,24,24,24,24,24,24,24,24,24,24,24,24,24,24,24
247,2470,-1908.016,-1972.64,-1940.663,-1888.212,-1964.669,-1977.051,-1728.421,-565.4993,261.3582,493.3882,-218.0166,-1370.332,-2041.16,-1796.974,-1779.553,-1930.461,25,25,25,25,24,25,25,24,24,24,24,25,25,25,25,25,247,2470,-1861.061,-1856.012,486.9898,-648.3333,-0.1329631,0.122665,0.1305873,-1.173396,-0.2588725,0.1301466,1.051145,0.1346937,-0.3839552,-0.6681418,-1.205061,-0.7911906,24,24,24,24,24,24,24,24,24,24,24,24,24,24,24,24
248,2480,-1813.039,-1852.225,-1801.608,-1784.065,-1888.596,-1819.922,-1650.635,-558.9791,278.4517,513.4487,-187.2794,-1348.041,-2046.04,-1767.001,-1779.553,-1832.031,25,25,25,25,24,25,25,24,24,24,24,25,25,25,25,25,248,2480,-1802.249,-1857.065,481.752,-639.0383,0.6549598,0.122665,-0.9142072,0,0.7765084,1.417848,0.2627702,0.1346937,-1.023863,-0.1113235,-0.2416471,0.1130075,24,24,24,24,24,24,24,24,24,24,24,24,24,24,24,24
249,2490,-1826.504,-1833.364,-1800.377,-1849.887,-1858.529,-1858.186,-1703.172,-580.0442,263.2162,498.188,-183.1257,-1386.198,-2041.755,-1848.441,-1862.95,-1828.899,25,25,25,25,24,25,25,24,24,24,24,25,25,25,25,25,249,2490,-1776.603,-1784.3,488.4302,-632.9708,-0.5269242,-0.9818149,0.3917859,-0.130377,-0.7765613,-0.1273935,-1.313973,0.1346937,1.023839,1.002313,-0.7233541,-0.5651402,24,24,24,24,24,24,24,24,24,24,24,24,24,24,24,24
250,2500,-1930.739,-1854.521,-1927.865,-1843.56,-1857.442,-1979.767,-1697.944,-532.397,250.9534,489.0808,-232.8512,-1391.863,-2051.515,-1852.5,-1829.185,-1802.033,25,25,25,25,24,25,25,24,24,24,24,25,25,25,25,25,250,2500,-1782.914,-1773.905,488.8231,-647.5587,0.1296778,0.2453847,-0.1306113,-0.2607539,0.3882414,0.5164568,-1.313973,0.4041082,0.7678766,-0.1113235,-0.2416471,-0.5651402,24,24,24,24,24,24,24,24,24,24,24,24,24,24,24,24
251,2510,-1868.943,-1867.458,-1837.663,-1785.89,-1877.728,-1878.676,-1668.615,-546.3151,270.2765,495.7266,-219.4408,-1381.288,-2048.777,-1772.972,-1790.529,-1852.754,25,25,25,25,24,25,25,24,24,24,24,25,25,25,25,25,251,2510,-1859.987,-1842.986,485.9423,-644.9767,0.9176008,0.7362664,-1.044806,-0.5215079,-1.423675,-1.028785,-0.3942067,-0.5388404,-0.7678991,0.2227675,-0.2416471,-0.3390899,24,24,24,24,24,24,24,24,24,24,24,24,24,24,24,24
252,2520,-1901.163,-1908.564,-1788.441,-1827.987,-1842.469,-1774.87,-1647.319,-560.1076,273.3731,499.6649,-189.653,-1360.886,-2050.92,-1789.57,-1825.367,-1870.946,25,25,25,25,24,25,25,24,24,24,24,25,25,25,25,25,252,2520,-1823.465,-1865.486,493.0134,-636.1982,0.6549598,1.227148,1.567177,-0.3911309,-1.16483,-0.3849336,0.9197503,-0.2694772,1.279801,0.1114038,-0.2416471,-1.605311E-05,24,24,24,24,24,24,24,24,24,24,24,24,24,24,24,24
253,2530,-1815.082,-1806.283,-1792.625,-1843.56,-1816.749,-1868.061,-1735.18,-577.5365,267.4276,512.9564,-161.1706,-1370.206,-2050.205,-1840.44,-1842.309,-1853.838,25,25,25,25,24,25,25,24,24,24,24,25,25,25,25,25,253,2530,-2026.485,-1958.383,482.4067,-659.9519,-0.2642832,0.6135468,-0.1306113,-0.7822618,-0.1294491,0.001376554,-0.5256014,0.6734698,0.3838813,-0.2226872,-0.0007938265,-0.1130396,24,24,24,24,24,24,24,24,24,24,24,24,24,24,24,24
254,2540,-1831.914,-1838.805,-1889.348,-1801.95,-1792.96,-1867.567,-1698.454,-567.3801,260.1195,509.3874,-160.2212,-1300.939,-1942.134,-1712.668,-1721.687,-1782.877,25,25,25,25,24,25,25,24,24,24,24,25,25,25,25,25,254,2540,-1877.979,-1844.696,474.1571,-644.9767,0.6549598,-0.7363756,-1.697801,-0.3911309,0.9059318,0.001376554,1.445332,0.1346423,-1.407856,-0.2226872,0.4809132,-0.2260664,24,24,24,24,24,24,24,24,24,24,24,24,24,24,24,24
255,2550,-1740.903,-1740.392,-1769.613,-1739.048,-1772.553,-1808.69,-1655.608,-552.8351,267.056,497.0804,-202.826,-1380.785,-2023.664,-1829.693,-1843.622,-1728.181,25,25,25,25,24,25,25,24,24,24,24,25,25,25,25,25,255,2550,-1723.834,-1743.114,488.6921,-631.4216,-0.3956041,-1.472697,-0.1306113,0.2607539,-0.5177161,0.5164568,-0.5256014,-0.2694772,0.1279176,0.2227675,-1.084686,-0.3390899,24,24,24,24,24,24,24,24,24,24,24,24,24,24,24,24
256,2560,-1838.045,-1842.553,-1920.85,-1871.179,-1856.838,-2014.204,-1765.274,-547.1927,262.1014,503.8492,-254.4504,-1415.656,-2082.94,-2005.707,-1907.572,-1831.188,25,25,25,25,24,25,25,24,24,24,24,25,25,25,25,25,256,2560,-1890.198,-1956.147,491.8348,-640.7166,-0.001642233,0.6135468,1.305979,0.3911309,-0.6471395,-1.415095,-1.182578,-6.421245E-05,0.2558995,0.2227675,-0.0008451964,-0.1129882,24,24,24,24,24,24,24,24,24,24,24,24,24,24,24,24
257,2570,-1982.195,-1964.057,-1907.068,-1804.261,-1876.158,-1848.682,-1635.205,-530.1401,280.3097,509.0182,-199.9778,-1341.492,-1987.838,-1728.192,-1732.425,-1901.547,25,25,25,25,24,25,25,24,24,24,24,25,25,25,25,25,257,2570,-1854.616,-1841.275,488.954,-641.1039,0.1296778,2.086186,1.044782,0.2607539,0.1293961,0.001376554,0.3941681,0.4040569,0.6398434,0.2227675,-0.3621253,0.1130589,24,24,24,24,24,24,24,24,24,24,24,24,24,24,24,24
258,2580,-1730.925,-1774.918,-1726.174,-1778.711,-1792.115,-1775.734,-1664.279,-557.5999,285.2643,505.6953,-192.0265,-1422.202,-2077.223,-1892.981,-1923.201,-1750.469,25,25,25,25,24,25,25,24,24,24,24,25,25,25,25,25,258,2580,-1840.786,-1826.538,481.4901,-646.5259,-0.5269242,-0.9818149,-0.5224084,-1.43415,-0.3882943,0.2589166,0.2627702,0.1346423,0.2558995,-1.670416,-0.0008451964,-0.9041627,24,24,24,24,24,24,24,24,24,24,24,24,24,24,24,24
259,2590,-1968.61,-1957.025,-2112.886,-1970.338,-1925.667,-2068.391,-1763.744,-532.1463,283.5302,507.6644,-240.0905,-1422.957,-2044.016,-1939.911,-1880.846,-1871.789,25,25,25,25,24,25,25,24,24,24,24,25,25,25,25,25,259,2590,-1941.222,-1986.016,486.4661,-621.9976,0.1296778,0.4908271,-1.284249E-05,0,-0.7765613,0.3876867,0.2627702,0.1346423,-0.3840065,-0.4454145,0.1195816,-0.226015,24,24,24,24,24,24,24,24,24,24,24,24,24,24,24,24
260,2600,-1890.704,-1901.401,-1909.898,-1804.505,-1961.288,-1940.885,-1670.018,-550.3275,270.0288,506.5568,-231.9018,-1384.939,-2102.488,-1879.607,-1845.889,-1822.875,25,25,25,25,24,25,25,24,24,24,24,25,25,25,25,25,260,2600,-1909.534,-1917.724,498.5131,-639.6838,0.2609988,-1.472697,-0.5224084,0.6518849,-2.729029E-05,0.001376554,0.2627702,-0.5388918,0.8958055,0.2227675,-1.325539,-0.1129882,24,24,24,24,24,24,24,24,24,24,24,24,24,24,24,24
261,2610,-1863.774,-1861.618,-1846.278,-1854.389,-1905.139,-1834.117,-1678.561,-569.8878,276.2221,517.0177,-161.6453,-1330.157,-2024.14,-1778.464,-1785.876,-1896.848,25,25,25,25,24,25,25,24,24,24,24,25,25,25,25,25,261,2610,-1947.936,-1963.121,485.5494,-651.8188,-0.7895651,-0.7363756,-0.1306113,-0.3911309,0.6470866,-0.6424737,-0.7883909,0.4040569,-0.2560263,1.002313,0.1195816,-0.4520621,24,24,24,24,24,24,24,24,24,24,24,24,24,24,24,24
262,2620,-1741.745,-1734.772,-1693.317,-1709.604,-1693.461,-1678.963,-1610.594,-533.7763,293.3156,518.0023,-161.1706,-1332.55,-1981.53,-1686.159,-1729.681,-1771.191,25,25,25,25,24,25,25,24,24,24,24,25,25,25,25,25,262,2620,-1901.074,-1936.409,503.62,-621.9976,0.5236397,-5.458059E-05,0.1305873,-0.130377,-0.2588725,-0.3849336,1.18254,0.2693504,-0.3840065,0.6682221,0.3604349,1.017257,24,24,24,24,24,24,24,24,24,24,24,24,24,24,24,24
263,2630,-1722.269,-1737.312,-1689.503,-1789.296,-1786.561,-1781.288,-1666.192,-541.9265,291.086,513.0795,-187.5168,-1399.668,-2040.922,-1828.021,-1845.769,-1766.13,25,25,25,25,24,25,25,24,24,24,24,25,25,25,25,25,263,2630,-1889.527,-1883.513,498.906,-654.5298,0.1296778,-0.7363756,-0.1306113,-0.5215079,-1.294252,0.001376554,1.18254,-0.4041837,-0.1280445,-1.224962,-0.602979,-0.6781124,24,24,24,24,24,24,24,24,24,24,24,24,24,24,24,24
264,2640,-1876.998,-1881.207,-1896.731,-1834.8,-1849.835,-1920.272,-1706.488,-556.2206,268.5424,518.6176,-190.9584,-1359.501,-2056.156,-1856.799,-1841.355,-1827.213,25,25,25,25,24,25,25,24,24,24,24,25,25,25,25,25,264,2640,-1822.793,-1816.932,477.9546,-656.4663,-0.5269242,0.2453847,1.305979,-5.136996E-05,0.7765084,0.2589166,-0.9197888,-0.2694772,-6.260714E-05,0.1114038,0.6012886,3.531685E-05,24,24,24,24,24,24,24,24,24,24,24,24,24,24,24,24
265,2650,-1851.39,-1859.2,-1851.446,-1811.683,-1867.464,-1917.434,-1695.011,-556.4714,269.4095,507.1721,-202.3513,-1380.659,-2054.371,-1837.335,-1828.947,-1863.356,25,25,25,25,24,25,25,24,24,24,24,25,25,25,25,25,265,2650,-1795.938,-1805.616,485.4185,-647.8169,0.3923188,-5.458059E-05,-0.7836071,0.2607026,-0.5177161,-1.415095,0.2627702,-0.2694772,-0.5119883,4.013279E-05,-0.3621253,0.1130589,24,24,24,24,24,24,24,24,24,24,24,24,24,24,24,24
266,2660,-1815.203,-1836.588,-1805.669,-1812.292,-1888.234,-1838.807,-1662.749,-569.7625,268.1708,499.2957,-197.3669,-1365.168,-2053.657,-1749.805,-1783.37,-1827.453,25,25,25,25,24,25,25,24,24,24,24,25,25,25,25,25,266,2660,-1798.49,-1804.563,485.4185,-656.2081,1.048921,-0.8590952,-1.044806,0.1303256,0.9059318,0.9027669,0.7883524,0.5387633,0.2558995,1.22504,0.2400085,-0.7911392,24,24,24,24,24,24,24,24,24,24,24,24,24,24,24,24
267,2670,-1834.559,-1865.85,-1814.159,-1845.994,-1831.481,-1840.659,-1696.159,-560.7346,285.7598,514.0641,-169.2406,-1390.856,-2089.258,-1817.154,-1888.721,-1861.669,25,25,25,25,24,25,25,24,24,24,24,25,25,25,25,25,267,2670,-1794.059,-1769.036,481.752,-653.8844,-1.052206,-0.8590952,-0.5224084,-5.136996E-05,-0.2588725,-0.1273935,-1.182527,-0.5388918,-1.023914,-1.224962,-0.1212716,0.1130589,24,24,24,24,24,24,24,24,24,24,24,24,24,24,24,24
268,2680,-1882.529,-1864.399,-1855.507,-1855.849,-1832.325,-1839.424,-1667.085,-528.2593,287.3701,507.5414,-186.6861,-1340.484,-1949.87,-1718.519,-1754.855,-1915.161,25,25,25,25,24,25,25,24,24,24,24,25,25,25,25,25,268,2680,-1864.821,-1904.829,490.5254,-657.7573,-0.3956041,0.122665,-0.2612115,0.3910795,-0.2588725,-0.3849336,-0.2627574,-0.5388918,0.1279176,0.8909494,0.1195816,0.2260856,24,24,24,24,24,24,24,24,24,24,24,24,24,24,24,24
269,2690,-1732.127,-1741.423,-1772.443,-1755.351,-1760.479,-1803.753,-1647.957,-524.4977,270.6482,494.8651,-222.7637,-1375.495,-2000.098,-1829.334,-1798.523,-1738.541,25,25,25,25,24,25,25,24,24,24,24,25,25,25,25,25,269,2690,-1996.811,-1940.883,486.2042,-662.2757,0.5236397,-5.458059E-05,-1.284249E-05,-5.136996E-05,-0.5177161,-0.5137036,0.5256143,-0.1347707,0.6398466,0.7795857,0.4808618,1.017257,24,24,24,24,24,24,24,24,24,24,24,24,24,24,24,24
270,2700,-1805.945,-1851.944,-1800.254,-1793.068,-1908.399,-1833.5,-1665.809,-572.8972,275.7267,511.4796,-165.3243,-1359.123,-2086.039,-1819.542,-1882.755,-1802.876,25,25,25,25,24,25,25,24,24,24,24,25,25,25,25,25,270,2700,-1846.559,-1838.38,478.2165,-663.5667,-0.3956041,0.3681075,-0.7836071,-1.303824,-0.1294491,0.5164568,-0.5255501,0.5387633,-1.151893,-1.224959,-0.1212716,0.1130589,24,24,24,24,24,24,24,24,24,24,24,24,24,24,24,24
271,2710,-1962.599,-1906.117,-1878.272,-1912.668,-1817.473,-1888.057,-1710.313,-544.685,274.2403,514.9256,-172.9196,-1345.9,-2022.831,-1911.61,-1862.353,-1886.969,25,25,25,25,24,25,25,24,24,24,24,25,25,25,25,25,271,2710,-1864.552,-1917.724,469.443,-658.1446,1.048921,-0.6136559,-0.3918099,-0.3911823,-0.7765613,0.001376554,0.5256143,-1.616545,-1.023911,0.5568616,-0.3621253,0.3391092,24,24,24,24,24,24,24,24,24,24,24,24,24,24,24,24
272,2720,-1914.388,-1923.288,-1966.259,-1827.744,-1990.39,-1989.147,-1683.662,-554.716,252.6876,498.8034,-229.5283,-1340.988,-2099.151,-1928.566,-1868.796,-1837.694,25,25,25,25,24,25,25,24,24,24,24,25,25,25,25,25,272,2720,-1854.616,-1862.986,480.1806,-647.5587,-0.6582451,-0.4909331,0.9141815,0.6518335,0.5176631,0.7739968,-0.2627574,-6.421245E-05,-0.8959291,-0.222684,-0.2416985,-0.4521263,24,24,24,24,24,24,24,24,24,24,24,24,24,24,24,24
273,2730,-1943.964,-1952.067,-1875.319,-1897.337,-1903.327,-1911.756,-1710.951,-554.5906,281.0529,505.8184,-198.6724,-1379.777,-2060.323,-1810.467,-1836.224,-1968.893,25,25,25,25,24,25,25,24,24,24,24,25,25,25,25,25,273,2730,-1908.057,-1896.934,487.3827,-653.239,-1.314847,-0.2454938,-1.284249E-05,-0.3911823,-0.7765613,-1.286325,-0.7883395,-0.1347707,-0.1280412,4.334341E-05,0.3604349,0.3390482,24,24,24,24,24,24,24,24,24,24,24,24,24,24,24,24
274,2740,-1823.137,-1814.338,-1748.078,-1730.166,-1705.657,-1721.053,-1601.158,-509.075,296.0407,513.3257,-168.7659,-1348.922,-1989.743,-1739.775,-1793.631,-1843.597,25,25,25,25,24,25,25,24,24,24,24,25,25,25,25,25,274,2740,-1775.797,-1797.063,488.4302,-650.7861,0.3923188,0.2453847,-1.284249E-05,0.1303256,0.2588179,1.289078,0.5256143,0.2693504,0.2559027,0.5568616,0.9625688,0.2260214,24,24,24,24,24,24,24,24,24,24,24,24,24,24,24,24
275,2750,-1843.215,-1813.612,-1846.401,-1895.878,-1793.444,-1934.22,-1761.448,-550.4528,265.8174,498.9265,-216.7112,-1422.202,-2078.89,-1986.362,-1906.379,-1818.056,25,25,25,25,24,25,25,24,24,24,24,25,25,25,25,25,275,2750,-2056.025,-2050.096,484.8947,-667.4395,0.2609988,-1.227254,-1.175406,-1.303824,0.3882414,0.2589166,-0.6569448,-0.6735983,-1.023911,-2.004504,-0.8438323,-2.568498E-05,24,24,24,24,24,24,24,24,24,24,24,24,24,24,24,24
276,2760,-1970.533,-1933.082,-1912.975,-1787.715,-1822.303,-1885.835,-1665.299,-525.1246,273.1255,503.6031,-225.0186,-1358.871,-2015.689,-1841.634,-1800.789,-1866.729,25,25,25,25,24,25,25,24,24,24,24,25,25,25,25,25,276,2760,-1907.654,-1934.699,471.0144,-660.3392,0.2609988,0.122665,-0.3918099,0.9125874,0.2588179,0.1301466,0.9198017,0.1346423,-0.3840049,0.5568616,0.2400085,-0.226076,24,24,24,24,24,24,24,24,24,24,24,24,24,24,24,24
277,2770,-1769.637,-1756.417,-1789.671,-1735.884,-1834.74,-1779.807,-1598.99,-538.9172,274.3641,505.4492,-200.3339,-1357.108,-2112.262,-1839.126,-1910.674,-1812.755,25,25,25,25,24,25,25,24,24,24,24,25,25,25,25,25,277,2770,-2054.683,-2087.736,478.4783,-660.2101,0.5235875,-1.104535,0.5223843,-0.6519362,-0.5177161,-0.3849336,-0.2627574,-1.212426,-6.100183E-05,-1.113595,-0.9642591,0.2260214,24,24,24,24,24,24,24,24,24,24,24,24,24,24,24,24
278,2780,-2064.188,-2001.161,-1907.068,-1986.52,-1859.495,-1945.082,-1756.73,-541.6757,304.3397,521.0792,-197.723,-1424.846,-2064.726,-1865.516,-1876.432,-2024.674,25,25,25,25,24,25,25,24,24,24,24,25,25,25,25,25,278,2780,-1901.611,-1910.619,479.1331,-657.4991,-0.3956563,0.2454361,-0.1306113,-0.1304283,-0.7765613,-0.2561635,-0.9197375,-0.4041837,0.8958087,4.334341E-05,0.4808618,-1.243301,24,24,24,24,24,24,24,24,24,24,24,24,24,24,24,24
279,2790,-1873.632,-1850.856,-1884.425,-1808.885,-1785.232,-1922.864,-1689.655,-520.4852,268.2947,492.6499,-229.5283,-1381.54,-2027.234,-1896.803,-1824.413,-1794.443,25,25,25,25,24,25,25,24,24,24,24,25,25,25,25,25,279,2790,-1825.881,-1810.879,485.2875,-654.2717,0.9175486,0.7363178,-0.5224084,-5.136996E-05,1.035354,-0.3849336,1.182591,0.5387633,-6.100183E-05,0.7795889,0.2400085,1.243246,24,24,24,24,24,24,24,24,24,24,24,24,24,24,24,24
280,2800,-1946.849,-1939.854,-1948.046,-1802.923,-1934.361,-1923.235,-1678.179,-575.6556,262.1014,502.8647,-208.9973,-1417.544,-2192.241,-1849.157,-1936.206,-1814.442,25,25,25,25,24,25,25,24,24,24,24,25,25,25,25,25,280,2800,-1856.899,-1871.276,482.6686,-668.4722,-0.1330153,-0.1227228,-0.5224084,-0.2607507,-1.16483,-0.9000142,0.5256143,-0.1347707,0.1279208,-0.222684,0.9625688,-0.226076,24,24,24,24,24,24,24,24,24,24,24,24,24,24,24,24
281,2810,-2057.336,-2016.88,-1977.457,-2016.207,-1918.542,-1987.543,-1763.743,-558.4776,290.0951,518.7408,-185.2619,-1398.157,-2047.23,-1820.259,-1845.531,-2000.218,25,25,25,25,24,25,25,24,24,24,24,25,25,25,25,25,281,2810,-1978.147,-1992.2,479.7878,-657.37,-0.1330153,0.8590374,0.783583,-0.9126388,0.9059848,0.6452268,-0.7883395,0.1346423,-0.5119852,-1.559049,-0.0008451964,0.4520717,24,24,24,24,24,24,24,24,24,24,24,24,24,24,24,24
282,2820,-1785.627,-1800.19,-1898.208,-1854.267,-1839.571,-1959.277,-1710.058,-528.2593,280.062,504.7107,-229.647,-1399.291,-2016.285,-1882.951,-1850.78,-1781.672,25,25,25,25,24,25,25,24,24,24,24,25,25,25,25,25,282,2820,-1929.003,-1907.329,488.4302,-655.3044,0.5235875,-0.7363242,-0.5224084,0.5215111,0.1294491,-0.2561635,-0.1313626,-0.1347707,-0.8959291,1.11368,0.2400085,-2.568498E-05,24,24,24,24,24,24,24,24,24,24,24,24,24,24,24,24
283,2830,-1806.306,-1781.206,-1836.679,-1801.098,-1878.09,-1915.952,-1682.769,-549.4497,268.7902,506.926,-201.7579,-1348.167,-2010.81,-1807.84,-1798.403,-1815.888,25,25,25,25,24,25,25,24,24,24,24,25,25,25,25,25,283,2830,-1866.566,-1860.223,481.621,-670.6669,0.6549076,-1.227203,-1.175406,-0.1303738,2.568498E-05,0.3876867,0.1314268,-0.9430113,-0.5119852,4.334341E-05,-1.445966,-1.356324,24,24,24,24,24,24,24,24,24,24,24,24,24,24,24,24
284,2840,-1822.296,-1843.48,-1825.973,-1817.037,-1860.823,-1847.201,-1690.676,-571.3925,266.9322,510.495,-169.9526,-1344.388,-2028.544,-1796.615,-1817.612,-1839.742,25,25,25,25,24,25,25,24,24,24,24,25,25,25,25,25,284,2840,-1858.241,-1879.697,486.2042,-653.1097,-0.2643354,-3.210623E-06,0.2611858,-0.2607507,-0.2588195,-0.6424737,-0.7883395,-0.1347193,1.279753,0.5568616,-0.2416985,-2.568498E-05,24,24,24,24,24,24,24,24,24,24,24,24,24,24,24,24
285,2850,-1802.459,-1785.801,-1797.424,-1792.095,-1771.346,-1825.477,-1673.461,-536.911,273.8687,499.7879,-206.9797,-1378.644,-2007.12,-1784.077,-1784.206,-1807.093,25,25,25,25,24,25,25,24,24,24,24,25,25,25,25,25,285,2850,-1847.096,-1814.432,488.4302,-652.5934,-0.5269763,-0.1227228,0.2611858,0.782265,0.2588709,-0.5137036,-0.5255501,0.1346937,-0.5119852,4.334341E-05,-0.7234055,0.2260214,24,24,24,24,24,24,24,24,24,24,24,24,24,24,24,24
286,2860,-1781.66,-1779.755,-1802.346,-1775.913,-1836.673,-1840.042,-1643.494,-548.0704,262.5969,488.7116,-222.1703,-1392.492,-2076.628,-1784.913,-1812.959,-1768.42,25,25,25,25,24,25,25,24,24,24,24,25,25,25,25,25,286,2860,-1820.779,-1846.801,485.6804,-642.5239,0.1296257,-0.6136046,0.3917859,-0.2607507,-0.3882414,0.1301466,0.2628216,0.4041082,0.1279208,-0.1113203,-0.0008451964,-0.904227,24,24,24,24,24,24,24,24,24,24,24,24,24,24,24,24
287,2870,-1865.336,-1841.303,-1832.988,-1892.227,-1814.213,-1885.218,-1728.548,-540.798,289.1042,510.1258,-215.8804,-1428.245,-2056.276,-1889.877,-1859.251,-1868.897,25,25,25,25,24,25,25,24,24,24,24,25,25,25,25,25,287,2870,-1782.78,-1768.51,497.8584,-638.2637,1.048869,0.8590374,-0.1306113,-0.1303738,2.568498E-05,-0.3849336,3.210623E-05,-0.2694258,-0.639967,-0.1113203,-0.362074,1.35627,24,24,24,24,24,24,24,24,24,24,24,24,24,24,24,24
288,2880,-1892.026,-1880.724,-2017.573,-1835.287,-1933.032,-1989.024,-1700.367,-545.4373,268.4185,509.7566,-212.4388,-1371.843,-2077.342,-1877.936,-1852.093,-1821.189,25,25,25,25,24,25,25,24,24,24,24,25,25,25,25,25,288,2880,-1803.726,-1820.748,490.5254,-651.4315,1.048869,-0.4908817,-0.6530086,0.3911341,1.294252,1.031537,0.2628216,-0.4041323,0.2559027,0.111407,-0.0007938265,-0.7912002,24,24,24,24,24,24,24,24,24,24,24,24,24,24,24,24
289,2890,-1910.902,-1925.464,-1871.627,-1836.625,-1888.234,-1833.376,-1673.971,-563.9946,274.1164,498.3111,-204.6062,-1395.64,-2073.772,-1793.63,-1838.73,-1920.703,25,25,25,25,24,25,25,24,24,24,24,25,25,25,25,25,289,2890,-1929.406,-2010.753,488.6921,-631.1634,-1.44622,-0.6136046,0.9141815,0.2607571,0.2588709,0.001376554,-1.44532,-1.284249E-05,0.6398466,-0.1113203,-0.0007938265,0.2260214,24,24,24,24,24,24,24,24,24,24,24,24,24,24,24,24
290,2900,-1888.179,-1870.687,-1857.968,-1884.562,-1812.522,-1881.761,-1728.803,-545.0612,290.9622,504.3415,-213.0322,-1461.857,-2062.584,-1891.071,-1903.038,-1865.645,25,25,25,25,24,25,25,24,24,24,24,25,25,25,25,25,290,2900,-1854.347,-1788.116,496.1561,-632.0671,0.5235875,-3.210623E-06,-0.2612115,0.5215111,-0.5176631,-1.672635,3.210623E-05,-0.5388404,-1.663817,0.3341343,0.2400599,0.1129979,24,24,24,24,24,24,24,24,24,24,24,24,24,24,24,24
291,2910,-1914.268,-1891.002,-1951.122,-1870.449,-1922.648,-1994.085,-1706.233,-544.1835,259.748,491.9114,-233.9193,-1376.88,-2037.351,-1858.591,-1809.857,-1832.272,25,25,25,25,24,25,25,24,24,24,24,25,25,25,25,25,291,2910,-1798.221,-1773.773,493.2752,-626.645,1.18019,0.8590374,0.9141815,-0.5215046,-0.5176631,0.3876867,1.051196,-0.4041323,0.6398466,-0.8908675,0.60134,0.1129979,24,24,24,24,24,24,24,24,24,24,24,24,24,24,24,24
292,2920,-1883.13,-1875.887,-1839.51,-1808.641,-1909.727,-1847.324,-1698.964,-611.0149,252.6876,494.2498,-193.9253,-1419.181,-2147.425,-1892.145,-1951.478,-1827.935,25,25,25,25,24,25,25,24,24,24,24,25,25,25,25,25,292,2920,-1868.983,-1913.382,497.7274,-623.805,-0.001694406,-3.210623E-06,-0.6530086,-1.043016,0.1294491,0.9027669,0.3942195,-0.1347193,0.5118648,-0.5567766,-0.2416471,0.1129979,24,24,24,24,24,24,24,24,24,24,24,24,24,24,24,24
293,2930,-1905.612,-1872.017,-1838.525,-1859.377,-1792.96,-1813.38,-1679.454,-552.459,279.8142,506.5568,-180.3962,-1369.072,-2002.954,-1786.465,-1827.515,-1920.341,25,25,25,25,24,25,25,24,24,24,24,25,25,25,25,25,293,2930,-1802.384,-1763.773,498.644,-618.8993,-0.001642233,-0.7363242,-0.3918099,1.173396,0.5177161,-0.6424737,-0.3941553,-0.6735469,0.1279208,0.111407,-0.8437809,0.2260214,24,24,24,24,24,24,24,24,24,24,24,24,24,24,24,24
294,2940,-1846.221,-1839.852,-1881.595,-1835.409,-1865.17,-2033.953,-1767.186,-576.5334,236.7089,500.4033,-245.4309,-1409.361,-2132.287,-2063.503,-1983.81,-1810.105,25,25,25,25,24,25,25,24,24,24,24,25,25,25,25,25,294,2940,-1784.525,-1793.116,494.7157,-615.0264,-0.001642233,-0.490885,0.5223843,1.43415,0.7765613,0.5164568,-1.708109,-0.4041323,0.5118648,1.002316,-0.6029276,-1.017251,24,24,24,24,24,24,24,24,24,24,24,24,24,24,24,24
295,2950,-1993.977,-1995.356,-1923.558,-1882.615,-1911.66,-1849.423,-1727.911,-606.3755,257.6422,489.0808,-194.044,-1446.624,-2156.125,-1879.965,-1937.518,-1970.7,25,25,25,25,24,25,25,24,24,24,24,25,25,25,25,25,295,2950,-1765.727,-1829.959,490.1325,-626.2578,-0.7895651,-1.104486,-0.3918099,-1.955655,-0.3882414,-0.7712442,-0.3941553,-0.4041323,0.2559027,-0.222684,-0.362074,0.2260214,24,24,24,24,24,24,24,24,24,24,24,24,24,24,24,24
296,2960,-1962.238,-1940.337,-1964.536,-1935.663,-1882.196,-2078.029,-1811.563,-561.3615,255.6604,490.1885,-263.1137,-1441.715,-2122.513,-2032.694,-1933.223,-1917.811,25,25,25,25,24,25,25,24,24,24,24,25,25,25,25,25,296,2960,-1836.757,-1857.46,487.2517,-622.2558,0.1296778,1.104473,-0.1306113,-0.2607507,-0.5176631,0.001376554,0.657009,0.4041082,-0.2560231,-0.4454113,0.119633,-0.1130525,24,24,24,24,24,24,24,24,24,24,24,24,24,24,24,24
297,2970,-1930.017,-1964.159,-1980.41,-1861.932,-2014.419,-2018.895,-1712.481,-546.1896,275.2311,508.5259,-215.1684,-1366.302,-2035.209,-1796.615,-1775.734,-1903.715,25,25,25,25,24,25,25,24,24,24,24,25,25,25,25,25,297,2970,-1824.404,-1816.669,489.4778,-628.5815,0.6549598,0.1227132,0.2611858,3.210623E-06,0.7765613,0.001376554,-0.6569448,-1.077666,-0.5119852,-0.4454113,-1.084634,0.2260214,24,24,24,24,24,24,24,24,24,24,24,24,24,24,24,24
298,2980,-1788.633,-1843.964,-1795.701,-1745.496,-1812.764,-1814.615,-1645.789,-553.5875,267.923,503.1108,-198.1976,-1353.708,-2047.468,-1794.227,-1799.596,-1790.467,25,25,25,25,24,25,25,24,24,24,24,25,25,25,25,25,298,2980,-1850.99,-1851.933,482.0138,-637.6183,-0.7895651,-0.1227261,-1.306004,0.3911341,1.553097,-1.028784,-0.3941553,0.8082277,0.2559027,1.336407,1.203473,-0.3391027,24,24,24,24,24,24,24,24,24,24,24,24,24,24,24,24
299,2990,-1815.683,-1839.49,-1796.439,-1854.389,-1876.762,-1843.498,-1707.38,-596.8461,249.8386,488.5886,-196.4175,-1413.138,-2091.165,-1847.127,-1879.653,-1854.199,25,25,25,25,24,25,25,24,24,24,24,25,25,25,25,25,299,2990,-1867.506,-1889.434,479.264,-638.9092,0.6549598,-6.421245E-06,0.6529829,0.912642,-0.7765084,-0.5137036,-0.7883395,-1.7512,0.2559027,4.334341E-05,-1.205061,-0.1130525,24,24,24,24,24,24,24,24,24,24,24,24,24,24,24,24
300,3000,-1936.51,-1913.009,-1983.979,-1901.839,-1833.171,-2030.003,-1768.972,-538.541,272.7538,502.4955,-248.7539,-1441.463,-2126.208,-1984.691,-1917.713,-1877.451,25,25,25,25,24,25,25,24,24,24,24,25,25,25,25,25,300,3000,-1766.13,-1780.352,471.4072,-652.4644,0.3923188,-0.1227261,-0.5224084,-0.5215046,-0.6470866,-0.5137036,-0.2627574,-1.44478E-05,0.3838829,-0.3340476,-0.6029276,-0.6781766,24,24,24,24,24,24,24,24,24,24,24,24,24,24,24,24
301,3010,-1950.576,-1943.844,-1921.096,-1834.679,-1943.055,-1985.938,-1715.924,-558.603,266.6844,505.6953,-224.0692,-1392.618,-2126.685,-1900.624,-1889.198,-1902.872,25,25,25,25,24,25,25,24,24,24,24,25,25,25,25,25,301,3010,-1868.043,-1848.117,468.0026,-652.3353,-0.2642832,0.2454328,0.6529829,0.2607571,0.3882943,-0.9000142,0.5256143,0.404105,-6.100183E-05,0.5568616,0.4809132,0.1129979,24,24,24,24,24,24,24,24,24,24,24,24,24,24,24,24
302,3020,-1965.965,-1952.913,-1912.113,-1946.978,-1938.708,-1904.473,-1724.085,-568.8848,282.2915,501.1417,-199.8592,-1415.656,-2077.461,-1801.272,-1852.689,-1969.255,25,25,25,25,24,25,25,24,24,24,24,25,25,25,25,25,302,3020,-1871.937,-1901.54,469.1811,-651.5607,-0.3956041,-0.490885,0.5223843,-0.3911277,-0.7765084,0.2589166,3.210623E-05,-0.538842,0.5118648,-0.334046,0.3604863,0.7911456,24,24,24,24,24,24,24,24,24,24,24,24,24,24,24,24
303,3030,-1863.894,-1842.754,-1847.754,-1841.857,-1802.983,-1923.111,-1722.3,-538.2902,271.639,501.7571,-229.647,-1404.2,-2068.178,-1945.165,-1878.818,-1848.416,25,25,25,25,24,25,25,24,24,24,24,25,25,25,25,25,303,3030,-1992.917,-1988.516,473.2404,-650.9152,0.9176008,0.4908753,-0.5224084,-1.694901,-0.5176631,-0.1273935,-0.6569448,-1.44478E-05,-6.100183E-05,0.3341359,-0.2416985,0.1129979,24,24,24,24,24,24,24,24,24,24,24,24,24,24,24,24
304,3040,-1923.405,-1927.278,-1897.1,-1804.87,-1930.497,-1880.898,-1654.333,-543.0549,276.2221,508.526,-208.0478,-1371.213,-2072.105,-1827.543,-1833.6,-1883.957,25,25,25,25,24,25,25,24,24,24,24,25,25,25,25,25,304,3040,-1878.382,-1817.327,477.2998,-655.0463,-0.2642832,0.4908753,-0.5224084,-0.1303738,-0.1293961,-0.5137036,3.210623E-05,-0.269429,-1.151893,0.5568632,0.7217151,1.808431,24,24,24,24,24,24,24,24,24,24,24,24,24,24,24,24
305,3050,-1877.599,-1883.867,-1846.524,-1864.73,-1845.488,-1862.136,-1714.266,-547.1927,290.8382,525.1404,-169.1219,-1377.888,-2040.565,-1781.211,-1794.705,-1892.029,25,25,25,25,24,25,25,24,24,24,24,25,25,25,25,25,305,3050,-1826.552,-1812.721,478.0854,-652.8516,0.1296778,-0.8590471,-0.6530086,0.2607571,-1.164777,0.5164568,-0.3941553,-1.44478E-05,0.2559027,0.6682269,0.1195816,-0.1129882,24,24,24,24,24,24,24,24,24,24,24,24,24,24,24,24
306,3060,-1738.98,-1763.43,-1762.845,-1732.356,-1749.611,-1815.602,-1644.259,-518.9806,278.2039,505.9415,-218.6101,-1363.909,-2051.634,-1844.5,-1792.915,-1738.903,25,25,25,25,24,25,25,24,24,24,24,25,25,25,25,25,306,3060,-1889.258,-1888.645,480.1806,-653.7553,-0.2642832,-6.421245E-06,1.17538,0.5215111,0.9059848,-0.2561635,-0.1313626,-1.44478E-05,0.2559027,0.6682269,-0.2416985,-0.226015,24,24,24,24,24,24,24,24,24,24,24,24,24,24,24,24
307,3070,-1873.512,-1878.063,-1805.053,-1848.913,-1876.279,-1797.581,-1661.856,-570.0132,291.953,517.5101,-166.2737,-1378.77,-2094.025,-1805.691,-1894.09,-1862.994,25,25,25,25,24,25,25,24,24,24,24,25,25,25,25,25,307,3070,-1986.203,-2026.807,475.7284,-652.5934,-0.3956041,-0.3681653,-1.284249E-05,3.210623E-06,-0.1293961,-0.5137036,0.657009,0.6735196,-0.7679489,-0.334046,0.3604349,3.531685E-05,24,24,24,24,24,24,24,24,24,24,24,24,24,24,24,24
308,3080,-1979.31,-1910.591,-1931.802,-1941.868,-1848.869,-2016.056,-1762.979,-517.8521,297.4031,527.6018,-188.2289,-1410.117,-2064.369,-1867.427,-1870.824,-1906.245,25,25,25,25,24,25,25,24,24,24,24,25,25,25,25,25,308,3080,-1958.275,-1957.594,475.9903,-658.0154,-0.001642233,0.2454328,-0.7836071,-0.9126388,-0.7765084,0.1301466,0.1314268,-0.1347209,1.535715,0.1114086,-0.3621253,-0.3390386,24,24,24,24,24,24,24,24,24,24,24,24,24,24,24,24
309,3090,-1839.368,-1813.492,-1815.021,-1757.541,-1815.3,-1848.311,-1636.353,-517.7267,286.3791,522.556,-190.009,-1343.381,-2015.332,-1792.794,-1778.837,-1815.526,25,25,25,25,24,25,25,24,24,24,24,25,25,25,25,25,309,3090,-1925.243,-1927.462,480.4425,-657.1118,-0.9208853,0.3681557,-0.5224084,3.210623E-06,0.5177161,-0.1273935,0.1314268,0.9429326,-1.023911,-0.668137,0.3604349,0.2260856,24,24,24,24,24,24,24,24,24,24,24,24,24,24,24,24
310,3100,-1777.933,-1790.516,-1747.586,-1737.588,-1771.225,-1742.037,-1594.782,-505.188,298.3941,510.9874,-209.3533,-1346.529,-1984.863,-1775.24,-1774.661,-1800.346,25,25,25,25,24,25,25,24,24,24,24,25,25,25,25,25,310,3100,-1960.423,-2021.017,478.4783,-660.3392,-0.001642233,-0.9817667,0.6529829,3.210623E-06,0.5177161,0.2589166,-0.1313626,-0.4041355,-6.100183E-05,0.6682269,0.1195816,-0.4520621,24,24,24,24,24,24,24,24,24,24,24,24,24,24,24,24
311,3110,-1846.702,-1858.353,-1838.648,-1885.779,-1841.986,-1874.726,-1740.79,-574.4018,280.3097,515.664,-177.904,-1397.654,-2053.776,-1871.965,-1890.63,-1839.14,25,25,25,25,24,25,25,24,24,24,24,25,25,25,25,25,311,3110,-1939.745,-1910.619,470.2286,-666.2776,0.2609988,-0.8590471,0.1305825,-0.1303738,0.1294491,0.7739968,-0.6569448,0.134692,0.1279208,0.4454996,-0.3621253,-0.6781124,24,24,24,24,24,24,24,24,24,24,24,24,24,24,24,24
312,3120,-1876.157,-1844.931,-1913.344,-1807.06,-1801.896,-1888.921,-1644.004,-494.7809,297.8986,526.125,-178.4974,-1312.022,-1943.206,-1757.687,-1725.982,-1832.152,25,25,25,25,24,25,25,24,24,24,24,25,25,25,25,25,312,3120,-1855.153,-1847.591,471.5381,-664.0829,-0.3956041,-0.9817667,-0.2612146,-0.1303738,0.3882943,-1.286325,0.1314268,-0.1347209,-0.7679489,-0.668137,-0.8438323,0.1130589,24,24,24,24,24,24,24,24,24,24,24,24,24,24,24,24
313,3130,-1756.172,-1784.108,-1789.548,-1724.448,-1799.723,-1789.928,-1582.413,-508.1974,291.9531,518.9869,-180.6335,-1315.422,-2058.18,-1779.897,-1778.717,-1751.432,25,25,25,25,24,25,25,24,24,24,24,25,25,25,25,25,313,3130,-1799.564,-1848.644,475.8594,-661.3719,-0.5269242,-0.1227261,0.3917811,0.6518881,-0.3882397,0.001376554,0.1314268,0.5388131,0.1279208,-0.334046,0.1195816,0.2260856,24,24,24,24,24,24,24,24,24,24,24,24,24,24,24,24
314,3140,-1829.63,-1835.015,-1794.47,-1837.842,-1797.428,-1765.118,-1647.447,-543.9327,293.9349,508.5258,-187.3981,-1388.842,-2002.835,-1775.36,-1806.039,-1847.814,25,25,25,25,24,25,25,24,24,24,24,25,25,25,25,25,314,3140,-1914.367,-1916.935,467.4788,-664.5994,-0.1329631,-0.3681653,-0.2612146,-0.6518849,0.5177177,0.001376554,-0.9197375,-0.538842,-1.023911,0.1114086,-0.2416985,-0.226015,24,24,24,24,24,24,24,24,24,24,24,24,24,24,24,24
315,3150,-1825.782,-1790.516,-1855.507,-1803.653,-1781.127,-1912.867,-1682.132,-520.4853,267.6754,508.6489,-190.009,-1329.654,-1986.053,-1817.154,-1772.513,-1755.528,25,25,25,25,24,25,25,24,24,24,24,25,25,25,25,25,315,3150,-1974.656,-2104.327,468.5263,-652.2061,0.6549598,-0.2454457,0.1305825,0.2607571,-0.3882397,0.3876867,-0.3941553,-1.347083,-0.7679489,-0.1113187,-0.2416985,0.2260856,24,24,24,24,24,24,24,24,24,24,24,24,24,24,24,24
316,3160,-1805.825,-1836.829,-1842.34,-1751.823,-1872.657,-1863,-1637.755,-546.942,260.4911,491.6653,-212.2015,-1345.396,-2021.998,-1777.27,-1771.559,-1769.143,25,25,25,25,24,25,25,24,24,24,24,25,25,25,25,25,316,3160,-1973.447,-1950.62,472.0619,-654.4008,0.5236397,-0.3681653,0.2611809,-0.3911277,-0.2588179,0.5164568,3.210623E-05,0.9429326,-0.2560231,0.4454996,-0.9642591,0.2260856,24,24,24,24,24,24,24,24,24,24,24,24,24,24,24,24
317,3170,-1788.753,-1823.891,-1770.228,-1763.503,-1828.824,-1771.29,-1605.238,-542.4281,278.6994,497.8188,-206.5051,-1382.673,-2072.582,-1805.213,-1847.44,-1827.092,25,25,25,25,24,25,25,24,24,24,24,25,25,25,25,25,317,3170,-1968.345,-1938.778,472.3238,-644.2021,-1.840129,-0.7363274,0.2611809,-0.3911277,0.3882959,-0.9000142,-0.5255501,0.8082261,0.2558995,-0.5567734,0.1195816,-0.1129882,24,24,24,24,24,24,24,24,24,24,24,24,24,24,24,24
318,3180,-1903.087,-1896.443,-1903.13,-1985.425,-1909.848,-1935.208,-1746.146,-574.1511,264.9503,492.6498,-205.6743,-1430.385,-2094.86,-1856.441,-1876.909,-1881.909,25,25,25,25,24,25,25,24,24,24,24,25,25,25,25,25,318,3180,-1832.058,-1847.459,485.4184,-635.6818,-0.3956041,-0.3681653,-0.6530133,0.5215111,0.3882959,-0.9000142,-0.6569448,0.2693985,-0.6399702,-0.4454097,0.9625688,0.5651595,24,24,24,24,24,24,24,24,24,24,24,24,24,24,24,24
319,3190,-1814.481,-1823.891,-1800.623,-1780.78,-1759.029,-1793.631,-1657.138,-542.3027,257.3945,483.4196,-216.3552,-1374.739,-2019.022,-1805.691,-1800.432,-1825.164,25,25,25,25,24,25,25,24,24,24,24,25,25,25,25,25,319,3190,-1829.506,-1868.907,480.8353,-658.1445,-0.1329631,-0.2454457,1.175377,0.6518881,0.2588725,0.3876867,1.051196,-0.6735485,0.5118616,0.1114086,0.4808618,0.4521327,24,24,24,24,24,24,24,24,24,24,24,24,24,24,24,24
320,3200,-1833.597,-1831.992,-1816.99,-1796.11,-1881.713,-1856.088,-1647.957,-557.2238,257.7661,483.6657,-230.4777,-1385.317,-2069.368,-1819.065,-1859.251,-1821.43,25,25,25,25,24,25,25,24,24,24,24,25,25,25,25,25,320,3200,-1752.3,-1743.641,480.0496,-644.8476,0.1296778,0.7363146,-0.9142104,-1.043016,-0.5176616,0.001376554,-0.7883395,0.404105,-0.5119883,0.1114086,-0.3621253,0.4521327,24,24,24,24,24,24,24,24,24,24,24,24,24,24,24,24
321,3210,-1923.766,-1897.169,-1920.481,-1938.583,-1815.3,-1945.699,-1781.851,-573.5241,260.9866,478.4967,-234.6314,-1474.949,-2113.573,-2034.844,-1994.071,-1918.293,25,25,25,25,24,25,25,24,24,24,24,25,25,25,25,25,321,3210,-1794.462,-1793.642,484.8947,-642.7821,1.048921,-0.7363274,-0.5224133,0.1303802,-1.035352,-1.543865,-0.1313626,-1.347083,-0.6399702,0.7795922,-0.7234055,-0.4520621,24,24,24,24,24,24,24,24,24,24,24,24,24,24,24,24
322,3220,-2121.018,-2035.75,-2049.076,-1927.511,-1948.126,-2061.972,-1820.234,-588.3198,253.0592,509.3873,-205.3183,-1394.758,-2070.32,-1911.371,-1892.538,-1941.786,25,25,25,25,24,25,25,24,24,24,24,25,25,25,25,25,322,3220,-1847.096,-1868.776,478.4783,-652.077,-0.3956041,-0.9817667,0.2611809,-0.1303738,-0.5176616,0.6452268,-0.5255501,-0.4041355,0.1279176,-0.2226824,-1.205112,-2.373485,24,24,24,24,24,24,24,24,24,24,24,24,24,24,24,24
323,3230,-1898.639,-1860.567,-1910.76,-1824.702,-1857.08,-1962.116,-1717.964,-565.1232,236.9566,484.5272,-209.2346,-1342.877,-1957.845,-1774.285,-1766.786,-1850.223,25,25,25,25,24,25,25,24,24,24,24,25,25,25,25,25,323,3230,-1905.103,-1900.093,466.1693,-655.6917,-0.2642832,0.3681557,0.7835782,0.3911341,0.1294507,-0.1273935,-0.7883395,0.134692,0.8958055,-0.5567734,0.8421419,-0.6781124,24,24,24,24,24,24,24,24,24,24,24,24,24,24,24,24
324,3240,-1793.322,-1808.459,-1820.189,-1710.578,-1777.504,-1860.161,-1653.44,-543.9327,260.9866,492.7729,-208.7599,-1321.593,-1945.943,-1844.38,-1800.432,-1755.528,25,25,25,25,24,25,25,24,24,24,24,25,25,25,25,25,324,3240,-1934.642,-1936.804,467.0859,-632.9706,0.5236397,0.8590342,-1.567208,-1.173393,-1.682464,-0.6424737,1.182591,0.5388131,-0.1280445,0.5568632,-0.1212716,0.1130589,24,24,24,24,24,24,24,24,24,24,24,24,24,24,24,24
325,3250,-1825.422,-1822.725,-1839.51,-1821.295,-1907.191,-1883.737,-1690.676,-577.7873,269.905,494.6189,-213.7443,-1439.323,-2150.524,-1880.443,-1943.603,-1806.37,25,25,25,25,24,25,25,24,24,24,24,25,25,25,25,25,325,3250,-1748.137,-1756.931,476.5141,-640.9747,0.7862799,-0.490885,0.3917811,-0.3911277,-0.3882397,-0.2561635,0.5256143,0.9429326,-0.1280445,-0.668137,-0.4825522,-0.226015,24,24,24,24,24,24,24,24,24,24,24,24,24,24,24,24
326,3260,-2084.048,-2008.669,-2005.144,-2076.555,-1937.38,-2070.366,-1825.462,-561.2361,269.4095,492.0345,-241.9894,-1463.116,-2130.618,-2020.992,-1961.499,-1981.905,25,25,25,25,24,25,25,24,24,24,24,25,25,25,25,25,326,3260,-1718.865,-1722.588,474.1571,-648.7205,-1.314847,-0.1227228,0.3917811,-0.7822618,1.294253,0.7739968,-0.5255501,1.347054,-0.7679505,-0.1113187,-0.0008451964,-0.226015,24,24,24,24,24,24,24,24,24,24,24,24,24,24,24,24
327,3270,-2004.677,-2009.152,-2053.014,-1870.692,-1936.655,-2038.89,-1730.334,-565.6248,243.6454,487.3578,-236.8863,-1376.377,-2117.268,-1920.566,-1870.347,-1924.919,25,25,25,25,24,25,25,24,24,24,24,25,25,25,25,25,327,3270,-1925.378,-1897.987,485.5494,-634.0035,-0.001642233,-0.4908817,-0.3918148,0.782265,-0.2588179,-0.9000142,0.5256143,0.2693985,-0.5119883,0.3341359,1.082996,-0.4520621,24,24,24,24,24,24,24,24,24,24,24,24,24,24,24,24
328,3280,-1923.886,-1959.1,-1871.873,-1893.322,-1948.972,-1866.086,-1731.227,-600.9838,273.6209,495.9727,-204.9622,-1479.859,-2193.91,-1893.937,-1982.14,-1920.221,25,25,25,25,24,25,25,24,24,24,24,25,25,25,25,25,328,3280,-1926.855,-2037.596,491.5729,-644.4602,1.442883,0.3681589,1.436574,0.9126388,-0.9059302,0.2589166,-0.6569448,-0.808255,0.6398434,1.336411,-0.4825522,-0.6781124,24,24,24,24,24,24,24,24,24,24,24,24,24,24,24,24
329,3290,-2084.651,-2038.289,-1990.993,-1997.348,-1878.815,-1992.48,-1782.361,-547.3181,275.7267,493.6344,-235.1061,-1462.864,-2091.522,-1963.077,-1955.295,-1954.075,25,25,25,25,24,25,25,24,24,24,24,25,25,25,25,25,329,3290,-1896.912,-1921.804,469.9667,-660.21,-0.6582451,0.2454361,0.6529797,-0.7822618,-0.1293961,-1.415095,-0.2627574,0.2693985,-6.260714E-05,4.494872E-05,-0.2416985,0.3391092,24,24,24,24,24,24,24,24,24,24,24,24,24,24,24,24
330,3300,-1971.495,-1916.664,-1972.903,-1836.869,-1902.12,-1990.999,-1711.716,-551.5812,263.0923,500.6494,-222.5264,-1378.266,-2096.648,-1882.234,-1829.543,-1854.44,25,25,25,25,24,25,25,24,24,24,24,25,25,25,25,25,330,3300,-1960.691,-1949.173,472.5857,-645.1058,-0.001642233,-3.210623E-06,-0.1306162,0.7822618,-0.2588195,-0.513755,0.7884037,0.5388131,-0.5119883,0.7795922,0.4808618,3.531685E-05,24,24,24,24,24,24,24,24,24,24,24,24,24,24,24,24
331,3310,-1846.341,-1879.911,-1832.372,-1832.002,-1896.686,-1837.45,-1674.991,-579.2918,256.2797,489.0808,-209.2346,-1386.953,-2063.536,-1811.183,-1858.535,-1850.103,25,25,25,25,24,25,25,24,24,24,24,25,25,25,25,25,331,3310,-1801.309,-1804.695,480.8353,-646.9131,-0.2642832,-0.9817635,-0.5224133,-1.173396,-0.7765084,0.001325184,-1.051177,-0.6735485,-1.535838,-0.668137,0.6012886,-0.1129882,24,24,24,24,24,24,24,24,24,24,24,24,24,24,24,24
332,3320,-1859.926,-1813.899,-1852.308,-1879.817,-1840.054,-1891.513,-1721.535,-560.7345,262.5969,498.5572,-212.0828,-1402.689,-2080.437,-1900.982,-1848.394,-1845.043,25,25,25,25,24,25,25,24,24,24,24,25,25,25,25,25,332,3320,-1879.993,-1919.304,472.7167,-652.5933,0.5236397,1.472639,0.7835782,-0.3911309,0.5177161,0.9027156,0.5255661,1.347004,-0.8959323,0.1114086,1.323849,1.582381,24,24,24,24,24,24,24,24,24,24,24,24,24,24,24,24
333,3330,-1862.09,-1855.005,-1863.629,-1774.331,-1858.891,-1846.337,-1661.984,-574.6525,253.3069,494.0036,-205.9116,-1378.14,-2099.27,-1821.453,-1856.388,-1833.116,25,25,25,25,24,25,25,24,24,24,24,25,25,25,25,25,333,3330,-2045.821,-2062.992,475.4665,-634.6489,-0.001642233,-3.210623E-06,-1.605311E-05,-0.9126388,-0.2588195,-0.7712955,-1.576759,-1.212426,0.5119113,0.3341359,-0.7234055,-0.226015,24,24,24,24,24,24,24,24,24,24,24,24,24,24,24,24
334,3340,-1936.63,-1940.481,-1883.687,-1985.06,-1883.524,-1921.383,-1792.307,-580.7964,284.0257,502.9877,-219.9155,-1481.873,-2135.028,-1985.168,-1983.93,-1935.401,25,25,25,25,24,25,25,24,24,24,24,25,25,25,25,25,334,3340,-1936.925,-1950.752,479.5259,-636.7145,-0.2642832,-1.104483,-1.605311E-05,1.173393,0.1294491,0.2588653,0.1313819,-6.421245E-05,-0.1279963,-0.1113203,-0.9642591,-1.130213,24,24,24,24,24,24,24,24,24,24,24,24,24,24,24,24
335,3350,-2028.001,-1969.134,-2036.278,-1901.596,-1964.911,-2098.434,-1755.965,-549.9512,252.6876,495.3574,-233.0886,-1400.297,-2084.847,-1893.579,-1845.411,-1924.076,25,25,25,25,24,25,25,24,24,24,24,25,25,25,25,25,335,3350,-1839.443,-1872.986,471.0143,-642.2656,-0.1329631,0.2454361,0.6529797,0.5215079,0.5177161,-0.9000655,-1.284249E-05,-6.421245E-05,-1.151846,4.334341E-05,0.4808618,3.531685E-05,24,24,24,24,24,24,24,24,24,24,24,24,24,24,24,24
336,3360,-1937.832,-1942.536,-1948.046,-1840.397,-2018.283,-1964.585,-1697.689,-583.5551,257.5184,502.8646,-204.3688,-1358.368,-2073.177,-1807.96,-1780.268,-1868.777,25,25,25,25,24,25,25,24,24,24,24,25,25,25,25,25,336,3360,-1928.869,-1945.62,470.0977,-637.2309,-0.1329631,0.8590374,0.3917811,-1.173396,-1.035354,0.2588653,0.2627766,-0.6735983,0.1279674,-0.3340476,0.9625688,0.6781317,24,24,24,24,24,24,24,24,24,24,24,24,24,24,24,24
337,3370,-1820.493,-1853.796,-1787.826,-1798.3,-1867.826,-1788.571,-1635.46,-554.7159,278.4517,494.3728,-204.3688,-1396.143,-2125.374,-1837.455,-1870.944,-1832.514,25,25,25,25,24,25,25,24,24,24,24,25,25,25,25,25,337,3370,-1956.26,-1954.173,480.8353,-630.2596,0.6549598,1.104477,-0.3918148,-1.173396,-0.2588195,-0.1274449,-1.284249E-05,1.347004,0.3839295,4.334341E-05,-0.6029786,0.2260343,24,24,24,24,24,24,24,24,24,24,24,24,24,24,24,24
338,3380,-1863.172,-1898.499,-1852.8,-1869.84,-1812.402,-1818.318,-1710.823,-573.9002,259.0048,491.5422,-190.721,-1381.792,-2043.54,-1796.496,-1810.096,-1908.775,25,25,25,25,24,25,25,24,24,24,24,25,25,25,25,25,338,3380,-1845.619,-1846.801,478.3474,-640.2001,0.7862799,-0.1227228,-1.04481,-0.9126388,2.568498E-05,0.001325184,0.3941714,0.4040569,-0.2559765,-0.1113203,-0.3621253,-0.5651402,24,24,24,24,24,24,24,24,24,24,24,24,24,24,24,24
339,3390,-1849.827,-1832.476,-1803.946,-1787.106,-1783.663,-1793.261,-1640.561,-538.9171,265.5697,497.9418,-200.9272,-1335.698,-1989.029,-1807.84,-1778.121,-1807.816,25,25,25,25,24,25,25,24,24,24,24,25,25,25,25,25,339,3390,-1968.479,-2035.096,473.3714,-645.6221,-1.446167,-2.454406,0.2611809,0.3911309,-0.6470866,0.2588653,-0.1314108,-2.290079,-0.1279963,-0.1113203,-0.4825518,-1.695389,24,24,24,24,24,24,24,24,24,24,24,24,24,24,24,24
340,3400,-1802.459,-1838.764,-1805.3,-1814.847,-1881.351,-1816.836,-1657.011,-562.4899,277.213,500.7724,-191.0771,-1392.744,-2095.098,-1825.036,-1889.675,-1818.9,25,25,25,25,24,25,25,24,24,24,24,25,25,25,25,25,340,3400,-1812.991,-1805.879,481.4901,-634.3908,-0.7895651,-0.3681621,0.6529797,0,-0.1293961,-0.1274449,0.5255661,0.1346423,-0.1279963,-0.3340476,0.7217151,0.2260343,24,24,24,24,24,24,24,24,24,24,24,24,24,24,24,24
341,3410,-1913.547,-1880.361,-1909.406,-1952.209,-1835.948,-1900.029,-1730.844,-554.2144,275.6028,494.1266,-213.3883,-1401.934,-2009.262,-1835.783,-1850.422,-1909.378,25,25,25,25,24,25,25,24,24,24,24,25,25,25,25,25,341,3410,-1897.986,-1836.275,469.9668,-650.5278,1.180242,1.595358,-0.2612146,-0.2607539,-0.1293961,-1.543916,0.2627766,0.8081763,-0.8958842,1.225044,-1.325539,0.6781317,24,24,24,24,24,24,24,24,24,24,24,24,24,24,24,24
342,3420,-1835.641,-1818.449,-1883.564,-1783.943,-1797.549,-1927.308,-1681.367,-523.3691,261.9775,496.0958,-250.4153,-1370.961,-2035.328,-1928.925,-1837.656,-1777.696,25,25,25,25,24,25,25,24,24,24,24,25,25,25,25,25,342,3420,-1879.993,-1903.777,464.3361,-652.3352,0.9176008,-0.4909331,0.1305825,-1.564527,-0.5176631,-0.513755,1.313941,0.4040569,1.407781,-0.1113203,-0.2416985,-0.2260664,24,24,24,24,24,24,24,24,24,24,24,24,24,24,24,24
343,3430,-1997.584,-2003.216,-1916.666,-1814.968,-2026.977,-1963.597,-1689.273,-562.6154,268.047,504.5876,-199.6218,-1355.849,-2063.774,-1782.883,-1782.177,-1909.498,25,25,25,25,24,25,25,24,24,24,24,25,25,25,25,25,343,3430,-1759.148,-1766.141,469.7049,-649.8824,-1.840129,-0.8590952,-0.7836071,-0.7822618,2.568498E-05,-0.513755,-0.3942003,0.5387633,-1.023864,-0.7795039,-0.3621253,-1.605311E-05,24,24,24,24,24,24,24,24,24,24,24,24,24,24,24,24
344,3440,-1776.971,-1806.357,-1771.213,-1767.396,-1775.331,-1784.127,-1631.89,-527.2562,270.5243,481.5735,-215.6431,-1367.309,-1964.153,-1721.505,-1743.64,-1799.864,25,25,25,25,24,25,25,24,24,24,24,25,25,25,25,25,344,3440,-1769.487,-1750.22,474.55,-660.5974,1.048921,-0.2454938,-0.3918099,-0.2607539,0.2588709,-0.2562149,1.051148,0.8081763,0.8958552,0.5568616,0.2400085,0.2260343,24,24,24,24,24,24,24,24,24,24,24,24,24,24,24,24
345,3450,-1754.128,-1753.757,-1769.367,-1731.139,-1687.061,-1769.439,-1626.024,-522.993,269.0378,487.9731,-202.5887,-1344.514,-1936.302,-1796.496,-1766.667,-1730.108,25,25,25,25,24,25,25,24,24,24,24,25,25,25,25,25,345,3450,-1964.048,-2008.78,467.8717,-659.9518,-0.3956041,-1.718136,-0.9142072,-0.3911309,-0.2588725,-0.2562149,-0.2628055,0.1346423,0.1279674,0.6682253,-1.205112,-0.5651402,24,24,24,24,24,24,24,24,24,24,24,24,24,24,24,24
346,3460,-1820.853,-1878.789,-1929.464,-1795.988,-1854.061,-1936.689,-1690.42,-555.4683,264.2071,498.188,-230.4777,-1386.324,-2115.599,-1895.131,-1908.884,-1753.119,25,25,25,25,24,25,25,24,24,24,24,25,25,25,25,25,346,3460,-1787.479,-1821.538,461.4553,-664.9866,-1.314847,-0.3682135,-1.284249E-05,-0.2607539,0.7765084,-0.3849336,-1.31397,0.5387633,1.023837,4.334341E-05,-0.0008451964,-0.1130396,24,24,24,24,24,24,24,24,24,24,24,24,24,24,24,24
347,3470,-2044.832,-2017.969,-1942.016,-2057.452,-2009.951,-1944.589,-1764.509,-595.0908,276.7175,487.727,-215.7618,-1452.919,-2123.466,-1869.099,-1922.843,-2011.783,25,25,25,25,24,25,25,24,24,24,24,25,25,25,25,25,347,3470,-1861.867,-1815.222,457.1341,-665.7612,-0.6582451,-0.1227742,-0.1306113,0.130377,0.5176631,-0.7712442,0.2627702,-6.421245E-05,0.1279674,1.11368,-0.2416985,-0.2260664,24,24,24,24,24,24,24,24,24,24,24,24,24,24,24,24
348,3480,-1948.532,-1913.856,-1902.146,-1918.142,-1855.993,-1925.333,-1732.119,-541.8011,271.3913,487.604,-241.2773,-1435.295,-2034.852,-1864.8,-1861.399,-1899.137,25,25,25,25,24,25,25,24,24,24,24,25,25,25,25,25,348,3480,-1843.203,-1842.591,450.9796,-660.7264,-0.2642832,0.2453847,0.783583,-0.3911309,-0.3882943,-0.1273935,0.5255629,-1.077718,0.3839295,-0.4454113,-0.2416985,-0.3390899,24,24,24,24,24,24,24,24,24,24,24,24,24,24,24,24
349,3490,-1856.079,-1852.186,-1945.585,-1836.382,-1957.787,-1941.009,-1662.749,-551.3306,265.9412,506.0645,-226.6801,-1355.093,-2052.348,-1834.589,-1795.898,-1819.381,25,25,25,25,24,25,25,24,24,24,24,25,25,25,25,25,349,3490,-1967.405,-1980.226,461.4553,-646.655,0.7862799,1.104425,-0.2612115,-1.955658,-0.2588725,-0.3849336,-0.2628087,1.48171,0.2558995,-0.222684,0.2400085,0.3390578,24,24,24,24,24,24,24,24,24,24,24,24,24,24,24,24
350,3500,-1788.392,-1828.365,-1791.886,-1782.605,-1822.907,-1784.991,-1650.507,-556.8477,268.914,494.9882,-190.7211,-1355.723,-2012.595,-1782.883,-1815.584,-1796.611,25,25,25,25,24,25,25,24,24,24,24,25,25,25,25,25,350,3500,-1869.386,-1877.723,482.2758,-644.9767,1.048921,0.2453847,-0.2612115,0.2607539,1.164777,-0.2561635,0.9197503,0.5387633,-0.7679505,0.5568584,0.2400085,0.1130075,24,24,24,24,24,24,24,24,24,24,24,24,24,24,24,24
351,3510,-1822.777,-1801.52,-1898.7,-1889.551,-1785.353,-1926.691,-1752.904,-555.7191,264.331,499.911,-196.1802,-1389.975,-2031.757,-1918.655,-1907.452,-1770.347,25,25,25,25,24,25,25,24,24,24,24,25,25,25,25,25,351,3510,-1905.505,-1947.067,475.5975,-657.7573,-0.3956041,-2.454457,-0.6530086,0.9126388,-2.729029E-05,0.7739968,-1.926374E-05,-0.8083048,0.6398434,0.6682221,-0.3621253,-1.243288,24,24,24,24,24,24,24,24,24,24,24,24,24,24,24,24
352,3520,-1931.941,-1951.22,-2004.16,-1815.698,-2026.132,-2151.114,-1718.984,-546.5659,259.7479,507.1721,-245.431,-1376.377,-2135.505,-2010.245,-1921.531,-1867.934,25,25,25,25,24,25,25,24,24,24,24,25,25,25,25,25,352,3520,-1977.341,-1981.147,469.7049,-666.5358,-1.708808,0.2453847,0.9141815,-0.2607539,0.2588179,-1.028784,-1.051184,-0.9430113,0.2558995,-0.2226872,0.1195816,1.017257,24,24,24,24,24,24,24,24,24,24,24,24,24,24,24,24
353,3530,-2086.454,-2109.315,-1951.738,-1897.824,-2079.063,-1951.254,-1684.044,-581.2982,265.9412,494.619,-214.1004,-1373.858,-2115.957,-1806.049,-1822.385,-1990.218,25,25,25,25,24,25,25,24,24,24,24,25,25,25,25,25,353,3530,-1960.96,-1906.672,468.1335,-666.0194,0.3923188,0.9817057,-0.2612115,0.3911309,-2.729029E-05,-1.286325,0.1313755,0.2693504,-0.8959323,-0.3340508,-0.2416985,0.3391092,24,24,24,24,24,24,24,24,24,24,24,24,24,24,24,24
354,3540,-1849.789,-1883.746,-1803.7,-1851.104,-1846.333,-1805.234,-1685.065,-571.8941,275.4789,490.9269,-201.9953,-1413.894,-2086.993,-1847.008,-1910.316,-1900.703,25,25,25,25,24,25,25,24,24,24,24,25,25,25,25,25,354,3540,-1872.877,-1887.724,461.0625,-670.796,0.2609988,0.122665,0.783583,0.9126388,-0.6471395,0.001376554,0.5255629,0.9428844,2.047637,4.013279E-05,0.6012886,-0.9041627,24,24,24,24,24,24,24,24,24,24,24,24,24,24,24,24
355,3550,-1901.976,-1859.562,-1945.954,-1872.152,-1833.292,-2013.093,-1728.803,-523.9962,269.5333,492.0345,-240.0905,-1403.067,-2035.685,-1914.476,-1881.443,-1868.777,25,25,25,25,24,25,25,24,24,24,24,25,25,25,25,25,355,3550,-1882.142,-1926.672,463.9432,-676.9926,-0.3956041,-5.458059E-05,-0.2612115,-1.825281,-0.2588725,0.1301466,-0.7883909,-0.2694772,-0.5119883,-0.8908691,0.4808618,0.2260856,24,24,24,24,24,24,24,24,24,24,24,24,24,24,24,24
356,3560,-1872.756,-1860.409,-1917.159,-1781.51,-1898.86,-1900.4,-1648.849,-564.7471,253.183,498.0649,-220.1529,-1362.398,-2165.542,-1902.415,-1901.845,-1836.248,25,25,25,25,24,25,25,24,24,24,24,25,25,25,25,25,356,3560,-2069.318,-2027.07,466.4312,-673.1197,0.7862799,0.122665,-0.9142072,0.2607539,-2.729029E-05,-0.6424737,0.3941681,-0.6735983,-0.8959323,-0.4454145,-0.1212716,0.7912098,24,24,24,24,24,24,24,24,24,24,24,24,24,24,24,24
357,3570,-2038.455,-2020.266,-1919.62,-1982.018,-1933.998,-1873.492,-1714.266,-581.6743,266.0651,481.5735,-212.7949,-1433.029,-2111.905,-1870.771,-1925.826,-2019.614,25,25,25,25,24,25,25,24,24,24,24,25,25,25,25,25,357,3570,-1809.903,-1823.248,469.7049,-680.8655,-0.001642233,-5.458059E-05,1.436579,1.30377,0.1293961,0.3876867,-0.3942067,-0.9430113,-0.1280445,0.4454948,-0.0008451964,3.531685E-05,24,24,24,24,24,24,24,24,24,24,24,24,24,24,24,24
358,3580,-1951.156,-1879.031,-2025.695,-2003.675,-1884.49,-2090.396,-1778.153,-532.2717,275.2311,496.2189,-229.291,-1410.62,-2034.376,-1898.236,-1864.62,-1853.477,25,25,25,25,24,25,25,24,24,24,24,25,25,25,25,25,358,3580,-1950.084,-1943.646,454.3842,-698.6805,-0.3956041,-0.2454457,0.6529829,-0.130377,-2.729029E-05,-0.9000142,-1.313973,0.5387633,0.5118616,-1.224962,-0.0008451964,0.4521327,24,24,24,24,24,24,24,24,24,24,24,24,24,24,24,24
359,3590,-1852.555,-1850.735,-1849.108,-1777.252,-1785.595,-1855.594,-1654.078,-534.6541,254.4217,490.1885,-219.6781,-1353.96,-1997.36,-1853.814,-1803.295,-1801.31,25,25,25,25,24,25,25,24,24,24,24,25,25,25,25,25,359,3590,-1880.799,-1870.486,439.7181,-694.0333,0.6549598,0.7363146,0.3917859,0.7822618,-0.1294491,0.7739968,0.1313755,-0.2694772,-0.2560263,0.4454948,0.6012886,-0.3390386,24,24,24,24,24,24,24,24,24,24,24,24,24,24,24,24
360,3600,-1841.973,-1867.422,-1808.13,-1748.903,-1898.86,-1862.136,-1651.4,-572.6464,252.3159,481.5735,-219.6781,-1397.402,-2130.26,-1820.856,-1894.328,-1842.393,25,25,25,25,24,25,25,24,24,24,24,25,25,25,25,25,360,3600,-1839.443,-1872.855,446.1345,-689.9022,-0.3956041,-0.3681653,-0.6530086,-0.1303738,-0.5177161,-0.6424737,0.1313755,-0.1347707,-0.2560263,-0.2226872,-0.8438323,0.2260856,24,24,24,24,24,24,24,24,24,24,24,24,24,24,24,24
361,3610,-2023.544,-1944.933,-1881.841,-1941.503,-1880.868,-1911.139,-1739.005,-571.5179,263.9594,491.6653,-196.8922,-1389.849,-2031.519,-1825.633,-1833.958,-1979.375,25,25,25,25,24,25,25,24,24,24,24,25,25,25,25,25,361,3610,-1901.746,-1937.33,452.5509,-683.0601,-0.001642233,0.1227132,0.5223843,-0.5215046,0.6471395,0.5164568,0.2627702,0.8081763,-6.260714E-05,0.3341311,-0.9642591,-1.017186,24,24,24,24,24,24,24,24,24,24,24,24,24,24,24,24
362,3620,-1826.341,-1794.386,-1805.053,-1764.841,-1747.558,-1803.506,-1649.105,-541.5504,256.1558,486.2502,-200.2152,-1349.93,-1951.299,-1727.834,-1749.367,-1787.335,25,25,25,25,24,25,25,24,24,24,24,25,25,25,25,25,362,3620,-2081.14,-2036.412,460.5386,-683.8347,0.7862799,-1.472648,-1.175406,-0.7822618,-0.1293961,-0.5137036,-0.2628087,-1.347132,-6.260714E-05,-0.5567782,-1.325539,0.1130589,24,24,24,24,24,24,24,24,24,24,24,24,24,24,24,24
363,3630,-1741.808,-1756.296,-1760.63,-1751.823,-1769.293,-1796.594,-1633.675,-545.0612,251.0773,482.558,-217.3046,-1333.935,-1970.699,-1817.393,-1796.853,-1713.723,25,25,25,25,24,25,25,24,24,24,24,25,25,25,25,25,363,3630,-2022.994,-2082.469,462.2409,-686.1584,1.574203,-1.104486,0.783583,0.6518881,-0.6470866,1.160307,1.051196,-0.1347707,0.1279176,0.5568584,-0.4825522,-1.58231,24,24,24,24,24,24,24,24,24,24,24,24,24,24,24,24
364,3640,-1965.225,-1987.134,-1923.927,-1953.061,-1993.77,-1943.354,-1763.999,-609.1342,261.2343,482.558,-211.6081,-1438.064,-2132.883,-1873.875,-1904.589,-1907.209,25,25,25,25,24,25,25,24,24,24,24,25,25,25,25,25,364,3640,-1905.371,-1890.619,453.0746,-689.2567,-0.9208853,-0.490885,-0.1306113,0.2607571,0.6471395,0.3876867,-1.051132,-0.1347193,-0.7679505,-0.5567782,-0.4825522,-0.3390386,24,24,24,24,24,24,24,24,24,24,24,24,24,24,24,24
365,3650,-1797.723,-1781.931,-1795.947,-1794.893,-1765.067,-1814.738,-1688.89,-557.4745,250.5819,481.6966,-217.1859,-1385.191,-2006.287,-1821.692,-1819.163,-1883.114,25,25,25,25,24,25,25,24,24,24,24,25,25,25,25,25,365,3650,-2041.524,-2037.596,449.1463,-695.1951,-0.6582451,0.4908753,-0.7836071,-0.1303738,-0.1293961,-1.415095,-0.1313626,-0.2694258,-0.5119852,0.2227675,0.8421419,0.7912098,24,24,24,24,24,24,24,24,24,24,24,24,24,24,24,24
366,3660,-1799.646,-1806.236,-1812.437,-1727.854,-1822.907,-1827.452,-1629.977,-552.9606,251.9444,483.9118,-217.7793,-1329.905,-2001.288,-1770.822,-1751.037,-1801.31,25,25,25,25,24,25,25,24,24,24,24,25,25,25,25,25,366,3660,-1864.284,-1871.407,450.8486,-687.7076,1.048921,0.7363146,0.5223843,3.210623E-06,-0.9059318,-0.5137036,-0.2627574,0.1346937,0.1279208,-1.002228,-0.2416985,0.678183,24,24,24,24,24,24,24,24,24,24,24,24,24,24,24,24
367,3670,-1813.114,-1839.611,-1779.827,-1834.192,-1864.204,-1830.784,-1717.709,-593.4607,255.7842,480.0966,-203.3008,-1415.656,-2084.132,-1917.222,-1915.327,-1803.84,25,25,25,25,24,25,25,24,24,24,24,25,25,25,25,25,367,3670,-1977.879,-2005.885,455.5627,-693.646,-0.1329631,-0.1227261,-1.284249E-05,-0.7822618,0.2588709,1.160307,0.1314268,0.9429358,1.023789,4.494872E-05,-0.3621253,-0.4520621,24,24,24,24,24,24,24,24,24,24,24,24,24,24,24,24
368,3680,-1945.505,-1876.25,-1951.738,-1865.947,-1856.476,-2027.041,-1742.448,-543.1804,245.1318,486.1271,-243.4135,-1393.374,-2102.607,-1960.091,-1891.346,-1865.403,25,25,25,25,24,25,25,24,24,24,24,25,25,25,25,25,368,3680,-1879.725,-1879.829,456.7412,-686.4166,-0.001642233,0.1227132,-1.567203,-0.6518849,2.568498E-05,-0.2561635,-0.2627574,-0.1347193,-1.151893,-0.4454097,-0.4825522,0.3391092,24,24,24,24,24,24,24,24,24,24,24,24,24,24,24,24
369,3690,-1894.912,-1912.647,-1833.233,-1739.656,-1859.978,-1869.789,-1651.527,-550.829,253.4308,478.866,-230.003,-1383.428,-2080.795,-1791.719,-1833.958,-1897.812,25,25,25,25,24,25,25,24,24,24,24,25,25,25,25,25,369,3690,-1900.672,-1876.934,456.7412,-697.777,0.6549598,-0.2454457,1.17538,0.912642,2.568498E-05,0.5164568,-0.2627574,-0.6735469,-1.023911,-0.2226824,-0.602979,-0.7911392,24,24,24,24,24,24,24,24,24,24,24,24,24,24,24,24
370,3700,-1950.095,-1929.818,-1854.522,-1944.91,-1889.32,-1869.172,-1735.944,-591.2037,259.0047,479.6044,-221.1023,-1470.921,-2115.599,-1908.266,-1952.671,-1954.436,25,25,25,25,24,25,25,24,24,24,24,25,25,25,25,25,370,3700,-1951.292,-1974.831,456.4792,-701.6486,-1.052206,-0.6136078,0.5223843,0.1303802,0.2588709,-1.028784,-0.3941553,0.1346937,1.023789,-0.668137,0.3604349,-0.3390386,24,24,24,24,24,24,24,24,24,24,24,24,24,24,24,24
371,3710,-1991.092,-1932.599,-1964.412,-1912.789,-1878.09,-2045.309,-1786.059,-574.4018,244.5124,482.435,-255.1625,-1427.364,-2094.86,-2000.453,-1942.768,-1870.464,25,25,25,25,24,25,25,24,24,24,24,25,25,25,25,25,371,3710,-1957.201,-1954.436,455.3007,-697.2607,0.3923188,0.8590342,-0.2612115,0.6518881,-0.7765084,-0.6424737,0.657009,-0.4041323,-0.639967,0.4454996,0.1195816,0.2260856,24,24,24,24,24,24,24,24,24,24,24,24,24,24,24,24
372,3720,-2005.158,-1990.52,-1969.458,-1853.172,-1971.915,-1988.283,-1735.18,-593.21,233.7361,478.7429,-232.4952,-1375.621,-2111.189,-1857.516,-1842.906,-1931.305,25,25,25,25,24,25,25,24,24,24,24,25,25,25,25,25,372,3720,-1964.72,-1959.962,453.7294,-711.7144,0.3923188,-6.421245E-06,0.9141815,-0.1303738,0.3882943,0.9027669,0.1314268,-1.077666,-0.7679489,-0.8908643,-0.1212716,0.678183,24,24,24,24,24,24,24,24,24,24,24,24,24,24,24,24
373,3730,-1886.857,-1938.524,-1859.814,-1911.573,-1916.127,-1827.328,-1715.414,-601.2347,256.032,479.7274,-215.8805,-1429.378,-2077.223,-1819.542,-1872.375,-1949.256,25,25,25,25,24,25,25,24,24,24,24,25,25,25,25,25,373,3730,-2176.576,-2187.41,444.1703,-695.066,-0.3956041,-0.3681653,-0.5224084,-0.6518849,0.2588709,0.3876867,-0.1313626,0.1346937,-0.7679489,0.2227723,1.564702,-0.1129882,24,24,24,24,24,24,24,24,24,24,24,24,24,24,24,24
374,3740,-1832.395,-1804.423,-1892.301,-1876.045,-1813.488,-1909.657,-1746.401,-571.7687,240.4249,471.974,-259.7909,-1448.009,-2092.237,-2081.067,-1954.938,-1842.152,25,25,25,25,24,25,25,24,24,24,24,25,25,25,25,25,374,3740,-2036.019,-2034.307,446.9201,-693.6459,1.442883,-0.2454457,-0.1306113,0.6518881,-0.5176631,-1.415095,-0.5255501,-0.4041323,0.7678269,0.6682269,0.1195816,-0.9041627,24,24,24,24,24,24,24,24,24,24,24,24,24,24,24,24
375,3750,-2134.506,-2110.647,-2029.141,-1881.764,-2040.622,-2067.033,-1742.703,-590.5768,244.3886,478.1275,-254.8064,-1423.713,-2132.048,-1859.546,-1848.036,-2008.892,25,25,25,25,24,25,25,24,24,24,24,25,25,25,25,25,375,3750,-1868.983,-1890.75,447.0511,-693.6459,-0.6582451,-0.9817667,-0.1306162,0.782265,2.568498E-05,-1.157554,-1.051132,-1.077666,-0.639967,-0.668137,-0.4825522,-0.6781124,24,24,24,24,24,24,24,24,24,24,24,24,24,24,24,24
376,3760,-1855.238,-1861.134,-1797.67,-1822.147,-1862.031,-1862.012,-1718.474,-594.3383,248.1045,470.251,-238.7851,-1466.389,-2108.805,-1895.728,-1927.496,-1885.403,25,25,25,25,24,25,25,24,24,24,24,25,25,25,25,25,376,3760,-2068.781,-2127.237,456.7411,-681.2527,-0.5269242,0.4908753,0.7835782,0.1303802,0.7765613,-1.028784,-0.1313626,0.2694018,-6.100183E-05,0.1114086,0.2400085,-0.7911392,24,24,24,24,24,24,24,24,24,24,24,24,24,24,24,24
377,3770,-1928.334,-1899.345,-1943.739,-1900.987,-1879.057,-1999.762,-1793.328,-610.0117,216.271,463.2361,-255.1625,-1435.043,-2155.53,-2002.602,-1924.036,-1901.667,25,25,25,25,24,25,25,24,24,24,24,25,25,25,25,25,377,3770,-2185.447,-2196.759,473.8951,-673.636,-0.7895651,0.2454328,-0.3918148,-0.3911277,-0.2588195,0.001376554,-0.5255501,0.1346937,-0.3840049,-1.447683,-0.0008451964,0.9042333,24,24,24,24,24,24,24,24,24,24,24,24,24,24,24,24
378,3780,-1930.258,-1947.835,-1919.62,-1873.126,-1969.862,-1893.734,-1693.226,-607.1278,231.7542,472.7125,-224.6626,-1399.039,-2115.719,-1840.44,-1865.455,-1935.642,25,25,25,25,24,25,25,24,24,24,24,25,25,25,25,25,378,3780,-1901.88,-1937.067,461.848,-691.1931,-0.2642832,1.104473,0.7835782,-0.5215046,0.2588709,0.001376554,-1.313922,0.6735212,-0.1280412,0.2227723,0.1195816,0.1130589,24,24,24,24,24,24,24,24,24,24,24,24,24,24,24,24
379,3790,-1928.334,-1934.05,-1886.517,-1940.651,-1892.218,-1893.734,-1745.253,-596.4699,246.3704,468.1589,-243.7695,-1467.9,-2104.514,-1825.633,-1899.936,-1912.39,25,25,25,25,24,25,25,24,24,24,24,25,25,25,25,25,379,3790,-1799.564,-1789.958,450.1938,-696.0988,0.1296778,-0.6136078,-0.5224133,-0.3911277,-0.2588195,-1.028784,0.5255629,-1.212374,-1.663817,4.494872E-05,-0.2416985,-0.226015,24,24,24,24,24,24,24,24,24,24,24,24,24,24,24,24
380,3800,-1950.937,-1909.986,-1925.896,-1941.746,-1891.011,-1941.75,-1759.791,-573.3986,248.4761,470.6203,-263.1138,-1480.237,-2111.547,-2010.484,-1976.413,-1891.427,25,25,25,25,24,25,25,24,24,24,24,25,25,25,25,25,380,3800,-1837.966,-1887.987,458.9672,-682.1564,-0.7895651,-1.963527,-1.04481,3.210623E-06,0.1294491,1.031537,0.7883524,-0.1347209,0.2559027,-0.2226824,-1.445966,-1.017186,24,24,24,24,24,24,24,24,24,24,24,24,24,24,24,24
381,3810,-2044.592,-1967.303,-2059.167,-1944.666,-2060.667,-2065.675,-1752.012,-583.8058,241.1681,474.9278,-271.1838,-1438.064,-2174.124,-1980.511,-1939.666,-1944.557,25,25,25,25,24,25,25,24,24,24,24,25,25,25,25,25,381,3810,-1860.658,-1826.011,464.8598,-682.5436,-0.2642832,0.4908753,1.436574,3.210623E-06,0.7765613,-0.5137036,-0.5256014,0.404105,-0.5119883,-0.1113187,0.3604349,0.5651595,24,24,24,24,24,24,24,24,24,24,24,24,24,24,24,24
382,3820,-2018.142,-2072.749,-1967.489,-2040.054,-2005.121,-2056.418,-1861.422,-617.6603,247.2375,473.0818,-250.0594,-1515.108,-2163.635,-1945.284,-1957.204,-2017.084,25,25,25,25,24,25,25,24,24,24,24,25,25,25,25,25,382,3820,-1790.97,-1788.905,467.0859,-688.4821,0.5236397,0.1227132,0.3917811,0.5215111,-1.035354,-0.9000142,-0.2628087,-0.1347209,-0.1280445,-0.1113187,0.3604349,0.7912098,24,24,24,24,24,24,24,24,24,24,24,24,24,24,24,24
383,3830,-1888.901,-1868.752,-1887.256,-1842.222,-1839.088,-1948.662,-1737.857,-569.0101,237.2043,469.5127,-261.3336,-1416.663,-2053.419,-1953.643,-1894.448,-1864.319,25,25,25,25,24,25,25,24,24,24,24,25,25,25,25,25,383,3830,-1844.411,-1826.801,468.3953,-690.6767,0.2609988,-0.3681653,0.3917811,-0.3911277,-0.6470866,-0.3849336,0.2627702,-1.44478E-05,1.023787,-0.334046,-0.602979,3.531685E-05,24,24,24,24,24,24,24,24,24,24,24,24,24,24,24,24
384,3840,-2020.667,-2045.418,-2027.172,-1905.976,-2031.928,-2075.061,-1779.428,-601.1092,236.9566,473.8202,-258.1294,-1452.541,-2168.403,-1913.998,-1901.01,-1942.629,25,25,25,25,24,25,25,24,24,24,24,25,25,25,25,25,384,3840,-2031.319,-2093.661,460.0148,-689.9022,0.1296778,-0.490885,-0.3918148,-1.30377,0.6471395,0.7739968,-0.3942067,-0.1347209,-0.3840065,-0.8908643,-0.4825522,-0.4520621,24,24,24,24,24,24,24,24,24,24,24,24,24,24,24,24
385,3850,-1909.219,-1937.073,-1889.348,-1871.057,-1937.862,-1895.463,-1718.73,-603.7424,240.1771,475.174,-226.5614,-1386.702,-2067.821,-1767.359,-1803.772,-1933.353,25,25,25,25,24,25,25,24,24,24,24,25,25,25,25,25,385,3850,-1906.311,-1917.856,453.2055,-692.7422,0.9176008,-0.7363274,-0.7836119,0.5215111,0.5177161,0.001376554,0.7883524,-0.6735485,0.1279176,0.5568632,-0.602979,3.531685E-05,24,24,24,24,24,24,24,24,24,24,24,24,24,24,24,24
386,3860,-1903.568,-1914.823,-1886.025,-1964.011,-1931.463,-1975.817,-1808.757,-625.5598,240.6726,473.2048,-238.5477,-1481.873,-2117.983,-1967.853,-1966.153,-1899.86,25,25,25,25,24,25,25,24,24,24,24,25,25,25,25,25,386,3860,-1917.053,-1920.619,452.0271,-679.7035,-0.3956041,-0.3681653,-0.5224133,-0.3911277,-0.1293961,-0.3849336,-0.9197888,1.347054,-0.3840065,-0.4454097,-0.4825522,-0.5650889,24,24,24,24,24,24,24,24,24,24,24,24,24,24,24,24
387,3870,-1956.828,-1927.157,-1954.937,-1888.942,-1862.031,-1936.936,-1723.575,-559.606,243.2738,474.0663,-256.7053,-1406.844,-2032.233,-1869.577,-1831.094,-1876.729,25,25,25,25,24,25,25,24,24,24,24,25,25,25,25,25,387,3870,-1842.397,-1876.671,465.3836,-674.6688,-0.1329631,-0.2454457,-0.2612146,-0.3911277,0.9059848,-1.415095,-1.926374E-05,0.6735196,-0.1280445,-0.1113187,0.2400085,-0.6781124,24,24,24,24,24,24,24,24,24,24,24,24,24,24,24,24
388,3880,-1863.052,-1901.038,-1906.822,-1821.904,-1888.475,-1884.971,-1686.085,-583.4296,238.5669,464.8361,-258.4854,-1450.653,-2130.618,-1855.367,-1887.05,-1856.489,25,25,25,25,24,25,25,24,24,24,24,25,25,25,25,25,388,3880,-1938,-1914.567,471.9309,-687.5784,1.048921,0.1227132,-0.9142104,0.5215111,0.2588709,0.6452268,-0.3942067,0.9429326,0.1279176,0.1114086,-0.3621253,-0.4520621,24,24,24,24,24,24,24,24,24,24,24,24,24,24,24,24
389,3890,-1876.878,-1899.587,-1881.718,-1938.34,-1871.691,-1997.788,-1819.214,-609.0087,243.1499,473.2048,-256.8239,-1509.443,-2127.281,-2025.052,-2008.388,-1908.534,25,25,25,25,24,25,25,24,24,24,24,25,25,25,25,25,389,3890,-1877.845,-1894.566,470.0976,-681.3818,0.6549598,0.1227132,0.2611809,-1.564524,0.1294491,1.289077,0.6569576,0.6735196,0.1279176,-1.002228,-0.3621253,-1.243237,24,24,24,24,24,24,24,24,24,24,24,24,24,24,24,24
390,3900,-2035.214,-1993.18,-2079.111,-1946.248,-1960.322,-2007.168,-1769.864,-596.9714,227.6667,464.713,-264.5379,-1428.371,-2105.587,-1859.665,-1846.604,-1951.304,25,25,25,25,24,25,25,24,24,24,24,25,25,25,25,25,390,3900,-1990.232,-1966.542,466.3002,-696.8734,0.2609988,0.6135982,0.9141783,3.210623E-06,2.568498E-05,-0.6424737,-0.5256014,-0.4041355,0.2558995,4.494872E-05,-0.0008451964,1.130284,24,24,24,24,24,24,24,24,24,24,24,24,24,24,24,24
391,3910,-1902.125,-1948.076,-1914.697,-1943.936,-1997.755,-1939.651,-1794.985,-650.1357,233.86,470.8665,-245.6683,-1512.716,-2199.155,-1971.555,-2039.767,-1899.137,25,25,25,25,24,25,25,24,24,24,24,25,25,25,25,25,391,3910,-1850.05,-1852.328,446.6582,-694.937,-0.001642233,-0.3681621,1.305975,0.2607571,-0.7765084,-0.2561635,-1.926374E-05,-0.6735485,-0.2560263,4.494872E-05,-0.8438323,-0.5650889,24,24,24,24,24,24,24,24,24,24,24,24,24,24,24,24
392,3920,-2068.517,-2013.011,-2084.042,-1973.623,-1996.789,-2222.962,-1828.65,-585.3104,228.286,477.3892,-290.5281,-1470.669,-2244.806,-2065.055,-1978.68,-1985.037,25,25,25,25,24,25,25,24,24,24,24,25,25,25,25,25,392,3920,-1823.062,-1863.907,451.6342,-677.638,-0.7895651,-0.6136046,0.1305825,-0.3911823,0.2588709,0.3876867,-0.3942067,-0.1347209,-0.3840065,-1.224955,-0.3621253,-1.017186,24,24,24,24,24,24,24,24,24,24,24,24,24,24,24,24
393,3930,-2057.697,-2060.533,-1978.687,-1904.638,-2027.581,-1927.802,-1720.387,-624.9328,233.7361,473.2048,-249.7033,-1447.254,-2232.887,-1908.744,-1918.071,-2030.337,25,25,25,25,24,25,25,24,24,24,24,25,25,25,25,25,393,3930,-1919.335,-1891.276,463.4194,-677.7671,0.1296778,-0.4908817,-1.567208,0.3910795,2.729029E-05,-0.6424737,0.5255629,-0.1347209,-0.8959323,0.7795922,0.6012886,0.5651595,24,24,24,24,24,24,24,24,24,24,24,24,24,24,24,24
394,3940,-1974.38,-1967.182,-1882.949,-1922.401,-1923.372,-1876.331,-1752.649,-621.6728,237.0805,469.7589,-225.8493,-1483.132,-2132.048,-1908.147,-2010.416,-1999.253,25,25,25,25,24,25,25,24,24,24,24,25,25,25,25,25,394,3940,-1835.818,-1845.749,467.0859,-671.9578,0.5236397,1.349919,1.305975,0.6518335,0.1294507,0.5164568,1.313934,-0.538842,0.3838813,0.5568632,-0.2416985,1.130284,24,24,24,24,24,24,24,24,24,24,24,24,24,24,24,24
395,3950,-2010.568,-2028.972,-2113.009,-2042.974,-1941.606,-2168.427,-1876.214,-589.1974,242.4067,479.8506,-265.4873,-1472.18,-2128.711,-2133.364,-2028.194,-1972.749,25,25,25,25,24,25,25,24,24,24,24,25,25,25,25,25,395,3950,-1978.013,-1959.962,470.2286,-683.1891,-0.7895651,-0.2454425,-0.3918148,-0.3911823,0.2588725,0.1301466,-1.051184,0.404105,-0.6399702,-0.2226824,0.6012886,-0.1129882,24,24,24,24,24,24,24,24,24,24,24,24,24,24,24,24
396,3960,-2270.102,-2177.137,-2157.015,-2009.88,-2164.56,-2072.588,-1746.401,-612.1433,237.4521,482.6812,-271.1837,-1442.47,-2266.142,-2004.513,-1976.175,-2002.386,25,25,25,25,24,25,25,24,24,24,24,25,25,25,25,25,396,3960,-1938,-1879.434,468.6572,-669.634,0.7862799,-0.6136046,-0.7836119,0.5214565,0.2588725,-0.1273935,1.18254,-1.07767,-1.407856,0.1114086,0.2400085,0.5651595,24,24,24,24,24,24,24,24,24,24,24,24,24,24,24,24
397,3970,-2097.054,-2019.541,-1907.068,-1901.961,-1954.888,-1905.831,-1740.918,-609.6356,245.2556,476.5277,-224.5438,-1423.713,-2128.711,-1852.142,-1863.904,-2084.08,25,25,25,25,24,25,25,24,24,24,24,25,25,25,25,25,397,3970,-1894.227,-1930.62,468.6572,-675.3143,-0.9208853,-0.2454425,0.5223796,1.303718,0.3882959,-0.5137036,-0.7883909,0.134692,-0.7678991,-0.8908643,-1.445966,0.2260856,24,24,24,24,24,24,24,24,24,24,24,24,24,24,24,24
398,3980,-1816.645,-1848.075,-1819.82,-1833.583,-1836.431,-1836.215,-1686.595,-553.7128,261.9775,480.8352,-238.9037,-1411.25,-2008.072,-1754.94,-1780.746,-1856.85,25,25,25,25,24,25,25,24,24,24,24,25,25,25,25,25,398,3980,-1877.979,-1864.434,458.1815,-680.0908,-0.7895651,-0.1227228,0.3917811,0.3910795,0.9059848,-0.5137036,0.1313755,1.212347,0.127969,4.494872E-05,0.2400085,-0.3390386,24,24,24,24,24,24,24,24,24,24,24,24,24,24,24,24
399,3990,-1763.025,-1756.296,-1780.811,-1797.205,-1767.361,-1839.424,-1709.293,-562.8661,250.9534,478.866,-230.5963,-1427.741,-2012.952,-1919.969,-1880.369,-1763.239,25,25,25,25,24,25,25,24,24,24,24,25,25,25,25,25,399,3990,-1952.232,-1951.541,464.2051,-667.1812,0.3923188,-0.1227228,-0.3918148,0.5214565,-0.5176616,-0.7712442,0.1313755,0.134692,-1.123718E-05,-0.5567734,-0.3621253,0.1130589,24,24,24,24,24,24,24,24,24,24,24,24,24,24,24,24
400,4000,-1872.79,-1855.693,-1912.359,-1834.922,-1840.899,-1915.335,-1698.964,-552.9605,257.0229,482.8043,-240.0905,-1394.884,-2005.692,-1804.497,-1789.216,-1813.237,25,25,25,25,24,25,25,24,24,24,24,25,25,25,25,25,400,4000,-1972.508,-1999.569,477.0378,-670.2795,0.7862799,-3.210623E-06,-0.7836119,-1.173447,0.2588725,1.289077,0.5255629,-1.44478E-05,-0.2559749,-1.781774,-1.566392,-0.6781638,24,24,24,24,24,24,24,24,24,24,24,24,24,24,24,24
401,4010,-1810.634,-1812.524,-1779.334,-1725.299,-1752.388,-1787.336,-1645.151,-542.8041,254.9172,474.5586,-255.5184,-1404.452,-2022.95,-1827.066,-1797.807,-1770.347,25,25,25,25,24,25,25,24,24,24,24,25,25,25,25,25,401,4010,-2003.256,-1986.016,469.5739,-683.8347,-0.3956041,-0.3681621,-1.306009,-0.5215592,1.423675,0.6452268,0.5255629,-0.269429,-1.151843,-0.2226824,0.4808618,-0.3390899,24,24,24,24,24,24,24,24,24,24,24,24,24,24,24,24
402,4020,-1835.4,-1852.186,-1815.39,-1769.83,-1838.363,-1825.6,-1655.863,-563.1169,250.3341,473.9432,-251.6021,-1427.993,-2115.361,-1838.291,-1922.247,-1819.623,25,25,25,25,24,25,25,24,24,24,24,25,25,25,25,25,402,4020,-1998.288,-2072.729,469.7049,-672.4742,0.1296778,-1.104483,0.5223796,-0.6519362,-0.1293945,0.3876867,-0.131414,-1.88591,-0.2559749,0.1114086,0.2400085,-0.3390899,24,24,24,24,24,24,24,24,24,24,24,24,24,24,24,24
403,4030,-2107.411,-2004.305,-2009.944,-2088.128,-1955.009,-2049.999,-1865.886,-606.7516,262.1014,490.5577,-236.0555,-1514.478,-2168.76,-2025.291,-2013.638,-2051.42,25,25,25,25,24,25,25,24,24,24,24,25,25,25,25,25,403,4030,-1900,-1924.172,459.8839,-683.1891,-0.6582451,-0.3681621,0.3917811,0.7822104,-0.1293945,-0.3849336,-0.7883909,0.9429326,0.6398948,0.5568632,-0.6029786,-1.605311E-05,24,24,24,24,24,24,24,24,24,24,24,24,24,24,24,24
404,4040,-2002.994,-1988.827,-2003.052,-1892.227,-1900.792,-1962.239,-1732.119,-566.0008,246.3704,476.7739,-257.1799,-1419.181,-2072.462,-1881.16,-1859.49,-1926.365,25,25,25,25,24,25,25,24,24,24,24,25,25,25,25,25,404,4040,-1793.119,-1785.089,448.0987,-687.4493,0.3923188,1.2272,0.3917811,0.6518335,0.2588725,-1.028784,0.3941681,1.347054,0.5119129,0.4454996,-0.0008451964,-1.605311E-05,24,24,24,24,24,24,24,24,24,24,24,24,24,24,24,24
405,4050,-1913.787,-1954.485,-1868.797,-1851.955,-1947.402,-1897.067,-1722.045,-601.8615,252.6876,489.5732,-208.7599,-1389.345,-2089.138,-1818.349,-1850.542,-1904.8,25,25,25,25,24,25,25,24,24,24,24,25,25,25,25,25,405,4050,-1797.416,-1790.747,462.7647,-685.7711,-0.5269756,-0.8590438,-0.2612146,-1.434201,-0.7765068,0.5164568,0.2627702,-0.538842,-0.7678991,-0.7795007,-0.4825518,-0.7911906,24,24,24,24,24,24,24,24,24,24,24,24,24,24,24,24
406,4060,-1858.363,-1833.927,-1834.956,-1867.529,-1842.831,-1903.98,-1755.583,-598.6015,241.4158,480.589,-222.289,-1420.188,-2072.224,-1908.863,-1893.97,-1884.198,25,25,25,25,24,25,25,24,24,24,24,25,25,25,25,25,406,4060,-1896.912,-1891.934,474.8117,-671.9578,0.2609474,0.8590374,0.5223796,-1.173447,-0.2588179,1.031537,-0.131414,0.404105,0.3839327,-0.668137,-0.4825518,-1.605311E-05,24,24,24,24,24,24,24,24,24,24,24,24,24,24,24,24
407,4070,-1900.202,-1887.979,-1912.729,-1824.094,-1897.773,-1958.536,-1724.213,-578.2888,243.026,471.728,-260.5028,-1448.513,-2156.96,-1873.517,-1888.959,-1845.405,25,25,25,25,24,25,25,24,24,24,24,25,25,25,25,25,407,4070,-1940.148,-1905.75,466.955,-693.3878,-0.1330145,-0.2454425,-0.2612146,0.3910795,0.7765629,-0.1273935,0.2627702,0.2693985,-0.3839552,-0.1113187,0.8421419,0.7911584,24,24,24,24,24,24,24,24,24,24,24,24,24,24,24,24
408,4080,-1926.17,-1905.875,-1844.186,-1919.116,-1887.147,-1871.393,-1742.83,-596.3445,260.615,482.4351,-235.8181,-1485.272,-2138.723,-1922.476,-1959.471,-1949.737,25,25,25,25,24,25,25,24,24,24,24,25,25,25,25,25,408,4080,-1951.158,-1940.883,453.0746,-685.5129,0.3922675,-1.472645,-0.3918148,-5.136996E-05,-1.035352,0.001376554,-0.3942067,0.134692,-1.123718E-05,0.6682269,-0.3621253,-0.6781638,24,24,24,24,24,24,24,24,24,24,24,24,24,24,24,24
409,4090,-1983.518,-1959.806,-2026.187,-1969.486,-1949.696,-2049.135,-1791.67,-596.8461,237.8237,476.7739,-254.6877,-1423.839,-2091.284,-1859.665,-1839.327,-1920.221,25,25,25,25,24,25,25,24,24,24,24,25,25,25,25,25,409,4090,-1940.282,-1974.568,458.9673,-675.8306,0.7862285,-0.2454425,-1.605311E-05,-1.04307,0.5177161,-1.415095,-0.7883909,0.134692,0.3839327,-1.224955,-0.0008451964,-1.605311E-05,24,24,24,24,24,24,24,24,24,24,24,24,24,24,24,24
410,4100,-1805.584,-1822.802,-1814.529,-1795.501,-1851.283,-1826.217,-1682.897,-581.4235,255.4127,479.7275,-235.5808,-1448.513,-2117.268,-1843.425,-1897.43,-1829.02,25,25,25,25,24,25,25,24,24,24,24,25,25,25,25,25,410,4100,-2002.987,-1987.068,467.3478,-676.9925,0.3922675,0.3681589,-1.175409,0.2607026,2.568498E-05,-0.9000142,0.5255629,0.8082261,-0.511937,0.3341359,-0.6029786,-1.605311E-05,24,24,24,24,24,24,24,24,24,24,24,24,24,24,24,24
411,4110,-1916.432,-1881.207,-1905.222,-1922.522,-1833.412,-1909.904,-1735.944,-559.8569,258.0138,489.9423,-217.6606,-1390.856,-2013.309,-1831.365,-1825.129,-1890.583,25,25,25,25,24,25,25,24,24,24,24,25,25,25,25,25,411,4110,-1926.989,-1980.489,466.824,-673.3778,0.6549084,-0.1227228,0.7835782,-0.5215592,-0.5176631,0.5164568,-0.131414,0.2693985,0.5119129,0.3341359,1.082996,-0.4521135,24,24,24,24,24,24,24,24,24,24,24,24,24,24,24,24
412,4120,-1836.482,-1827.397,-1875.442,-1814.238,-1939.311,-1967.547,-1717.199,-595.3414,240.301,483.2965,-234.1566,-1401.556,-2150.166,-1907.192,-1920.099,-1799.864,25,25,25,25,24,25,25,24,24,24,24,25,25,25,25,25,412,4120,-1871.131,-1858.249,472.7167,-678.5417,-0.3956555,1.104477,0.1305825,-0.2608053,-0.1293961,-0.3849336,-0.2628087,-0.1347193,0.6398948,0.1114086,-0.0008451964,0.4520814,24,24,24,24,24,24,24,24,24,24,24,24,24,24,24,24
413,4130,-1968.249,-1947.835,-1847.016,-1909.747,-1919.388,-1902.622,-1743.596,-600.1062,242.4067,472.4663,-214.575,-1399.165,-2046.873,-1824.08,-1847.32,-1957.809,25,25,25,25,24,25,25,24,24,24,24,25,25,25,25,25,413,4130,-1888.856,-1872.723,465.2527,-681.5109,0.2609474,-1.349922,0.5223796,-0.3911823,-0.5176631,1.675388,0.3941681,0.1346937,0.1279674,-0.1113187,-2.168526,-0.2260664,24,24,24,24,24,24,24,24,24,24,24,24,24,24,24,24
414,4140,-1811.115,-1810.589,-1834.218,-1862.662,-1847.419,-1985.445,-1777.643,-572.0194,248.8478,489.5731,-252.0768,-1417.167,-2101.296,-2027.202,-1923.559,-1776.491,25,25,25,25,24,25,25,24,24,24,24,25,25,25,25,25,414,4140,-1892.615,-1924.962,457.265,-686.2875,-0.2643346,-0.3681621,0.3917811,0.1303256,-0.2588195,-0.1273935,-0.6569961,0.1346937,0.6398916,4.334341E-05,-0.6029786,-0.9042141,24,24,24,24,24,24,24,24,24,24,24,24,24,24,24,24
415,4150,-1948.652,-1988.706,-1947.307,-1844.047,-1957.666,-1921.136,-1708.273,-593.7114,251.6967,495.4805,-209.828,-1407.221,-2178.892,-1872.801,-1897.788,-1907.209,25,25,25,25,24,25,25,24,24,24,24,25,25,25,25,25,415,4150,-1904.7,-1892.461,455.9555,-686.5457,-0.3956555,0.6135982,-1.605311E-05,0.9125874,-0.1293961,-1.543865,-0.5256014,-0.9429599,-1.663772,-0.4454113,-0.0008451964,0.6781317,24,24,24,24,24,24,24,24,24,24,24,24,24,24,24,24
416,4160,-1993.496,-1955.332,-1883.318,-1941.989,-1901.637,-1918.421,-1766.804,-594.3384,258.3854,485.1425,-222.5263,-1436.176,-2072.105,-1833.633,-1853.167,-1999.976,25,25,25,25,24,25,25,24,24,24,24,25,25,25,25,25,416,4160,-1799.027,-1786.668,453.0746,-683.1891,0.9175494,0.7363178,0.2611809,-0.3911823,0.5177161,-0.3849336,1.051145,0.4041082,0.1279674,-0.222684,-0.3621253,-0.4521135,24,24,24,24,24,24,24,24,24,24,24,24,24,24,24,24
417,4170,-1811.355,-1843.48,-1873.842,-1838.815,-1849.472,-1921.26,-1719.877,-560.4838,253.0592,489.0808,-245.3123,-1371.591,-2056.038,-1924.268,-1856.865,-1783.118,25,25,25,25,24,25,25,24,24,24,24,25,25,25,25,25,417,4170,-1902.954,-1951.278,462.2409,-674.6688,-0.2643346,-0.1227228,-0.6530133,-1.173447,-0.1293961,0.7739968,-0.3942067,-0.4041323,-1.151846,-0.8908675,-0.3621253,-1.605311E-05,24,24,24,24,24,24,24,24,24,24,24,24,24,24,24,24
418,4180,-1987.726,-2012.295,-1919.62,-1907.071,-2009.951,-1920.643,-1721.535,-599.73,256.4036,485.0195,-225.7306,-1441.211,-2138.246,-1817.751,-1898.504,-1956.846,25,25,25,25,24,25,25,24,24,24,24,25,25,25,25,25,418,4180,-1987.412,-1964.305,458.3125,-687.062,0.3922675,-1.104483,-0.3918148,0.3910795,0.6471395,0.001376554,0.2627702,-0.4041323,-1.44478E-05,-0.4454113,-0.4825518,-0.4521135,24,24,24,24,24,24,24,24,24,24,24,24,24,24,24,24
419,4190,-1944.204,-1930.325,-1955.429,-1972.163,-1913.591,-2048.765,-1806.59,-577.035,252.1921,484.6503,-257.892,-1444.107,-2090.449,-2008.454,-1946.824,-1957.448,25,25,25,25,24,25,25,24,24,24,24,25,25,25,25,25,419,4190,-1937.06,-1913.514,455.0389,-679.3162,-1.052258,-1.349922,0.2611809,0.6518335,-0.3882414,-0.9000142,-1.445371,0.4041082,-1.44478E-05,-0.4454113,-0.9642587,-0.9042141,24,24,24,24,24,24,24,24,24,24,24,24,24,24,24,24
420,4200,-1977.025,-2003.349,-1974.626,-1816.672,-1927.961,-2013.834,-1735.18,-573.0225,245.875,480.7121,-252.9076,-1411.627,-2174.243,-1918.058,-1934.893,-1923.232,25,25,25,25,24,25,25,24,24,24,24,25,25,25,25,25,420,4200,-1806.412,-1770.22,467.4788,-676.4761,0.6549084,0.2454361,0.6529797,0.6518335,0.9059848,-0.3849336,0.5255629,0.4041082,0.5119113,0.2227707,0.1195816,0.3390578,24,24,24,24,24,24,24,24,24,24,24,24,24,24,24,24
421,4210,-2121.259,-2092.247,-1966.381,-2107.255,-2002.223,-1986.926,-1820.616,-610.5133,261.7298,487.8501,-230.2403,-1474.823,-2130.499,-1894.773,-1934.297,-2067.444,25,25,25,25,24,25,25,24,24,24,24,25,25,25,25,25,421,4210,-1811.514,-1775.615,456.0865,-696.8734,0.6549598,0.7363178,0.9141783,-0.7823132,-0.7765084,0.5164568,1.313934,-0.2694258,0.1279674,-1.447686,-0.3621253,-0.2260664,24,24,24,24,24,24,24,24,24,24,24,24,24,24,24,24
422,4220,-1927.252,-1903.728,-1973.642,-1912.302,-1907.433,-2016.549,-1745.126,-545.5627,259.3764,479.1121,-264.5378,-1444.736,-2054.609,-1856.561,-1844.457,-1872.994,25,25,25,25,24,25,25,24,24,24,24,25,25,25,25,25,422,4220,-1948.607,-1911.935,445.3489,-692.2259,-0.3956041,0.1227164,-0.3918148,-1.04307,0.3882943,0.3876867,-1.926374E-05,0.2694018,-0.8958842,-0.8908675,-0.9642587,-0.6781638,24,24,24,24,24,24,24,24,24,24,24,24,24,24,24,24
423,4230,-1840.811,-1818.01,-1818.713,-1758.515,-1770.863,-1834.241,-1671.548,-553.8383,241.2919,465.3283,-249.4659,-1395.388,-1997.598,-1820.498,-1807.829,-1809.382,25,25,25,25,24,25,25,24,24,24,24,25,25,25,25,25,423,4230,-1923.632,-1955.883,457.265,-679.3162,-0.5269242,-0.8590438,-1.04481,0.5214565,0.6471395,-0.2561635,-0.3942067,-0.1347193,-0.2559765,4.334341E-05,-0.3621253,0.1130075,24,24,24,24,24,24,24,24,24,24,24,24,24,24,24,24
424,4240,-1815.443,-1815.834,-1802.962,-1772.872,-1817.715,-1830.414,-1673.078,-581.2982,246.3705,483.6657,-215.5244,-1377.636,-2017.713,-1783.122,-1781.104,-1813.478,25,25,25,25,24,25,25,24,24,24,24,25,25,25,25,25,424,4240,-1921.752,-1902.592,460.4077,-689.9022,-0.7895651,-1.104483,0.3917811,0.3911309,-0.3882414,-0.5137036,-1.926374E-05,0.9429358,0.8958552,1.11368,-0.1212716,-1.356315,24,24,24,24,24,24,24,24,24,24,24,24,24,24,24,24
425,4250,-1812.197,-1848.477,-1805.669,-1805.843,-1843.797,-1840.165,-1733.139,-592.0815,259.9957,492.2806,-218.61,-1423.209,-2058.656,-1856.441,-1881.801,-1804.081,25,25,25,25,24,25,25,24,24,24,24,25,25,25,25,25,425,4250,-1893.689,-1966.936,454.6461,-696.3569,0.2609988,0.1227164,0.3917811,0,-0.1293961,-0.5137036,-0.131414,0.4041082,0.6398916,-0.5567766,-0.3621253,0.4520814,24,24,24,24,24,24,24,24,24,24,24,24,24,24,24,24
426,4260,-1887.939,-1864.435,-1950.015,-1906.463,-1889.683,-1996.307,-1771.14,-579.4174,239.3101,474.5585,-262.7577,-1434.161,-2120.01,-1922.357,-1892.061,-1858.416,25,25,25,25,24,25,25,24,24,24,24,25,25,25,25,25,426,4260,-1919.067,-1912.856,454.5151,-699.8419,0.1296778,-0.4908817,-0.3918148,-0.2607539,2.568498E-05,0.3876867,0.6569576,0.1346937,-1.407808,0.2227707,-0.1212716,0.2260343,24,24,24,24,24,24,24,24,24,24,24,24,24,24,24,24
427,4270,-1911.022,-1964.057,-1866.459,-1839.302,-1929.41,-1874.603,-1693.991,-605.7487,258.5093,488.0963,-217.1859,-1432.903,-2144.087,-1855.247,-1905.424,-1944.557,25,25,25,25,24,25,25,24,24,24,24,25,25,25,25,25,427,4270,-1891.004,-1871.671,456.4793,-684.7383,-0.2642832,0.1227164,0.6529797,-0.5215079,0.7765613,0.001376554,-0.131414,0.1346937,-0.8958842,4.334341E-05,-0.6029786,-0.4521135,24,24,24,24,24,24,24,24,24,24,24,24,24,24,24,24
428,4280,-1913.787,-1908.322,-1906.083,-1952.94,-1867.585,-1970.633,-1805.952,-602.3632,243.7692,485.881,-227.6295,-1449.268,-2112.024,-1962.122,-1927.616,-1924.317,25,25,25,25,24,25,25,24,24,24,24,25,25,25,25,25,428,4280,-1962.437,-2042.333,452.0271,-693.775,0.9176008,-0.2454425,1.044777,-0.5215079,0.1294491,0.2589166,-0.2628087,-6.421245E-05,-1.44478E-05,0.7795889,0.4808618,-0.2260664,24,24,24,24,24,24,24,24,24,24,24,24,24,24,24,24
429,4290,-1959.112,-1939.393,-1981.025,-1873.612,-2009.106,-2017.167,-1731.609,-590.8276,238.8146,482.4351,-242.3454,-1410.117,-2216.915,-1935.97,-1942.41,-1869.982,25,25,25,25,24,25,25,24,24,24,24,25,25,25,25,25,429,4290,-1966.734,-1954.962,448.0988,-692.355,-0.3956041,-0.7363242,0.3917811,0.5215079,-0.7765084,0.1301466,-1.051184,0.1346423,-0.511937,0.8909526,-0.9642587,-1.017238,24,24,24,24,24,24,24,24,24,24,24,24,24,24,24,24
430,4300,-2047.838,-2028.375,-1941.77,-2024.358,-1952.715,-1909.287,-1795.495,-626.6884,244.7601,471.7279,-228.1042,-1480.111,-2160.536,-1941.344,-1956.608,-2076.118,25,25,25,25,24,25,25,24,24,24,24,25,25,25,25,25,430,4300,-1802.652,-1807.59,456.2174,-676.7343,-0.5269242,-3.210623E-06,-0.2612146,-0.9126388,0.6471395,-0.3849336,-0.5256014,-6.421245E-05,-1.123718E-05,0.7795922,0.7217151,-0.4521135,24,24,24,24,24,24,24,24,24,24,24,24,24,24,24,24
431,4310,-1924.006,-1910.377,-1950.384,-1886.387,-1825.805,-1891.266,-1703.172,-543.3058,265.198,488.0963,-244.3629,-1422.202,-2043.302,-1847.246,-1830.498,-1876.728,25,25,25,25,24,25,25,24,24,24,24,25,25,25,25,25,431,4310,-1877.174,-1885.487,464.3361,-693.3878,-0.6582451,0.3681589,0.1305825,0.3911309,-0.1293961,-0.3849336,-0.131414,-0.2694772,0.3839327,-0.668137,0.3604349,0.6781317,24,24,24,24,24,24,24,24,24,24,24,24,24,24,24,24
432,4320,-1837.204,-1852.587,-1917.774,-1821.904,-1891.494,-1906.572,-1705.34,-579.0412,252.6876,489.5731,-222.1704,-1390.227,-2055.085,-1811.423,-1814.868,-1803.238,25,25,25,25,24,25,25,24,24,24,24,25,25,25,25,25,432,4320,-1863.344,-1812.721,454.5151,-692.7422,0.1296778,-3.210623E-06,0.5223796,-0.7822618,0.1294491,-0.2561635,-0.3942067,0.9428844,-0.2559749,0.1114086,-0.0008451964,-0.3390386,24,24,24,24,24,24,24,24,24,24,24,24,24,24,24,24
433,4330,-1842.013,-1860.204,-1846.647,-1888.334,-1893.426,-1927.802,-1762.086,-588.8214,259.0047,480.2198,-240.4466,-1469.914,-2128.949,-1957.942,-1971.163,-1854.079,25,25,25,25,24,25,25,24,24,24,24,25,25,25,25,25,433,4330,-1768.815,-1752.851,457.0031,-683.3182,-0.5269242,0.3681589,-0.6530133,-0.3911309,0.1294491,0.3876867,1.051145,0.1346423,-0.6399189,0.2227723,-0.3621253,0.4521327,24,24,24,24,24,24,24,24,24,24,24,24,24,24,24,24
434,4340,-1907.174,-1906.359,-1976.226,-1908.044,-1916.248,-1991.863,-1758.898,-588.5706,239.5578,485.0195,-220.0342,-1387.079,-2059.37,-1811.423,-1802.341,-1930.823,25,25,25,25,24,25,25,24,24,24,24,25,25,25,25,25,434,4340,-1923.095,-1891.671,455.3008,-699.9709,0.5236397,-0.3681621,0.1305825,0,-0.3882414,1.289077,1.18254,0.4040569,-1.123718E-05,0.3341359,-0.8438319,-1.58231,24,24,24,24,24,24,24,24,24,24,24,24,24,24,24,24
435,4350,-1783.944,-1826.188,-1805.915,-1774.331,-1801.655,-1792.644,-1675.883,-594.5892,240.9203,482.1889,-196.2989,-1363.531,-2080.556,-1826.23,-1883.471,-1824.321,25,25,25,25,24,25,25,24,24,24,24,25,25,25,25,25,435,4350,-2050.923,-2029.438,447.313,-695.9697,-2.10277,-0.7363242,0.5223796,-0.9126388,0.3882943,-0.7712442,-1.051184,0.1346423,0.2559508,-0.668137,-0.3621253,0.1130589,24,24,24,24,24,24,24,24,24,24,24,24,24,24,24,24
436,4360,-1959.593,-1942.998,-1940.417,-1969.365,-1873.14,-1937.553,-1781.724,-602.2378,241.5396,470.9895,-243.7695,-1459.088,-2083.298,-1916.148,-1911.27,-1950.581,25,25,25,25,24,25,25,24,24,24,24,25,25,25,25,25,436,4360,-1916.381,-1900.75,460.9315,-683.5764,-0.1329631,-0.3681621,-0.2612146,0.2607539,-0.9059318,-0.7712442,-0.5256014,-0.1347707,1.279801,1.781865,-0.3621253,0.2260856,24,24,24,24,24,24,24,24,24,24,24,24,24,24,24,24
437,4370,-1961.276,-1920.628,-1954.199,-1856.822,-1921.923,-1940.145,-1711.589,-590.5768,228.286,473.3278,-266.0807,-1400.675,-2089.258,-1918.058,-1859.729,-1874.078,25,25,25,25,24,25,25,24,24,24,24,25,25,25,25,25,437,4370,-1921.081,-1950.489,464.9908,-681.8981,1.311562,-3.210623E-06,-0.2612146,-0.2607539,0.5177161,0.001376554,0.5255629,-0.4041837,0.3839327,-0.2226824,-0.7234055,-0.226015,24,24,24,24,24,24,24,24,24,24,24,24,24,24,24,24
438,4380,-2014.295,-1995.719,-1940.663,-1907.679,-2041.709,-1897.438,-1690.293,-590.8276,250.5819,486.9886,-222.6451,-1386.198,-2084.847,-1833.156,-1862.234,-1999.374,25,25,25,25,24,25,25,24,24,24,24,25,25,25,25,25,438,4380,-1952.501,-1932.593,458.5744,-687.4492,-0.001642233,-3.210623E-06,-1.306009,-0.6518849,0.6471395,1.160307,0.7883524,0.8081763,-1.151843,0.1114086,0.6012886,0.4521327,24,24,24,24,24,24,24,24,24,24,24,24,24,24,24,24
439,4390,-1864.615,-1880.845,-1853.415,-1867.894,-1863.962,-1889.044,-1720.515,-576.408,252.9353,476.8969,-219.9155,-1391.989,-2008.667,-1755.537,-1764.997,-1895.161,25,25,25,25,24,25,25,24,24,24,24,25,25,25,25,25,439,4390,-1955.186,-1930.093,458.3125,-682.6727,-0.1329631,-0.7363242,0.1305825,0.3911309,-0.3882414,-0.2561635,-1.926374E-05,-1.347132,-0.511937,0.7795922,-0.2416985,0.1130589,24,24,24,24,24,24,24,24,24,24,24,24,24,24,24,24
440,4400,-1753.767,-1751.943,-1744.017,-1716.904,-1745.988,-1787.953,-1652.675,-555.9698,237.5759,463.9745,-248.8726,-1377.007,-1994.266,-1812.855,-1772.036,-1761.552,25,25,25,25,24,25,25,24,24,24,24,25,25,25,25,25,440,4400,-1854.079,-1881.934,461.8481,-680.6072,-0.9208853,-1.104483,0.1305825,0.2607026,-0.2588195,-0.7712442,-0.9197888,-0.1347707,-1.123718E-05,-0.668137,-0.8438319,-0.3390386,24,24,24,24,24,24,24,24,24,24,24,24,24,24,24,24
441,4410,-1892.387,-1921.957,-1863.629,-1807.547,-1934.602,-1889.538,-1698.199,-613.8988,231.3826,470.3741,-230.003,-1417.419,-2161.728,-1869.816,-1894.567,-1812.635,25,25,25,25,24,25,25,24,24,24,24,25,25,25,25,25,441,4410,-1973.179,-1939.041,463.9432,-701.0033,0.3923188,0.8590374,0.2611809,-5.136996E-05,-0.2588179,-1.415095,-0.6569961,0.2693504,-0.2559749,0.4454996,-0.1212716,0.4521327,24,24,24,24,24,24,24,24,24,24,24,24,24,24,24,24
442,4420,-2000.59,-1996.566,-1902.269,-1949.168,-1885.215,-1938.417,-1781.213,-603.2408,244.5124,476.6507,-239.0224,-1443.477,-2081.152,-1935.134,-1916.52,-2013.59,25,25,25,25,24,25,25,24,24,24,24,25,25,25,25,25,442,4420,-1818.899,-1829.959,457.9196,-689.6439,0.6549598,0.6135982,-0.6530133,-0.5215592,-1.294197,0.9027669,1.18254,0.6734698,0.3839327,-1.002228,-0.1212716,-0.226015,24,24,24,24,24,24,24,24,24,24,24,24,24,24,24,24
443,4430,-1947.931,-1946.262,-1989.024,-1889.429,-1935.327,-1911.262,-1700.622,-599.2285,224.0746,472.5894,-247.2111,-1420.692,-2164.708,-1950.18,-1934.893,-1871.066,25,25,25,25,24,25,25,24,24,24,24,25,25,25,25,25,443,4430,-1897.449,-1875.75,457.7888,-683.5764,-0.5269242,-0.2454425,-1.605311E-05,-1.303824,0.7765629,0.3876867,-0.6569961,0.2693504,-0.8958809,-1.559046,-0.7234055,1.017257,24,24,24,24,24,24,24,24,24,24,24,24,24,24,24,24
444,4440,-1980.632,-2001.644,-1895.255,-1973.988,-1958.39,-1901.017,-1779.556,-618.7889,251.4489,470.8664,-248.9913,-1527.571,-2184.017,-2004.394,-2021.631,-2018.771,25,25,25,25,24,25,25,24,24,24,24,25,25,25,25,25,444,4440,-1865.626,-1851.144,451.7652,-695.7114,0.2609988,-0.2454425,0.1305825,1.694849,1.423675,0.2589166,-0.131414,-0.2694258,-0.7678991,-0.1113187,0.6012886,-0.226015,24,24,24,24,24,24,24,24,24,24,24,24,24,24,24,24
445,4450,-2085.012,-2008.174,-2023.726,-1897.824,-1856.597,-1931.011,-1729.314,-563.9946,249.0955,477.8813,-262.7578,-1420.943,-2053.657,-1819.782,-1795.659,-1973.351,25,25,25,25,24,25,25,24,24,24,24,25,25,25,25,25,445,4450,-1991.172,-2032.991,453.3365,-688.2238,-0.1329631,-2.331686,0.1305825,-0.2608053,-0.7765068,0.001376554,-0.7883909,-0.6735469,0.6398916,-0.334046,-0.7234055,-0.7911392,24,24,24,24,24,24,24,24,24,24,24,24,24,24,24,24
446,4460,-1801.377,-1815.789,-1806.407,-1795.988,-1903.569,-1836.833,-1686.85,-615.0273,244.7601,470.9895,-236.8863,-1465.634,-2199.393,-1895.37,-1942.529,-1794.202,25,25,25,25,24,25,25,24,24,24,24,25,25,25,25,25,446,4460,-2044.344,-2016.806,471.669,-673.1196,-0.5269242,-0.2454425,-0.5224133,-1.04307,0.3882959,-1.286325,-0.2628087,-1.284249E-05,-0.1279963,-1.113595,-0.6029786,0.7912098,24,24,24,24,24,24,24,24,24,24,24,24,24,24,24,24
447,4470,-2001.912,-2019.541,-1986.686,-2012.557,-1902.844,-1981.988,-1810.033,-595.2161,245.3795,466.559,-278.7791,-1525.431,-2175.554,-2098.898,-2029.148,-2002.025,25,25,25,25,24,25,25,24,24,24,24,25,25,25,25,25,447,4470,-1923.229,-1959.831,466.955,-694.8077,0.6549598,1.104477,-0.7836119,0.3910795,0.2588725,0.3876867,1.313934,0.9429358,-1.44478E-05,0.6682253,-0.2416985,-0.3390386,24,24,24,24,24,24,24,24,24,24,24,24,24,24,24,24
448,4480,-2049.761,-2024.256,-2082.686,-1925.686,-1953.439,-2029.633,-1750.992,-579.4173,243.6454,481.3274,-244.6002,-1408.606,-2082.344,-1853.217,-1836.821,-1947.448,25,25,25,25,24,25,25,24,24,24,24,25,25,25,25,25,448,4480,-1876.234,-1874.434,452.42,-696.8733,-0.5269242,-0.9817635,0.1305825,0.2607026,2.729029E-05,-0.3849336,0.2627702,-0.9429599,-0.2559765,-0.222684,0.3604349,-0.1129882,24,24,24,24,24,24,24,24,24,24,24,24,24,24,24,24
449,4490,-1828.788,-1831.509,-1818.343,-1781.996,-1819.888,-1830.29,-1685.702,-577.4111,248.7239,482.435,-212.5576,-1379.399,-2056.752,-1856.203,-1867.961,-1840.104,25,25,25,25,24,25,25,24,24,24,24,25,25,25,25,25,449,4490,-1865.895,-1851.933,459.4911,-691.4512,-0.5269242,0.3681589,-0.3918148,-0.2608053,0.2588725,0.001376554,-0.5256014,-0.1347193,-1.44478E-05,0.6682253,0.3604349,0.678183,24,24,24,24,24,24,24,24,24,24,24,24,24,24,24,24
450,4500,-1893.589,-1883.747,-1904.73,-1890.524,-1868.793,-1924.716,-1761.958,-605.6232,228.5337,468.5281,-237.717,-1411.879,-2054.966,-1834.708,-1829.424,-1851.188,25,25,25,25,24,25,25,24,24,24,24,25,25,25,25,25,450,4500,-1827.358,-1791.142,453.3365,-691.8386,1.442883,-0.9817635,-0.2612146,-0.6519362,-0.647085,0.2589166,0.1313755,-0.4041323,0.2559476,0.111407,-1.205112,-1.130213,24,24,24,24,24,24,24,24,24,24,24,24,24,24,24,24
451,4510,-1771.441,-1804.785,-1824.989,-1781.145,-1809.866,-1834.857,-1702.28,-600.1062,227.4189,474.5585,-212.7949,-1343.129,-1994.861,-1778.464,-1768.576,-1793.359,25,25,25,25,24,25,25,24,24,24,24,25,25,25,25,25,451,4510,-1879.188,-1852.854,453.5985,-684.2219,-1.052206,-0.6136046,-0.2612146,0.1303256,0.3882959,1.417848,-0.6569961,1.347055,-0.1279963,-1.002231,-0.3621253,-0.6781124,24,24,24,24,24,24,24,24,24,24,24,24,24,24,24,24
452,4520,-1748.357,-1771.895,-1785.487,-1720.798,-1726.306,-1779.19,-1641.326,-549.9512,245.5033,470.8664,-233.2073,-1369.072,-1967.724,-1784.913,-1786.353,-1751.673,25,25,25,25,24,25,25,24,24,24,24,25,25,25,25,25,452,4520,-1878.516,-1917.33,461.3243,-673.7651,-0.9208853,-0.8590438,0.6529797,0.6518335,-0.2588179,-1.672635,-0.5256014,-0.5388404,-0.7679023,-0.3340476,-0.2416985,0.2260856,24,24,24,24,24,24,24,24,24,24,24,24,24,24,24,24
453,4530,-1783.824,-1821.472,-1824.866,-1790.513,-1877.97,-1862.506,-1697.562,-602.4886,239.8055,468.6511,-246.9738,-1473.816,-2155.053,-1931.552,-1992.878,-1813.599,25,25,25,25,24,25,25,24,24,24,24,25,25,25,25,25,453,4530,-2028.499,-2085.761,467.3478,-669.8922,1.048921,1.349919,0.9141783,0.9125874,2.729029E-05,0.001376554,-0.131414,-0.5388404,0.7678734,4.334341E-05,0.2400085,0.2260856,24,24,24,24,24,24,24,24,24,24,24,24,24,24,24,24
454,4540,-2014.656,-1968.391,-2035.416,-1996.253,-1933.878,-2102.267,-1816.791,-576.0319,237.8237,479.2352,-267.8609,-1456.57,-2148.259,-1998.781,-1927.377,-1957.087,25,25,25,25,24,25,25,24,24,24,24,25,25,25,25,25,454,4540,-1910.608,-1907.988,474.8117,-675.056,0.1296778,-0.8590438,-1.436608,-1.434201,-0.1293945,0.6452268,0.1313755,0.5388147,-0.8958842,-0.6681402,0.4808618,-0.7911392,24,24,24,24,24,24,24,24,24,24,24,24,24,24,24,24
455,4550,-1961.877,-1988.101,-1938.201,-1837.234,-1929.41,-1914.348,-1694.501,-586.1882,244.1408,480.2197,-242.108,-1423.587,-2131.691,-1847.963,-1853.882,-1960.34,25,25,25,25,24,25,25,24,24,24,24,25,25,25,25,25,455,4550,-1808.963,-1811.669,474.9427,-667.5684,0.3923188,-1.227203,-1.175409,-5.136996E-05,1.16483,0.5164568,1.313934,-0.2694258,-0.7679023,-0.222684,0.1195816,-0.3390386,24,24,24,24,24,24,24,24,24,24,24,24,24,24,24,24
456,4560,-1916.793,-1911.8,-1911.006,-1966.323,-1882.196,-1939.651,-1805.952,-612.5195,244.5124,479.4813,-240.0905,-1467.9,-2110.355,-1947.434,-1965.317,-1912.028,25,25,25,25,24,25,25,24,24,24,24,25,25,25,25,25,456,4560,-1743.572,-1741.141,472.4547,-677.6379,-0.6582451,-1.472645,0.5223796,1.042964,0.2588725,0.001376554,-1.576766,-0.8082534,0.5119113,-1.002231,-0.8438319,-0.226015,24,24,24,24,24,24,24,24,24,24,24,24,24,24,24,24
457,4570,-1976.905,-1961.982,-1985.332,-1916.074,-1914.92,-1978.409,-1744.998,-579.1665,238.5669,481.5735,-250.7714,-1414.775,-2100.223,-1863.248,-1855.195,-1899.257,25,25,25,25,24,25,25,24,24,24,24,25,25,25,25,25,457,4570,-1797.013,-1815.748,458.4435,-688.4821,0.3923188,0.1227164,1.044777,0.7822104,1.294252,-0.3849336,-0.3942067,-0.5388404,0.2559476,0.2227707,-0.6029786,0.3391092,24,24,24,24,24,24,24,24,24,24,24,24,24,24,24,24
458,4580,-1993.136,-2019.541,-1968.72,-1867.042,-1923.735,-1906.201,-1700.877,-587.9436,248.9716,478.743,-257.536,-1441.085,-2140.63,-1882.951,-1884.187,-1949.376,25,25,25,25,24,25,25,24,24,24,24,25,25,25,25,25,458,4580,-1956.26,-1915.751,453.2057,-674.2814,0.2609988,0.8590374,0.7835782,-0.5215592,-0.5176631,0.7739455,-0.2628087,0.2694018,-1.44478E-05,4.334341E-05,-0.1212716,0.5651595,24,24,24,24,24,24,24,24,24,24,24,24,24,24,24,24
459,4590,-1917.394,-1943.119,-1882.333,-1930.674,-1924.821,-1889.661,-1748.569,-594.4637,259.5002,483.9119,-227.3921,-1444.359,-2087.112,-1853.575,-1882.636,-1947.087,25,25,25,25,24,25,25,24,24,24,24,25,25,25,25,25,459,4590,-1906.58,-1913.777,473.8951,-655.3043,0.2609988,0.1227164,0.5223796,-1.564578,-0.9059318,-0.1274449,0.3941681,-1.284249E-05,-0.6399205,-1.447686,-0.4825518,-0.1129882,24,24,24,24,24,24,24,24,24,24,24,24,24,24,24,24
460,4600,-1855.839,-1857.265,-1933.402,-1852.929,-1919.146,-2020.376,-1752.394,-590.5767,229.7724,474.8047,-251.8394,-1410.369,-2130.737,-1881.637,-1859.013,-1844.441,25,25,25,25,24,25,25,24,24,24,24,25,25,25,25,25,460,4600,-1911.413,-1967.068,474.0261,-670.6667,-0.9208853,-0.1227228,-0.2612146,0.6518335,0.3882943,0.7739455,0.5255629,0.2694018,-0.7679023,0.2227707,0.8421419,0.1130589,24,24,24,24,24,24,24,24,24,24,24,24,24,24,24,24
461,4610,-1874.594,-1893.662,-1821.297,-1818.01,-1875.072,-1831.278,-1695.394,-593.9622,250.2103,477.3892,-221.4583,-1439.827,-2107.494,-1875.786,-1904.112,-1900.944,25,25,25,25,24,25,25,24,24,24,24,25,25,25,25,25,461,4610,-1949.681,-1893.119,467.6097,-676.7343,-0.001642233,-0.9817635,-0.2612146,0.7822104,0.9059848,-0.1274449,-0.131414,-1.212374,0.1279674,0.445498,0.6012886,-0.4520621,24,24,24,24,24,24,24,24,24,24,24,24,24,24,24,24
462,4620,-1873.632,-1865.246,-1947.677,-1892.106,-1869.879,-1969.275,-1734.159,-562.49,247.4852,495.1113,-216.9486,-1387.457,-2036.875,-1802.108,-1793.87,-1882.391,25,25,25,25,24,25,25,24,24,24,24,25,25,25,25,25,462,4620,-1875.965,-1903.382,473.1095,-665.3738,-0.2642832,-0.1227228,-0.1306162,-0.3911823,-1.035354,-1.286376,-1.445371,0.6735212,0.2559476,-0.6681402,-0.1212716,-0.1129882,24,24,24,24,24,24,24,24,24,24,24,24,24,24,24,24
463,4630,-1834.439,-1871.171,-1859.322,-1823.729,-1896.565,-1866.333,-1701.897,-604.8709,230.5156,459.544,-243.2948,-1423.587,-2111.547,-1854.411,-1870.466,-1809.021,25,25,25,25,24,25,25,24,24,24,24,25,25,25,25,25,463,4630,-1984.324,-2002.595,470.0977,-667.6975,1.048921,0.7363178,0.1305825,0.7822104,0.7765613,-0.513755,0.9197503,1.347055,0.7678734,4.334341E-05,-0.1212716,0.3391092,24,24,24,24,24,24,24,24,24,24,24,24,24,24,24,24
464,4640,-1948.172,-1922.32,-1947.554,-1990.535,-1913.954,-2110.553,-1847.905,-581.925,249.4671,486.1272,-241.1586,-1452.541,-2112.5,-2015.619,-1951.12,-1916.727,25,25,25,25,24,25,25,24,24,24,24,25,25,25,25,25,464,4640,-1887.378,-1878.381,456.8721,-678.6707,-0.2642832,-0.3681621,-0.3918148,-0.1304283,-0.3882414,0.1300952,-0.5256014,-1.347081,-0.8958842,-0.7795039,0.7217151,-0.2260664,24,24,24,24,24,24,24,24,24,24,24,24,24,24,24,24
465,4650,-1989.529,-1996.324,-2023.111,-1940.895,-2060.788,-1995.195,-1752.012,-625.309,231.8781,479.4814,-244.6002,-1438.945,-2209.644,-1898.116,-1925.349,-1937.088,25,25,25,25,24,25,25,24,24,24,24,25,25,25,25,25,465,4650,-1885.901,-1876.276,461.3243,-650.7859,-0.3956041,0.981757,1.175377,-0.1304283,1.035407,0.7739455,-0.7883909,0.1346937,0.5119113,4.334341E-05,-0.1212716,0.904182,24,24,24,24,24,24,24,24,24,24,24,24,24,24,24,24
466,4660,-2074.174,-2035.26,-1927.865,-1982.14,-1926.27,-1918.297,-1780.448,-601.987,257.3945,473.574,-245.6683,-1485.398,-2133.002,-1908.266,-1936.444,-2018.168,25,25,25,25,24,25,25,24,24,24,24,25,25,25,25,25,466,4660,-1790.165,-1829.959,475.5974,-646.5257,0.5236397,-0.4908817,-0.3918148,-0.5215592,0.9059848,-0.384985,0.5255629,-0.6735469,-0.6399205,-1.002231,-1.566392,-1.605311E-05,24,24,24,24,24,24,24,24,24,24,24,24,24,24,24,24
467,4670,-1910.301,-1889.914,-1896.116,-1876.41,-1865.291,-1940.392,-1734.414,-559.7315,248.2284,477.7584,-258.9601,-1439.701,-2044.135,-1848.321,-1848.156,-1879.379,25,25,25,25,24,25,25,24,24,24,24,25,25,25,25,25,467,4670,-1861.464,-1805.748,471.2763,-653.2388,-0.1329631,-0.7363242,-0.1306162,0.1303256,-0.5176631,0.2588653,0.9197503,1.077642,0.7678734,0.7795889,-0.8438319,-2.147486,24,24,24,24,24,24,24,24,24,24,24,24,24,24,24,24
468,4680,-1839.488,-1826.914,-1855.261,-1822.512,-1868.551,-1897.931,-1710.951,-576.408,251.6967,486.0041,-232.1391,-1415.53,-2092.952,-1859.188,-1843.622,-1825.164,25,25,25,25,24,25,25,24,24,24,24,25,25,25,25,25,468,4680,-1834.206,-1847.328,476.776,-647.9459,-1.446167,-1.349922,-0.2612146,-0.2608053,0.5177161,-0.2562149,-0.6569961,-1.284249E-05,-0.7679023,-1.447686,-0.2416985,0.1130075,24,24,24,24,24,24,24,24,24,24,24,24,24,24,24,24
469,4690,-1875.556,-1884.351,-1864.49,-1836.138,-1834.62,-1849.176,-1687.232,-560.233,252.316,480.0967,-218.7287,-1380.155,-1992.123,-1805.571,-1806.278,-1876.608,25,25,25,25,24,25,25,24,24,24,24,25,25,25,25,25,469,4690,-1853.273,-1833.906,485.0256,-644.5894,0.2609474,1.349919,-0.1306162,0.3910795,2.568498E-05,-0.1274449,0.5255629,0.1346937,-0.1279963,0.2227707,0.2400085,0.1130075,24,24,24,24,24,24,24,24,24,24,24,24,24,24,24,24
470,4700,-1803.42,-1812.887,-1868.059,-1823.485,-1845.488,-1869.665,-1704.448,-586.3136,239.3101,486.1272,-221.4583,-1362.02,-2071.986,-1851.903,-1862.592,-1793.479,25,25,25,25,24,25,25,24,24,24,24,25,25,25,25,25,470,4700,-1788.016,-1794.563,480.8354,-648.075,1.18019,0.122665,0.2611809,-0.6519362,-0.1293961,0.6451755,1.18254,-0.4041323,0.1279674,-0.1113203,-0.0008451964,0.2260343,24,24,24,24,24,24,24,24,24,24,24,24,24,24,24,24
471,4710,-1940.597,-1931.51,-1854.769,-1882.615,-1945.832,-1863,-1710.823,-589.9498,270.8959,485.2657,-228.1041,-1500.882,-2174.72,-1910.057,-2028.074,-1964.918,25,25,25,25,24,25,25,24,24,24,24,25,25,25,25,25,471,4710,-2036.153,-2061.413,476.907,-641.2329,-0.1330145,-0.3682135,-0.2612131,-1.825332,-0.5176631,1.160256,-0.131414,1.212349,-0.6399205,-0.8908675,-1.084686,-1.605311E-05,24,24,24,24,24,24,24,24,24,24,24,24,24,24,24,24
472,4720,-2168.224,-2089.461,-2146.414,-2080.941,-1963.462,-2131.823,-1829.033,-568.5085,259.2525,490.3116,-248.9912,-1455.059,-2103.323,-1944.448,-1916.042,-2002.025,25,25,25,25,24,25,25,24,24,24,24,25,25,25,25,25,472,4720,-1900,-1878.25,486.0732,-638.2637,-0.2643346,-1.349974,-0.3918115,-0.130377,-0.7765084,-0.7712955,0.6569576,0.4041082,0.5119113,-0.4454113,-0.1212716,-0.5651402,24,24,24,24,24,24,24,24,24,24,24,24,24,24,24,24
473,4730,-1897.677,-1915.911,-1926.511,-1823.607,-1871.691,-1941.379,-1714.266,-558.8538,255.7842,486.1272,-238.785,-1376.503,-2004.62,-1842.709,-1814.749,-1874.56,25,25,25,25,24,25,25,24,24,24,24,25,25,25,25,25,473,4730,-1999.899,-2006.938,483.1924,-634.0035,-0.2643346,-5.458059E-05,-0.9142088,0.9126388,0.5177161,0.001325184,-1.313973,-1.284249E-05,-0.2559765,4.334341E-05,-0.7234055,-0.4521135,24,24,24,24,24,24,24,24,24,24,24,24,24,24,24,24
474,4740,-1830.591,-1844.689,-1844.924,-1788.445,-1842.589,-1857.199,-1673.588,-551.9575,273.2493,495.7266,-224.5438,-1393.877,-2019.379,-1765.568,-1773.229,-1803.238,25,25,25,25,24,25,25,24,24,24,24,25,25,25,25,25,474,4740,-1934.911,-1918.777,480.4425,-643.4276,-0.001693603,0.6135468,-0.130613,-0.3911309,-0.6470866,-0.9000142,0.6569576,0.2694018,-0.8958842,0.3341343,0.1195816,-1.605311E-05,24,24,24,24,24,24,24,24,24,24,24,24,24,24,24,24
475,4750,-1740.903,-1747.953,-1730.235,-1725.421,-1749.49,-1764.501,-1642.346,-554.0891,256.6513,480.589,-224.0692,-1370.206,-1957.964,-1672.665,-1687.446,-1769.624,25,25,25,25,24,25,25,24,24,24,24,25,25,25,25,25,475,4750,-1878.785,-1906.935,476.6451,-633.4871,0.9175494,0.9817057,-0.130613,0,-1.164777,0.001376554,0.1313755,0.4041082,-1.44478E-05,0.111407,0.6012886,0.7911584,24,24,24,24,24,24,24,24,24,24,24,24,24,24,24,24
476,4760,-1761.221,-1785.317,-1784.503,-1785.525,-1751.784,-1784.497,-1675.501,-572.6464,258.757,477.5122,-220.3902,-1425.098,-2010.929,-1789.689,-1845.769,-1742.156,25,25,25,25,24,25,25,24,24,24,24,25,25,25,25,25,476,4760,-1921.484,-1920.488,482.5377,-624.9668,0.5235884,-0.1227742,-0.2612131,-1.564527,-0.2588195,-0.3849336,-0.2628087,0.5387633,-1.44478E-05,-1.002231,-1.445966,0.2260343,24,24,24,24,24,24,24,24,24,24,24,24,24,24,24,24
477,4770,-1885.053,-1864.036,-1921.835,-1874.342,-1848.869,-1941.626,-1730.206,-556.7222,248.4761,491.4192,-247.6858,-1395.891,-2098.674,-1981.108,-1893.732,-1839.621,25,25,25,25,24,25,25,24,24,24,24,25,25,25,25,25,477,4770,-1843.874,-1806.011,486.7279,-635.4236,0.2609474,0.4908271,-0.130613,0,1.294252,0.001376554,-0.3942067,-6.421245E-05,0.127969,0.3341343,0.1195816,0.5651081,24,24,24,24,24,24,24,24,24,24,24,24,24,24,24,24
478,4780,-1970.533,-2008.295,-1918.758,-1874.22,-2001.136,-1925.086,-1713.756,-589.8244,263.3401,491.9114,-209.828,-1400.297,-2110.474,-1814.527,-1856.984,-1946.244,25,25,25,25,24,25,25,24,24,24,24,25,25,25,25,25,478,4780,-1737.933,-1741.667,481.8829,-628.0651,-0.1330145,-0.9818149,-0.2612131,0.2607539,2.568498E-05,0.1301466,-0.131414,-1.481839,0.2559508,4.013279E-05,-0.2416985,-0.5651402,24,24,24,24,24,24,24,24,24,24,24,24,24,24,24,24
479,4790,-1907.656,-1885.681,-1883.318,-1927.267,-1872.536,-1972.731,-1772.032,-579.9189,251.6966,481.8197,-232.8512,-1438.568,-2074.843,-1939.194,-1910.674,-1866.126,25,25,25,25,24,25,25,24,24,24,24,25,25,25,25,25,479,4790,-1920.812,-2024.569,486.2042,-625.225,0.1296265,0.8589861,0.3917827,-0.7822618,2.568498E-05,0.2589166,-0.6569961,0.6734698,1.535764,4.013279E-05,-0.4825522,-0.4521135,24,24,24,24,24,24,24,24,24,24,24,24,24,24,24,24
480,4800,-1963.681,-1935.864,-1984.84,-1861.689,-1927.599,-2014.945,-1724.213,-555.0922,251.8205,487.4809,-250.534,-1393.751,-2064.964,-1885.698,-1839.088,-1872.753,25,25,25,25,24,25,25,24,24,24,24,25,25,25,25,25,480,4800,-2058.308,-2034.044,473.7643,-636.4563,-0.2643346,0.3681075,-1.044807,-0.9126388,-0.5176631,-1.801405,-1.926374E-05,-0.1347707,-1.407805,-0.6681418,-0.602979,0.2260343,24,24,24,24,24,24,24,24,24,24,24,24,24,24,24,24
481,4810,-1943.483,-1949.407,-1860.306,-1865.582,-1937.38,-1809.06,-1674.098,-592.9591,264.9503,498.4342,-212.0828,-1425.601,-2147.186,-1867.427,-1941.575,-1911.064,25,25,25,25,24,25,25,24,24,24,24,25,25,25,25,25,481,4810,-1834.475,-1831.669,471.0144,-629.4852,0.5235884,0.7362664,-1.44478E-05,0,0.6471395,0.6452268,1.051145,-6.421245E-05,0.127969,-0.4454145,0.2400085,-0.1130396,24,24,24,24,24,24,24,24,24,24,24,24,24,24,24,24
482,4820,-2027.881,-2003.833,-1991.116,-1995.402,-1926.633,-2045.062,-1786.059,-566.8785,260.2434,489.0808,-226.324,-1429.504,-2074.724,-1852.023,-1844.337,-2005.036,25,25,25,25,24,25,25,24,24,24,24,25,25,25,25,25,482,4820,-1786.674,-1806.932,480.3116,-636.8436,-0.7896165,-0.1227742,-0.3918115,-0.7822618,0.1294491,0.3876867,-0.3942067,0.2693504,-1.023863,0.3341311,0.6012886,-1.130264,24,24,24,24,24,24,24,24,24,24,24,24,24,24,24,24
483,4830,-1805.344,-1814.745,-1797.793,-1765.206,-1824.839,-1902.128,-1704.448,-581.4235,226.5519,483.5426,-207.8105,-1337.587,-2086.516,-1882.712,-1846.247,-1800.828,25,25,25,25,24,25,25,24,24,24,24,25,25,25,25,25,483,4830,-2049.715,-2060.36,480.3116,-635.9399,1.442831,0.2453847,0.2611842,-0.2607539,2.568498E-05,0.2589166,0.7883524,0.1346423,0.2559508,-0.4454145,0.3604349,0.5651081,24,24,24,24,24,24,24,24,24,24,24,24,24,24,24,24
484,4840,-1955.265,-1969.255,-1909.283,-1895.756,-1922.768,-1868.431,-1710.186,-586.5644,270.8958,502.0032,-191.9078,-1421.069,-2077.223,-1819.304,-1879.772,-1946.846,25,25,25,25,24,25,25,24,24,24,24,25,25,25,25,25,484,4840,-1962.034,-2012.859,472.5858,-651.4316,-0.2643346,-0.3682135,-0.6530101,0.5215079,-0.7765084,-0.5137036,-1.70816,-0.8083048,0.2559508,0.1114038,-0.8438323,-0.6781638,24,24,24,24,24,24,24,24,24,24,24,24,24,24,24,24
485,4850,-1932.662,-1872.415,-1865.352,-1833.097,-1767.603,-1868.061,-1685.702,-532.6478,270.8958,492.5268,-225.4933,-1398.409,-2046.278,-1867.308,-1833.6,-1823.116,25,25,25,25,24,25,25,24,24,24,24,25,25,25,25,25,485,4850,-1909.936,-1960.094,464.0742,-658.1446,-1.052206,0.3681075,0.2611842,0.7822618,0.2588709,-1.415095,-0.2628087,-0.8083048,-0.7678991,1.002313,0.2400085,0.6781317,24,24,24,24,24,24,24,24,24,24,24,24,24,24,24,24
486,4860,-1846.221,-1867.7,-1843.201,-1785.281,-1863.238,-1820.663,-1641.964,-564.8723,253.4308,489.2039,-209.7093,-1356.227,-2062.584,-1795.302,-1790.768,-1843.718,25,25,25,25,24,25,25,24,24,24,24,25,25,25,25,25,486,4860,-1870.46,-1895.224,462.8958,-651.8188,0.1296778,0.4908785,-1.44478E-05,-0.2607539,-0.6470866,-0.3849336,-0.3942067,-0.4041837,0.7678766,0.4454948,0.4808618,0.5651081,24,24,24,24,24,24,24,24,24,24,24,24,24,24,24,24
487,4870,-1856.921,-1861.896,-1828.681,-1831.272,-1813.73,-1797.705,-1676.266,-556.8476,279.8142,500.4033,-208.0478,-1418.677,-2051.039,-1924.626,-1897.788,-1839.501,25,25,25,25,24,25,25,24,24,24,24,25,25,25,25,25,487,4870,-2000.839,-1958.12,463.4195,-653.1099,0.9176008,1.104477,0.6529813,-0.7822618,0.5177161,-0.6424737,-0.2628087,-0.1347707,0.5119129,-0.2226872,-0.9642591,-1.605311E-05,24,24,24,24,24,24,24,24,24,24,24,24,24,24,24,24
488,4880,-1894.792,-1848.597,-1911.006,-1812.9,-1808.175,-1864.111,-1653.058,-522.993,259.3763,502.0032,-200.4525,-1326.631,-2005.93,-1840.679,-1806.516,-1829.742,25,25,25,25,24,25,25,24,24,24,24,25,25,25,25,25,488,4880,-1881.336,-1923.382,464.9908,-651.5607,0.1296778,-3.210623E-06,-0.7836103,0,-0.3882414,-1.286325,0.7883524,0.2693504,-0.6399189,4.013279E-05,-0.3621253,-1.605311E-05,24,24,24,24,24,24,24,24,24,24,24,24,24,24,24,24
489,4890,-1841.652,-1839.288,-1819.205,-1815.212,-1829.669,-1782.769,-1639.286,-550.9543,276.8415,494.4959,-210.4214,-1402.06,-2077.461,-1799.84,-1857.104,-1828.056,25,25,25,25,24,25,25,24,24,24,24,25,25,25,25,25,489,4890,-1888.05,-1889.303,470.3597,-664.0831,-0.5269242,-0.9817635,-0.7836103,-0.2607539,-0.3882414,1.031537,-1.926374E-05,-1.481839,0.2559508,0.1114038,-0.0008451964,-0.7911906,24,24,24,24,24,24,24,24,24,24,24,24,24,24,24,24
490,4900,-1912.224,-1912.07,-1974.75,-1998.322,-1860.702,-1986.308,-1787.589,-578.665,255.2888,509.0182,-184.4312,-1349.804,-2071.629,-1936.209,-1863.546,-1867.452,25,25,25,25,24,25,25,24,24,24,24,25,25,25,25,25,490,4900,-1837.697,-1821.275,471.4073,-660.2101,-1.577488,0.2454361,-0.2612131,0,0.3882943,-0.2561635,-1.839555,-0.6735983,-0.511937,-0.7795055,-0.1212716,0.1130075,24,24,24,24,24,24,24,24,24,24,24,24,24,24,24,24
491,4910,-1823.137,-1807.129,-1891.44,-1762.53,-1825.443,-1908.793,-1668.615,-529.7639,269.5334,500.2802,-241.2773,-1379.273,-2084.609,-1892.981,-1813.078,-1773.118,25,25,25,25,24,25,25,24,24,24,24,25,25,25,25,25,491,4910,-1782.243,-1789.826,464.3362,-678.5418,1.048921,0.8590374,0.3917827,0.3911309,0.5177161,0.001376554,1.313934,0.6734698,0.127969,1.002313,-0.1212716,0.5651081,24,24,24,24,24,24,24,24,24,24,24,24,24,24,24,24
492,4920,-1925.208,-1965.87,-1892.793,-1922.766,-2027.339,-1821.156,-1617.225,-575.7811,266.189,493.0191,-232.1392,-1381.414,-2172.217,-1990.184,-1966.272,-1906.366,25,25,25,25,24,25,25,24,24,24,24,25,25,25,25,25,492,4920,-1912.219,-1888.513,448.0988,-688.2241,0.3923188,-0.9817635,0.2611842,-0.9126388,-1.682467,-0.7712442,0.6569576,-0.1347707,-0.8958809,-1.447689,-0.1212716,0.3390578,24,24,24,24,24,24,24,24,24,24,24,24,24,24,24,24
493,4930,-2120.898,-2079.41,-1918.02,-1965.106,-1978.314,-1895.216,-1695.011,-581.2981,259.9957,506.1876,-184.9059,-1377.762,-2120.487,-1815.721,-1848.513,-2066.961,25,25,25,25,24,25,25,24,24,24,24,25,25,25,25,25,493,4930,-1781.706,-1761.273,454.908,-666.4067,0.1296778,0.981757,0.3917827,-0.9126388,0.7765613,0.6452268,0.2627702,1.347004,-0.2560263,4.013279E-05,-0.3621253,-0.4521135,24,24,24,24,24,24,24,24,24,24,24,24,24,24,24,24
494,4940,-1860.407,-1861.654,-1848.985,-1886.752,-1818.801,-1900.647,-1730.589,-528.51,287.2462,510.9874,-202.5887,-1407.599,-2034.019,-1937.642,-1890.51,-1864.199,25,25,25,25,24,25,25,24,24,24,24,25,25,25,25,25,494,4940,-1863.746,-1877.987,466.9551,-672.3452,-0.5269242,-1.718084,-1.828403,-0.7822618,2.568498E-05,-0.3849336,-0.2628087,-0.6735983,-1.407856,-0.7795055,0.1195816,0.3390578,24,24,24,24,24,24,24,24,24,24,24,24,24,24,24,24
495,4950,-1926.531,-1902.277,-1947.062,-1839.424,-1963.583,-2000.009,-1680.984,-543.5565,250.3342,497.4496,-215.9992,-1337.966,-2047.587,-1855.367,-1822.027,-1814.322,25,25,25,25,24,25,25,24,24,24,24,25,25,25,25,25,495,4950,-1917.053,-1897.066,452.2891,-689.9023,-0.2642832,0.3681589,-0.130613,0,-0.5176631,0.7739968,-0.2628087,1.48171,0.6398434,0.6682221,-0.2416985,-0.7911906,24,24,24,24,24,24,24,24,24,24,24,24,24,24,24,24
496,4960,-1883.971,-1870.964,-1822.651,-1745.74,-1843.435,-1853.372,-1639.031,-531.2685,278.9472,509.5105,-189.8903,-1325.624,-1970.461,-1678.516,-1682.792,-1862.271,25,25,25,25,24,25,25,24,24,24,24,25,25,25,25,25,496,4960,-1799.967,-1830.222,455.1699,-679.0582,0.1296778,-0.3681621,-1.044807,-0.9126388,0.3882943,-0.6424737,0.5255629,0.8081763,-0.1280445,-1.113598,-1.566393,-1.605311E-05,24,24,24,24,24,24,24,24,24,24,24,24,24,24,24,24
497,4970,-1739.461,-1756.23,-1695.779,-1697.681,-1752.871,-1728.336,-1602.306,-540.9233,261.7298,496.8343,-177.3106,-1334.565,-2023.664,-1774.047,-1798.165,-1731.674,25,25,25,25,24,25,25,24,24,24,24,25,25,25,25,25,497,4970,-1946.459,-1946.409,460.2768,-675.8308,-0.2642832,0.4908785,-0.3918115,-0.130377,0.2588709,0.5164568,0.2627702,0.1346423,-0.5119883,0.2227675,0.7217151,-0.6781638,24,24,24,24,24,24,24,24,24,24,24,24,24,24,24,24
498,4980,-1856.68,-1842.15,-1891.194,-1949.655,-1850.68,-1960.635,-1755.455,-524.4977,298.7657,501.511,-250.8901,-1498.616,-2109.64,-2102.13,-2032.966,-1881.668,25,25,25,25,24,25,25,24,24,24,24,25,25,25,25,25,498,4980,-1975.059,-2012.99,453.0748,-684.222,0.1296778,-1.718084,-0.5224116,-0.6518849,0.7765613,0.7739968,-0.3942067,-0.2694772,-0.6399702,-1.002233,0.2400085,-0.3390899,24,24,24,24,24,24,24,24,24,24,24,24,24,24,24,24
499,4990,-2190.382,-2073.718,-2098.834,-1854.754,-1929.531,-2091.632,-1732.119,-528.7608,264.9503,491.7884,-245.3123,-1385.82,-2101.534,-1883.07,-1830.259,-1956.605,25,25,25,25,24,25,25,24,24,24,24,25,25,25,25,25,499,4990,-1867.909,-1929.172,449.0154,-679.7037,-0.3956041,-0.6136046,-1.828403,-1.564527,-1.164777,-0.7712442,-0.2628087,-0.6735983,-1.535838,-0.2226872,0.7217151,1.130232,24,24,24,24,24,24,24,24,24,24,24,24,24,24,24,24
500,5000,-1913.426,-1935.863,-1882.703,-1849.887,-1896.082,-1839.301,-1645.917,-554.9668,266.6844,492.5268,-198.6724,-1321.342,-2017.237,-1770.464,-1797.21,-1889.017,25,25,25,25,24,25,25,24,24,24,24,25,25,25,25,25,500,5000,-1946.861,-1949.962,459.753,-660.5974,1.180242,-0.2454425,0.2611842,-0.2607539,0.2588709,1.289077,0.9197503,-0.6735983,1.023787,-0.2226872,-0.7234055,-0.6781638,24,24,24,24,24,24,24,24,24,24,24,24,24,24,24,24
501,5010,-1807.147,-1791,-1762.599,-1788.81,-1764.705,-1785.732,-1682.004,-568.1324,259.0048,489.2039,-170.0713,-1372.977,-2002.478,-1808.079,-1845.889,-1832.634,25,25,25,25,24,25,25,24,24,24,24,25,25,25,25,25,501,5010,-1830.715,-1804.563,461.8481,-666.6649,-1.314847,-1.840804,-0.5224116,0.130377,-0.2588195,0.3876867,-1.576766,-0.1347707,-6.260714E-05,-0.6681418,-0.2416985,-0.5651402,24,24,24,24,24,24,24,24,24,24,24,24,24,24,24,24
502,5020,-1873.151,-1830.904,-1935.125,-1832.245,-1838.122,-2037.779,-1715.669,-517.3505,252.0683,487.7271,-272.0145,-1399.794,-2121.559,-2130.97,-1984.646,-1788.178,25,25,25,25,24,25,25,24,24,24,24,25,25,25,25,25,502,5020,-1837.966,-1803.379,458.9673,-671.8287,0.7862799,-3.210623E-06,-1.44478E-05,0.6518849,-0.1293961,-0.7712442,-0.3942067,-0.8083048,-1.66382,0.7795857,-0.0008451964,-1.605311E-05,24,24,24,24,24,24,24,24,24,24,24,24,24,24,24,24
503,5030,-2264.201,-2109.685,-2028.895,-1879.087,-2013.332,-1955.451,-1692.078,-600.8585,231.5065,473.0818,-232.3765,-1412.257,-2200.824,-1922.357,-1942.887,-2043.709,25,25,25,25,24,25,25,24,24,24,24,25,25,25,25,25,503,5030,-1893.823,-1851.67,465.3837,-665.1157,0.2609988,0.4908785,0.783583,-0.5215079,0.2588709,0.6452268,0.3941681,-1.616545,-1.279876,-1.113598,-0.0008451964,0.5651081,24,24,24,24,24,24,24,24,24,24,24,24,24,24,24,24
504,5040,-1902.847,-1997.533,-1909.16,-1994.185,-1875.434,-1919.162,-1770.757,-584.1819,264.2071,484.1581,-218.8474,-1448.89,-2098.674,-1898.713,-1919.503,-2003.229,25,25,25,25,24,25,25,24,24,24,24,25,25,25,25,25,504,5040,-1920.41,-1967.331,461.0625,-671.5705,0.6549598,0.1227164,-0.1306113,-0.9126902,0.2588709,0.2589166,0.1313755,1.077591,-0.7679505,0.4454948,-0.0008451964,0.2260343,24,24,24,24,24,24,24,24,24,24,24,24,24,24,24,24
505,5050,-1838.887,-1845.536,-1907.56,-1820.322,-1799.36,-1964.214,-1721.917,-529.1369,257.2706,476.0354,-257.1799,-1415.53,-2055.68,-1965.465,-1867.006,-1823.719,25,25,25,25,24,25,25,24,24,24,24,25,25,25,25,25,505,5050,-1887.781,-1904.961,452.9438,-659.3064,-0.001642233,-1.227203,-0.3918099,-0.1304283,0.1293961,-0.2561635,0.1313755,0.1346423,-0.5119883,-0.1113235,-0.3621253,0.1130075,24,24,24,24,24,24,24,24,24,24,24,24,24,24,24,24
506,5060,-1948.171,-1975.646,-1941.278,-1837.842,-1996.548,-1915.952,-1661.346,-579.5426,241.7874,477.8813,-233.2073,-1389.345,-2184.136,-1897.28,-1912.105,-1871.307,25,25,25,25,24,25,25,24,24,24,24,25,25,25,25,25,506,5060,-1870.326,-1874.96,449.1463,-657.8864,-0.6582451,-1.104483,0.3917859,0.9125874,0.2588179,0.9027669,-0.7883909,-0.8083048,-0.6399702,0.1114038,-0.4825522,-0.6781638,24,24,24,24,24,24,24,24,24,24,24,24,24,24,24,24
507,5070,-2014.415,-1978.186,-1903.253,-1976.422,-1909.848,-1906.818,-1755.837,-598.4761,248.8478,474.6816,-218.3727,-1430.888,-2062.584,-1868.502,-1903.276,-2018.891,25,25,25,25,24,25,25,24,24,24,24,25,25,25,25,25,507,5070,-1856.899,-1827.854,461.7172,-642.9112,0.7862799,0.3681589,-1.284249E-05,0.1303256,0.1293961,-2.187715,-0.131414,0.1346423,0.2558995,0.2227675,0.9625688,-0.6781638,24,24,24,24,24,24,24,24,24,24,24,24,24,24,24,24
508,5080,-1865.938,-1857.386,-1926.634,-1839.18,-1835.224,-1975.57,-1714.521,-547.3181,250.3342,486.7424,-223.7131,-1359.249,-1990.695,-1815.005,-1785.041,-1826.73,25,25,25,25,24,25,25,24,24,24,24,25,25,25,25,25,508,5080,-1764.921,-1791.274,471.4072,-637.7473,0.3923188,0.1227164,-0.6530086,-0.7823132,-1.16483,0.3876867,0.3941681,0.269352,0.7678252,-0.2226872,-0.8438323,0.4520814,24,24,24,24,24,24,24,24,24,24,24,24,24,24,24,24
509,5090,-1817.968,-1831.63,-1805.669,-1768.492,-1843.676,-1849.793,-1673.333,-577.0349,244.8841,479.2352,-211.7268,-1356.856,-2007.477,-1772.375,-1791.961,-1772.275,25,25,25,25,24,25,25,24,24,24,24,25,25,25,25,25,509,5090,-1815.005,-1789.432,473.3714,-648.7205,-0.1329631,-0.2454425,0.5223843,-1.173447,-0.2588725,0.001376554,-0.2628087,0.6734731,0.7678269,-0.8908691,-0.4825522,-0.2260664,24,24,24,24,24,24,24,24,24,24,24,24,24,24,24,24
510,5100,-1781.059,-1785.559,-1768.013,-1800.003,-1799.964,-1805.11,-1672.95,-563.7438,254.4217,472.5894,-224.0691,-1394.381,-1992.599,-1779.181,-1801.744,-1805.286,25,25,25,25,24,25,25,24,24,24,24,25,25,25,25,25,510,5100,-1760.088,-1734.43,468.1335,-651.5606,-0.5269242,-3.210623E-06,-0.6530086,0.5214565,1.294199,1.160307,0.1313755,-0.4041821,-1.023911,-1.113595,-0.0008451964,0.5651081,24,24,24,24,24,24,24,24,24,24,24,24,24,24,24,24
511,5110,-1810.634,-1775.522,-1869.166,-1839.059,-1854.544,-1945.946,-1699.984,-557.0983,235.5941,473.4509,-262.1643,-1401.682,-2069.011,-1884.264,-1823.816,-1776.612,25,25,25,25,24,25,25,24,24,24,24,25,25,25,25,25,511,5110,-1816.885,-1810.616,465.1218,-665.7612,-0.1329631,-0.8590438,-0.2612115,-0.2608053,0.5176631,-0.1273935,0.2627702,-0.5388886,0.1279208,0.7795889,-0.4825008,-0.1130396,24,24,24,24,24,24,24,24,24,24,24,24,24,24,24,24
512,5120,-1823.739,-1837.071,-1802.1,-1745.375,-1799.723,-1777.215,-1611.359,-538.9171,259.9957,481.9427,-228.3415,-1357.612,-1993.432,-1759.239,-1773.587,-1813.719,25,25,25,25,24,25,25,24,24,24,24,25,25,25,25,25,512,5120,-1890.332,-1932.988,457.265,-668.9886,-0.001642233,-0.4908817,0.1305873,-5.136996E-05,-1.035407,-0.6424737,-0.5256014,-0.1347691,0.2559027,4.334341E-05,-0.9642078,2.88956E-05,24,24,24,24,24,24,24,24,24,24,24,24,24,24,24,24
513,5130,-1824.099,-1844.568,-1805.915,-1832.854,-1855.993,-1842.14,-1712.099,-603.4916,231.0111,459.7901,-238.1917,-1430.133,-2050.801,-1898.355,-1915.566,-1820.586,25,25,25,25,24,25,25,24,24,24,24,25,25,25,25,25,513,5130,-2001.645,-1976.016,458.3125,-666.6649,-0.5269242,0.3681589,0.5223843,-0.2608053,0.6470866,-1.157554,0.2627702,1.212299,1.151771,-0.4454113,-0.362074,-0.4520685,24,24,24,24,24,24,24,24,24,24,24,24,24,24,24,24
514,5140,-1926.651,-1890.639,-1939.309,-1891.741,-1924.097,-2026.177,-1771.65,-598.9776,226.3042,470.0049,-244.2442,-1400.298,-2109.163,-1876.98,-1838.849,-1890.945,25,25,25,25,24,25,25,24,24,24,24,25,25,25,25,25,514,5140,-1915.307,-1931.804,462.5029,-671.4414,0.1296778,0.3681589,-0.9142072,0.7822104,-2.729029E-05,-1.028784,0.7883524,-1.212423,-0.7679489,0.111407,-0.362074,-0.339045,24,24,24,24,24,24,24,24,24,24,24,24,24,24,24,24
515,5150,-1839.368,-1856.781,-1815.39,-1788.688,-1812.764,-1815.232,-1688.508,-586.439,248.9716,477.6353,-210.4213,-1413.138,-2046.04,-1872.442,-1893.732,-1868.657,25,25,25,25,24,25,25,24,24,24,24,25,25,25,25,25,515,5150,-1907.117,-1963.91,468.5264,-663.4375,0.5236397,-3.210623E-06,0.1305873,-0.5215592,0.7765084,0.001376554,-0.2628087,0.4040585,1.023789,-0.4454113,-0.1212203,-0.5650953,24,24,24,24,24,24,24,24,24,24,24,24,24,24,24,24
516,5160,-1879.283,-1865.609,-1935.986,-1850.009,-1856.114,-1990.382,-1750.736,-572.1448,226.6758,470.6203,-274.6254,-1421.195,-2127.877,-1961.763,-1918.667,-1830.706,25,25,25,25,24,25,25,24,24,24,24,25,25,25,25,25,516,5160,-2034.542,-1972.2,476.5142,-671.5705,0.6549598,1.2272,0.1305873,-0.9126902,0.2588179,0.7739968,-0.131414,-6.100183E-05,-1.151893,-0.7795039,-0.7233541,-0.1129947,24,24,24,24,24,24,24,24,24,24,24,24,24,24,24,24
517,5170,-2157.145,-2165.495,-2038.493,-1966.08,-2048.471,-1873.492,-1670.4,-607.1278,232.8691,467.7896,-249.2286,-1435.42,-2203.803,-1924.865,-1929.167,-1995.037,25,25,25,25,24,25,25,24,24,24,24,25,25,25,25,25,517,5170,-1970.359,-2084.181,462.7648,-686.933,1.18019,-0.1227228,-1.044806,-0.1304283,0.1293961,0.7739968,0.6569576,-0.8083032,0.5118648,4.334341E-05,-1.084634,-0.7911424,24,24,24,24,24,24,24,24,24,24,24,24,24,24,24,24
518,5180,-1942.401,-1960.652,-1896.116,-1960.483,-1905.26,-1916.076,-1767.059,-604.7454,248.8478,474.0662,-225.3746,-1448.009,-2072.82,-1848.202,-1909.003,-1964.677,25,25,25,25,24,25,25,24,24,24,24,25,25,25,25,25,518,5180,-1901.88,-1957.857,456.3484,-674.4106,-0.9209383,-0.4908881,0.5223843,1.303718,0.2588179,0.3876867,-1.313973,-0.2694756,0.2559027,-0.5567766,-1.205061,-0.4520685,24,24,24,24,24,24,24,24,24,24,24,24,24,24,24,24
519,5190,-1966.926,-1894.992,-1942.508,-1902.448,-1843.314,-2012.97,-1767.187,-559.3552,256.899,488.0962,-230.715,-1414.775,-2044.136,-1863.367,-1869.512,-1859.621,25,25,25,25,24,25,25,24,24,24,24,25,25,25,25,25,519,5190,-2038.436,-2008.253,461.7172,-679.3163,-0.2643354,0.12271,-0.3918099,-0.1304283,0.2588179,-1.286325,0.7883524,-0.4041821,-0.3840049,-0.1113203,-0.1212203,0.7912034,24,24,24,24,24,24,24,24,24,24,24,24,24,24,24,24
520,5200,-1832.034,-1827.76,-1870.397,-1812.535,-1808.779,-1867.073,-1674.991,-554.2145,247.6091,471.6048,-243.0574,-1391.611,-2018.665,-1804.377,-1782.774,-1836.73,25,25,25,25,24,25,25,24,24,24,24,25,25,25,25,25,520,5200,-1964.451,-2011.148,468.1335,-686.0293,1.31151,0.9817506,-0.3918099,0.5215111,0.2588179,-0.3849336,-1.926374E-05,0.6734731,-0.1280412,-0.1113203,0.7217665,0.2260792,24,24,24,24,24,24,24,24,24,24,24,24,24,24,24,24
521,5210,-1785.146,-1798.376,-1814.529,-1790.878,-1834.741,-1872.628,-1673.843,-559.6062,250.3341,479.9736,-231.5458,-1378.392,-2006.168,-1798.287,-1780.626,-1784.564,25,25,25,25,24,25,25,24,24,24,24,25,25,25,25,25,521,5210,-1872.743,-1960.62,475.3356,-667.3104,0.3922667,-0.8590503,-1.284249E-05,-1.173393,-0.6470866,-0.5137036,0.3941681,-0.8083032,-0.5119852,-1.447686,-0.6029276,-0.1129947,24,24,24,24,24,24,24,24,24,24,24,24,24,24,24,24
522,5220,-1768.555,-1786.526,-1819.205,-1744.279,-1815.541,-1841.77,-1642.601,-541.425,247.9806,478.866,-247.0924,-1388.086,-2072.105,-1858.829,-1821.072,-1774.444,25,25,25,25,24,25,25,24,24,24,24,25,25,25,25,25,522,5220,-1899.732,-1900.093,475.4666,-684.3511,1.18019,1.104473,-0.7836071,-0.6518849,1.294252,0.5164568,-0.2628087,0.8081796,-0.5119852,0.5568616,0.4809132,-0.1129947,24,24,24,24,24,24,24,24,24,24,24,24,24,24,24,24
523,5230,-1904.049,-1933.445,-1878.15,-1893.688,-1899.705,-1835.351,-1718.347,-606.6265,268.2946,492.1575,-199.3844,-1441.841,-2153.861,-1894.773,-1940.263,-1892.029,25,25,25,25,24,25,25,24,24,24,24,25,25,25,25,25,523,5230,-2001.779,-2027.596,456.3484,-691.7095,0.6549076,-1.595371,-0.5224084,0.3911341,2.568498E-05,-0.5137036,-0.2627574,-1.885957,-0.7679489,0.2227707,-0.4825008,2.88956E-05,24,24,24,24,24,24,24,24,24,24,24,24,24,24,24,24
524,5240,-1945.406,-1926.553,-1957.029,-1905.489,-1821.7,-1944.836,-1728.038,-548.3214,250.2102,484.0349,-211.2521,-1375.747,-2023.307,-1826.708,-1814.152,-1902.872,25,25,25,25,24,25,25,24,24,24,24,25,25,25,25,25,524,5240,-2165.554,-2256.801,461.3244,-681.3819,0.2609466,-0.7363306,0.5223843,3.210623E-06,-0.7765084,1.289077,-0.5255501,-1.44478E-05,-6.100183E-05,-0.222684,-0.8437809,-1.130219,24,24,24,24,24,24,24,24,24,24,24,24,24,24,24,24
525,5250,-1807.628,-1840.215,-1874.581,-1835.773,-1843.797,-1926.197,-1702.407,-551.7068,253.8023,487.2347,-218.3727,-1356.73,-2011.286,-1833.395,-1802.937,-1745.649,25,25,25,25,24,25,25,24,24,24,24,25,25,25,25,25,525,5250,-2040.584,-2043.781,472.7167,-676.4762,-0.001694406,-0.3681685,-1.284249E-05,-0.2607507,-0.2588195,-1.157554,-1.182527,-0.4041355,-6.100183E-05,-0.4454113,-0.4825008,-0.2260182,24,24,24,24,24,24,24,24,24,24,24,24,24,24,24,24
526,5260,-1809.191,-1827.519,-1840.494,-1783.822,-1856.597,-1864.358,-1659.051,-571.1418,247.3613,486.6194,-204.1315,-1343.633,-2052.11,-1821.214,-1814.391,-1803.117,25,25,25,25,24,25,25,24,24,24,24,25,25,25,25,25,526,5260,-1911.145,-1907.856,471.1453,-685.7711,0.3922667,0.12271,-0.3918099,0.912642,0.1294491,0.001376554,3.210623E-05,-0.269429,-0.5119852,0.3341359,-0.0007938265,0.5651531,24,24,24,24,24,24,24,24,24,24,24,24,24,24,24,24
527,5270,-1840.931,-1852.428,-1813.052,-1830.907,-1822.907,-1816.59,-1668.487,-562.2393,262.5968,484.6502,-205.793,-1381.288,-2018.07,-1794.466,-1806.875,-1866.126,25,25,25,25,24,25,25,24,24,24,24,25,25,25,25,25,527,5270,-1899.329,-1877.197,470.4906,-686.804,0.3922667,-0.3681685,0.1305873,-0.6518849,0.1294491,-0.2561635,0.1314268,0.134692,-0.3840049,-0.334046,-0.1212716,-0.2260182,24,24,24,24,24,24,24,24,24,24,24,24,24,24,24,24
528,5280,-1792.72,-1804.664,-1853.538,-1775.305,-1799.481,-1882.379,-1657.903,-529.1371,256.2797,488.9577,-206.9797,-1315.674,-1930.827,-1752.074,-1734.573,-1782.997,25,25,25,25,24,25,25,24,24,24,24,25,25,25,25,25,528,5280,-1866.835,-1879.697,462.241,-688.4821,0.2609466,1.227193,-0.5224084,0.2607571,0.5177161,0.6452268,-0.1313626,0.9429326,-0.7679489,0.2227723,0.4808618,1.243307,24,24,24,24,24,24,24,24,24,24,24,24,24,24,24,24
529,5290,-1734.051,-1740.214,-1753.492,-1689.407,-1727.755,-1767.217,-1613.144,-543.4312,241.6635,469.7587,-225.3746,-1341.87,-1969.866,-1785.271,-1753.304,-1724.205,25,25,25,25,24,25,25,24,24,24,24,25,25,25,25,25,529,5290,-1911.145,-1935.883,461.3244,-685.1257,0.5235875,-0.4908881,-0.9142072,-1.825278,-1.423622,-0.9000142,0.2628216,-1.44478E-05,1.023789,4.494872E-05,-0.8438323,-1.017186,24,24,24,24,24,24,24,24,24,24,24,24,24,24,24,24
530,5300,-1826.864,-1841.343,-1837.417,-1788.445,-1832.446,-1794.125,-1638.521,-566.0009,246.9897,467.6665,-233.8007,-1383.68,-2036.518,-1777.39,-1821.788,-1810.587,25,25,25,25,24,25,25,24,24,24,24,25,25,25,25,25,530,5300,-2011.313,-2029.833,463.4195,-682.5437,0.1296257,-0.613611,0.6529829,0.912642,-0.1293961,-0.6424737,-0.9197375,0.404105,0.1279208,-0.2226824,-0.3621253,-0.3390386,24,24,24,24,24,24,24,24,24,24,24,24,24,24,24,24
531,5310,-1877.599,-1893.089,-1900.054,-1963.038,-1838.122,-1922.988,-1744.233,-563.117,262.2252,475.7892,-234.2754,-1455.563,-2068.416,-1850.948,-1863.427,-1866.126,25,25,25,25,24,25,25,24,24,24,24,25,25,25,25,25,531,5310,-1886.841,-1917.33,470.2286,-684.9966,-0.7896174,-0.1227293,-0.6530086,-0.1303738,1.164828,-0.7712442,-0.6569448,0.8082261,-0.2560231,0.7795922,0.2400085,0.1130589,24,24,24,24,24,24,24,24,24,24,24,24,24,24,24,24
532,5320,-1828.067,-1869.392,-1942.632,-1834.314,-1880.385,-1990.012,-1695.139,-551.0798,231.8781,479.4813,-246.2617,-1372.85,-2143.372,-1953.285,-1870.586,-1788.901,25,25,25,25,24,25,25,24,24,24,24,25,25,25,25,25,532,5320,-1860.524,-1841.538,475.0737,-675.4434,0.3922667,1.472632,0.2611858,0.782265,-0.3882414,-0.5137036,-0.3941553,0.2693985,0.1279208,4.494872E-05,-0.0008451964,-0.226015,24,24,24,24,24,24,24,24,24,24,24,24,24,24,24,24
533,5330,-2075.378,-2036.959,-1917.035,-1889.064,-1961.288,-1874.479,-1700.112,-614.1497,233.9838,470.3741,-217.542,-1423.083,-2143.61,-1840.918,-1935.132,-2012.265,25,25,25,25,24,25,25,24,24,24,24,25,25,25,25,25,533,5330,-1965.794,-1958.91,469.574,-692.355,0.2609474,0.3681525,0.5223843,-0.9126388,0.6471395,-0.3849336,0.5256143,-1.07767,-0.1280412,-0.2226824,-1.325539,-0.1129882,24,24,24,24,24,24,24,24,24,24,24,24,24,24,24,24
534,5340,-2003.235,-1989.325,-1986.194,-1993.09,-1878.453,-2009.02,-1806.717,-592.3323,251.6966,474.4354,-236.6489,-1464.752,-2081.867,-1928.089,-1961.619,-1959.014,25,25,25,25,24,25,25,24,24,24,24,25,25,25,25,25,534,5340,-2012.79,-2047.596,457.6578,-690.5476,-0.1330145,-0.3681621,-0.3918099,-0.7822618,-0.6470866,0.1301466,-0.3941553,1.347054,-0.639967,0.4454996,0.2400085,0.1130589,24,24,24,24,24,24,24,24,24,24,24,24,24,24,24,24
535,5350,-1984.479,-1918.961,-1989.885,-1911.816,-1951.508,-2053.085,-1776.623,-615.2782,214.9084,473.0817,-257.892,-1377.762,-2121.202,-1979.317,-1927.258,-1888.174,25,25,25,25,24,25,25,24,24,24,24,25,25,25,25,25,535,5350,-1892.078,-1886.408,456.6102,-691.3222,0.5235884,-0.3681621,0.6529797,0.2607571,2.568498E-05,-0.2561635,-0.2627574,-0.538842,0.5118648,0.2227723,0.1195816,-1.017186,24,24,24,24,24,24,24,24,24,24,24,24,24,24,24,24
536,5360,-2041.947,-2032.244,-1923.434,-1980.436,-1975.537,-1918.174,-1799.321,-643.9917,250.0864,478.989,-223.8318,-1500.379,-2214.65,-1979.078,-2009.581,-2010.337,25,25,25,25,24,25,25,24,24,24,24,25,25,25,25,25,536,5360,-1940.416,-1959.962,455.9555,-687.9657,-1.052258,-0.4908817,-0.3918148,0.3910795,-0.2588195,0.001376554,-1.051132,-0.538842,-0.639967,-1.113592,-0.602979,-0.226015,24,24,24,24,24,24,24,24,24,24,24,24,24,24,24,24
537,5370,-2012.612,-1950.637,-1942.385,-1937.609,-1890.89,-2008.403,-1784.019,-579.1664,252.6875,482.8042,-245.5496,-1451.66,-2088.185,-1977.168,-1928.69,-1912.028,25,25,25,25,24,25,25,24,24,24,24,25,25,25,25,25,537,5370,-1842.665,-1865.881,467.4788,-683.4473,0.1296265,0.6135982,0.9141783,0.6518335,0.6471412,-1.930175,-0.2627574,-0.269429,-0.2560231,1.336411,0.1195816,0.4521327,24,24,24,24,24,24,24,24,24,24,24,24,24,24,24,24
538,5380,-1958.511,-1948.944,-2018.927,-1889.307,-2030.358,-2066.909,-1749.206,-585.0596,237.3282,474.9277,-267.5048,-1423.839,-2130.022,-1944.926,-1916.878,-1869.741,25,25,25,25,24,25,25,24,24,24,24,25,25,25,25,25,538,5380,-1928.198,-1866.934,469.1811,-695.5824,0.3922675,0.7363178,-0.1306162,0.1303256,-0.7765068,-0.2561635,3.210623E-05,-0.269429,-0.1280412,-0.1113187,0.1195816,0.3391092,24,24,24,24,24,24,24,24,24,24,24,24,24,24,24,24
539,5390,-2016.339,-2034.783,-1951.738,-1963.038,-2020.94,-1922.124,-1741.3,-613.2718,263.0923,488.5886,-231.6644,-1468.655,-2201.658,-1918.894,-1938.95,-2012.626,25,25,25,25,24,25,25,24,24,24,24,25,25,25,25,25,539,5390,-1906.042,-1934.304,456.7412,-697.2606,-0.3956555,-0.3681621,0.1305825,-1.564578,-0.5176616,1.160307,0.5255629,1.077641,0.2559027,-0.7795007,0.3604349,-1.58231,24,24,24,24,24,24,24,24,24,24,24,24,24,24,24,24
540,5400,-1945.647,-1938.788,-1928.234,-1963.403,-1928.565,-2039.631,-1801.489,-567.8816,267.056,486.3733,-246.9737,-1489.552,-2098.912,-1879.01,-1913.776,-1919.257,25,25,25,25,24,25,25,24,24,24,24,25,25,25,25,25,540,5400,-1998.691,-1982.2,456.0865,-694.5496,0.6549084,0.981757,-1.04481,0.3910795,1.035408,-0.2561635,-0.131414,-0.4041323,-0.639967,-1.002228,-0.602979,0.9042333,24,24,24,24,24,24,24,24,24,24,24,24,24,24,24,24
541,5410,-1974.02,-1957.407,-2014.743,-1901.596,-1896.445,-1999.886,-1741.938,-558.603,250.3341,476.5276,-250.4153,-1409.362,-2058.299,-1852.5,-1840.758,-1869.741,25,25,25,25,24,25,25,24,24,24,24,25,25,25,25,25,541,5410,-1977.341,-1977.2,455.5627,-699.1966,-0.3956555,-0.7363242,-0.9142104,0.5214565,-1.035352,-0.1273935,-0.131414,0.1346937,0.7678766,0.8909558,-1.205112,-0.9041627,24,24,24,24,24,24,24,24,24,24,24,24,24,24,24,24
542,5420,-1917.875,-1970.585,-1915.805,-1953.426,-2039.777,-1907.806,-1753.287,-632.7068,247.7329,467.9128,-257.8919,-1553.755,-2255.772,-1988.153,-2048.357,-1915.161,25,25,25,25,24,25,25,24,24,24,24,25,25,25,25,25,542,5420,-1954.918,-1984.963,464.598,-687.062,-1.183578,0.1227164,-0.1306162,0.2607026,0.9059848,-0.1273935,-0.9197888,0.1346937,0.127969,-0.8908675,-0.2416985,3.531685E-05,24,24,24,24,24,24,24,24,24,24,24,24,24,24,24,24
543,5430,-2175.088,-2060.534,-2149.373,-2153.672,-1963.1,-2204.907,-1893.047,-572.8971,269.1617,504.8338,-236.8862,-1482.88,-2166.496,-2049.651,-2014.831,-2028.409,25,25,25,25,24,25,25,24,24,24,24,25,25,25,25,25,543,5430,-1926.183,-1901.672,464.598,-703.8424,-1.314898,-0.3681621,-0.2612146,0.1303256,-0.5176616,-1.286325,-0.2628087,-0.4041323,-1.151843,-0.1113203,0.3604349,-0.226015,24,24,24,24,24,24,24,24,24,24,24,24,24,24,24,24
544,5440,-2090.431,-2063.678,-2088.603,-1918.751,-1995.582,-2087.922,-1781.086,-584.1819,230.6394,483.0504,-252.4328,-1437.309,-2070.439,-1927.134,-1935.49,-1909.98,25,25,25,25,24,25,25,24,24,24,24,25,25,25,25,25,544,5440,-2037.227,-2092.608,458.1816,-691.1931,1.31151,0.6135982,1.044777,0.1303256,0.1294507,0.3876867,0.9197503,-1.284249E-05,1.151821,-0.3340476,-0.3621253,0.6781317,24,24,24,24,24,24,24,24,24,24,24,24,24,24,24,24
545,5450,-1954.303,-1936.491,-1949.523,-1900.379,-1915.161,-1959.153,-1774.2,-610.1371,233.6122,487.2347,-207.3357,-1389.345,-2060.917,-1813.094,-1824.174,-1888.776,25,25,25,25,24,25,25,24,24,24,24,25,25,25,25,25,545,5450,-2069.99,-2177.009,449.4082,-723.0707,-1.446219,0.2454361,0.1305825,-1.303824,-0.5176616,-1.415095,-1.576766,0.4041082,-0.8958809,-0.3340476,0.7217151,1.130232,24,24,24,24,24,24,24,24,24,24,24,24,24,24,24,24
546,5460,-1807.508,-1791.968,-1826.342,-1827.987,-1853.095,-1914.965,-1733.776,-597.2222,235.3463,480.9582,-234.038,-1396.395,-2088.304,-1862.054,-1836.94,-1800.346,25,25,25,25,24,25,25,24,24,24,24,25,25,25,25,25,546,5460,-1848.708,-1861.012,442.599,-697.0024,1.048869,-1.349922,-1.605311E-05,-5.136996E-05,-0.2588179,0.5164568,0.7883524,-0.2694258,1.023839,-0.1113203,-0.3621253,0.1130075,24,24,24,24,24,24,24,24,24,24,24,24,24,24,24,24
547,5470,-1843.335,-1876.128,-1862.029,-1871.179,-1921.802,-1842.51,-1713.884,-597.3476,264.4548,489.2039,-227.7481,-1446.75,-2124.897,-1834.947,-1883.352,-1882.993,25,25,25,25,24,25,25,24,24,24,24,25,25,25,25,25,547,5470,-1803.189,-1803.511,457.3959,-695.3242,-0.5269756,-1.840804,-0.7836119,-0.1304283,-1.941309,-0.5137036,-0.9197888,-1.284249E-05,0.3839327,0.111407,-1.084686,-1.017238,24,24,24,24,24,24,24,24,24,24,24,24,24,24,24,24
548,5480,-1883.611,-1862.223,-1871.381,-1899.162,-1857.442,-1932.369,-1766.422,-574.5271,254.174,489.45,-249.9406,-1446.625,-2103.918,-1979.317,-1906.856,-1901.667,25,25,25,25,24,25,25,24,24,24,24,25,25,25,25,25,548,5480,-1929.138,-1952.067,453.4675,-701.9066,0.5235884,0.1227164,0.2611809,-0.3911823,0.6471412,-0.3849336,-1.926374E-05,0.9429358,0.2559508,-0.1113203,0.1195816,-0.6781638,24,24,24,24,24,24,24,24,24,24,24,24,24,24,24,24
549,5490,-2003.114,-2014.704,-1997.269,-1941.624,-2042.675,-1920.149,-1719.24,-629.8229,235.3463,475.2969,-257.6546,-1465.76,-2233.483,-1929.999,-1934.416,-1946.123,25,25,25,25,24,25,25,24,24,24,24,25,25,25,25,25,549,5490,-2058.04,-1995.621,454.1223,-690.2894,-0.001642233,0.981757,0.1305825,0.2607026,-0.7765068,-1.286325,0.2627702,-1.284249E-05,-0.1279931,-0.222684,0.3604349,1.243256,24,24,24,24,24,24,24,24,24,24,24,24,24,24,24,24
550,5500,-2002.633,-1988.343,-1897.593,-1936.271,-1929.289,-1916.816,-1760.683,-595.7176,260.9866,487.2347,-232.3765,-1473.816,-2135.863,-1933.94,-1955.892,-1984.314,25,25,25,25,24,25,25,24,24,24,24,25,25,25,25,25,550,5500,-1876.502,-1889.829,463.9433,-697.0024,0.2609988,-0.4909331,0.6529797,-1.04307,0.5177177,0.001376554,0.5255629,0.9429358,0.5119129,-1.336322,-0.1212716,-0.7911906,24,24,24,24,24,24,24,24,24,24,24,24,24,24,24,24
551,5510,-1887.818,-1887.495,-1908.667,-1861.567,-1822.666,-1865.592,-1704.32,-562.4899,256.1558,489.0808,-224.5438,-1392.618,-2026.52,-1837.454,-1821.072,-1872.15,25,25,25,25,24,25,25,24,24,24,24,25,25,25,25,25,551,5510,-1851.662,-1882.066,455.8246,-694.937,0.2609988,-0.3682135,-1.567204,-1.303824,0.5177177,0.9027669,0.3941681,0.1346937,-1.023863,4.334341E-05,0.4808618,-0.3390899,24,24,24,24,24,24,24,24,24,24,24,24,24,24,24,24
552,5520,-1885.294,-1920.023,-1870.028,-1897.216,-2012.367,-1929.653,-1758.77,-645.371,235.0986,476.7738,-213.2696,-1445.114,-2168.879,-1900.744,-1959.113,-1853.838,25,25,25,25,24,25,25,24,24,24,24,25,25,25,25,25,552,5520,-2086.651,-2046.807,451.2415,-704.1005,0.7862799,-1.472697,-0.3918115,0.2607539,0.2588725,-0.1273935,0.2627702,-1.077666,-0.511937,-0.6681402,-0.3621253,-0.3390899,24,24,24,24,24,24,24,24,24,24,24,24,24,24,24,24
553,5530,-2011.77,-1986.529,-2001.945,-1991.143,-1935.931,-2081.863,-1832.476,-588.5706,247.8568,485.3887,-247.5671,-1445.743,-2099.627,-1988.273,-1927.258,-1928.413,25,25,25,25,24,25,25,24,24,24,24,25,25,25,25,25,553,5530,-1959.483,-1931.146,448.0988,-698.9385,-1.314847,-5.458059E-05,0.130584,1.043016,-0.6470866,-0.9000142,-1.051184,0.8082277,0.127969,-0.5567766,-0.2416985,0.3390578,24,24,24,24,24,24,24,24,24,24,24,24,24,24,24,24
554,5540,-1932.302,-1874.677,-1937.955,-1817.767,-1855.872,-1937.429,-1724.34,-572.0194,242.0351,467.9127,-268.0981,-1411.376,-2110.712,-1945.284,-1896.237,-1880.222,25,25,25,25,24,25,25,24,24,24,24,25,25,25,25,25,554,5540,-1872.877,-1870.618,450.4558,-694.937,-0.2642832,0.6135468,1.044778,0.3911309,0.5177161,-0.6424737,0.9197503,0.6735212,0.2559508,-0.1113203,0.4808618,0.6781317,24,24,24,24,24,24,24,24,24,24,24,24,24,24,24,24
555,5550,-2041.105,-1991.124,-1874.581,-1897.459,-1985.197,-1849.546,-1725.233,-635.0893,237.2043,484.4041,-207.6918,-1434.413,-2154.576,-1869.696,-1941.694,-2005.157,25,25,25,25,24,25,25,24,24,24,24,25,25,25,25,25,555,5550,-1973.85,-1949.173,454.777,-693.775,-0.001642233,-0.3682135,-0.9142088,-0.7822618,-1.035354,-0.5137036,-0.131414,-0.6735469,-0.1279931,0.2227707,0.4808618,0.1130075,24,24,24,24,24,24,24,24,24,24,24,24,24,24,24,24
556,5560,-1906.814,-1896.806,-1875.319,-1897.094,-1833.654,-1882.255,-1746.656,-580.4204,257.1468,480.2197,-216.1179,-1423.587,-2045.921,-1868.024,-1894.09,-1936.123,25,25,25,25,24,25,25,24,24,24,24,25,25,25,25,25,556,5560,-1960.154,-1951.541,459.753,-688.9985,0.7862799,-0.3682135,0.3917827,-0.2607539,1.423674,0.7739968,-0.3942067,-0.2694772,0.2559508,-0.6681402,-0.9642587,0.1130075,24,24,24,24,24,24,24,24,24,24,24,24,24,24,24,24
557,5570,-1918.837,-1905.754,-1962.567,-1888.577,-1939.311,-1976.434,-1745.763,-616.7827,217.3858,469.2665,-255.6372,-1423.083,-2137.055,-1921.282,-1901.248,-1850.585,25,25,25,25,24,25,25,24,24,24,24,25,25,25,25,25,557,5570,-1978.684,-2032.333,453.0747,-702.2938,-0.3956041,-0.6136559,-1.175407,-0.130377,-0.5176631,-0.1273935,0.6569576,0.1346423,-0.511937,0.3341343,-0.2416985,0.5651081,24,24,24,24,24,24,24,24,24,24,24,24,24,24,24,24
558,5580,-1913.186,-1949.285,-1952.23,-1984.451,-1963.462,-1958.413,-1784.911,-603.1155,259.0047,481.3274,-239.9719,-1474.823,-2135.386,-1873.637,-1914.253,-1978.652,25,25,25,25,24,25,25,24,24,24,24,25,25,25,25,25,558,5580,-1909.399,-1898.908,444.3013,-692.6132,1.180242,-1.227254,0.6529813,0.3911309,-0.3882414,-0.2561635,0.1313755,-0.4041837,0.2559508,-0.2226872,-0.8438319,-0.2260664,24,24,24,24,24,24,24,24,24,24,24,24,24,24,24,24
559,5590,-1872.43,-1872.38,-1921.096,-1908.166,-1894.754,-2023.462,-1754.69,-560.233,243.2738,477.0199,-277.8297,-1414.397,-2102.965,-2014.186,-1924.275,-1882.632,25,25,25,25,24,25,25,24,24,24,24,25,25,25,25,25,559,5590,-1906.58,-1894.434,449.932,-700.2291,-0.6582451,-5.458059E-05,0.2611842,0.3911309,-0.1293961,-0.5137036,-1.70816,0.2693504,0.127969,0.1114038,-0.2416985,-0.9042141,24,24,24,24,24,24,24,24,24,24,24,24,24,24,24,24
560,5600,-2024.033,-1993.785,-1958.629,-1926.416,-2026.857,-1945.576,-1756.347,-635.4654,236.3373,478.1275,-226.0867,-1456.821,-2197.605,-1901.46,-1960.068,-2000.338,25,25,25,25,24,25,25,24,24,24,24,25,25,25,25,25,560,5600,-1935.851,-1989.174,457.3959,-684.351,0.2609988,0.4908271,-0.6530101,0.7822618,-0.5176631,-1.543865,1.051145,0.1346423,-0.3839552,0.7795857,-0.1212716,-0.5651402,24,24,24,24,24,24,24,24,24,24,24,24,24,24,24,24
561,5610,-1942.04,-1960.289,-1940.417,-1952.088,-1883.766,-2013.34,-1804.294,-580.4204,253.4308,480.3428,-255.8745,-1467.144,-2102.25,-1930,-1906.617,-1955.159,25,25,25,25,24,25,25,24,24,24,24,25,25,25,25,25,561,5610,-2000.168,-2046.544,458.0507,-686.4166,-0.001642233,-5.458059E-05,0.3917827,0.3911309,-1.294199,-0.1273935,-0.9197888,-1.077718,0.5119129,4.013279E-05,0.9625688,0.2260343,24,24,24,24,24,24,24,24,24,24,24,24,24,24,24,24
562,5620,-1921.722,-1919.082,-1967.366,-1846.48,-1906.467,-1958.783,-1738.495,-610.2626,211.688,474.3123,-236.7676,-1393.248,-2111.666,-1931.194,-1887.408,-1872.512,25,25,25,25,24,25,25,24,24,24,24,25,25,25,25,25,562,5620,-1956.529,-1972.463,458.0507,-686.6747,0.7862799,0.8589861,1.175378,-0.130377,0.9059848,-0.5137036,-0.6569961,0.8081763,-0.2559749,-0.3340508,0.3604349,1.017206,24,24,24,24,24,24,24,24,24,24,24,24,24,24,24,24
563,5630,-2017.181,-2099.997,-2016.712,-2010.488,-2148.696,-2022.597,-1800.469,-641.484,246.4943,474.9277,-249.2286,-1541.67,-2225.259,-2021.828,-2099.59,-2004.554,25,25,25,25,24,25,25,24,24,24,24,25,25,25,25,25,563,5630,-1924.169,-1926.146,452.289,-690.8058,0.7862799,0.6135468,-0.7836103,-0.130377,2.568498E-05,-0.5137036,0.2627702,0.2693504,-0.511937,0.4454948,0.2400085,-0.2260664,24,24,24,24,24,24,24,24,24,24,24,24,24,24,24,24
564,5640,-2174.245,-2078.684,-2207.677,-2052.585,-1988.216,-2204.66,-1890.752,-616.7827,227.4189,470.9895,-281.39,-1492.951,-2169.356,-2047.86,-1999.679,-2005.759,25,25,25,25,24,25,25,24,24,24,24,25,25,25,25,25,564,5640,-1962.572,-1933.12,449.4082,-689.2567,-0.3956041,-1.227254,1.044778,0.3911309,0.2588709,0.3876867,0.2627702,-0.9430113,-0.1279931,0.2227675,-0.7234055,-0.3390899,24,24,24,24,24,24,24,24,24,24,24,24,24,24,24,24
565,5650,-2053.969,-1984.851,-1924.05,-1849.522,-1871.449,-1913.73,-1724.085,-573.6495,247.8568,476.8968,-243.8882,-1402.186,-2042.945,-1830.409,-1806.397,-1961.183,25,25,25,25,24,25,25,24,24,24,24,25,25,25,25,25,565,5650,-1806.546,-1801.011,446.2655,-689.7731,0.1296778,-0.4909331,-0.130613,-0.130377,0.2588709,-0.2561635,-1.051184,-0.4041837,-0.7678991,-0.8908691,-0.2416985,-0.2260664,24,24,24,24,24,24,24,24,24,24,24,24,24,24,24,24
566,5660,-1829.389,-1857.665,-1794.101,-1769.951,-1829.186,-1795.112,-1655.735,-572.8972,240.1771,464.3437,-246.3804,-1425.098,-2092.714,-1853.456,-1897.907,-1849.019,25,25,25,25,24,25,25,24,24,24,24,25,25,25,25,25,566,5660,-1889.93,-1906.277,453.4675,-688.353,0.1296778,0.9817057,1.305977,1.564524,-0.6470866,-0.2561635,-1.926374E-05,0.2693504,0.127969,0.2227675,-0.2416985,0.5651081,24,24,24,24,24,24,24,24,24,24,24,24,24,24,24,24
567,5670,-1913.186,-1905.057,-1895.377,-1938.704,-1861.789,-1949.772,-1786.059,-590.2006,250.9534,478.4967,-247.2111,-1482.754,-2113.335,-2002.483,-1975.459,-1909.86,25,25,25,25,24,25,25,24,24,24,24,25,25,25,25,25,567,5670,-2058.442,-2021.938,459.4911,-686.0293,0.2609988,0.2453847,0.783583,-0.6518849,-1.164777,-0.9000142,-0.7883909,-0.4041837,0.5119129,-0.4454145,-0.2416985,-0.2260664,24,24,24,24,24,24,24,24,24,24,24,24,24,24,24,24
568,5680,-2004.918,-2025.594,-2115.474,-1929.579,-2034.585,-2082.852,-1753.797,-581.1727,234.6031,473.5739,-256.9426,-1405.963,-2062.703,-1854.889,-1834.196,-1913.594,25,25,25,25,24,25,25,24,24,24,24,25,25,25,25,25,568,5680,-1977.207,-2001.411,458.1816,-689.644,0.3923188,-5.458059E-05,-0.7836071,-1.564578,2.568498E-05,0.7739968,-1.182578,0.4040569,-0.2559749,-0.7795055,-0.0008451964,-0.4521135,24,24,24,24,24,24,24,24,24,24,24,24,24,24,24,24
569,5690,-1893.589,-1921.5,-1870.643,-1850.009,-1937.138,-1867.444,-1722.3,-621.1712,241.6635,479.9736,-218.0167,-1430.133,-2137.77,-1854.769,-1894.806,-1874.921,25,25,25,25,24,25,25,24,24,24,24,25,25,25,25,25,569,5690,-1887.647,-1937.988,452.6819,-696.8734,0.5236397,-1.349974,-0.6530086,0.3910795,-1.423675,0.001376554,0.9197503,-1.481839,-0.6399189,-1.447689,-1.205112,-0.5651402,24,24,24,24,24,24,24,24,24,24,24,24,24,24,24,24
570,5700,-1924.848,-1900.584,-1887.502,-1940.286,-1881.23,-1881.638,-1762.086,-600.3569,248.2284,471.3587,-237.717,-1465.004,-2089.138,-1876.98,-1928.331,-1905.643,25,25,25,25,24,25,25,24,24,24,24,25,25,25,25,25,570,5700,-2120.793,-2125.526,453.5985,-685.1255,0.3923188,0.2453847,1.044782,1.955603,-0.1294491,-0.3849336,-0.3942067,0.2693504,0.7678766,0.7795857,-0.602979,-0.1130396,24,24,24,24,24,24,24,24,24,24,24,24,24,24,24,24
571,5710,-2009.125,-1940.239,-2048.092,-1979.22,-1949.938,-2085.944,-1800.596,-590.3259,223.703,474.8047,-258.4854,-1433.784,-2109.997,-1979.437,-1933.7,-1906.245,25,25,25,25,24,25,25,24,24,24,24,25,25,25,25,25,571,5710,-1865.358,-1861.67,453.4675,-696.6152,-0.5269242,-0.3682135,-0.9142072,-5.136996E-05,-0.1294491,-1.028784,-0.5256014,0.6734698,-0.6399189,0.1114038,0.1195816,0.2260343,24,24,24,24,24,24,24,24,24,24,24,24,24,24,24,24
572,5720,-2000.71,-2006.976,-1975.857,-1907.557,-1995.582,-1932.986,-1727.273,-609.134,226.9235,474.4355,-235.2247,-1425.224,-2182.944,-1858.71,-1898.981,-1961.906,25,25,25,25,24,25,25,24,24,24,24,25,25,25,25,25,572,5720,-1904.028,-1892.066,457.5269,-690.6767,0.5236397,0.3681075,-0.6530086,-0.1304283,-0.6471395,-0.1273935,0.3941681,0.6734698,-0.3839552,-0.5567782,-0.0008451964,0.3390578,24,24,24,24,24,24,24,24,24,24,24,24,24,24,24,24
573,5730,-1939.034,-1934.073,-1863.26,-1887.239,-1894.03,-1872.381,-1735.69,-602.7393,246.3704,477.2661,-207.6918,-1419.181,-2097.84,-1837.932,-1871.182,-1959.014,25,25,25,25,24,25,25,24,24,24,24,25,25,25,25,25,573,5730,-2086.517,-2095.241,459.0982,-686.4166,-0.001642233,-5.458059E-05,-0.1306113,-1.564578,0.6470866,-0.1273935,-1.926374E-05,-0.2694772,-0.3840065,-1.002233,-0.602979,-0.4521135,24,24,24,24,24,24,24,24,24,24,24,24,24,24,24,24
574,5740,-1875.916,-1859.358,-1902.884,-1912.668,-1876.521,-2013.463,-1778.663,-574.6525,239.3101,480.4659,-256.2305,-1436.805,-2115.719,-1963.674,-1908.287,-1842.513,25,25,25,25,24,25,25,24,24,24,24,25,25,25,25,25,574,5740,-2053.609,-2028.254,453.5985,-693.775,0.1296778,0.2453847,-0.3918099,-0.1304283,0.2588179,-0.1273935,-1.926374E-05,0.2693504,-1.279876,-0.2226872,0.8421419,0.6781317,24,24,24,24,24,24,24,24,24,24,24,24,24,24,24,24
575,5750,-1942.28,-1957.891,-1913.098,-1889.307,-1983.869,-1933.109,-1725.233,-602.1123,251.6966,476.1585,-251.8394,-1487.161,-2209.286,-1876.383,-1946.824,-1924.799,25,25,25,25,24,25,25,24,24,24,24,25,25,25,25,25,575,5750,-1911.816,-1949.041,446.5274,-691.064,0.1296778,-0.3682135,0.5223843,0.1303256,-0.2588725,0.3876867,-0.6569961,-1.077718,1.151769,0.8909494,-0.7233541,-0.3390899,24,24,24,24,24,24,24,24,24,24,24,24,24,24,24,24
576,5760,-2070.802,-2015.802,-2002.191,-1995.402,-1910.693,-2065.181,-1844.208,-602.2377,240.9203,474.8047,-253.9756,-1476.082,-2093.668,-1952.807,-1945.512,-2006,25,25,25,25,24,25,25,24,24,24,24,25,25,25,25,25,576,5760,-1952.098,-1976.016,454.1223,-682.0273,-0.1329631,-0.3682135,0.5223843,-0.1304283,-0.5177161,0.7739968,-0.5256014,-0.1347707,1.023787,0.1114038,-0.9642078,-1.243243,24,24,24,24,24,24,24,24,24,24,24,24,24,24,24,24
577,5770,-1923.525,-1890.549,-1992.469,-1892.592,-1863.238,-1942.737,-1752.394,-593.9622,224.1984,468.8973,-249.1099,-1410.495,-2090.569,-1924.148,-1875.119,-1897.21,25,25,25,25,24,25,25,24,24,24,24,25,25,25,25,25,577,5770,-2034.676,-1999.7,461.5862,-680.7363,-0.9208853,-0.6136559,-0.5224084,-0.6519362,-0.6471395,-1.286325,0.9197503,-6.421245E-05,-0.7679505,-0.8908691,-0.6029276,-0.2260182,24,24,24,24,24,24,24,24,24,24,24,24,24,24,24,24
578,5780,-1908.016,-1919.539,-1873.719,-1841.979,-1929.169,-1853.372,-1692.716,-592.5829,239.3101,466.559,-255.8745,-1433.658,-2150.762,-1817.632,-1850.184,-1913.233,25,25,25,25,24,25,25,24,24,24,24,25,25,25,25,25,578,5780,-2106.679,-2146.329,461.1934,-685.7711,0.9176008,0.2453847,0.783583,-5.136996E-05,-0.3882943,-0.7712442,-1.926374E-05,-0.6735983,-6.260714E-05,-0.2226872,-0.2416471,0.4521295,24,24,24,24,24,24,24,24,24,24,24,24,24,24,24,24
579,5790,-1941.319,-1964.038,-1896.608,-1956.833,-1930.859,-1929.036,-1778.791,-611.8926,259.1286,484.5273,-226.324,-1494.084,-2187.474,-1940.508,-1987.867,-1950.219,25,25,25,25,24,25,25,24,24,24,24,25,25,25,25,25,579,5790,-2097.135,-2146.329,457.6578,-686.6747,-0.2642832,0.6135468,-1.284249E-05,-1.04307,-0.3882943,-0.3849336,-1.445371,0.1346423,0.6398434,0.1114038,-0.362074,0.2260792,24,24,24,24,24,24,24,24,24,24,24,24,24,24,24,24
580,5800,-2022.591,-1931.631,-2033.817,-1973.623,-1931.342,-2133.554,-1850.583,-599.4792,232.002,473.0817,-265.3686,-1456.192,-2131.095,-2047.024,-1977.487,-1971.785,25,25,25,25,24,25,25,24,24,24,24,25,25,25,25,25,580,5800,-1878.114,-1901.145,446.0036,-689.7731,1.180242,-5.458059E-05,-0.3918099,0.5214565,0.1293961,-0.1273935,0.6569576,-0.4041837,-0.6399702,-0.2226872,-0.0007938265,-0.339045,24,24,24,24,24,24,24,24,24,24,24,24,24,24,24,24
581,5810,-2164.25,-2055.938,-2038.124,-1928.971,-2035.671,-1961.992,-1736.965,-617.535,233.86,474.8047,-228.2228,-1396.899,-2125.493,-1829.693,-1846.724,-2022.024,25,25,25,25,24,25,25,24,24,24,24,25,25,25,25,25,581,5810,-1784.257,-1752.852,441.8133,-682.4146,-0.1329631,-1.472697,-0.1306113,0.2607026,0.9059318,0.001376554,0.3941681,-0.9430113,-0.8959323,-0.3340508,-0.4825008,-0.339045,24,24,24,24,24,24,24,24,24,24,24,24,24,24,24,24
582,5820,-1902.847,-1917.121,-1850.708,-1890.646,-1890.286,-1945.452,-1795.368,-610.6387,237.8237,475.5431,-209.3533,-1454.555,-2153.503,-1911.49,-1927.496,-1918.293,25,25,25,25,24,25,25,24,24,24,24,25,25,25,25,25,582,5820,-1892.347,-1937.857,452.1581,-678.0253,-0.6582451,-0.4908881,0.783583,1.173341,0.3882414,-0.3849336,-0.7883909,0.1346423,0.7678252,0.4454948,0.3604863,-0.1129947,24,24,24,24,24,24,24,24,24,24,24,24,24,24,24,24
583,5830,-1927.613,-1903.578,-1909.16,-1851.226,-1884.611,-1946.317,-1735.307,-597.473,226.7996,486.7425,-212.3201,-1370.08,-2137.293,-1906.595,-1871.779,-1890.463,25,25,25,25,24,25,25,24,24,24,24,25,25,25,25,25,583,5830,-1971.971,-1968.252,464.9908,-673.3778,-0.1329631,0.4908721,0.5223843,0.1303256,-0.6471395,-1.801405,-0.3942067,0.2693504,-6.260714E-05,0.3341311,-0.2416471,0.3391027,24,24,24,24,24,24,24,24,24,24,24,24,24,24,24,24
584,5840,-1895.874,-1902.127,-1841.725,-1809.493,-1861.789,-1818.318,-1671.038,-587.1913,236.8327,466.4359,-233.2072,-1403.697,-2074.486,-1823.603,-1851.854,-1890.583,25,25,25,25,24,25,25,24,24,24,24,25,25,25,25,25,584,5840,-1862.404,-1830.354,461.0625,-683.7056,1.311562,0.859031,0.5223843,-0.2607507,0.1293961,0.1301466,0.9197503,-0.2694772,0.7678252,-0.1113235,-0.362074,0.1130557,24,24,24,24,24,24,24,24,24,24,24,24,24,24,24,24
585,5850,-1874.954,-1881.328,-1924.296,-1940.651,-1900.188,-1960.881,-1764.509,-580.1696,241.7873,472.3433,-260.9775,-1463.116,-2115.242,-1995.318,-1930.121,-1888.294,25,25,25,25,24,25,25,24,24,24,24,25,25,25,25,25,585,5850,-1872.608,-1875.355,460.6696,-684.351,0.3923188,-0.3681685,-0.1306113,-0.7822618,0.1294491,0.2589166,0.2627702,-0.6735983,-0.8959323,-1.447689,-1.205061,-0.1129947,24,24,24,24,24,24,24,24,24,24,24,24,24,24,24,24
586,5860,-1964.642,-1956.904,-1971.796,-1883.589,-2035.551,-1966.189,-1730.334,-619.0397,227.0473,479.1121,-238.1917,-1404.704,-2177.819,-1884.026,-1902.68,-1916.245,25,25,25,25,24,25,25,24,24,24,24,25,25,25,25,25,586,5860,-1986.338,-2006.674,452.0271,-691.1931,-0.3956041,0.7363114,-0.1306113,3.210623E-06,1.035407,0.2589166,-1.051184,-0.4041837,-1.791802,4.013279E-05,-0.1212203,1.017254,24,24,24,24,24,24,24,24,24,24,24,24,24,24,24,24
587,5870,-2004.196,-2028.973,-1943.493,-1987.493,-1976.624,-1904.103,-1763.616,-635.967,237.0804,468.7742,-233.2073,-1455.059,-2147.305,-1872.801,-1909.123,-2009.615,25,25,25,25,24,25,25,24,24,24,24,25,25,25,25,25,587,5870,-1826.284,-1800.09,449.2773,-675.7015,-0.3956041,-0.9817699,0.1305873,1.043019,-0.3882414,-0.2561635,-0.2627574,-0.8083048,-6.260714E-05,0.7795857,0.4809132,-0.7911424,24,24,24,24,24,24,24,24,24,24,24,24,24,24,24,24
588,5880,-1897.437,-1912.042,-1878.15,-1871.909,-1822.666,-1915.706,-1769.737,-587.9436,239.6816,477.143,-258.9601,-1448.009,-2065.44,-2066.489,-1990.253,-1897.45,25,25,25,25,24,25,25,24,24,24,24,25,25,25,25,25,588,5880,-1830.715,-1846.802,463.2885,-670.2795,-0.3956041,-0.3681685,0.5223843,1.564527,0.9059848,-0.1273935,-1.44532,-0.6735485,0.2558995,0.4454948,0.119633,-0.7911424,24,24,24,24,24,24,24,24,24,24,24,24,24,24,24,24
589,5890,-2115.84,-2045.055,-2157.754,-1955.616,-2129.683,-2178.32,-1801.872,-603.2408,226.1802,474.1893,-254.4504,-1419.433,-2156.245,-1895.131,-1895.044,-1897.812,25,25,25,25,24,25,25,24,24,24,24,25,25,25,25,25,589,5890,-1811.112,-1827.591,463.5504,-683.1891,-0.2642832,-0.2454489,-0.9142072,-0.5215046,0.3882943,-0.6424737,0.1314268,-0.269429,-0.639967,-0.8908691,-0.362074,-0.2260182,24,24,24,24,24,24,24,24,24,24,24,24,24,24,24,24
590,5900,-1922.684,-1949.769,-1860.306,-1858.161,-1905.863,-1857.322,-1712.099,-600.8585,233.4883,471.851,-214.9311,-1372.095,-2037.113,-1781.331,-1795.301,-1977.809,25,25,25,25,24,25,25,24,24,24,24,25,25,25,25,25,590,5900,-1988.083,-1973.779,467.4788,-676.6052,-0.1329631,1.349913,0.1305873,1.043019,-0.3882414,-0.2561635,0.657009,0.9429326,0.2559027,-0.4454097,1.083047,0.5651531,24,24,24,24,24,24,24,24,24,24,24,24,24,24,24,24
591,5910,-1820.613,-1861.86,-1836.925,-1900.987,-1919.146,-1861.519,-1732.757,-615.905,243.7692,474.6816,-230.1217,-1509.065,-2208.094,-2009.409,-2083.568,-1841.067,25,25,25,25,24,25,25,24,24,24,24,25,25,25,25,25,591,5910,-1923.498,-1925.62,469.443,-681.7691,-0.2642832,-0.2454489,0.6529829,-0.6518849,2.568498E-05,-0.3849336,-0.9197375,-0.808255,-0.5119852,-0.1113187,-0.1212716,2.88956E-05,24,24,24,24,24,24,24,24,24,24,24,24,24,24,24,24
592,5920,-2249.51,-2182.829,-2186.475,-2045.893,-2024.804,-2215.295,-1848.671,-589.1975,233.8599,482.8042,-276.0495,-1447.254,-2136.816,-2039.621,-1970.448,-2040.577,25,25,25,25,24,25,25,24,24,24,24,25,25,25,25,25,592,5920,-2041.121,-2035.885,458.1816,-693.6459,0.1296778,0.859031,-0.1306113,-0.5215046,0.9059848,0.7739968,3.210623E-05,0.6735196,-6.100183E-05,1.225047,0.8421419,-0.226015,24,24,24,24,24,24,24,24,24,24,24,24,24,24,24,24
593,5930,-2028.835,-2064.644,-2031.11,-1948.438,-2126.413,-2076.051,-1788.354,-640.2301,236.4611,477.8813,-239.6158,-1453.171,-2241.23,-1898.475,-1965.556,-1979.495,25,25,25,25,24,25,25,24,24,24,24,25,25,25,25,25,593,5930,-2084.904,-2040.754,457.3959,-688.6111,1.048921,-0.3681685,-0.2612115,0.6518881,1.294252,-0.3849336,-0.1313626,-0.9429631,-1.151893,-0.5567734,-1.084686,0.1130589,24,24,24,24,24,24,24,24,24,24,24,24,24,24,24,24
594,5940,-2049.878,-2054.85,-1940.786,-1988.466,-1933.153,-1940.145,-1763.361,-598.2253,249.3432,477.7583,-220.2715,-1427.741,-2068.059,-1813.572,-1847.082,-2031.903,25,25,25,25,24,25,25,24,24,24,24,25,25,25,25,25,594,5940,-2048.103,-2061.676,451.3724,-691.3222,-1.314847,-0.3681685,-0.1306113,1.043019,-0.3882414,-0.2561635,-1.313922,0.2693985,0.2559027,-0.2226824,0.1195816,-0.5650889,24,24,24,24,24,24,24,24,24,24,24,24,24,24,24,24
595,5950,-1801.931,-1805.753,-1843.816,-1841.857,-1804.674,-1961.622,-1753.032,-564.8723,237.9475,477.3891,-255.5185,-1413.768,-2099.151,-2058.607,-1954.222,-1809.502,25,25,25,25,24,25,25,24,24,24,24,25,25,25,25,25,595,5950,-1957.872,-1939.436,457.134,-684.2219,0.1296778,-0.3681685,0.3917859,0.3911341,0.6471395,-1.930175,-1.182527,-0.538842,-0.2560231,0.8909558,0.2400085,0.5651595,24,24,24,24,24,24,24,24,24,24,24,24,24,24,24,24
596,5960,-2050.359,-1988.827,-1955.675,-1857.187,-1972.397,-1968.287,-1699.219,-585.6866,228.7814,466.4359,-273.9133,-1426.356,-2213.935,-2011.32,-1962.812,-1917.088,25,25,25,25,24,25,25,24,24,24,24,25,25,25,25,25,596,5960,-1871.668,-1864.17,458.5744,-689.7731,0.9176008,-0.4908881,-1.306004,3.210623E-06,-0.5176631,0.2589166,3.210623E-05,-0.9429631,-6.100183E-05,0.6682269,0.3604349,3.531685E-05,24,24,24,24,24,24,24,24,24,24,24,24,24,24,24,24
597,5970,-2213.719,-2247.375,-2063.473,-2103.966,-2119.632,-2094.229,-1856.449,-625.0583,260.615,478.7429,-252.1955,-1526.438,-2203.446,-1949.583,-2004.093,-2126.663,25,25,25,25,24,25,25,24,24,24,24,25,25,25,25,25,597,5970,-1926.049,-1924.962,448.6224,-696.486,0.3923188,-9.631868E-06,0.3917859,-0.7822618,0.7765613,0.6452268,-0.2627574,1.077641,-6.100183E-05,-0.8908643,-0.9642591,-0.3390386,24,24,24,24,24,24,24,24,24,24,24,24,24,24,24,24
598,5980,-1978.212,-1975.284,-2032.586,-1969.851,-1900.43,-2133.43,-1871.114,-609.3849,223.9506,471.6048,-262.2831,-1483.51,-2210.478,-2118.046,-2016.382,-1905.643,25,25,25,25,24,25,25,24,24,24,24,25,25,25,25,25,598,5980,-1785.197,-1777.852,448.0987,-695.1951,0.1296778,0.1227164,-0.3918099,0.6518881,-0.3882414,-0.3849336,-0.5255501,0.2693985,-1.023911,-0.4454097,0.1195816,0.678183,24,24,24,24,24,24,24,24,24,24,24,24,24,24,24,24
599,5990,-2035.93,-1989.068,-2024.588,-1895.391,-1921.44,-2000.997,-1754.18,-576.1572,241.4157,477.5122,-238.6664,-1415.656,-2095.932,-1866.114,-1837.417,-1983.591,25,25,25,25,24,25,25,24,24,24,24,25,25,25,25,25,599,5990,-1867.775,-1873.381,446.9201,-698.5514,-0.5269242,-1.349922,-1.605311E-05,0.1303802,-0.3882414,-1.028784,-0.7883395,-0.808255,-6.100183E-05,0.3341359,-1.325539,-0.5650889,24,24,24,24,24,24,24,24,24,24,24,24,24,24,24,24
600,6000,-1814.918,-1796.805,-1798.408,-1756.568,-1815.3,-1819.799,-1641.454,-545.5627,248.6,473.0817,-226.7987,-1351.063,-2000.812,-1795.66,-1798.165,-1837.332,25,25,25,25,24,25,25,24,24,24,24,25,25,25,25,25,600,6000,-1965.122,-1979.173,452.5508,-677.1216,-0.3956041,0.3681589,0.6529797,-5.136996E-05,0.2588709,1.031537,-1.576714,0.404105,0.1279208,4.494872E-05,-0.2416985,-0.3390386,24,24,24,24,24,24,24,24,24,24,24,24,24,24,24,24
601,6010,-1821.892,-1840.215,-1804.315,-1903.542,-1869.517,-1806.221,-1731.609,-607.2533,255.041,476.2815,-224.4252,-1463.619,-2123.943,-1890.116,-1912.821,-1838.417,25,25,25,25,24,25,25,24,24,24,24,25,25,25,25,25,601,6010,-1896.106,-1864.565,451.8961,-692.2259,0.3923188,-0.7363242,-1.175409,-0.6519362,-0.2588195,-1.028784,-0.1313626,-1.44478E-05,-0.2560231,-0.2226824,-0.2416985,-0.5650889,24,24,24,24,24,24,24,24,24,24,24,24,24,24,24,24
602,6020,-1969.674,-1939.249,-2003.422,-1889.064,-1903.811,-2051.604,-1795.368,-600.2316,231.3826,478.2506,-244.2442,-1414.019,-2093.429,-1998.781,-1919.145,-1888.656,25,25,25,25,24,25,25,24,24,24,24,25,25,25,25,25,602,6020,-1938.402,-2043.386,454.7769,-687.8366,0.9176008,0.3681589,-1.605311E-05,0.3910795,-0.5176631,-0.2562149,1.445384,-1.44478E-05,0.5118648,-0.8908643,-0.602979,-0.1129882,24,24,24,24,24,24,24,24,24,24,24,24,24,24,24,24
603,6030,-1986.869,-1942.151,-1944.231,-1863.635,-1893.788,-1886.699,-1699.474,-567.7562,242.9022,481.4504,-229.647,-1373.858,-2033.186,-1884.264,-1851.735,-1906.607,25,25,25,25,24,25,25,24,24,24,24,25,25,25,25,25,603,6030,-1948.473,-2025.754,458.4434,-687.8366,0.3923188,0.981757,1.044777,0.3910795,0.2588709,0.6451755,-1.926374E-05,0.404105,-1.023911,-0.7795007,-0.9642591,-0.6781124,24,24,24,24,24,24,24,24,24,24,24,24,24,24,24,24
604,6040,-1875.161,-1899.104,-1875.811,-1848.792,-1887.63,-1862.506,-1703.682,-595.4669,245.7511,471.6048,-235.8182,-1469.158,-2139.558,-1908.028,-1956.966,-1855.886,25,25,25,25,24,25,25,24,24,24,24,25,25,25,25,25,604,6040,-1909.534,-1907.461,443.7774,-695.066,-0.5269242,0.2454361,-1.436608,-0.5215592,2.568498E-05,0.2588653,0.6569576,0.1346937,-0.8959291,0.1114086,0.2400085,0.4521327,24,24,24,24,24,24,24,24,24,24,24,24,24,24,24,24
605,6050,-1993.964,-1911.196,-2031.11,-1961.091,-1894.392,-2101.896,-1809.65,-563.1169,248.4761,476.5276,-259.1974,-1438.945,-2055.68,-1874.711,-1864.143,-1917.691,25,25,25,25,24,25,25,24,24,24,24,25,25,25,25,25,605,6050,-1954.246,-1881.934,448.2296,-686.6747,0.1296778,-0.8590438,-0.6530133,0.2607026,-0.2588195,0.6451755,-0.7883909,-0.1347193,-1.123718E-05,-0.1113187,-1.566393,-0.5650889,24,24,24,24,24,24,24,24,24,24,24,24,24,24,24,24
606,6060,-1819.126,-1818.691,-1828.557,-1750.484,-1782.455,-1819.799,-1657.521,-566.7532,242.6544,479.8505,-225.8493,-1387.079,-2091.403,-1844.5,-1834.912,-1799.503,25,25,25,25,24,25,25,24,24,24,24,25,25,25,25,25,606,6060,-1942.565,-1964.568,450.1938,-699.5838,-0.5269242,-0.4908817,-0.3918148,-1.303824,-0.1293961,-0.384985,-1.926374E-05,-1.284249E-05,-0.1279931,-0.4454113,-1.445966,-0.226015,24,24,24,24,24,24,24,24,24,24,24,24,24,24,24,24
607,6070,-1903.899,-1907.689,-1869.658,-1893.322,-1895.962,-1883.119,-1725.998,-596.47,248.4761,477.2661,-213.2696,-1414.901,-2069.725,-1796.974,-1828.947,-1894.921,25,25,25,25,24,25,25,24,24,24,24,25,25,25,25,25,607,6070,-1911.279,-1890.092,443.2536,-693.1296,-0.1329631,0.6135982,1.044777,0.2607026,-0.2588195,-1.028836,0.1313755,0.8082277,0.5119129,1.336407,0.4808618,0.3391092,24,24,24,24,24,24,24,24,24,24,24,24,24,24,24,24
608,6080,-1826.702,-1808.171,-1802.592,-1842.709,-1806.726,-1823.255,-1705.978,-567.3801,255.2888,480.4658,-222.6451,-1416.789,-2054.014,-1886.414,-1891.584,-1809.864,25,25,25,25,24,25,25,24,24,24,24,25,25,25,25,25,608,6080,-1876.905,-1908.514,452.158,-687.7075,-0.6582451,-0.6136046,0.6529797,-0.9126902,-0.2588195,-0.2562149,-0.6569961,-1.481787,0.127969,-0.6681402,0.2400085,-0.2260664,24,24,24,24,24,24,24,24,24,24,24,24,24,24,24,24
609,6090,-1942.04,-1874.799,-1977.211,-1833.34,-1920.837,-1994.455,-1715.542,-560.8599,249.5909,480.712,-263.1138,-1441.337,-2175.078,-1920.685,-1910.316,-1877.451,25,25,25,25,24,25,25,24,24,24,24,25,25,25,25,25,609,6090,-2013.595,-1953.647,459.491,-695.5824,0.5236397,0.8590374,-0.5224133,-1.303824,-0.1293961,1.546567,0.6569576,0.2694018,-0.8958809,-0.3340476,0.2400085,-0.4521135,24,24,24,24,24,24,24,24,24,24,24,24,24,24,24,24
610,6100,-1974.741,-2026.433,-1909.406,-2004.04,-1973.001,-1853.249,-1719.112,-599.1031,262.5969,476.7738,-259.7908,-1508.436,-2198.797,-1915.431,-1943.961,-1990.097,25,25,25,25,24,25,25,24,24,24,24,25,25,25,25,25,610,6100,-1950.621,-1978.779,454.1222,-710.2949,0.6549598,-1.227203,-0.7836119,0.1303256,-0.2588195,0.1300952,1.445332,-1.347081,-0.6399189,0.3341343,-1.205112,0.3390578,24,24,24,24,24,24,24,24,24,24,24,24,24,24,24,24
611,6110,-2005.038,-2028.973,-1998.991,-1999.416,-1972.397,-2097.692,-1853.389,-611.0149,235.5941,477.3891,-262.1643,-1481.999,-2131.452,-2037.829,-1962.454,-1948.292,25,25,25,25,24,25,25,24,24,24,24,25,25,25,25,25,611,6110,-2025.277,-2042.07,443.5156,-712.8759,-1.052206,-0.6136046,0.5223796,0.7822104,0.2588709,-0.384985,-2.102348,0.4041082,0.3839327,-0.4454113,-0.2416985,-0.1130396,24,24,24,24,24,24,24,24,24,24,24,24,24,24,24,24
612,6120,-2061.063,-2056.905,-2081.823,-1922.036,-2067.68,-2086.562,-1767.569,-610.6387,229.0292,474.5585,-278.8978,-1437.812,-2240.396,-2081.905,-1979.038,-1902.992,25,25,25,25,24,25,25,24,24,24,24,25,25,25,25,25,612,6120,-1995.468,-2011.28,442.3371,-716.231,-0.7895651,-0.2454425,1.436574,0.3910795,0.6471395,-1.157606,-1.182578,0.5388147,-0.3839552,0.7795889,0.3604349,-0.3390899,24,24,24,24,24,24,24,24,24,24,24,24,24,24,24,24
613,6130,-2130.893,-2091.278,-2034.801,-1965.715,-2078.337,-1979.89,-1758.515,-604.4948,237.8237,475.5431,-270.8277,-1477.215,-2209.167,-1964.629,-1939.427,-2059.372,25,25,25,25,24,25,25,24,24,24,24,25,25,25,25,25,613,6130,-1980.564,-2100.377,440.5038,-697.6479,0.7862799,0.4908785,-0.2612146,-0.5215592,-1.294199,-0.2562149,0.6569576,-0.9429599,0.2559508,-0.222684,0.6012886,-0.7911906,24,24,24,24,24,24,24,24,24,24,24,24,24,24,24,24
614,6140,-1965.844,-1945.295,-1947.431,-1899.284,-1944.021,-2013.834,-1760.301,-583.4297,244.5124,478.2506,-255.8745,-1441.715,-2145.875,-1894.056,-1873.091,-1935.521,25,25,25,25,24,25,25,24,24,24,24,25,25,25,25,25,614,6140,-1891.138,-1917.724,450.3248,-700.2289,-0.7895651,-5.458059E-05,-1.605311E-05,-0.6519362,0.1294491,0.3876353,-0.131414,0.8082277,-0.7678991,-0.5567766,0.1195816,0.5651081,24,24,24,24,24,24,24,24,24,24,24,24,24,24,24,24
615,6150,-1878.321,-1915.549,-1879.995,-1892.592,-1958.511,-1876.454,-1743.723,-645.8726,237.2043,476.8968,-218.8474,-1438.693,-2169.714,-1907.311,-1956.369,-1897.21,25,25,25,25,24,25,25,24,24,24,24,25,25,25,25,25,615,6150,-1884.022,-1865.223,457.6578,-691.4512,-1.183526,-0.4909331,0.5223827,0.5214565,1.035407,0.001325184,-0.6569961,-1.284249E-05,-1.535787,0.6682253,0.7217151,1.469306,24,24,24,24,24,24,24,24,24,24,24,24,24,24,24,24
616,6160,-1982.796,-1958.476,-1985.086,-1959.388,-1899.222,-2025.313,-1795.113,-581.298,243.8931,471.851,-251.0087,-1440.33,-2042.35,-1865.278,-1873.21,-1942.268,25,25,25,25,24,25,25,24,24,24,24,25,25,25,25,25,616,6160,-1862.404,-1828.643,457.7888,-696.2278,-0.001642233,-0.8590952,0.5223827,1.434147,-0.1293961,-0.7712955,-0.9197888,-0.9429599,0.6398948,0.7795889,0.3604349,-0.7911906,24,24,24,24,24,24,24,24,24,24,24,24,24,24,24,24
617,6170,-1838.646,-1828.486,-1868.059,-1799.395,-1814.817,-1859.544,-1679.326,-567.2547,234.4793,466.0666,-244.4816,-1379.777,-1999.622,-1810.945,-1774.661,-1817.333,25,25,25,25,24,25,25,24,24,24,24,25,25,25,25,25,617,6170,-1785.6,-1803.774,451.2415,-693.5168,-0.001642233,0.122665,-0.2612131,-0.130377,-0.5176631,-1.415146,-1.313973,-1.284249E-05,0.3839327,-0.6681402,-0.2416985,-0.6781638,24,24,24,24,24,24,24,24,24,24,24,24,24,24,24,24
618,6180,-1814.121,-1840.215,-1854.646,-1852.929,-1933.274,-1886.823,-1724.34,-606.3755,253.0591,478.7429,-225.7306,-1480.74,-2157.794,-1951.733,-2007.195,-1814.322,25,25,25,25,24,25,25,24,24,24,24,25,25,25,25,25,618,6180,-1850.856,-1872.592,451.8961,-696.0987,0.5236397,0.7362664,-0.9142088,0,-0.3882414,-0.9000655,0.5255629,0.4041082,-0.8958809,-0.1113203,0.1195816,-0.4521135,24,24,24,24,24,24,24,24,24,24,24,24,24,24,24,24
619,6190,-2037.859,-1982.539,-2032.34,-1988.953,-1884.853,-2047.531,-1801.871,-569.0101,245.3795,471.3587,-262.2831,-1459.717,-2097.243,-1911.013,-1872.017,-1942.389,25,25,25,25,24,25,25,24,24,24,24,25,25,25,25,25,619,6190,-1816.214,-1854.039,458.3125,-682.6727,-1.052206,0.4908271,0.130584,0.2607539,2.568498E-05,0.5164054,0.3941714,-1.284249E-05,0.6398948,4.334341E-05,0.7217151,0.1130075,24,24,24,24,24,24,24,24,24,24,24,24,24,24,24,24
620,6200,-1887.217,-1865.971,-1877.534,-1788.688,-1858.287,-1955.327,-1706.998,-565.6246,234.727,468.405,-255.6372,-1419.055,-2109.282,-1893.579,-1876.79,-1827.694,25,25,25,25,24,25,25,24,24,24,24,25,25,25,25,25,620,6200,-1934.911,-1886.408,463.8123,-691.9677,0.3923188,-0.1227742,-1.44478E-05,-0.7822618,0.6471395,0.5164054,-0.7883877,0.1346423,-0.3839552,4.334341E-05,-0.1212716,-0.3390899,24,24,24,24,24,24,24,24,24,24,24,24,24,24,24,24
621,6210,-1984.239,-1983.869,-1887.009,-1997.105,-1979.522,-1883.984,-1761.575,-633.4592,249.2193,472.8355,-222.6451,-1444.484,-2140.63,-1870.413,-1932.03,-1980.339,25,25,25,25,24,25,25,24,24,24,24,25,25,25,25,25,621,6210,-1870.594,-1877.855,455.4317,-697.1315,1.048921,-0.8590952,-1.436606,0,-0.5176631,-0.9000655,-0.2628055,-0.6735983,0.6398948,0.111407,-0.2416985,0.1130075,24,24,24,24,24,24,24,24,24,24,24,24,24,24,24,24
622,6220,-1993.857,-1958.113,-1920.604,-1950.263,-1856.114,-1978.285,-1797.153,-570.8909,249.5909,467.2974,-281.1526,-1491.693,-2116.553,-1991.258,-1942.649,-1934.557,25,25,25,25,24,25,25,24,24,24,24,25,25,25,25,25,622,6220,-1905.103,-1871.802,461.0624,-686.5456,0.6549598,-0.4909331,0.5223827,-0.5215079,-0.1293961,1.160256,0.2627766,0.2693504,-0.1279931,-0.1113235,-0.7234055,-0.3390899,24,24,24,24,24,24,24,24,24,24,24,24,24,24,24,24
623,6230,-1891.065,-1886.407,-1928.849,-1842.465,-1904.776,-1884.601,-1673.716,-580.5457,225.5609,457.6979,-273.7947,-1424.09,-2142.418,-1875.189,-1862.115,-1882.632,25,25,25,25,24,25,25,24,24,24,24,25,25,25,25,25,623,6230,-1874.757,-1848.117,461.979,-689.6439,-1.577488,-0.1227742,-0.130613,-0.3911309,2.568498E-05,-0.9000655,-0.7883877,0.5387633,-0.3839552,-0.3340508,-0.1212716,-0.2260664,24,24,24,24,24,24,24,24,24,24,24,24,24,24,24,24
624,6240,-1993.857,-2023.652,-1955.306,-1978.855,-2005.363,-1977.915,-1809.14,-628.4437,254.0501,470.8664,-252.0769,-1568.107,-2212.147,-1972.63,-2026.642,-1973.592,25,25,25,25,24,25,25,24,24,24,24,25,25,25,25,25,624,6240,-1865.223,-1903.25,457.265,-689.773,0.1296778,0.6135468,0.6529813,1.043016,0.6471395,-0.513755,-0.525595,0.2693504,-0.511937,0.5568584,0.4808618,0.2260343,24,24,24,24,24,24,24,24,24,24,24,24,24,24,24,24
625,6250,-2121.982,-2072.265,-2083.056,-1961.213,-1928.082,-2050.617,-1782.871,-592.2067,220.3586,461.39,-248.5166,-1397.906,-2041.041,-1896.444,-1862.115,-2022.144,25,25,25,25,24,25,25,24,24,24,24,25,25,25,25,25,625,6250,-1984.055,-1957.462,465.7765,-681.1235,0.7862799,-0.6136559,-1.44478E-05,-0.3911309,-0.9059318,-0.513755,-0.3942003,-0.4041837,-0.2559749,-1.002233,-0.3621253,0.3390578,24,24,24,24,24,24,24,24,24,24,24,24,24,24,24,24
626,6260,-1928.695,-1950.737,-1902.392,-1817.645,-1951.87,-1939.898,-1729.186,-619.5412,222.8359,458.0671,-247.5672,-1447.38,-2182.825,-1860.382,-1900.294,-1864.801,25,25,25,25,24,25,25,24,24,24,24,25,25,25,25,25,626,6260,-1897.718,-1909.435,473.7642,-676.6052,0.6549598,0.8589861,-0.6530101,-1.43415,-0.2588195,-0.6425251,-1.284249E-05,1.212297,-0.3839552,-0.3340508,-0.4825522,-1.356315,24,24,24,24,24,24,24,24,24,24,24,24,24,24,24,24
627,6270,-2033.531,-1996.445,-1922.081,-1948.925,-1881.955,-1922.494,-1780.576,-627.9421,224.4461,457.944,-233.9193,-1431.644,-2062.346,-1847.008,-1862.592,-1995.398,25,25,25,25,24,25,25,24,24,24,24,25,25,25,25,25,627,6270,-1884.156,-1904.172,473.2404,-691.1931,1.180242,-1.349974,-0.9142088,-0.3911309,2.568498E-05,0.2588653,0.7883587,-0.9430113,-0.1279931,-0.1113235,-0.602979,-0.1130396,24,24,24,24,24,24,24,24,24,24,24,24,24,24,24,24
628,6280,-1855.718,-1860.046,-1881.472,-1820.322,-1865.774,-1950.019,-1719.877,-580.9219,223.4552,459.1747,-289.46,-1454.807,-2145.994,-1962.002,-1936.444,-1817.574,25,25,25,25,24,25,25,24,24,24,24,25,25,25,25,25,628,6280,-1957.737,-1947.067,458.3125,-695.1951,-0.3956041,-0.9818149,-0.130613,0.5215079,0.3882943,0.001325184,-0.9197824,-0.2694772,1.151821,0.2227675,0.7217151,-0.9042141,24,24,24,24,24,24,24,24,24,24,24,24,24,24,24,24
629,6290,-1994.458,-2007.932,-1960.844,-1978.733,-1983.265,-1904.103,-1781.596,-650.0103,233.2406,465.8205,-242.9388,-1503.148,-2204.042,-1967.734,-2030.699,-1996.001,25,25,25,25,24,25,25,24,24,24,24,25,25,25,25,25,629,6290,-1985.935,-2002.2,462.8957,-677.2507,1.048921,0.3681075,0.3917827,1.043016,0.3882943,-1.286376,-0.2628055,-0.1347707,0.2559508,0.5568584,-0.3621253,0.6781317,24,24,24,24,24,24,24,24,24,24,24,24,24,24,24,24
630,6300,-2051.565,-2004.426,-2078.618,-2011.705,-1935.085,-2127.865,-1882.59,-614.5257,228.1621,473.4509,-244.3629,-1451.66,-2098.793,-1946.837,-1931.076,-1996.964,25,25,25,25,24,25,25,24,24,24,24,25,25,25,25,25,630,6300,-1818.63,-1828.248,464.0742,-680.3491,-0.7895651,-5.458059E-05,-0.7836103,-0.5215079,-0.9059318,-0.1274449,0.3941714,1.212297,-0.1279931,-0.3340508,-0.1212716,0.5651081,24,24,24,24,24,24,24,24,24,24,24,24,24,24,24,24
631,6310,-1925.088,-1920.265,-1957.275,-1878.235,-1983.627,-2021.363,-1761.575,-621.7981,220.7302,464.0975,-265.25,-1451.786,-2213.339,-1959.017,-1969.374,-1894.8,25,25,25,25,24,25,25,24,24,24,24,25,25,25,25,25,631,6310,-1983.384,-1953.383,459.753,-683.1891,-0.1329631,0.2453847,0.1305873,-1.564527,-0.1293961,-0.1274449,0.1313819,0.9428844,-0.3839552,-1.559053,-1.084686,0.3390578,24,24,24,24,24,24,24,24,24,24,24,24,24,24,24,24
632,6320,-2000.349,-1990.278,-1910.882,-1997.47,-1954.768,-1931.505,-1830.945,-670.1976,227.4189,464.3437,-246.0244,-1538.019,-2211.313,-2065.653,-2064.106,-2031.782,25,25,25,25,24,25,25,24,24,24,24,25,25,25,25,25,632,6320,-1942.565,-2098.402,472.4548,-662.1464,-0.2642832,-0.9818149,-1.044806,-0.3911823,-0.1293961,0.2588653,0.7883587,-0.2694772,0.3839327,-0.3340508,0.3604349,-0.2260664,24,24,24,24,24,24,24,24,24,24,24,24,24,24,24,24
633,6330,-2063.948,-1980.121,-2019.173,-1926.538,-1921.32,-1975.076,-1749.844,-576.2825,237.9475,468.5281,-258.9601,-1437.686,-2079.842,-1857.038,-1853.763,-2002.747,25,25,25,25,24,25,25,24,24,24,24,25,25,25,25,25,633,6330,-2139.342,-2184.119,483.9781,-672.8615,0.5236397,-0.7363756,0.5223843,0.2607026,0.6470866,0.3876353,-0.3942003,-1.077718,-0.511937,-0.4454145,-0.602979,-0.1130396,24,24,24,24,24,24,24,24,24,24,24,24,24,24,24,24
634,6340,-1848.144,-1834.894,-1848.124,-1814.725,-1876.158,-1921.877,-1705.213,-567.8816,245.1318,474.6816,-250.5341,-1404.326,-2031.995,-1814.05,-1800.312,-1835.887,25,25,25,25,24,25,25,24,24,24,24,25,25,25,25,25,634,6340,-2039.644,-2051.018,460.5387,-697.3897,0.7862799,-0.2454938,-0.6530086,0.9125874,0.3882414,-0.5137036,-0.3942003,-0.1347707,-0.2559749,0.1114038,-0.3621253,-0.4521135,24,24,24,24,24,24,24,24,24,24,24,24,24,24,24,24
635,6350,-1816.285,-1849.526,-1848.739,-1825.31,-1858.167,-1838.437,-1692.843,-585.4359,242.159,479.4813,-227.1547,-1406.34,-2059.846,-1799.959,-1820.237,-1805.286,25,25,25,25,24,25,25,24,24,24,24,25,25,25,25,25,635,6350,-2013.729,-2057.991,456.8721,-673.3778,-0.1329631,-0.1227742,0.6529829,0.3910795,-0.9059848,-1.801405,3.210623E-05,0.8081763,-0.1279931,0.3341311,0.1195816,-0.2260664,24,24,24,24,24,24,24,24,24,24,24,24,24,24,24,24
636,6360,-1828.788,-1826.793,-1812.56,-1818.01,-1796.825,-1779.066,-1672.823,-574.5271,244.7601,466.682,-246.855,-1449.142,-2073.653,-1862.89,-1891.703,-1830.706,25,25,25,25,24,25,25,24,24,24,24,25,25,25,25,25,636,6360,-1996.542,-2006.674,466.955,-680.8654,-0.1329631,-0.1227742,0.783583,-0.7823132,-0.7765613,0.001376554,-0.1313626,-0.5388918,-0.2559749,0.3341311,-0.1212716,0.904182,24,24,24,24,24,24,24,24,24,24,24,24,24,24,24,24
637,6370,-1911.863,-1875.766,-1909.529,-1874.099,-1834.62,-1890.772,-1736.072,-589.4482,246.4943,481.4504,-223.001,-1405.207,-2055.204,-1819.662,-1859.609,-1875.765,25,25,25,25,24,25,25,24,24,24,24,25,25,25,25,25,637,6370,-1973.716,-1980.094,456.3484,-698.5514,0.1296778,-5.458059E-05,0.6529829,-0.9126902,0.6470866,1.160307,-0.7883395,0.9428844,0.5118616,-0.1113235,-0.7234055,0.2260343,24,24,24,24,24,24,24,24,24,24,24,24,24,24,24,24
638,6380,-1899.12,-1864.52,-1863.136,-1853.537,-1811.436,-1909.781,-1748.314,-566.0008,254.174,479.6044,-238.9037,-1436.805,-2030.21,-1854.769,-1858.893,-1862.391,25,25,25,25,24,25,25,24,24,24,24,25,25,25,25,25,638,6380,-1802.384,-1806.669,461.0625,-685.5129,0.7862799,-0.2454938,-1.306004,-0.1304283,-0.1294491,0.001376554,0.1314268,0.2693504,0.1279176,0.1114038,-0.0008451964,-0.2260664,24,24,24,24,24,24,24,24,24,24,24,24,24,24,24,24
639,6390,-1874.233,-1850.131,-1900.546,-1854.024,-1897.532,-1941.503,-1715.159,-577.6618,236.7089,465.8205,-265.962,-1422.58,-2090.211,-1869.338,-1861.518,-1798.057,25,25,25,25,24,25,25,24,24,24,24,25,25,25,25,25,639,6390,-1882.007,-1856.407,474.9427,-677.3798,0.6549598,-1.104535,-0.2612115,-0.5215592,-0.1294491,0.3876867,-0.6569448,0.5387633,-0.2560263,-0.5567782,-1.205112,-1.130264,24,24,24,24,24,24,24,24,24,24,24,24,24,24,24,24
640,6400,-1894.19,-1921.111,-1859.568,-1922.644,-1930.618,-1910.521,-1750.864,-591.8306,256.032,480.4658,-228.6975,-1434.917,-2076.509,-1868.98,-1880.846,-1941.063,25,25,25,25,24,25,25,24,24,24,24,25,25,25,25,25,640,6400,-1893.958,-1925.356,459.4911,-696.6152,-0.7895651,-0.6136559,1.044782,0.2607026,-0.2588725,-0.7712442,3.210623E-05,-0.6735983,-0.2560263,-0.6681418,-1.325539,3.531685E-05,24,24,24,24,24,24,24,24,24,24,24,24,24,24,24,24
641,6410,-1847.303,-1834.29,-1865.229,-1806.695,-1830.756,-1951.748,-1719.75,-552.0828,248.4761,479.9736,-269.2849,-1418.425,-2077.581,-1900.744,-1853.524,-1833.116,25,25,25,25,24,25,25,24,24,24,24,25,25,25,25,25,641,6410,-1948.07,-1913.382,449.6701,-688.8694,0.1296778,-5.458059E-05,0.2611858,1.434095,1.164777,-0.1273935,-0.2627574,0.4040569,-1.279876,0.8909494,0.8421419,-0.226015,24,24,24,24,24,24,24,24,24,24,24,24,24,24,24,24
642,6420,-1820.613,-1859.441,-1871.381,-1830.542,-1899.946,-1843.498,-1689.91,-599.73,243.7692,477.143,-226.5613,-1422.957,-2120.725,-1815.244,-1833.958,-1876.487,25,25,25,25,24,25,25,24,24,24,24,25,25,25,25,25,642,6420,-1919.47,-1938.514,462.241,-674.0233,0.9176008,0.122665,0.2611858,-1.173447,-0.3882943,0.3876867,0.1314268,-0.9430113,0.1279176,-0.2226872,-1.084686,0.678183,24,24,24,24,24,24,24,24,24,24,24,24,24,24,24,24
643,6430,-1858.844,-1843.964,-1828.311,-1856.944,-1840.778,-1854.977,-1730.971,-601.4854,245.2556,478.0045,-228.1041,-1441.463,-2082.106,-1838.887,-1855.911,-1891.427,25,25,25,25,24,25,25,24,24,24,24,25,25,25,25,25,643,6430,-2001.51,-1971.805,458.9673,-681.7691,-0.001642233,0.6135468,-0.5224084,-0.6519362,0.3882414,0.001376554,0.1314268,0.1346423,-1.535838,-0.2226872,-0.0008451964,-0.1129882,24,24,24,24,24,24,24,24,24,24,24,24,24,24,24,24
644,6440,-1844.177,-1837.071,-1905.714,-1849.644,-1885.215,-1983.223,-1740.918,-581.4234,229.2769,485.3887,-239.4971,-1397.78,-2133.24,-1959.733,-1899.22,-1849.742,25,25,25,25,24,25,25,24,24,24,24,25,25,25,25,25,644,6440,-1858.644,-1863.249,458.0507,-683.8347,0.1296778,-0.9818149,0.9141815,1.173341,-2.729029E-05,0.5164568,3.210623E-05,-0.2694772,-6.260714E-05,1.22504,-0.2416985,-1.356263,24,24,24,24,24,24,24,24,24,24,24,24,24,24,24,24
645,6450,-1957.188,-1953.881,-1886.148,-1912.911,-1972.518,-1902.498,-1749.716,-615.4034,255.9081,488.8346,-221.3396,-1450.275,-2144.564,-1835.186,-1895.76,-1939.135,25,25,25,25,24,25,25,24,24,24,24,25,25,25,25,25,645,6450,-1965.66,-1979.042,462.8957,-674.9271,-0.9208853,-0.6136559,0.3917859,0.3910795,0.2588179,-0.2561635,-1.44532,0.1346423,-6.260714E-05,-0.2226872,0.6012886,-1.243237,24,24,24,24,24,24,24,24,24,24,24,24,24,24,24,24
646,6460,-1966.686,-1959.685,-1959.613,-1959.266,-1886.423,-1967.794,-1775.093,-587.0659,250.8296,475.7892,-247.2111,-1468.025,-2092.356,-1899.072,-1920.099,-1922.148,25,25,25,25,24,25,25,24,24,24,24,25,25,25,25,25,646,6460,-1932.897,-1896.408,468.3954,-676.3471,1.048921,0.4908785,0.1305873,1.173341,1.164777,-0.5137036,3.210623E-05,0.5387633,-0.7679505,0.1114038,0.3604349,0.4521327,24,24,24,24,24,24,24,24,24,24,24,24,24,24,24,24
647,6470,-1947.21,-1911.317,-1967.735,-1870.692,-1864.325,-1973.842,-1744.998,-561.2361,256.1558,486.8655,-262.4017,-1431.518,-2106.66,-1932.985,-1898.743,-1866.488,25,25,25,25,24,25,25,24,24,24,24,25,25,25,25,25,647,6470,-1837.966,-1859.96,455.6936,-695.3243,0.3923188,0.3681589,0.783583,-0.1304283,-1.553097,-1.415095,0.5256143,0.4040569,0.1279176,0.4454948,0.1195816,0.2260856,24,24,24,24,24,24,24,24,24,24,24,24,24,24,24,24
648,6480,-1968.129,-2034.172,-1943.001,-2007.082,-2065.5,-1960.018,-1811.435,-654.2736,247.8568,489.5731,-212.0828,-1477.593,-2185.328,-1948.747,-1978.083,-1946.967,25,25,25,25,24,25,25,24,24,24,24,25,25,25,25,25,648,6480,-1943.639,-1933.383,458.4435,-685.642,-0.2642832,0.6135982,-0.2612115,-1.303824,-0.2588725,0.001376554,-1.44532,0.6734698,-0.6399702,-0.5567782,-0.602979,3.531685E-05,24,24,24,24,24,24,24,24,24,24,24,24,24,24,24,24
649,6490,-1951.177,-1879.635,-1895.501,-1886.995,-1834.741,-1902.005,-1740.025,-586.3136,239.6816,483.7888,-199.7404,-1356.478,-2010.929,-1852.62,-1836.463,-1904.558,25,25,25,25,24,25,25,24,24,24,24,25,25,25,25,25,649,6490,-1967.405,-1960.094,472.4548,-667.1813,0.3923188,-0.2454425,-1.306004,0.9125874,1.035354,0.2589166,-0.2627574,-0.6735983,0.1279176,0.8909494,1.082996,-1.130213,24,24,24,24,24,24,24,24,24,24,24,24,24,24,24,24
650,6500,-1840.69,-1890.155,-1923.312,-1839.424,-1978.073,-1903.609,-1682.259,-585.5613,246.742,522.802,-162.0013,-1341.114,-2193.672,-1910.058,-1953.625,-1808.057,25,25,25,25,24,25,25,24,24,24,24,25,25,25,25,25,650,6500,-1870.192,-1869.565,468.0026,-694.6788,-0.1329631,-0.8590438,1.305979,0.1303256,-0.1294491,0.3876867,0.3942195,-0.5388918,0.1279176,0.7795857,-0.8438323,-0.3390386,24,24,24,24,24,24,24,24,24,24,24,24,24,24,24,24
651,6510,-2190.261,-2111.252,-1977.333,-2080.697,-1983.99,-1899.289,-1796.643,-637.7224,268.4185,499.911,-223.7132,-1504.659,-2194.625,-1946.956,-2018.649,-2139.45,25,25,25,25,24,25,25,24,24,24,24,25,25,25,25,25,651,6510,-1981.504,-1952.725,455.6936,-693.0005,-1.052206,0.4908785,-0.3918099,-0.5215592,-0.2588725,-0.1273935,-0.5256014,0.9428844,1.279749,-0.4454145,-0.1212716,-0.3390386,24,24,24,24,24,24,24,24,24,24,24,24,24,24,24,24
652,6520,-2135.71,-2071.054,-2089.835,-2047.719,-1986.405,-2206.021,-1878.637,-597.2223,229.4008,476.0354,-281.8647,-1479.356,-2181.156,-2064.339,-1973.908,-1966.122,25,25,25,25,24,25,25,24,24,24,24,25,25,25,25,25,652,6520,-2007.016,-2014.043,468.2645,-689.644,-0.1329631,-3.210623E-06,0.1305873,1.042964,-0.5177161,-2.316485,-1.926374E-05,-6.421245E-05,-0.5119883,0.4454948,-0.3621253,-0.226015,24,24,24,24,24,24,24,24,24,24,24,24,24,24,24,24
653,6530,-1927.974,-1991.124,-2010.436,-1903.542,-2039.898,-2011.365,-1776.113,-637.8478,236.0895,473.6971,-242.108,-1487.664,-2269.36,-1973.227,-2101.264,-1973.712,25,25,25,25,24,25,25,24,24,24,24,25,25,25,25,25,653,6530,-2031.453,-2176.35,469.574,-683.1892,-0.6582451,0.2454361,0.2611858,0.7822104,0.1293961,0.2589166,0.1313755,0.1346423,1.279753,0.2227675,-0.1212716,3.531685E-05,24,24,24,24,24,24,24,24,24,24,24,24,24,24,24,24
654,6540,-2195.56,-2101.324,-2022.988,-2047.962,-1954.285,-2103.38,-1839.999,-585.0597,268.914,496.5881,-237.2423,-1488.797,-2158.39,-2060.279,-2013.876,-2103.019,25,25,25,25,24,25,25,24,24,24,24,25,25,25,25,25,654,6540,-1985.801,-1963.252,457.5269,-686.933,1.048921,-3.210623E-06,0.3917859,-1.825332,-2.729029E-05,-0.2561635,-0.3942067,0.4040569,-6.100183E-05,-0.1113203,0.4808618,-0.226015,24,24,24,24,24,24,24,24,24,24,24,24,24,24,24,24
655,6550,-2058.418,-2006.965,-1982.256,-1860.35,-1950.541,-1983.223,-1732.374,-597.473,230.144,474.1894,-256.9426,-1432.273,-2159.344,-1921.88,-1921.054,-1936.003,25,25,25,25,24,25,25,24,24,24,24,25,25,25,25,25,655,6550,-2036.69,-2066.807,467.6098,-680.7364,0.7862799,0.2454361,-0.3918099,-0.1304283,0.6470866,0.2589166,0.3941681,-0.4041837,-1.023911,-0.1113203,-0.7234055,0.5651595,24,24,24,24,24,24,24,24,24,24,24,24,24,24,24,24
656,6560,-1970.173,-1975.888,-1953.338,-2020.1,-2016.834,-1966.806,-1798.301,-629.823,238.6907,475.9123,-241.1586,-1463.871,-2172.932,-1900.505,-1914.85,-1987.447,25,25,25,25,24,25,25,24,24,24,24,25,25,25,25,25,656,6560,-1949.95,-1943.909,471.931,-690.4186,-0.001642233,-1.104483,-0.6530086,-0.1304283,0.2588179,0.2589166,0.1313755,-0.5388918,-0.5119852,0.5568616,0.2400085,-0.4520685,24,24,24,24,24,24,24,24,24,24,24,24,24,24,24,24
657,6570,-1858.724,-1837.676,-1826.465,-1799.273,-1805.036,-1857.939,-1704.703,-560.3584,259.6241,486.4964,-235.3435,-1407.725,-2028.068,-1831.723,-1816.539,-1903.234,25,25,25,25,24,25,25,24,24,24,24,25,25,25,25,25,657,6570,-1835.549,-1824.564,468.7883,-680.7364,-0.3956041,-0.3681621,-0.1306113,1.434095,0.5176631,-0.1273935,-1.445371,-0.5388918,-0.1280412,0.3341343,-0.602979,-0.6781188,24,24,24,24,24,24,24,24,24,24,24,24,24,24,24,24
658,6580,-1849.827,-1862.827,-1892.055,-1820.322,-1895.72,-1891.636,-1691.313,-583.4297,239.1862,475.5431,-234.3941,-1392.744,-2064.131,-1832.439,-1827.634,-1802.394,25,25,25,25,24,25,25,24,24,24,24,25,25,25,25,25,658,6580,-1828.03,-1849.696,467.4788,-679.8327,0.1296778,-0.2454425,-0.5224084,-0.3911823,0.3882414,-1.157554,-0.131414,-6.421245E-05,0.5118648,0.6682253,0.3604349,-0.339045,24,24,24,24,24,24,24,24,24,24,24,24,24,24,24,24
659,6590,-1851.751,-1884.109,-1859.937,-1939.556,-1914.316,-1921.136,-1781.979,-626.0613,241.168,467.6666,-237.8357,-1509.317,-2128.234,-2006.901,-2018.887,-1868.777,25,25,25,25,24,25,25,24,24,24,24,25,25,25,25,25,659,6590,-1929.271,-1894.434,470.7524,-671.1832,1.705524,1.349919,0.1305873,-0.6519362,-0.5177161,-0.1273935,0.5255629,0.1346423,0.2559027,-0.8908675,-0.2416985,0.5651531,24,24,24,24,24,24,24,24,24,24,24,24,24,24,24,24
660,6600,-2048.439,-2006.481,-2023.111,-1915.223,-1961.047,-2034.2,-1743.851,-570.8909,244.5124,489.8192,-223.8318,-1371.465,-2056.752,-1885.458,-1860.086,-1950.219,25,25,25,25,24,25,25,24,24,24,24,25,25,25,25,25,660,6600,-1986.875,-2003.911,470.4906,-675.9597,0.7862799,0.1227164,-0.6530086,-1.303824,0.2588179,1.160307,0.3941681,0.9428844,-0.8959291,-1.224959,-1.686819,-0.339045,24,24,24,24,24,24,24,24,24,24,24,24,24,24,24,24
661,6610,-1909.94,-1951.099,-1912.236,-1937.001,-1971.431,-1909.657,-1750.992,-611.0149,255.9081,486.9886,-228.3415,-1480.74,-2157.079,-1981.228,-1998.008,-1922.148,25,25,25,25,24,25,25,24,24,24,24,25,25,25,25,25,661,6610,-1949.01,-1961.015,473.2404,-670.925,-0.5269242,0.2454361,-0.5224084,-0.7823132,0.9059318,0.001376554,-0.7883909,-6.421245E-05,-1.919781,-0.5567766,0.4808618,-0.9041691,24,24,24,24,24,24,24,24,24,24,24,24,24,24,24,24
662,6620,-1971.615,-1946.746,-2037.631,-1925.443,-1921.802,-2057.529,-1793.838,-608.2563,227.4189,471.3587,-242.3454,-1377.385,-2067.463,-1882.234,-1834.673,-1950.701,25,25,25,25,24,25,25,24,24,24,24,25,25,25,25,25,662,6620,-2087.861,-2055.36,480.1806,-672.9905,-0.5269242,-1.104483,0.1305873,0.3910795,1.682466,0.001376554,-0.6569961,-0.8083048,-1.279873,0.111407,0.4808618,0.2260792,24,24,24,24,24,24,24,24,24,24,24,24,24,24,24,24
663,6630,-1841.412,-1865.246,-1822.036,-1792.338,-1884.369,-1852.015,-1686.722,-594.7145,248.3522,477.7584,-234.9874,-1474.698,-2177.7,-1940.627,-1986.912,-1831.429,25,25,25,25,24,25,25,24,24,24,24,25,25,25,25,25,663,6630,-1881.739,-1906.803,471.4072,-677.3798,0.2609988,0.1227164,0.1305825,0.5214565,-0.6471395,0.1301466,-0.131414,0.2693504,-6.100183E-05,-0.3340476,0.2400085,0.2260792,24,24,24,24,24,24,24,24,24,24,24,24,24,24,24,24
664,6640,-2000.71,-1952.429,-2008.713,-1959.266,-1909.003,-2091.756,-1787.589,-550.9543,268.5424,487.604,-258.3667,-1472.683,-2114.646,-2026.008,-1977.01,-1939.858,25,25,25,25,24,25,25,24,24,24,24,25,25,25,25,25,664,6640,-1812.857,-1795.616,469.574,-680.22,-0.3956041,0.1227164,0.3917811,0.2607571,-2.729029E-05,-1.415095,0.5255629,0.5387633,-0.5119852,-0.3340476,-1.084686,0.4521295,24,24,24,24,24,24,24,24,24,24,24,24,24,24,24,24
665,6650,-2002.994,-1957.629,-1982.133,-1877.506,-1964.79,-1940.392,-1695.139,-570.0132,243.2737,477.8814,-251.0088,-1397.78,-2054.014,-1813.453,-1790.29,-1910.703,25,25,25,25,24,25,25,24,24,24,24,25,25,25,25,25,665,6650,-1790.299,-1767.326,474.419,-663.5665,0.1296778,0.4908785,-0.7836119,0.2607571,-0.5176631,-0.1273935,-0.5256014,-6.421245E-05,0.7678269,0.2227707,0.8421419,0.3391027,24,24,24,24,24,24,24,24,24,24,24,24,24,24,24,24
666,6660,-1806.426,-1863.553,-1844.432,-1825.067,-1895.116,-1845.596,-1697.689,-596.2192,255.041,471.6048,-239.1411,-1491.818,-2169.952,-1907.311,-1984.765,-1812.032,25,25,25,25,24,25,25,24,24,24,24,25,25,25,25,25,666,6660,-1821.316,-1868.513,481.621,-675.7015,0.9176008,-3.210623E-06,0.3917811,-0.9126388,2.568498E-05,0.9027156,-1.926374E-05,-0.2694772,-0.5119852,-1.224959,-0.4825522,2.88956E-05,24,24,24,24,24,24,24,24,24,24,24,24,24,24,24,24
667,6670,-2057.216,-1973.591,-2011.913,-1937.974,-1916.61,-2057.282,-1782.744,-565.7501,248.7238,484.7733,-257.4172,-1439.071,-2105.706,-1913.64,-1869.87,-1981.182,25,25,25,25,24,25,25,24,24,24,24,25,25,25,25,25,667,6670,-1935.985,-1904.435,470.0977,-678.0253,-0.2642832,-0.4908817,-1.175409,-0.7822618,0.2588709,0.2588653,0.1313755,0.4040569,-1.023911,-0.222684,0.3604349,1.130277,24,24,24,24,24,24,24,24,24,24,24,24,24,24,24,24
668,6680,-1945.647,-1967.666,-1931.925,-1867.65,-1969.982,-1872.628,-1710.058,-629.823,238.0714,481.3274,-229.7656,-1414.901,-2171.74,-1877.219,-1881.204,-1886.487,25,25,25,25,24,25,25,24,24,24,24,25,25,25,25,25,668,6680,-1869.789,-1902.856,471.2763,-670.6668,0.2609988,-0.8590438,0.6529797,0.3911341,-0.3882414,0.5164054,0.3941681,-0.269429,0.6398466,-0.222684,-0.3621253,-0.339045,24,24,24,24,24,24,24,24,24,24,24,24,24,24,24,24
669,6690,-1911.743,-1905.996,-1818.343,-1851.59,-1893.064,-1835.228,-1711.844,-605.3724,244.0169,474.5585,-222.1703,-1454.681,-2135.028,-1912.804,-1958.636,-1936.244,25,25,25,25,24,25,25,24,24,24,24,25,25,25,25,25,669,6690,-1828.97,-1910.487,474.5499,-670.0213,-1.052206,-0.7363242,0.2611809,-0.1303738,-0.1293961,-0.7712955,-1.313973,-0.4041355,-0.1280445,0.445498,0.4808618,-0.5650953,24,24,24,24,24,24,24,24,24,24,24,24,24,24,24,24
670,6700,-1957.068,-1935.38,-1993.208,-1946.735,-1943.417,-2069.501,-1778.281,-578.5396,233.7361,473.82,-269.7596,-1434.036,-2076.747,-1968.57,-1916.997,-1889.258,25,25,25,25,24,25,25,24,24,24,24,25,25,25,25,25,670,6700,-1789.896,-1795.747,479.264,-659.1772,0.2609988,0.6135982,-0.1306162,1.173396,1.035407,-1.415146,-0.131414,-0.4041355,-0.5119883,0.6681755,1.082996,0.2260792,24,24,24,24,24,24,24,24,24,24,24,24,24,24,24,24
671,6710,-1963.56,-2009.746,-1944.97,-1919.359,-2051.127,-1971.25,-1750.354,-622.049,253.9262,498.8033,-226.324,-1428.622,-2212.981,-1943.374,-1948.495,-1934.798,25,25,25,25,24,25,25,24,24,24,24,25,25,25,25,25,671,6710,-1836.892,-1807.984,489.6088,-663.6956,0.6549598,0.8590374,-0.1306162,-0.3911277,-1.423622,-0.513755,-0.131414,-0.269429,0.2558995,-6.421245E-06,0.6012886,0.5651531,24,24,24,24,24,24,24,24,24,24,24,24,24,24,24,24
672,6720,-2017.421,-2016.638,-1959.49,-2028.617,-1925.183,-2059.997,-1871.496,-599.1031,260.4911,487.2347,-245.1935,-1517.751,-2161.132,-2043.8,-2029.387,-2003.35,25,25,25,25,24,25,25,24,24,24,24,25,25,25,25,25,672,6720,-1877.308,-1914.04,488.8231,-664.9865,1.311562,0.8590374,1.175377,-0.7822618,2.568498E-05,0.9027156,0.7883524,1.077641,1.663693,-1.002279,-0.6029786,-0.4521135,24,24,24,24,24,24,24,24,24,24,24,24,24,24,24,24
673,6730,-2050.603,-1998.742,-1990.747,-1882.129,-1917.818,-2000.627,-1732.884,-565.7501,244.3885,476.7738,-272.9639,-1431.896,-2186.163,-1966.54,-1903.515,-1932.63,25,25,25,25,24,25,25,24,24,24,24,25,25,25,25,25,673,6730,-1926.183,-1908.119,480.9663,-673.8942,-1.577488,-0.8590438,-0.7836119,-1.043016,0.6471395,-0.513755,-1.445371,-0.4041355,-1.66382,0.1113572,0.8421419,0.3390578,24,24,24,24,24,24,24,24,24,24,24,24,24,24,24,24
674,6740,-2191.948,-2170.114,-1997.761,-2122.362,-2087.298,-2042.47,-1826.865,-622.4251,259.6241,493.8805,-232.9698,-1491.567,-2157.198,-1913.162,-1945.631,-2087.216,25,25,25,25,24,25,25,24,24,24,24,25,25,25,25,25,674,6740,-1883.753,-1908.25,480.4425,-658.919,0.1296778,-0.9817635,0.6529797,0.6518881,2.568498E-05,0.5164054,-0.2628087,-1.481789,0.5118616,-6.421245E-06,-0.6029786,-1.017238,24,24,24,24,24,24,24,24,24,24,24,24,24,24,24,24
675,6750,-1938.674,-1917.725,-1991.608,-1874.464,-1876.762,-2003.713,-1755.71,-573.0225,243.8931,494.0036,-226.5613,-1380.029,-2101.415,-1970.003,-1905.782,-1874.801,25,25,25,25,24,25,25,24,24,24,24,25,25,25,25,25,675,6750,-1943.907,-1959.699,493.5371,-654.9171,0.1296778,0.4908785,-1.605311E-05,-0.5215046,-0.6470866,-1.157606,-0.7883909,0.5388131,0.2558995,-0.5568247,-0.1212716,0.6781317,24,24,24,24,24,24,24,24,24,24,24,24,24,24,24,24
676,6760,-1892.627,-1896.685,-1857.968,-1818.862,-1872.898,-1872.381,-1692.716,-580.295,252.6875,481.3274,-224.0691,-1390.101,-2076.39,-1808.557,-1842.31,-1909.257,25,25,25,25,24,25,25,24,24,24,24,25,25,25,25,25,676,6760,-1874.085,-1844.696,487.6446,-671.3123,0.5236397,0.981757,0.1305825,0.2607571,-0.3882414,-1.028836,1.051145,0.8082261,0.3838813,0.6681755,-0.4825518,0.4520814,24,24,24,24,24,24,24,24,24,24,24,24,24,24,24,24
677,6770,-1866.659,-1852.67,-1883.072,-1925.929,-1838.484,-1844.732,-1725.36,-570.6401,271.5152,498.188,-213.9816,-1438.945,-2074.843,-1935.612,-1906.856,-1873.235,25,25,25,25,24,25,25,24,24,24,24,25,25,25,25,25,677,6770,-1875.697,-1897.987,472.0619,-674.4106,0.5236397,-0.3681621,-0.5224133,-0.2607507,-0.7765084,0.1300952,0.7883524,-1.212376,0.5118616,0.5568119,-0.4825518,-0.7911906,24,24,24,24,24,24,24,24,24,24,24,24,24,24,24,24
678,6780,-1880.966,-1845.898,-1940.663,-1816.55,-1880.385,-1941.75,-1700.75,-555.5937,248.1045,486.004,-237.5983,-1383.429,-2063.893,-1837.932,-1812.005,-1834.441,25,25,25,25,24,25,25,24,24,24,24,25,25,25,25,25,678,6780,-1883.216,-1866.67,479.9187,-657.499,-0.6582451,0.3681075,-0.1306162,-0.1303738,1.553097,0.2588653,-0.2628087,0.5388131,-0.7679505,-6.421245E-06,1.082996,-0.2260664,24,24,24,24,24,24,24,24,24,24,24,24,24,24,24,24
679,6790,-1907.415,-1964.643,-1914.697,-1929.336,-2044.607,-1983.223,-1772.925,-607.1279,276.5937,497.9418,-217.7793,-1466.137,-2171.025,-1904.565,-1944.08,-1899.017,25,25,25,25,24,25,25,24,24,24,24,25,25,25,25,25,679,6790,-1866.029,-1828.643,482.9305,-662.0173,0.7862799,-0.9818149,-0.2612131,-0.5215046,-0.5176631,-1.801456,0.7883524,0.134692,-0.5119883,0.2227209,-0.2416985,0.6781317,24,24,24,24,24,24,24,24,24,24,24,24,24,24,24,24
680,6800,-1927.132,-1921.474,-1953.83,-1963.768,-1950.421,-2046.79,-1817.684,-602.3632,246.3704,486.1271,-247.0924,-1465.76,-2135.386,-2003.558,-1941.217,-1910.462,25,25,25,25,24,25,25,24,24,24,24,25,25,25,25,25,680,6800,-1990.5,-2138.561,481.752,-659.5645,1.180242,-0.2454938,0.7835814,0.9125874,-0.2588195,0.2588653,-0.5256014,0.404105,1.791675,0.7795408,-1.084686,-0.5651402,24,24,24,24,24,24,24,24,24,24,24,24,24,24,24,24
681,6810,-2017.421,-2088.25,-2055.844,-1876.897,-2049.558,-2008.156,-1711.206,-602.2378,228.286,483.6657,-250.4153,-1442.218,-2214.531,-1946.478,-1968.42,-1908.293,25,25,25,25,24,25,25,24,24,24,24,25,25,25,25,25,681,6810,-2067.841,-2049.438,490.9182,-650.6569,-1.183526,-0.8590952,0.130584,-0.2608053,-0.2588195,-0.384985,-1.313973,0.134692,-0.1280445,-1.002279,0.1195816,-0.3390899,24,24,24,24,24,24,24,24,24,24,24,24,24,24,24,24
682,6820,-2011.53,-2044.329,-1971.673,-2006.838,-1974.088,-1921.26,-1749.844,-593.7114,258.3854,493.8805,-215.5244,-1434.539,-2115.242,-1842.111,-1882.397,-2040.818,25,25,25,25,24,25,25,24,24,24,24,25,25,25,25,25,682,6820,-2020.175,-1956.805,494.7157,-659.0481,-0.6582451,-0.1227742,-0.5224116,1.042964,0.1294491,-1.028836,0.5255629,0.2693985,-0.2560263,0.3340846,0.3604349,0.3390578,24,24,24,24,24,24,24,24,24,24,24,24,24,24,24,24
683,6830,-1861.369,-1850.01,-1848.739,-1828.595,-1818.198,-1855.471,-1696.159,-551.0798,266.5606,496.7111,-215.9992,-1383.051,-2015.689,-1778.584,-1784.325,-1879.981,25,25,25,25,24,25,25,24,24,24,24,25,25,25,25,25,683,6830,-1842.934,-1855.486,486.9898,-662.921,-0.3956041,0.4908271,1.305977,-0.5215592,0.1294491,0.5164054,0.3941681,-0.6735485,-0.8959323,-1.447734,-0.4825518,-0.1130396,24,24,24,24,24,24,24,24,24,24,24,24,24,24,24,24
684,6840,-1791.037,-1809.017,-1800.747,-1772.02,-1794.41,-1798.198,-1661.729,-564.12,259.8718,494.742,-203.6568,-1365.42,-2004.382,-1782.764,-1806.278,-1782.275,25,25,25,25,24,25,25,24,24,24,24,25,25,25,25,25,684,6840,-1737.53,-1754.299,491.3111,-651.5605,0.1296778,0.7362664,0.9141799,-0.3911823,2.568498E-05,1.289026,-1.926374E-05,0.6734698,-0.1280445,-0.4454611,-0.2416985,0.2260343,24,24,24,24,24,24,24,24,24,24,24,24,24,24,24,24
685,6850,-1770.239,-1771.049,-1811.576,-1825.067,-1785.715,-1890.772,-1755.455,-577.5365,254.2978,486.3732,-213.6256,-1413.39,-2047.111,-1892.862,-1866.529,-1822.032,25,25,25,25,24,25,25,24,24,24,24,25,25,25,25,25,685,6850,-1912.085,-1882.592,493.1443,-649.1077,-0.2642832,-0.7363756,-1.044807,0.7822104,0.6471395,0.001325184,-1.926374E-05,-0.2694772,-0.2559749,1.224995,-0.3621253,0.3390578,24,24,24,24,24,24,24,24,24,24,24,24,24,24,24,24
686,6860,-1914.869,-1911.196,-1937.586,-1850.982,-1921.44,-1951.871,-1714.776,-577.5365,251.9444,496.7111,-214.9311,-1368.443,-2090.926,-1836.38,-1831.094,-1824.441,25,25,25,25,24,25,25,24,24,24,24,25,25,25,25,25,686,6860,-1850.05,-1936.936,489.085,-655.5625,-0.1329631,-1.349974,0.5223827,0.6518335,0.6471395,0.7739455,-0.7883909,-0.6735983,0.127969,0.111407,-1.325539,-0.5651402,24,24,24,24,24,24,24,24,24,24,24,24,24,24,24,24
687,6870,-1866.178,-1922.925,-1876.55,-1954.035,-1934.723,-1848.805,-1722.427,-596.5953,264.7026,493.2652,-211.4895,-1441.841,-2109.521,-1849.037,-1873.568,-1908.896,25,25,25,25,24,25,25,24,24,24,24,25,25,25,25,25,687,6870,-1937.06,-1928.514,488.5612,-652.5933,-1.052206,-0.2454938,0.5223827,-0.7823132,0.5177161,-0.384985,-0.2628087,-0.6735983,-1.123718E-05,-0.8908675,-0.7234055,-0.3390899,24,24,24,24,24,24,24,24,24,24,24,24,24,24,24,24
688,6880,-1894.671,-1871.776,-1866.705,-1886.144,-1844.28,-1911.632,-1756.093,-573.9003,269.7811,502.1262,-206.9798,-1421.699,-2084.132,-1827.424,-1842.548,-1862.512,25,25,25,25,24,25,25,24,24,24,24,25,25,25,25,25,688,6880,-1998.288,-2018.254,499.0369,-640.7164,0.2609988,0.6135468,0.2611842,0.7822104,0.3882943,-1.415146,0.9197503,1.077591,-0.2559749,0.2227707,0.2400085,-0.3390899,24,24,24,24,24,24,24,24,24,24,24,24,24,24,24,24
689,6890,-1846.341,-1849.405,-1846.278,-1815.82,-1789.7,-1834.857,-1681.239,-543.9327,271.639,498.5572,-222.7637,-1393.374,-2023.902,-1820.856,-1794.227,-1821.189,25,25,25,25,24,25,25,24,24,24,24,25,25,25,25,25,689,6890,-1856.899,-1889.434,503.62,-638.1345,-0.6582451,-5.458059E-05,-0.2612131,-0.7823132,-1.294199,-0.1274449,-0.7883909,-6.421245E-05,-0.1279931,-0.7795039,-0.7234055,0.7911584,24,24,24,24,24,24,24,24,24,24,24,24,24,24,24,24
690,6900,-1789.354,-1819.296,-1798.655,-1731.991,-1807.572,-1822.761,-1647.957,-552.2083,268.4185,500.4032,-216.9486,-1379.525,-2061.274,-1833.753,-1824.293,-1793.84,25,25,25,25,24,25,25,24,24,24,24,25,25,25,25,25,690,6900,-2054.549,-2051.149,493.4063,-647.3004,0.2609988,-0.4909331,0.130584,-0.3911823,1.811942,1.546567,-1.926374E-05,0.5387633,0.3839327,-0.8908675,-0.3621253,-0.5651402,24,24,24,24,24,24,24,24,24,24,24,24,24,24,24,24
691,6910,-1879.283,-1875.524,-1857.845,-1888.456,-1885.818,-1899.289,-1750.482,-589.4483,263.9594,502.4954,-202.3514,-1430.888,-2110.832,-1900.982,-1895.879,-1886.608,25,25,25,25,24,25,25,24,24,24,24,25,25,25,25,25,691,6910,-1949.144,-1949.436,485.9423,-648.7205,-0.1329631,-0.3682135,-1.828403,-0.6519362,-0.2588195,0.001325184,-1.926374E-05,0.2693504,-0.3839552,0.6682253,0.3604349,0.6781317,24,24,24,24,24,24,24,24,24,24,24,24,24,24,24,24
692,6920,-1842.494,-1837.555,-1885.041,-1813.387,-1837.276,-1962.857,-1738.24,-566.6277,254.0501,491.9114,-246.0244,-1410.62,-2144.921,-1903.132,-1882.994,-1846.368,25,25,25,25,24,25,25,24,24,24,24,25,25,25,25,25,692,6920,-1820.913,-1845.617,498.5132,-636.8436,0.2609988,-0.3682135,-0.130613,-5.136996E-05,-0.2588195,0.001325184,0.5255629,-0.8083048,0.2559508,0.2227707,-0.9642587,0.6781317,24,24,24,24,24,24,24,24,24,24,24,24,24,24,24,24
693,6930,-1979.069,-1983.023,-1882.949,-1922.887,-1927.84,-1883.49,-1738.877,-585.1851,289.228,527.3556,-165.4429,-1398.661,-2089.734,-1820.14,-1870.824,-1961.785,25,25,25,25,24,25,25,24,24,24,24,25,25,25,25,25,693,6930,-1805.472,-1837.196,495.5014,-650.786,-1.44622,-0.8590952,-1.44478E-05,0.3910795,0.3882943,0.5164054,-1.313973,-6.421245E-05,-1.123718E-05,-0.1113203,-0.6029786,-0.4521135,24,24,24,24,24,24,24,24,24,24,24,24,24,24,24,24
694,6940,-1871.708,-1872.259,-1874.089,-1871.787,-1821.941,-1923.111,-1755.2,-570.0132,260.2434,501.2647,-221.8143,-1416.411,-2075.795,-1904.684,-1877.028,-1827.694,25,25,25,25,24,25,25,24,24,24,24,25,25,25,25,25,694,6940,-1844.008,-1826.011,495.7633,-645.4931,-0.1330153,-5.458059E-05,0.130584,0.9125874,1.294252,-0.9000655,-1.926374E-05,0.1346423,0.2559508,0.7795889,0.1195816,-0.7911906,24,24,24,24,24,24,24,24,24,24,24,24,24,24,24,24
695,6950,-1839.007,-1874.315,-1850.831,-1792.947,-1889.32,-1902.498,-1677.796,-549.0735,265.8174,490.5576,-239.9719,-1380.029,-2067.702,-1835.305,-1827.873,-1844.561,25,25,25,25,24,25,25,24,24,24,24,25,25,25,25,25,695,6950,-1742.632,-1742.983,496.8108,-641.4911,-0.2643354,0.2453847,-0.652954,0.2607026,-1.164777,-0.513755,-0.3942067,-6.421245E-05,0.127969,0.445498,0.6012886,0.3390578,24,24,24,24,24,24,24,24,24,24,24,24,24,24,24,24
696,6960,-1887.578,-1944.691,-1868.182,-1888.821,-1889.562,-1882.749,-1739.515,-593.2098,272.0107,502.6185,-206.7424,-1437.686,-2103.918,-1858.71,-1882.039,-1899.619,25,25,25,25,24,25,25,24,24,24,24,25,25,25,25,25,696,6960,-1762.908,-1799.826,484.8947,-647.8168,0.7862277,-0.1227742,1.175433,-0.6518849,-0.2588195,-0.7712955,-0.5256014,-0.1347707,0.8958569,-1.002231,-1.205112,0.5651081,24,24,24,24,24,24,24,24,24,24,24,24,24,24,24,24
697,6970,-1851.39,-1844.206,-1880.364,-1848.549,-1838.363,-1904.35,-1717.582,-561.6122,262.1014,506.3106,-210.5401,-1362.146,-2025.211,-1862.054,-1826.56,-1850.946,25,25,25,25,24,25,25,24,24,24,24,25,25,25,25,25,697,6970,-1791.642,-1782.984,490.6564,-638.7801,-0.5269763,-0.4909331,-0.9141526,-1.564524,-0.5177161,-0.2562149,-1.051184,0.1346423,-0.3839552,0.6682253,0.1195816,-0.5651402,24,24,24,24,24,24,24,24,24,24,24,24,24,24,24,24
698,6980,-1907.776,-1943.24,-1896.485,-1831.393,-1915.644,-1879.293,-1666.957,-547.5688,281.1767,503.2339,-217.7793,-1398.913,-2078.414,-1773.927,-1836.702,-1882.873,25,25,25,25,24,25,25,24,24,24,24,25,25,25,25,25,698,6980,-1916.918,-1867.723,507.1556,-623.1594,0.7862277,-1.104535,-1.567148,0.6518881,-0.1294491,-0.7712442,0.3941681,-0.4041837,0.5119129,1.225044,0.2400085,-0.7911906,24,24,24,24,24,24,24,24,24,24,24,24,24,24,24,24
699,6990,-1947.57,-1957.266,-1918.143,-2026.427,-1906.346,-1997.047,-1819.214,-569.637,292.2008,504.9569,-243.2948,-1494.84,-2129.545,-2048.338,-2013.28,-1930.823,25,25,25,25,24,25,25,24,24,24,24,25,25,25,25,25,699,6990,-1847.231,-1870.355,508.3341,-635.1654,-0.3956563,-0.6136559,0.1306402,1.173396,-0.2588725,0.3876867,-1.182527,0.2693504,-0.3839552,-0.222684,-0.8438319,-0.3390899,24,24,24,24,24,24,24,24,24,24,24,24,24,24,24,24
700,7000,-2019.826,-2014.341,-2015.358,-1884.197,-1998.842,-2129.844,-1765.656,-553.0859,262.1014,520.3407,-209.7093,-1371.591,-2131.333,-1976.451,-1893.254,-1938.172,25,25,25,25,24,25,25,24,24,24,24,25,25,25,25,25,700,7000,-1881.336,-1859.828,498.3822,-644.3312,-0.9209383,0.2453847,1.044834,-0.1303738,0.5176631,-1.543865,-0.2627574,0.5388147,0.6398948,-0.222684,0.8421419,-0.2260664,24,24,24,24,24,24,24,24,24,24,24,24,24,24,24,24
701,7010,-2080.075,-2101.813,-1989.885,-1963.159,-2051.611,-1966.312,-1751.884,-614.1495,251.9444,502.3725,-204.9622,-1395.136,-2124.897,-1840.44,-1854.002,-1965.641,25,25,25,25,24,25,25,24,24,24,24,25,25,25,25,25,701,7010,-1858.241,-1841.406,500.6083,-629.356,0.7862277,0.4908271,-0.652954,0.3911341,-0.9059848,-0.1273935,0.3942195,0.1346937,0.1279208,1.11368,0.4808618,-1.605311E-05,24,24,24,24,24,24,24,24,24,24,24,24,24,24,24,24
702,7020,-1867.741,-1917.242,-1821.912,-1879.209,-1896.203,-1867.691,-1706.87,-569.0101,276.0982,507.4183,-197.2483,-1400.927,-2063.298,-1805.213,-1833.242,-1897.089,25,25,25,25,24,25,25,24,24,24,24,25,25,25,25,25,702,7020,-2036.153,-2156.6,501.7868,-634.3908,0.1296257,-0.3682135,0.1306402,-0.3911277,0.5176631,0.6452268,-0.2627574,-0.1347193,0.1279208,-1.447683,-0.4825518,-1.017238,24,24,24,24,24,24,24,24,24,24,24,24,24,24,24,24
703,7030,-1763.746,-1732.595,-1765.921,-1751.701,-1707.71,-1750.183,-1644.641,-526.8799,288.6087,512.9565,-201.1646,-1388.464,-1996.765,-1870.771,-1850.064,-1795.527,25,25,25,25,24,25,25,24,24,24,24,25,25,25,25,25,703,7030,-2014.401,-2055.491,497.0728,-630.7761,-0.3956563,0.9817057,-0.2611569,-1.043016,0.3882414,0.1301466,-0.3941553,0.4041082,-0.639967,-0.2226824,-0.2416985,0.4520814,24,24,24,24,24,24,24,24,24,24,24,24,24,24,24,24
704,7040,-1905.492,-1902.247,-1941.77,-1851.59,-1942.572,-1978.162,-1705.34,-558.1014,275.2312,518.7408,-203.1821,-1363.153,-2058.18,-1804.974,-1806.755,-1824.08,25,25,25,25,24,25,25,24,24,24,24,25,25,25,25,25,704,7040,-1931.823,-2005.753,503.3582,-623.2885,0.3922667,-5.458059E-05,4.173809E-05,-0.5215046,-0.2588725,-1.157555,-0.1313626,-1.284249E-05,-0.5119852,1.113683,0.1195816,0.2260792,24,24,24,24,24,24,24,24,24,24,24,24,24,24,24,24
705,7050,-1804.382,-1836.345,-1798.531,-1868.867,-1849.714,-1860.161,-1729.058,-560.4838,302.6055,522.1867,-166.3924,-1417.041,-2084.609,-1907.192,-1954.699,-1850.223,25,25,25,25,24,25,25,24,24,24,24,25,25,25,25,25,705,7050,-1793.79,-1820.09,518.8099,-630.647,-0.001694406,-1.104535,0.5224373,-0.2607507,-0.3882943,-0.3849336,-1.576714,0.1346937,0.2559027,4.494872E-05,-0.9642591,-0.6781188,24,24,24,24,24,24,24,24,24,24,24,24,24,24,24,24
706,7060,-1991.573,-1898.862,-1969.704,-1928.606,-1893.305,-2011.118,-1752.394,-531.2685,280.5574,514.6794,-223.8318,-1425.979,-2053.657,-1970.122,-1924.036,-1897.571,25,25,25,25,24,25,25,24,24,24,24,25,25,25,25,25,706,7060,-1868.043,-1838.38,511.7388,-625.225,-0.7896174,-0.2454938,-0.1305584,-0.2607507,0.9059318,-0.7712442,-0.7883395,-0.2694258,0.5118648,-0.5567734,0.2400085,-0.7911424,24,24,24,24,24,24,24,24,24,24,24,24,24,24,24,24
707,7070,-2014.415,-2036.832,-2042.554,-1935.541,-2087.419,-2028.646,-1735.562,-592.8337,280.6813,531.2939,-185.4993,-1405.333,-2222.755,-1891.907,-1936.922,-1924.919,25,25,25,25,24,25,25,24,24,24,24,25,25,25,25,25,707,7070,-1842.128,-1839.696,504.2747,-623.934,0.6549076,-0.1227742,0.2612387,0.912642,0.5176631,-0.7712442,0.3942195,0.5388147,-0.2560231,1.225047,0.6012886,0.4521295,24,24,24,24,24,24,24,24,24,24,24,24,24,24,24,24
708,7080,-1971.135,-1981.451,-1891.563,-1910.599,-1858.167,-1888.674,-1728.421,-552.3336,285.5121,512.3411,-221.4583,-1459.465,-2087.827,-1884.264,-1893.97,-1979.134,25,25,25,25,24,25,25,24,24,24,24,25,25,25,25,25,708,7080,-1716.314,-1740.483,493.2752,-634.6491,0.1296257,0.8589861,4.173809E-05,-0.2607507,-1.811942,-1.286325,0.3942195,-0.2694258,-0.1280412,-0.334046,-0.1212716,0.6781799,24,24,24,24,24,24,24,24,24,24,24,24,24,24,24,24
709,7090,-1956.106,-1978.669,-2113.625,-1917.778,-1977.831,-2092.003,-1751.757,-548.5719,264.8264,512.2181,-244.3629,-1409.11,-2140.63,-1949.344,-1877.386,-1836.128,25,25,25,25,24,25,25,24,24,24,24,25,25,25,25,25,709,7090,-1825.613,-1809.827,496.287,-607.9261,-0.1329631,0.2453847,1.436632,-0.5215046,0.3882414,1.031537,-0.7883395,0.5388147,-0.2560231,-0.7795007,-0.8438323,-0.7911424,24,24,24,24,24,24,24,24,24,24,24,24,24,24,24,24
710,7100,-2025.717,-2064.16,-1931.802,-1919.968,-2081.243,-1921.63,-1691.058,-570.3893,277.0892,514.0641,-201.8767,-1373.858,-2094.86,-1794.108,-1834.673,-1986.603,25,25,25,25,24,25,25,24,24,24,24,25,25,25,25,25,710,7100,-1930.211,-1897.724,512.6553,-602.7623,-0.6582451,-0.3681621,-1.828347,-1.173393,-2.729029E-05,-0.5137036,-0.2627574,-1.284249E-05,-1.151893,0.2227723,0.1195816,2.88956E-05,24,24,24,24,24,24,24,24,24,24,24,24,24,24,24,24
711,7110,-1898.759,-1907.931,-1813.667,-1842.587,-1847.782,-1811.406,-1693.098,-565.2485,285.1404,510.9874,-182.1763,-1412.886,-2072.7,-1807.482,-1863.069,-1920.341,25,25,25,25,24,25,25,24,24,24,24,25,25,25,25,25,711,7110,-1830.849,-1840.617,518.4169,-607.6679,0.7862799,-1.349922,-0.7836119,0.6518881,-0.3882943,0.1301466,3.210623E-05,-0.6735469,0.1279208,0.3341359,-0.1212716,-1.017193,24,24,24,24,24,24,24,24,24,24,24,24,24,24,24,24
712,7120,-1851.27,-1830.421,-1846.032,-1817.159,-1752.267,-1825.847,-1698.837,-544.9358,279.1949,507.0491,-214.9311,-1421.321,-2052.11,-1878.174,-1851.138,-1826.248,25,25,25,25,24,25,25,24,24,24,24,25,25,25,25,25,712,7120,-1784.66,-1827.985,516.5837,-606.6351,-0.6582451,0.7363178,0.5223796,0.6518335,0.3882414,0.1301466,-1.182527,0.2694018,-0.1280412,-0.5567734,-0.4825522,0.1130557,24,24,24,24,24,24,24,24,24,24,24,24,24,24,24,24
713,7130,-1838.286,-1865.125,-1893.162,-1788.567,-1846.937,-1868.307,-1665.299,-546.1897,278.0801,521.5714,-187.5168,-1341.996,-2020.093,-1785.868,-1775.496,-1793.72,25,25,25,25,24,25,25,24,24,24,24,25,25,25,25,25,713,7130,-1952.769,-1984.568,515.2742,-606.377,-0.2642832,0.3681589,0.5223796,-0.7823132,0.2588725,-0.7712442,-0.2627574,0.8082277,1.023789,1.002319,0.1195816,-0.6781188,24,24,24,24,24,24,24,24,24,24,24,24,24,24,24,24
714,7140,-1744.39,-1786.043,-1759.276,-1755.96,-1775.935,-1737.347,-1624.239,-550.0767,282.6631,515.9102,-170.5461,-1339.854,-2045.207,-1788.137,-1815.584,-1786.973,25,25,25,25,24,25,25,24,24,24,24,25,25,25,25,25,714,7140,-1964.182,-1931.146,503.62,-606.6351,0.3923188,0.4908785,-0.2612146,-0.5215592,-0.3882397,-0.9000142,3.210623E-05,-1.077666,-1.535835,-0.668137,0.3604349,0.4521295,24,24,24,24,24,24,24,24,24,24,24,24,24,24,24,24
715,7150,-1838.646,-1806.72,-1770.967,-1777.86,-1744.539,-1760.675,-1653.44,-539.0426,296.66,515.7871,-179.9215,-1372.725,-1993.908,-1748.373,-1773.229,-1851.91,25,25,25,25,24,25,25,24,24,24,24,25,25,25,25,25,715,7150,-1815.005,-1827.853,503.7509,-600.4385,0.6549598,-0.1227228,-0.5224133,-1.434201,0.5177177,0.5164568,0.3941681,0.6735212,-0.7679489,-1.113592,0.1195816,-0.1129947,24,24,24,24,24,24,24,24,24,24,24,24,24,24,24,24
716,7160,-1749.319,-1763.672,-1819.574,-1812.048,-1778.229,-1865.469,-1662.111,-506.5673,289.5996,524.2789,-190.1277,-1319.956,-1942.968,-1869.935,-1801.505,-1728.301,25,25,25,25,24,25,25,24,24,24,24,25,25,25,25,25,716,7160,-1700.202,-1765.878,518.286,-581.8487,0.3923188,-0.7363242,-0.1306162,-0.2608053,0.1294507,0.2589166,0.9197503,-1.284249E-05,-0.639967,4.494872E-05,-0.4825522,0.4521295,24,24,24,24,24,24,24,24,24,24,24,24,24,24,24,24
717,7170,-1898.759,-1907.689,-1856.861,-1814.117,-1976.745,-1928.172,-1669.89,-562.4901,281.3006,518.7408,-184.7872,-1363.405,-2103.203,-1828.857,-1830.975,-1822.152,25,25,25,25,24,25,25,24,24,24,24,25,25,25,25,25,717,7170,-1758.476,-1759.825,520.774,-595.4037,-0.1329631,-0.8590438,1.044777,-0.1304283,-1.553042,0.7739968,-0.3942067,-0.1347193,1.535761,0.3341359,-1.084686,-0.5650953,24,24,24,24,24,24,24,24,24,24,24,24,24,24,24,24
718,7180,-1883.851,-1893.299,-1892.67,-1925.321,-1968.051,-1983.223,-1760.683,-569.8879,280.5574,506.6799,-198.7911,-1420.44,-2052.824,-1878.413,-1881.801,-1892.752,25,25,25,25,24,25,25,24,24,24,24,25,25,25,25,25,718,7180,-1881.873,-1852.065,519.8574,-584.3015,0.1296778,-3.210623E-06,-0.1306162,0.1303256,0.2588725,-0.3849336,-0.3942067,0.4041082,1.407781,-0.5567766,0.1195816,-0.7911424,24,24,24,24,24,24,24,24,24,24,24,24,24,24,24,24
719,7190,-1880.965,-1858.716,-1925.404,-1864.852,-1858.77,-1930.517,-1696.031,-520.9868,287.6178,525.6328,-205.5556,-1356.604,-2036.399,-1852.74,-1816.419,-1805.406,25,25,25,25,24,25,25,24,24,24,24,25,25,25,25,25,719,7190,-1742.632,-1813.116,523.131,-587.658,-0.2642832,-0.4908817,-0.6530133,0.2607026,-0.3882397,0.1301466,0.6569576,0.1346937,-1.279828,0.5568616,0.3604349,-0.6781188,24,24,24,24,24,24,24,24,24,24,24,24,24,24,24,24
720,7200,-1889.021,-1905.633,-1843.94,-1808.885,-1877.366,-1800.42,-1635.588,-547.3182,298.6418,522.556,-188.9409,-1384.813,-2093.787,-1807.482,-1846.366,-1850.465,25,25,25,25,24,25,25,24,24,24,24,25,25,25,25,25,720,7200,-1750.151,-1735.746,514.2267,-593.9837,-0.7895651,-0.3681621,0.9141783,-0.7823132,0.1294507,0.001376554,0.7883524,-0.5388404,-0.1279963,-0.8908675,0.2400085,0.6781317,24,24,24,24,24,24,24,24,24,24,24,24,24,24,24,24
721,7210,-1985.562,-1935.259,-1899.807,-1954.399,-1875.192,-2052.961,-1815.261,-537.9141,289.8474,522.0637,-219.4408,-1464.752,-2118.103,-2071.146,-2006.956,-1918.775,25,25,25,25,24,25,25,24,24,24,24,25,25,25,25,25,721,7210,-1761.699,-1775.747,509.7745,-588.949,0.2609988,0.1227164,-0.1306162,-0.2608053,-0.2588179,0.001376554,-0.131414,0.4041082,-0.5119402,0.445498,0.2400085,1.017206,24,24,24,24,24,24,24,24,24,24,24,24,24,24,24,24
722,7220,-2082.844,-1978.911,-2038.37,-1867.65,-1914.195,-2064.441,-1738.24,-535.0302,269.4095,513.818,-232.6139,-1383.303,-2121.678,-1905.162,-1840.281,-1914.197,25,25,25,25,24,25,25,24,24,24,24,25,25,25,25,25,722,7220,-1810.843,-1785.221,507.0246,-596.5657,0.3923188,-0.7363242,-0.3918148,0.6518335,-0.1293945,-0.3849336,0.2627702,0.1346937,0.6398916,4.334341E-05,-1.084686,-0.3390899,24,24,24,24,24,24,24,24,24,24,24,24,24,24,24,24
723,7230,-1974.982,-2052.431,-1946.693,-1904.516,-1997.876,-1844.732,-1641.453,-553.8383,305.5783,531.1708,-178.4974,-1390.101,-2125.969,-1815.363,-1866.768,-1985.399,25,25,25,25,24,25,25,24,24,24,24,25,25,25,25,25,723,7230,-1821.719,-1795.353,508.8579,-586.4961,-0.6582451,-0.3681621,-1.436608,-0.2608053,2.729029E-05,-0.1273935,-1.926374E-05,0.6735212,-0.1279963,0.111407,-0.1212716,-0.3390899,24,24,24,24,24,24,24,24,24,24,24,24,24,24,24,24
724,7240,-1926.531,-1865.367,-1853.907,-1904.881,-1836.19,-1872.628,-1696.541,-521.9899,308.3034,529.8171,-180.3962,-1362.775,-1983.435,-1759,-1774.899,-1891.186,25,25,25,25,24,25,25,24,24,24,24,25,25,25,25,25,724,7240,-1792.85,-1851.538,516.3218,-595.1456,-0.001642233,-3.210623E-06,-0.5224133,0.3910795,0.2588725,-0.9000142,-1.926374E-05,-1.284249E-05,-0.8958842,0.6682253,1.203422,0.4520814,24,24,24,24,24,24,24,24,24,24,24,24,24,24,24,24
725,7250,-1762.785,-1768.751,-1850.954,-1742.819,-1774.606,-1838.19,-1636.608,-511.2066,298.6418,534.0015,-181.7016,-1337.588,-2049.134,-1809.87,-1786.83,-1751.914,25,25,25,25,24,25,25,24,24,24,24,25,25,25,25,25,725,7250,-1725.714,-1754.43,510.4293,-596.3075,0.1296778,0.981757,-0.1306162,0.2607026,-0.5176616,0.3876867,1.313934,1.077642,2.047687,0.3341343,-0.0008451964,-1.605311E-05,24,24,24,24,24,24,24,24,24,24,24,24,24,24,24,24
726,7260,-1923.886,-1929.213,-1839.756,-1829.812,-1868.31,-1798.815,-1646.554,-558.2269,284.5211,521.0792,-168.4099,-1356.982,-2062.703,-1759.956,-1795.54,-1905.161,25,25,25,25,24,25,25,24,24,24,24,25,25,25,25,25,726,7260,-1779.691,-1757.457,512.6553,-584.0433,0.1296778,-0.4909331,0.1305825,-1.955709,0.1294507,0.001376554,-1.313973,-0.6735469,-0.2559765,-0.6681402,-1.205112,-0.1130396,24,24,24,24,24,24,24,24,24,24,24,24,24,24,24,24
727,7270,-1776.129,-1761.133,-1727.404,-1755.473,-1732.343,-1704.143,-1593.379,-504.0595,307.1886,525.8788,-164.2562,-1343.129,-1969.033,-1727.595,-1763.923,-1804.442,25,25,25,25,24,25,25,24,24,24,24,25,25,25,25,25,727,7270,-1745.317,-1716.403,510.6912,-586.367,0.6549598,0.3681075,-0.6530101,0.5214565,1.16483,0.1301466,-0.3942067,0.4041082,0.5119113,0.7795889,-0.3621253,-0.5651402,24,24,24,24,24,24,24,24,24,24,24,24,24,24,24,24
728,7280,-1747.155,-1743.599,-1756.446,-1758.88,-1691.65,-1758.206,-1635.078,-500.9249,309.4182,540.6473,-175.1744,-1335.447,-1944.515,-1825.513,-1790.171,-1743.12,25,25,25,25,24,25,25,24,24,24,24,25,25,25,25,25,728,7280,-1661.128,-1653.77,505.4533,-587.2707,-0.1329631,-1.718136,-0.3918115,0.2607539,-0.3882397,-0.2561635,0.1313755,-0.1347193,0.2559476,0.3341343,-1.325539,-0.1130396,24,24,24,24,24,24,24,24,24,24,24,24,24,24,24,24
729,7290,-1827.465,-1835.741,-1859.199,-1747.686,-1880.505,-1883.737,-1635.97,-536.7857,286.503,546.9238,-129.4839,-1269.958,-2051.039,-1831.962,-1827.038,-1806.129,25,25,25,25,24,25,25,24,24,24,24,25,25,25,25,25,729,7290,-1721.282,-1786.273,517.2385,-571.5209,0.2609988,0.4908271,0.3917827,0,0.2588709,-0.3849336,-0.5256014,-0.6735469,0.8958552,0.111407,0.4808618,-0.4521135,24,24,24,24,24,24,24,24,24,24,24,24,24,24,24,24
730,7300,-1937.351,-1944.328,-1829.788,-1861.567,-1862.393,-1807.579,-1670.145,-565.2486,287.1223,523.9098,-152.3885,-1340.862,-2027.473,-1735.357,-1785.637,-1930.1,25,25,25,25,24,25,25,24,24,24,24,25,25,25,25,25,730,7300,-1851.796,-1929.172,523.6548,-572.0374,0.6549598,0.9817057,0.130584,1.043016,-0.9059318,-1.415095,-0.5256014,0.5388147,0.1279674,0.5568616,0.3604349,0.1130075,24,24,24,24,24,24,24,24,24,24,24,24,24,24,24,24
731,7310,-1784.064,-1760.528,-1727.281,-1812.17,-1761.324,-1836.833,-1678.179,-509.5766,314.8682,534.7399,-143.9625,-1342.499,-1944.277,-1828.499,-1863.188,-1802.755,25,25,25,25,24,25,25,24,24,24,24,25,25,25,25,25,731,7310,-1905.371,-1890.618,516.06,-576.8139,0.9176008,0.4908271,0.9141799,-0.7822618,0.6471395,0.7739968,0.3941681,0.2694018,0.6398916,-0.222684,-0.3621253,-0.5651402,24,24,24,24,24,24,24,24,24,24,24,24,24,24,24,24
732,7320,-1887.458,-1876.128,-1960.475,-1884.441,-1823.269,-1961.005,-1679.326,-484.4991,296.0406,530.1863,-206.8611,-1358.619,-2019.617,-1993.408,-1883.352,-1778.66,25,25,25,25,24,25,25,24,24,24,24,25,25,25,25,25,732,7320,-1725.714,-1743.114,516.06,-561.5806,-0.3956041,-0.1227742,-1.436606,0.2607539,0.5177161,0.1301466,-0.3942067,-0.2694258,-1.919736,-0.7795039,-0.2416985,-0.2260664,24,24,24,24,24,24,24,24,24,24,24,24,24,24,24,24
733,7330,-2142.092,-2055.454,-2055.844,-1848.184,-1987.491,-2048.395,-1671.675,-513.5891,295.0497,528.9556,-202.3514,-1343.255,-2063.893,-1810.228,-1789.455,-1876.367,25,25,25,25,24,25,25,24,24,24,24,25,25,25,25,25,733,7330,-1714.032,-1834.564,516.8456,-567.7772,1.311562,-0.3682135,0.2611842,0.130377,2.568498E-05,-0.2561635,0.2627702,-1.481787,0.5119129,4.334341E-05,-0.2416985,-1.605311E-05,24,24,24,24,24,24,24,24,24,24,24,24,24,24,24,24
734,7340,-1823.498,-1861.135,-1804.931,-1848.913,-1890.89,-1776.968,-1623.218,-527.7578,318.5842,548.77,-120.2272,-1279.53,-1987.124,-1670.754,-1730.874,-1861.187,25,25,25,25,24,25,25,24,24,24,24,25,25,25,25,25,734,7340,-1772.843,-1819.432,508.9889,-560.5477,-0.001642233,0.2453847,0.7835814,-0.2607539,-0.2588195,1.160307,-0.7883909,-0.1347193,0.6398948,-0.1113203,-0.7234055,-0.4521135,24,24,24,24,24,24,24,24,24,24,24,24,24,24,24,24
735,7350,-1778.053,-1787.373,-1736.634,-1768.126,-1692.737,-1704.884,-1602.178,-502.0534,321.9286,539.6628,-136.3672,-1306.481,-1933.565,-1713.265,-1737.198,-1793.84,25,25,25,25,24,25,25,24,24,24,24,25,25,25,25,25,735,7350,-1750.017,-1755.088,515.4052,-549.3164,-0.3956041,-0.2454938,-0.3918115,-0.2607539,0.3882943,-0.1273935,0.3941681,-0.2694258,-1.123718E-05,4.334341E-05,0.3604349,-0.1130396,24,24,24,24,24,24,24,24,24,24,24,24,24,24,24,24
736,7360,-1713.853,-1693.538,-1749.924,-1715.688,-1700.223,-1836.092,-1630.359,-484.3738,303.4726,531.7863,-178.4974,-1314.289,-1949.038,-1881.398,-1783.967,-1701.193,25,25,25,25,24,25,25,24,24,24,24,25,25,25,25,25,736,7360,-1772.306,-1735.877,523.9167,-540.2797,-0.1329631,0.3681075,-0.5224116,0,0.2588709,0.001376554,0.3941681,-0.6735469,-1.123718E-05,-1.113595,0.4808618,0.3390578,24,24,24,24,24,24,24,24,24,24,24,24,24,24,24,24
737,7370,-1891.425,-1877.942,-1880.488,-1751.701,-1893.547,-1873.985,-1604.218,-509.0751,307.8079,543.601,-158.2037,-1314.541,-2057.585,-1762.344,-1784.802,-1817.092,25,25,25,25,24,25,25,24,24,24,24,25,25,25,25,25,737,7370,-1790.433,-1772.062,521.8216,-552.5438,0.5236397,0.3681075,0.2611842,-0.6518849,0.3882943,-0.5137036,-0.131414,-0.6735469,-0.2559749,-0.3340476,-0.2416985,-1.605311E-05,24,24,24,24,24,24,24,24,24,24,24,24,24,24,24,24
738,7380,-1865.336,-1849.807,-1806.407,-1889.429,-1844.884,-1819.428,-1665.937,-535.6572,306.0738,532.0324,-142.0637,-1330.661,-1977.245,-1796.734,-1845.889,-1878.776,25,25,25,25,24,25,25,24,24,24,24,25,25,25,25,25,738,7380,-1756.865,-1731.272,515.2743,-556.0294,0.5236397,0.6135468,-1.697805,0,0.2588709,-1.028784,0.1313755,0.4041082,0.6398948,1.11368,0.6012886,0.6781317,24,24,24,24,24,24,24,24,24,24,24,24,24,24,24,24
739,7390,-1819.771,-1799.512,-1825.973,-1783.943,-1768.81,-1808.196,-1616.46,-486.5053,316.8501,549.0161,-128.6532,-1275.374,-1877.863,-1717.922,-1740.419,-1808.779,25,25,25,25,24,25,25,24,24,24,24,25,25,25,25,25,739,7390,-1677.51,-1731.535,519.4646,-548.0255,0.1296778,-1.349974,-0.9142088,-0.6518849,-0.7765084,0.6452268,-0.131414,-0.6735469,0.5119129,0.7795889,-1.084686,-0.6781638,24,24,24,24,24,24,24,24,24,24,24,24,24,24,24,24
740,7400,-1710.246,-1705.936,-1766.783,-1693.179,-1683.439,-1779.807,-1579.862,-456.5378,308.675,526.1251,-189.0596,-1290.109,-1896.43,-1810.945,-1786.592,-1687.941,25,25,25,25,24,25,25,24,24,24,24,25,25,25,25,25,740,7400,-1673.347,-1734.167,507.5485,-572.6828,-1.314847,-0.7363756,0.3917827,0,0.6471395,1.031537,-1.182578,-1.212374,-0.6399189,-0.1113203,-0.7234055,0.4520814,24,24,24,24,24,24,24,24,24,24,24,24,24,24,24,24
741,7410,-1909.098,-1884.625,-1884.425,-1745.983,-1784.629,-1823.502,-1574.634,-472.462,302.11,527.3557,-185.3806,-1288.219,-1953.679,-1775.24,-1722.045,-1801.069,25,25,25,25,24,25,25,24,24,24,24,25,25,25,25,25,741,7410,-1638.302,-1646.269,491.0492,-576.4266,-0.2642832,0.6135468,0.5223827,0.130377,-0.6470866,-0.9000142,-0.3942067,-1.284249E-05,-0.1279931,0.2227707,-0.3621253,0.6781317,24,24,24,24,24,24,24,24,24,24,24,24,24,24,24,24
742,7420,-1807.388,-1886.923,-1779.088,-1697.559,-1819.164,-1794.619,-1575.144,-503.4327,296.4122,524.7712,-175.5305,-1317.563,-2018.903,-1735.834,-1753.424,-1775.769,25,25,25,25,24,25,25,24,24,24,24,25,25,25,25,25,742,7420,-1655.086,-1669.165,502.3106,-568.1644,0.9176008,0.122665,-1.44478E-05,-0.130377,-0.6470866,-0.6424737,-1.313973,-0.4041323,-0.3839552,-0.3340476,0.6012886,-1.605311E-05,24,24,24,24,24,24,24,24,24,24,24,24,24,24,24,24
743,7430,-1773.244,-1844.849,-1760.507,-1811.683,-1833.171,-1753.269,-1624.366,-534.7795,307.9318,527.2327,-152.6259,-1349.678,-2018.665,-1736.67,-1799,-1852.754,25,25,25,25,24,25,25,24,24,24,24,25,25,25,25,25,743,7430,-1791.91,-1783.51,512.7863,-566.8735,0.3923188,0.4908271,-0.6530101,-0.3911309,0.9059848,0.2589166,-0.2628087,1.077642,-0.511937,-0.1113203,-0.0008451964,0.2260343,24,24,24,24,24,24,24,24,24,24,24,24,24,24,24,24
744,7440,-1782.02,-1769.65,-1761.245,-1784.916,-1730.411,-1736.235,-1594.782,-481.4898,314.9921,542.9857,-140.5209,-1295.65,-1925.471,-1754.104,-1750.202,-1807.213,25,25,25,25,24,25,25,24,24,24,24,25,25,25,25,25,744,7440,-1849.513,-1861.144,502.7035,-584.0433,0.3923188,-0.7363756,-1.175407,0,2.568498E-05,-0.2561635,0.6569576,-1.077666,-1.279825,0.445498,0.3604349,-0.1130396,24,24,24,24,24,24,24,24,24,24,24,24,24,24,24,24
745,7450,-1750.04,-1744.503,-1781.18,-1653.759,-1742.969,-1796.594,-1569.406,-475.5966,295.0497,527.1096,-167.5791,-1265.802,-1945.586,-1772.733,-1721.329,-1719.265,25,25,25,25,24,25,25,24,24,24,24,25,25,25,25,25,745,7450,-1809.634,-1847.985,499.2989,-580.6868,-0.001642233,-1.349974,-1.44478E-05,0.9126388,-2.729029E-05,-0.2561635,-0.7883909,-1.212374,0.3839327,0.7795889,-0.1212716,-1.605311E-05,24,24,24,24,24,24,24,24,24,24,24,24,24,24,24,24
746,7460,-1782.501,-1820.549,-1742.786,-1707.536,-1794.893,-1676.124,-1515.848,-499.1694,296.66,529.9401,-144.5559,-1237.718,-1915.95,-1684.009,-1669.311,-1815.285,25,25,25,25,24,25,25,24,24,24,24,25,25,25,25,25,746,7460,-1770.561,-1807.59,505.0605,-587.1416,-0.3956041,0.8589861,1.175378,-0.2607539,0.2588179,-1.157554,-0.5256014,0.6735212,1.279801,0.5568616,-0.6029786,-1.605311E-05,24,24,24,24,24,24,24,24,24,24,24,24,24,24,24,24
747,7470,-1768.435,-1774.123,-1683.473,-1677.606,-1717.129,-1660.571,-1524.392,-489.2638,311.2762,530.3093,-138.6221,-1272.729,-1944.872,-1674.695,-1736.601,-1751.914,25,25,25,25,24,25,25,24,24,24,24,25,25,25,25,25,747,7470,-1690.534,-1705.482,490.5254,-599.7931,0.3923188,0.6135468,-0.7836103,0.6518849,-0.5177161,-0.9000142,-1.182578,-0.2694258,-0.1279931,-0.1113203,-0.0008451964,-0.3390899,24,24,24,24,24,24,24,24,24,24,24,24,24,24,24,24
748,7480,-1801.016,-1774.123,-1748.693,-1775.305,-1688.993,-1722.658,-1603.325,-491.3954,326.3878,542.0009,-125.2116,-1315.17,-1938.445,-1778.106,-1814.868,-1805.526,25,25,25,25,24,25,25,24,24,24,24,25,25,25,25,25,748,7480,-1677.912,-1691.271,482.6687,-588.3035,0.1296778,0.2453847,1.436577,-0.7822618,0.1293961,0.9027669,0.6569576,-0.8083048,-1.023863,-1.559049,-0.4825518,-1.605311E-05,24,24,24,24,24,24,24,24,24,24,24,24,24,24,24,24
749,7490,-1856.56,-1792.742,-1867.32,-1814.117,-1729.083,-1913.113,-1662.366,-466.6941,314.4966,545.5699,-162.3574,-1305.851,-1967.248,-1832.559,-1782.655,-1755.649,25,25,25,25,24,25,25,24,24,24,24,25,25,25,25,25,749,7490,-1707.721,-1682.323,483.0615,-588.8199,-0.2642832,0.6135468,-0.7836103,-0.7822618,0.1293961,-0.9000142,-0.6569961,-0.1347707,-0.2560263,-0.5567766,0.2400085,0.6781317,24,24,24,24,24,24,24,24,24,24,24,24,24,24,24,24
750,7500,-1735.974,-1800.963,-1867.813,-1676.875,-1799.36,-1880.157,-1597.077,-482.6183,310.2852,542.3701,-157.6103,-1268.825,-1948.799,-1740.969,-1727.295,-1743.36,25,25,25,25,24,25,25,24,24,24,24,25,25,25,25,25,750,7500,-1781.84,-1773.115,491.1802,-569.4554,0.1296778,-0.9818149,-0.130613,0.3911309,-0.2588725,-0.3849336,-0.131414,-1.481839,-6.260714E-05,1.11368,-0.1212716,-0.5651402,24,24,24,24,24,24,24,24,24,24,24,24,24,24,24,24
751,7510,-1774.807,-1789.357,-1733.065,-1741.968,-1795.617,-1731.421,-1547.6,-480.9883,329.1129,549.5082,-126.7544,-1279.404,-1948.562,-1636.841,-1693.888,-1787.214,25,25,25,25,24,25,25,24,24,24,24,25,25,25,25,25,751,7510,-1683.015,-1727.193,496.2871,-587.5289,-0.001642233,-0.7363756,-0.3918115,-0.130377,0.1293961,-0.1273935,-0.5256014,0.4040569,0.2558995,0.5568616,-0.0008451964,-0.2260664,24,24,24,24,24,24,24,24,24,24,24,24,24,24,24,24
752,7520,-1782.862,-1774.365,-1715.345,-1828.595,-1757.218,-1752.158,-1625.131,-511.0813,324.9014,540.6472,-126.517,-1320.964,-1956.774,-1712.907,-1770.724,-1764.203,25,25,25,25,24,25,25,24,24,24,24,25,25,25,25,25,752,7520,-1697.651,-1724.035,477.5617,-596.8239,0.2609988,-0.7363756,-0.130613,0,-2.729029E-05,-1.028784,-1.926374E-05,1.077591,0.6398434,0.2227707,0.8421419,-0.2260664,24,24,24,24,24,24,24,24,24,24,24,24,24,24,24,24
753,7530,-1758.817,-1738.821,-1766.783,-1778.59,-1748.403,-1915.829,-1634.312,-454.2808,325.7685,538.9242,-161.764,-1312.526,-1892.621,-1787.54,-1768.576,-1755.528,25,25,25,25,24,25,25,24,24,24,24,25,25,25,25,25,753,7530,-1580.698,-1605.084,480.8354,-572.1664,0.5236397,0.2453847,0.5223827,0.6518849,-0.2588725,-0.2561635,0.7883524,-0.4041837,-0.7679505,-0.6681402,-0.3621253,0.5651081,24,24,24,24,24,24,24,24,24,24,24,24,24,24,24,24
754,7540,-1837.805,-1777.699,-1853.169,-1710.212,-1705.657,-1832.266,-1557.929,-418.7962,333.3243,550.862,-157.9663,-1247.793,-1854.416,-1780.495,-1712.5,-1691.314,25,25,25,25,24,25,25,24,24,24,24,25,25,25,25,25,754,7540,-1609.03,-1631.664,492.4897,-585.9797,0.6549598,-0.4909331,-0.130613,-1.043019,0.2588179,0.001376554,-0.9197888,-0.4041837,-0.1280445,-0.3340476,-0.3621253,-0.6781638,24,24,24,24,24,24,24,24,24,24,24,24,24,24,24,24
755,7550,-1799.934,-1769.597,-1763.952,-1643.295,-1758.546,-1773.389,-1500.418,-429.8303,316.974,537.2012,-174.3437,-1239.481,-1910.713,-1754.821,-1662.629,-1733.602,25,25,25,25,24,25,25,24,24,24,24,25,25,25,25,25,755,7550,-1686.371,-1708.376,490.1326,-566.7444,-0.6582451,-0.6136559,-0.7836103,-0.2607539,1.035354,-0.1273935,0.6569576,0.1346423,-0.7679505,1.002316,0.8421419,0.4520814,24,24,24,24,24,24,24,24,24,24,24,24,24,24,24,24
756,7560,-1898.518,-1902.127,-1753,-1707.536,-1852.25,-1762.526,-1527.07,-490.1416,297.6509,526.6172,-137.1979,-1212.152,-1934.993,-1759.836,-1724.193,-1804.563,25,25,25,25,24,25,25,24,24,24,24,25,25,25,25,25,756,7560,-1826.016,-1817.985,496.9418,-567.7772,0.6549598,-1.227254,-0.130613,-0.130377,0.6470866,0.5164568,0.3941681,-0.2694772,0.7678252,0.445498,-0.1212716,-1.243288,24,24,24,24,24,24,24,24,24,24,24,24,24,24,24,24
757,7570,-1818.809,-1818.087,-1754.354,-1744.401,-1805.036,-1734.014,-1560.097,-499.5456,321.3093,535.6013,-125.9237,-1273.107,-1977.96,-1679.591,-1737.317,-1813.117,25,25,25,25,24,25,25,24,24,24,24,25,25,25,25,25,757,7570,-1707.452,-1679.955,494.8466,-563.3879,-1.183526,-5.458059E-05,-0.5224116,0,-0.6471395,-0.3849336,-0.7883909,0.4040569,-0.1280445,-0.1113203,-0.2416985,-1.605311E-05,24,24,24,24,24,24,24,24,24,24,24,24,24,24,24,24
758,7580,-1777.091,-1771.29,-1687.903,-1757.176,-1692.737,-1685.505,-1568.641,-490.5177,315.4876,531.4169,-115.8361,-1261.017,-1934.041,-1668.008,-1691.025,-1787.816,25,25,25,25,24,25,25,24,24,24,24,25,25,25,25,25,758,7580,-1648.506,-1631.664,493.0134,-564.2916,-0.6582451,0.4908785,0.130584,0.6518849,-0.6471395,-1.415095,0.5255629,0.5387633,-0.3840065,4.334341E-05,-0.4825522,0.5651081,24,24,24,24,24,24,24,24,24,24,24,24,24,24,24,24
759,7590,-1697.622,-1666.694,-1683.842,-1700.357,-1644.557,-1705.748,-1574.634,-481.9914,303.8442,508.8951,-144.9119,-1288.345,-1874.173,-1645.797,-1692.457,-1679.146,25,25,25,25,24,25,25,24,24,24,24,25,25,25,25,25,759,7590,-1785.197,-1770.22,489.8707,-574.3611,0.5236397,0.8590374,0.1305873,-0.5215079,-0.3882943,0.001376554,0.6569576,-0.8083048,1.023787,0.2227707,0.4808618,-0.4521135,24,24,24,24,24,24,24,24,24,24,24,24,24,24,24,24
760,7600,-1737.778,-1711.313,-1682.365,-1680.769,-1681.145,-1718.338,-1541.352,-467.948,302.7294,510.495,-156.3049,-1258.246,-1830.135,-1590.867,-1605.599,-1683.724,25,25,25,25,24,25,25,24,24,24,24,25,25,25,25,25,760,7600,-1658.98,-1681.139,483.0615,-567.7772,1.574203,-0.1227228,-0.5224084,-1.434201,0.2588179,1.160307,0.1313755,0.8081763,0.2558995,-0.6681402,-0.9642591,-0.6781638,24,24,24,24,24,24,24,24,24,24,24,24,24,24,24,24
761,7610,-1577.517,-1590.393,-1592.41,-1592.56,-1597.101,-1657.239,-1531.278,-467.8226,296.4123,517.1407,-155.5928,-1270.336,-1900.834,-1792.555,-1736.482,-1577.704,25,25,25,25,24,25,25,24,24,24,24,25,25,25,25,25,761,7610,-1701.813,-1748.641,493.6681,-562.8715,0.2609988,-0.2454425,-0.6530086,-0.7823132,-2.729029E-05,0.3876867,-0.131414,0.4040569,-0.6399702,-0.222684,-1.566393,0.3390578,24,24,24,24,24,24,24,24,24,24,24,24,24,24,24,24
762,7620,-1742.827,-1762.1,-1755.83,-1669.21,-1822.424,-1841.029,-1563.922,-483.9976,295.6691,512.2181,-193.9254,-1296.153,-1993.313,-1768.792,-1742.089,-1727.819,25,25,25,25,24,25,25,24,24,24,24,25,25,25,25,25,762,7620,-1795.938,-1857.854,484.6329,-583.656,-0.6582451,-0.8590438,0.1305873,0.2607026,-0.9059848,-0.5137036,-0.5256014,-0.4041837,0.7678252,0.445498,-0.7234055,-1.243288,24,24,24,24,24,24,24,24,24,24,24,24,24,24,24,24
763,7630,-1809.792,-1786.042,-1728.02,-1803.288,-1820.854,-1748.825,-1623.473,-554.716,278.4518,505.08,-154.406,-1324.238,-2045.326,-1752.193,-1783.132,-1817.333,25,25,25,25,24,25,25,24,24,24,24,25,25,25,25,25,763,7630,-1829.104,-1819.959,479.526,-571.65,-0.6582451,-3.210623E-06,0.6529829,0.5214565,-0.1294491,-0.5137036,-1.051184,0.2693504,0.5118616,0.2227707,-0.3621253,-1.605311E-05,24,24,24,24,24,24,24,24,24,24,24,24,24,24,24,24
764,7640,-1916.792,-1897.169,-1784.38,-1857.187,-1822.182,-1805.851,-1635.205,-527.8831,302.4818,521.8175,-149.1842,-1326.631,-1992.361,-1712.19,-1773.587,-1866.729,25,25,25,25,24,25,25,24,24,24,24,25,25,25,25,25,764,7640,-1784.525,-1768.378,489.085,-582.6232,-0.001642233,0.6135982,-0.2612115,-0.6519362,-0.9059848,-0.5137036,0.6569576,1.212297,0.3838813,-0.3340476,-0.9642591,-1.605311E-05,24,24,24,24,24,24,24,24,24,24,24,24,24,24,24,24
765,7650,-1778.895,-1795.716,-1815.759,-1854.389,-1745.505,-1813.998,-1645.406,-515.8459,302.4818,510.249,-166.0363,-1334.187,-1965.701,-1725.445,-1747.458,-1733.963,25,25,25,25,24,25,25,24,24,24,24,25,25,25,25,25,765,7650,-1640.182,-1638.111,470.6216,-588.4326,0.3923188,0.1227164,0.6529829,0.1303256,0.5176631,0.7739968,1.313934,0.4040569,-0.5119852,-0.7795039,-0.2416985,0.4520814,24,24,24,24,24,24,24,24,24,24,24,24,24,24,24,24
766,7660,-1707.36,-1699.705,-1709.192,-1719.581,-1669.069,-1760.305,-1580.755,-467.0703,301.1192,508.0337,-170.3087,-1299.932,-1859.296,-1659.649,-1660.839,-1703.121,25,25,25,25,24,25,25,24,24,24,24,25,25,25,25,25,766,7660,-1592.649,-1573.767,464.9908,-587.7871,-1.314847,-0.4908817,-0.1306113,-0.5215592,0.6470866,-0.5137036,-1.70816,-0.1347707,-0.2560231,4.494872E-05,0.2400085,-0.2260664,24,24,24,24,24,24,24,24,24,24,24,24,24,24,24,24
767,7670,-1640.155,-1634.166,-1715.837,-1653.15,-1628.135,-1745.863,-1561.245,-468.8257,289.2281,508.2798,-164.9682,-1253.083,-1849.536,-1702.399,-1664.061,-1605.173,25,25,25,25,24,25,25,24,24,24,24,25,25,25,25,25,767,7670,-1780.9,-1723.771,473.8952,-573.3283,0.9176008,1.349919,-1.284249E-05,0.5214565,0.2588179,-1.801405,-0.131414,-1.077718,-1.279873,-0.334046,-0.2416985,1.130232,24,24,24,24,24,24,24,24,24,24,24,24,24,24,24,24
768,7680,-1674.779,-1676.972,-1693.317,-1619.692,-1689.839,-1738.951,-1553.466,-499.5456,276.2222,515.2948,-127.2291,-1190.113,-1929.28,-1706.339,-1679.81,-1656.135,25,25,25,25,24,25,25,24,24,24,24,25,25,25,25,25,768,7680,-1738.738,-1762.062,487.6446,-579.525,0.6549598,-0.4908817,0.783583,1.042964,-0.5177161,0.5164568,0.2627702,-0.5388918,0.6398466,0.3341359,-0.0008451964,-0.9041691,24,24,24,24,24,24,24,24,24,24,24,24,24,24,24,24
769,7690,-1816.645,-1859.804,-1729.865,-1723.596,-1811.918,-1680.197,-1528.217,-521.2376,287.3701,525.6328,-114.768,-1216.56,-1947.728,-1676.128,-1704.268,-1814.562,25,25,25,25,24,25,25,24,24,24,24,25,25,25,25,25,769,7690,-1752.971,-1782.194,482.9306,-591.9182,-0.6582451,-1.227203,0.1305873,-5.136996E-05,-0.1294491,-0.7712442,-1.445371,-0.1347707,0.2559027,-1.113592,-0.2416985,0.1130557,24,24,24,24,24,24,24,24,24,24,24,24,24,24,24,24
770,7700,-1747.756,-1775.885,-1710.299,-1770.803,-1760.358,-1728.459,-1591.466,-523.2438,285.7599,497.8189,-157.9663,-1305.221,-1920.592,-1650.573,-1727.176,-1768.661,25,25,25,25,24,25,25,24,24,24,24,25,25,25,25,25,770,7700,-1892.884,-1892.066,475.0737,-599.1476,-0.2642832,0.6135982,-0.2612115,-0.1304283,-0.3882943,-0.6424737,0.9197503,0.8081763,0.7678269,-0.1113187,-0.602979,0.4521295,24,24,24,24,24,24,24,24,24,24,24,24,24,24,24,24
771,7710,-1774.686,-1753.757,-1704.146,-1753.891,-1681.628,-1717.72,-1575.654,-494.2793,290.8384,509.0182,-136.7232,-1257.239,-1846.798,-1610.212,-1648.551,-1731.674,25,25,25,25,24,25,25,24,24,24,24,25,25,25,25,25,771,7710,-1849.648,-1836.933,464.467,-592.6927,-0.1329631,-0.1227228,-0.2612115,-0.7823132,-0.3882943,-0.6424737,-0.6569961,-0.9430113,-0.639967,-0.668137,-0.2416985,0.5651531,24,24,24,24,24,24,24,24,24,24,24,24,24,24,24,24
772,7720,-1618.755,-1614.093,-1613.699,-1625.897,-1574.279,-1621.073,-1515.465,-472.2112,297.7748,508.1568,-136.4859,-1256.987,-1825.851,-1616.78,-1663.464,-1625.172,25,25,25,25,24,25,25,24,24,24,24,25,25,25,25,25,772,7720,-1900.403,-1898.25,468.5263,-587.3998,-0.6582451,-0.2454425,0.5223843,-0.5215592,0.6470866,0.7739968,-0.2628087,1.212297,0.3838829,0.2227723,0.3604349,-0.9041691,24,24,24,24,24,24,24,24,24,24,24,24,24,24,24,24
773,7730,-1645.805,-1636.343,-1643.971,-1649.014,-1573.675,-1638.23,-1533.318,-463.8102,313.0104,513.2026,-140.6395,-1301.317,-1877.625,-1696.667,-1728.488,-1643.124,25,25,25,25,24,25,25,24,24,24,24,25,25,25,25,25,773,7730,-1783.048,-1806.011,474.0261,-576.2975,0.3923188,-3.210623E-06,-1.828401,-0.5215592,-0.7765613,0.2589166,1.576727,-1.077718,-1.535835,-0.8908643,-0.3621253,0.7912034,24,24,24,24,24,24,24,24,24,24,24,24,24,24,24,24
774,7740,-1761.221,-1712.16,-1772.566,-1697.559,-1646.126,-1725.744,-1540.331,-442.369,307.3125,515.664,-152.0325,-1286.079,-1859.772,-1683.293,-1684.582,-1677.098,25,25,25,25,24,25,25,24,24,24,24,25,25,25,25,25,774,7740,-1652.132,-1677.718,477.1688,-574.7484,-0.7895651,-2.086243,-0.5224084,1.564472,0.3882414,1.031537,-1.926374E-05,-0.4041837,1.023789,0.3341359,-1.445966,-0.339045,24,24,24,24,24,24,24,24,24,24,24,24,24,24,24,24
775,7750,-1736.816,-1750.25,-1808.13,-1688.921,-1716.283,-1816.96,-1579.862,-481.1136,279.4427,511.2335,-174.4624,-1254.972,-1900.834,-1767.479,-1714.409,-1663.966,25,25,25,25,24,25,25,24,24,24,24,25,25,25,25,25,775,7750,-1628.5,-1649.033,485.2875,-567.7772,-0.6582451,-0.7363242,0.7835814,0.6518335,0.3882414,-0.6424737,-0.9197888,0.1346423,0.7678269,4.494872E-05,-0.4825522,0.1130557,24,24,24,24,24,24,24,24,24,24,24,24,24,24,24,24
776,7760,-1759.057,-1750.008,-1718.544,-1658.625,-1750.939,-1727.842,-1519.546,-490.1416,283.6541,515.9102,-144.7932,-1192.506,-1845.727,-1691.293,-1647.835,-1743.12,25,25,25,25,24,25,25,24,24,24,24,25,25,25,25,25,776,7760,-1791.776,-1824.959,486.4661,-565.4534,0.1296778,0.4908785,-0.7836103,-1.303766,-1.035407,-0.7712442,-1.926374E-05,1.347004,-0.2560231,0.8909558,0.3604349,-0.2260182,24,24,24,24,24,24,24,24,24,24,24,24,24,24,24,24
777,7770,-1642.198,-1649.886,-1620.714,-1585.381,-1657.598,-1627.121,-1480.143,-480.6122,290.0951,514.9256,-116.3108,-1195.025,-1902.976,-1647.11,-1639.125,-1652.28,25,25,25,25,24,25,25,24,24,24,24,25,25,25,25,25,777,7770,-1652.266,-1645.085,486.7279,-565.5825,0.6549598,-3.210623E-06,-0.130613,-0.1303738,-0.9059318,0.2589166,1.313934,-0.4041837,-0.5119852,-0.4454097,-0.0008451964,0.6781799,24,24,24,24,24,24,24,24,24,24,24,24,24,24,24,24
778,7780,-1738.258,-1767.663,-1665.506,-1726.273,-1769.897,-1662.176,-1528.217,-510.2036,295.7929,511.3564,-139.2154,-1257.49,-1959.392,-1687.83,-1696.513,-1694.447,25,25,25,25,24,25,25,24,24,24,24,25,25,25,25,25,778,7780,-1676.838,-1683.244,482.2757,-568.1644,-0.7895651,0.3681589,-0.3918115,-0.3911277,0.3882943,0.2588653,-1.182578,0.5387633,-6.100183E-05,-0.334046,0.2400085,-0.4520685,24,24,24,24,24,24,24,24,24,24,24,24,24,24,24,24
779,7790,-1739.581,-1756.417,-1692.456,-1747.93,-1727.151,-1689.084,-1543.774,-479.7344,309.4182,509.3873,-150.8457,-1264.165,-1868.579,-1623.467,-1675.753,-1751.553,25,25,25,25,24,25,25,24,24,24,24,25,25,25,25,25,779,7790,-1712.018,-1694.824,482.5376,-563.9043,0.1296778,1.2272,-1.044807,-0.6518816,0.5177161,-0.384985,-0.9197888,-0.4041837,-0.1280412,0.4454996,0.6012886,0.4521295,24,24,24,24,24,24,24,24,24,24,24,24,24,24,24,24
780,7800,-1679.228,-1653.634,-1664.768,-1727.733,-1670.518,-1760.181,-1591.976,-467.4465,305.95,502.8646,-177.6666,-1335.95,-1929.518,-1757.806,-1795.659,-1659.388,25,25,25,25,24,25,25,24,24,24,24,25,25,25,25,25,780,7800,-1594.26,-1599.426,489.3468,-558.3531,0.5236397,-1.227203,0.130584,-0.1303738,-0.3882414,-0.384985,-1.051184,-1.077666,0.6398466,0.4454996,-0.7234055,-1.356267,24,24,24,24,24,24,24,24,24,24,24,24,24,24,24,24
781,7810,-1949.133,-1816.515,-1946.446,-1839.424,-1717.853,-1846.707,-1638.776,-501.928,283.0348,500.6494,-150.8457,-1293.509,-1939.516,-1852.978,-1822.981,-1737.818,25,25,25,25,24,25,25,24,24,24,24,25,25,25,25,25,781,7810,-1679.389,-1731.14,491.0492,-565.0662,-0.9208853,-0.2454425,-1.44478E-05,0.1303834,0.5177161,0.001325184,0.3941681,-0.1347193,0.3838813,0.1114086,-0.7234055,0.2260792,24,24,24,24,24,24,24,24,24,24,24,24,24,24,24,24
782,7820,-1921.602,-1820.263,-1879.503,-1727.124,-1741.762,-1906.695,-1613.144,-488.01,272.5061,495.7266,-185.4993,-1274.87,-1883.457,-1746.701,-1719.898,-1714.807,25,25,25,25,24,25,25,24,24,24,24,25,25,25,25,25,782,7820,-1831.118,-1919.961,487.9065,-564.808,-0.3956041,-0.6136046,-0.5224116,-0.6518816,0.2588709,-1.543916,-1.926374E-05,0.6735212,0.3838813,1.002268,0.7217151,-0.5650953,24,24,24,24,24,24,24,24,24,24,24,24,24,24,24,24
783,7830,-1728.4,-1736.344,-1734.418,-1632.345,-1715.196,-1727.472,-1508.579,-466.318,287.2462,499.1725,-192.6199,-1246.534,-1869.412,-1695.95,-1655.709,-1703.844,25,25,25,25,24,25,25,24,24,24,24,25,25,25,25,25,783,7830,-1724.773,-1787.063,486.8588,-572.5537,0.1296778,0.3681589,0.3917827,0.3911373,-0.6470866,0.2588653,-0.131414,-1.212374,0.3838813,-6.421245E-06,0.1195816,0.904227,24,24,24,24,24,24,24,24,24,24,24,24,24,24,24,24
784,7840,-1697.742,-1698.375,-1681.75,-1590.978,-1624.15,-1640.205,-1479.123,-456.5378,291.5815,503.48,-148.2348,-1180.794,-1792.167,-1588.359,-1555.25,-1689.869,25,25,25,25,24,25,25,24,24,24,24,25,25,25,25,25,784,7840,-1775.529,-1777.984,492.7515,-573.4574,-0.3956041,-3.210623E-06,1.436577,-0.7822586,0.7765613,1.160256,-0.2628087,0.2694018,0.6398434,-0.6681884,0.1195816,-0.9042141,24,24,24,24,24,24,24,24,24,24,24,24,24,24,24,24
785,7850,-1587.857,-1591.723,-1611.361,-1555.816,-1587.562,-1638.107,-1491.492,-479.3583,269.7811,499.4187,-118.5657,-1147.798,-1785.383,-1622.989,-1605.599,-1563.849,25,25,25,25,24,25,25,24,24,24,24,25,25,25,25,25,785,7850,-1768.144,-1717.982,487.6445,-585.7216,-0.2642832,0.3681589,-1.436606,-0.5215046,-0.1293961,-1.028836,0.1313755,-1.284249E-05,-0.5119883,-0.779552,-0.0008451964,0.3390578,24,24,24,24,24,24,24,24,24,24,24,24,24,24,24,24
786,7860,-1688.605,-1709.62,-1684.949,-1697.802,-1795.134,-1745.122,-1573.359,-534.278,273.8687,491.4191,-158.9157,-1274.996,-1961.535,-1692.846,-1722.761,-1650.111,25,25,25,25,24,25,25,24,24,24,24,25,25,25,25,25,786,7860,-1693.488,-1672.586,477.4307,-591.7891,0.2609988,-0.8590438,-0.5224116,-0.1303738,-0.1293961,0.6451755,0.6569576,-1.077666,-0.7679505,-0.6681884,-1.084686,-1.605311E-05,24,24,24,24,24,24,24,24,24,24,24,24,24,24,24,24
787,7870,-1833.597,-1822.319,-1765.921,-1796.962,-1805.036,-1776.474,-1587.768,-521.6138,273.3732,484.8964,-169.7153,-1311.014,-1937.73,-1658.455,-1743.998,-1802.394,25,25,25,25,24,25,25,24,24,24,24,25,25,25,25,25,787,7870,-1801.578,-1740.351,474.6808,-594.371,-0.6582451,-0.6136046,0.6529813,1.434153,0.3882943,-0.513755,-1.576766,-0.8082534,0.1279176,0.2227209,0.4808618,-1.605311E-05,24,24,24,24,24,24,24,24,24,24,24,24,24,24,24,24
788,7880,-1805.825,-1790.154,-1792.255,-1804.14,-1716.162,-1829.55,-1635.588,-503.1819,277.9562,490.6807,-190.009,-1331.417,-1908.689,-1798.884,-1798.881,-1746.613,25,25,25,25,24,25,25,24,24,24,24,25,25,25,25,25,788,7880,-1793.521,-1835.88,485.0256,-593.3383,0.2609988,0.4908785,0.7835814,0.7822682,2.568498E-05,-1.930226,-0.131414,0.6735212,-6.260714E-05,0.7795408,0.4808618,0.3390578,24,24,24,24,24,24,24,24,24,24,24,24,24,24,24,24
789,7890,-1783.222,-1721.954,-1827.327,-1733.208,-1784.146,-1953.352,-1627.936,-490.6432,256.7752,489.5731,-214.1004,-1327.009,-2000.693,-1910.655,-1834.673,-1711.916,25,25,25,25,24,25,25,24,24,24,24,25,25,25,25,25,789,7890,-1823.867,-1845.617,485.8113,-606.8933,1.574203,-0.3681621,-0.5224116,-1.043012,-1.035354,0.2588653,1.313934,0.5388147,0.2558995,-1.113643,0.8421419,-0.5651402,24,24,24,24,24,24,24,24,24,24,24,24,24,24,24,24
790,7900,-1940.717,-1935.864,-1943.739,-1762.651,-1847.299,-1918.915,-1597.077,-473.5905,282.9109,498.5572,-208.2852,-1292.501,-1899.406,-1745.984,-1704.387,-1828.176,25,25,25,25,24,25,25,24,24,24,24,25,25,25,25,25,790,7900,-1829.775,-1850.88,482.7996,-622.514,-0.3956041,0.2453847,0.3917827,-1.694897,0.5177161,-0.2562149,-0.5256014,1.077642,-0.7679505,-0.8909157,-0.4825522,-0.6781638,24,24,24,24,24,24,24,24,24,24,24,24,24,24,24,24
791,7910,-1849.467,-1872.743,-1899.438,-1681.986,-1780.885,-1868.678,-1596.057,-522.7423,257.0229,491.7883,-188.2289,-1272.351,-2027.115,-1796.377,-1778.24,-1743.36,25,25,25,25,24,25,25,24,24,24,24,25,25,25,25,25,791,7910,-1824.673,-1822.327,476.2523,-621.7394,-0.2642832,-0.1227742,-1.044807,0.3911373,0.3882943,-0.9000655,-0.7883909,-1.284249E-05,-0.2560263,0.3340846,0.4808618,0.4520814,24,24,24,24,24,24,24,24,24,24,24,24,24,24,24,24
792,7920,-1925.809,-1922.078,-1779.949,-1833.705,-1884.128,-1757.219,-1590.446,-544.9358,271.5152,493.6344,-155.7115,-1282.678,-1976.889,-1682.934,-1738.152,-1922.991,25,25,25,25,24,25,25,24,24,24,24,25,25,25,25,25,792,7920,-1739.678,-1752.062,462.7648,-622.3849,0.6549598,0.122665,-1.44478E-05,-0.6518849,0.1294491,0.3876353,-0.6569961,-1.212374,0.2558995,0.2227209,-0.8438323,-0.4521135,24,24,24,24,24,24,24,24,24,24,24,24,24,24,24,24
793,7930,-1722.509,-1774.071,-1687.534,-1728.463,-1724.615,-1720.066,-1549.513,-486.1292,298.2702,502.7415,-154.7621,-1271.218,-1899.644,-1622.392,-1643.897,-1781.311,25,25,25,25,24,25,25,24,24,24,24,25,25,25,25,25,793,7930,-1819.033,-1901.276,463.9433,-609.7335,-0.1329631,-0.1227742,-1.044807,-1.303773,-0.6470866,0.6451755,-0.6569961,-1.212374,0.1279176,-0.779552,-0.4825522,-0.6781638,24,24,24,24,24,24,24,24,24,24,24,24,24,24,24,24
794,7940,-1636.908,-1639.486,-1598.317,-1647.919,-1637.432,-1609.841,-1508.707,-476.2235,307.3124,515.7871,-128.7719,-1244.393,-1844.18,-1585.852,-1663.106,-1649.629,25,25,25,25,24,25,25,24,24,24,24,25,25,25,25,25,794,7940,-1920.275,-1918.909,481.752,-605.4733,-0.3956041,0.3681075,0.130584,-0.2607539,0.2588709,-0.513755,0.5255629,0.1346937,0.3838813,-0.1113701,-1.325539,0.904182,24,24,24,24,24,24,24,24,24,24,24,24,24,24,24,24
795,7950,-1703.032,-1687.976,-1738.356,-1756.081,-1675.107,-1813.998,-1616.587,-489.64,279.5665,512.2181,-151.2018,-1268.573,-1873.221,-1852.381,-1797.926,-1686.616,25,25,25,25,24,25,25,24,24,24,24,25,25,25,25,25,795,7950,-1995.334,-2019.569,480.4425,-614.8973,-0.001642233,-0.1227742,-0.7836103,0.5215079,-0.5176631,-1.286376,0.2627702,0.1346937,-0.6399702,0.3340846,0.8421419,-0.2260664,24,24,24,24,24,24,24,24,24,24,24,24,24,24,24,24
796,7960,-1773.484,-1715.787,-1769.982,-1667.75,-1645.04,-1697.231,-1513.935,-443.1213,302.4817,505.8184,-146.336,-1230.413,-1796.333,-1593.375,-1614.428,-1705.169,25,25,25,25,24,25,25,24,24,24,24,25,25,25,25,25,796,7960,-1905.908,-1922.198,476.1213,-611.799,0.7862799,0.2453847,-0.3918115,-0.130377,0.1294491,0.3876353,0.2627702,0.9428844,-0.3840065,-0.2227337,0.4808618,-0.3390899,24,24,24,24,24,24,24,24,24,24,24,24,24,24,24,24
797,7970,-1628.132,-1618.93,-1651.109,-1625.288,-1649.266,-1728.336,-1518.143,-452.7762,279.6903,493.3883,-188.4662,-1262.024,-1887.742,-1751,-1702.359,-1593.607,25,25,25,25,24,25,25,24,24,24,24,25,25,25,25,25,797,7970,-1809.366,-1844.302,466.0384,-622.6431,0.5236397,-1.227254,-0.5224116,-0.5215079,-0.2588195,-0.2562149,-1.926374E-05,-0.5388918,-0.1279931,0.3340846,0.8421419,-0.1130396,24,24,24,24,24,24,24,24,24,24,24,24,24,24,24,24
798,7980,-1745.832,-1755.328,-1715.222,-1661.424,-1774.003,-1717.474,-1528.345,-507.1942,257.0229,500.4034,-136.4859,-1208.5,-1867.984,-1647.23,-1637.932,-1728.662,25,25,25,25,24,25,25,24,24,24,24,25,25,25,25,25,798,7980,-1838.1,-1862.855,461.9791,-609.8625,0.5236397,-0.6136559,0.130584,0.2607539,-0.2588195,-0.2562149,0.1313755,-0.6735983,0.3839327,0.2227707,-1.325539,-0.3390899,24,24,24,24,24,24,24,24,24,24,24,24,24,24,24,24
799,7990,-1643.882,-1649.281,-1608.9,-1649.622,-1649.145,-1632.306,-1502.841,-481.239,299.1373,508.649,-128.1785,-1237.592,-1858.224,-1552.416,-1621.706,-1656.617,25,25,25,25,24,25,25,24,24,24,24,25,25,25,25,25,799,7990,-1808.829,-1760.746,477.5617,-599.4058,-0.5269242,-0.2454938,-1.44478E-05,0.3911309,-0.2588195,-0.513755,-1.576766,-6.421245E-05,-1.123718E-05,-0.8908675,-0.2416985,-0.2260664,24,24,24,24,24,24,24,24,24,24,24,24,24,24,24,24
800,8000,-1662.276,-1655.69,-1591.672,-1660.815,-1626.927,-1609.347,-1534.083,-491.1446,307.1886,500.4034,-144.5559,-1321.593,-1928.566,-1706.817,-1781.939,-1662.641,25,25,25,25,24,25,25,24,24,24,24,25,25,25,25,25,800,8000,-1770.292,-1764.036,482.5377,-602.375,1.311562,0.2453847,0.7835814,1.173393,0.5177161,-1.415146,-0.7883909,-6.421245E-05,-0.6399189,0.7795889,0.4808618,-0.4521135,24,24,24,24,24,24,24,24,24,24,24,24,24,24,24,24
801,8010,-1810.393,-1754.603,-1829.296,-1806.33,-1688.752,-1915.952,-1676.521,-514.4667,265.4458,483.5427,-179.8028,-1311.518,-1919.282,-1752.791,-1745.43,-1732.638,25,25,25,25,24,25,25,24,24,24,24,25,25,25,25,25,801,8010,-1740.752,-1797.195,480.0497,-602.375,1.048921,0.122665,-0.9142088,-0.9126388,-0.6470866,-0.1274449,0.3941681,-0.2694772,0.127969,-0.222684,-0.0008451964,0.3390578,24,24,24,24,24,24,24,24,24,24,24,24,24,24,24,24
802,8020,-1716.017,-1711.797,-1770.844,-1691.719,-1638.157,-1758.206,-1560.224,-451.0207,299.8805,496.5881,-186.2113,-1303.962,-1864.889,-1698.458,-1714.887,-1663.725,25,25,25,25,24,25,25,24,24,24,24,25,25,25,25,25,802,8020,-1770.292,-1822.064,488.5612,-595.9202,1.311562,0.6135468,-0.5224116,-2.346789,-0.2588195,0.3876353,-1.051184,0.5387633,-1.123718E-05,-1.113595,-0.8438323,-0.4521135,24,24,24,24,24,24,24,24,24,24,24,24,24,24,24,24
803,8030,-1663.358,-1672.377,-1780.073,-1690.624,-1688.027,-1828.069,-1587.641,-472.4619,280.3097,498.8034,-179.8028,-1280.537,-1881.076,-1731.416,-1697.348,-1653.846,25,25,25,25,24,25,25,24,24,24,24,25,25,25,25,25,803,8030,-1761.565,-1782.984,492.3587,-595.6619,-0.2642832,-0.1227742,-0.130613,0.6518849,0.9059848,0.3876353,0.1313755,0.2693504,-0.1279931,-0.5567766,-0.602979,0.6781317,24,24,24,24,24,24,24,24,24,24,24,24,24,24,24,24
804,8040,-1694.617,-1696.44,-1734.049,-1660.085,-1745.747,-1785.978,-1537.654,-477.3521,275.9744,493.1422,-199.1471,-1277.389,-1934.398,-1706.22,-1668.117,-1670.713,25,25,25,25,24,25,25,24,24,24,24,25,25,25,25,25,804,8040,-2012.924,-1985.621,485.2876,-609.2171,-0.2642832,-0.7363756,1.175378,0.7822618,0.2588709,0.7739455,-0.3942067,-0.9430113,0.7678766,1.447771,-0.8438323,-0.5651402,24,24,24,24,24,24,24,24,24,24,24,24,24,24,24,24
805,8050,-1746.434,-1761.375,-1699.47,-1641.47,-1717.853,-1687.85,-1499.781,-473.465,281.9199,496.7112,-166.2737,-1238.977,-1895.359,-1658.096,-1655.709,-1734.083,25,25,25,25,24,25,25,24,24,24,24,25,25,25,25,25,805,8050,-1827.896,-1799.3,475.2047,-614.5101,-0.2642832,-0.1227742,-1.44478E-05,0.130377,-0.2588195,-0.2562149,-0.9197888,0.1346423,0.127969,-0.3340476,-0.602979,-0.9042141,24,24,24,24,24,24,24,24,24,24,24,24,24,24,24,24
806,8060,-1715.656,-1747.59,-1668.214,-1700.357,-1797.308,-1675.383,-1514.955,-531.6448,260.8627,489.9424,-169.0033,-1258.498,-1947.847,-1763.896,-1747.816,-1742.396,25,25,25,25,24,25,25,24,24,24,24,25,25,25,25,25,806,8060,-1815.542,-1812.853,483.9781,-598.2439,0.5236397,0.8589861,-0.3918115,-0.130377,-0.3882414,-0.9000655,0.7883524,0.8081763,-0.1279931,4.334341E-05,-0.1212716,-1.605311E-05,24,24,24,24,24,24,24,24,24,24,24,24,24,24,24,24
807,8070,-1832.635,-1829.211,-1787.21,-1850.13,-1843.314,-1798.321,-1659.306,-569.3864,267.056,482.312,-166.9857,-1348.796,-2023.664,-1815.96,-1865.694,-1824.923,25,25,25,25,24,25,25,24,24,24,24,25,25,25,25,25,807,8070,-1920.275,-2075.887,494.8466,-605.7315,-0.001642233,-0.1227742,0.1305873,0.3911309,-0.3882414,0.001325184,-1.926374E-05,-1.481839,0.127969,-0.7795039,-0.4825522,-0.1130396,24,24,24,24,24,24,24,24,24,24,24,24,24,24,24,24
808,8080,-1893.229,-1829.332,-1819.943,-1805.478,-1762.531,-1890.155,-1671.93,-509.075,271.7629,481.6967,-208.9973,-1368.568,-1972.723,-1833.753,-1823.697,-1819.622,25,25,25,25,24,25,25,24,24,24,24,25,25,25,25,25,808,8080,-1891.944,-1952.462,491.9658,-618.2538,0.5236397,-0.1227742,0.5223843,-0.2607507,-0.5176631,0.2588653,-0.7883909,-0.6735983,-1.123718E-05,-0.3340476,-0.4825522,0.1130075,24,24,24,24,24,24,24,24,24,24,24,24,24,24,24,24
809,8090,-1821.334,-1791.484,-1800.254,-1730.288,-1769.535,-1872.011,-1638.393,-521.363,260.4911,499.788,-189.7717,-1285.071,-1916.426,-1801.87,-1764.161,-1752.276,25,25,25,25,24,25,25,24,24,24,24,25,25,25,25,25,809,8090,-1961.497,-1990.358,488.9541,-615.801,-0.3956041,0.8589861,-0.7836071,-0.6518849,0.3882943,-0.513755,-1.926374E-05,-0.4041837,-0.8958809,1.225044,1.925983,1.017206,24,24,24,24,24,24,24,24,24,24,24,24,24,24,24,24
810,8100,-1810.995,-1822.682,-1836.802,-1766.91,-1850.318,-1823.749,-1611.104,-559.3553,243.2737,479.7274,-189.0596,-1329.905,-2075.319,-1778.345,-1812.84,-1756.251,25,25,25,25,24,25,25,24,24,24,24,25,25,25,25,25,810,8100,-1829.775,-1816.537,488.9541,-619.4156,0.9176008,-0.6136559,-0.5224084,-0.5215046,-0.5176631,-0.6424737,-0.2628087,-0.4041837,-0.1279931,0.2227707,0.2400085,-0.5651402,24,24,24,24,24,24,24,24,24,24,24,24,24,24,24,24
811,8110,-1826.263,-1837.676,-1726.051,-1776.765,-1806.485,-1730.681,-1600.265,-527.2562,277.5846,495.7266,-164.4936,-1276.381,-1920.115,-1632.064,-1679.69,-1880.584,25,25,25,25,24,25,25,24,24,24,24,25,25,25,25,25,811,8110,-1773.918,-1831.011,479.7878,-619.9321,-0.7895651,-0.6136559,0.2611858,0.1303802,2.568498E-05,0.001376554,-0.6569448,-0.4041837,-1.123718E-05,-0.7795039,-0.3621253,-0.1130396,24,24,24,24,24,24,24,24,24,24,24,24,24,24,24,24
812,8120,-1783.222,-1775.039,-1731.096,-1800.246,-1786.561,-1808.443,-1674.863,-552.2083,275.7266,497.2034,-171.2581,-1365.168,-1988.91,-1841.634,-1878.102,-1764.685,25,25,25,25,24,25,25,24,24,24,24,25,25,25,25,25,812,8120,-2003.927,-2047.728,489.4779,-621.3521,-0.7895651,-5.458059E-05,-1.284249E-05,0.2607571,2.568498E-05,-1.543865,-0.9197375,0.4040569,-1.123718E-05,0.445498,0.6012886,0.3390578,24,24,24,24,24,24,24,24,24,24,24,24,24,24,24,24
813,8130,-1938.193,-1880.724,-1925.772,-1822.147,-1803.587,-1973.718,-1684.682,-509.9528,260.2434,494.0036,-225.968,-1317.437,-2030.329,-2002.961,-1863.427,-1807.454,25,25,25,25,24,25,25,24,24,24,24,25,25,25,25,25,813,8130,-1918.127,-1942.594,501.2631,-590.8854,0.1296778,-0.1227742,-1.284249E-05,1.043019,-0.1293961,0.001376554,0.657009,-0.2694772,0.2559027,0.445498,0.8421419,0.2260343,24,24,24,24,24,24,24,24,24,24,24,24,24,24,24,24
814,8140,-2207,-2176.774,-2055.475,-1878.357,-2073.977,-1991.369,-1650.89,-569.3864,248.1045,488.8346,-206.0304,-1309.881,-2067.226,-1804.258,-1810.812,-1953.833,25,25,25,25,24,25,25,24,24,24,24,25,25,25,25,25,814,8140,-1753.105,-1771.8,488.6922,-608.7007,0.5236397,-0.2454938,-0.5224084,-1.30377,2.568498E-05,0.2589166,1.445384,-0.4041837,-0.639967,-1.781774,-1.325539,-0.3390899,24,24,24,24,24,24,24,24,24,24,24,24,24,24,24,24
815,8150,-2042.789,-2113.681,-1874.581,-1907.071,-1983.507,-1845.226,-1645.151,-564.7471,273.8686,490.3115,-190.8398,-1364.286,-2069.963,-1764.613,-1849.349,-1969.014,25,25,25,25,24,25,25,24,24,24,24,25,25,25,25,25,815,8150,-1801.846,-1825.09,481.621,-591.2727,-0.6582451,-5.458059E-05,-1.044806,0.1303802,0.6471395,0.6452268,0.3942195,0.2693504,-0.639967,0.2227723,-0.1212716,0.3390578,24,24,24,24,24,24,24,24,24,24,24,24,24,24,24,24
816,8160,-1877.84,-1854.363,-1823.389,-1887.361,-1780.402,-1824.489,-1676.011,-532.1463,279.4426,498.8033,-165.5616,-1328.142,-1947.847,-1727.117,-1780.03,-1880.704,25,25,25,25,24,25,25,24,24,24,24,25,25,25,25,25,816,8160,-1730.279,-1745.614,496.0252,-573.3283,-0.1329631,-0.4909331,-1.284249E-05,3.210623E-06,2.568498E-05,-0.1273935,-0.3941553,-0.6735983,0.1279208,-0.1113187,-0.4825522,-0.2260182,24,24,24,24,24,24,24,24,24,24,24,24,24,24,24,24
817,8170,-1820.492,-1793.782,-1847.385,-1795.866,-1781.731,-1939.651,-1655.225,-499.7964,268.0469,495.1112,-199.6218,-1342.121,-1984.863,-1879.368,-1812.005,-1755.408,25,25,25,25,24,25,25,24,24,24,24,25,25,25,25,25,817,8170,-1736.59,-1749.825,496.549,-575.1356,-0.6582451,-0.6136559,0.9141815,0.912642,-0.1293961,0.2589166,-0.1313626,-6.421245E-05,0.8958087,0.2227723,-0.602979,-0.9041691,24,24,24,24,24,24,24,24,24,24,24,24,24,24,24,24
818,8180,-1812.678,-1812.645,-1833.233,-1713.619,-1797.791,-1815.849,-1579.734,-484.8753,284.0256,506.0645,-191.7892,-1280.159,-1894.05,-1717.445,-1699.496,-1802.274,25,25,25,25,24,25,25,24,24,24,24,25,25,25,25,25,818,8180,-1704.901,-1680.744,500.8702,-564.1625,1.048921,0.122665,-0.2612115,-1.30377,0.1294491,-0.6424737,0.657009,-0.4041837,0.1279208,-0.5567734,-0.9642591,-0.339045,24,24,24,24,24,24,24,24,24,24,24,24,24,24,24,24
819,8190,-1762.784,-1757.263,-1745.001,-1692.084,-1752.026,-1738.581,-1566.855,-531.1432,267.5515,499.4187,-170.0714,-1288.219,-2019.022,-1725.565,-1731.471,-1734.445,25,25,25,25,24,25,25,24,24,24,24,25,25,25,25,25,819,8190,-1724.505,-1726.272,506.7627,-566.6153,0.2609988,-5.458059E-05,-0.3918099,1.043019,-0.7765084,-0.6424737,0.9198017,0.2693504,-0.1280412,0.1114086,-0.2416985,-0.5650953,24,24,24,24,24,24,24,24,24,24,24,24,24,24,24,24
820,8200,-1818.809,-1814.096,-1725.066,-1777.981,-1788.372,-1678.963,-1588.788,-544.8104,275.8505,488.9577,-179.6842,-1367.309,-2024.021,-1790.883,-1850.78,-1805.647,25,25,25,25,24,25,25,24,24,24,24,25,25,25,25,25,820,8200,-1653.206,-1678.112,499.2988,-571.3919,-0.3956041,-0.7363756,1.044782,-0.1303738,2.568498E-05,0.7739968,0.5256143,-1.077718,0.2559027,-0.5567734,-0.0008451964,0.5651531,24,24,24,24,24,24,24,24,24,24,24,24,24,24,24,24
821,8210,-1807.869,-1848.679,-1887.625,-1891.619,-1774.365,-1894.228,-1681.112,-509.8274,288.9803,511.1103,-163.5441,-1326.253,-1920.948,-1753.03,-1771.917,-1802.876,25,25,25,25,24,25,25,24,24,24,24,25,25,25,25,25,821,8210,-1746.66,-1739.167,492.7515,-568.2936,-0.7895651,0.3681075,0.3917859,0.2607571,0.7765613,1.289077,-0.3941553,-0.1347707,-0.639967,0.3341359,0.6012886,1.130277,24,24,24,24,24,24,24,24,24,24,24,24,24,24,24,24
822,8220,-1748.477,-1754.12,-1801.731,-1735.276,-1707.589,-1799.433,-1598.48,-495.157,274.4879,507.2951,-177.6667,-1293.383,-1944.158,-1887.25,-1815.107,-1702.278,25,25,25,25,24,25,25,24,24,24,24,25,25,25,25,25,822,8220,-1817.959,-1792.721,493.5371,-561.1933,-0.001642233,-1.840804,-1.175406,-1.043016,-0.7765084,-0.5137036,0.657009,-6.421245E-05,0.3838829,-0.2226824,0.3604349,0.1130557,24,24,24,24,24,24,24,24,24,24,24,24,24,24,24,24
823,8230,-1879.523,-1921.111,-1873.473,-1780.78,-1943.538,-1832.389,-1581.647,-544.5597,254.4217,496.3419,-209.2346,-1279.781,-2011.286,-1876.861,-1821.072,-1866.608,25,25,25,25,24,25,25,24,24,24,24,25,25,25,25,25,823,8230,-1743.303,-1715.877,490.7872,-561.8388,0.5236397,0.2454361,0.5223796,0.912642,0.9059848,-0.9000142,-0.1313626,1.347004,0.8958087,-0.8908643,-0.9642591,0.2260792,24,24,24,24,24,24,24,24,24,24,24,24,24,24,24,24
824,8240,-1911.262,-1961.257,-1879.872,-1765.571,-1847.661,-1833.006,-1584.708,-515.9713,261.482,495.3574,-204.2502,-1284.819,-1940.587,-1786.943,-1746.862,-1888.656,25,25,25,25,24,25,25,24,24,24,24,25,25,25,25,25,824,8240,-1801.846,-1804.826,485.9422,-566.228,-1.314847,-0.6136046,-0.3918148,0.782265,1.035407,-1.801405,-0.3941553,0.4040569,-0.7679489,-0.1113187,0.4808618,-1.017193,24,24,24,24,24,24,24,24,24,24,24,24,24,24,24,24
825,8250,-1825.542,-1826.672,-1770.351,-1774.696,-1888.234,-1715.005,-1556.781,-556.2206,268.5424,508.1566,-162.4761,-1260.765,-2047.111,-1817.751,-1808.067,-1836.007,25,25,25,25,24,25,25,24,24,24,24,25,25,25,25,25,825,8250,-1732.159,-1728.114,491.7039,-556.6749,0.5236397,0.6135982,-0.3918148,3.210623E-06,-0.2588195,-0.3849336,0.2628216,-0.6735983,-0.1280412,0.7795922,0.9625688,0.3391027,24,24,24,24,24,24,24,24,24,24,24,24,24,24,24,24
826,8260,-2009.607,-2016.034,-1862.89,-1946.613,-1991.235,-1886.946,-1714.521,-603.9932,270.2766,493.2653,-183.3631,-1404.326,-2146.113,-1900.504,-1956.25,-1949.617,25,25,25,25,24,25,25,24,24,24,24,25,25,25,25,25,826,8260,-1690.802,-1704.692,491.0492,-565.0662,-0.5269242,0.3681589,0.2611809,-1.564524,0.5177161,0.5164568,0.3942195,-0.4041837,-0.7679489,-0.5567734,-0.1212716,0.7912034,24,24,24,24,24,24,24,24,24,24,24,24,24,24,24,24
827,8270,-1985.441,-1935.742,-1867.689,-1885.414,-1835.224,-1934.344,-1722.81,-535.2809,268.5424,493.8806,-203.0634,-1392.115,-2019.617,-1991.617,-1926.065,-1948.894,25,25,25,25,24,25,25,24,24,24,24,25,25,25,25,25,827,8270,-1735.381,-1739.167,484.6328,-570.8755,0.3923188,0.8590374,-0.2612146,3.210623E-06,0.1294491,0.001376554,0.6569576,1.48171,-0.2560231,-0.5567734,-0.9642591,0.2260792,24,24,24,24,24,24,24,24,24,24,24,24,24,24,24,24
828,8280,-2056.013,-1906.359,-1995.177,-1808.276,-1889.924,-1957.796,-1673.588,-541.8011,256.1559,503.2339,-209.5906,-1333.054,-2081.867,-1903.251,-1867.603,-1853.717,25,25,25,25,24,25,25,24,24,24,24,25,25,25,25,25,828,8280,-1700.47,-1665.612,482.9305,-565.4535,-0.2642832,-1.472645,-0.3918148,0.6518881,1.164828,-0.1273935,0.1313755,-0.6735485,-0.7679489,0.4454996,-0.0008451964,-0.7911424,24,24,24,24,24,24,24,24,24,24,24,24,24,24,24,24
829,8290,-1976.304,-1986.892,-1859.814,-1777.981,-1866.015,-1818.935,-1619.01,-536.7856,278.0801,502.2494,-194.1627,-1355.345,-2064.369,-1747.895,-1779.672,-1944.678,25,25,25,25,24,25,25,24,24,24,24,25,25,25,25,25,829,8290,-1632.662,-1637.98,486.3351,-571.3919,-0.1329631,-0.8590438,0.5223796,0.2607571,-0.6470866,0.6452268,-0.2628087,0.8082261,0.2559508,0.8909558,-0.2416985,-0.6781188,24,24,24,24,24,24,24,24,24,24,24,24,24,24,24,24
830,8300,-1846.22,-1833.323,-1794.348,-1833.219,-1771.104,-1791.286,-1648.722,-509.075,304.5874,504.3416,-193.9253,-1405.081,-2005.335,-1794.346,-1852.57,-1834.441,25,25,25,25,24,25,25,24,24,24,24,25,25,25,25,25,830,8300,-1557.469,-1594.557,482.2757,-577.3304,-0.5269242,-0.8590438,-0.7836119,-1.173393,-0.5176631,-1.672635,-0.7883909,-0.4041355,-0.2559749,-0.1113187,0.8421419,-0.6781188,24,24,24,24,24,24,24,24,24,24,24,24,24,24,24,24
831,8310,-1861.85,-1825.584,-1896.485,-1817.767,-1805.156,-2005.07,-1673.205,-498.0409,278.4517,523.9097,-213.6256,-1307.992,-2027.115,-2013.827,-1889.675,-1787.455,25,25,25,25,24,25,25,24,24,24,24,25,25,25,25,25,831,8310,-1701.276,-1722.982,492.4896,-568.0354,1.180242,1.718078,0.6529797,3.210623E-06,-0.5176631,-0.2561635,0.5255629,0.404105,0.8958569,0.8909558,-0.2416985,0.4521295,24,24,24,24,24,24,24,24,24,24,24,24,24,24,24,24
832,8320,-2089.347,-2075.171,-1968.965,-1819.227,-1982.541,-1903.115,-1636.098,-547.3181,279.8142,516.2794,-192.6199,-1319.704,-2048.063,-1789.928,-1773.468,-1938.654,25,25,25,25,24,25,25,24,24,24,24,25,25,25,25,25,832,8320,-1687.848,-1699.297,490.6563,-600.1804,-0.001642233,-0.2454425,-0.3918148,-0.9126388,-1.164777,-1.028784,-0.131414,0.404105,1.151821,-0.2226824,-0.7234055,-0.3390386,24,24,24,24,24,24,24,24,24,24,24,24,24,24,24,24
833,8330,-1785.266,-1879.514,-1805.176,-1767.396,-1838.604,-1740.926,-1573.486,-508.9496,297.6509,518.3716,-162.2387,-1282.426,-1967.605,-1666.097,-1701.763,-1910.101,25,25,25,25,24,25,25,24,24,24,24,25,25,25,25,25,833,8330,-1912.89,-1904.435,479.5259,-604.957,-0.1329631,-3.210623E-06,-0.6530133,0.2607571,0.9059848,0.7739968,-1.926374E-05,0.5388131,-1.023863,-0.334046,1.203422,0.2260856,24,24,24,24,24,24,24,24,24,24,24,24,24,24,24,24
834,8340,-1766.992,-1822.802,-1714.975,-1756.081,-1782.455,-1712.66,-1595.929,-516.222,316.7263,534.4938,-135.1804,-1319.956,-2000.098,-1735.954,-1790.768,-1805.647,25,25,25,25,24,25,25,24,24,24,24,25,25,25,25,25,834,8340,-1978.147,-1975.226,479.5259,-610.379,0.6549598,-0.7363242,-0.2612146,-0.2607507,-0.6470866,-1.543865,0.3941681,-0.9429631,-0.8958809,-0.1113187,-0.6029786,-0.4520621,24,24,24,24,24,24,24,24,24,24,24,24,24,24,24,24
835,8350,-1845.259,-1795.716,-1772.197,-1799.881,-1706.502,-1805.357,-1619.648,-476.9758,321.8048,534.1245,-120.1085,-1292.879,-1928.209,-1708.966,-1755.929,-1771.07,25,25,25,25,24,25,25,24,24,24,24,25,25,25,25,25,835,8350,-1803.323,-1784.695,462.11,-633.1,0.9176008,-0.2454425,0.1305825,0.2607571,-0.7765084,0.2589166,-0.2628087,1.212347,1.151821,0.6682269,-0.3621253,-1.243237,24,24,24,24,24,24,24,24,24,24,24,24,24,24,24,24
836,8360,-1780.818,-1763.793,-1797.301,-1746.956,-1705.778,-1819.305,-1604.218,-479.1074,300.376,524.6482,-144.7932,-1248.801,-1854.773,-1676.128,-1657.976,-1725.409,25,25,25,25,24,25,25,24,24,24,24,25,25,25,25,25,836,8360,-1653.743,-1628.901,452.1581,-624.8376,-0.5269242,-0.7363242,-0.1306162,-0.1303738,0.6471395,-2.702796,-1.313973,-1.07767,-0.1279931,-0.5567734,-0.1212716,0.2260856,24,24,24,24,24,24,24,24,24,24,24,24,24,24,24,24
837,8370,-1663.118,-1664.759,-1684.088,-1598.765,-1684.043,-1733.643,-1513.808,-456.1615,299.7567,525.3865,-136.4858,-1195.528,-1833.587,-1661.44,-1642.704,-1626.618,25,25,25,25,24,25,25,24,24,24,24,25,25,25,25,25,837,8370,-1773.246,-1757.852,471.0144,-624.3212,1.048921,1.718078,0.5223796,1.303773,2.568498E-05,0.3876867,0.3941681,0.134692,1.023839,0.3341359,-0.0008451964,-0.1129882,24,24,24,24,24,24,24,24,24,24,24,24,24,24,24,24
838,8380,-1712.41,-1725.461,-1722.236,-1661.91,-1694.548,-1690.936,-1532.68,-494.2793,298.6418,522.556,-137.4353,-1258.876,-1940.825,-1675.531,-1702.717,-1695.893,25,25,25,25,24,25,25,24,24,24,24,25,25,25,25,25,838,8380,-1784.257,-1751.01,473.2404,-638.6509,0.2609988,0.122665,0.5223796,-1.434147,-0.6470866,-1.028784,-0.2628087,1.616467,0.7678766,-1.67041,-0.7234055,-0.6781124,24,24,24,24,24,24,24,24,24,24,24,24,24,24,24,24
839,8390,-1736.575,-1721.35,-1686.672,-1717.269,-1656.27,-1680.444,-1575.781,-492.5239,307.5602,517.7562,-152.2698,-1324.49,-1900.953,-1771.061,-1808.783,-1732.999,25,25,25,25,24,25,25,24,24,24,24,25,25,25,25,25,839,8390,-1861.598,-1873.25,465.3837,-649.7532,0.3923188,0.7362664,-0.2612131,-1.694901,-0.2588195,0.001376554,-1.926374E-05,0.2693985,-0.511937,-0.1113187,-0.1212716,0.5651595,24,24,24,24,24,24,24,24,24,24,24,24,24,24,24,24
840,8400,-1832.034,-1741.302,-1883.687,-1769.83,-1750.939,-1882.749,-1583.305,-445.8799,309.2943,520.4637,-177.6666,-1300.436,-1873.102,-1757.209,-1726.698,-1704.326,25,25,25,25,24,25,25,24,24,24,24,25,25,25,25,25,840,8400,-1875.831,-1902.724,462.11,-642.9111,0.6549598,-1.472697,0.5223827,0.7822618,0.1294491,-0.2561635,0.2627702,-1.751204,-1.123718E-05,0.1114086,-0.7234055,0.2260856,24,24,24,24,24,24,24,24,24,24,24,24,24,24,24,24
841,8410,-1852.953,-1821.714,-1843.816,-1696.707,-1762.41,-1885.958,-1570.553,-449.2653,300.6237,518.7408,-164.8495,-1239.229,-1822.161,-1696.786,-1669.43,-1696.977,25,25,25,25,24,25,25,24,24,24,24,25,25,25,25,25,841,8410,-1748.808,-1740.22,452.5509,-655.3043,-0.9208853,-0.8590952,0.3917827,0.7822618,-0.3882943,0.001376554,-1.70816,-1.481789,0.127969,0.7795922,-0.1212716,-0.1129882,24,24,24,24,24,24,24,24,24,24,24,24,24,24,24,24
842,8420,-1689.447,-1679.753,-1678.427,-1567.74,-1678.367,-1745.369,-1509.217,-451.3969,292.5724,513.4487,-165.9176,-1220.212,-1880.481,-1784.196,-1690.906,-1645.172,25,25,25,25,24,25,25,24,24,24,24,25,25,25,25,25,842,8420,-1788.688,-1783.51,450.1939,-646.3967,0.3923188,0.3681075,-0.130613,0.130377,0.1293961,-2.058996,-0.131414,-1.44478E-05,-0.7678991,4.494872E-05,0.1195816,0.1130589,24,24,24,24,24,24,24,24,24,24,24,24,24,24,24,24
843,8430,-1875.435,-1849.526,-1798.408,-1717.391,-1844.642,-1765.736,-1525.029,-494.6555,292.6962,517.387,-143.4878,-1220.716,-1919.639,-1660.485,-1652.011,-1781.672,25,25,25,25,24,25,25,24,24,24,24,25,25,25,25,25,843,8430,-1901.477,-1914.83,463.2885,-636.8436,0.3923188,0.8589861,-0.3918115,0.130377,-0.6471395,-0.384985,-0.2628087,1.212347,0.7678766,0.4454996,-0.7234055,3.531685E-05,24,24,24,24,24,24,24,24,24,24,24,24,24,24,24,24
844,8440,-1767.834,-1806.72,-1674.613,-1717.148,-1816.99,-1696.984,-1531.15,-514.0906,288.2371,510.249,-148.3535,-1232.554,-1919.282,-1679.352,-1684.224,-1751.673,25,25,25,25,24,25,25,24,24,24,24,25,25,25,25,25,844,8440,-1745.854,-1771.536,472.0619,-634.2617,-0.3956041,-0.4909331,1.175378,-0.7822618,-2.729029E-05,1.031486,-1.926374E-05,0.5387633,0.2559508,-1.224955,-0.6029786,-0.7911392,24,24,24,24,24,24,24,24,24,24,24,24,24,24,24,24
845,8450,-1790.556,-1774.434,-1678.92,-1710.334,-1748.645,-1678.963,-1521.969,-497.7903,281.5483,497.6958,-166.7484,-1253.586,-1940.23,-1706.459,-1688.281,-1773.118,25,25,25,25,24,25,25,24,24,24,24,25,25,25,25,25,845,8450,-1897.449,-1909.435,465.6456,-651.4315,0.2609988,-0.7363756,-0.9142088,0,0.7765084,0.2588653,-0.131414,-0.4041837,-0.8958809,-0.2226824,0.6012886,-0.226015,24,24,24,24,24,24,24,24,24,24,24,24,24,24,24,24
846,8460,-1748.838,-1780.843,-1741.556,-1741.481,-1781.368,-1774.376,-1583.943,-514.5922,279.1949,502.4955,-146.9294,-1251.193,-1925.471,-1672.904,-1669.907,-1744.204,25,25,25,25,24,25,25,24,24,24,24,25,25,25,25,25,846,8460,-1880.128,-1849.828,459.753,-636.8436,0.1296778,-0.6136559,0.3917827,0.6518849,0.9059318,0.3876353,-1.051184,-2.155373,-0.8958809,-0.5567782,-0.1212716,-0.5650889,24,24,24,24,24,24,24,24,24,24,24,24,24,24,24,24
847,8470,-1682.714,-1723.768,-1689.256,-1674.077,-1724.494,-1675.013,-1527.325,-496.0348,291.086,506.9261,-134.587,-1246.66,-1959.392,-1651.648,-1706.416,-1688.182,25,25,25,25,24,25,25,24,24,24,24,25,25,25,25,25,847,8470,-1766.264,-1772.72,467.2169,-624.1921,-1.183526,-0.2454938,-1.44478E-05,0.2607539,0.1293961,-0.384985,-0.6569961,0.6734698,0.3839327,-0.1113235,-1.325539,-0.226015,24,24,24,24,24,24,24,24,24,24,24,24,24,24,24,24
848,8480,-1808.229,-1783.382,-1685.811,-1690.259,-1696.48,-1682.172,-1518.781,-475.9728,293.3156,501.2648,-147.7601,-1211.271,-1799.309,-1565.193,-1573.266,-1812.032,25,25,25,25,24,25,25,24,24,24,24,25,25,25,25,25,848,8480,-1828.298,-1819.564,470.2287,-628.0651,-0.3956041,-0.8590952,0.6529813,-0.7822618,-0.3882943,-1.157606,-0.3942067,0.6734698,-1.123718E-05,0.1114038,-0.602979,-0.3390899,24,24,24,24,24,24,24,24,24,24,24,24,24,24,24,24
849,8490,-1553.472,-1550.005,-1531.251,-1544.623,-1554.476,-1566.023,-1485.499,-483.6214,283.0347,492.7729,-143.3691,-1268.951,-1869.055,-1636.005,-1700.689,-1569.874,25,25,25,25,24,25,25,24,24,24,24,25,25,25,25,25,849,8490,-1789.091,-1788.642,456.4793,-636.8436,0.1296778,0.3681075,-0.7836103,-0.2607539,-0.1294491,-0.1274449,0.1313755,-0.1347707,-0.2559749,0.3341311,0.2400085,0.4520814,24,24,24,24,24,24,24,24,24,24,24,24,24,24,24,24
850,8500,-1797.409,-1741.544,-1743.525,-1763.868,-1702.638,-1729.693,-1573.996,-491.6462,281.3006,487.8502,-177.1919,-1293.635,-1894.764,-1669.679,-1701.047,-1726.614,25,25,25,25,24,25,25,24,24,24,24,25,25,25,25,25,850,8500,-1783.854,-1799.037,463.0267,-620.4483,0.3923188,-5.458059E-05,0.6529813,-0.5215079,0.5176631,0.2588653,-0.131414,0.6734698,-0.3839552,-0.5567782,-0.1212716,-0.4521135,24,24,24,24,24,24,24,24,24,24,24,24,24,24,24,24
851,8510,-1695.097,-1683.38,-1687.657,-1714.958,-1695.031,-1737.346,-1575.144,-496.2856,273.7448,478.4968,-197.1296,-1316.304,-1883.1,-1747.775,-1730.278,-1679.99,25,25,25,25,24,25,25,24,24,24,24,25,25,25,25,25,851,8510,-1897.718,-1946.146,480.0497,-616.0591,-0.2642832,1.104425,-0.6530101,0.2607539,0.1293961,0.2588653,0.1313755,1.212297,-0.3839552,0.3341311,-0.602979,0.3390578,24,24,24,24,24,24,24,24,24,24,24,24,24,24,24,24
852,8520,-1788.753,-1759.319,-1899.684,-1775.427,-1812.764,-1961.129,-1653.695,-520.7361,255.7842,491.6654,-201.2833,-1298.169,-1983.435,-1836.499,-1769.889,-1721.072,25,25,25,25,24,25,25,24,24,24,24,25,25,25,25,25,852,8520,-1754.582,-1811.274,474.55,-630.1307,-0.6582451,-1.963575,0.130584,0.2607539,-2.729029E-05,-0.7712955,0.1313755,-1.212426,-0.2559749,-0.1113235,-0.8438323,-1.130264,24,24,24,24,24,24,24,24,24,24,24,24,24,24,24,24
853,8530,-1944.805,-2023.168,-1880.364,-1797.691,-1955.613,-1901.017,-1634.823,-571.1418,232.4974,478.9891,-200.5712,-1298.672,-2055.443,-1824.558,-1786.234,-1890.343,25,25,25,25,24,25,25,24,24,24,24,25,25,25,25,25,853,8530,-1792.313,-1826.669,462.11,-630.9053,-0.5269763,-0.4909331,1.305977,1.694901,0.6470866,0.5164054,-0.7883909,-0.2694772,-0.6399189,4.013279E-05,-0.2416985,-1.017238,24,24,24,24,24,24,24,24,24,24,24,24,24,24,24,24
854,8540,-1874.954,-1904.303,-1784.257,-1812.535,-1880.022,-1760.675,-1604.091,-563.6186,251.4489,472.3433,-179.0908,-1295.524,-1998.312,-1698.936,-1730.755,-1868.777,25,25,25,25,24,25,25,24,24,24,24,25,25,25,25,25,854,8540,-1841.188,-1824.037,460.6696,-629.4852,-0.001694406,-3.210623E-06,0.2611842,-0.130377,0.3882414,-1.157606,-0.7883909,-0.2694772,-1.663769,-0.4454145,0.3604349,1.017206,24,24,24,24,24,24,24,24,24,24,24,24,24,24,24,24
855,8550,-1728.881,-1728.726,-1650.37,-1697.559,-1722.441,-1677.482,-1559.842,-530.0148,253.0591,468.5282,-184.6686,-1275.877,-1901.786,-1697.264,-1715.603,-1765.89,25,25,25,25,24,25,25,24,24,24,24,25,25,25,25,25,855,8550,-1839.846,-1801.405,464.4671,-625.0959,0.9175486,0.981757,-0.7836071,-0.2607539,-1.16483,-0.2562149,0.5255629,1.212297,1.279801,0.5568584,1.323849,0.6781317,24,24,24,24,24,24,24,24,24,24,24,24,24,24,24,24
856,8560,-1756.533,-1774.555,-1756.2,-1768.978,-1770.622,-1768.945,-1636.863,-555.8445,248.8477,476.8969,-186.33,-1316.556,-1944.634,-1717.803,-1730.278,-1791.19,25,25,25,25,24,25,25,24,24,24,24,25,25,25,25,25,856,8560,-1737.127,-1773.773,476.1213,-616.5756,0.2609466,-0.8590438,0.5223843,-0.7822618,-0.5177161,-1.028836,-0.9197888,-0.1347707,0.5119129,-0.8908691,-1.686819,0.1130075,24,24,24,24,24,24,24,24,24,24,24,24,24,24,24,24
857,8570,-1743.068,-1744.204,-1742.663,-1729.436,-1760.358,-1761.909,-1612.124,-547.0674,237.0805,464.8361,-243.5322,-1347.914,-2027.592,-1853.336,-1800.074,-1734.084,25,25,25,25,24,25,25,24,24,24,24,25,25,25,25,25,857,8570,-1847.902,-1927.856,485.1566,-620.7067,-0.9209383,-0.9817635,-0.3918099,0.3911341,0.1293961,0.5164054,0.6569576,0.1346423,-0.7678991,0.8909494,0.7217151,-1.017238,24,24,24,24,24,24,24,24,24,24,24,24,24,24,24,24
858,8580,-1907.054,-1934.775,-1846.154,-1830.785,-1906.95,-1820.663,-1660.199,-595.9685,240.0533,468.6512,-218.4914,-1366.679,-2061.156,-1780.375,-1836.463,-1903.354,25,25,25,25,24,25,25,24,24,24,24,25,25,25,25,25,858,8580,-1872.34,-1885.618,486.9898,-628.3233,0.6549076,-0.6136046,0.6529829,-0.1303738,0.2588179,-0.9000142,-0.6569961,-0.6735983,0.5119129,-0.4454145,-0.1212716,0.1130075,24,24,24,24,24,24,24,24,24,24,24,24,24,24,24,24
859,8590,-1930.017,-1926.794,-1888.24,-1961.821,-1905.139,-1932.492,-1721.917,-563.9947,266.6844,484.4041,-212.9136,-1399.164,-2032.472,-1762.344,-1811.289,-1916.606,25,25,25,25,24,25,25,24,24,24,24,25,25,25,25,25,859,8590,-1846.156,-1827.59,464.8599,-642.3948,-0.1330153,-0.2454425,0.2611858,-0.3911277,0.2588179,-0.1273935,-1.313922,0.5387633,0.3839327,0.1114038,-0.7234055,-0.9042141,24,24,24,24,24,24,24,24,24,24,24,24,24,24,24,24
860,8600,-1764.227,-1767.3,-1772.812,-1796.962,-1734.154,-1792.397,-1651.017,-538.6664,254.6694,468.7742,-227.1548,-1378.896,-1966.415,-1806.049,-1805.801,-1798.9,25,25,25,25,24,25,25,24,24,24,24,25,25,25,25,25,860,8600,-1762.505,-1744.035,444.5632,-642.2657,0.2609466,-3.210623E-06,0.1305873,0.2607571,-0.2588725,-1.415095,3.210623E-05,0.2693504,0.3839327,0.5568584,-0.3621253,-0.3390899,24,24,24,24,24,24,24,24,24,24,24,24,24,24,24,24
861,8610,-1824.7,-1817.482,-1842.955,-1786.255,-1781.731,-1831.771,-1629.849,-520.1091,252.9353,474.5585,-233.4446,-1359.375,-1962.725,-1813.93,-1776.45,-1766.13,25,25,25,25,24,25,25,24,24,24,24,25,25,25,25,25,861,8610,-1753.643,-1768.905,447.9678,-614.2518,-0.6582972,0.1227164,-0.5224084,0.1303802,-0.9059848,-0.3849336,1.182591,-0.5388918,-0.639967,4.013279E-05,-0.602979,0.2260343,24,24,24,24,24,24,24,24,24,24,24,24,24,24,24,24
862,8620,-1854.756,-1860.046,-1883.81,-1799.395,-1940.278,-1904.967,-1641.198,-566.0009,259.5002,490.1884,-202.2327,-1351.819,-2107.852,-1834.708,-1842.309,-1775.648,25,25,25,25,24,25,25,24,24,24,24,25,25,25,25,25,862,8620,-1957.2,-1942.462,469.443,-603.0204,0.6549076,-3.210623E-06,-0.1306113,-0.9126388,0.1293961,0.3876867,-0.2627574,-6.421245E-05,-0.1280412,-0.1113203,-0.2416985,-0.4521135,24,24,24,24,24,24,24,24,24,24,24,24,24,24,24,24
863,8630,-1871.708,-1864.52,-1782.78,-1825.675,-1795.013,-1764.995,-1641.708,-543.8073,271.3913,483.1734,-199.2658,-1371.465,-1992.956,-1748.253,-1797.21,-1887.571,25,25,25,25,24,25,25,24,24,24,24,25,25,25,25,25,863,8630,-1720.343,-1728.377,482.4067,-610.8953,-0.3956563,0.7363178,0.1305873,-0.1303738,-0.2588725,-0.6424737,0.7884037,-1.347132,-0.639967,0.3341343,0.3604349,0.3390578,24,24,24,24,24,24,24,24,24,24,24,24,24,24,24,24
864,8640,-1866.539,-1850.856,-1903.376,-1845.385,-1814.213,-1951.871,-1710.568,-534.9048,246.6181,478.7429,-248.1605,-1389.597,-2048.777,-1951.733,-1878.699,-1767.456,25,25,25,25,24,25,25,24,24,24,24,25,25,25,25,25,864,8640,-1805.069,-1793.51,489.3469,-604.8278,1.705472,-0.8590438,-1.284249E-05,0.3911341,-1.035407,0.001376554,3.210623E-05,0.1346423,0.6398466,0.2227707,-1.084686,-0.7912002,24,24,24,24,24,24,24,24,24,24,24,24,24,24,24,24
865,8650,-1901.284,-1875.524,-1894.762,-1738.196,-1870.604,-1881.515,-1616.588,-520.8615,259.5002,493.2652,-214.6938,-1314.793,-1968.319,-1788.854,-1745.907,-1845.163,25,25,25,25,24,25,25,24,24,24,24,25,25,25,25,25,865,8650,-1789.09,-1746.009,481.4901,-623.1595,-0.5269763,-0.1227228,-1.284249E-05,-0.3911277,0.1293961,-1.028784,-1.051132,0.2693504,0.5118648,0.445498,0.6012886,-0.4521263,24,24,24,24,24,24,24,24,24,24,24,24,24,24,24,24
866,8660,-1753.527,-1781.085,-1729.988,-1707.901,-1806.968,-1732.779,-1575.016,-538.1649,265.3219,495.2343,-180.5149,-1293.635,-1962.963,-1698.697,-1733.26,-1773.118,25,25,25,25,24,25,25,24,24,24,24,25,25,25,25,25,866,8660,-1832.327,-1839.828,462.6338,-628.5815,0.1296257,1.2272,-0.2612115,0.5215111,0.6470866,-0.2561635,-0.2627574,-0.4041837,-0.7679489,0.5568616,0.1195816,0.9041724,24,24,24,24,24,24,24,24,24,24,24,24,24,24,24,24
867,8670,-1839.247,-1867.664,-1793.855,-1838.207,-1830.876,-1830.537,-1670.273,-557.2238,264.2071,483.2965,-203.7755,-1374.236,-2015.808,-1790.167,-1806.039,-1809.743,25,25,25,25,24,25,25,24,24,24,24,25,25,25,25,25,867,8670,-1812.185,-1870.618,464.7289,-617.4792,-0.001694406,0.6135982,1.17538,-0.9126388,-2.729029E-05,-0.1273935,0.9198017,0.5387633,0.7678269,-0.8908675,-0.7234055,0.2260214,24,24,24,24,24,24,24,24,24,24,24,24,24,24,24,24
868,8680,-1805.224,-1796.079,-1813.298,-1831.515,-1807.209,-1829.797,-1656.883,-536.1587,268.047,485.5117,-200.0965,-1366.428,-1986.767,-1742.76,-1768.815,-1791.792,25,25,25,25,24,25,25,24,24,24,24,25,25,25,25,25,868,8680,-2000.705,-1990.753,467.6097,-626.5159,-0.3956563,-3.210623E-06,-0.3918099,-0.9126388,0.1293961,0.001376554,-1.182527,1.077591,-1.023911,-0.4454113,0.6012886,0.3390482,24,24,24,24,24,24,24,24,24,24,24,24,24,24,24,24
869,8690,-1729.362,-1711.314,-1733.188,-1722.866,-1698.412,-1814.861,-1625.131,-499.671,263.9594,490.9268,-213.3883,-1344.262,-1975.103,-1844.858,-1802.102,-1738.059,25,25,25,25,24,25,25,24,24,24,24,25,25,25,25,25,869,8690,-1851.93,-1822.854,468.2644,-618.8992,-0.1329631,-2.208963,-0.3918099,0.2607571,-0.1294491,0.2589166,-1.182527,-0.6735983,-0.5119852,-0.1113203,-0.0008451964,-0.4521263,24,24,24,24,24,24,24,24,24,24,24,24,24,24,24,24
870,8700,-1855.358,-1867.06,-1847.385,-1811.683,-1945.59,-1805.357,-1602.688,-569.8879,257.1468,487.2347,-203.8942,-1389.723,-2121.083,-1759.359,-1829.662,-1831.309,25,25,25,25,24,25,25,24,24,24,24,25,25,25,25,25,870,8700,-1801.846,-1770.878,483.8471,-607.797,-1.183526,-0.3681621,0.1305873,0.5215111,-0.2588725,-0.6424737,-1.44532,0.1346423,0.6398466,0.5568616,-0.0008451964,-1.243301,24,24,24,24,24,24,24,24,24,24,24,24,24,24,24,24
871,8710,-1932.662,-1955.694,-1843.324,-1875.194,-1822.786,-1813.38,-1667.085,-553.3367,266.9322,483.0503,-191.7892,-1373.858,-2013.904,-1747.298,-1792.199,-1910.221,25,25,25,25,24,25,25,24,24,24,24,25,25,25,25,25,871,8710,-1800.907,-1820.353,478.7402,-620.3193,0.2609988,0.7363178,0.5223843,-0.3911277,-0.9059848,-1.801405,1.313986,1.48171,0.5118648,0.5568616,-1.205112,0.5650953,24,24,24,24,24,24,24,24,24,24,24,24,24,24,24,24
872,8720,-1783.343,-1776.248,-1788.071,-1795.38,-1751.06,-1841.276,-1660.199,-515.3444,273.2493,490.9268,-190.4837,-1335.447,-1935.707,-1742.521,-1754.14,-1780.467,25,25,25,25,24,25,25,24,24,24,24,25,25,25,25,25,872,8720,-1773.112,-1782.063,462.8957,-623.934,1.180242,0.3681589,0.3917859,-0.7822618,-1.294252,0.1301466,0.3942195,0.9428844,1.663697,-0.4454113,-0.4825522,-2.568498E-05,24,24,24,24,24,24,24,24,24,24,24,24,24,24,24,24
873,8730,-1775.288,-1768.026,-1806.284,-1732.356,-1785.715,-1846.46,-1619.138,-528.1339,243.7692,482.0658,-209.3533,-1304.34,-1942.134,-1794.108,-1753.304,-1725.891,25,25,25,25,24,25,25,24,24,24,24,25,25,25,25,25,873,8730,-1678.449,-1685.481,469.9667,-604.4405,-0.2642832,-3.210623E-06,-0.1306113,-0.6518849,-0.2588195,0.5164568,-0.2627574,-0.4041837,-0.7679489,-1.559049,-0.7234055,-0.6781766,24,24,24,24,24,24,24,24,24,24,24,24,24,24,24,24
874,8740,-1860.768,-1849.526,-1808.499,-1743.915,-1842.348,-1773.265,-1581.52,-533.9017,261.8536,486.3732,-208.1665,-1326.505,-2032.828,-1775.36,-1767.502,-1786.491,25,25,25,25,24,25,25,24,24,24,24,25,25,25,25,25,874,8740,-1790.03,-1807.458,478.2164,-606.2478,-0.5269242,-0.1227228,-1.175406,-0.1303738,1.164828,-0.1274449,0.657009,-0.2694772,-1.023911,0.2227707,-0.4825522,-2.568498E-05,24,24,24,24,24,24,24,24,24,24,24,24,24,24,24,24
875,8750,-1809.792,-1821.11,-1730.727,-1750.12,-1785.112,-1724.139,-1602.816,-552.5844,262.8446,485.5117,-173.2756,-1319.956,-1991.171,-1715.653,-1778.837,-1830.947,25,25,25,25,24,25,25,24,24,24,24,25,25,25,25,25,875,8750,-1698.322,-1703.508,473.7642,-605.9896,-0.001642233,-1.349922,0.1305873,0.6518881,-0.6470866,0.1300952,-1.182527,-0.5388918,0.3838829,0.7795889,-0.7234055,-0.904227,24,24,24,24,24,24,24,24,24,24,24,24,24,24,24,24
876,8760,-1909.82,-1895.234,-1846.77,-1928.971,-1819.164,-1897.931,-1724.468,-552.3336,275.8505,496.0958,-193.688,-1386.324,-2014.261,-1860.621,-1858.297,-1822.996,25,25,25,25,24,25,25,24,24,24,24,25,25,25,25,25,876,8760,-1753.374,-1756.668,488.4302,-587.3998,-0.5269242,-0.2454425,0.6529829,-0.3911277,0.2588709,-1.286376,-1.182527,0.1346937,0.7678269,-0.3340476,-0.602979,0.678122,24,24,24,24,24,24,24,24,24,24,24,24,24,24,24,24
877,8770,-1873.872,-1799.707,-1939.432,-1795.623,-1793.081,-1934.714,-1677.414,-520.1091,264.331,491.173,-224.0692,-1350.559,-1994.742,-1795.182,-1764.877,-1790.949,25,25,25,25,24,25,25,24,24,24,24,25,25,25,25,25,877,8770,-1781.974,-1803.642,497.7274,-589.3362,0.7862799,-0.1227228,-0.5224084,0.2607571,0.1294491,-0.6425251,0.9198017,0.6735212,0.7678269,0.111407,-0.3621253,-0.3391027,24,24,24,24,24,24,24,24,24,24,24,24,24,24,24,24
878,8780,-1765.91,-1758.835,-1793.486,-1730.044,-1852.008,-1818.688,-1604.856,-549.199,247.8568,481.0812,-211.1335,-1331.039,-2042.826,-1788.137,-1773.229,-1752.758,25,25,25,25,24,25,25,24,24,24,24,25,25,25,25,25,878,8780,-1815.945,-1755.483,479.133,-602.8913,0.6549598,0.2454361,-0.5224084,-0.7822618,2.568498E-05,-0.2562149,0.3942195,-0.4041323,-0.1280412,-0.4454097,-0.0008451964,-0.7912002,24,24,24,24,24,24,24,24,24,24,24,24,24,24,24,24
879,8790,-1824.46,-1853.395,-1768.505,-1796.597,-1827.979,-1738.951,-1592.359,-541.5503,272.6299,488.5885,-185.0246,-1312.904,-1970.461,-1689.144,-1715.125,-1840.706,25,25,25,25,24,25,25,24,24,24,24,25,25,25,25,25,879,8790,-1836.757,-1879.171,475.8594,-586.3669,0.3923188,-0.1227228,-0.5224084,-0.6518849,0.1294491,0.2588653,-0.6569448,-1.284249E-05,-1.151893,0.5568632,0.3604349,-0.1130525,24,24,24,24,24,24,24,24,24,24,24,24,24,24,24,24
880,8800,-1807.749,-1836.467,-1757.676,-1821.052,-1809.262,-1754.75,-1612.507,-536.911,286.9984,497.5726,-183.4818,-1361.516,-2004.501,-1748.014,-1809.022,-1778.901,25,25,25,25,24,25,25,24,24,24,24,25,25,25,25,25,880,8800,-1765.996,-1837.985,486.0732,-576.6848,0.9176008,-0.1227228,0.5223843,0.3911341,-0.5176631,-0.1274449,0.1314268,-1.284249E-05,0.7678269,0.2227723,-0.3621253,-0.1130525,24,24,24,24,24,24,24,24,24,24,24,24,24,24,24,24
881,8810,-1837.444,-1871.655,-1960.721,-1929.579,-1872.053,-2045.803,-1718.602,-494.9063,278.5755,490.4345,-220.6276,-1362.398,-2000.812,-1888.205,-1820.476,-1786.009,25,25,25,25,24,25,25,24,24,24,24,25,25,25,25,25,881,8810,-1696.039,-1755.483,486.7279,-579.3958,-1.052206,-1.104483,0.3917859,0.2607571,-0.7765084,0.1300952,-0.5255501,0.1346937,-0.1280412,0.3341359,-1.084686,-0.6781766,24,24,24,24,24,24,24,24,24,24,24,24,24,24,24,24
882,8820,-1839.007,-1821.714,-1797.916,-1706.927,-1727.03,-1770.55,-1586.876,-506.818,261.6059,486.4963,-194.6374,-1297.917,-1907.975,-1746.223,-1709.876,-1750.709,25,25,25,25,24,25,25,24,24,24,24,25,25,25,25,25,882,8820,-1603.928,-1641.269,491.9658,-572.1664,-0.2642832,0.6135982,0.1305873,-0.6518849,0.6471395,-0.6425251,-0.7883395,-0.1347193,0.3838829,-0.1113187,-0.7234055,0.1129979,24,24,24,24,24,24,24,24,24,24,24,24,24,24,24,24
883,8830,-1769.637,-1772.137,-1816.744,-1706.441,-1786.802,-1866.826,-1611.614,-511.3319,260.3672,497.6957,-184.5499,-1273.611,-1932.018,-1748.85,-1713.932,-1735.65,25,25,25,25,24,25,25,24,24,24,24,25,25,25,25,25,883,8830,-1616.415,-1671.797,492.2277,-588.4325,0.2609988,0.3681589,-0.3918099,0.2607571,-0.1293961,-0.6425251,0.1314268,0.2694018,0.1279208,0.6682269,1.444276,-0.3391027,24,24,24,24,24,24,24,24,24,24,24,24,24,24,24,24
884,8840,-1738.619,-1754.24,-1733.557,-1711.794,-1798.877,-1785.115,-1608.681,-550.9543,251.5728,492.6498,-165.799,-1262.276,-1956.179,-1760.792,-1763.326,-1721.313,25,25,25,25,24,25,25,24,24,24,24,25,25,25,25,25,884,8840,-1687.983,-1664.691,471.5381,-595.2747,-0.3956041,0.1227164,0.3917859,-0.5215046,-0.5176631,0.2588653,0.9198017,0.9429358,0.1279208,-0.1113187,-0.0008451964,0.678122,24,24,24,24,24,24,24,24,24,24,24,24,24,24,24,24
885,8850,-1843.456,-1857.144,-1812.314,-1835.895,-1828.824,-1845.226,-1688.89,-569.5117,258.757,483.7888,-190.9584,-1389.345,-2016.88,-1768.792,-1846.366,-1837.332,25,25,25,25,24,25,25,24,24,24,24,25,25,25,25,25,885,8850,-1618.698,-1624.821,476.1213,-576.5557,-0.001642233,0.2454361,-0.7836071,-0.9126388,-0.9059318,-0.7712955,-1.44532,0.4041082,-1.279873,-0.668137,-0.4825522,0.2260214,24,24,24,24,24,24,24,24,24,24,24,24,24,24,24,24
886,8860,-1843.936,-1830.3,-1855.507,-1844.899,-1756.01,-1882.626,-1701.897,-535.4063,264.9503,492.2806,-183.4818,-1336.328,-1990.933,-1929.283,-1876.67,-1823.839,25,25,25,25,24,25,25,24,24,24,24,25,25,25,25,25,886,8860,-1707.184,-1669.823,482.4067,-593.7255,0.3923188,-0.1227228,0.9141815,1.43415,1.423674,1.031486,0.657009,-0.8082534,-0.5119852,0.1114086,-0.4825522,-0.4521263,24,24,24,24,24,24,24,24,24,24,24,24,24,24,24,24
887,8870,-1963.44,-1934.291,-1990.501,-1821.904,-1869.155,-2056.047,-1725.488,-542.3026,243.3976,478.866,-225.4933,-1351.567,-1986.767,-1931.671,-1856.865,-1798.298,25,25,25,25,24,25,25,24,24,24,24,25,25,25,25,25,887,8870,-1861.061,-1817.327,456.3484,-593.3383,-0.5269242,-0.8590438,-0.3918115,-0.1303738,-0.2588195,-0.2562149,-1.970902,-0.5388404,-0.8959291,4.494872E-05,0.2400085,-1.017251,24,24,24,24,24,24,24,24,24,24,24,24,24,24,24,24
888,8880,-1843.936,-1887.858,-1877.411,-1711.307,-1783.662,-1866.579,-1611.359,-518.9806,255.4126,492.7729,-195.9428,-1279.908,-1941.777,-1764.613,-1720.256,-1824.201,25,25,25,25,24,25,25,24,24,24,24,25,25,25,25,25,888,8880,-1754.179,-1741.272,464.9908,-588.8199,1.180242,1.349919,-0.130613,0.1303834,0.2588709,-0.9000655,1.182591,0.8082277,0.6398466,0.6682269,-0.1212716,0.1129979,24,24,24,24,24,24,24,24,24,24,24,24,24,24,24,24
889,8890,-1778.895,-1797.53,-1744.509,-1703.764,-1783.421,-1740.309,-1568.513,-544.685,251.4489,490.3115,-178.4974,-1278.144,-1993.432,-1754.701,-1748.532,-1752.396,25,25,25,25,24,25,25,24,24,24,24,25,25,25,25,25,889,8890,-1735.918,-1734.693,477.4307,-598.2439,-0.6582451,-3.210623E-06,-0.5224116,0.5215143,-0.7765068,-0.9000655,-0.1313626,-0.2694258,0.2559027,0.2227723,-0.2416985,0.5650953,24,24,24,24,24,24,24,24,24,24,24,24,24,24,24,24
890,8900,-1816.164,-1856.66,-1765.675,-1779.442,-1843.797,-1771.29,-1617.098,-554.716,265.0742,481.2043,-194.2814,-1387.205,-2054.133,-1775.24,-1886.573,-1836.369,25,25,25,25,24,25,25,24,24,24,24,25,25,25,25,25,890,8900,-1786.271,-1823.511,470.6215,-599.5349,-0.5269242,-0.6136046,0.5223827,-1.434143,0.2588725,1.031537,3.210623E-05,0.2694018,-0.8959291,-0.1113187,-0.4825522,-0.904227,24,24,24,24,24,24,24,24,24,24,24,24,24,24,24,24
891,8910,-1888.54,-1867.18,-1874.581,-1874.707,-1783.783,-1844.609,-1662.749,-530.8925,273.8686,494.7421,-177.0732,-1320.712,-1933.208,-1709.802,-1722.523,-1886.487,25,25,25,25,24,25,25,24,24,24,24,25,25,25,25,25,891,8910,-1790.702,-1824.037,480.3115,-620.7067,0.6549598,-0.6136046,-1.044807,-0.1303738,0.3882959,0.001376554,0.1313755,-1.7512,-0.7679489,-0.4454097,0.4808618,0.1129979,24,24,24,24,24,24,24,24,24,24,24,24,24,24,24,24
892,8920,-1685.96,-1673.828,-1696.517,-1676.632,-1678.609,-1735.248,-1581.137,-501.1756,271.1436,503.6031,-162.832,-1251.697,-1880.839,-1708.966,-1688.4,-1669.749,25,25,25,25,24,25,25,24,24,24,24,25,25,25,25,25,892,8920,-1837.16,-1818.643,465.7765,-614.7682,-0.001642233,-1.104483,0.6529813,0.6518912,-1.294197,0.2589166,-1.051184,-0.4041355,-0.1280412,0.2227723,-0.3621253,-2.568498E-05,24,24,24,24,24,24,24,24,24,24,24,24,24,24,24,24
893,8930,-1805.104,-1829.453,-1786.964,-1761.07,-1822.182,-1728.336,-1577.567,-555.4683,261.6059,491.5422,-166.7484,-1289.731,-2002.835,-1718.878,-1729.085,-1749.505,25,25,25,25,24,25,25,24,24,24,24,25,25,25,25,25,893,8930,-1717.254,-1712.192,457.0031,-619.1575,-0.7895651,-0.3681621,0.9141799,-0.1303738,1.16483,-1.157554,-0.2628087,-1.44478E-05,0.8958055,0.2227723,-0.2416985,-2.568498E-05,24,24,24,24,24,24,24,24,24,24,24,24,24,24,24,24
894,8940,-1737.297,-1741.665,-1688.272,-1705.346,-1726.547,-1715.992,-1577.822,-515.219,292.4485,510.8642,-139.5714,-1268.321,-1928.447,-1631.706,-1698.064,-1792.033,25,25,25,25,24,25,25,24,24,24,24,25,25,25,25,25,894,8940,-1686.506,-1691.534,454.2532,-630.7761,-0.2642832,-0.1227228,-0.130613,0.5215143,-0.3882397,-1.157554,0.1313755,-0.269429,-0.5119883,-0.1113187,-0.2416985,-2.568498E-05,24,24,24,24,24,24,24,24,24,24,24,24,24,24,24,24
895,8950,-1740.302,-1751.943,-1712.883,-1763.503,-1713.265,-1650.203,-1571.446,-517.476,295.669,515.787,-158.5597,-1308.748,-1959.392,-1741.327,-1759.15,-1738.18,25,25,25,25,24,25,25,24,24,24,24,25,25,25,25,25,895,8950,-1743.572,-1777.984,454.1223,-610.1207,0.1296778,-0.6136046,0.6529813,-1.825274,0.9059848,1.031537,0.6569576,-0.269429,-0.3840065,-1.002228,-0.4825522,-0.1130525,24,24,24,24,24,24,24,24,24,24,24,24,24,24,24,24
896,8960,-1732.247,-1720.141,-1813.79,-1821.052,-1761.565,-1891.883,-1661.219,-504.6865,276.346,505.5722,-173.6316,-1318.949,-1936.064,-1827.543,-1803.414,-1753.601,25,25,25,25,24,25,25,24,24,24,24,25,25,25,25,25,896,8960,-1738.872,-1759.036,476.9069,-604.1823,0.2609988,-0.2454425,-0.5224116,-0.3911277,-0.647085,-0.9000142,-0.9197888,-1.212376,-6.260714E-05,-0.4454097,0.6012886,0.2260856,24,24,24,24,24,24,24,24,24,24,24,24,24,24,24,24
897,8970,-1782.261,-1771.411,-1781.18,-1677.606,-1777.625,-1816.589,-1570.043,-487.383,272.7538,502.9878,-193.9253,-1281.797,-1971.295,-1783.599,-1752.111,-1749.746,25,25,25,25,24,25,25,24,24,24,24,25,25,25,25,25,897,8970,-1809.231,-1781.405,469.8358,-626.1287,1.180242,-0.4908817,0.7835814,0.7822682,0.1294507,0.001376554,-0.131414,0.2693985,1.791675,0.7795922,0.1195816,-0.3390386,24,24,24,24,24,24,24,24,24,24,24,24,24,24,24,24
898,8980,-1856.56,-1859.321,-1740.448,-1797.205,-1873.14,-1739.444,-1568.896,-529.3878,297.1554,515.0486,-156.5422,-1314.037,-2024.378,-1742.641,-1812.601,-1847.573,25,25,25,25,24,25,25,24,24,24,24,25,25,25,25,25,898,8980,-1829.238,-1807.327,457.3959,-627.1614,-0.1329631,-0.6136046,-0.6530101,6.421245E-06,0.2588725,-1.801405,-0.9197888,-0.538842,-0.5119883,-1.113592,-0.8438323,-0.9041627,24,24,24,24,24,24,24,24,24,24,24,24,24,24,24,24
899,8990,-1904.77,-1845.173,-1789.917,-1834.8,-1710.608,-1730.928,-1623.856,-500.9248,311.7716,516.0331,-154.8807,-1325.875,-1926.066,-1702.637,-1779.314,-1881.668,25,25,25,25,24,25,25,24,24,24,24,25,25,25,25,25,899,8990,-1789.627,-1841.275,466.693,-615.4137,0.2609988,0.1227164,-1.044807,0.7822682,0.9059848,0.2589166,0.2627702,0.134692,-0.2560263,-0.668137,0.9625688,-0.5650889,24,24,24,24,24,24,24,24,24,24,24,24,24,24,24,24
900,9000,-1753.527,-1717.118,-1733.803,-1752.066,-1651.319,-1729.2,-1583.688,-477.1013,300.2521,510.495,-160.6959,-1293.005,-1889.884,-1689.86,-1700.212,-1708.663,25,25,25,25,24,25,25,24,24,24,24,25,25,25,25,25,900,9000,-1846.559,-1827.854,461.0624,-632.0671,-0.001642233,-0.9817635,0.5223827,-1.434143,-0.7765068,-0.3849336,-0.131414,-0.4041355,-0.6399702,-1.336319,-0.7234055,0.5651595,24,24,24,24,24,24,24,24,24,24,24,24,24,24,24,24
901,9010,-1632.941,-1653.876,-1649.14,-1635.509,-1609.176,-1650.327,-1529.493,-480.6121,293.9349,509.6335,-133.7563,-1232.932,-1800.023,-1580.239,-1624.45,-1626.136,25,25,25,25,24,25,25,24,24,24,24,25,25,25,25,25,901,9010,-1718.731,-1721.535,457.6578,-628.1942,0.5236397,0.4908785,-1.44478E-05,0.3911373,-0.647085,-0.3849336,0.2627702,0.404105,-0.5119883,-0.5567734,0.4808618,1.243307,24,24,24,24,24,24,24,24,24,24,24,24,24,24,24,24
902,9020,-1634.143,-1618.93,-1625.144,-1644.269,-1610.142,-1658.35,-1539.694,-479.4836,285.7598,491.2961,-166.0363,-1288.723,-1863.223,-1715.653,-1718.824,-1612.884,25,25,25,25,24,25,25,24,24,24,24,25,25,25,25,25,902,9020,-1734.039,-1710.614,473.6332,-608.5716,-0.5269242,-1.595365,-1.44478E-05,0.1303834,2.729029E-05,0.3876867,-0.131414,-0.269429,-0.1280445,0.3341359,-0.8438323,-0.7911392,24,24,24,24,24,24,24,24,24,24,24,24,24,24,24,24
903,9030,-1712.17,-1717.722,-1731.465,-1669.575,-1664.964,-1775.363,-1574.251,-467.948,290.0951,505.5722,-160.9332,-1258.12,-1820.733,-1647.588,-1651.653,-1666.858,25,25,25,25,24,25,25,24,24,24,24,25,25,25,25,25,903,9030,-1728.802,-1747.72,473.7642,-634.2618,-0.7895651,-0.3681621,0.2611842,6.421245E-06,1.423675,0.001376554,-0.2628087,-0.4041355,0.5118616,0.6682269,0.1195816,-0.6781124,24,24,24,24,24,24,24,24,24,24,24,24,24,24,24,24
904,9040,-1659.992,-1653.151,-1668.46,-1616.163,-1612.195,-1675.507,-1510.875,-447.2591,302.7294,511.2335,-145.1492,-1247.667,-1830.373,-1647.946,-1640.795,-1614.33,25,25,25,25,24,25,25,24,24,24,24,25,25,25,25,25,904,9040,-1694.965,-1733.904,451.2414,-640.2002,-0.6582451,-3.210623E-06,-0.3918115,-0.1303738,-1.035352,-1.157554,-0.2628087,0.404105,-0.2560263,0.2227723,0.1195816,0.3391092,24,24,24,24,24,24,24,24,24,24,24,24,24,24,24,24
905,9050,-1638.592,-1645.291,-1693.687,-1637.212,-1684.646,-1741.666,-1522.096,-455.6601,274.6118,491.2961,-196.7735,-1263.157,-1858.7,-1832.32,-1744.237,-1623.606,25,25,25,25,24,25,25,24,24,24,24,25,25,25,25,25,905,9050,-1790.03,-1794.168,460.9314,-626.7742,0.2609988,0.3681589,1.436577,-0.5215046,2.568498E-05,0.001376554,-0.6569961,0.134692,0.7678252,-0.8908643,-0.3621253,3.531685E-05,24,24,24,24,24,24,24,24,24,24,24,24,24,24,24,24
906,9060,-1931.941,-1887.011,-1939.063,-1747.93,-1857.08,-1953.229,-1608.044,-496.9125,258.2615,484.0349,-201.2833,-1274.366,-1903.453,-1727.475,-1692.576,-1731.915,25,25,25,25,24,25,25,24,24,24,24,25,25,25,25,25,906,9060,-1886.036,-1984.305,457.3959,-628.7106,-0.3956041,-0.6136046,-1.306006,-0.3911277,-0.1293961,-0.7712442,-0.131414,-1.212376,-0.3840065,1.336411,0.6012886,0.2260856,24,24,24,24,24,24,24,24,24,24,24,24,24,24,24,24
907,9070,-1736.455,-1750.855,-1718.052,-1655.097,-1744.177,-1734.877,-1547.983,-511.5828,253.9262,476.0354,-194.1627,-1276.381,-1937.969,-1689.98,-1687.088,-1736.614,25,25,25,25,24,25,25,24,24,24,24,25,25,25,25,25,907,9070,-1762.638,-1817.195,450.5866,-635.8109,0.5236397,-1.104483,-1.44478E-05,-0.1303738,-0.1293961,0.5164568,-0.7883909,-0.4041355,0.5118616,0.6682269,-0.7234055,-0.1129882,24,24,24,24,24,24,24,24,24,24,24,24,24,24,24,24
908,9080,-1726.837,-1755.571,-1677.935,-1709.482,-1769.414,-1635.762,-1527.835,-533.1495,264.0832,477.0199,-181.7016,-1285.953,-1954.513,-1699.294,-1730.397,-1757.456,25,25,25,25,24,25,25,24,24,24,24,25,25,25,25,25,908,9080,-1690.668,-1714.956,453.0746,-618.7702,-0.2642832,-0.3681621,-0.2612131,-1.043016,-0.6470866,-0.9000142,-0.2628087,0.2694018,0.7678252,-0.5567734,-0.1212716,-0.4520621,24,24,24,24,24,24,24,24,24,24,24,24,24,24,24,24
909,9090,-1782.501,-1792.693,-1772.566,-1833.948,-1761.686,-1812.269,-1662.876,-546.8167,264.9503,485.5118,-167.5791,-1329.527,-1960.583,-1695.353,-1752.946,-1771.431,25,25,25,25,24,25,25,24,24,24,24,25,25,25,25,25,909,9090,-1871.668,-1832.327,464.5979,-625.7415,-0.1329631,1.349919,0.2611842,0.912642,-0.9059318,-1.157554,-0.2628087,0.9429358,0.3838829,0.2227723,0.7217151,1.243307,24,24,24,24,24,24,24,24,24,24,24,24,24,24,24,24
910,9100,-1845.259,-1795.716,-1797.424,-1819.714,-1745.747,-1853.002,-1667.34,-542.4282,253.6785,470.128,-194.4,-1347.915,-1968.557,-1754.582,-1761.895,-1743.24,25,25,25,25,24,25,25,24,24,24,24,25,25,25,25,25,910,9100,-1662.337,-1651.665,454.5151,-634.3909,-0.001642233,-0.7363242,-0.3918115,-2.607539,-0.3882414,0.6452268,-0.5256014,0.2694018,-1.023911,0.111407,0.7217151,-0.7911392,24,24,24,24,24,24,24,24,24,24,24,24,24,24,24,24
911,9110,-1741.745,-1751.217,-1860.921,-1754.378,-1751.905,-1911.262,-1682.769,-538.1649,244.1408,485.0195,-189.2969,-1300.058,-1942.968,-1770.583,-1735.647,-1723.482,25,25,25,25,24,25,25,24,24,24,24,25,25,25,25,25,911,9110,-1751.762,-1796.668,449.9319,-618.2538,0.9176008,0.4908785,-0.5224116,0.2607571,0.6471395,0.3876867,0.7883524,-1.347081,-0.5119852,-0.222684,-0.1212716,-0.226015,24,24,24,24,24,24,24,24,24,24,24,24,24,24,24,24
912,9120,-1772.282,-1742.148,-1761.491,-1694.274,-1742.366,-1785.978,-1599.5,-536.6603,235.3463,468.405,-187.3981,-1295.65,-1927.733,-1704.906,-1706.535,-1725.53,25,25,25,25,24,25,25,24,24,24,24,25,25,25,25,25,912,9120,-1754.448,-1792.721,461.4552,-617.7374,-0.5269242,-1.227203,0.7835814,0.6518881,0.5177161,0.001376554,-1.70816,-0.8082534,1.023789,1.002316,-0.3621253,-0.4520685,24,24,24,24,24,24,24,24,24,24,24,24,24,24,24,24
913,9130,-1698.103,-1700.189,-1682.734,-1708.266,-1706.623,-1718.708,-1601.158,-532.5225,262.5968,478.6198,-178.616,-1316.682,-1925.59,-1719.833,-1746.981,-1705.772,25,25,25,25,24,25,25,24,24,24,24,25,25,25,25,25,913,9130,-1840.786,-1860.749,452.2889,-621.6103,-0.9208853,0.3681589,-1.44478E-05,0.1303802,-0.5176631,-1.930175,-1.313973,0.6735212,0.8958087,-0.3340476,-0.3621253,0.6781799,24,24,24,24,24,24,24,24,24,24,24,24,24,24,24,24
914,9140,-1726.116,-1716.212,-1764.937,-1752.066,-1719.906,-1829.92,-1634.695,-505.4389,265.9412,490.8038,-197.4856,-1327.261,-1924.4,-1816.796,-1779.911,-1698.423,25,25,25,25,24,25,25,24,24,24,24,25,25,25,25,25,914,9140,-1728.533,-1726.535,459.0982,-608.5716,0.3923188,0.1227164,0.130584,0.5215111,-0.3882414,-0.1273935,0.6569576,0.1346937,-0.2560231,-1.224959,-0.3621253,-0.7911424,24,24,24,24,24,24,24,24,24,24,24,24,24,24,24,24
915,9150,-1821.094,-1800.359,-1870.028,-1745.009,-1755.407,-1863,-1627.299,-511.2067,256.2797,478.1276,-205.1996,-1303.332,-1925.709,-1775.599,-1741.612,-1741.794,25,25,25,25,24,25,25,24,24,24,24,25,25,25,25,25,915,9150,-1690.534,-1699.429,474.0261,-599.664,0.1296778,0.4908785,-0.2612131,-0.6518849,0.6471395,0.2589166,0.2627702,-1.284249E-05,-1.023911,-0.6681402,0.1195816,-0.5650953,24,24,24,24,24,24,24,24,24,24,24,24,24,24,24,24
916,9160,-1731.646,-1704.364,-1719.159,-1676.997,-1796.704,-1781.288,-1572.721,-529.0117,237.8236,469.3896,-214.9311,-1300.939,-1963.439,-1798.884,-1765.235,-1760.589,25,25,25,25,24,25,25,24,24,24,24,25,25,25,25,25,916,9160,-1677.107,-1710.35,478.7402,-595.1456,0.3923188,-0.6136046,-0.130613,-0.3911277,-0.1293961,-0.2561635,0.5255629,-0.4041323,-0.639967,0.445498,0.1195816,1.130277,24,24,24,24,24,24,24,24,24,24,24,24,24,24,24,24
917,9170,-1817.487,-1851.378,-1794.594,-1754.378,-1888.596,-1792.15,-1598.097,-548.8229,256.7751,479.6044,-201.8767,-1332.928,-2025.568,-1778.226,-1786.592,-1826.73,25,25,25,25,24,25,25,24,24,24,24,25,25,25,25,25,917,9170,-1676.838,-1715.614,476.1213,-607.4097,-1.052258,-0.8590438,0.130584,1.173396,0.1294491,0.9027669,-0.9197888,-0.2694258,0.3838829,1.11368,-1.325539,-1.921391,24,24,24,24,24,24,24,24,24,24,24,24,24,24,24,24
918,9180,-1804.502,-1824.659,-1765.798,-1843.317,-1800.93,-1824.489,-1682.514,-563.9948,260.8627,478.2507,-181.939,-1382.673,-2012.714,-1799.123,-1845.769,-1818.177,25,25,25,25,24,25,25,24,24,24,24,25,25,25,25,25,918,9180,-1649.715,-1680.218,480.1806,-587.1416,-0.5269763,-0.3681621,0.130584,0.1303802,-0.1293961,-1.930175,-0.5256014,-0.4041323,0.7678269,0.8909526,0.1195816,0.3391027,24,24,24,24,24,24,24,24,24,24,24,24,24,24,24,24
919,9190,-1884.332,-1853.313,-1862.152,-1842.344,-1774.606,-1886.575,-1666.957,-526.7547,251.5728,470.7433,-199.8592,-1328.52,-1911.308,-1743.238,-1750.918,-1783.238,25,25,25,25,24,25,25,24,24,24,24,25,25,25,25,25,919,9190,-1804.263,-1776.01,483.3233,-585.8506,-0.9209383,0.6135982,0.2611858,-0.5215046,-0.3882414,0.9027669,0.3941681,1.212349,-0.5119852,-0.3340476,0.2400085,0.2260792,24,24,24,24,24,24,24,24,24,24,24,24,24,24,24,24
920,9200,-1709.765,-1712.102,-1742.048,-1669.211,-1673.537,-1720.559,-1561.882,-500.7994,259.7479,483.5426,-209.3533,-1293.131,-1908.927,-1751.836,-1707.848,-1693.844,25,25,25,25,24,25,25,24,24,24,24,25,25,25,25,25,920,9200,-1730.145,-1725.088,471.931,-586.4961,0.7862277,-0.2454425,0.1305873,-1.30377,0.6471395,0.3876867,-0.131414,0.2694018,-0.1280412,-1.559049,-1.205112,-0.2260182,24,24,24,24,24,24,24,24,24,24,24,24,24,24,24,24
921,9210,-1716.738,-1738.821,-1717.314,-1651.812,-1723.649,-1710.068,-1530.258,-493.0254,271.5152,481.9428,-211.0148,-1297.917,-1894.883,-1709.922,-1701.882,-1716.253,25,25,25,25,24,25,25,24,24,24,24,25,25,25,25,25,921,9210,-1722.222,-1704.824,468.2644,-571.0046,-0.2643354,-0.2454425,-0.9142072,-0.1303738,0.3882414,-0.1273935,1.051145,0.4041082,-0.1280412,4.334341E-05,0.8421419,-0.7911424,24,24,24,24,24,24,24,24,24,24,24,24,24,24,24,24
922,9220,-1656.265,-1711.497,-1741.187,-1713.133,-1742.245,-1733.149,-1596.185,-538.541,260.615,476.8968,-200.5712,-1341.87,-1957.964,-1702.637,-1751.157,-1742.276,25,25,25,25,24,25,25,24,24,24,24,25,25,25,25,25,922,9220,-1630.782,-1606.532,493.2752,-543.7653,-0.001694406,-1.595365,-0.6530086,0.1303802,-0.5177161,0.3876867,-1.445371,0.1346937,0.6398466,0.111407,-0.602979,-0.5650953,24,24,24,24,24,24,24,24,24,24,24,24,24,24,24,24
923,9230,-1744.871,-1745.47,-1727.158,-1758.515,-1705.536,-1743.641,-1633.547,-538.0394,260.8627,477.7583,-194.2813,-1340.862,-1936.659,-1810.109,-1776.212,-1753.481,25,25,25,25,24,25,25,24,24,24,24,25,25,25,25,25,923,9230,-1727.996,-1707.455,504.2747,-553.8348,-0.7896174,-0.7363242,-0.3918099,-0.6518849,-0.6471395,-1.028784,-0.7883909,-0.6735469,-0.3840049,-0.5567766,0.9625688,-0.5650953,24,24,24,24,24,24,24,24,24,24,24,24,24,24,24,24
924,9240,-1749.199,-1754.658,-1823.143,-1742.698,-1795.738,-1873.739,-1621.306,-512.335,256.1558,487.3578,-202.7074,-1301.947,-1965.939,-1787.898,-1746.385,-1716.855,25,25,25,25,24,25,25,24,24,24,24,25,25,25,25,25,924,9240,-1802.249,-1895.355,500.4773,-565.5825,-0.1330153,0.4908785,-1.284249E-05,1.303773,-0.1294491,-0.5137036,0.5255629,0.538765,1.023789,0.3341343,-0.7234055,0.5651531,24,24,24,24,24,24,24,24,24,24,24,24,24,24,24,24
925,9250,-1848.986,-1866.491,-1841.109,-1865.704,-1894.754,-1770.426,-1654.205,-607.2533,250.2103,475.1739,-193.4506,-1368.946,-2082.106,-1834.947,-1906.259,-1825.285,25,25,25,25,24,25,25,24,24,24,24,25,25,25,25,25,925,9250,-1652.4,-1671.928,497.2036,-562.8715,-0.3956563,-0.1227228,-0.2612115,-1.434147,-0.2588725,-0.5137036,-0.2628087,0.269352,0.1279208,-0.3340476,-0.602979,0.1130557,24,24,24,24,24,24,24,24,24,24,24,24,24,24,24,24
926,9260,-1934.947,-1877.009,-1838.525,-1858.89,-1786.078,-1845.596,-1687.87,-551.7067,255.5365,473.2047,-199.2657,-1370.206,-1992.956,-1793.749,-1807.352,-1919.377,25,25,25,25,24,25,25,24,24,24,24,25,25,25,25,25,926,9260,-1557.872,-1556.925,481.3591,-575.1356,-0.6582972,0.981757,-0.1306113,0.2607571,0.6470866,0.001376554,0.9197503,0.538765,-0.3840049,0.8909494,0.6012886,0.5651531,24,24,24,24,24,24,24,24,24,24,24,24,24,24,24,24
927,9270,-1769.998,-1739.425,-1755.215,-1723.109,-1704.57,-1756.849,-1590.319,-492.7747,276.5937,486.3732,-192.6198,-1334.061,-1898.334,-1782.166,-1776.331,-1736.975,25,25,25,25,24,25,25,24,24,24,24,25,25,25,25,25,927,9270,-1510.339,-1489.686,468.3954,-576.1685,-0.001694406,-1.595365,-0.5224084,-1.043016,-0.1294491,-0.5137036,-0.131414,-1.481837,-1.535835,-0.5567782,-1.084686,-1.469293,24,24,24,24,24,24,24,24,24,24,24,24,24,24,24,24
928,9280,-1815.683,-1793.951,-1862.89,-1780.171,-1859.253,-1892.871,-1619.138,-523.4946,249.5909,474.1893,-216.9486,-1317.941,-1972.008,-1726.401,-1699.019,-1723.843,25,25,25,25,24,25,25,24,24,24,24,25,25,25,25,25,928,9280,-1609.701,-1610.742,479.5259,-559.9023,-0.1330153,-0.6136046,0.2611858,0.5215111,0.3882414,0.001376554,0.2627702,0.9428861,0.5118648,-0.2226872,-0.3621253,-1.017193,24,24,24,24,24,24,24,24,24,24,24,24,24,24,24,24
929,9290,-1654.942,-1675.59,-1651.847,-1644.025,-1707.589,-1677.111,-1541.097,-523.2438,249.7148,463.2361,-199.8591,-1281.545,-1911.07,-1656.544,-1664.657,-1704.206,25,25,25,25,24,25,25,24,24,24,24,25,25,25,25,25,929,9290,-1701.141,-1724.561,489.0849,-573.0701,0.6549076,0.7363178,-0.1306113,0.5215111,-0.3882943,-1.028784,-1.926374E-05,0.538765,-0.1280412,1.002313,0.4808618,0.5651531,24,24,24,24,24,24,24,24,24,24,24,24,24,24,24,24
930,9300,-1721.427,-1734.71,-1684.457,-1738.926,-1755.769,-1751.417,-1628.957,-542.428,276.0982,482.6811,-188.2288,-1368.946,-2015.927,-1777.151,-1815.345,-1721.795,25,25,25,25,24,25,25,24,24,24,24,25,25,25,25,25,930,9300,-1666.902,-1707.192,490.1325,-582.8814,0.2609466,0.3681589,1.044782,-0.7822618,-0.1294491,-0.3849336,-0.2628087,-0.1347691,-0.2560231,-0.3340508,-0.2416985,-0.4520685,24,24,24,24,24,24,24,24,24,24,24,24,24,24,24,24
931,9310,-1764.467,-1792.016,-1769.121,-1765.45,-1713.868,-1757.589,-1639.158,-527.0054,270.4004,486.8655,-179.9214,-1349.804,-1937.612,-1770.344,-1811.408,-1780.949,25,25,25,25,24,25,25,24,24,24,24,25,25,25,25,25,931,9310,-1755.656,-1764.036,497.7275,-587.7871,0.2609466,0.1227164,0.5223843,-0.1303738,0.5176631,1.160307,-1.926374E-05,0.9428861,-6.100183E-05,0.7795857,0.3604349,-0.5650953,24,24,24,24,24,24,24,24,24,24,24,24,24,24,24,24
932,9320,-1812.798,-1770.375,-1837.171,-1748.659,-1724.615,-1895.463,-1639.413,-492.6493,258.5093,478.2506,-207.6918,-1337.588,-1957.131,-1794.705,-1765.593,-1731.192,25,25,25,25,24,25,25,24,24,24,24,25,25,25,25,25,932,9320,-1822.39,-1800.879,480.5735,-611.4117,0.3922667,-1.104483,-1.436603,3.210623E-06,0.2588179,-0.3849336,-0.131414,-0.5388886,0.3838829,4.013279E-05,0.4808618,0.3391027,24,24,24,24,24,24,24,24,24,24,24,24,24,24,24,24
933,9330,-1760.981,-1765.418,-1771.213,-1680.647,-1697.929,-1772.031,-1596.057,-514.0905,262.473,487.1117,-180.3962,-1284.945,-1911.784,-1701.802,-1712.023,-1719.265,25,25,25,25,24,25,25,24,24,24,24,25,25,25,25,25,933,9330,-1841.86,-1818.248,467.086,-606.377,0.2609988,-0.3681621,0.2611858,1.303773,-0.3882943,-0.6424737,-0.5256014,0.6734731,0.7678269,-0.1113235,-1.084686,-0.6781188,24,24,24,24,24,24,24,24,24,24,24,24,24,24,24,24
934,9340,-1714.694,-1712.948,-1687.657,-1690.137,-1725.339,-1723.275,-1568.513,-501.1756,285.8836,501.8801,-162.832,-1282.678,-1912.022,-1673.62,-1698.899,-1724.807,25,25,25,25,24,25,25,24,24,24,24,25,25,25,25,25,934,9340,-1818.362,-1860.486,476.6451,-613.6063,-0.3956041,0.6135982,0.783583,0.3911341,-0.5177161,-1.157554,-0.3942067,-6.100183E-05,0.8958087,0.8909494,-0.7234055,-0.5650953,24,24,24,24,24,24,24,24,24,24,24,24,24,24,24,24
935,9350,-1756.773,-1722.983,-1718.175,-1713.741,-1637.674,-1680.567,-1585.473,-517.0997,276.7176,488.2193,-156.8982,-1294.768,-1916.307,-1667.291,-1695.797,-1693.242,25,25,25,25,24,25,25,24,24,24,24,25,25,25,25,25,935,9350,-1883.082,-1866.539,477.4308,-607.0225,-0.1329631,0.4908785,-0.6530086,0.2607571,-0.3882943,-0.1273935,-1.926374E-05,0.269352,-6.100183E-05,0.1114038,-0.602979,0.5651531,24,24,24,24,24,24,24,24,24,24,24,24,24,24,24,24
936,9360,-1706.519,-1678.25,-1695.163,-1738.926,-1702.034,-1734.507,-1597.587,-507.3197,283.0347,490.5576,-182.8884,-1328.52,-1911.903,-1760.433,-1764.639,-1694.326,25,25,25,25,24,25,25,24,24,24,24,25,25,25,25,25,936,9360,-1813.528,-1777.852,483.1924,-597.7275,-0.5269242,-0.2454425,-0.2612115,-1.434147,0.9059318,0.2589166,-0.2628087,-0.5388886,-1.663817,-1.78178,-0.7234055,-0.4520685,24,24,24,24,24,24,24,24,24,24,24,24,24,24,24,24
937,9370,-1787.07,-1719.598,-1737.495,-1677.971,-1641.417,-1712.66,-1551.808,-457.5409,304.2158,506.0645,-164.2561,-1307.74,-1879.886,-1721.743,-1734.573,-1705.531,25,25,25,25,24,25,25,24,24,24,24,25,25,25,25,25,937,9370,-1869.923,-1900.619,491.1801,-593.7255,0.7862799,0.2454361,-0.3918099,1.694904,0.5177161,-0.2561635,0.5255629,-0.5388886,-0.3840049,1.002313,0.2400085,-0.2260182,24,24,24,24,24,24,24,24,24,24,24,24,24,24,24,24
938,9380,-1766.632,-1749.702,-1847.877,-1724.934,-1723.77,-1843.621,-1590.574,-464.8134,295.9167,516.6485,-176.1238,-1269.077,-1898.81,-1795.66,-1711.427,-1657.942,25,25,25,25,24,25,25,24,24,24,24,25,25,25,25,25,938,9380,-1692.414,-1727.588,483.5852,-597.082,-0.3956041,-1.104483,0.2611858,0.782265,-0.3882414,-1.286325,-0.9197888,-0.9430097,-0.1280412,0.2227675,-1.084686,0.1130557,24,24,24,24,24,24,24,24,24,24,24,24,24,24,24,24
939,9390,-1742.346,-1735.677,-1776.75,-1656.314,-1723.166,-1809.554,-1562.902,-470.3304,287.1223,502.8646,-187.8728,-1275.878,-1909.047,-1717.206,-1674.202,-1672.279,25,25,25,25,24,25,25,24,24,24,24,25,25,25,25,25,939,9390,-1664.619,-1671.665,478.2165,-596.4366,-0.2642832,0.4908785,0.783583,3.210623E-06,0.2588709,0.2589166,-0.5255501,0.538765,0.5118648,-0.8908691,0.1195816,2.88956E-05,24,24,24,24,24,24,24,24,24,24,24,24,24,24,24,24
940,9400,-1778.774,-1776.904,-1780.196,-1662.762,-1751.06,-1768.328,-1531.405,-465.8165,296.2883,521.079,-136.4859,-1199.181,-1813.234,-1636.483,-1615.263,-1686.857,25,25,25,25,24,25,25,24,24,24,24,25,25,25,25,25,940,9400,-1837.832,-1815.616,479.9187,-590.7563,-0.1329631,-0.2454425,-0.5224084,-0.5215046,0.1294491,0.6452268,0.657009,0.4040569,-0.1280412,-1.224962,-0.2416985,-0.4520685,24,24,24,24,24,24,24,24,24,24,24,24,24,24,24,24
941,9410,-1622.963,-1627.472,-1605.208,-1550.341,-1616.422,-1652.178,-1476.7,-452.9016,300.6237,520.9559,-138.9781,-1189.987,-1840.966,-1610.69,-1582.692,-1611.559,25,25,25,25,24,25,25,24,24,24,24,25,25,25,25,25,941,9410,-1880.799,-1873.776,485.2875,-585.5925,0.2609988,-0.2454425,-0.1306113,-0.5215046,0.6471395,0.2589166,0.5256143,1.212297,0.2559027,-0.7795055,-0.602979,0.1130557,24,24,24,24,24,24,24,24,24,24,24,24,24,24,24,24
942,9420,-1631.739,-1656.246,-1606.316,-1585.138,-1759.512,-1693.775,-1473.767,-482.6183,286.2552,499.7879,-169.2406,-1244.896,-1950.109,-1748.492,-1760.582,-1632.522,25,25,25,25,24,25,25,24,24,24,24,25,25,25,25,25,942,9420,-1796.341,-1822.064,480.9663,-590.4982,-0.6582451,0.6135982,-1.284249E-05,3.210623E-06,-0.1293961,-1.415095,-0.3941553,-0.4041837,-1.407856,-0.6681418,-0.4825522,0.3391027,24,24,24,24,24,24,24,24,24,24,24,24,24,24,24,24
943,9430,-1871.468,-1874.833,-1785.487,-1914.858,-1891.373,-1735.125,-1581.137,-532.1464,289.4757,507.1721,-145.624,-1282.804,-1982.483,-1674.098,-1712.978,-1884.68,25,25,25,25,24,25,25,24,24,24,24,25,25,25,25,25,943,9430,-1719.671,-1708.508,477.4308,-574.8774,0.5236397,-0.6136046,0.6529829,1.564527,0.6471395,1.289077,-0.9197375,-0.4041837,0.7678269,0.1114038,-0.4825522,-1.921391,24,24,24,24,24,24,24,24,24,24,24,24,24,24,24,24
944,9440,-1781.9,-1786.455,-1718.913,-1708.752,-1732.464,-1675.877,-1500.036,-470.3304,296.0406,506.5567,-158.7971,-1221.472,-1813.115,-1570.447,-1577.203,-1780.708,25,25,25,25,24,25,25,24,24,24,24,25,25,25,25,25,944,9440,-1667.708,-1693.639,485.0256,-573.0701,-0.7895651,-0.7363242,-0.3918099,-0.7822618,0.6471395,0.001376554,-1.44532,-6.421245E-05,-0.1280412,-0.8908691,0.1195816,-0.9041627,24,24,24,24,24,24,24,24,24,24,24,24,24,24,24,24
945,9450,-1595.671,-1618.646,-1566.199,-1550.706,-1595.411,-1581.698,-1457.317,-451.3969,296.9077,505.0799,-131.9762,-1169.081,-1725.159,-1510.621,-1506.93,-1623.125,25,25,25,25,24,25,25,24,24,24,24,25,25,25,25,25,945,9450,-1636.556,-1641.138,476.3831,-578.6213,0.1296778,0.1227164,-0.1306113,1.303773,0.2588709,-0.2561635,0.5256143,0.2693504,-6.100183E-05,1.002313,0.1195816,0.3391092,24,24,24,24,24,24,24,24,24,24,24,24,24,24,24,24
946,9460,-1483.622,-1496.8,-1498.641,-1477.827,-1482.387,-1502.332,-1411.666,-440.3628,295.1736,498.188,-140.7582,-1183.69,-1758.127,-1525.787,-1522.56,-1500.599,25,25,25,25,24,25,25,24,24,24,24,25,25,25,25,25,946,9460,-1701.679,-1743.246,484.3709,-579.2667,0.3923188,0.4908785,1.17538,-0.1303738,-0.5176631,-0.5137036,-0.2627574,0.4040569,1.023789,-0.7795055,-0.2416985,0.4521327,24,24,24,24,24,24,24,24,24,24,24,24,24,24,24,24
947,9470,-1612.863,-1635.375,-1601.762,-1616.528,-1652.164,-1599.719,-1468.794,-475.5967,288.1132,496.0958,-144.0812,-1211.397,-1840.252,-1610.928,-1610.371,-1590.475,25,25,25,25,24,25,25,24,24,24,24,25,25,25,25,25,947,9470,-1862.538,-1809.563,487.5136,-567.519,-0.3956041,0.6135982,-1.306004,-1.694901,0.2588709,0.9027669,3.210623E-05,1.077591,0.1279208,0.6682221,-0.3621253,-0.3390386,24,24,24,24,24,24,24,24,24,24,24,24,24,24,24,24
948,9480,-1616.711,-1641.663,-1627.605,-1679.796,-1679.092,-1683.9,-1562.137,-514.7175,279.1949,489.9423,-154.05,-1287.59,-1907.023,-1689.383,-1715.364,-1661.075,25,25,25,25,24,25,25,24,24,24,24,25,25,25,25,25,948,9480,-1765.727,-1764.825,490.0016,-574.7484,0.7862799,-1.718084,-0.6530086,-0.6518849,-0.3882414,0.2589166,1.051196,-1.616545,-0.5119852,-0.1113235,-1.084686,-0.9041627,24,24,24,24,24,24,24,24,24,24,24,24,24,24,24,24
949,9490,-1715.295,-1695.11,-1696.763,-1719.946,-1659.168,-1700.193,-1577.567,-504.9373,273.7448,488.7115,-158.5597,-1284.693,-1881.552,-1680.665,-1694.723,-1688.905,25,25,25,25,24,25,25,24,24,24,24,25,25,25,25,25,949,9490,-1641.39,-1590.873,479.395,-576.2976,-0.5269242,-0.7363242,-1.284249E-05,0.1303802,0.2588709,-1.028784,-1.970902,0.2693504,-0.639967,-1.224962,-1.445966,-0.7911392,24,24,24,24,24,24,24,24,24,24,24,24,24,24,24,24
950,9500,-1688.966,-1674.191,-1726.912,-1677.606,-1626.806,-1795.359,-1628.191,-503.3073,271.0197,495.4804,-179.3281,-1289.479,-1901.905,-1779.778,-1757.838,-1647.702,25,25,25,25,24,25,25,24,24,24,24,25,25,25,25,25,950,9500,-1663.008,-1688.244,476.907,-575.9103,0.5236397,0.6135468,0.9141815,0.5215111,0.1294491,-0.5137036,0.5256143,0.8081763,1.023789,1.336404,0.7217151,-0.226015,24,24,24,24,24,24,24,24,24,24,24,24,24,24,24,24
951,9510,-1768.796,-1754.361,-1790.286,-1697.802,-1771.95,-1818.071,-1581.647,-517.9776,250.8296,479.8505,-210.0654,-1287.212,-1982.363,-1815.721,-1767.979,-1746.011,25,25,25,25,24,25,25,24,24,24,24,25,25,25,25,25,951,9510,-1745.72,-1804.169,479.0021,-572.0374,0.2609988,-0.3682135,-1.436603,-1.173393,-1.035354,-0.3849336,-0.5255501,-0.9430113,0.8958087,-0.1113235,-0.9642591,0.4521327,24,24,24,24,24,24,24,24,24,24,24,24,24,24,24,24
952,9520,-1883.13,-1980.604,-1815.021,-1828.839,-1931.1,-1828.316,-1613.017,-545.5627,271.7629,494.0036,-180.0402,-1293.761,-1961.297,-1679.71,-1695.797,-1904.077,25,25,25,25,24,25,25,24,24,24,24,25,25,25,25,25,952,9520,-1697.65,-1685.876,487.2517,-561.4515,0.2609988,0.122665,-0.2612115,-0.7822618,1.035407,1.160307,0.657009,1.077591,-0.1280412,-0.5567782,-0.1212716,-1.356263,24,24,24,24,24,24,24,24,24,24,24,24,24,24,24,24
953,9530,-1741.625,-1759.44,-1710.791,-1772.75,-1754.079,-1749.689,-1648.722,-549.0735,277.8324,486.4963,-188.3475,-1387.457,-2012.952,-1818.349,-1841.832,-1742.035,25,25,25,25,24,25,25,24,24,24,24,25,25,25,25,25,953,9530,-1846.962,-1796.274,496.8108,-560.9351,-0.001642233,-0.4909331,-1.436603,-0.9126388,0.1293961,-0.5137036,0.657009,-0.6735983,-1.407856,-0.5567782,-0.4825522,-0.5650889,24,24,24,24,24,24,24,24,24,24,24,24,24,24,24,24
954,9540,-1798.972,-1734.167,-1857.722,-1795.501,-1810.107,-1943.108,-1671.165,-527.6323,249.3432,485.0195,-204.8436,-1301.065,-1953.084,-1834.23,-1761.775,-1789.624,25,25,25,25,24,25,25,24,24,24,24,25,25,25,25,25,954,9540,-1623.129,-1608.9,491.5729,-563.6461,-0.2642832,-1.227254,0.9141815,0.912642,-0.7765613,0.001376554,-0.3941553,-0.5388918,0.8958087,1.002313,0.6012886,-1.243237,24,24,24,24,24,24,24,24,24,24,24,24,24,24,24,24
955,9550,-1769.036,-1770.323,-1794.101,-1700.722,-1751.905,-1783.88,-1565.58,-499.4202,268.6663,496.9573,-191.9078,-1287.212,-1966.653,-1760.194,-1725.267,-1703.603,25,25,25,25,24,25,25,24,24,24,24,25,25,25,25,25,955,9550,-1590.232,-1562.451,483.0615,-569.1973,0.7862799,-5.458059E-05,-0.3918099,3.210623E-06,0.7765084,-0.3849336,-0.5255501,0.6734698,1.663697,0.3341311,0.2400085,3.531685E-05,24,24,24,24,24,24,24,24,24,24,24,24,24,24,24,24
956,9560,-1803.541,-1851.34,-1773.058,-1812.292,-1894.633,-1851.768,-1642.601,-550.829,297.6509,511.6027,-171.2581,-1384.436,-2075.795,-1771.3,-1822.623,-1787.093,25,25,25,25,24,25,25,24,24,24,24,25,25,25,25,25,956,9560,-1605.673,-1611.137,475.2046,-573.0702,0.1296778,1.227148,-0.5224084,3.210623E-06,-0.6471395,-0.6424737,3.210623E-05,-0.5388918,0.1279208,0.8909494,0.7217151,-0.3390386,24,24,24,24,24,24,24,24,24,24,24,24,24,24,24,24
957,9570,-1886.736,-1838.159,-1796.07,-1790.635,-1721.717,-1725.744,-1596.694,-513.7144,286.503,502.3724,-156.3049,-1316.178,-1937.612,-1713.982,-1779.195,-1830.947,25,25,25,25,24,25,25,24,24,24,24,25,25,25,25,25,957,9570,-1659.517,-1656.664,469.0502,-577.3304,0.3923188,-0.2454938,1.17538,-0.6518849,0.1293961,0.001376554,0.1314268,-0.4041837,-0.1280445,-1.447689,-1.084686,0.678183,24,24,24,24,24,24,24,24,24,24,24,24,24,24,24,24
958,9580,-1760.981,-1720.745,-1749.185,-1737.344,-1710.366,-1772.895,-1583.943,-482.3675,292.5724,507.9106,-149.1842,-1264.417,-1842.871,-1631.706,-1673.367,-1734.204,25,25,25,25,24,25,25,24,24,24,24,25,25,25,25,25,958,9580,-1653.474,-1673.902,468.5264,-567.7772,-0.7895651,0.9817057,0.3917859,0.3911341,-0.2588725,-0.1273935,0.3942195,0.6734698,-0.1280445,0.6682253,0.1195816,3.531685E-05,24,24,24,24,24,24,24,24,24,24,24,24,24,24,24,24
959,9590,-1703.994,-1695.231,-1730.85,-1688.069,-1782.576,-1860.778,-1593.252,-486.5052,275.4789,505.9414,-191.1958,-1279.026,-1943.563,-1829.693,-1739.106,-1679.508,25,25,25,25,24,25,25,24,24,24,24,25,25,25,25,25,959,9590,-1624.74,-1656.928,475.9903,-558.095,-0.001642233,-1.104535,0.9141815,0.912642,-0.3882943,0.1301466,-0.5255501,-1.347132,0.1279176,0.445498,-0.7234055,-0.4520621,24,24,24,24,24,24,24,24,24,24,24,24,24,24,24,24
960,9600,-1972.817,-1966.094,-1877.042,-1773.48,-1915.523,-1804.246,-1568.13,-522.6168,272.2584,505.203,-189.8903,-1270.21,-1982.602,-1788.854,-1747.219,-1818.779,25,25,25,25,24,25,25,24,24,24,24,25,25,25,25,25,960,9600,-1590.635,-1620.348,475.2046,-565.7117,-0.6582451,-0.1227742,-0.1306113,0.1303802,0.7765084,-0.5137036,-1.051132,0.4040569,-0.1280445,-0.3340476,-0.2416985,-0.6781124,24,24,24,24,24,24,24,24,24,24,24,24,24,24,24,24
961,9610,-1927.012,-1931.631,-1797.054,-1769.83,-1862.876,-1836.462,-1584.07,-508.448,278.3279,508.0336,-174.1063,-1267.566,-1995.337,-1754.224,-1730.397,-1846.007,25,25,25,25,24,25,25,24,24,24,24,25,25,25,25,25,961,9610,-1717.254,-1740.614,475.8594,-572.1665,0.6549598,0.3681075,0.783583,0.5215111,-0.2588725,-0.6424737,0.5256143,-0.1347707,-0.5119883,4.334341E-05,-0.602979,-0.1129882,24,24,24,24,24,24,24,24,24,24,24,24,24,24,24,24
962,9620,-1810.033,-1819.054,-1741.925,-1782.726,-1836.31,-1723.151,-1538.929,-495.6585,303.4726,518.1254,-150.4897,-1245.526,-1901.905,-1635.05,-1655.232,-1806.852,25,25,25,25,24,25,25,24,24,24,24,25,25,25,25,25,962,9620,-1726.25,-1745.746,481.0973,-581.9778,-0.6582451,-0.2454938,0.9141815,-0.6518849,-0.3882943,0.001376554,0.657009,-0.2694772,0.6398434,-0.6681402,0.1195816,0.5651595,24,24,24,24,24,24,24,24,24,24,24,24,24,24,24,24
963,9630,-1729.843,-1712.523,-1657.139,-1717.269,-1711.332,-1644.032,-1537.016,-500.0471,290.3429,504.0954,-137.7913,-1239.733,-1860.129,-1609.137,-1662.629,-1726.735,25,25,25,25,24,25,25,24,24,24,24,25,25,25,25,25,963,9630,-1770.024,-1775.747,471.0144,-600.6968,-0.6582451,0.7362664,-0.5224084,-0.6518849,-2.729029E-05,1.417848,-1.44532,-0.1347707,-1.151894,0.2227707,0.3604349,0.2260856,24,24,24,24,24,24,24,24,24,24,24,24,24,24,24,24
964,9640,-1685.961,-1664.759,-1631.912,-1646.094,-1646.247,-1674.89,-1516.868,-461.177,300.8714,498.5572,-160.9332,-1279.152,-1876.554,-1642.095,-1703.91,-1702.037,25,25,25,25,24,25,25,24,24,24,24,25,25,25,25,25,964,9640,-1718.194,-1702.061,456.3484,-615.1555,0.2609988,-0.8590952,-1.175406,0.5215111,1.423621,-0.5137036,0.3942195,-0.6735983,-1.023914,0.445498,0.8421419,-0.7911392,24,24,24,24,24,24,24,24,24,24,24,24,24,24,24,24
965,9650,-1739.341,-1707.807,-1766.167,-1746.348,-1674.624,-1798.075,-1591.849,-471.9604,290.7144,505.9414,-163.6628,-1282.93,-1875.125,-1745.029,-1709.876,-1713.603,25,25,25,25,24,25,25,24,24,24,24,25,25,25,25,25,965,9650,-1844.142,-1832.722,453.9914,-603.9241,0.2609466,-1.104535,0.5223843,0.5215111,-0.7765613,0.3876867,-0.6569448,-6.421245E-05,-0.7679505,-0.4454113,-0.4825522,-0.5650889,24,24,24,24,24,24,24,24,24,24,24,24,24,24,24,24
966,9660,-1772.282,-1765.123,-1828.68,-1710.699,-1828.461,-1882.749,-1566.09,-477.7282,271.3914,505.4492,-189.653,-1270.084,-1946.895,-1796.377,-1733.022,-1681.676,25,25,25,25,24,25,25,24,24,24,24,25,25,25,25,25,966,9660,-1728.936,-1784.168,463.8123,-613.9937,-0.5269763,0.4908785,0.1305873,-0.2607507,0.1293961,-1.415095,-0.7883395,0.8081763,-6.260714E-05,0.2227707,0.2400085,-0.226015,24,24,24,24,24,24,24,24,24,24,24,24,24,24,24,24
967,9670,-1791.398,-1797.651,-1773.305,-1701.087,-1802.741,-1808.073,-1555.634,-484.3737,280.929,502.2493,-161.6453,-1252.957,-1924.638,-1691.532,-1693.053,-1751.192,25,25,25,25,24,25,25,24,24,24,24,25,25,25,25,25,967,9670,-1786.539,-1836.143,471.5381,-616.4465,1.442831,0.3681589,0.5223843,0.5215111,-0.3882943,-0.5137036,-0.6569448,-0.9430113,-0.7679505,0.5568616,0.2400085,0.4521327,24,24,24,24,24,24,24,24,24,24,24,24,24,24,24,24
968,9680,-1671.293,-1689.306,-1633.635,-1645.972,-1665.205,-1610.705,-1487.411,-471.7097,294.6781,500.1571,-145.98,-1215.049,-1826.684,-1614.391,-1632.921,-1724.446,25,25,25,25,24,25,25,24,24,24,24,25,25,25,25,25,968,9680,-1776.066,-1763.378,466.0384,-635.1655,0.1296257,0.1227164,0.783583,-0.2608053,1.294199,0.9027669,0.7884037,-6.421245E-05,-6.260714E-05,-0.3340476,0.1195816,-1.017186,24,24,24,24,24,24,24,24,24,24,24,24,24,24,24,24
969,9690,-1698.584,-1703.333,-1682.365,-1697.802,-1669.552,-1675.26,-1558.694,-495.9094,293.6872,499.0495,-154.9994,-1289.983,-1922.734,-1664.664,-1728.011,-1681.194,25,25,25,25,24,25,25,24,24,24,24,25,25,25,25,25,969,9690,-1846.694,-1821.669,461.4553,-631.938,-0.2643354,-0.1227228,-2.220199,-1.303824,-2.729029E-05,0.6452268,3.210623E-05,0.8081763,-1.151894,-0.3340476,0.4808618,0.4521327,24,24,24,24,24,24,24,24,24,24,24,24,24,24,24,24
970,9700,-1777.091,-1749.041,-1730.727,-1787.228,-1691.529,-1746.11,-1596.439,-484.3738,298.6418,506.8029,-157.8476,-1315.674,-1920.592,-1729.505,-1746.146,-1729.747,25,25,25,25,24,25,25,24,24,24,24,25,25,25,25,25,970,9700,-1760.356,-1774.168,454.5151,-632.9708,0.1296257,-1.472645,0.3917859,0.1303256,0.1293961,0.001376554,0.3942195,-0.6735983,0.3838813,-0.4454113,-1.205112,-0.7911392,24,24,24,24,24,24,24,24,24,24,24,24,24,24,24,24
971,9710,-1717.94,-1702.124,-1753.616,-1690.502,-1635.017,-1742.53,-1555.124,-459.5471,298.8895,510.7412,-170.0714,-1258.12,-1838.943,-1714.698,-1690.547,-1678.062,25,25,25,25,24,25,25,24,24,24,24,25,25,25,25,25,971,9710,-1711.48,-1718.377,451.3724,-627.2906,-1.971501,-0.4908817,0.2611858,0.7822104,-2.729029E-05,-0.9000142,-0.9197375,-0.4041837,0.7678252,0.5568616,0.4808618,-0.226015,24,24,24,24,24,24,24,24,24,24,24,24,24,24,24,24
972,9720,-1758.216,-1764.519,-1768.997,-1661.789,-1785.232,-1779.313,-1517.633,-484.3738,280.5574,513.8179,-164.0188,-1192.128,-1904.881,-1759.12,-1688.042,-1686.857,25,25,25,25,24,25,25,24,24,24,24,25,25,25,25,25,972,9720,-1741.423,-1767.194,464.2052,-617.9957,0.1296257,-0.1227228,-0.6530086,0.5214565,0.1293961,-1.157554,0.3942195,0.4040569,-6.260714E-05,1.002316,0.4808618,0.1130589,24,24,24,24,24,24,24,24,24,24,24,24,24,24,24,24
973,9730,-1859.205,-1800.432,-1694.302,-1638.55,-1687.906,-1675.63,-1483.458,-453.7792,294.9258,505.3261,-147.1668,-1199.81,-1779.67,-1580.836,-1565.869,-1752.155,25,25,25,25,24,25,25,24,24,24,24,25,25,25,25,25,973,9730,-1671.467,-1665.612,463.0267,-625.3541,0.5235875,-1.104483,-1.175406,-1.04307,-1.16483,-1.028784,0.2628216,-0.5388918,0.2559027,-1.336322,-0.602979,3.531685E-05,24,24,24,24,24,24,24,24,24,24,24,24,24,24,24,24
974,9740,-1551.549,-1582.896,-1642.987,-1579.055,-1593.72,-1638.848,-1475.297,-446.256,292.3246,507.2952,-131.1454,-1182.809,-1726.706,-1533.429,-1539.024,-1541.2,25,25,25,25,24,25,25,24,24,24,24,25,25,25,25,25,974,9740,-1761.699,-1726.272,466.0384,-619.6739,-0.7896174,1.2272,0.3917859,0.1303256,1.035354,1.031537,0.5256143,2.020538,-0.5119852,-0.5567766,0.3604349,-0.6781124,24,24,24,24,24,24,24,24,24,24,24,24,24,24,24,24
975,9750,-1531.592,-1546.619,-1569.399,-1518.951,-1549.042,-1641.563,-1484.861,-451.0207,288.9803,497.0804,-161.2893,-1225.25,-1795.262,-1618.929,-1610.371,-1527.225,25,25,25,25,24,25,25,24,24,24,24,25,25,25,25,25,975,9750,-1769.084,-1773.51,462.3719,-627.2906,-0.7896174,-2.086243,-0.7836071,0.2607026,-0.7765613,-1.415095,-0.5255501,-1.481839,-1.407856,-0.4454113,-0.0008451964,0.3391092,24,24,24,24,24,24,24,24,24,24,24,24,24,24,24,24
976,9760,-1628.493,-1631.748,-1644.218,-1625.288,-1646.126,-1734.754,-1530.64,-462.431,293.1917,495.1113,-155.1181,-1232.806,-1781.218,-1564.118,-1607.627,-1615.173,25,25,25,25,24,25,25,24,24,24,24,25,25,25,25,25,976,9760,-1741.155,-1791.8,453.5985,-621.223,0.3922667,-0.9817635,-1.284249E-05,0.6518335,-2.729029E-05,0.5164568,-0.1313626,1.347004,1.535715,0.5568616,0.4808618,-1.469293,24,24,24,24,24,24,24,24,24,24,24,24,24,24,24,24
977,9770,-1625.968,-1635.496,-1663.045,-1679.431,-1657.477,-1720.683,-1545.942,-472.0858,292.5724,499.7879,-147.7601,-1268.321,-1843.942,-1643.528,-1677.065,-1600.234,25,25,25,25,24,25,25,24,24,24,24,25,25,25,25,25,977,9770,-1821.182,-1869.433,469.9668,-615.4137,0.5235875,0.4908785,0.6529829,0.3910795,0.1293961,-1.028784,-0.1313626,-0.2694772,-0.8959291,0.2227707,-0.0008451964,0.4521295,24,24,24,24,24,24,24,24,24,24,24,24,24,24,24,24
978,9780,-1699.305,-1656.294,-1641.018,-1647.432,-1610.263,-1655.141,-1517.506,-469.8289,281.1767,488.8347,-137.4353,-1248.297,-1838.824,-1643.528,-1666.924,-1639.991,25,25,25,25,24,25,25,24,24,24,24,25,25,25,25,25,978,9780,-1927.929,-1918.514,478.8712,-621.9976,-0.5269763,-3.210623E-06,0.783583,-0.1304283,-0.2588725,0.7739968,0.657009,-0.1347707,1.023789,-0.6681402,0.6012886,-0.339045,24,24,24,24,24,24,24,24,24,24,24,24,24,24,24,24
979,9790,-1660.953,-1625.339,-1632.773,-1609.593,-1556.65,-1633.54,-1511.13,-468.0735,275.1073,478.866,-157.1356,-1250.816,-1823.946,-1657.499,-1674.202,-1617.221,25,25,25,25,24,25,25,24,24,24,24,25,25,25,25,25,979,9790,-2049.715,-1984.963,484.7638,-608.1843,-1.183579,0.2454361,-0.6530086,-0.6519362,0.5176631,0.001376554,-1.182527,-0.1347707,-1.663817,-1.336322,-0.7234055,1.243301,24,24,24,24,24,24,24,24,24,24,24,24,24,24,24,24
980,9800,-1654.582,-1638.761,-1704.023,-1669.575,-1623.908,-1754.997,-1555.251,-463.058,275.9743,484.5273,-177.3106,-1266.054,-1820.614,-1742.044,-1714.29,-1626.859,25,25,25,25,24,25,25,24,24,24,24,25,25,25,25,25,980,9800,-1823.196,-1828.248,476.776,-634.7782,0.7862277,0.7363178,-1.284249E-05,-0.7823132,1.035354,-0.7712442,0.657009,0.1346423,-0.5119852,-0.1113203,0.1195816,-0.7911424,24,24,24,24,24,24,24,24,24,24,24,24,24,24,24,24
981,9810,-1724.192,-1702.365,-1747.708,-1637.333,-1647.092,-1762.65,-1554.103,-474.719,258.757,475.9123,-189.1783,-1267.062,-1851.083,-1783.002,-1739.226,-1651.316,25,25,25,25,24,25,25,24,24,24,24,25,25,25,25,25,981,9810,-1925.243,-1957.989,460.1458,-624.5795,-0.2642832,-0.8590438,0.1305873,0.1303256,-0.1294491,0.6452268,3.210623E-05,-6.421245E-05,-6.100183E-05,0.2227707,-1.084686,-1.69534,24,24,24,24,24,24,24,24,24,24,24,24,24,24,24,24
982,9820,-1785.507,-1729.572,-1800.623,-1703.399,-1738.864,-1771.66,-1555.761,-495.5333,253.9262,466.4359,-214.2191,-1289.479,-1934.041,-1764.732,-1725.505,-1690.712,25,25,25,25,24,25,25,24,24,24,24,25,25,25,25,25,982,9820,-1866.029,-1851.407,465.7765,-624.3214,-0.5269242,-0.8590438,0.1305873,-0.3911823,-0.5177161,-1.157554,3.210623E-05,0.6734698,-0.639967,0.111407,-0.2416985,0.3391027,24,24,24,24,24,24,24,24,24,24,24,24,24,24,24,24
983,9830,-1743.068,-1741.544,-1680.765,-1666.899,-1769.172,-1723.522,-1539.822,-526.6293,249.467,465.9437,-196.8923,-1278.27,-1950.466,-1725.206,-1707.609,-1756.492,25,25,25,25,24,25,25,24,24,24,24,25,25,25,25,25,983,9830,-1775.663,-1760.088,465.7765,-618.8993,0.2609988,0.2454361,-1.284249E-05,-0.1304283,-0.3882943,-0.6424737,0.5256143,-0.2694772,-0.2560231,-0.6681402,0.4808618,0.2260792,24,24,24,24,24,24,24,24,24,24,24,24,24,24,24,24
984,9840,-1882.528,-1899.345,-1832.864,-1899.649,-1959.356,-1837.079,-1622.581,-554.5906,254.4217,462.2515,-208.7599,-1329.401,-2017.594,-1720.669,-1770.365,-1796.973,25,25,25,25,24,25,25,24,24,24,24,25,25,25,25,25,984,9840,-1730.682,-1703.903,475.9903,-606.7642,1.311562,0.7363178,0.2611858,-0.7823132,0.2588179,0.001376554,0.2628216,1.212297,0.1279208,0.445498,0.1195816,-0.4520685,24,24,24,24,24,24,24,24,24,24,24,24,24,24,24,24
985,9850,-1839.368,-1817.482,-1771.459,-1802.193,-1778.229,-1705.748,-1592.232,-540.9234,261.9775,465.2052,-195.7055,-1365.546,-2007.12,-1739.416,-1821.549,-1861.669,25,25,25,25,24,25,25,24,24,24,24,25,25,25,25,25,985,9850,-1759.282,-1787.984,483.8471,-612.7027,-0.5269242,-1.595365,-2.350797,-1.434201,2.568498E-05,0.3876867,0.9198017,-0.4041837,-1.151893,-1.002231,-0.2416985,-0.339045,24,24,24,24,24,24,24,24,24,24,24,24,24,24,24,24
986,9860,-1906.814,-1832.476,-1811.083,-1883.346,-1794.289,-1848.188,-1679.071,-546.1897,253.5546,461.1439,-216.4739,-1373.858,-1971.175,-1751.596,-1775.615,-1827.574,25,25,25,25,24,25,25,24,24,24,24,25,25,25,25,25,986,9860,-1842.531,-1862.46,473.3714,-614.6392,0.2609988,-0.8590438,0.3917859,1.564472,0.3882943,0.2589166,0.2628216,0.6734698,0.6398466,0.5568616,0.3604349,-1.017193,24,24,24,24,24,24,24,24,24,24,24,24,24,24,24,24
987,9870,-1798.13,-1779.029,-1811.575,-1780.171,-1760.116,-1835.475,-1638.521,-528.6354,247.3613,464.959,-223.0011,-1356.101,-1952.489,-1814.288,-1794.227,-1733.361,25,25,25,25,24,25,25,24,24,24,24,25,25,25,25,25,987,9870,-1882.545,-1814.696,470.8834,-619.0284,-1.446167,0.1227164,0.783583,-0.5215592,0.1294491,-1.543865,-1.313973,-0.6735983,-0.2560231,-0.7795039,-0.9642591,0.3391027,24,24,24,24,24,24,24,24,24,24,24,24,24,24,24,24
988,9880,-1769.878,-1744.446,-1761.368,-1708.996,-1755.527,-1831.401,-1620.668,-532.7733,248.7238,474.8047,-236.5302,-1346.529,-2061.632,-1841.276,-1805.801,-1752.878,25,25,25,25,24,25,25,24,24,24,24,25,25,25,25,25,988,9880,-1792.045,-1805.616,478.3474,-599.4058,1.705524,0.4908785,-0.5224084,1.434095,-0.3882414,-0.7712442,1.313934,1.61642,1.407733,2.227317,1.564702,-0.5650953,24,24,24,24,24,24,24,24,24,24,24,24,24,24,24,24
989,9890,-1906.093,-1911.437,-1779.458,-1811.196,-1841.14,-1782.152,-1621.306,-557.0984,246.9897,465.9436,-202.9448,-1360.257,-2023.545,-1732.968,-1781.581,-1895.402,25,25,25,25,24,25,25,24,24,24,24,25,25,25,25,25,989,9890,-1851.796,-1967.857,488.1684,-607.5388,1.311562,-0.1227228,-0.5224084,-1.434201,-1.811889,-0.6424737,-0.6569961,-1.616544,0.1279208,-1.447686,-1.325539,2.88956E-05,24,24,24,24,24,24,24,24,24,24,24,24,24,24,24,24
990,9900,-1802.218,-1809.017,-1758.292,-1799.881,-1735.362,-1713.524,-1604.728,-535.1556,268.0469,484.281,-176.2425,-1314.918,-1937.254,-1674.695,-1754.736,-1803.478,25,25,25,25,24,25,25,24,24,24,24,25,25,25,25,25,990,9900,-1780.766,-1820.748,477.0379,-611.799,-0.1329631,0.981757,-0.1306113,-0.5215592,0.6471395,1.546618,1.708122,1.212299,0.2559027,0.111407,-1.325539,-0.339045,24,24,24,24,24,24,24,24,24,24,24,24,24,24,24,24
991,9910,-1773.965,-1749.766,-1759.891,-1806.208,-1741.52,-1792.273,-1643.876,-527.2562,269.4094,486.6194,-179.8028,-1337.21,-1932.256,-1747.059,-1762.014,-1782.275,25,25,25,25,24,25,25,24,24,24,24,25,25,25,25,25,991,9910,-1816.348,-1804.695,472.9785,-603.795,-0.9208853,-0.2454425,-0.2612115,-0.6519362,0.2588709,-0.2561635,-0.7883909,-0.1347691,0.1279208,0.445498,-0.2416985,-0.1129947,24,24,24,24,24,24,24,24,24,24,24,24,24,24,24,24
992,9920,-1758.336,-1737.795,-1752.139,-1690.867,-1673.296,-1732.779,-1576.164,-504.6865,261.9775,476.1584,-187.7542,-1277.766,-1834.777,-1644.364,-1645.926,-1737.939,25,25,25,25,24,25,25,24,24,24,24,25,25,25,25,25,992,9920,-1755.12,-1744.036,472.4548,-601.7295,-0.5269242,-0.7363242,0.2611858,-5.136996E-05,-0.9059318,0.3876867,-1.576766,-0.8083032,0.3838829,0.5568616,0.4808618,-0.3391027,24,24,24,24,24,24,24,24,24,24,24,24,24,24,24,24
993,9930,-1677.184,-1684.227,-1723.466,-1679.431,-1749.369,-1796.717,-1579.097,-501.9279,268.0469,484.281,-209.116,-1291.746,-1912.141,-1708.847,-1675.753,-1638.666,25,25,25,25,24,25,25,24,24,24,24,25,25,25,25,25,993,9930,-1775.26,-1802.59,474.0262,-581.3323,0.7862799,0.4908785,-1.284249E-05,-1.434201,0.2588709,-0.9000142,-0.5256014,-0.4041821,0.3838829,-0.3340476,0.6012886,-0.1130525,24,24,24,24,24,24,24,24,24,24,24,24,24,24,24,24
994,9940,-1738.018,-1756.175,-1700.332,-1716.417,-1821.82,-1787.213,-1614.675,-565.1232,246.8659,471.2356,-198.1977,-1317.437,-1987.838,-1735.954,-1763.803,-1735.891,25,25,25,25,24,25,25,24,24,24,24,25,25,25,25,25,994,9940,-1733.77,-1786.142,483.3233,-586.6252,0.1296778,0.8590374,-0.7836071,0.3910795,-1.423622,-1.157554,-1.926374E-05,0.6734731,-0.7679489,0.2227707,0.3604349,0.2260214,24,24,24,24,24,24,24,24,24,24,24,24,24,24,24,24
995,9950,-1831.914,-1826.551,-1769.367,-1831.393,-1789.942,-1733.026,-1644.004,-568.8848,266.8083,491.0499,-166.2737,-1358.745,-2024.14,-1777.27,-1839.446,-1835.405,25,25,25,25,24,25,25,24,24,24,24,25,25,25,25,25,995,9950,-1590.769,-1610.874,485.9423,-579.9122,0.3923188,0.1227164,0.3917859,-0.2608053,-1.035354,-0.6424737,0.1313755,-1.212423,0.6398466,0.3341343,-0.602979,0.2260214,24,24,24,24,24,24,24,24,24,24,24,24,24,24,24,24
996,9960,-1879.283,-1840.094,-1896.485,-1864.487,-1753.716,-1893.858,-1693.736,-529.0117,263.0923,478.3737,-191.6705,-1358.241,-1974.151,-1821.334,-1839.207,-1819.623,25,25,25,25,24,25,25,24,24,24,24,25,25,25,25,25,996,9960,-1697.785,-1721.667,481.0973,-591.5309,-0.1329631,0.3681589,-0.6530086,-0.2608053,0.2588709,0.1301466,-0.5256014,0.269352,0.3838829,0.445498,0.8421419,-0.1130525,24,24,24,24,24,24,24,24,24,24,24,24,24,24,24,24
997,9970,-1751.724,-1757.505,-1867.32,-1778.346,-1771.467,-1914.841,-1659.561,-516.7237,248.9716,487.1117,-235.4621,-1353.708,-2028.306,-1988.87,-1866.529,-1762.637,25,25,25,25,24,25,25,24,24,24,24,25,25,25,25,25,997,9970,-1594.931,-1569.162,475.5975,-584.5597,0.7862799,-1.840804,-1.044806,0.1303256,0.9059848,0.3876867,0.7883524,-0.9430097,0.1279208,-0.7795039,-0.602979,-1.356324,24,24,24,24,24,24,24,24,24,24,24,24,24,24,24,24
998,9980,-1979.189,-2066.337,-1972.78,-1855.119,-2079.305,-1954.833,-1641.708,-557.3492,252.1921,487.3578,-223.3571,-1356.982,-2126.446,-1881.995,-1860.802,-1924.076,25,25,25,25,24,25,25,24,24,24,24,25,25,25,25,25,998,9980,-1744.243,-1715.35,479.6569,-577.5885,-0.7895651,-0.9817667,-0.1306113,0.1303256,-0.1293961,0.5164568,0.1313755,-6.100183E-05,-0.7679489,0.2227707,-0.3621253,-0.226076,24,24,24,24,24,24,24,24,24,24,24,24,24,24,24,24
999,9990,-1976.424,-1995.719,-1860.675,-1890.646,-1911.418,-1859.173,-1673.333,-543.1804,277.3369,492.8959,-207.0984,-1397.276,-2070.201,-1776.673,-1826.56,-1982.025,25,25,25,25,24,25,25,24,24,24,24,25,25,25,25,25,999,9990,-1745.72,-1726.272,484.6328,-590.1108,-0.2642832,0.8590342,0.3917859,-0.1304283,0.6471395,-1.028784,-0.3942067,-6.100183E-05,0.1279208,-0.5567766,-0.3621253,0.7911456,24,24,24,24,24,24,24,24,24,24,24,24,24,24,24,24
