0,0,-18.27998,-18.985,-18.34588,-1.340432,-18.94861,-21.72426,-18.63453,-8.027232,1.239804,3.569039,-2.138905,-14.24747,-21.80059,-19.81987,-18.01411,-19.53571,24,24,24,24,24,24,24,24,24,24,24,24,24,24,24,24,0,0,-18.54874,-19.88648,4.583164,-6.593141,-0.1329728,0.2454039,-0.3917843,-1.434182,0.2588564,0.1287468,-0.2628119,0.4040841,-0.8959066,-0.2227113,-0.1204469,-1.926374E-05,24,24,24,24,24,24,24,24,24,24,24,24,24,24,24,24
1,10,-17.67873,-19.58963,-19.20746,-1.827841,-19.43137,-21.84767,-18.76214,-7.149519,1.487535,3.938249,-1.901248,-14.6257,-22.27669,-19.58116,-18.96796,-18.9331,24,24,24,24,24,24,24,24,24,24,24,24,24,24,24,24,1,10,-19.08615,-19.62326,4.452216,-6.980973,-0.3956137,0.4908432,-0.1305857,-0.6519201,0.2588564,0.1287468,-0.3942067,0.4040841,-0.3839808,-0.1113476,-0.3613428,-0.113046,24,24,24,24,24,24,24,24,24,24,24,24,24,24,24,24
2,20,-18.03948,-18.25946,-18.9613,-0.9748743,-18.70722,-20.24331,-18.63453,-6.021032,1.735268,5.168951,-2.020077,-15.25607,-22.63377,-19.58116,-18.49103,-18.57153,24,24,24,24,24,24,24,24,24,24,24,24,24,24,24,24,2,20,-19.08615,-18.70199,4.452216,-7.239527,0.5236301,-3.531685E-05,-0.783583,0.3910988,0.5177017,0,-2.247436E-05,-0.2694515,-0.5119627,-0.4454386,-0.3613428,0.4520782,24,24,24,24,24,24,24,24,24,24,24,24,24,24,24,24
3,30,-18.52048,-18.86408,-18.9613,-1.096727,-18.82791,-20.98378,-18.63453,-7.525682,1.735268,3.815179,-1.544762,-15.00392,-22.39572,-20.77471,-19.08719,-17.96892,24,24,24,24,24,24,24,24,24,24,24,24,24,24,24,24,3,30,-17.47392,-17.3859,4.05937,-6.722418,-0.2642928,-0.2454778,0.52241,0.5214757,-0.258834,0.1287468,-0.7883941,0.4040841,0.1279449,0.1113813,-0.240895,-0.7911938,24,24,24,24,24,24,24,24,24,24,24,24,24,24,24,24
4,40,-18.88122,-18.5013,-18.34588,-0.9748751,-18.10376,-19.74965,-17.48599,-6.14642,2.973927,4.922811,-1.663591,-13.1128,-20.96742,-18.14891,-18.25257,-19.53571,24,24,24,24,24,24,24,24,24,24,24,24,24,24,24,24,4,40,-17.47392,-18.57039,4.845048,-8.015189,-0.5269346,0.2454039,0.130613,-3.210623E-05,0.3882783,-0.901223,-2.247436E-05,-3.692216E-05,-0.2560006,0.1113813,8.026557E-07,-0.113046,24,24,24,24,24,24,24,24,24,24,24,24,24,24,24,24
5,50,-18.64073,-18.25946,-19.33055,-1.462285,-19.31067,-20.49013,-18.63453,-7.024131,1.363669,5.045881,-2.376562,-13.1128,-21.44352,-18.14891,-17.77565,-17.60735,24,24,24,24,24,24,24,24,24,24,24,24,24,24,24,24,5,50,-18.28003,-18.57039,3.011795,-7.239525,0.2609891,-3.531685E-05,0.6530101,-3.210623E-05,-0.3882574,-0.5149847,0.2627702,-0.5388645,-0.1280188,-0.2227113,-0.240895,0.9041788,24,24,24,24,24,24,24,24,24,24,24,24,24,24,24,24
6,60,-17.07748,-17.77576,-17.60739,-1.705989,-17.3796,-20.24331,-16.84792,-7.149519,1.363669,3.938249,-2.614219,-14.6257,-22.15767,-19.58116,-16.94103,-17.60735,24,24,24,24,24,24,24,24,24,24,24,24,24,24,24,24,6,60,-18.68309,-19.49165,4.05937,-7.756634,0.2609891,-3.531685E-05,0.52241,-1.173428,-0.1294122,0.1287468,0.1313755,0.4040841,-0.1280188,0.1113813,0.3613443,-0.4521199,24,24,24,24,24,24,24,24,24,24,24,24,24,24,24,24
7,70,-17.91923,-18.5013,-18.59205,-0.7311704,-18.46583,-19.99648,-18.12407,-6.14642,1.363669,5.538162,-2.138905,-13.99532,-21.80059,-18.62633,-17.77565,-17.96892,24,24,24,24,24,24,24,24,24,24,24,24,24,24,24,24,7,70,-20.02662,-18.57039,4.845048,-7.110248,0.39231,-0.6136367,-1.044782,0.1303449,0.3882783,-0.3862379,0.3941649,-0.404158,-0.3839808,1.605311E-05,8.026557E-07,-0.113046,24,24,24,24,24,24,24,24,24,24,24,24,24,24,24,24
8,80,-18.64073,-17.29206,-18.46897,-0.4874656,-18.34514,-19.99648,-17.10315,-7.149518,1.859134,4.676671,-2.020077,-14.49962,-21.08644,-19.46181,-18.13334,-17.84839,24,24,24,24,24,24,24,24,24,24,24,24,24,24,24,24,8,80,-19.08615,-18.30717,3.928422,-6.851694,-0.3956137,-1.104518,1.284249E-05,0.6519041,-0.5176808,0.1287468,-0.7883941,-3.692216E-05,0.6398707,0.3341087,-0.8431344,-1.243294,24,24,24,24,24,24,24,24,24,24,24,24,24,24,24,24
9,90,-18.27998,-19.22685,-18.71513,-2.193399,-18.70722,-21.1072,-18.50691,-6.773355,2.106917,4.30746,-1.425934,-13.23887,-20.84839,-19.46181,-18.7295,-19.29467,24,24,24,24,24,24,24,24,24,24,24,24,24,24,24,24,9,90,-17.87698,-18.57039,5.237887,-8.015189,-0.2642928,0.613566,0.130613,-0.1303577,0.5177017,-0.7724766,-0.1314172,0.5387906,-0.3839808,-0.5568023,0.2408966,-1.926374E-05,24,24,24,24,24,24,24,24,24,24,24,24,24,24,24,24
10,100,-18.76097,-17.53391,-19.08438,-1.462285,-19.43137,-20.36672,-18.76214,-7.776456,1.36372,5.168951,-1.901248,-13.36495,-21.20547,-18.26826,-17.77565,-18.08944,24,24,24,24,24,24,24,24,24,24,24,24,24,24,24,24,10,100,-19.08615,-18.04395,3.273692,-7.239525,0.129669,-3.531685E-05,-0.5223843,-0.3911116,-1.423638,0.2574928,0.1313755,-0.9429856,1.023815,-0.1113476,8.026557E-07,0.5651049,24,24,24,24,24,24,24,24,24,24,24,24,24,24,24,24
11,110,-18.03948,-18.01761,-17.97664,-1.21858,-17.98307,-20.11989,-17.48599,-7.776456,2.354648,3.445969,-2.970757,-15.13,-22.27669,-20.65536,-19.20642,-17.84839,24,24,24,24,24,24,24,24,24,24,24,24,24,24,24,24,11,110,-17.33957,-18.70199,4.845048,-7.110248,-0.3956137,0.4908432,1.284249E-05,-1.043,0.2588564,0.1287468,-0.9197856,1.077618,-0.7679248,-0.3340749,-0.3613428,-0.113046,24,24,24,24,24,24,24,24,24,24,24,24,24,24,24,24
12,120,-18.76097,-18.5013,-18.71513,-1.096727,-18.22445,-20.86037,-18.12407,-6.773355,2.354648,4.676671,-1.663644,-13.49102,-21.91962,-19.58116,-18.25257,-19.29467,24,24,24,24,24,24,24,24,24,24,24,24,24,24,24,24,12,120,-19.2205,-18.43878,4.05937,-7.368802,0.129669,-0.1227549,-0.2611858,-0.6518688,0.1294331,0.1287468,0.3941714,-0.6735726,-3.692216E-05,-0.2227113,0.2408966,0.5651049,24,24,24,24,24,24,24,24,24,24,24,24,24,24,24,24
13,130,-18.88122,-18.62223,-19.45363,-2.071547,-19.43137,-20.24331,-18.63453,-7.02413,2.478514,5.045881,-1.901301,-13.86924,-22.63377,-19.46181,-18.7295,-18.08944,24,24,24,24,24,24,24,24,24,24,24,24,24,24,24,24,13,130,-17.47392,-17.91234,4.190319,-6.722416,-0.5269346,-1.227238,0.3918115,0.1303962,-0.5176808,0.7724774,-0.5255982,0.1346696,0.3839054,0.5568359,-0.9635825,-0.7911938,24,24,24,24,24,24,24,24,24,24,24,24,24,24,24,24
14,140,-18.76097,-20.31517,-19.20746,-1.584137,-19.79344,-23.08181,-18.88976,-8.027232,1.487586,3.445969,-2.614272,-15.50822,-24.06207,-21.72955,-19.80257,-19.17414,24,24,24,24,24,24,24,24,24,24,24,24,24,24,24,24,14,140,-17.60827,-18.43878,4.32126,-8.402856,-0.001651865,0.1226843,0.7836087,-0.1303577,0.2588564,0.1287468,0.2627766,-3.692216E-05,-0.3839841,0.1113813,0.3613443,-0.113046,24,24,24,24,24,24,24,24,24,24,24,24,24,24,24,24
15,150,-19.48247,-19.83147,-19.57671,-0.6093184,-20.03482,-21.97109,-19.2726,-7.149518,1.487586,5.292021,-2.851929,-14.87785,-23.34792,-19.93923,-20.04103,-20.62042,24,24,24,24,24,24,24,24,24,24,24,24,24,24,24,24,15,150,-17.74262,-16.99107,3.928422,-7.627357,0.2609891,0.4908432,-0.3917843,0.2607732,-0.5176808,-0.7724766,-0.2628087,-3.692216E-05,-0.2560022,-0.5568023,0.1204489,0.5651049,24,24,24,24,24,24,24,24,24,24,24,24,24,24,24,24
16,160,-19.60272,-20.19425,-19.57671,-1.462285,-19.43137,-22.0945,-19.14499,-6.146419,1.611452,4.79974,-2.376615,-15.00392,-23.705,-21.49084,-20.2795,-19.65623,24,24,24,24,24,24,24,24,24,24,24,24,24,24,24,24,16,160,-17.07086,-18.43878,4.190319,-7.368802,0.129669,0.7362857,0.6530101,-1.434131,0.1294331,0.1287468,0.1313787,0.2693761,0.6398675,-0.5568023,-0.8431344,3.852747E-05,24,24,24,24,24,24,24,24,24,24,24,24,24,24,24,24
17,170,-19.96347,-20.91979,-20.93062,-2.802661,-20.87967,-23.45205,-19.14499,-8.403395,1.487586,4.184389,-1.663644,-14.1214,-21.44352,-19.93923,-18.96796,-21.22303,24,24,24,24,24,24,24,24,24,24,24,24,24,24,24,24,17,170,-18.28003,-17.78073,4.845048,-6.334584,-0.001651865,0.3681236,-0.3917843,-0.3911116,0.3882783,0.1287468,-0.2628087,0.2693761,-1.023892,0.222745,0.1204489,0.9042366,24,24,24,24,24,24,24,24,24,24,24,24,24,24,24,24
18,180,-18.40023,-18.985,-19.08438,-0.9748751,-19.79344,-20.36672,-18.88976,-6.397194,0.8682567,4.676671,-3.208415,-15.76037,-23.94304,-20.77471,-18.49103,-19.29467,24,24,24,24,24,24,24,24,24,24,24,24,24,24,24,24,18,180,-17.47392,-17.12268,4.845048,-7.885911,0.5236301,-1.472677,0.130613,0.3911502,1.123718E-05,0.5149855,0.1313787,-3.692216E-05,0.2559235,0.3341087,-0.6022382,-0.9041627,24,24,24,24,24,24,24,24,24,24,24,24,24,24,24,24
19,190,-19.24197,-19.4687,-19.45363,-1.21858,-19.79344,-23.20522,-19.14499,-7.651069,2.230783,3.692109,-2.257786,-14.6257,-22.7528,-21.13277,-19.80257,-18.45101,24,24,24,24,24,24,24,24,24,24,24,24,24,24,24,24,19,190,-17.60827,-18.8336,4.452216,-7.756634,-0.7895756,0.2454039,0.6530101,1.926374E-05,0.3882783,-0.901223,0.1313787,0.4040841,0.5118856,-0.2227113,-0.3613428,0.1130621,24,24,24,24,24,24,24,24,24,24,24,24,24,24,24,24
20,200,-19.00147,-18.5013,-18.71513,-1.340483,-18.22445,-20.98379,-17.48599,-7.274906,1.859184,4.676671,-1.544815,-13.99532,-22.03864,-19.58117,-19.20642,-19.53571,24,24,24,24,24,24,24,24,24,24,24,24,24,24,24,24,20,200,-18.28003,-17.91234,3.14275,-7.756635,0.654951,0.8590053,0.130613,-0.2607347,0.1294331,-0.5149847,0.7883587,0.5387906,-4.013279E-05,0.222745,-0.3613428,0.1130621,24,24,24,24,24,24,24,24,24,24,24,24,24,24,24,24
21,210,-19.00147,-18.74315,-19.45363,-1.949745,-19.55206,-21.23061,-18.76214,-6.522582,1.98305,4.676671,-2.138958,-13.36494,-22.03864,-18.38762,-18.01411,-18.45101,24,24,24,24,24,24,24,24,24,24,24,24,24,24,24,24,21,210,-18.14568,-18.04395,3.535589,-7.49808,-0.1329728,0.1226843,0.2612115,-0.6518688,0.1294331,0.5149855,0.3941714,-0.6735726,0.1279417,0.222745,-0.1204469,3.852747E-05,24,24,24,24,24,24,24,24,24,24,24,24,24,24,24,24
22,220,-17.79898,-18.38038,-17.48431,-1.340483,-18.22445,-20.73696,-17.48599,-6.647969,1.735318,4.79974,-2.495443,-14.37355,-22.15767,-18.50697,-17.77565,-18.69205,24,24,24,24,24,24,24,24,24,24,24,24,24,24,24,24,22,220,-18.54874,-19.62326,4.583164,-6.851695,-0.3956137,0.4908432,-0.783583,-0.7822458,0.5177017,0.7724774,-0.3942035,0.2693761,-0.5119659,0.1113813,-0.1204469,0.3391124,24,24,24,24,24,24,24,24,24,24,24,24,24,24,24,24
23,230,-17.19773,-17.89668,-18.34588,-0.9749256,-18.82791,-19.99648,-18.25168,-6.397194,1.36372,5.045881,-2.614272,-13.99532,-22.87182,-19.81987,-18.61027,-17.48683,24,24,24,24,24,24,24,24,24,24,24,24,24,24,24,24,23,230,-19.2205,-18.30717,4.976003,-8.144467,0.5236301,-0.7363563,-0.1305343,0.2607732,1.123718E-05,0.1287468,0.5255661,-0.5388645,0.1279417,0.222745,-0.6022382,0.3391124,24,24,24,24,24,24,24,24,24,24,24,24,24,24,24,24
24,240,-18.64072,-17.65483,-18.2228,-0.7312209,-17.86238,-19.87307,-18.25168,-6.397193,1.98305,4.184389,-2.020129,-14.37355,-21.20547,-19.70052,-18.25257,-18.69205,24,24,24,24,24,24,24,24,24,24,24,24,24,24,24,24,24,240,-18.68309,-18.8336,4.452216,-7.110249,-0.9208965,-0.9817988,0.1306643,0.3911502,-0.5176808,-0.2574919,-1.05118,-3.692216E-05,0.3839054,-0.2227113,-1.204478,-0.3390386,24,24,24,24,24,24,24,24,24,24,24,24,24,24,24,24
25,250,-19.00147,-19.34778,-18.9613,-1.949745,-19.31067,-20.98379,-17.99645,-7.274907,1.859133,4.184389,-1.663644,-13.74317,-21.56255,-19.81987,-18.61027,-19.05362,24,24,24,24,24,24,24,24,24,24,24,24,24,24,24,24,25,250,-19.35486,-20.01809,4.583164,-7.49808,-0.1329728,0.3681236,-0.1305343,-0.7822458,-0.1294122,-0.3862379,0.1313787,0.5387906,-4.013279E-05,0.6681996,0.3613448,0.2260856,24,24,24,24,24,24,24,24,24,24,24,24,24,24,24,24
26,260,-19.24197,-18.62223,-19.33055,-1.096778,-20.27621,-21.47744,-19.52783,-7.776457,1.982999,4.06132,-2.020129,-14.49962,-22.2767,-19.58117,-19.20642,-18.33048,24,24,24,24,24,24,24,24,24,24,24,24,24,24,24,24,26,260,-20.69839,-19.75487,3.404641,-8.402856,0.39231,0.7362857,-0.1305343,0.2607732,-0.9059478,0.1287468,0.6569608,0.2693761,-0.1280204,1.605311E-05,0.4817924,0.2260856,24,24,24,24,24,24,24,24,24,24,24,24,24,24,24,24
27,270,-18.88122,-19.10593,-18.09972,-1.70604,-18.22445,-20.98379,-17.99645,-7.525682,1.859133,3.938249,-2.7331,-14.87785,-22.63377,-20.65536,-18.84873,-18.9331,24,24,24,24,24,24,24,24,24,24,24,24,24,24,24,24,27,270,-19.2205,-20.41292,3.535589,-6.851695,0.5236301,0.2454039,0.2612628,-0.7822458,0.6471235,0.1287468,-2.247436E-05,0.1346696,0.3839054,-0.4454386,-0.8431344,-0.4520621,24,24,24,24,24,24,24,24,24,24,24,24,24,24,24,24
28,280,-18.88122,-19.34778,-19.69979,-1.218631,-19.18998,-21.72426,-18.25168,-7.65107,2.106865,5.045881,-2.7331,-13.49102,-22.63377,-18.62633,-18.61027,-19.29467,24,24,24,24,24,24,24,24,24,24,24,24,24,24,24,24,28,280,-20.02662,-20.01809,4.583164,-6.980972,-0.2642928,-3.531685E-05,6.421245E-05,-0.2607347,1.123718E-05,-0.128746,-0.1314172,-0.2694531,-1.535816,0.222745,0.4817924,-0.3390386,24,24,24,24,24,24,24,24,24,24,24,24,24,24,24,24
29,290,-18.76097,-19.10593,-18.46897,-1.340483,-18.22445,-19.37942,-18.25168,-6.397193,1.859133,5.415092,-2.257786,-14.1214,-21.56254,-19.58117,-18.01411,-19.05362,24,24,24,24,24,24,24,24,24,24,24,24,24,24,24,24,29,290,-19.2205,-18.57039,4.452216,-7.110249,0.39231,-0.3681974,-0.1305343,1.926374E-05,0.3882783,0.6437315,-0.1314172,-0.6735742,0.2559204,0.3341087,-0.6022382,-0.4520621,24,24,24,24,24,24,24,24,24,24,24,24,24,24,24,24
30,300,-18.27998,-18.985,-18.71513,-2.071597,-19.06929,-21.35402,-19.01737,-7.65107,1.859133,4.5536,-2.138958,-13.61709,-21.32449,-19.2231,-17.53719,-19.17414,24,24,24,24,24,24,24,24,24,24,24,24,24,24,24,24,30,300,-18.28003,-18.8336,4.059377,-6.851695,-0.2642928,-0.4909171,0.1306643,0.1303962,0.5177017,-0.7724766,-0.7883941,-0.2694531,0.3839022,-0.4453872,-0.1204469,-0.1129882,24,24,24,24,24,24,24,24,24,24,24,24,24,24,24,24
31,310,-18.03948,-18.25946,-18.59205,-1.340483,-18.34514,-19.37942,-17.86884,-5.895644,0.9920712,4.67667,-2.614272,-14.37355,-22.39572,-18.98439,-17.77565,-18.20996,24,24,24,24,24,24,24,24,24,24,24,24,24,24,24,24,31,310,-18.68309,-18.43878,3.928428,-8.661049,-0.001651865,0.4908432,-0.9141301,0.1303962,-0.6471026,-0.2574919,-0.1314172,0.404081,-0.1280236,6.742308E-05,0.1204489,0.3391124,24,24,24,24,24,24,24,24,24,24,24,24,24,24,24,24
32,320,-18.03948,-17.65483,-17.85356,-1.218631,-17.5003,-19.50283,-17.35838,-5.770257,2.354597,4.06132,-1.544815,-14.1214,-20.96742,-19.93923,-18.3718,-17.48683,24,24,24,24,24,24,24,24,24,24,24,24,24,24,24,24,32,320,-17.87698,-18.43878,3.273699,-7.368804,0.2609891,-0.1227549,0.6530615,-0.7822458,0.7765469,0.6437315,0.6569576,-0.2694531,-4.173809E-05,-1.002205,0.1204489,0.3391124,24,24,24,24,24,24,24,24,24,24,24,24,24,24,24,24
33,330,-17.91923,-17.77576,-17.97664,-1.827893,-17.01753,-19.74965,-17.74122,-6.898744,2.230731,4.79974,-2.376615,-13.49102,-21.32449,-17.9102,-18.25257,-18.9331,24,24,24,24,24,24,24,24,24,24,24,24,24,24,24,24,33,330,-18.68309,-18.96521,4.059377,-7.110249,-0.3956137,0.613566,-0.9141301,-1.173377,0.3882783,0.1287468,-0.3942067,0.2693745,-1.279857,6.742308E-05,0.7226883,0.3391124,24,24,24,24,24,24,24,24,24,24,24,24,24,24,24,24
34,340,-18.27998,-18.13853,-18.59205,-1.584188,-18.34514,-19.87307,-18.25168,-6.898744,1.982999,5.045881,-2.020129,-13.86924,-21.32449,-18.02955,-17.65642,-17.3663,24,24,24,24,24,24,24,24,24,24,24,24,24,24,24,24,34,340,-18.68309,-17.91234,4.059377,-7.49808,0.7862719,-0.9817988,-0.1305343,0.1303962,-0.5176808,0,0.3941649,-0.4041612,-0.3839857,-0.4453872,-0.7226863,-0.6781124,24,24,24,24,24,24,24,24,24,24,24,24,24,24,24,24
35,350,-17.67873,-17.65483,-17.60739,-1.340483,-17.3796,-19.50283,-17.74122,-6.898744,1.735267,3.445969,-2.614272,-14.6257,-21.56254,-18.74568,-17.1795,-18.33048,24,24,24,24,24,24,24,24,24,24,24,24,24,24,24,24,35,350,-17.60827,-17.78073,4.321267,-6.722417,-0.7895756,-0.2454778,0.1306643,0.3911502,0.5177017,-0.2574919,-0.7883941,0.6734955,0.1279401,0.2227964,8.026557E-07,-0.791136,24,24,24,24,24,24,24,24,24,24,24,24,24,24,24,24
36,360,-16.47623,-17.41298,-17.23814,-1.096727,-17.62099,-19.50283,-17.74122,-6.14642,2.106865,5.292021,-2.376615,-12.86064,-21.56254,-18.26826,-17.53719,-17.48683,24,24,24,24,24,24,24,24,24,24,24,24,24,24,24,24,36,360,-18.28003,-18.70199,5.368842,-8.402856,0.129669,0.7362857,0.3918629,-0.7822458,1.123718E-05,-1.158715,0.5255629,0.134668,-0.5119675,6.742308E-05,0.2408966,-0.1129882,24,24,24,24,24,24,24,24,24,24,24,24,24,24,24,24
37,370,-17.91923,-17.29206,-17.11506,-1.340432,-17.37961,-19.00918,-17.48599,-6.522581,1.859133,4.43053,-2.020129,-13.36494,-20.13424,-18.86504,-17.65642,-17.72787,24,24,24,24,24,24,24,24,24,24,24,24,24,24,24,24,37,370,-18.9518,-18.17556,3.14275,-8.015189,-0.001651865,0.2454039,0.3918629,1.926374E-05,-0.776526,0.3862387,0.3941649,-0.1347466,0.7678461,-0.4453872,0.4817924,-0.2260118,24,24,24,24,24,24,24,24,24,24,24,24,24,24,24,24
38,380,-18.03948,-18.985,-18.22281,-2.193399,-18.58653,-19.74965,-17.61361,-6.522581,2.230731,4.5536,-2.020129,-14.1214,-21.08644,-18.62633,-18.01411,-18.57153,24,24,24,24,24,24,24,24,24,24,24,24,24,24,24,24,38,380,-18.81744,-18.96521,4.321267,-7.498079,0.2609891,0.2454039,-0.2611344,-1.173377,-0.258834,0.1287468,-0.2628119,0.134668,-0.2560054,0.2227964,-0.1204469,0.2260856,24,24,24,24,24,24,24,24,24,24,24,24,24,24,24,24
39,390,-18.03948,-18.01761,-18.9613,-0.6093184,-18.94861,-20.24331,-19.01737,-7.400294,1.859133,4.184389,-2.7331,-14.87785,-22.51474,-19.70052,-18.01411,-17.84839,24,24,24,24,24,24,24,24,24,24,24,24,24,24,24,24,39,390,-19.62356,-18.30717,4.452216,-8.015189,-0.001651865,-0.4909171,-0.6529829,0.6519041,1.035392,-0.6437306,0.3941649,-0.8082823,-4.173809E-05,0.4455237,-0.2408946,-0.3390386,24,24,24,24,24,24,24,24,24,24,24,24,24,24,24,24
40,400,-18.76097,-18.25946,-18.22281,-1.584137,-17.74168,-20.49013,-17.48599,-7.149518,1.859133,3.938249,-2.138958,-14.6257,-21.32449,-20.17794,-18.96796,-17.96892,24,24,24,24,24,24,24,24,24,24,24,24,24,24,24,24,40,400,-18.54874,-18.17556,4.059377,-6.98097,0.129669,-0.9817988,0.130613,0.782281,-0.258834,0.5149855,-0.7883941,-0.6735742,0.511884,6.742308E-05,-1.08403,-0.9041627,24,24,24,24,24,24,24,24,24,24,24,24,24,24,24,24
41,410,-18.88122,-18.5013,-18.46897,-1.340432,-18.10376,-20.49013,-18.25168,-6.773355,2.354597,4.922811,-2.020129,-13.74317,-22.03864,-18.38762,-18.96796,-18.81258,24,24,24,24,24,24,24,24,24,24,24,24,24,24,24,24,41,410,-18.54874,-18.30717,4.321267,-8.273744,-0.6582547,0.4908432,-0.2611858,-0.1303577,1.123718E-05,-0.2574919,0.1313755,0.404081,0.3839022,-0.2226599,0.4817924,-0.3390386,24,24,24,24,24,24,24,24,24,24,24,24,24,24,24,24
42,420,-19.12172,-18.5013,-18.9613,-1.340432,-19.31067,-20.86037,-18.50691,-6.146419,1.735267,5.169002,-2.495443,-13.74317,-21.80059,-18.86504,-17.41796,-18.45101,24,24,24,24,24,24,24,24,24,24,24,24,24,24,24,24,42,420,-18.41438,-18.17556,3.928428,-8.402856,-0.001651865,0.613566,-1.30598,0.5215271,-0.9059478,-0.128746,0.5255629,0.5387874,-4.173809E-05,-0.2226599,0.2408966,0.1130621,24,24,24,24,24,24,24,24,24,24,24,24,24,24,24,24
43,430,-18.40023,-18.985,-18.71513,-1.462285,-19.31067,-22.34133,-18.88976,-7.901844,1.735267,3.199879,-3.089586,-15.25607,-22.99084,-20.65536,-18.96796,-18.45101,24,24,24,24,24,24,24,24,24,24,24,24,24,24,24,24,43,430,-18.68309,-19.49165,3.273699,-7.498079,0.5236301,-0.2454778,1.284249E-05,-0.7822458,0.3882783,0.1287468,-0.2628087,0.5387874,-0.1280236,-0.7794782,-0.2408946,-0.1129882,24,24,24,24,24,24,24,24,24,24,24,24,24,24,24,24
44,440,-18.76097,-18.74315,-19.08438,-0.8530231,-19.43137,-21.60085,-18.76214,-7.02413,1.6114,4.553652,-3.5649,-14.49962,-23.70499,-19.93923,-19.32565,-19.89728,24,24,24,24,24,24,24,24,24,24,24,24,24,24,24,24,44,440,-18.81744,-19.62326,4.452216,-6.722416,-0.2642928,0.3681236,-0.3917843,-0.6518688,0.2588564,0.9012234,-0.1314108,0.4040841,-0.5119675,-0.2226599,0.1204489,0.2260856,24,24,24,24,24,24,24,24,24,24,24,24,24,24,24,24
45,450,-19.72297,-20.31517,-20.68445,-1.21858,-20.15552,-21.97109,-19.01737,-6.647969,1.859133,4.430582,-2.257786,-15.76037,-23.46694,-21.61019,-20.16026,-19.77676,24,24,24,24,24,24,24,24,24,24,24,24,24,24,24,24,45,450,-18.68309,-18.70199,4.714106,-7.627357,0.5236301,-0.6136367,-0.5223843,0.5215271,0.6471235,0.1287468,0.1313787,-0.9429856,-0.2560054,0.33416,-0.3613428,-0.3390386,24,24,24,24,24,24,24,24,24,24,24,24,24,24,24,24
46,460,-20.08372,-20.43609,-20.06904,-1.705989,-20.75897,-23.69887,-19.78306,-7.901844,1.487535,4.061371,-2.138958,-14.49962,-22.99084,-20.41665,-19.56411,-20.98199,24,24,24,24,24,24,24,24,24,24,24,24,24,24,24,24,46,460,-19.08615,-18.17556,3.666538,-6.722416,-0.2642928,-0.4909171,-0.1305857,0.2607732,-0.1294122,-0.3862379,-0.9197856,0.1346696,-4.173809E-05,-0.2226599,-0.8431344,-0.791136,24,24,24,24,24,24,24,24,24,24,24,24,24,24,24,24
47,470,-19.24197,-19.10593,-19.82288,-0.9748751,-19.67276,-21.10719,-19.52783,-6.647969,1.239803,5.045933,-3.089586,-15.25607,-23.58597,-20.05858,-18.61027,-19.41519,24,24,24,24,24,24,24,24,24,24,24,24,24,24,24,24,47,470,-18.01133,-18.70199,4.583164,-8.402856,-0.001651865,-3.531685E-05,0.2612115,0.2607732,0.1294331,-0.901223,-0.2628087,0.5387906,-0.2560054,0.33416,0.7226883,0.5651627,24,24,24,24,24,24,24,24,24,24,24,24,24,24,24,24
48,480,-18.76097,-18.74315,-18.9613,-1.340432,-18.46583,-22.0945,-18.63453,-7.776456,2.106865,4.061371,-2.138958,-15.13,-22.39572,-21.01342,-18.7295,-18.81258,24,24,24,24,24,24,24,24,24,24,24,24,24,24,24,24,48,480,-18.41438,-18.8336,3.535589,-8.144466,-0.001651865,0.4908432,0.2612115,-0.3911116,1.123718E-05,0.5149855,-0.1314108,0.4040841,0.2559204,-0.3340236,0.2408966,0.3391124,24,24,24,24,24,24,24,24,24,24,24,24,24,24,24,24
49,490,-18.64072,-18.62223,-17.85356,-1.462285,-18.58653,-20.24331,-18.12407,-5.770256,1.487535,5.292073,-3.208415,-13.99532,-22.51474,-18.74568,-18.61027,-19.17414,24,24,24,24,24,24,24,24,24,24,24,24,24,24,24,24,49,490,-17.87698,-19.88648,3.535589,-7.368802,0.129669,0.4908432,1.284249E-05,-0.7822458,0.1294331,0.5149855,-0.5255982,-0.2694515,-0.8959114,-0.3340236,-0.3613428,0.1130621,24,24,24,24,24,24,24,24,24,24,24,24,24,24,24,24
50,500,-19.12172,-18.985,-19.45363,-1.705989,-19.18998,-20.36672,-18.3793,-6.773355,2.106865,4.799792,-2.376615,-13.49102,-21.44352,-18.62633,-18.01411,-18.33048,24,24,24,24,24,24,24,24,24,24,24,24,24,24,24,24,50,500,-19.08615,-18.43878,4.321267,-7.627357,1.048913,-0.6136367,-0.3917843,-0.1303577,0.6471235,0,0.1313787,-0.404158,-0.1280236,0.2227964,-0.3613428,0.3391124,24,24,24,24,24,24,24,24,24,24,24,24,24,24,24,24
51,510,-17.79897,-18.86408,-17.85356,-1.827842,-17.74168,-20.61355,-18.25168,-7.525681,1.239803,3.56909,-2.851929,-14.1214,-22.15767,-19.46181,-18.3718,-18.9331,24,24,24,24,24,24,24,24,24,24,24,24,24,24,24,24,51,510,-18.68309,-18.30717,4.583164,-7.756634,0.129669,-1.227238,1.284249E-05,0.3911502,-1.035371,0.6437315,-0.2628087,-0.9429856,0.3839022,0.4455237,-1.445374,-0.791136,24,24,24,24,24,24,24,24,24,24,24,24,24,24,24,24
52,520,-18.52047,-17.77576,-18.83822,-0.7312209,-19.06929,-19.87307,-18.3793,-6.898743,1.363669,4.307511,-2.851929,-14.49962,-22.15767,-19.46181,-17.53719,-18.57153,24,24,24,24,24,24,24,24,24,24,24,24,24,24,24,24,52,520,-18.68309,-18.70199,4.845055,-7.627357,-0.2642928,0.2454039,-0.1305857,-0.3911116,0.6471235,-0.5149847,-0.1314108,0.2693761,-0.1280236,-0.3340236,8.026557E-07,-0.1129882,24,24,24,24,24,24,24,24,24,24,24,24,24,24,24,24
53,530,-17.79897,-17.89668,-18.59205,-1.218631,-17.62099,-20.11989,-18.25168,-7.274906,1.859133,3.56909,-2.495443,-14.6257,-21.56254,-20.29729,-18.7295,-18.20996,24,24,24,24,24,24,24,24,24,24,24,24,24,24,24,24,53,530,-18.41438,-18.30717,4.059377,-8.790146,0.39231,1.227167,-0.5223843,0.912658,-0.1294122,-0.5149847,-1.605311E-05,0.2693761,-0.5119675,0.1114327,-0.2408946,0.2260856,24,24,24,24,24,24,24,24,24,24,24,24,24,24,24,24
54,540,-19.84322,-18.62223,-18.71513,-2.071597,-18.70722,-20.61355,-18.12407,-6.146419,1.982999,4.184441,-1.901301,-14.49962,-21.32449,-18.62633,-18.25257,-19.65623,24,24,24,24,24,24,24,24,24,24,24,24,24,24,24,24,54,540,-18.54874,-18.96521,3.011802,-6.980972,0.2609891,-3.531685E-05,0.130613,-0.5214886,0.6471235,0,0.5255661,-0.2694515,-4.173809E-05,-0.5567509,8.026557E-07,-0.3390386,24,24,24,24,24,24,24,24,24,24,24,24,24,24,24,24
55,550,-18.64072,-18.13853,-19.45363,-1.70604,-20.03482,-20.61355,-18.88976,-7.400293,0.9920712,3.938301,-2.614272,-13.99532,-22.15767,-18.98439,-18.49103,-17.96892,24,24,24,24,24,24,24,24,24,24,24,24,24,24,24,24,55,550,-19.2205,-20.1497,3.797486,-7.885912,-0.1329728,0.1226843,-0.1305857,-0.7822458,-0.258834,0.1287468,-0.6569929,0.6734971,-0.8959114,-0.4453872,0.2408966,0.452136,24,24,24,24,24,24,24,24,24,24,24,24,24,24,24,24
56,560,-18.03947,-18.985,-17.73047,-1.949745,-17.62099,-20.98378,-17.61361,-7.274907,1.487535,3.199879,-3.446071,-15.38215,-22.27669,-20.65536,-17.65642,-18.57153,24,24,24,24,24,24,24,24,24,24,24,24,24,24,24,24,56,560,-20.02662,-18.70199,4.059377,-7.627357,0.9175919,-0.7363563,1.284249E-05,1.926374E-05,0.2588564,0.1287468,-0.1314108,-0.6735726,-4.173809E-05,0.1114327,-0.9635817,-0.6781124,24,24,24,24,24,24,24,24,24,24,24,24,24,24,24,24
57,570,-18.03947,-18.62223,-18.9613,-1.096778,-18.94861,-19.62624,-19.01737,-7.400294,1.239803,4.553652,-3.208415,-14.24747,-22.51474,-18.62633,-18.84873,-18.08944,24,24,24,24,24,24,24,24,24,24,24,24,24,24,24,24,57,570,-19.2205,-19.09682,3.928428,-6.980972,-0.6582547,0.1226843,-0.3917843,0.3911502,0.5177001,-0.2574919,-1.05118,-0.404158,0.3839022,-0.5567509,0.1204489,-0.6781124,24,24,24,24,24,24,24,24,24,24,24,24,24,24,24,24
58,580,-18.27997,-18.74315,-18.71513,-1.096778,-18.22445,-20.11989,-18.3793,-6.773356,1.859133,4.184389,-2.376615,-13.99532,-21.91962,-19.70052,-18.3718,-18.57153,24,24,24,24,24,24,24,24,24,24,24,24,24,24,24,24,58,580,-19.48921,-18.70199,4.583164,-8.531952,0.129669,0.1226843,-0.2611858,0.2607732,-0.388259,-1.416208,0.2627766,0.1346696,-0.6399493,-0.1112962,8.026557E-07,0.2260856,24,24,24,24,24,24,24,24,24,24,24,24,24,24,24,24
59,590,-18.64072,-19.10593,-18.83822,-1.584188,-18.58653,-20.73696,-18.88976,-7.400294,1.115937,4.06132,-2.020129,-13.99532,-21.68157,-19.34245,-18.61027,-19.17414,24,24,24,24,24,24,24,24,24,24,24,24,24,24,24,24,59,590,-19.62356,-18.43878,2.88086,-7.627357,0.5236301,-3.531685E-05,0.6530101,-0.2607347,-0.5176824,0.1287468,0.5255661,-3.692216E-05,-4.173809E-05,-0.2226599,-0.1204469,0.452136,24,24,24,24,24,24,24,24,24,24,24,24,24,24,24,24
60,600,-18.52047,-17.65483,-18.83822,-0.9749256,-19.06929,-19.99648,-18.88976,-7.65107,1.115937,3.322898,-3.208415,-15.00392,-22.03864,-18.62633,-18.01411,-17.72787,24,24,24,24,24,24,24,24,24,24,24,24,24,24,24,24,60,600,-18.54874,-19.49165,3.797486,-7.110249,-0.001651865,0.613566,-0.2611858,-0.5214886,9.631868E-06,0.1287468,-0.5255982,0.5387906,-1.151875,-0.3340236,0.1204489,0.1130621,24,24,24,24,24,24,24,24,24,24,24,24,24,24,24,24
61,610,-18.64072,-17.89668,-18.22281,-0.7312209,-18.22445,-20.36672,-18.50691,-7.525682,1.363669,3.692109,-2.495443,-14.6257,-22.75279,-20.89406,-19.32565,-17.84839,24,24,24,24,24,24,24,24,24,24,24,24,24,24,24,24,61,610,-19.62356,-19.09682,4.452216,-8.402856,0.129669,-0.7363563,-0.3917843,0.5215271,9.631868E-06,0.5149855,-0.2628087,-0.9429856,-0.2560022,6.742308E-05,-0.9635817,-0.3390386,24,24,24,24,24,24,24,24,24,24,24,24,24,24,24,24
62,620,-19.60272,-18.38038,-18.22281,-1.218631,-17.74168,-19.62624,-17.74122,-6.647968,1.239803,4.5536,-1.901301,-13.86925,-22.15767,-17.67149,-18.84873,-19.53571,24,24,24,24,24,24,24,24,24,24,24,24,24,24,24,24,62,620,-18.14568,-17.91234,4.190325,-6.722417,-0.2642928,-0.3681974,0.6530101,0.5215271,0.2588548,-0.128746,-1.182578,0.1346696,0.1279417,-0.2226599,-0.8431344,-0.9041627,24,24,24,24,24,24,24,24,24,24,24,24,24,24,24,24
63,630,-19.24197,-18.62223,-19.69979,-1.70604,-18.82791,-20.98378,-19.01737,-7.149519,1.487535,4.43053,-2.376615,-14.37355,-22.03864,-19.46181,-18.3718,-18.69205,24,24,24,24,24,24,24,24,24,24,24,24,24,24,24,24,63,630,-18.41438,-18.43878,4.583164,-8.144467,0.129669,-0.1227549,0.3918115,1.926374E-05,0.2588548,-0.7724766,-0.2628087,0.4040841,-0.1280204,-0.3340236,-0.3613428,0.1130621,24,24,24,24,24,24,24,24,24,24,24,24,24,24,24,24
64,640,-18.64072,-19.58963,-18.59205,-2.071597,-18.58653,-21.35402,-18.63453,-7.400294,1.363669,3.076758,-3.089586,-14.6257,-22.15767,-19.81987,-17.41796,-19.89728,24,24,24,24,24,24,24,24,24,24,24,24,24,24,24,24,64,640,-18.01133,-18.04395,3.273699,-7.627357,0.39231,-0.2454778,0.6530101,-0.1303577,-0.7765276,-0.2574919,-0.1314108,0.2693761,0.1279417,-0.1112962,-0.4817905,0.3391124,24,24,24,24,24,24,24,24,24,24,24,24,24,24,24,24
65,650,-18.03948,-19.10593,-18.46897,-0.609369,-19.06929,-20.61355,-18.76214,-7.024131,1.239803,4.79974,-2.851929,-14.87785,-22.75279,-19.70052,-19.44488,-19.05362,24,24,24,24,24,24,24,24,24,24,24,24,24,24,24,24,65,650,-18.9518,-19.62326,4.059377,-7.49808,0.129669,0.1226843,-0.1305857,-0.6518688,9.631868E-06,0.3862387,-0.1314108,0.4040841,-0.5119659,0.1114327,0.2408966,-0.2260118,24,24,24,24,24,24,24,24,24,24,24,24,24,24,24,24
66,660,-19.12172,-18.38038,-18.83822,-1.584188,-18.58653,-20.11989,-18.63453,-6.898744,1.487535,4.184389,-2.376615,-14.1214,-21.20547,-20.05858,-18.61027,-19.17414,24,24,24,24,24,24,24,24,24,24,24,24,24,24,24,24,66,660,-19.08615,-18.30717,3.535589,-8.273745,0.7862719,-0.3681974,-0.5223843,0.1303962,0.6471218,0,0.7883587,-0.2694515,-0.2560022,-0.2226599,-0.2408946,0.1130621,24,24,24,24,24,24,24,24,24,24,24,24,24,24,24,24
67,670,-19.36222,-19.22685,-18.46897,-2.437154,-18.70722,-20.86037,-18.12407,-7.65107,1.859133,4.5536,-2.614272,-14.24747,-21.08644,-18.74568,-18.61027,-18.69205,24,24,24,24,24,24,24,24,24,24,24,24,24,24,24,24,67,670,-18.28003,-18.17556,3.666538,-6.980972,-0.2642928,-0.9817988,-0.3917843,0.5215271,-0.6471042,0.5149855,-0.7883909,-0.2694515,0.5118856,0.2227964,-0.8431344,-0.6781124,24,24,24,24,24,24,24,24,24,24,24,24,24,24,24,24
68,680,-18.88122,-18.62223,-19.20746,-1.340432,-19.43137,-20.86037,-19.2726,-7.65107,1.363669,4.06132,-3.089586,-14.24747,-21.91962,-18.38762,-18.01411,-18.08944,24,24,24,24,24,24,24,24,24,24,24,24,24,24,24,24,68,680,-18.41439,-19.09682,4.845055,-8.402856,-0.5269346,0.2454039,0.9142088,1.926374E-05,0.5177001,-1.029969,-1.605311E-05,0.2693761,-4.013279E-05,-0.2226599,-0.2408946,3.852747E-05,24,24,24,24,24,24,24,24,24,24,24,24,24,24,24,24
69,690,-18.03948,-17.53391,-18.71513,-1.340432,-17.74168,-19.99648,-18.12407,-7.149519,1.859133,3.322898,-2.970757,-14.75177,-22.27669,-19.93923,-18.61027,-17.12526,24,24,24,24,24,24,24,24,24,24,24,24,24,24,24,24,69,690,-19.62356,-18.43878,4.452216,-7.885912,0.39231,0.4908432,-0.2611858,0.5215271,-0.1294138,0.1287468,0.2627766,-0.404158,0.5118856,-0.1112962,-0.3613428,0.2260856,24,24,24,24,24,24,24,24,24,24,24,24,24,24,24,24
70,700,-18.15973,-18.74315,-18.71513,-1.096727,-18.46583,-20.61354,-18.25168,-7.400294,1.6114,4.184389,-2.7331,-14.24747,-22.51474,-18.74568,-19.08719,-18.45101,24,24,24,24,24,24,24,24,24,24,24,24,24,24,24,24,70,700,-18.68309,-19.49165,3.928428,-7.49808,-0.001651865,-0.1227549,0.7836087,-0.7822458,-0.388259,-0.128746,0.1313787,-0.134745,-0.1280204,-0.8908418,-0.2408946,-0.9041627,24,24,24,24,24,24,24,24,24,24,24,24,24,24,24,24
71,710,-18.52048,-18.62223,-18.9613,-1.340432,-19.18998,-19.74965,-18.12407,-6.021032,1.859133,4.79974,-2.020129,-14.24747,-21.32449,-19.34245,-17.89488,-18.81258,24,24,24,24,24,24,24,24,24,24,24,24,24,24,24,24,71,710,-19.62356,-19.62326,4.714106,-8.273745,-0.1329728,0.3681236,-1.044782,-0.1303577,0.3882767,0.2574928,-0.2628087,0.4040841,-1.407834,0.33416,-0.2408946,0.2260856,24,24,24,24,24,24,24,24,24,24,24,24,24,24,24,24
72,720,-18.76097,-19.4687,-18.9613,-1.462284,-19.18998,-21.72426,-18.50691,-7.776457,1.859133,4.06132,-2.138958,-14.1214,-21.91962,-19.34245,-18.84873,-19.05362,24,24,24,24,24,24,24,24,24,24,24,24,24,24,24,24,72,720,-19.62356,-18.57039,3.928428,-8.144467,0.2609891,-0.9817988,0.130613,0.5215239,-0.1294138,0.2574928,-0.3942035,-0.2694515,0.2559235,6.742308E-05,-0.6022382,-0.2260118,24,24,24,24,24,24,24,24,24,24,24,24,24,24,24,24
73,730,-18.03948,-18.0176,-19.20746,0.2436493,-18.70722,-19.62624,-19.14499,-6.898744,0.8682054,3.815179,-3.802556,-15.13,-23.58597,-19.70052,-18.49103,-18.9331,24,24,24,24,24,24,24,24,24,24,24,24,24,24,24,24,73,730,-18.54874,-19.36004,3.666538,-7.756635,-0.3956137,-0.1227549,0.2612115,-0.2607379,0.7765453,-0.128746,-0.9197856,0.2693761,-0.1280204,-0.3340236,8.026557E-07,-0.1129882,24,24,24,24,24,24,24,24,24,24,24,24,24,24,24,24
74,740,-19.00147,-18.985,-19.82287,-0.8530223,-20.03482,-22.46474,-18.88976,-8.027232,1.363669,4.06132,-2.614272,-14.87785,-22.87182,-21.8489,-20.04103,-18.81258,24,24,24,24,24,24,24,24,24,24,24,24,24,24,24,24,74,740,-19.62356,-19.36004,3.928428,-8.531952,0.129669,0.3681236,0.2612115,0.391147,-0.1294138,-1.029969,-0.1314108,0.2693761,-0.8959098,0.668251,0.2408966,0.1130621,24,24,24,24,24,24,24,24,24,24,24,24,24,24,24,24
75,750,-19.48247,-19.22685,-18.59205,-1.340432,-18.82791,-21.84767,-18.3793,-7.65107,2.354597,4.184389,-2.614219,-14.6257,-22.27669,-19.58116,-19.44488,-20.13833,24,24,24,24,24,24,24,24,24,24,24,24,24,24,24,24,75,750,-18.81745,-19.36004,3.666538,-7.627357,1.048913,-0.1227549,0.52241,-0.6518688,-0.1294138,0.9012234,0.5255629,-0.404158,0.5118856,-0.4453872,-0.4817905,-0.2260118,24,24,24,24,24,24,24,24,24,24,24,24,24,24,24,24
76,760,-19.72297,-20.07332,-19.82287,-2.071546,-19.31067,-21.23061,-18.76214,-7.274907,0.9920712,4.30746,-2.970704,-14.87785,-23.22889,-19.93923,-19.20642,-18.69205,24,24,24,24,24,24,24,24,24,24,24,24,24,24,24,24,76,760,-20.83274,-20.54453,4.190325,-6.980972,-0.3956137,0.8590053,-0.5223843,0.130393,9.631868E-06,-0.128746,-0.2628119,-0.1347466,-1.151872,-0.1112962,8.026557E-07,0.3391124,24,24,24,24,24,24,24,24,24,24,24,24,24,24,24,24
77,770,-19.48247,-19.34777,-19.20746,-1.340432,-19.31067,-22.46474,-18.88976,-8.027232,1.363669,3.322898,-2.851876,-15.00392,-22.75279,-20.65536,-18.49103,-19.41519,24,24,24,24,24,24,24,24,24,24,24,24,24,24,24,24,77,770,-20.02662,-19.62326,3.535589,-7.885912,0.129669,-0.8590792,-0.6529829,0.9126548,-0.2588356,0.3862387,-0.7883941,-0.8082823,0.511884,0.668251,-0.8431344,-0.4520621,24,24,24,24,24,24,24,24,24,24,24,24,24,24,24,24
78,780,-18.27998,-19.22685,-19.08438,-1.096727,-18.70722,-20.86037,-18.76214,-6.898744,1.859134,4.79974,-3.089533,-14.75177,-22.99084,-20.29729,-18.96796,-19.29467,24,24,24,24,24,24,24,24,24,24,24,24,24,24,24,24,78,780,-18.68309,-18.8336,3.666538,-7.756635,-0.6582547,-0.7363563,1.284249E-05,0.130393,-0.2588356,0.5149855,-1.182582,-0.1347466,0.3839022,-0.2226599,-0.4817905,-1.243237,24,24,24,24,24,24,24,24,24,24,24,24,24,24,24,24
79,790,-18.88122,-18.86407,-19.08438,-1.096727,-19.06929,-20.49013,-18.76214,-7.400294,1.735267,4.79974,-2.138905,-14.75177,-21.91962,-19.93923,-18.84873,-19.77676,24,24,24,24,24,24,24,24,24,24,24,24,24,24,24,24,79,790,-19.48921,-19.49165,3.797486,-8.661049,0.129669,-0.1227549,1.284249E-05,-0.1303609,0.2588548,-0.901223,-2.247436E-05,0.5387874,-0.3839857,0.5568873,-0.2408946,0.2260856,24,24,24,24,24,24,24,24,24,24,24,24,24,24,24,24
80,800,-19.12172,-18.86407,-18.71513,-1.705989,-18.70722,-21.35402,-18.88976,-7.024131,2.354597,4.184389,-2.020077,-14.75177,-21.80059,-19.34245,-19.08719,-19.65623,24,24,24,24,24,24,24,24,24,24,24,24,24,24,24,24,80,800,-18.41439,-18.70199,2.88086,-7.885912,-0.001651865,0.2454039,1.284249E-05,-0.3911149,-1.035373,0,0.2627702,-0.5388677,0.3839022,-0.2226599,-0.3613428,0.2260856,24,24,24,24,24,24,24,24,24,24,24,24,24,24,24,24
81,810,-18.64073,-18.5013,-19.82287,-1.096727,-19.79344,-21.10719,-19.2726,-7.274907,0.6204729,3.322898,-3.208362,-14.87785,-21.91962,-20.05858,-18.7295,-17.96892,24,24,24,24,24,24,24,24,24,24,24,24,24,24,24,24,81,810,-18.54874,-19.09682,4.452216,-7.239526,0.129669,0.2454039,0.130613,-1.043003,0.6471218,0.7724774,-0.7883941,0.5387874,-1.023893,-0.5567509,-0.3613428,-0.4520621,24,24,24,24,24,24,24,24,24,24,24,24,24,24,24,24
82,820,-18.27998,-17.77575,-18.83821,-1.340432,-17.25892,-20.73696,-17.61361,-7.525682,2.478463,3.322898,-2.257733,-14.75177,-22.27669,-20.29729,-18.13334,-18.57153,24,24,24,24,24,24,24,24,24,24,24,24,24,24,24,24,82,820,-19.2205,-18.8336,4.714106,-8.015189,-0.3956137,0.1226843,-0.783583,-0.1303609,0.6471218,-0.5149847,-2.247436E-05,-4.013279E-05,-0.6399493,0.4455237,0.1204489,-0.2260118,24,24,24,24,24,24,24,24,24,24,24,24,24,24,24,24
83,830,-18.03948,-17.65483,-18.2228,-1.218579,-18.22445,-20.98378,-18.3793,-7.525682,1.735267,4.30746,-3.208362,-14.24747,-22.75279,-19.2231,-18.84873,-18.69205,24,24,24,24,24,24,24,24,24,24,24,24,24,24,24,24,83,830,-18.68309,-18.30717,3.404634,-7.239526,-0.3956137,-1.227238,-0.2611858,0.26077,-0.5176824,0.1287468,-0.5256046,-0.1347466,0.1279401,-0.1112962,-0.9635817,-0.4520621,24,24,24,24,24,24,24,24,24,24,24,24,24,24,24,24
84,840,-19.12172,-19.4687,-19.82287,-1.462335,-18.94861,-20.73696,-19.14499,-7.65107,1.859134,4.5536,-2.257733,-14.1214,-21.91962,-18.86503,-18.61027,-18.81258,24,24,24,24,24,24,24,24,24,24,24,24,24,24,24,24,84,840,-18.81744,-18.8336,4.714099,-8.144467,-0.6582547,-0.2454778,0.130613,-0.3911149,0.1294314,-0.6437306,-0.6569993,0.404081,0.511884,-0.4453872,-0.3613428,-0.5650889,24,24,24,24,24,24,24,24,24,24,24,24,24,24,24,24
85,850,-17.67873,-19.34777,-17.48431,-1.462335,-18.10376,-20.86037,-18.50691,-7.901845,1.239803,3.445969,-2.376562,-14.6257,-22.03864,-19.81987,-18.13334,-18.69205,24,24,24,24,24,24,24,24,24,24,24,24,24,24,24,24,85,850,-19.2205,-18.43878,2.880853,-8.144467,0.2609883,0.7362857,-0.1305857,1.043035,9.631868E-06,-0.6437306,0.5255629,0.404081,0.511884,0.33416,0.3613448,3.852747E-05,24,24,24,24,24,24,24,24,24,24,24,24,24,24,24,24
86,860,-17.91923,-18.25945,-18.09972,-0.609369,-19.06929,-19.87307,-19.01737,-7.149519,0.8682054,4.676671,-3.683675,-14.75177,-22.51474,-19.2231,-18.3718,-17.96892,24,24,24,24,24,24,24,24,24,24,24,24,24,24,24,24,86,860,-19.08615,-19.88648,3.79748,-8.015189,0.3923092,-0.4909171,0.130613,-1.17338,-0.1294138,-0.128746,-0.1314172,-4.013279E-05,0.6398659,-0.7794782,-0.8431344,-0.1129882,24,24,24,24,24,24,24,24,24,24,24,24,24,24,24,24
87,870,-18.64073,-18.13853,-18.83821,-0.0001067532,-18.34514,-20.36672,-17.74122,-6.898744,2.602329,4.184389,-2.138905,-15.25607,-21.80059,-19.93923,-18.96796,-18.20996,24,24,24,24,24,24,24,24,24,24,24,24,24,24,24,24,87,870,-19.62356,-19.49165,4.452209,-6.851695,0.1296674,0.2454039,-0.9141815,-0.2607379,0.6471218,0.6437315,0.2627702,0.6734955,-0.2560054,0.2227964,-0.1204469,0.7912098,24,24,24,24,24,24,24,24,24,24,24,24,24,24,24,24
88,880,-19.24197,-19.9524,-19.69979,-1.584188,-19.91413,-21.47743,-19.2726,-7.525682,1.487535,3.569039,-2.733047,-14.37355,-21.80059,-19.93923,-18.61027,-19.77676,24,24,24,24,24,24,24,24,24,24,24,24,24,24,24,24,88,880,-19.48921,-18.8336,4.714099,-7.368804,0.1296674,-1.349958,0.52241,0.5215271,-0.2588356,0,0.3941649,-1.077695,-0.3839857,0.1114327,-0.9635817,-0.4520621,24,24,24,24,24,24,24,24,24,24,24,24,24,24,24,24
89,890,-19.00147,-18.985,-18.71513,-0.2438115,-18.94861,-20.24331,-18.63453,-7.274907,0.9920712,4.676671,-3.446018,-15.38215,-22.99084,-19.46181,-18.61027,-18.33048,24,24,24,24,24,24,24,24,24,24,24,24,24,24,24,24,89,890,-18.68309,-18.57039,4.05937,-7.239526,-1.052217,-0.1227549,-0.783583,0.2607732,0.9059671,-0.3862379,-0.7883941,-0.1347466,0.3839022,6.742308E-05,-0.3613428,3.852747E-05,24,24,24,24,24,24,24,24,24,24,24,24,24,24,24,24
90,900,-18.52048,-18.86407,-18.59205,-0.4875162,-17.62099,-20.49013,-17.74122,-7.274907,1.363669,3.569038,-2.257733,-15.00392,-22.51474,-20.41665,-19.44488,-18.45101,24,24,24,24,24,24,24,24,24,24,24,24,24,24,24,24,90,900,-18.68309,-18.04395,3.666531,-8.402856,0.2609883,0.1226843,-0.5223843,0.6519041,0.2588548,-1.158715,0.2627702,0.5387874,-0.1280236,0.668251,-0.2408946,0.6781862,24,24,24,24,24,24,24,24,24,24,24,24,24,24,24,24
91,910,-18.15973,-18.74315,-18.34588,-0.609369,-18.10376,-20.36672,-17.99645,-7.274907,1.611401,4.5536,-2.970704,-14.6257,-22.75279,-19.70052,-19.20642,-18.69205,24,24,24,24,24,24,24,24,24,24,24,24,24,24,24,24,91,910,-17.87698,-18.04395,3.142744,-7.368804,-0.1329736,-0.1227549,0.130613,-0.5214886,-0.388259,0,0.5255629,0.2693745,0.1279401,-0.8908418,-0.8431344,0.452136,24,24,24,24,24,24,24,24,24,24,24,24,24,24,24,24
92,920,-19.84322,-19.71055,-20.3152,-0.9749256,-20.03482,-21.10719,-19.01737,-7.65107,1.363669,5.045881,-2.614219,-13.99532,-22.87182,-19.46181,-18.84873,-19.17414,24,24,24,24,24,24,24,24,24,24,24,24,24,24,24,24,92,920,-19.48921,-19.22843,4.845048,-7.49808,-0.1329736,0.3681236,-0.3917843,-0.2607347,-0.1294138,-0.2574919,0.1313755,0.5387906,-0.7679312,0.5568873,0.2408966,0.1130621,24,24,24,24,24,24,24,24,24,24,24,24,24,24,24,24
93,930,-18.40023,-19.10592,-18.59205,-1.462335,-19.06929,-21.60085,-19.2726,-7.901845,0.6204729,3.569038,-2.970704,-14.87785,-22.75279,-19.81987,-18.3718,-19.65623,24,24,24,24,24,24,24,24,24,24,24,24,24,24,24,24,93,930,-19.62356,-19.09682,4.32126,-8.919242,0.6549502,-0.9817988,-0.1305857,-0.5214886,0.5177001,0,-2.247436E-05,-0.9429856,0.2559235,0.2227964,-0.7226863,-0.1129882,24,24,24,24,24,24,24,24,24,24,24,24,24,24,24,24
94,940,-19.12172,-18.985,-18.9613,-0.4875162,-19.67276,-20.73696,-19.14499,-7.024131,0.8682054,3.938249,-3.089533,-15.38215,-22.99084,-20.05858,-19.56411,-19.05362,24,24,24,24,24,24,24,24,24,24,24,24,24,24,24,24,94,940,-19.35486,-19.09682,4.714099,-6.722417,-0.9208973,-0.4909171,1.284249E-05,0.5215271,-0.5176824,-0.5149847,-0.7883941,-3.692216E-05,0.1279417,-0.4453872,-0.7226863,-0.791136,24,24,24,24,24,24,24,24,24,24,24,24,24,24,24,24
95,950,-19.36222,-18.62223,-19.57671,-0.9749256,-19.06929,-21.97109,-18.63453,-7.65107,1.611401,3.815179,-2.614219,-15.6343,-22.15767,-20.77471,-19.20642,-18.81258,24,24,24,24,24,24,24,24,24,24,24,24,24,24,24,24,95,950,-19.48921,-19.36004,4.714099,-8.790146,0.3923092,0.1226843,-0.5223843,0.5215271,-0.1294138,-0.3862379,0.1313755,-0.404158,-4.013279E-05,0.33416,8.026557E-07,0.5651627,24,24,24,24,24,24,24,24,24,24,24,24,24,24,24,24
96,960,-19.72297,-19.9524,-19.20746,-1.096778,-19.06929,-21.35402,-18.3793,-7.024131,1.735267,4.184389,-2.733047,-14.49962,-22.27669,-20.29729,-19.08719,-19.65623,24,24,24,24,24,24,24,24,24,24,24,24,24,24,24,24,96,960,-19.89227,-20.67614,3.404634,-7.49808,0.2609883,-3.531685E-05,0.130613,-1.173377,-0.388259,-0.128746,-2.247436E-05,-0.2694515,-0.3839841,-1.002205,-0.2408946,3.852747E-05,24,24,24,24,24,24,24,24,24,24,24,24,24,24,24,24
97,970,-19.48247,-19.10592,-19.69979,-0.8530737,-20.39691,-22.0945,-19.14499,-7.901845,1.859133,3.938249,-2.614219,-15.00392,-23.22889,-20.05858,-19.08719,-18.9331,24,24,24,24,24,24,24,24,24,24,24,24,24,24,24,24,97,970,-19.2205,-20.01809,3.928422,-7.368804,-0.7895764,0.2454039,-0.5223843,0.1303962,-0.1294138,0.3862387,-0.3942067,0.1346696,-0.6399462,0.2227964,0.2408966,0.7912098,24,24,24,24,24,24,24,24,24,24,24,24,24,24,24,24
98,980,-19.12172,-19.34778,-19.20746,-0.9749256,-18.70722,-22.0945,-18.50691,-8.15262,1.363669,2.584477,-3.32719,-16.01252,-23.70499,-21.01342,-19.08719,-19.89728,24,24,24,24,24,24,24,24,24,24,24,24,24,24,24,24,98,980,-18.9518,-18.96521,4.845048,-8.402856,0.2609883,-1.472677,0.2612115,0.3911502,-0.2588356,0.1287468,-0.7883941,-0.8082791,0.7678493,0.4455237,-0.9635817,-0.791136,24,24,24,24,24,24,24,24,24,24,24,24,24,24,24,24
99,990,-19.00147,-19.22685,-18.71513,-0.7312209,-19.06929,-21.23061,-18.3793,-7.024131,1.611401,4.67667,-2.376562,-14.24747,-22.63377,-19.34245,-18.7295,-19.65623,24,24,24,24,24,24,24,24,24,24,24,24,24,24,24,24,99,990,-19.89227,-19.88648,5.106945,-7.885912,-1.183538,-3.531685E-05,0.6530101,0.6519041,0.6471218,-0.6437306,-0.2628119,0.4040841,-4.013279E-05,6.742308E-05,-0.2408946,0.2260856,24,24,24,24,24,24,24,24,24,24,24,24,24,24,24,24
100,1000,-18.88122,-19.34778,-19.57671,-0.7312209,-18.58653,-20.24331,-18.25168,-6.397193,1.363669,4.5536,-2.376562,-14.1214,-21.32449,-19.2231,-17.77565,-18.81258,24,24,24,24,24,24,24,24,24,24,24,24,24,24,24,24,100,1000,-20.42968,-18.04395,3.535589,-7.756635,0.1296674,0.2454039,-0.3917843,-0.1303577,-0.5176824,0.3862387,-0.2628119,-3.692216E-05,-0.5119659,0.33416,0.7226883,0.2260856,24,24,24,24,24,24,24,24,24,24,24,24,24,24,24,24
101,1010,-18.88122,-19.22685,-18.2228,-1.340483,-19.06929,-21.47743,-18.76214,-7.525682,0.8682054,3.938249,-2.138905,-14.37355,-21.44352,-19.58116,-18.7295,-18.69205,24,24,24,24,24,24,24,24,24,24,24,24,24,24,24,24,101,1010,-19.48921,-19.22843,3.273699,-7.756635,0.2609891,0.1226843,0.52241,-0.5214886,9.631868E-06,0.3862387,0.1313755,0.1346696,-4.013279E-05,-0.6681145,-0.6022382,-0.2260118,24,24,24,24,24,24,24,24,24,24,24,24,24,24,24,24
102,1020,-18.76097,-18.38038,-19.45362,-0.3656642,-19.79344,-20.36672,-19.01737,-7.149519,1.239803,4.67667,-2.970704,-15.88645,-22.27669,-18.74568,-18.25257,-17.96892,24,24,24,24,24,24,24,24,24,24,24,24,24,24,24,24,102,1020,-19.35486,-19.36004,4.714106,-7.885912,0.654951,0.3681236,-0.9141815,-0.1303577,0.3882767,0.7724774,-0.1314172,0.2693761,-0.767928,0.33416,8.026557E-07,0.7912098,24,24,24,24,24,24,24,24,24,24,24,24,24,24,24,24
103,1030,-18.40023,-18.5013,-19.20746,-0.4875162,-19.18998,-21.35402,-18.76214,-8.027232,1.487535,3.569038,-2.495391,-15.13,-22.51474,-20.65536,-19.9218,-18.08944,24,24,24,24,24,24,24,24,24,24,24,24,24,24,24,24,103,1030,-18.14568,-18.43878,3.797486,-8.402856,0.654951,-1.472677,0.3918629,0.1303962,-0.2588356,0.1287468,-1.051187,-0.8082791,-0.3839841,0.5568873,-1.08403,-0.6781124,24,24,24,24,24,24,24,24,24,24,24,24,24,24,24,24
104,1040,-18.76097,-19.10593,-18.71513,-1.218631,-18.10376,-19.99648,-17.86884,-7.400293,2.354597,4.5536,-3.089533,-13.99532,-22.75279,-19.46181,-19.20642,-19.89728,24,24,24,24,24,24,24,24,24,24,24,24,24,24,24,24,104,1040,-18.41439,-17.91234,4.452216,-7.239526,-0.2642928,-0.7363563,0.2612628,-3.210623E-05,0.1294314,0.2574928,-1.576769,-3.692216E-05,0.5118856,-0.2226599,-0.3613428,-0.791136,24,24,24,24,24,24,24,24,24,24,24,24,24,24,24,24
105,1050,-20.44447,-19.83147,-20.19212,-0.8530737,-20.63828,-21.60085,-20.03829,-7.400293,1.115937,4.30746,-2.733047,-14.6257,-22.75279,-19.93923,-18.84873,-18.9331,24,24,24,24,24,24,24,24,24,24,24,24,24,24,24,24,105,1050,-19.35486,-18.43878,3.273699,-8.661049,0.2609891,0.7362857,-0.1305343,0.3910988,0.1294331,-1.416208,-2.247436E-05,0.2693761,-0.5119659,0.1114327,-0.3613428,3.852747E-05,24,24,24,24,24,24,24,24,24,24,24,24,24,24,24,24
106,1060,-18.40023,-19.22685,-18.83821,-1.584188,-19.06929,-21.84768,-18.88976,-7.525681,0.9920712,3.44602,-2.851876,-15.00392,-22.51474,-20.17794,-18.3718,-19.77676,24,24,24,24,24,24,24,24,24,24,24,24,24,24,24,24,106,1060,-18.28003,-18.04395,3.666538,-7.368804,-0.1329728,0.1226843,0.7836601,-0.260786,-0.6471026,0.1287468,0.6569576,-0.2694515,1.023811,-0.4453872,0.1204489,-0.1129882,24,24,24,24,24,24,24,24,24,24,24,24,24,24,24,24
107,1070,-18.76097,-19.10593,-19.08438,-0.609369,-19.18998,-20.36672,-18.63453,-6.773356,1.363669,4.430582,-2.970757,-14.49962,-23.46694,-19.58116,-18.96796,-18.57153,24,24,24,24,24,24,24,24,24,24,24,24,24,24,24,24,107,1070,-18.68309,-19.36004,4.321267,-7.110249,-0.1329728,-0.1227549,-0.3917329,-0.7822971,-0.258834,0.6437315,-0.3942067,0.2693761,-1.151872,-0.1112962,8.026557E-07,0.3391124,24,24,24,24,24,24,24,24,24,24,24,24,24,24,24,24
108,1080,-18.15973,-18.985,-18.34588,0.243598,-18.58653,-19.99648,-18.25168,-7.02413,1.982999,3.56909,-2.7331,-15.00392,-21.56254,-19.34245,-18.25257,-19.05362,24,24,24,24,24,24,24,24,24,24,24,24,24,24,24,24,108,1080,-19.62356,-18.8336,4.583164,-7.49808,0.9175919,-0.6136367,-0.3917329,-0.1304091,0.2588564,0.1287468,0.7883524,-0.5388677,-4.013279E-05,0.33416,-0.4817905,-0.2260118,24,24,24,24,24,24,24,24,24,24,24,24,24,24,24,24
109,1090,-18.64073,-19.58963,-18.9613,-1.096778,-18.70722,-20.86037,-18.50691,-7.02413,1.611401,4.061371,-2.138958,-14.37355,-21.91962,-19.70052,-18.96796,-19.53571,24,24,24,24,24,24,24,24,24,24,24,24,24,24,24,24,109,1090,-19.2205,-18.8336,3.928428,-7.756635,-0.1329728,-0.7363563,0.2612628,0.5214757,-0.258834,0.5149855,-1.051187,-0.5388677,0.6398675,0.1114327,-0.6022382,-0.9041627,24,24,24,24,24,24,24,24,24,24,24,24,24,24,24,24
110,1100,-19.12172,-18.13853,-19.45362,-0.3656642,-19.31067,-20.24331,-19.40022,-7.776456,0.9920712,4.307511,-2.851929,-14.37355,-21.80059,-19.93923,-18.61027,-18.20996,24,24,24,24,24,24,24,24,24,24,24,24,24,24,24,24,110,1100,-18.9518,-19.09682,4.452216,-8.273745,-0.2642928,-0.4909171,6.421245E-05,-0.260786,0.3882783,-1.416208,-0.1314172,0.404081,-0.5119659,0.3341087,0.1204489,-0.2260118,24,24,24,24,24,24,24,24,24,24,24,24,24,24,24,24
111,1110,-18.27998,-17.89668,-18.46897,-0.1219595,-17.98307,-20.61355,-18.25168,-6.898744,1.982999,2.830669,-2.7331,-15.6343,-22.15767,-21.01342,-19.44488,-17.84839,24,24,24,24,24,24,24,24,24,24,24,24,24,24,24,24,111,1110,-19.08615,-19.22843,3.535589,-8.144467,0.5236301,0.2454039,0.2612628,-1.043051,-0.3882574,0.2574928,0.1313755,-4.013279E-05,0.3839054,-0.1113476,8.026557E-07,0.5651627,24,24,24,24,24,24,24,24,24,24,24,24,24,24,24,24
112,1120,-19.36222,-19.34778,-19.57671,-0.3656642,-19.06929,-21.72426,-18.3793,-7.525681,2.106865,4.430582,-1.901301,-14.24747,-22.27669,-19.81987,-19.32565,-20.13833,24,24,24,24,24,24,24,24,24,24,24,24,24,24,24,24,112,1120,-18.9518,-20.93936,4.714106,-7.368804,-0.001651865,0.3681236,0.2612628,-0.7822971,0.5177017,0.5149855,-2.247436E-05,0.134668,-0.1280204,-0.3340749,-0.4817905,-0.791136,24,24,24,24,24,24,24,24,24,24,24,24,24,24,24,24
113,1130,-20.08372,-19.4687,-20.19212,-1.218631,-19.91413,-21.72426,-19.52783,-7.776456,1.611401,4.307511,-2.970757,-14.6257,-22.75279,-20.17794,-19.68334,-18.9331,24,24,24,24,24,24,24,24,24,24,24,24,24,24,24,24,113,1130,-20.16097,-19.62326,4.452216,-7.885912,-0.001651865,-0.4909171,-0.9141301,0.1303449,0.3882783,-0.128746,1.18254,-1.212402,-0.6399462,0.1113813,-0.3613428,0.3391124,24,24,24,24,24,24,24,24,24,24,24,24,24,24,24,24
114,1140,-19.84322,-20.43279,-19.20746,-0.8530737,-20.15552,-23.08181,-19.52783,-8.278007,1.487535,3.32295,-2.851929,-15.13,-23.70499,-21.96826,-19.9218,-20.0178,24,24,24,24,24,24,24,24,24,24,24,24,24,24,24,24,114,1140,-19.89227,-19.62326,4.452216,-7.627357,-0.1329728,-0.9817988,-0.3917329,0.3910988,0.3882783,0.5149855,-0.9197921,0.404081,-4.013279E-05,0.3341087,-0.7226863,-1.130213,24,24,24,24,24,24,24,24,24,24,24,24,24,24,24,24
115,1150,-18.88122,-19.58646,-19.20746,-0.4875162,-19.91413,-21.47744,-19.14499,-6.898744,1.115937,4.922862,-3.446071,-14.37355,-23.22889,-19.70052,-19.44488,-20.25885,24,24,24,24,24,24,24,24,24,24,24,24,24,24,24,24,115,1150,-19.75792,-20.1497,4.321267,-8.790146,0.129669,-3.531685E-05,6.421245E-05,-0.52154,0.3882783,-1.287461,0.1313755,0.404081,-4.013279E-05,0.6681996,0.2408966,-0.2260118,24,24,24,24,24,24,24,24,24,24,24,24,24,24,24,24
116,1160,-19.96347,-19.82827,-20.06904,-0.9749256,-19.31067,-21.1072,-18.76214,-6.647968,1.859133,4.676722,-2.257786,-14.6257,-22.75279,-19.34245,-19.08719,-19.77676,24,24,24,24,24,24,24,24,24,24,24,24,24,24,24,24,116,1160,-20.02662,-19.09682,3.797486,-8.144467,0.654951,0.3681236,-1.305929,-3.210623E-05,-0.776526,-0.2574919,0.5255629,-4.013279E-05,0.1279417,-0.3340749,8.026557E-07,3.852747E-05,24,24,24,24,24,24,24,24,24,24,24,24,24,24,24,24
117,1170,-19.36222,-20.55369,-19.20746,-1.584188,-19.31067,-22.95839,-19.65545,-8.027231,1.363669,3.32295,-2.970757,-14.6257,-22.15767,-20.41665,-19.08719,-20.0178,24,24,24,24,24,24,24,24,24,24,24,24,24,24,24,24,117,1170,-18.68309,-20.1497,3.928428,-7.110249,0.2609891,-0.1227549,-0.1305343,-1.303805,0.5177017,0.3862387,-0.3942067,-4.013279E-05,0.1279417,-0.5568023,-0.6022382,-0.3390386,24,24,24,24,24,24,24,24,24,24,24,24,24,24,24,24
118,1180,-19.36222,-19.58646,-19.20746,-0.1219595,-19.31067,-20.61355,-19.78306,-6.647968,0.4966071,4.676722,-3.5649,-15.50822,-24.41914,-20.41665,-19.68334,-19.29467,24,24,24,24,24,24,24,24,24,24,24,24,24,24,24,24,118,1180,-20.83274,-19.09682,4.583164,-7.627357,0.39231,-0.3681974,-0.522333,0.1303449,0.1294331,-0.3862379,0.1313755,-0.1347466,-0.5119659,-0.1113476,-0.2408946,3.852747E-05,24,24,24,24,24,24,24,24,24,24,24,24,24,24,24,24
119,1190,-19.60272,-19.34466,-19.08438,-0.1219595,-20.15552,-21.35402,-19.91068,-7.525681,1.859133,4.553652,-2.851929,-14.75177,-22.75279,-20.89406,-19.56411,-20.25885,24,24,24,24,24,24,24,24,24,24,24,24,24,24,24,24,119,1190,-19.35486,-18.30717,4.059377,-8.015189,-0.9208965,-1.349958,0.2612628,0.1303449,-0.1294122,0.6437315,-0.1314172,-0.6735742,0.3839054,0.3341087,-0.7226863,-0.9041627,24,24,24,24,24,24,24,24,24,24,24,24,24,24,24,24
120,1200,-19.96347,-20.19098,-18.9613,-0.609369,-19.31067,-21.23061,-18.76214,-7.149519,2.106865,4.307511,-1.901301,-14.37355,-22.15767,-19.46181,-19.08719,-20.37937,24,24,24,24,24,24,24,24,24,24,24,24,24,24,24,24,120,1200,-18.81745,-19.09682,4.059377,-7.885912,-1.052217,0.1226843,0.1306643,0.1303449,0.6471235,-0.7724766,-0.5256046,-0.5388677,0.2559235,-0.7795296,-0.1204469,-0.4520621,24,24,24,24,24,24,24,24,24,24,24,24,24,24,24,24
121,1210,-19.24197,-18.49834,-19.94596,-0.2438115,-19.43137,-21.23061,-19.52783,-8.027232,1.115937,3.69216,-2.851929,-15.00392,-22.99084,-19.81987,-18.3718,-18.45101,24,24,24,24,24,24,24,24,24,24,24,24,24,24,24,24,121,1210,-19.62356,-18.43878,3.928428,-8.790146,0.39231,0.7362857,-0.9141301,-3.210623E-05,-0.2588324,-0.2574919,0.2627702,-4.013279E-05,0.1279417,1.605311E-05,8.026557E-07,-0.1129882,24,24,24,24,24,24,24,24,24,24,24,24,24,24,24,24
122,1220,-18.64073,-18.74014,-18.2228,0.243598,-18.34514,-20.61355,-17.86884,-7.525682,1.735267,3.692109,-2.138958,-14.6257,-22.03864,-19.70052,-18.01411,-18.57153,24,24,24,24,24,24,24,24,24,24,24,24,24,24,24,24,122,1220,-19.08615,-19.88648,3.928428,-7.368804,0.2609891,-3.531685E-05,0.5224614,-1.043051,0.2588581,0.3862387,0.1313755,0.2693745,-0.1280204,-0.4454386,-0.2408946,-0.2260118,24,24,24,24,24,24,24,24,24,24,24,24,24,24,24,24
123,1230,-18.03948,-17.89382,-17.97664,-0.2438115,-18.22445,-19.87307,-17.74122,-6.647968,1.487535,4.79974,-2.733047,-13.86925,-22.87182,-19.10375,-19.08719,-19.29467,24,24,24,24,24,24,24,24,24,24,24,24,24,24,24,24,123,1230,-20.16097,-20.1497,4.714106,-7.49808,-0.7895756,0.1226843,-0.7835316,-3.210623E-05,0.6471251,0.2574928,-2.247436E-05,0.404081,-1.023892,1.605311E-05,0.2408966,0.5651627,24,24,24,24,24,24,24,24,24,24,24,24,24,24,24,24
124,1240,-19.36222,-19.46556,-19.20746,-0.609369,-18.94861,-20.24331,-18.88976,-6.647968,1.982999,4.43053,-2.376562,-14.49962,-21.91962,-19.2231,-18.13334,-19.65623,24,24,24,24,24,24,24,24,24,24,24,24,24,24,24,24,124,1240,-20.29533,-19.75487,4.714106,-7.239526,0.2609891,-0.6136367,0.6530615,-0.1304091,-0.1294106,0.5149855,-0.1314172,-0.8082823,0.2559235,-0.2227113,-0.6022382,-0.9041627,24,24,24,24,24,24,24,24,24,24,24,24,24,24,24,24
125,1250,-18.27998,-19.82827,-18.9613,-1.340483,-18.82791,-21.47743,-19.40022,-7.525682,0.7443388,4.06132,-2.376562,-14.49962,-22.27669,-18.98439,-18.13334,-18.81258,24,24,24,24,24,24,24,24,24,24,24,24,24,24,24,24,125,1250,-19.35486,-19.36004,4.321267,-8.144467,-0.2642928,-0.2454778,0.1306643,-0.52154,0.6471251,0,-0.6569993,-0.4041612,0.5118856,-0.3340749,0.2408966,-0.2260118,24,24,24,24,24,24,24,24,24,24,24,24,24,24,24,24
126,1260,-18.03948,-18.13563,-18.46897,0.243598,-18.70722,-20.24331,-18.50691,-7.149519,1.115937,4.43053,-3.32719,-13.86925,-22.75279,-19.2231,-18.13334,-18.20996,24,24,24,24,24,24,24,24,24,24,24,24,24,24,24,24,126,1260,-19.62356,-19.09682,4.321267,-9.048338,-0.5269346,0.3681236,-0.3917329,0.5214757,-0.7765244,-0.7724766,0.1313755,0.6734955,-4.013279E-05,0.3341102,0.3613448,0.452136,24,24,24,24,24,24,24,24,24,24,24,24,24,24,24,24
127,1270,-18.76097,-18.74014,-18.83821,0.6091555,-18.46583,-20.11989,-17.99645,-7.400294,1.859133,3.692109,-2.495391,-15.25607,-22.03864,-20.41665,-19.20642,-18.45101,24,24,24,24,24,24,24,24,24,24,24,24,24,24,24,24,127,1270,-18.9518,-18.57039,3.14275,-7.49808,0.5236301,0.3681236,0.3918629,-0.7822971,-0.9059463,0.3862387,0.2627702,0.2693745,0.6398675,-0.2227081,0.1204489,0.1130621,24,24,24,24,24,24,24,24,24,24,24,24,24,24,24,24
128,1280,-19.60272,-19.58646,-19.69979,-0.609369,-19.18998,-22.0945,-18.50691,-6.773356,1.859133,3.815179,-2.614219,-14.75177,-22.03864,-19.81987,-19.08719,-19.89728,24,24,24,24,24,24,24,24,24,24,24,24,24,24,24,24,128,1280,-19.75792,-19.88648,4.321267,-7.885912,0.129669,0.7362857,-0.1305343,-1.303805,1.284249E-05,0.6437315,-2.247436E-05,0.6734955,-0.8959098,-0.6681627,-0.1204469,0.2260311,24,24,24,24,24,24,24,24,24,24,24,24,24,24,24,24
129,1290,-19.36222,-19.10285,-19.57671,-0.0001067532,-20.27621,-20.98378,-19.01737,-6.898744,1.115937,4.43053,-2.495391,-14.75177,-23.46694,-19.70052,-18.61027,-18.57153,24,24,24,24,24,24,24,24,24,24,24,24,24,24,24,24,129,1290,-19.35486,-18.96521,4.583164,-8.015189,0.654951,-1.227238,6.421245E-05,-0.1304091,0.6471251,0,-2.247436E-05,-0.9429888,-4.013279E-05,0.4454755,-0.7226863,-0.5651435,24,24,24,24,24,24,24,24,24,24,24,24,24,24,24,24
130,1300,-19.00147,-19.4687,-19.08438,-0.8530737,-19.55206,-22.0945,-19.14499,-8.403396,1.363669,3.692109,-2.614219,-15.38215,-22.87182,-21.01342,-19.32565,-18.69205,24,24,24,24,24,24,24,24,24,24,24,24,24,24,24,24,130,1300,-19.2205,-18.96521,4.059377,-7.627357,-0.1329728,-0.1227549,6.421245E-05,0.2607218,0.3882799,-0.2574919,-0.6569993,0.2693745,-4.013279E-05,-0.2227081,-0.4817909,-0.6781702,24,24,24,24,24,24,24,24,24,24,24,24,24,24,24,24
131,1310,-19.60272,-18.86408,-18.9613,-0.2438115,-18.70722,-21.10719,-18.12407,-7.400294,1.859133,4.67667,-3.446018,-15.50822,-23.94304,-20.17794,-20.51796,-19.53571,24,24,24,24,24,24,24,24,24,24,24,24,24,24,24,24,131,1310,-19.2205,-19.09682,4.845055,-8.661049,0.129669,-0.1227549,-0.2611344,0.2607218,0.2588581,-1.158715,0.2627702,0.5387874,0.2559235,1.926374E-05,0.1204489,0.1130043,24,24,24,24,24,24,24,24,24,24,24,24,24,24,24,24
132,1320,-20.44447,-20.67794,-20.80753,-0.1219595,-21.00036,-21.60085,-19.91068,-7.525682,1.611401,4.67667,-1.544762,-13.36495,-22.99084,-20.77471,-19.44488,-19.89728,24,24,24,24,24,24,24,24,24,24,24,24,24,24,24,24,132,1320,-19.62356,-18.17556,3.404641,-7.49808,0.2609891,-3.531685E-05,0.1306643,-0.1304091,-1.294215,-0.2574919,0.6569576,-0.1347466,0.7678493,-0.1113444,0.6022402,0.6781285,24,24,24,24,24,24,24,24,24,24,24,24,24,24,24,24
133,1330,-19.24197,-19.71055,-18.71513,-0.7312209,-18.94861,-21.47743,-19.14499,-7.65107,0.9920712,3.445969,-3.089533,-15.25607,-22.87182,-20.536,-19.08719,-20.62042,24,24,24,24,24,24,24,24,24,24,24,24,24,24,24,24,133,1330,-18.54874,-20.1497,3.928428,-8.273745,-0.1329728,0.7362857,-0.1305343,-0.9126741,1.284249E-05,0.3862387,-0.3942067,0.6734955,0.5118856,-0.1113444,-0.8431344,-1.926374E-05,24,24,24,24,24,24,24,24,24,24,24,24,24,24,24,24
134,1340,-20.08372,-19.83147,-20.19212,-0.4875162,-20.15552,-22.21791,-20.1659,-7.149519,1.115937,4.06132,-3.32719,-15.38215,-24.06207,-20.89406,-20.2795,-19.29467,24,24,24,24,24,24,24,24,24,24,24,24,24,24,24,24,134,1340,-19.48921,-18.30717,4.190325,-7.49808,0.39231,-0.1227036,-0.6529315,0.5214757,0.6471251,-0.3862379,-0.1314172,-0.1347466,0.5118856,0.4454755,0.2408966,-0.113046,24,24,24,24,24,24,24,24,24,24,24,24,24,24,24,24
135,1350,-19.48247,-18.5013,-19.08438,0.9747121,-19.43137,-21.10719,-18.50691,-7.024131,1.859133,3.815179,-2.733047,-14.6257,-22.27669,-20.05858,-19.80257,-19.65623,24,24,24,24,24,24,24,24,24,24,24,24,24,24,24,24,135,1350,-18.68309,-19.09682,4.714106,-7.368804,0.39231,-1.227187,0.6530615,0.2607218,-0.1294106,0.6437315,-0.6569993,-0.2694531,-4.013279E-05,-0.2227081,-1.204478,-0.5651435,24,24,24,24,24,24,24,24,24,24,24,24,24,24,24,24
136,1360,-20.20397,-19.83147,-19.33054,-0.3656642,-19.06929,-20.98378,-19.14499,-7.02413,1.735267,4.67667,-2.495391,-14.49962,-22.87182,-19.93923,-19.56411,-19.65623,24,24,24,24,24,24,24,24,24,24,24,24,24,24,24,24,136,1360,-18.68309,-19.36004,4.845055,-8.273745,-0.001651865,0.1227357,0.2612628,-0.1304091,0.2588581,-0.3862379,-0.9197921,-0.1347466,0.5118856,-0.2227081,8.026557E-07,0.1130043,24,24,24,24,24,24,24,24,24,24,24,24,24,24,24,24
137,1370,-19.96347,-19.83147,-20.56137,-0.2438115,-20.63828,-22.0945,-19.91068,-7.776456,1.487535,3.815179,-2.376562,-15.00392,-22.27669,-19.58116,-19.32565,-19.05362,24,24,24,24,24,24,24,24,24,24,24,24,24,24,24,24,137,1370,-19.48921,-18.96521,3.535589,-8.402856,-0.2642928,0.2454553,-0.1305343,0.7822297,-0.5176808,0,-2.247436E-05,-0.2694531,-0.767928,1.926374E-05,8.026557E-07,0.1130043,24,24,24,24,24,24,24,24,24,24,24,24,24,24,24,24
138,1380,-18.64073,-19.22685,-18.59205,-0.609369,-18.82791,-21.35402,-18.3793,-7.776456,0.9920712,3.445969,-2.970704,-15.38215,-22.75279,-20.65536,-18.61027,-19.89728,24,24,24,24,24,24,24,24,24,24,24,24,24,24,24,24,138,1380,-18.28003,-19.22843,2.88086,-8.015189,0.2609891,-0.2454264,0.6530615,-1.303805,0.2588564,0.1287468,0.1313755,0.134668,-0.1280204,-0.3340717,-0.6022386,-0.3390931,24,24,24,24,24,24,24,24,24,24,24,24,24,24,24,24
139,1390,-18.88122,-19.4687,-19.08438,0.243598,-19.31067,-20.36672,-18.76214,-7.400293,1.239803,4.922811,-3.208362,-14.87785,-23.34792,-20.17794,-19.32565,-18.9331,24,24,24,24,24,24,24,24,24,24,24,24,24,24,24,24,139,1390,-19.48921,-19.88648,3.797486,-7.885912,-0.3956137,1.605311E-05,0.2612628,-1.043051,-0.1294122,0.1287468,-0.6569993,-0.1347466,-0.2560022,1.926374E-05,-0.240895,-0.2260696,24,24,24,24,24,24,24,24,24,24,24,24,24,24,24,24
140,1400,-19.00147,-19.22685,-18.9613,0.121746,-19.43137,-20.11989,-18.76214,-7.651068,1.611401,4.79974,-2.138905,-14.37355,-21.68157,-19.81987,-18.7295,-19.29467,24,24,24,24,24,24,24,24,24,24,24,24,24,24,24,24,140,1400,-18.9518,-18.43878,4.583164,-8.015189,0.5236301,-0.7363049,-0.522333,0.1303449,-0.1294122,-0.128746,0.3941649,-1.34711,-0.2560022,0.1113829,-0.9635825,-0.7911938,24,24,24,24,24,24,24,24,24,24,24,24,24,24,24,24
141,1410,-18.40023,-19.71055,-18.9613,-1.340483,-19.67276,-22.34133,-19.52783,-7.901844,0.8682054,4.06132,-3.32719,-15.13,-23.10987,-21.25213,-19.20642,-19.17414,24,24,24,24,24,24,24,24,24,24,24,24,24,24,24,24,141,1410,-18.54874,-19.75487,4.190325,-7.627357,-0.001651865,-0.2454264,-0.2611344,0.2607218,0.2588564,0.1287468,-0.5256046,0.2693745,-0.2560022,-0.6681627,-0.3613428,-1.926374E-05,24,24,24,24,24,24,24,24,24,24,24,24,24,24,24,24
142,1420,-19.84322,-18.985,-20.19212,-0.3656642,-20.75897,-20.86037,-19.91068,-7.02413,0.9920712,3.569038,-3.564847,-15.88645,-23.70499,-20.65536,-19.9218,-20.0178,24,24,24,24,24,24,24,24,24,24,24,24,24,24,24,24,142,1420,-18.54874,-19.22843,5.237894,-8.144467,-0.3956137,1.605311E-05,6.421245E-05,0.6518527,1.123718E-05,-1.544954,0.1313755,-4.013279E-05,-0.767928,0.222745,8.026557E-07,0.2260311,24,24,24,24,24,24,24,24,24,24,24,24,24,24,24,24
143,1430,-19.00147,-19.58963,-19.08438,-0.3656642,-19.55206,-21.84767,-19.14499,-7.400293,2.106865,3.199828,-2.733047,-16.01252,-23.82402,-21.96826,-20.39873,-19.41519,24,24,24,24,24,24,24,24,24,24,24,24,24,24,24,24,143,1430,-19.48921,-18.30717,3.14275,-8.144467,0.2609891,0.7363371,0.6530615,-0.1304091,-0.5176808,-0.128746,0.2627702,-0.1347466,-0.2560022,-0.1113476,-0.2408946,0.1130043,24,24,24,24,24,24,24,24,24,24,24,24,24,24,24,24
144,1440,-19.96347,-19.9524,-20.3152,-0.4875162,-20.03482,-22.46474,-19.52783,-7.149518,1.363669,4.5536,-2.614219,-15.00392,-22.99084,-19.34245,-19.44488,-20.37937,24,24,24,24,24,24,24,24,24,24,24,24,24,24,24,24,144,1440,-19.62356,-20.67614,3.928428,-8.144467,-0.001651865,0.6136174,-0.3917329,-1.434182,0.1294331,0.5149855,-0.2628119,0.404081,-0.767928,-0.1113476,-0.2408946,0.2260856,24,24,24,24,24,24,24,24,24,24,24,24,24,24,24,24
145,1450,-20.80522,-19.4687,-19.94596,-0.9749256,-19.91413,-21.60085,-19.2726,-7.525681,1.735267,5.045881,-2.970704,-15.13,-22.75279,-20.17794,-18.96796,-19.05362,24,24,24,24,24,24,24,24,24,24,24,24,24,24,24,24,145,1450,-19.75792,-19.49165,4.321267,-8.015189,0.5236301,-0.4908657,6.421245E-05,0.3910988,0.1294331,-0.128746,-0.1314172,-4.013279E-05,-0.1280204,0.222745,-0.1204469,3.852747E-05,24,24,24,24,24,24,24,24,24,24,24,24,24,24,24,24
146,1460,-18.76097,-19.4687,-18.9613,-0.7312209,-18.82791,-22.46474,-19.14499,-8.779557,0.8682054,3.692109,-3.802503,-15.00392,-23.46694,-20.65536,-18.7295,-19.77676,24,24,24,24,24,24,24,24,24,24,24,24,24,24,24,24,146,1460,-20.56403,-19.62326,4.059377,-7.885912,0.129669,-1.227187,-0.2611344,0.2607218,-0.776526,0.3862387,-0.6569993,-0.1347466,0.5118856,-0.1113476,-0.9635817,-0.9041627,24,24,24,24,24,24,24,24,24,24,24,24,24,24,24,24
147,1470,-19.00147,-19.34778,-18.59205,-0.1219595,-19.55206,-20.24331,-18.76214,-6.898744,1.239803,4.79974,-2.614219,-13.61709,-22.75279,-19.10375,-19.20642,-19.05362,24,24,24,24,24,24,24,24,24,24,24,24,24,24,24,24,147,1470,-19.08615,-19.88648,4.583164,-7.49808,-0.6582547,-0.3681461,0.5224614,-0.7822971,0.1294331,-0.2574919,-0.6569993,-0.1347466,0.3839054,-0.2227113,-0.2408946,0.1130621,24,24,24,24,24,24,24,24,24,24,24,24,24,24,24,24
148,1480,-18.64073,-18.74315,-19.69979,0.2436485,-18.94861,-20.24331,-19.52783,-7.02413,2.106865,4.06132,-2.138905,-15.38215,-22.75279,-21.13277,-19.20642,-18.45101,24,24,24,24,24,24,24,24,24,24,24,24,24,24,24,24,148,1480,-20.96709,-20.28131,3.404641,-8.531952,0.2609891,1.605311E-05,-0.1305343,-3.210623E-05,-0.258834,-0.5149847,-0.1314172,-0.1347466,-4.013279E-05,0.1113813,-0.1204469,0.2260856,24,24,24,24,24,24,24,24,24,24,24,24,24,24,24,24
149,1490,-19.24197,-19.83147,-19.08438,-1.21858,-20.39691,-22.0945,-19.14499,-7.776456,1.115937,4.06132,-2.138905,-14.37355,-21.80059,-20.05858,-19.44488,-20.74094,24,24,24,24,24,24,24,24,24,24,24,24,24,24,24,24,149,1490,-19.48921,-21.33418,4.321267,-8.273745,0.7862719,0.3681749,0.3918629,-0.52154,0.3882783,0.3862387,-0.1314172,0.808202,-0.3839841,-0.6681659,-1.204478,-0.2260118,24,24,24,24,24,24,24,24,24,24,24,24,24,24,24,24
150,1500,-19.12172,-18.25946,-19.20746,0.2436485,-19.18998,-20.73696,-19.2726,-7.400293,0.6204729,4.30746,-3.921332,-15.13,-23.34792,-20.05858,-18.01411,-18.69205,24,24,24,24,24,24,24,24,24,24,24,24,24,24,24,24,150,1500,-20.02662,-20.1497,4.714106,-8.015189,-0.1329728,-0.1227549,-0.6529315,0.1303449,0.5177017,0.7724774,-0.6569993,0.134668,-1.023892,-0.1113476,0.3613448,-0.1129882,24,24,24,24,24,24,24,24,24,24,24,24,24,24,24,24
151,1510,-18.64073,-18.62223,-18.83821,0.1217966,-17.86238,-20.73696,-18.25168,-7.651068,1.982999,3.199828,-2.851876,-15.25607,-22.75279,-20.65536,-19.32565,-18.45101,24,24,24,24,24,24,24,24,24,24,24,24,24,24,24,24,151,1510,-19.48921,-19.62326,4.059377,-8.531952,0.39231,-0.4909171,-0.1305343,0.3910988,1.123718E-05,0.3862387,-0.3942067,-0.6735742,-4.013279E-05,0.3341087,-0.4817905,-0.9041627,24,24,24,24,24,24,24,24,24,24,24,24,24,24,24,24
152,1520,-19.36222,-19.34778,-19.20746,-0.3656137,-18.94861,-21.1072,-18.12407,-7.02413,1.982999,4.67667,-1.901248,-14.75177,-22.15767,-19.2231,-19.08719,-19.53571,24,24,24,24,24,24,24,24,24,24,24,24,24,24,24,24,152,1520,-18.9518,-19.36004,4.452216,-8.015189,-1.314858,-0.2454778,0.1306643,0.7822297,0.2588564,0.1287468,-1.051187,0.2693745,0.3839054,-0.3340749,-0.1204469,-0.3390386,24,24,24,24,24,24,24,24,24,24,24,24,24,24,24,24
153,1530,-18.64073,-18.62223,-19.57671,-0.6093184,-19.31067,-20.61355,-19.40022,-8.027231,0.8682054,4.43053,-3.089533,-14.49962,-21.91962,-19.10375,-18.7295,-18.45101,24,24,24,24,24,24,24,24,24,24,24,24,24,24,24,24,153,1530,-18.81745,-19.49165,4.714106,-8.402856,0.2609891,0.4908432,-0.1305343,0.1303449,-0.2588324,-0.901223,-0.1314172,-4.013279E-05,-0.5119659,0.1113813,-0.1204469,0.1130621,24,24,24,24,24,24,24,24,24,24,24,24,24,24,24,24
154,1540,-18.40023,-19.10593,-17.85356,-0.3656137,-18.22445,-21.23061,-19.40022,-8.528782,1.735267,3.445969,-2.970704,-14.75177,-23.22889,-20.65536,-18.3718,-18.9331,24,24,24,24,24,24,24,24,24,24,24,24,24,24,24,24,154,1540,-20.16097,-19.09682,3.535589,-8.015189,-0.001651865,0.3681236,-0.9141301,-0.52154,-0.7765244,-0.2574919,0.3941649,-0.5388677,0.7678493,0.1113813,0.3613448,0.1130621,24,24,24,24,24,24,24,24,24,24,24,24,24,24,24,24
155,1550,-18.88122,-19.34778,-19.20746,-0.7311704,-19.06929,-20.98379,-19.40022,-7.651068,0.8682054,4.5536,-2.376562,-14.37355,-22.63377,-18.62633,-19.32565,-19.17414,24,24,24,24,24,24,24,24,24,24,24,24,24,24,24,24,155,1550,-18.9518,-20.41292,3.797486,-7.756635,-0.001651865,-0.1227549,0.2612628,-1.434182,0.2588581,0.3862387,-0.7883909,0.808202,0.1279417,-0.5568023,-0.2408946,-0.2260118,24,24,24,24,24,24,24,24,24,24,24,24,24,24,24,24
156,1560,-19.48247,-19.83147,-19.69979,-0.4874656,-18.94861,-20.36672,-19.01737,-7.149518,1.487535,4.5536,-2.733047,-14.6257,-22.51474,-20.05858,-18.84873,-18.9331,24,24,24,24,24,24,24,24,24,24,24,24,24,24,24,24,156,1560,-20.96709,-19.88648,4.059377,-8.919242,0.9175919,-0.6136367,-0.3917329,-0.1304091,0.5177033,-0.5149847,0.3941714,-0.8082823,-0.1280204,0.1113813,-0.8431344,3.852747E-05,24,24,24,24,24,24,24,24,24,24,24,24,24,24,24,24
157,1570,-18.88122,-19.58963,-18.83821,-1.096727,-18.82791,-22.0945,-18.76214,-7.901844,1.115937,3.569038,-2.733047,-14.6257,-22.03864,-19.70052,-18.3718,-19.41519,24,24,24,24,24,24,24,24,24,24,24,24,24,24,24,24,157,1570,-19.48921,-19.49165,3.273699,-7.368804,-0.001651865,-0.4909171,0.1306643,0.3910988,-0.5176792,0,-0.5255982,0.134668,0.2559235,-0.4454386,-0.6022382,-0.6781124,24,24,24,24,24,24,24,24,24,24,24,24,24,24,24,24
158,1580,-18.88122,-18.5013,-18.59205,-5.61859E-05,-19.55206,-20.11989,-18.76214,-7.400293,0.7443388,3.692109,-3.32719,-15.13,-22.63377,-19.70052,-18.61027,-18.9331,24,24,24,24,24,24,24,24,24,24,24,24,24,24,24,24,158,1580,-19.08615,-18.70199,4.059377,-8.661049,-0.7895756,0.3681236,-0.2611344,-0.6519201,0.6471251,-0.128746,-0.3942035,0.134668,0.3839054,-0.3340236,-0.4817905,0.3391124,24,24,24,24,24,24,24,24,24,24,24,24,24,24,24,24
159,1590,-18.15973,-17.89668,-18.09972,0.3655013,-18.82791,-20.73696,-17.86884,-7.651068,1.363669,3.938249,-2.138905,-15.13,-22.27669,-20.536,-19.32565,-18.57153,24,24,24,24,24,24,24,24,24,24,24,24,24,24,24,24,159,1590,-18.81745,-17.3859,4.452216,-8.790146,0.39231,0.8590053,0.1306643,0.5214757,0.1294346,-0.6437306,0.2627766,0.404081,-0.1280204,0.4455237,0.2408966,0.3391124,24,24,24,24,24,24,24,24,24,24,24,24,24,24,24,24
160,1600,-19.36222,-19.34778,-19.57671,-0.4874656,-18.94861,-20.98379,-18.76214,-7.400293,1.239803,3.938249,-2.733047,-14.87785,-21.80059,-19.34245,-19.20642,-19.53571,24,24,24,24,24,24,24,24,24,24,24,24,24,24,24,24,160,1600,-18.01133,-19.22843,3.535589,-8.273745,0.654951,-0.2454778,0.6530615,-0.9126741,1.284249E-05,0.2574928,0.5255661,-0.1347466,-4.013279E-05,-0.7794782,-0.2408946,-0.1129882,24,24,24,24,24,24,24,24,24,24,24,24,24,24,24,24
161,1610,-19.36222,-19.4687,-20.56137,-0.9748751,-19.91413,-21.84768,-19.40022,-7.776456,1.363669,3.938249,-2.851876,-15.76037,-22.63377,-20.17794,-18.7295,-18.81257,24,24,24,24,24,24,24,24,24,24,24,24,24,24,24,24,161,1610,-18.54874,-20.1497,3.14275,-8.015189,0.129669,0.1226843,-0.522333,-0.7822971,0.2588581,0.1287468,-1.05118,0.808202,-0.5119659,-0.2226599,-0.2408946,0.1130621,24,24,24,24,24,24,24,24,24,24,24,24,24,24,24,24
162,1620,-18.76097,-19.22685,-19.33055,-0.2437609,-18.70722,-22.0945,-19.14499,-7.400293,1.611401,3.569038,-2.733047,-15.88645,-22.75279,-21.01342,-19.44488,-19.53571,24,24,24,24,24,24,24,24,24,24,24,24,24,24,24,24,162,1620,-19.75792,-19.22843,4.190325,-8.015189,0.2609891,-0.2454778,-0.2611344,0.1303449,0.9059703,-0.6437306,0.3941714,-0.4041612,0.6398675,0.4455237,0.3613448,0.3391124,24,24,24,24,24,24,24,24,24,24,24,24,24,24,24,24
163,1630,-19.24197,-19.71055,-20.19212,-0.8530231,-20.15552,-21.35402,-18.76214,-7.149518,1.115937,4.5536,-4.277819,-15.50822,-24.18109,-20.41665,-20.39873,-19.17414,24,24,24,24,24,24,24,24,24,24,24,24,24,24,24,24,163,1630,-19.2205,-18.57039,3.273692,-7.756635,0.2609891,-0.2454778,6.421245E-05,0.1303449,-0.7765244,0.1287468,-0.6569929,-0.1347466,-4.013279E-05,6.742308E-05,-0.6022382,-0.6781124,24,24,24,24,24,24,24,24,24,24,24,24,24,24,24,24
164,1640,-20.20397,-20.43609,-20.68445,-0.3656642,-20.63828,-21.84768,-19.78306,-7.274905,1.363669,5.292021,-2.257733,-14.6257,-22.87182,-20.536,-19.20642,-20.0178,24,24,24,24,24,24,24,24,24,24,24,24,24,24,24,24,164,1640,-19.35486,-20.1497,4.845048,-8.273745,-0.001651865,0.1226843,0.3918629,-3.210623E-05,1.284249E-05,-0.901223,-0.5255982,-0.4041612,0.3839054,-0.2226599,0.2408966,-0.1129882,24,24,24,24,24,24,24,24,24,24,24,24,24,24,24,24
165,1650,-19.60272,-20.31517,-19.94596,-0.9749256,-19.67276,-22.58815,-19.65545,-8.027231,0.7443388,3.569038,-2.614219,-15.38215,-23.94304,-20.77471,-19.20642,-20.86146,24,24,24,24,24,24,24,24,24,24,24,24,24,24,24,24,165,1650,-20.16097,-19.49165,4.583158,-8.273745,0.39231,0.981725,-0.2611344,-3.210623E-05,-1.03537,-0.2574919,0.3941714,0.404081,-4.013279E-05,-0.3340236,8.026557E-07,0.1130621,24,24,24,24,24,24,24,24,24,24,24,24,24,24,24,24
166,1660,-19.00147,-19.83147,-19.82287,-0.2438115,-20.15552,-21.72426,-20.29352,-7.776456,0.3727413,4.67667,-3.802503,-14.87785,-24.30012,-21.37148,-19.44488,-18.9331,24,24,24,24,24,24,24,24,24,24,24,24,24,24,24,24,166,1660,-19.62356,-20.28131,3.666531,-8.273745,0.5236301,-0.1227549,0.3918629,-1.043051,0.2588581,-0.3862379,0.5255661,-0.4041612,-4.013279E-05,-1.336296,-0.6022382,3.852747E-05,24,24,24,24,24,24,24,24,24,24,24,24,24,24,24,24
167,1670,-20.56472,-19.4687,-20.3152,0.243598,-20.15552,-21.47743,-19.01737,-7.274905,1.859133,3.815179,-2.495391,-15.76037,-23.46694,-21.13277,-20.2795,-20.25885,24,24,24,24,24,24,24,24,24,24,24,24,24,24,24,24,167,1670,-21.63885,-21.20257,3.928422,-8.015189,-0.3956137,-0.2454778,-0.9141815,0.1303449,0.5177033,0.3862387,-1.605311E-05,0.404081,-1.279854,0.2227964,-0.2408946,0.3391124,24,24,24,24,24,24,24,24,24,24,24,24,24,24,24,24
168,1680,-20.32422,-20.79887,-20.3152,-0.8530737,-21.12106,-23.20522,-19.40022,-8.027232,1.239803,4.30746,-2.138905,-14.6257,-22.87182,-21.13277,-20.2795,-20.98198,24,24,24,24,24,24,24,24,24,24,24,24,24,24,24,24,168,1680,-21.90756,-20.80775,3.666531,-8.015189,-0.1329728,-1.472677,0.130613,1.605311E-05,-0.2588324,-0.3862379,-0.2628087,-0.5388677,0.1279417,6.742308E-05,-0.3613428,-1.017186,24,24,24,24,24,24,24,24,24,24,24,24,24,24,24,24
169,1690,-19.84322,-20.07332,-19.82287,-0.609369,-20.39691,-21.60085,-20.03829,-8.027232,0.6204729,3.938249,-3.208362,-15.50822,-23.70499,-20.536,-19.20642,-19.65623,24,24,24,24,24,24,24,24,24,24,24,24,24,24,24,24,169,1690,-21.10144,-20.41292,3.535583,-8.144467,-0.001651865,-0.3681974,-0.3917843,0.6519009,-0.5176824,0.1287468,-0.3942035,0.5387874,0.2559235,-0.3340236,-0.6022382,-0.4520621,24,24,24,24,24,24,24,24,24,24,24,24,24,24,24,24
170,1700,-20.08372,-19.4687,-19.69979,-0.4875162,-19.06929,-21.97109,-19.2726,-7.901844,1.363669,3.445969,-2.495391,-15.13,-22.87182,-21.25213,-19.80257,-19.65623,24,24,24,24,24,24,24,24,24,24,24,24,24,24,24,24,170,1700,-20.02662,-20.41292,4.05937,-8.790146,-0.9208965,0.981725,0.52241,1.605311E-05,0.5177001,-1.029969,0.1313787,0.134668,-4.013279E-05,-0.2226599,0.4817924,-0.2260118,24,24,24,24,24,24,24,24,24,24,24,24,24,24,24,24
171,1710,-19.36222,-18.985,-18.46897,-0.3656642,-19.06929,-21.47743,-18.25168,-7.525681,1.239803,4.30746,-2.733047,-14.49962,-22.63377,-19.58116,-19.56411,-19.53571,24,24,24,24,24,24,24,24,24,24,24,24,24,24,24,24,171,1710,-20.42968,-20.41292,3.273692,-8.919242,0.654951,0.3681236,1.284249E-05,-0.3911149,-0.6471042,0.2574928,0.9197535,-0.5388677,0.5118856,6.742308E-05,-0.1204469,0.6781862,24,24,24,24,24,24,24,24,24,24,24,24,24,24,24,24
172,1720,-20.32422,-19.34778,-20.19212,-0.8530737,-19.55206,-21.10719,-19.14499,-8.152619,0.9920712,4.06132,-2.495391,-13.74317,-22.51474,-19.58116,-19.08719,-19.29466,24,24,24,24,24,24,24,24,24,24,24,24,24,24,24,24,172,1720,-20.16097,-21.72901,3.928422,-7.627357,-0.1329728,-0.2454778,-0.3917843,-1.17338,0.2588548,0.3862387,-0.7883909,0.808202,-0.2560022,6.742308E-05,-0.4817905,3.852747E-05,24,24,24,24,24,24,24,24,24,24,24,24,24,24,24,24
173,1730,-18.52048,-19.34778,-18.59205,-0.8530737,-19.55206,-22.34133,-19.2726,-8.528783,1.487535,2.584477,-3.921332,-15.50822,-23.34792,-20.89406,-19.32565,-19.41519,24,24,24,24,24,24,24,24,24,24,24,24,24,24,24,24,173,1730,-20.16097,-19.88648,4.845048,-8.273745,0.2609891,0.2454039,-0.5223843,-0.1303609,0.5177001,0.2574928,0.5255661,-0.1347466,-0.5119659,0.33416,0.2408966,0.2260856,24,24,24,24,24,24,24,24,24,24,24,24,24,24,24,24
174,1740,-19.00147,-19.71055,-19.57671,-0.1219595,-19.79344,-20.73696,-19.65545,-7.149518,0.9920712,4.79974,-3.446018,-14.75177,-23.10987,-19.70052,-20.04103,-18.81257,24,24,24,24,24,24,24,24,24,24,24,24,24,24,24,24,174,1740,-19.2205,-18.96521,4.583158,-7.885912,-0.2642928,-0.8590792,0.130613,0.6519009,-0.5176824,0.1287468,-0.5255982,-0.6735742,0.1279417,-0.2226599,-0.9635817,-0.6781124,24,24,24,24,24,24,24,24,24,24,24,24,24,24,24,24
175,1750,-20.08372,-20.19425,-19.94596,-0.609369,-20.27621,-21.72426,-19.52783,-6.898743,2.354597,4.184389,-2.138905,-13.86925,-22.51475,-19.81987,-18.84873,-20.13832,24,24,24,24,24,24,24,24,24,24,24,24,24,24,24,24,175,1750,-19.2205,-18.8336,4.190319,-9.306532,-0.3956137,-0.6136367,0.130613,0.130393,0.5177001,-0.6437306,-0.1314108,-0.1347466,0.6398675,-0.1112962,-0.6022386,-0.5650889,24,24,24,24,24,24,24,24,24,24,24,24,24,24,24,24
176,1760,-19.72297,-19.71055,-19.20746,-1.096778,-19.67276,-22.71157,-19.91068,-9.406496,0.4966071,3.815179,-3.32719,-15.76037,-23.34792,-20.77471,-18.96796,-19.77676,24,24,24,24,24,24,24,24,24,24,24,24,24,24,24,24,176,1760,-19.62356,-18.57039,4.05937,-9.048338,0.129669,0.1226843,-0.1305857,1.173412,0.3882767,-0.128746,0.1313787,0.134668,-0.2560022,0.668251,0.1204489,0.1130621,24,24,24,24,24,24,24,24,24,24,24,24,24,24,24,24
177,1770,-19.72297,-19.71055,-19.94596,-0.8530737,-19.79344,-20.98378,-19.91068,-7.525681,0.4966071,5.292021,-2.970704,-14.6257,-22.63377,-19.93923,-18.3718,-19.53571,24,24,24,24,24,24,24,24,24,24,24,24,24,24,24,24,177,1770,-19.08615,-19.36004,3.011795,-8.531952,0.2609891,-0.1227549,0.130613,-0.2607379,-0.6471042,0.1287468,0.3941714,-0.4041612,-4.013279E-05,-0.5567509,-0.7226863,3.852747E-05,24,24,24,24,24,24,24,24,24,24,24,24,24,24,24,24
178,1780,-17.55848,-17.41298,-18.59205,-0.609369,-18.58653,-20.24331,-18.3793,-7.274906,1.487535,3.815179,-1.425934,-14.87785,-21.91962,-19.93923,-18.49103,-18.69205,24,24,24,24,24,24,24,24,24,24,24,24,24,24,24,24,178,1780,-20.42968,-20.67614,4.452209,-7.627357,-0.001651865,0.613566,0.52241,-0.9126259,0.2588548,0.3862387,-0.1314108,0.404081,-0.5119659,0.2227964,8.026557E-07,-0.3390386,24,24,24,24,24,24,24,24,24,24,24,24,24,24,24,24
179,1790,-18.76097,-19.10592,-18.83821,-0.609369,-18.82791,-20.98378,-18.88976,-7.525681,1.611401,4.06132,-2.614219,-15.38215,-22.03864,-19.93923,-18.96796,-20.0178,24,24,24,24,24,24,24,24,24,24,24,24,24,24,24,24,179,1790,-20.69838,-20.01809,4.190319,-8.919242,1.048913,-0.6136367,-0.783583,1.605311E-05,0.2588548,-0.3862379,0.1313787,-0.4041612,-0.2560022,0.1114327,-0.4817909,-0.3390386,24,24,24,24,24,24,24,24,24,24,24,24,24,24,24,24
180,1800,-19.24197,-18.62223,-19.33055,-0.4875162,-19.31067,-21.10719,-19.65545,-8.027232,0.9920712,3.692109,-3.446018,-15.25607,-22.51475,-19.70052,-18.61027,-19.17414,24,24,24,24,24,24,24,24,24,24,24,24,24,24,24,24,180,1800,-19.75792,-19.49165,3.404634,-7.756637,-0.3956137,-1.472677,0.130613,0.5215239,-0.7765276,0.7724774,-0.6569929,-4.013279E-05,0.3839054,0.33416,-0.8431344,-0.9041627,24,24,24,24,24,24,24,24,24,24,24,24,24,24,24,24
181,1810,-18.64072,-18.74315,-19.08438,-0.3656642,-18.58653,-21.10719,-18.3793,-7.651069,1.982999,3.815179,-2.495391,-15.38215,-22.87182,-20.89406,-18.96796,-19.29467,24,24,24,24,24,24,24,24,24,24,24,24,24,24,24,24,181,1810,-19.62356,-19.88648,4.452209,-8.402856,-0.9208965,0.1226843,0.6530101,0.130393,1.03539,-0.5149847,-0.5255982,-0.2694531,0.2559235,0.1114327,0.1204489,-0.3390386,24,24,24,24,24,24,24,24,24,24,24,24,24,24,24,24
182,1820,-18.76097,-18.5013,-18.59205,-0.4875162,-18.82791,-20.61354,-18.63453,-7.651069,1.239803,4.06132,-2.970704,-13.74317,-22.87182,-19.46181,-19.68334,-18.9331,24,24,24,24,24,24,24,24,24,24,24,24,24,24,24,24,182,1820,-19.2205,-18.70199,3.79748,-8.531952,0.39231,1.104445,-0.1305857,0.26077,-0.9059494,0.3862387,-0.7883909,-0.1347466,0.1279417,0.2227964,0.4817924,0.3391124,24,24,24,24,24,24,24,24,24,24,24,24,24,24,24,24
183,1830,-20.32422,-19.34777,-19.69979,-0.9749256,-20.5176,-21.60085,-19.65545,-7.274906,1.239803,4.79974,-2.970704,-14.75177,-23.2289,-19.81987,-19.68334,-19.41519,24,24,24,24,24,24,24,24,24,24,24,24,24,24,24,24,183,1830,-18.41438,-19.88648,3.928422,-8.531952,0.39231,0.1226843,0.130613,-0.782249,0.1294314,-0.128746,0.6569608,-0.1347466,0.1279417,-1.336296,-0.1204469,-0.2260118,24,24,24,24,24,24,24,24,24,24,24,24,24,24,24,24
184,1840,-19.12172,-20.19424,-19.82287,-1.096778,-20.03482,-22.83498,-19.65545,-9.030334,0.8682054,2.830617,-3.089533,-15.50822,-23.2289,-21.49084,-19.9218,-20.37937,24,24,24,24,24,24,24,24,24,24,24,24,24,24,24,24,184,1840,-19.89227,-20.1497,4.190319,-7.885914,-0.3956137,0.8590053,1.284249E-05,-0.6518688,0.5177001,-0.128746,-1.05118,0.404081,-0.5119659,-0.3340236,0.2408966,0.2260856,24,24,24,24,24,24,24,24,24,24,24,24,24,24,24,24
185,1850,-20.08372,-20.19424,-19.69979,-0.9749256,-19.91413,-21.47743,-19.78306,-7.65107,1.735267,5.168951,-3.683675,-15.13,-24.77622,-20.89406,-19.9218,-20.37937,24,24,24,24,24,24,24,24,24,24,24,24,24,24,24,24,185,1850,-20.56403,-19.62326,3.928422,-8.531952,0.2609891,-1.227238,-0.2611858,1.926374E-05,0.6471218,-0.2574919,0.1313787,-0.5388677,0.1279417,-0.1112962,-0.4817909,-0.5650889,24,24,24,24,24,24,24,24,24,24,24,24,24,24,24,24
186,1860,-20.44447,-20.19424,-21.42295,-0.609369,-20.75897,-22.71156,-21.05921,-8.779558,0.7443388,3.692109,-3.089533,-16.01252,-24.1811,-23.04245,-21.4718,-20.25885,24,24,24,24,24,24,24,24,24,24,24,24,24,24,24,24,186,1860,-19.48921,-20.01809,4.190319,-8.402856,-0.3956137,-0.7363563,-0.2611858,0.6519041,0.5177001,0.6437315,-0.9197856,0.404081,0.3839054,-0.2226599,-0.6022386,-0.6781124,24,24,24,24,24,24,24,24,24,24,24,24,24,24,24,24
187,1870,-21.28622,-21.88718,-21.0537,-1.340483,-20.87967,-23.69887,-20.80398,-8.278008,0.8682054,3.815179,-2.970704,-15.76037,-23.705,-21.8489,-20.63719,-22.6693,24,24,24,24,24,24,24,24,24,24,24,24,24,24,24,24,187,1870,-19.75792,-19.49165,4.452209,-8.661048,-0.1329728,-3.531685E-05,-0.3917843,0.1303962,-0.388259,-0.901223,-1.605311E-05,-4.013279E-05,-0.5119659,0.33416,-0.4817909,0.2260856,24,24,24,24,24,24,24,24,24,24,24,24,24,24,24,24
188,1880,-20.92547,-20.31516,-21.0537,-0.9749256,-21.36243,-22.83498,-20.54875,-8.15262,0.6204729,3.692109,-3.208362,-15.38215,-24.30012,-21.25213,-19.44488,-20.13833,24,24,24,24,24,24,24,24,24,24,24,24,24,24,24,24,188,1880,-20.29533,-19.62326,3.273692,-7.11025,-0.001651865,0.2454039,-0.1305857,-0.5214886,-0.9059494,0.2574928,0.1313787,-3.692216E-05,0.3839054,6.742308E-05,0.1204489,0.1130621,24,24,24,24,24,24,24,24,24,24,24,24,24,24,24,24
189,1890,-19.84322,-20.43609,-20.06904,-0.2438115,-20.15552,-23.57545,-19.52783,-8.278008,1.6114,4.18439,-3.089533,-16.39075,-23.94304,-22.44567,-20.63719,-19.29467,24,24,24,24,24,24,24,24,24,24,24,24,24,24,24,24,189,1890,-19.48921,-20.54453,3.928422,-8.015191,0.2609891,-0.6136367,-0.5223843,-1.303754,0.3882767,0.5149855,-0.6569929,1.212325,-0.5119627,-0.2226599,-0.4817909,0.1130621,24,24,24,24,24,24,24,24,24,24,24,24,24,24,24,24
190,1900,-20.20397,-20.19424,-19.82287,-0.4875162,-20.39691,-22.34132,-19.52783,-8.528783,1.115937,4.5536,-3.32719,-14.87785,-24.41914,-20.29729,-20.2795,-21.34355,24,24,24,24,24,24,24,24,24,24,24,24,24,24,24,24,190,1900,-19.62356,-19.36004,3.535583,-8.531952,0.5236301,-0.2454778,-0.783583,-0.6518688,9.631868E-06,-0.3862379,0.5255661,-0.404158,-0.2560006,-0.3340268,-0.4817909,-0.1129882,24,24,24,24,24,24,24,24,24,24,24,24,24,24,24,24
191,1910,-20.08372,-20.19424,-21.17678,-0.9749256,-20.5176,-22.21791,-19.2726,-8.027232,1.487535,4.79974,-3.208362,-14.75177,-22.63377,-20.77471,-20.04103,-19.41519,24,24,24,24,24,24,24,24,24,24,24,24,24,24,24,24,191,1910,-19.75792,-20.01809,4.32126,-8.273746,0.39231,-1.472677,1.284249E-05,0.6519041,0.1294314,0,-0.3942035,0.2693761,-0.2560006,0.3341568,-0.8431344,-1.017186,24,24,24,24,24,24,24,24,24,24,24,24,24,24,24,24
192,1920,-19.72297,-20.19424,-19.33055,-0.9749256,-19.55206,-22.58815,-19.65545,-8.528783,0.3727413,3.445969,-3.089533,-15.13,-23.10987,-20.05858,-18.84873,-20.01781,24,24,24,24,24,24,24,24,24,24,24,24,24,24,24,24,192,1920,-21.10144,-20.41292,3.535583,-8.144468,-0.5269346,-0.3681974,1.284249E-05,0.5215271,9.631868E-06,-0.128746,-1.445368,-3.692216E-05,0.2559268,-0.4453904,-0.8431344,-0.3390931,24,24,24,24,24,24,24,24,24,24,24,24,24,24,24,24
193,1930,-18.88122,-19.22685,-19.57671,-0.609369,-20.15552,-20.61354,-19.65545,-7.776457,0.8682054,4.43053,-3.32719,-15.00392,-24.06207,-20.536,-20.39873,-19.05362,24,24,24,24,24,24,24,24,24,24,24,24,24,24,24,24,193,1930,-19.08615,-20.28131,4.452209,-8.661048,-0.1329728,0.613566,0.130613,0.5215271,0.1294314,-1.029969,0.3941714,-0.2694515,-0.6399446,0.1114295,0.3613443,0.1130043,24,24,24,24,24,24,24,24,24,24,24,24,24,24,24,24
194,1940,-20.68497,-18.985,-19.94596,-0.609369,-20.03482,-21.35402,-19.52783,-7.149519,1.6114,4.5536,-2.851876,-14.87785,-22.39572,-19.70052,-18.7295,-19.65623,24,24,24,24,24,24,24,24,24,24,24,24,24,24,24,24,194,1940,-20.29533,-19.62326,3.535583,-8.144468,0.129669,0.3681236,0.3918115,-0.2607347,-0.6471042,-0.128746,0.1313787,-0.404158,0.2559268,-0.6681178,0.2408966,0.2260311,24,24,24,24,24,24,24,24,24,24,24,24,24,24,24,24
195,1950,-19.12172,-19.71055,-19.57671,-1.70604,-19.43137,-22.21791,-19.52783,-7.776457,0.9920712,3.199829,-2.733047,-15.13,-22.87182,-20.05858,-18.84873,-19.53572,24,24,24,24,24,24,24,24,24,24,24,24,24,24,24,24,195,1950,-18.81744,-20.54453,3.535589,-8.144468,-0.9208965,0.1226843,-0.1305857,-1.043,0.2588548,0.2574928,-0.7883909,-3.692216E-05,-0.2560006,-0.2226631,-0.7226863,-1.926374E-05,24,24,24,24,24,24,24,24,24,24,24,24,24,24,24,24
196,1960,-19.36222,-18.86407,-19.82288,-0.0001067532,-19.79344,-20.98378,-19.91068,-7.65107,0.4966071,4.43053,-3.802503,-15.6343,-22.75279,-20.65536,-18.7295,-18.9331,24,24,24,24,24,24,24,24,24,24,24,24,24,24,24,24,196,1960,-20.02662,-19.62326,3.797486,-8.919242,0.2609891,0.1226843,0.130613,0.2607732,0.1294314,0.1287468,0.5255661,0.1346696,-0.3839808,-0.2226631,0.9635841,0.4520782,24,24,24,24,24,24,24,24,24,24,24,24,24,24,24,24
197,1970,-19.84322,-18.74315,-19.45363,-0.2438115,-19.31067,-20.86037,-19.2726,-7.776457,1.363669,4.18439,-2.614219,-15.25607,-23.34792,-21.8489,-20.2795,-19.41519,24,24,24,24,24,24,24,24,24,24,24,24,24,24,24,24,197,1970,-19.2205,-18.70199,4.583164,-7.756635,0.1296674,-0.9817988,0.130613,0.782281,-0.388259,-0.2574919,0.1313787,-0.6735726,0.1279449,-0.1112978,-0.1204469,-0.7911938,24,24,24,24,24,24,24,24,24,24,24,24,24,24,24,24
198,1980,-20.32422,-21.04071,-20.68445,-1.340483,-20.63828,-23.57545,-20.42113,-8.278008,1.6114,3.569039,-2.733047,-15.38215,-22.87182,-20.41665,-19.80257,-20.98199,24,24,24,24,24,24,24,24,24,24,24,24,24,24,24,24,198,1980,-19.62356,-19.88648,3.797486,-7.49808,-0.9208973,-0.2454264,-0.1305857,0.2607732,-0.2588356,0,-1.05118,-0.6735726,0.2559268,6.581777E-05,-0.3613428,-1.926374E-05,24,24,24,24,24,24,24,24,24,24,24,24,24,24,24,24
199,1990,-20.68497,-19.71055,-21.0537,-0.9749256,-21.24175,-21.23061,-20.03829,-8.403396,0.9920712,3.938249,-3.446018,-16.1386,-23.82402,-20.17793,-19.44488,-19.77676,24,24,24,24,24,24,24,24,24,24,24,24,24,24,24,24,199,1990,-19.35486,-19.36004,4.583164,-8.273745,-0.001652668,1.605311E-05,0.5224133,0.6519041,-0.1294138,-0.5149847,0.7883587,0.2693761,-0.2560006,0.2227931,0.2408966,-1.926374E-05,24,24,24,24,24,24,24,24,24,24,24,24,24,24,24,24
200,2000,-19.72297,-19.83147,-19.45363,-0.9749256,-19.67276,-22.95839,-19.40022,-8.15262,1.6114,2.707548,-2.970704,-16.1386,-22.99084,-21.72955,-19.44488,-19.77676,24,24,24,24,24,24,24,24,24,24,24,24,24,24,24,24,200,2000,-19.35486,-18.8336,3.273699,-8.273745,0.2609883,0.3681749,-0.7835798,0.1303481,-0.6471042,-0.128746,0.1313787,-0.134745,-3.692216E-05,0.1114295,0.843136,0.3390546,24,24,24,24,24,24,24,24,24,24,24,24,24,24,24,24
201,2010,-18.27997,-18.86407,-18.34589,-0.7312209,-18.70722,-20.86037,-18.3793,-7.274907,1.859133,4.79974,-3.208362,-15.00392,-23.70499,-19.10374,-19.44488,-20.37937,24,24,24,24,24,24,24,24,24,24,24,24,24,24,24,24,201,2010,-18.68309,-20.54453,4.190325,-7.49808,0.2609883,0.3681749,0.3918132,-1.303802,0.5177001,0,-0.1314108,0.1346696,0.2559268,-0.6681178,-0.4817909,-0.4521199,24,24,24,24,24,24,24,24,24,24,24,24,24,24,24,24
202,2020,-20.08372,-20.55701,-20.56137,-1.340483,-20.5176,-22.21791,-19.91068,-8.654171,1.6114,4.30746,-2.851876,-14.6257,-23.10987,-19.93923,-19.68334,-19.53572,24,24,24,24,24,24,24,24,24,24,24,24,24,24,24,24,202,2020,-19.75792,-19.22843,3.797486,-8.919242,0.9175912,0.1227357,-1.044778,-0.2607828,0.2588548,-0.2574919,-1.605311E-05,-0.5388645,-0.3839808,-0.1112978,0.7226883,-1.926374E-05,24,24,24,24,24,24,24,24,24,24,24,24,24,24,24,24
203,2030,-19.24197,-19.34777,-19.45363,-0.8530737,-18.82791,-21.60085,-19.14499,-7.901845,1.115937,3.815179,-3.089586,-15.6343,-23.58597,-20.65536,-19.32565,-20.01781,24,24,24,24,24,24,24,24,24,24,24,24,24,24,24,24,203,2030,-19.35486,-19.09682,3.535589,-8.015189,0.3923092,-0.4908657,0.3918132,-2.88956E-05,0.1294314,0.1287468,-2.247436E-05,-0.6735726,0.1279449,0.1114295,-0.4817909,-0.7911938,24,24,24,24,24,24,24,24,24,24,24,24,24,24,24,24
204,2040,-19.12172,-19.9524,-19.45363,-0.7312209,-19.67276,-21.72426,-20.29352,-7.65107,1.363669,4.43053,-3.802556,-15.50822,-24.53817,-20.89406,-20.63719,-19.65623,24,24,24,24,24,24,24,24,24,24,24,24,24,24,24,24,204,2040,-18.81744,-18.43878,3.928428,-8.015189,-0.6582555,-0.2454264,0.5224133,0.1303481,-0.388259,-0.2574919,-1.182582,-0.4041612,-3.692216E-05,0.1114295,0.1204489,-0.4521199,24,24,24,24,24,24,24,24,24,24,24,24,24,24,24,24
205,2050,-20.08372,-20.55701,-20.19212,-0.3656642,-20.39691,-21.84767,-19.91068,-7.400294,1.6114,4.79974,-3.327243,-14.6257,-23.22889,-20.77471,-19.56411,-20.62042,24,24,24,24,24,24,24,24,24,24,24,24,24,24,24,24,205,2050,-18.28003,-19.49165,4.059377,-8.790146,0.5236293,0.3681749,-0.130584,0.521479,-0.5176824,-1.287462,0.9197471,0.404081,-0.7678718,0.5568841,8.026557E-07,-0.3390931,24,24,24,24,24,24,24,24,24,24,24,24,24,24,24,24
206,2060,-19.96347,-20.43609,-20.3152,-1.584188,-19.67276,-22.83498,-19.40022,-8.528783,0.6204729,3.445969,-3.802556,-15.88645,-24.18109,-21.01342,-19.56411,-20.49989,24,24,24,24,24,24,24,24,24,24,24,24,24,24,24,24,206,2060,-19.35486,-19.22843,3.011802,-9.048338,1.180233,0.1227357,0.3918132,-0.2607828,9.631868E-06,0.1287468,0.1313755,-0.2694531,0.2559797,-0.2227113,8.026557E-07,0.3390546,24,24,24,24,24,24,24,24,24,24,24,24,24,24,24,24
207,2070,-19.72297,-20.19424,-19.45363,-0.609369,-20.63828,-21.72426,-20.54875,-7.525682,0.248875,5.045881,-2.970757,-15.13,-23.46694,-20.17794,-19.44488,-20.25885,24,24,24,24,24,24,24,24,24,24,24,24,24,24,24,24,207,2070,-18.01133,-19.62326,3.797486,-7.49808,0.6549502,0.6136174,1.605311E-05,-1.173425,0.2588548,0.3862387,0.1313755,0.6734955,-0.5119081,-0.4454386,-0.9635825,-1.926374E-05,24,24,24,24,24,24,24,24,24,24,24,24,24,24,24,24
208,2080,-19.60272,-19.83147,-19.57671,-0.3656642,-19.43137,-21.10719,-19.2726,-7.274907,1.6114,4.06132,-2.7331,-15.6343,-22.87182,-20.65536,-19.20642,-19.65623,24,24,24,24,24,24,24,24,24,24,24,24,24,24,24,24,208,2080,-19.62356,-18.96521,4.976003,-8.531952,-0.001652668,0.1227357,-0.6529813,-0.1304059,0.1294314,-0.2574919,-0.1314172,0.134668,-1.023834,1.605311E-05,8.026557E-07,-1.926374E-05,24,24,24,24,24,24,24,24,24,24,24,24,24,24,24,24
209,2090,-19.84322,-20.07332,-20.19212,-1.340483,-20.5176,-22.58815,-18.76214,-7.65107,1.239803,4.06132,-2.851929,-15.00392,-22.75279,-20.41665,-19.68334,-20.0178,24,24,24,24,24,24,24,24,24,24,24,24,24,24,24,24,209,2090,-19.35486,-18.96521,4.190325,-8.015189,0.1296674,-0.6135853,-0.130584,1.303741,9.631868E-06,0.2574928,-0.5256046,-0.4041612,-0.63989,0.1113813,-0.8431344,-0.7911938,24,24,24,24,24,24,24,24,24,24,24,24,24,24,24,24
210,2100,-19.72297,-19.4687,-20.43829,-0.1219595,-20.39691,-22.0945,-19.78306,-7.525682,1.487535,4.184389,-3.208415,-15.6343,-24.18109,-21.01342,-19.20642,-19.05362,24,24,24,24,24,24,24,24,24,24,24,24,24,24,24,24,210,2100,-20.02662,-19.75487,4.976003,-8.015189,-0.7895764,-0.3681461,0.6530117,-0.1304059,0.3882767,-0.5149847,-0.2628119,-4.013279E-05,0.1279979,-0.3340749,-0.240895,0.2260311,24,24,24,24,24,24,24,24,24,24,24,24,24,24,24,24
211,2110,-19.60272,-19.83147,-21.17678,-0.2438115,-20.87967,-22.95839,-19.2726,-7.525682,1.6114,3.445969,-2.970757,-16.39075,-24.30012,-23.1618,-21.35257,-19.89728,24,24,24,24,24,24,24,24,24,24,24,24,24,24,24,24,211,2110,-19.75792,-19.62326,3.797435,-8.661049,0.5236293,0.3681749,-0.3917827,0.1303481,-0.2588356,-0.3862379,0.1313755,0.6734955,-0.255946,0.6681996,0.4817924,0.1130043,24,24,24,24,24,24,24,24,24,24,24,24,24,24,24,24
212,2120,-21.28622,-20.67794,-20.43829,-0.8530737,-21.36243,-23.32863,-20.03829,-7.776457,1.859133,4.184389,-2.138958,-14.49962,-23.10987,-20.17794,-19.68334,-21.82564,24,24,24,24,24,24,24,24,24,24,24,24,24,24,24,24,212,2120,-20.96709,-20.01809,2.74986,-8.273745,0.7862711,-0.4908657,0.3918132,-0.2607828,-0.388259,-0.3862379,0.6569576,-0.4041612,1.765843E-05,-0.1113476,-0.3613428,0.3390546,24,24,24,24,24,24,24,24,24,24,24,24,24,24,24,24
213,2130,-20.56472,-19.9524,-20.56137,-0.1219595,-20.03482,-20.98378,-20.29352,-7.65107,0.3727413,4.184389,-3.683728,-16.1386,-24.06207,-21.01342,-19.9218,-19.29467,24,24,24,24,24,24,24,24,24,24,24,24,24,24,24,24,213,2130,-19.48921,-20.41292,3.797435,-7.239526,0.129669,0.3681749,-0.130584,-0.52154,0.2588548,0.3862387,-0.6569993,0.2693745,-0.5119081,1.605311E-05,-0.240895,-1.926374E-05,24,24,24,24,24,24,24,24,24,24,24,24,24,24,24,24
214,2140,-19.60272,-19.10593,-19.33055,0.243598,-19.43137,-21.84767,-19.52783,-7.65107,1.859133,3.445969,-2.7331,-15.76037,-22.99084,-21.49084,-20.87565,-19.05362,24,24,24,24,24,24,24,24,24,24,24,24,24,24,24,24,214,2140,-20.83274,-19.75487,4.714055,-8.790146,0.9175919,-0.3681974,-0.3917827,0.6518559,0.5177001,0,0.3941649,-0.6735742,-0.7678718,-0.1113476,-0.3613428,-1.926374E-05,24,24,24,24,24,24,24,24,24,24,24,24,24,24,24,24
215,2150,-19.48247,-19.34778,-19.82287,-0.8530737,-19.43137,-21.10719,-18.50691,-7.65107,1.859133,4.676671,-2.851929,-14.37355,-22.51474,-19.81987,-19.32565,-20.0178,24,24,24,24,24,24,24,24,24,24,24,24,24,24,24,24,215,2150,-19.62356,-18.57039,4.975952,-7.49808,-0.001651865,-1.104518,0.3918629,1.042987,-0.5176824,0.5149855,-0.3942067,-0.9429888,-0.255946,1.605311E-05,-0.9635825,-0.7911938,24,24,24,24,24,24,24,24,24,24,24,24,24,24,24,24
216,2160,-19.24197,-19.58963,-20.43829,-0.4875162,-20.03482,-21.72426,-19.78306,-8.278008,1.115937,5.292021,-2.614272,-14.75177,-22.75279,-19.70052,-18.96796,-18.57153,24,24,24,24,24,24,24,24,24,24,24,24,24,24,24,24,216,2160,-19.48921,-18.96521,4.845003,-8.273745,-0.6582547,-3.531685E-05,6.421245E-05,-3.210623E-05,0.7765453,-0.2574919,-0.9197921,0.5387874,0.1279979,-0.4454386,-0.240895,-0.113046,24,24,24,24,24,24,24,24,24,24,24,24,24,24,24,24
217,2170,-18.40023,-19.71055,-19.45363,-1.218631,-18.94861,-21.97109,-18.76214,-8.654171,1.363669,2.953688,-2.970757,-15.38215,-22.87182,-20.41665,-18.61027,-19.77676,24,24,24,24,24,24,24,24,24,24,24,24,24,24,24,24,217,2170,-18.9518,-18.30717,3.797435,-8.273745,0.129669,0.2454039,-0.1305343,0.2607218,0.7765469,-0.7724766,-0.5256046,0.2693745,-0.3839279,0.3341087,8.026557E-07,-1.926374E-05,24,24,24,24,24,24,24,24,24,24,24,24,24,24,24,24
218,2180,-18.40023,-18.86408,-18.46897,-0.7312209,-18.82791,-20.24331,-18.88976,-7.274907,1.735267,5.292021,-3.208415,-14.6257,-23.34792,-19.58116,-19.68334,-18.81258,24,24,24,24,24,24,24,24,24,24,24,24,24,24,24,24,218,2180,-19.48921,-18.57039,2.74986,-8.273745,0.654951,-3.531685E-05,0.2612628,-0.1304091,-0.5176808,0.2574928,0.1313755,-0.1347466,1.765843E-05,-0.1113476,8.026557E-07,0.3390546,24,24,24,24,24,24,24,24,24,24,24,24,24,24,24,24
219,2190,-18.88122,-19.4687,-18.9613,-0.609369,-18.94861,-20.61355,-19.78306,-6.773356,1.611401,4.18439,-2.614219,-14.75177,-22.15767,-19.58116,-18.96796,-19.53571,24,24,24,24,24,24,24,24,24,24,24,24,24,24,24,24,219,2190,-19.2205,-20.41292,3.797435,-7.756635,-0.3956137,0.3681236,-0.1305343,-1.434182,0.3882783,1.416208,0.5255661,0.9429085,-0.3839279,0.3341087,0.4817924,0.1130043,24,24,24,24,24,24,24,24,24,24,24,24,24,24,24,24
220,2200,-18.64073,-19.9524,-18.9613,-1.584188,-19.06929,-20.73696,-19.40022,-8.278008,0.7443388,4.06132,-2.733047,-14.87785,-21.68157,-20.41665,-18.49103,-19.17414,24,24,24,24,24,24,24,24,24,24,24,24,24,24,24,24,220,2200,-20.16097,-19.62326,3.797435,-8.531952,-0.001651865,0.2454039,-0.9141301,-0.391163,0.3882783,0,0.2627766,-0.4041612,-0.63989,0.5568359,0.2408966,-1.926374E-05,24,24,24,24,24,24,24,24,24,24,24,24,24,24,24,24
221,2210,-18.88122,-18.86408,-19.57671,-0.7312209,-19.18998,-20.36672,-19.40022,-7.274907,0.7443388,4.18439,-3.446018,-15.6343,-23.34792,-19.81987,-18.3718,-19.41519,24,24,24,24,24,24,24,24,24,24,24,24,24,24,24,24,221,2210,-19.89227,-19.09682,4.321216,-8.273745,0.2609891,-1.472677,0.1306643,-0.1304091,-0.776526,0.2574928,-0.3942035,0.134668,-0.3839857,0.222745,-0.7226863,-1.130268,24,24,24,24,24,24,24,24,24,24,24,24,24,24,24,24
222,2220,-18.88122,-18.62223,-19.08438,-0.3656642,-19.06929,-20.73696,-18.12407,-8.027232,2.354597,3.938249,-2.020077,-15.50822,-22.63377,-20.77471,-19.80257,-19.17414,24,24,24,24,24,24,24,24,24,24,24,24,24,24,24,24,222,2220,-19.2205,-19.36004,3.928377,-7.49808,-0.7895756,-0.1227549,0.3918629,-3.210623E-05,0.1294331,-0.128746,-0.7883909,0.808202,0.1279401,-0.3340749,-0.240895,-1.926374E-05,24,24,24,24,24,24,24,24,24,24,24,24,24,24,24,24
223,2230,-19.36222,-19.10593,-19.45363,-1.096778,-19.55206,-21.84767,-18.88976,-7.400294,1.735267,4.43053,-1.663591,-14.24747,-21.91962,-18.74568,-18.96796,-20.0178,24,24,24,24,24,24,24,24,24,24,24,24,24,24,24,24,223,2230,-20.16097,-19.62326,4.321216,-9.177435,-0.1329728,0.613566,-0.1305343,0.5214757,0.1294331,-0.2574919,0.2627766,0.6734955,-0.5119675,0.222745,0.3613448,0.2260311,24,24,24,24,24,24,24,24,24,24,24,24,24,24,24,24
224,2240,-18.76097,-18.5013,-19.45363,-0.9749256,-18.58653,-20.49013,-18.88976,-7.901845,1.363669,4.06132,-2.495391,-15.00392,-22.63377,-19.81987,-18.84873,-18.08944,24,24,24,24,24,24,24,24,24,24,24,24,24,24,24,24,224,2240,-19.35486,-19.49165,3.666486,-8.273745,0.5236301,0.3681236,0.5224614,0.3910988,-0.9059478,0.3862387,1.182543,-0.1347466,0.2559204,-0.5568023,-0.1204469,0.2260856,24,24,24,24,24,24,24,24,24,24,24,24,24,24,24,24
225,2250,-19.36222,-19.22685,-19.20746,-0.9749256,-18.22445,-21.35402,-19.01737,-8.15262,2.106865,3.322899,-2.733047,-15.25607,-22.39572,-20.77471,-19.32565,-19.05362,24,24,24,24,24,24,24,24,24,24,24,24,24,24,24,24,225,2250,-19.35486,-20.80775,4.452164,-7.49808,-0.001651865,0.2454039,0.1306643,-0.6519201,0.2588564,0.9012234,-0.7883909,0.6734955,-0.5119675,0.3341087,8.026557E-07,-0.3390386,24,24,24,24,24,24,24,24,24,24,24,24,24,24,24,24
226,2260,-18.76097,-18.5013,-18.46897,-1.340483,-18.82791,-19.99648,-18.76214,-7.024131,1.611401,5.292021,-2.257733,-14.1214,-23.2289,-19.10375,-19.20642,-19.05362,24,24,24,24,24,24,24,24,24,24,24,24,24,24,24,24,226,2260,-20.02662,-19.22843,4.190274,-7.885912,0.129669,-0.4909171,-0.6529315,-0.1304091,0.6471235,0,1.182543,-0.4041612,-0.2560054,0.222745,-0.2408946,0.452136,24,24,24,24,24,24,24,24,24,24,24,24,24,24,24,24
227,2270,-19.84322,-20.31516,-20.06904,-0.9749256,-19.67276,-20.98378,-19.78306,-8.027232,0.9920712,4.43053,-1.663591,-12.98672,-22.15767,-20.17794,-18.3718,-19.41519,24,24,24,24,24,24,24,24,24,24,24,24,24,24,24,24,227,2270,-19.08615,-19.36004,3.666538,-7.756635,0.2609891,-0.4909171,-0.1305343,0.1303449,-0.5176808,0.3862387,-0.3942035,-0.2694531,-4.173809E-05,0.222745,-0.3613428,-0.6781124,24,24,24,24,24,24,24,24,24,24,24,24,24,24,24,24
228,2280,-18.52048,-19.58962,-18.46897,-1.340432,-18.58653,-21.10719,-18.88976,-8.027232,0.3727413,3.445969,-2.970704,-14.75177,-23.34792,-20.29729,-19.32565,-20.01781,24,24,24,24,24,24,24,24,24,24,24,24,24,24,24,24,228,2280,-18.9518,-19.62326,3.666538,-8.144467,-0.6582547,0.1226843,0.2612628,-3.210623E-05,0.3882783,-1.158715,-0.2628087,-0.1347466,0.511884,-0.4454386,0.1204489,0.1130621,24,24,24,24,24,24,24,24,24,24,24,24,24,24,24,24
229,2290,-19.24197,-19.4687,-19.57671,-0.8530223,-18.94861,-21.35402,-20.54875,-7.65107,0.6204729,4.5536,-3.32719,-15.13,-24.30012,-21.01342,-20.2795,-18.81258,24,24,24,24,24,24,24,24,24,24,24,24,24,24,24,24,229,2290,-20.02662,-18.8336,3.273699,-8.919242,0.129669,0.1226843,-0.1305343,0.6518527,-1.164793,-0.5149847,-1.605311E-05,0.6734955,-4.173809E-05,0.5568359,-0.2408946,0.3391124,24,24,24,24,24,24,24,24,24,24,24,24,24,24,24,24
230,2300,-19.96347,-18.985,-19.57671,-0.4874648,-19.79344,-21.35402,-19.40022,-7.274907,1.239803,3.938249,-2.851876,-15.25607,-22.87182,-21.13277,-20.2795,-20.13833,24,24,24,24,24,24,24,24,24,24,24,24,24,24,24,24,230,2300,-19.08615,-18.96521,2.095182,-7.885912,0.2609891,0.4908464,0.1306643,-0.260786,-0.776526,0.1287468,0.5255661,-0.1347466,0.1279401,-0.3340749,0.2408966,0.1130621,24,24,24,24,24,24,24,24,24,24,24,24,24,24,24,24
231,2310,-21.04572,-20.91979,-20.68445,-1.340432,-20.5176,-22.71157,-19.65545,-8.027232,1.611401,3.815179,-3.089533,-15.38215,-23.34792,-20.65536,-19.9218,-20.49989,24,24,24,24,24,24,24,24,24,24,24,24,24,24,24,24,231,2310,-19.48921,-20.41292,3.535589,-8.661049,0.129669,0.4908464,-0.5223843,-0.9126741,0.1294331,0.2574928,-0.3942035,0.2693745,-0.5119675,0.222745,0.6022406,0.452136,24,24,24,24,24,24,24,24,24,24,24,24,24,24,24,24
232,2320,-20.44447,-19.58962,-21.0537,-0.9748743,-21.00036,-22.58815,-20.1659,-8.278008,1.363669,3.815179,-2.970704,-15.38215,-22.87182,-20.41665,-19.32565,-19.53572,24,24,24,24,24,24,24,24,24,24,24,24,24,24,24,24,232,2320,-20.16097,-18.57039,4.190325,-7.49808,0.39231,-0.6136335,-1.044782,0.2607732,0.3882783,-0.2574919,0.5255661,-4.013279E-05,-0.3839857,0.1113813,-0.3613428,0.1130621,24,24,24,24,24,24,24,24,24,24,24,24,24,24,24,24
233,2330,-19.48247,-18.74315,-19.20746,-0.9748743,-18.70722,-21.60085,-18.76214,-7.400294,1.487586,4.06132,-2.851876,-16.6429,-22.7528,-21.13277,-19.68334,-19.53572,24,24,24,24,24,24,24,24,24,24,24,24,24,24,24,24,233,2330,-19.08615,-19.62326,3.928428,-8.015189,0.39231,-0.859076,-0.2611858,0.2607732,-0.388259,0.3862387,-0.7883909,0.5387874,-0.1280236,1.605311E-05,-0.3613428,-0.6781124,24,24,24,24,24,24,24,24,24,24,24,24,24,24,24,24
234,2340,-19.00147,-19.22685,-18.83822,-0.8530223,-18.94861,-21.35402,-18.88976,-7.400294,1.735318,4.43053,-2.376562,-15.50822,-22.87182,-20.29729,-19.80257,-19.41519,24,24,24,24,24,24,24,24,24,24,24,24,24,24,24,24,234,2340,-19.89227,-19.75487,4.845055,-8.531952,-0.3956137,-0.2454746,0.130613,-0.7822458,0.2588548,-0.901223,-0.5255982,0.808202,-0.3839857,-0.3340749,0.2408966,-0.5650889,24,24,24,24,24,24,24,24,24,24,24,24,24,24,24,24
235,2350,-19.84322,-19.58962,-20.06904,-0.7311696,-20.03482,-20.86037,-18.88976,-7.400294,2.354648,4.79974,-2.376615,-14.24747,-22.39572,-19.58116,-18.61027,-20.01781,24,24,24,24,24,24,24,24,24,24,24,24,24,24,24,24,235,2350,-20.56403,-19.22843,3.273699,-9.306532,0.129669,-0.2454746,-0.5223843,0.6519041,-0.388259,-0.3862379,0.3941714,0.404081,0.2559204,-0.3340749,0.7226883,0.2260856,24,24,24,24,24,24,24,24,24,24,24,24,24,24,24,24
236,2360,-18.27998,-19.22685,-18.71513,-1.340432,-18.94861,-22.21791,-19.40022,-8.779558,0.9921225,3.445969,-2.7331,-15.00392,-23.10987,-20.77471,-18.84873,-19.29467,24,24,24,24,24,24,24,24,24,24,24,24,24,24,24,24,236,2360,-19.35486,-20.41292,3.404641,-8.402856,-0.1329728,-0.3681942,0.2612115,-0.7822458,0.3882767,0.2574928,-1.605311E-05,0.1346696,-4.173809E-05,-0.3340749,-0.1204469,0.2260856,24,24,24,24,24,24,24,24,24,24,24,24,24,24,24,24
237,2370,-18.64073,-19.34777,-19.20746,-0.6093176,-19.91413,-20.49013,-19.14499,-7.400294,1.115988,4.676671,-3.446071,-15.38215,-23.34792,-20.29729,-19.68334,-19.17414,24,24,24,24,24,24,24,24,24,24,24,24,24,24,24,24,237,2370,-20.69838,-20.67614,3.535589,-8.015189,-0.9208965,0.7362889,-0.2611858,-0.5214886,0.3882767,0,-0.6569929,0.6734971,-1.023888,1.605311E-05,0.3613448,0.452136,24,24,24,24,24,24,24,24,24,24,24,24,24,24,24,24
238,2380,-18.64073,-19.34777,-19.45363,0.1217974,-19.67276,-21.72426,-19.14499,-7.525682,1.98305,3.815179,-2.257786,-15.00392,-22.75279,-20.77471,-19.44488,-19.41519,24,24,24,24,24,24,24,24,24,24,24,24,24,24,24,24,238,2380,-19.35486,-19.75487,3.928428,-8.402856,-0.1329728,-0.859076,-0.3917843,0.5215271,0.7765453,0.2574928,0.2627766,-1.077694,0.1279449,0.1114327,-0.6022382,-0.791136,24,24,24,24,24,24,24,24,24,24,24,24,24,24,24,24
239,2390,-19.36222,-19.58962,-19.57671,-1.096727,-19.55206,-21.35402,-18.88976,-8.15262,1.859184,4.676671,-2.020129,-14.6257,-22.27669,-19.93923,-19.44488,-20.01781,24,24,24,24,24,24,24,24,24,24,24,24,24,24,24,24,239,2390,-20.69838,-20.41292,4.059377,-8.144467,-0.9208965,-0.2454746,-0.5223843,0.2607732,-0.2588356,-0.2574919,-0.5255982,0.1346696,0.6398707,6.742308E-05,-0.1204469,-0.9041627,24,24,24,24,24,24,24,24,24,24,24,24,24,24,24,24
240,2400,-19.60272,-18.5013,-20.43829,-0.3656129,-19.91413,-20.73696,-19.52783,-7.525682,0.9921225,4.922811,-3.5649,-15.25607,-22.87182,-20.17794,-18.84873,-18.81258,24,24,24,24,24,24,24,24,24,24,24,24,24,24,24,24,240,2400,-20.69838,-20.1497,3.797486,-9.048338,0.5236301,-3.210623E-05,1.284249E-05,0.5215271,0.3882767,-1.287461,0.1313787,0.1346696,-0.1280188,0.668251,0.1204489,0.3390546,24,24,24,24,24,24,24,24,24,24,24,24,24,24,24,24
241,2410,-19.12172,-19.58962,-19.69979,-0.6093176,-19.18998,-23.08181,-19.01737,-8.528783,0.8682567,3.815179,-2.970757,-15.13,-23.58597,-21.49084,-19.68334,-19.05362,24,24,24,24,24,24,24,24,24,24,24,24,24,24,24,24,241,2410,-20.83274,-20.41292,3.666538,-9.564724,0.2609891,0.4908464,-0.3917843,1.926374E-05,-1.164795,-0.6437306,0.2627766,0.1346696,-3.692216E-05,0.4455237,0.4817924,0.6781285,24,24,24,24,24,24,24,24,24,24,24,24,24,24,24,24
242,2420,-19.24197,-19.4687,-18.83822,-0.8530223,-19.43137,-20.98378,-19.40022,-7.400294,1.735318,4.43053,-2.970757,-14.75177,-22.99084,-20.29729,-19.68334,-19.29467,24,24,24,24,24,24,24,24,24,24,24,24,24,24,24,24,242,2420,-20.02662,-21.07096,3.273699,-8.144467,-0.001651865,-3.210623E-05,1.284249E-05,-1.434131,0.7765453,0,-1.605311E-05,0.2693761,-0.2560006,-0.4453872,-0.8431344,-0.2260696,24,24,24,24,24,24,24,24,24,24,24,24,24,24,24,24
243,2430,-20.08372,-19.58962,-20.19212,-0.4874648,-19.91413,-22.0945,-19.78306,-7.149519,1.36372,4.5536,-2.970757,-15.25607,-23.46694,-20.77471,-19.20642,-20.0178,24,24,24,24,24,24,24,24,24,24,24,24,24,24,24,24,243,2430,-20.96709,-20.28131,4.059377,-8.790146,0.129669,-3.210623E-05,-0.5223843,1.926374E-05,0.1294314,-0.2574919,0.5255661,-0.134745,-0.7679248,0.2227964,8.026557E-07,-1.926374E-05,24,24,24,24,24,24,24,24,24,24,24,24,24,24,24,24
244,2440,-19.12172,-20.55701,-18.83822,-1.705989,-19.18998,-22.21791,-19.91068,-7.776457,0.4966584,4.06132,-3.327243,-15.38215,-23.82402,-20.41665,-18.84873,-20.62042,24,24,24,24,24,24,24,24,24,24,24,24,24,24,24,24,244,2440,-19.62356,-19.75487,4.190325,-8.015191,-0.001651865,-0.9817956,-0.2611858,0.912658,-0.388259,0.1287468,-0.7883909,-0.5388645,0.383907,0.4455237,-0.7226863,-1.017244,24,24,24,24,24,24,24,24,24,24,24,24,24,24,24,24
245,2450,-19.24197,-19.71055,-18.71513,-0.8530223,-19.91413,-20.98378,-19.52783,-7.274907,1.36372,4.922811,-3.683728,-15.38215,-23.22889,-20.17794,-18.96796,-18.9331,24,24,24,24,24,24,24,24,24,24,24,24,24,24,24,24,245,2450,-20.42968,-20.1497,3.666538,-8.402856,-0.6582555,-0.2454746,1.284249E-05,1.926374E-05,0.7765453,-0.128746,-0.5255982,0.9429117,0.1279449,-0.1112962,8.026557E-07,-0.113046,24,24,24,24,24,24,24,24,24,24,24,24,24,24,24,24
246,2460,-19.12172,-18.62223,-19.45363,0.1217974,-19.18998,-20.36672,-19.2726,-7.776457,2.106917,3.569039,-2.257786,-14.75177,-22.15767,-20.65536,-19.56411,-19.29467,24,24,24,24,24,24,24,24,24,24,24,24,24,24,24,24,246,2460,-19.89227,-20.01809,3.273699,-9.048338,0.5236293,-3.210623E-05,0.52241,0.1303962,-0.5176824,-0.901223,-1.605311E-05,0.4040841,-0.2560006,0.33416,0.2408966,0.5651049,24,24,24,24,24,24,24,24,24,24,24,24,24,24,24,24
247,2470,-19.48247,-19.9524,-19.69979,-1.218579,-19.55206,-21.97109,-19.14499,-7.901845,1.859184,4.676671,-2.257786,-14.87785,-22.87182,-19.93923,-19.32565,-19.77676,24,24,24,24,24,24,24,24,24,24,24,24,24,24,24,24,247,2470,-19.89227,-20.01809,3.273699,-7.885914,0.5236293,-0.1227517,1.605311E-05,-1.043,-0.1294138,0.1287468,0.2627766,0.1346696,0.2559268,-0.5567509,-0.1204469,0.2260311,24,24,24,24,24,24,24,24,24,24,24,24,24,24,24,24
248,2480,-19.84322,-19.9524,-20.3152,-0.1219081,-20.63828,-22.46474,-19.91068,-7.776457,0.9921225,4.676671,-2.970757,-15.38215,-23.34792,-19.70052,-19.08719,-18.9331,24,24,24,24,24,24,24,24,24,24,24,24,24,24,24,24,248,2480,-20.42968,-21.20257,3.666538,-8.531952,-0.9208973,0.4908464,-0.7835798,-0.9126741,-0.2588356,0.3862387,-0.1314108,0.1346696,-0.8959066,-0.1112962,-0.3613428,-0.113046,24,24,24,24,24,24,24,24,24,24,24,24,24,24,24,24
249,2490,-19.12172,-18.86407,-19.20746,-0.8530223,-18.70722,-21.10719,-18.76214,-8.403396,1.239854,3.199829,-2.851929,-15.50822,-23.34792,-21.37148,-18.96796,-18.9331,24,24,24,24,24,24,24,24,24,24,24,24,24,24,24,24,249,2490,-21.10144,-20.41292,3.273699,-8.919242,0.6549502,-0.9817956,-0.6529813,0.5214757,0.6471218,-0.128746,-1.605311E-05,-0.2694515,-0.7679248,0.2227964,-0.1204469,0.3390546,24,24,24,24,24,24,24,24,24,24,24,24,24,24,24,24
250,2500,-18.52047,-19.10592,-19.33055,-0.2437601,-18.94861,-21.10719,-18.88976,-6.773356,1.36372,4.43053,-3.327243,-14.49962,-23.46694,-19.2231,-19.56411,-19.65623,24,24,24,24,24,24,24,24,24,24,24,24,24,24,24,24,250,2500,-20.16097,-20.01809,2.88086,-7.885914,-0.6582555,-0.4909138,-0.2611825,0.6518527,-0.9059494,0.1287468,-1.05118,0.2693761,0.2559268,-0.1112962,-0.7226863,-0.7911938,24,24,24,24,24,24,24,24,24,24,24,24,24,24,24,24
251,2510,-19.72297,-19.83147,-19.45363,-1.218579,-19.43137,-21.35402,-19.2726,-6.898744,1.36372,4.676671,-3.208415,-14.87785,-22.51474,-19.58116,-18.84873,-19.77676,24,24,24,24,24,24,24,24,24,24,24,24,24,24,24,24,251,2510,-20.02662,-20.28131,3.928428,-9.564724,-0.1329736,1.104448,-0.6529813,0.3910988,9.631868E-06,-1.287462,0.9197471,0.1346696,-0.1280188,6.742308E-05,0.6022402,0.2260311,24,24,24,24,24,24,24,24,24,24,24,24,24,24,24,24
252,2520,-19.00147,-19.9524,-19.69979,-1.340432,-19.18998,-22.34133,-19.78306,-8.15262,1.115988,2.953688,-2.970757,-15.00392,-23.22889,-20.65536,-19.08719,-19.53571,24,24,24,24,24,24,24,24,24,24,24,24,24,24,24,24,252,2520,-19.89227,-20.1497,3.011802,-9.048338,0.5236293,0.4908464,0.2612146,-0.1304091,-0.9059494,0.6437315,0.6569576,-0.404158,0.2559268,-0.2226599,0.2408966,0.1130043,24,24,24,24,24,24,24,24,24,24,24,24,24,24,24,24
253,2530,-19.24197,-19.22685,-19.45363,-0.6093176,-20.27621,-21.35402,-19.91068,-7.65107,1.115988,4.5536,-3.683728,-15.6343,-23.94304,-20.29729,-19.80257,-19.29467,24,24,24,24,24,24,24,24,24,24,24,24,24,24,24,24,253,2530,-19.62356,-20.67614,3.14275,-8.402856,0.2609883,-0.1227517,0.1306145,-1.043051,-0.6471042,0.5149855,-0.2628119,0.4040841,-0.2560006,-1.002205,-0.1204469,-0.4521199,24,24,24,24,24,24,24,24,24,24,24,24,24,24,24,24
254,2540,-19.84322,-19.83147,-19.82288,-0.3656129,-19.43137,-21.97109,-19.40022,-7.274907,1.487586,3.815179,-2.970757,-15.76037,-22.75279,-21.72955,-20.16026,-19.89728,24,24,24,24,24,24,24,24,24,24,24,24,24,24,24,24,254,2540,-20.69838,-20.41292,4.190325,-8.402856,0.5236293,-0.3681942,-1.175378,-0.1304091,0.5177001,-0.3862379,-0.1314172,-0.134745,-0.7679248,6.742308E-05,-0.3613428,0.6781285,24,24,24,24,24,24,24,24,24,24,24,24,24,24,24,24
255,2550,-19.96347,-20.31516,-19.82288,-0.9748743,-19.79344,-22.34133,-19.65545,-8.15262,1.487586,3.815179,-2.614272,-14.6257,-21.91962,-19.93923,-19.80257,-21.22303,24,24,24,24,24,24,24,24,24,24,24,24,24,24,24,24,255,2550,-20.83274,-19.75487,3.14275,-8.273746,0.2609883,-1.349954,0.3918132,0.3910988,-0.5176824,0.1287468,-0.1314172,-3.692216E-05,-3.692216E-05,-0.1112962,-0.8431344,-1.017244,24,24,24,24,24,24,24,24,24,24,24,24,24,24,24,24
256,2560,-19.84322,-19.71055,-20.80754,-0.6093176,-20.63828,-21.47743,-20.42113,-7.65107,0.7443901,4.30746,-3.208415,-16.01252,-24.18109,-20.89406,-19.9218,-18.9331,24,24,24,24,24,24,24,24,24,24,24,24,24,24,24,24,256,2560,-19.89227,-19.75487,3.011802,-9.048338,-0.7895764,0.1226875,-0.130584,-0.1304091,0.5177001,-1.029969,-0.6569993,-0.404158,0.383907,0.1114327,8.026557E-07,-0.6781702,24,24,24,24,24,24,24,24,24,24,24,24,24,24,24,24
257,2570,-19.36222,-20.07332,-19.69979,-1.340432,-19.55206,-22.71157,-19.40022,-8.654171,1.487586,3.445969,-3.683728,-15.38215,-23.46694,-21.8489,-20.04103,-19.89728,24,24,24,24,24,24,24,24,24,24,24,24,24,24,24,24,257,2570,-21.2358,-20.28131,3.797486,-8.919242,0.3923092,0.8590086,-0.2611825,0.2607218,-0.9059494,-0.3862379,-0.1314172,0.2693761,-0.2560006,-0.1112962,8.026557E-07,0.3390546,24,24,24,24,24,24,24,24,24,24,24,24,24,24,24,24
258,2580,-19.48247,-20.31516,-19.69979,-0.6093176,-20.03482,-22.21791,-20.03829,-7.400294,0.7443901,5.045881,-3.5649,-15.50822,-24.89524,-21.01342,-20.51796,-20.49989,24,24,24,24,24,24,24,24,24,24,24,24,24,24,24,24,258,2580,-20.96709,-21.20257,3.404641,-8.402856,0.5236293,-0.1227517,0.3918132,-1.173428,-0.2588356,0.6437315,-2.247436E-05,-3.692216E-05,0.383907,-0.6681145,-0.7226863,-1.926374E-05,24,24,24,24,24,24,24,24,24,24,24,24,24,24,24,24
259,2590,-20.44447,-20.79886,-21.17678,-1.218579,-21.12106,-22.46474,-20.67636,-8.15262,1.115988,4.5536,-2.376615,-14.37355,-23.82402,-21.61019,-20.63719,-20.25885,24,24,24,24,24,24,24,24,24,24,24,24,24,24,24,24,259,2590,-21.77321,-21.86062,3.666531,-8.531952,-0.6582555,0.2454072,-0.9141799,-0.52154,0.1294314,0.5149855,-0.1314172,-0.134745,-0.3839808,-0.1112962,0.2408966,0.4520782,24,24,24,24,24,24,24,24,24,24,24,24,24,24,24,24
260,2600,-20.68497,-20.91979,-19.82287,-0.8530215,-20.39691,-23.69887,-21.05921,-9.531884,-0.2465373,2.584477,-3.802556,-16.1386,-23.94304,-21.8489,-19.32565,-21.10251,24,24,24,24,24,24,24,24,24,24,24,24,24,24,24,24,260,2600,-22.17627,-21.99223,3.928422,-8.919242,0.7862711,-0.7363531,-0.3917827,-0.260786,0.1294314,-0.2574919,-0.1314172,-0.6735726,-0.3839808,6.742308E-05,-0.7226863,-0.2260696,24,24,24,24,24,24,24,24,24,24,24,24,24,24,24,24
261,2610,-20.20397,-20.55701,-21.17678,-0.6093168,-21.00036,-22.21791,-20.54875,-8.403396,0.6205243,3.938249,-3.683728,-15.50822,-25.01427,-21.49084,-20.2795,-20.25885,24,24,24,24,24,24,24,24,24,24,24,24,24,24,24,24,261,2610,-20.29533,-20.28131,2.226117,-8.661049,-0.5269354,-0.3681942,1.605311E-05,-3.210623E-05,0.2588548,-0.2574919,-1.313976,-3.692216E-05,0.1279449,-0.1112962,-0.240895,-0.2260696,24,24,24,24,24,24,24,24,24,24,24,24,24,24,24,24
262,2620,-19.84322,-19.58962,-19.82287,-0.2437593,-20.03482,-21.97108,-19.91068,-7.901845,1.487586,3.569039,-2.614272,-14.75177,-23.22889,-20.77471,-19.44488,-19.89728,24,24,24,24,24,24,24,24,24,24,24,24,24,24,24,24,262,2620,-20.96709,-20.80775,3.666531,-8.919242,-0.2642936,0.8590053,-0.130584,-0.1304091,0.1294314,-1.287462,0.1313755,0.6734971,0.2559268,0.8909783,-0.240895,-1.926374E-05,24,24,24,24,24,24,24,24,24,24,24,24,24,24,24,24
263,2630,-20.32422,-21.28256,-20.56137,-1.340431,-20.63828,-21.60085,-20.03829,-8.15262,0.7443901,2.953688,-3.446071,-16.01252,-23.82402,-21.49084,-20.16026,-20.86146,24,24,24,24,24,24,24,24,24,24,24,24,24,24,24,24,263,2630,-19.48921,-19.88648,2.357066,-7.885912,0.3923092,-3.531685E-05,0.6530117,-0.6519201,9.631868E-06,0.6437315,0.6569576,-3.692216E-05,1.407758,-0.5567509,0.2408966,0.5651049,24,24,24,24,24,24,24,24,24,24,24,24,24,24,24,24
264,2640,-20.56472,-19.83147,-20.43829,-0.6093168,-21.48312,-22.0945,-20.80398,-8.528783,0.7443901,3.322899,-4.3967,-16.26468,-23.82402,-20.77471,-20.04103,-19.89728,24,24,24,24,24,24,24,24,24,24,24,24,24,24,24,24,264,2640,-20.42968,-20.80775,3.404634,-8.273745,0.2609883,0.613566,-0.3917827,-0.9126741,9.631868E-06,0.5149855,0.2627702,-0.404158,-0.2560006,-0.6681145,-0.1204469,0.5651049,24,24,24,24,24,24,24,24,24,24,24,24,24,24,24,24
265,2650,-20.08372,-19.9524,-20.06904,-0.9748735,-20.03482,-22.58815,-19.78306,-8.15262,1.735318,2.584477,-2.495443,-15.38215,-23.58597,-21.72955,-20.04103,-19.89728,24,24,24,24,24,24,24,24,24,24,24,24,24,24,24,24,265,2650,-20.83274,-20.93936,4.05937,-7.756635,0.2609883,-0.6136367,-1.044778,0.1303449,0.1294828,0.1287468,0.6569576,-0.8082791,-0.1280188,0.4455237,0.2408966,0.1130043,24,24,24,24,24,24,24,24,24,24,24,24,24,24,24,24
266,2660,-19.84322,-19.83147,-19.82287,-0.3656121,-20.5176,-22.0945,-19.52783,-7.65107,1.611452,3.938249,-3.208415,-16.01252,-23.58597,-20.77471,-20.63719,-20.62042,24,24,24,24,24,24,24,24,24,24,24,24,24,24,24,24,266,2660,-19.89227,-20.1497,3.142744,-8.531952,-0.2642936,-0.6136367,0.2612146,0.3910988,-0.7764763,0.1287468,-0.6569993,-0.2694515,-3.692216E-05,-0.4453872,-0.6022386,-0.9042205,24,24,24,24,24,24,24,24,24,24,24,24,24,24,24,24
267,2670,-20.68497,-19.9524,-20.80753,-1.096726,-21.00036,-22.46474,-19.52783,-8.278008,0.9921225,3.938249,-3.44602,-15.76037,-23.82402,-20.17794,-20.04103,-20.74094,24,24,24,24,24,24,24,24,24,24,24,24,24,24,24,24,267,2670,-20.02662,-20.54453,3.79748,-9.048338,-0.3956145,-0.3681974,-0.5223812,-3.210623E-05,0.5177515,-0.901223,0.3941714,0.1346696,-0.3839808,0.2227964,0.2408966,0.5651049,24,24,24,24,24,24,24,24,24,24,24,24,24,24,24,24
268,2680,-20.68497,-20.31516,-20.06904,-1.096726,-20.5176,-23.69887,-19.65545,-9.281109,0.8682567,2.953688,-3.44602,-16.26468,-25.13329,-22.68439,-20.87565,-20.13833,24,24,24,24,24,24,24,24,24,24,24,24,24,24,24,24,268,2680,-20.02662,-19.49165,2.618956,-9.435629,-0.1329736,0.7362857,-0.5223812,0.3910988,-1.035321,-0.2574919,-0.1314108,-0.134745,0.1279449,6.742308E-05,-0.240895,0.7911552,24,24,24,24,24,24,24,24,24,24,24,24,24,24,24,24
269,2690,-19.72297,-20.07332,-19.82287,-0.9748735,-20.27621,-21.84767,-19.52783,-7.65107,1.611452,4.43053,-3.802505,-15.6343,-23.82402,-20.536,-20.51796,-20.49989,24,24,24,24,24,24,24,24,24,24,24,24,24,24,24,24,269,2690,-19.62356,-20.41292,3.535583,-8.144467,-0.1329736,-0.3681974,0.3918132,-1.173428,0.1294828,0.2574928,0.2627766,0.5387906,0.2559268,-0.6681145,8.026557E-07,-0.3390931,24,24,24,24,24,24,24,24,24,24,24,24,24,24,24,24
270,2700,-20.80522,-20.91979,-21.66911,-0.3656121,-21.36243,-22.21791,-20.29352,-8.278008,0.9921225,4.30746,-2.851877,-15.50822,-22.99084,-21.01342,-19.9218,-20.62042,24,24,24,24,24,24,24,24,24,24,24,24,24,24,24,24,270,2700,-20.42968,-20.54453,3.666531,-8.015189,0.3923092,0.613566,-1.305977,0.5214757,-0.2587842,0,-1.605311E-05,0.4040841,-0.6399446,0.2227964,-0.1204469,0.6781285,24,24,24,24,24,24,24,24,24,24,24,24,24,24,24,24
271,2710,-19.84322,-20.67794,-19.94596,-1.218579,-20.27621,-23.0818,-19.91068,-8.779558,1.115988,2.953688,-3.683677,-16.39075,-22.87182,-20.89406,-19.68334,-20.62042,24,24,24,24,24,24,24,24,24,24,24,24,24,24,24,24,271,2710,-21.63885,-21.07096,4.32126,-8.919242,0.2609883,-0.8590792,0.2612146,-3.210623E-05,-0.2587842,-0.3862379,0.1313787,-0.8082791,0.383907,0.1114327,-0.3613428,-0.3390931,24,24,24,24,24,24,24,24,24,24,24,24,24,24,24,24
272,2720,-19.24197,-19.71055,-20.06904,-0.1219073,-20.39691,-21.23061,-19.65545,-7.400294,0.8682567,4.06132,-3.564848,-16.26468,-24.30012,-20.77471,-20.51796,-19.89728,24,24,24,24,24,24,24,24,24,24,24,24,24,24,24,24,272,2720,-20.83274,-20.54453,3.011795,-8.015189,-0.7895764,-3.531685E-05,-0.3917827,0.2607218,0.388328,-0.3862379,-0.6569929,0.2693761,0.2559268,-0.4453872,8.026557E-07,-0.113046,24,24,24,24,24,24,24,24,24,24,24,24,24,24,24,24
273,2730,-20.08372,-19.58962,-19.82287,-0.487464,-20.5176,-22.58815,-19.65545,-7.65107,1.239854,3.445969,-3.44602,-15.50822,-23.10987,-20.65536,-19.68334,-19.65623,24,24,24,24,24,24,24,24,24,24,24,24,24,24,24,24,273,2730,-20.16097,-20.28131,3.011795,-9.564724,0.2609883,0.4908432,0.3918132,0.6518527,-0.1293624,-0.901223,0.6569608,0.6734971,-0.2560006,0.2227964,-0.1204469,0.2260311,24,24,24,24,24,24,24,24,24,24,24,24,24,24,24,24
274,2740,-19.96347,-20.55702,-20.43829,-1.949693,-20.63828,-22.71156,-20.03829,-8.654171,0.1250606,3.322898,-4.158992,-16.76897,-24.18109,-21.96826,-20.2795,-20.62042,24,24,24,24,24,24,24,24,24,24,24,24,24,24,24,24,274,2740,-20.42968,-20.67614,2.880853,-8.531952,-0.001652668,-0.2454778,0.3918132,-0.391163,-0.2587842,0,-0.1314108,-3.692216E-05,-3.692216E-05,-0.2226599,0.2408966,-1.926374E-05,24,24,24,24,24,24,24,24,24,24,24,24,24,24,24,24
275,2750,-20.56472,-20.19425,-21.0537,-0.7311687,-21.48312,-22.0945,-20.67636,-8.15262,0.3727926,4.43053,-4.040162,-15.76037,-24.77622,-20.89406,-19.44488,-20.37937,24,24,24,24,24,24,24,24,24,24,24,24,24,24,24,24,275,2750,-20.02662,-20.80775,3.142744,-8.144467,0.2609883,0.1226843,0.2612146,-0.7822971,-0.2587842,0.3862387,-0.1314108,0.4040841,-0.2560006,-0.2226599,8.026557E-07,-0.113046,24,24,24,24,24,24,24,24,24,24,24,24,24,24,24,24
276,2760,-20.32422,-20.31517,-20.56137,-0.6093184,-20.15552,-22.0945,-20.54875,-7.400294,0.8682567,3.569039,-2.970706,-15.88645,-23.58597,-21.8489,-20.75642,-20.37937,24,24,24,24,24,24,24,24,24,24,24,24,24,24,24,24,276,2760,-20.83274,-20.01809,3.535583,-8.531952,0.7862711,-0.7363563,-0.3917827,0.2607218,0.6471732,-0.7724766,0.3941714,-0.404158,-0.2560006,-0.1112962,8.026557E-07,-0.6781702,24,24,24,24,24,24,24,24,24,24,24,24,24,24,24,24
277,2770,-21.04572,-21.88719,-21.0537,-1.705989,-21.60381,-23.82228,-20.42113,-8.528783,1.735318,3.815179,-3.089535,-16.26468,-24.30012,-22.32632,-21.11411,-21.46408,24,24,24,24,24,24,24,24,24,24,24,24,24,24,24,24,277,2770,-19.48921,-20.1497,3.404634,-7.110249,-0.5269354,-0.7363563,0.1306145,0.5214757,-0.6470528,0.1287468,-0.5255982,0.6734971,-0.2560006,0.1114327,-0.6022386,-0.7911938,24,24,24,24,24,24,24,24,24,24,24,24,24,24,24,24
278,2780,-20.80522,-20.19425,-21.91528,-0.7311704,-21.8452,-23.45204,-21.56967,-8.403396,0.001194352,3.815179,-4.515477,-16.6429,-25.13329,-22.20697,-21.35257,-20.86146,24,24,24,24,24,24,24,24,24,24,24,24,24,24,24,24,278,2780,-20.29533,-21.20257,3.79748,-9.177435,-0.2642936,-0.4909171,1.605311E-05,-3.210623E-05,0.1294828,-1.416208,0.3941714,0.4040841,-0.3839808,0.4455237,0.2408966,-1.926374E-05,24,24,24,24,24,24,24,24,24,24,24,24,24,24,24,24
279,2790,-20.80522,-20.91979,-21.29987,-0.2437609,-20.63828,-23.45204,-20.03829,-8.403396,1.115988,3.322898,-3.802505,-17.39935,-24.65719,-22.44567,-21.59103,-20.86146,24,24,24,24,24,24,24,24,24,24,24,24,24,24,24,24,279,2790,-20.16097,-19.36004,3.142744,-8.661049,-0.1329736,0.3681236,-0.2611825,0.5214757,-0.5176311,-0.6437306,-1.605311E-05,-0.134745,0.1279449,0.4455237,0.4817924,0.2260311,24,24,24,24,24,24,24,24,24,24,24,24,24,24,24,24
280,2800,-21.64697,-21.88719,-21.54603,-1.462285,-21.7245,-24.19252,-21.18682,-8.904945,1.611452,3.445969,-2.257735,-15.38215,-23.22889,-21.01342,-20.87565,-21.46408,24,24,24,24,24,24,24,24,24,24,24,24,24,24,24,24,280,2800,-19.35486,-19.62326,2.488014,-6.980972,0.7862711,0.1226843,-0.130584,-0.391163,-0.6470528,0.5149855,-0.2628087,-0.5388645,0.383907,-0.6681145,-0.4817909,-0.4521199,24,24,24,24,24,24,24,24,24,24,24,24,24,24,24,24
281,2810,-20.68497,-19.34778,-20.68445,-0.3656137,-20.51759,-21.84767,-20.42113,-8.904945,0.3727413,3.322898,-3.921333,-16.26468,-24.06207,-21.01342,-19.56411,-20.25885,24,24,24,24,24,24,24,24,24,24,24,24,24,24,24,24,281,2810,-20.29533,-20.54453,3.535583,-8.273745,0.3923092,0.4908432,-1.044778,-0.260786,9.631868E-06,0.5149855,0.3941714,0.1346696,-0.8959066,-0.2226599,0.3613443,0.4520782,24,24,24,24,24,24,24,24,24,24,24,24,24,24,24,24
282,2820,-19.96347,-20.07332,-20.06904,-0.2437609,-20.15551,-22.34133,-19.40022,-8.027232,2.354597,3.076758,-2.614221,-16.1386,-23.34792,-22.08761,-20.39873,-19.53571,24,24,24,24,24,24,24,24,24,24,24,24,24,24,24,24,282,2820,-20.02662,-20.1497,3.666531,-8.402856,0.2609883,-1.104518,-0.2611825,0.1303449,0.3882767,0.6437315,0.1313787,-0.9429856,0.383907,0.7796146,-0.6022386,-0.4521199,24,24,24,24,24,24,24,24,24,24,24,24,24,24,24,24
283,2830,-20.56472,-20.67794,-19.69979,-0.6093184,-20.03482,-22.21791,-18.76214,-8.027232,1.115937,4.30746,-2.495391,-15.38215,-23.70499,-20.05858,-20.39873,-21.22303,24,24,24,24,24,24,24,24,24,24,24,24,24,24,24,24,283,2830,-19.2205,-19.49165,3.404634,-7.885912,-0.9208973,-0.4909171,0.6530117,0.2607218,-0.388259,0.1287468,-1.18253,0.2693761,-3.692216E-05,-0.6681145,-0.7226863,-0.4521199,24,24,24,24,24,24,24,24,24,24,24,24,24,24,24,24
284,2840,-20.80522,-20.55702,-21.17678,-0.9748751,-20.51759,-22.58815,-20.42113,-8.403395,0.7443388,3.569038,-3.089533,-15.25607,-23.70499,-21.13277,-20.2795,-19.29467,24,24,24,24,24,24,24,24,24,24,24,24,24,24,24,24,284,2840,-20.02662,-20.01809,3.79748,-9.177435,0.2609883,0.4908432,-0.2611825,-0.260786,-0.1294138,-1.029969,-0.1313658,-0.134745,-0.7679248,0.33416,8.026557E-07,-0.113046,24,24,24,24,24,24,24,24,24,24,24,24,24,24,24,24
285,2850,-20.32422,-20.07332,-19.33055,-1.096727,-19.67275,-22.83498,-19.78306,-9.155721,0.9920712,2.461407,-3.802503,-16.39075,-24.30012,-21.37148,-19.68334,-20.86146,24,24,24,24,24,24,24,24,24,24,24,24,24,24,24,24,285,2850,-20.02662,-19.49165,2.488014,-8.661049,0.5236293,-3.531685E-05,0.5224133,-0.1304091,9.631868E-06,0.2574928,0.657009,-0.404158,0.2559797,-0.1112962,8.026557E-07,-1.926374E-05,24,24,24,24,24,24,24,24,24,24,24,24,24,24,24,24
286,2860,-19.84322,-20.31517,-19.57671,-1.21858,-19.91413,-22.0945,-19.01737,-7.776456,0.8682054,4.06132,-3.683675,-15.76037,-23.46694,-21.25213,-20.87565,-20.13833,24,24,24,24,24,24,24,24,24,24,24,24,24,24,24,24,286,2860,-19.35486,-20.54453,3.666531,-8.015189,-0.2642936,0.2454039,1.605311E-05,-0.7822971,9.631868E-06,0.3862387,-0.5255532,0.4040841,-0.8958536,6.742308E-05,0.3613443,0.6781285,24,24,24,24,24,24,24,24,24,24,24,24,24,24,24,24
287,2870,-20.68497,-19.58963,-20.43829,-0.7311704,-20.3969,-22.21791,-19.65545,-8.278008,0.4966071,4.30746,-2.970704,-14.49962,-23.22889,-19.81987,-19.08719,-20.62042,24,24,24,24,24,24,24,24,24,24,24,24,24,24,24,24,287,2870,-20.96709,-20.80775,3.535583,-8.015189,0.1296674,-0.6136367,-1.044778,0.1303449,0.5177001,-0.128746,0.2628216,-0.2694515,-0.1279642,0.4455237,-0.240895,-0.2260696,24,24,24,24,24,24,24,24,24,24,24,24,24,24,24,24
288,2880,-19.60272,-20.43609,-19.57671,-0.7311704,-19.91413,-22.34133,-18.88976,-8.65417,0.4966071,3.322898,-3.921332,-16.1386,-24.06207,-21.25213,-19.32565,-20.01781,24,24,24,24,24,24,24,24,24,24,24,24,24,24,24,24,288,2880,-20.69838,-20.28131,3.404634,-8.144467,0.3923092,-1.963559,0.1306145,0.3910988,-0.5176824,0.5149855,-0.1313658,-0.134745,0.3839616,0.4455237,-1.204478,-0.7912002,24,24,24,24,24,24,24,24,24,24,24,24,24,24,24,24
289,2890,-19.72297,-19.71055,-20.3152,-0.4874656,-20.75897,-22.21791,-20.1659,-7.525681,0.7443388,4.43053,-3.921332,-15.76037,-24.65719,-21.37148,-20.39873,-20.13833,24,24,24,24,24,24,24,24,24,24,24,24,24,24,24,24,289,2890,-20.02662,-20.54453,4.05937,-8.144467,-1.052217,-0.6136367,0.2612146,-3.210623E-05,0.3882767,-0.901223,-0.1313658,-0.2694515,-0.3839279,0.1114327,-0.3613428,0.3390482,24,24,24,24,24,24,24,24,24,24,24,24,24,24,24,24
290,2900,-20.92547,-20.55701,-20.80754,-0.7311704,-20.87966,-22.21791,-20.1659,-8.152619,1.239803,4.184389,-2.733047,-15.88645,-23.58597,-21.37148,-19.68334,-21.70512,24,24,24,24,24,24,24,24,24,24,24,24,24,24,24,24,290,2900,-19.75792,-19.88648,4.452209,-8.790146,0.1296674,-3.531685E-05,-0.130584,0.6518527,0.2588548,-0.901223,-0.1313658,0.5387906,-0.3839279,0.4455237,0.1204489,0.1130011,24,24,24,24,24,24,24,24,24,24,24,24,24,24,24,24
291,2910,-20.56472,-20.91979,-20.19212,-1.584137,-21.24174,-23.57545,-20.29352,-8.528783,0.1250092,2.953688,-4.04016,-16.01252,-24.18109,-22.08761,-20.87565,-21.22303,24,24,24,24,24,24,24,24,24,24,24,24,24,24,24,24,291,2910,-20.42968,-19.36004,2.880808,-8.661049,0.2609883,-0.4909171,1.605311E-05,-0.7822971,-0.5176824,-0.3862379,-0.1313658,-0.404158,0.5119434,-0.4453872,-0.3613428,0.2260246,24,24,24,24,24,24,24,24,24,24,24,24,24,24,24,24
292,2920,-20.92547,-20.19424,-20.43829,-0.4875162,-20.87966,-21.60085,-20.42113,-7.651069,0.6204729,4.06132,-3.564847,-16.1386,-24.18109,-20.536,-20.16026,-21.10251,24,24,24,24,24,24,24,24,24,24,24,24,24,24,24,24,292,2920,-20.83274,-20.93936,4.059325,-7.11025,-0.2642936,0.613566,0.2612146,-0.6519201,-0.1294138,0.3862387,2.88956E-05,0.8082036,-0.5119081,0.1114327,0.2408966,-2.568498E-05,24,24,24,24,24,24,24,24,24,24,24,24,24,24,24,24
293,2930,-20.08372,-19.83147,-20.19212,-0.9749256,-20.5176,-22.0945,-19.65545,-8.65417,1.363669,3.445969,-2.614219,-16.39075,-23.82402,-22.92309,-20.16026,-19.29467,24,24,24,24,24,24,24,24,24,24,24,24,24,24,24,24,293,2930,-19.2205,-19.49165,3.797435,-7.885914,-0.1329736,-0.9817988,-0.5223812,-0.260786,0.6471218,-0.3862379,0.1314268,-1.347107,0.2559797,6.742308E-05,-0.3613428,-0.1130492,24,24,24,24,24,24,24,24,24,24,24,24,24,24,24,24
294,2940,-21.04572,-21.40349,-20.80753,-0.8530737,-20.87967,-23.69887,-20.03829,-8.278008,1.611401,3.569038,-3.208362,-15.6343,-22.99084,-21.13277,-19.44488,-22.18721,24,24,24,24,24,24,24,24,24,24,24,24,24,24,24,24,294,2940,-20.16097,-19.22843,3.797435,-7.368804,-0.1329736,-0.7363563,-0.130584,0.2607218,-0.2588356,0.3862387,0.1314268,-0.6735726,0.2559797,0.4455237,-1.204478,-1.130274,24,24,24,24,24,24,24,24,24,24,24,24,24,24,24,24
295,2950,-20.68497,-19.9524,-20.93062,-0.7312209,-21.00036,-21.84767,-20.67637,-8.278008,0.4966071,3.076758,-3.446018,-16.6429,-24.77622,-20.89406,-19.80257,-19.53572,24,24,24,24,24,24,24,24,24,24,24,24,24,24,24,24,295,2950,-19.35486,-19.62326,4.321216,-8.661048,-0.7895764,-0.7363563,0.2612115,-0.7822971,1.03539,-0.5149847,-0.3941553,-0.404158,0.1279979,-0.4453872,8.026557E-07,0.3390482,24,24,24,24,24,24,24,24,24,24,24,24,24,24,24,24
296,2960,-19.48247,-20.19424,-19.82287,-0.9749256,-20.15552,-23.20522,-19.2726,-8.654171,0.8682054,2.830617,-2.614219,-15.38215,-23.46694,-22.20697,-20.39873,-19.53572,24,24,24,24,24,24,24,24,24,24,24,24,24,24,24,24,296,2960,-21.10144,-19.49165,3.01175,-8.919242,-0.1329736,0.2454039,-0.5223843,0.521479,-0.7765276,0,0.3942163,-0.404158,0.5119434,0.1114327,0.1204489,-0.1130492,24,24,24,24,24,24,24,24,24,24,24,24,24,24,24,24
297,2970,-20.92547,-21.16164,-20.19212,-0.609369,-20.27621,-22.46474,-18.50691,-8.027232,1.363669,4.30746,-2.851876,-15.6343,-23.82402,-21.13277,-20.2795,-21.10251,24,24,24,24,24,24,24,24,24,24,24,24,24,24,24,24,297,2970,-19.89227,-20.28131,3.142699,-7.368804,0.1296674,0.2454039,0.3918115,-0.9126709,-0.258834,-0.128746,-0.2627606,-0.2694515,0.6399236,-0.7794782,-0.240895,-2.568498E-05,24,24,24,24,24,24,24,24,24,24,24,24,24,24,24,24
298,2980,-20.92547,-20.43609,-22.16144,-1.584188,-21.84521,-23.57545,-20.54875,-8.654171,0.8682054,3.938249,-3.564847,-15.25607,-23.70499,-20.65536,-19.80257,-19.53572,24,24,24,24,24,24,24,24,24,24,24,24,24,24,24,24,298,2980,-20.42968,-21.46579,3.404589,-7.885914,-0.3956145,-3.531685E-05,-0.3917843,-0.7822939,1.123718E-05,0.5149855,-0.2627606,-3.692216E-05,-0.63989,-0.2226599,0.3613443,0.1130011,24,24,24,24,24,24,24,24,24,24,24,24,24,24,24,24
299,2990,-19.60272,-19.34777,-19.69979,-0.609369,-19.43137,-21.72426,-18.50691,-8.15262,0.7443388,3.322898,-3.802556,-16.51682,-23.82402,-20.77471,-19.20642,-20.62042,24,24,24,24,24,24,24,24,24,24,24,24,24,24,24,24,299,2990,-21.77321,-20.54453,4.190274,-8.402856,0.5236293,-0.7363563,-0.5223843,0.1303481,0.5177017,0.2574928,-2.247436E-05,-0.6735726,1.765843E-05,0.1114327,-0.6022386,-0.3390996,24,24,24,24,24,24,24,24,24,24,24,24,24,24,24,24
300,3000,-19.36222,-19.83147,-20.43829,-0.4875162,-20.75897,-22.83498,-20.67637,-7.901845,1.115937,4.43053,-2.851929,-15.13,-23.94304,-20.77471,-20.63719,-19.41519,24,24,24,24,24,24,24,24,24,24,24,24,24,24,24,24,300,3000,-19.89227,-19.75487,3.535538,-7.756637,-0.9208973,-0.6136367,-0.1305857,0.1303481,-0.1294122,0.2574928,-1.051187,-0.2694531,-0.255946,-0.5567509,-0.7226863,-0.3390996,24,24,24,24,24,24,24,24,24,24,24,24,24,24,24,24
301,3010,-19.84322,-20.19424,-20.68445,-1.218631,-20.39691,-22.34133,-20.03829,-7.65107,0.9920712,3.569038,-3.208415,-15.25607,-23.34792,-20.77471,-19.44488,-20.86146,24,24,24,24,24,24,24,24,24,24,24,24,24,24,24,24,301,3010,-20.16097,-20.54453,4.452164,-8.402856,0.2609883,0.3681236,0.2612115,-2.88956E-05,0.1294331,-0.5149847,0.2627702,0.404081,-0.3839279,0.1114327,8.026557E-07,-0.9042237,24,24,24,24,24,24,24,24,24,24,24,24,24,24,24,24
302,3020,-19.00147,-20.55701,-19.08438,-1.949745,-19.43137,-22.71157,-19.14499,-8.278008,1.239803,3.322898,-3.5649,-15.50822,-22.99084,-20.89406,-19.20642,-20.86146,24,24,24,24,24,24,24,24,24,24,24,24,24,24,24,24,302,3020,-20.02662,-18.57039,3.535538,-7.756637,0.1296674,0.3681236,0.130613,-0.1304059,-0.5176808,-0.2574919,0.9197471,-4.013279E-05,-0.5119081,-0.2227113,-0.3613428,-0.1130492,24,24,24,24,24,24,24,24,24,24,24,24,24,24,24,24
303,3030,-19.36222,-19.71055,-19.20746,-0.609369,-20.15552,-20.86037,-19.40022,-7.400294,0.3727413,4.30746,-4.277872,-15.13,-24.18109,-21.01342,-19.9218,-18.57153,24,24,24,24,24,24,24,24,24,24,24,24,24,24,24,24,303,3030,-18.81745,-20.54453,4.714055,-7.627359,0.1296674,0.1226843,0.2612115,-1.564556,0.7765469,0.1287468,0.1313755,0.9429085,-0.7678718,-0.8908932,-0.4817909,-0.3390996,24,24,24,24,24,24,24,24,24,24,24,24,24,24,24,24
304,3040,-19.72297,-19.22685,-19.45363,-0.609369,-19.55206,-21.23061,-19.01737,-7.024131,1.487535,3.569038,-2.7331,-15.50822,-23.22889,-21.61019,-19.44488,-19.17414,24,24,24,24,24,24,24,24,24,24,24,24,24,24,24,24,304,3040,-20.29533,-19.49165,4.059325,-7.368804,0.3923092,-0.4909171,-0.783583,0.2607251,0.3882783,-0.3862379,0.6569576,-4.013279E-05,-0.5119081,1.605311E-05,0.2408966,-0.113046,24,24,24,24,24,24,24,24,24,24,24,24,24,24,24,24
305,3050,-20.32422,-20.67794,-20.93062,-1.70604,-21.00036,-22.71157,-20.29352,-8.027232,1.115937,3.938249,-2.495443,-14.87785,-22.99084,-21.13277,-19.9218,-20.62042,24,24,24,24,24,24,24,24,24,24,24,24,24,24,24,24,305,3050,-18.81745,-19.22843,3.535538,-7.11025,-0.5269354,-0.9817988,0.2612115,0.6518559,-0.5176808,0.2574928,-0.6569993,0.134668,0.2559797,0.1113813,-0.9635825,-0.7911938,24,24,24,24,24,24,24,24,24,24,24,24,24,24,24,24
306,3060,-20.68497,-19.9524,-20.3152,-0.609369,-21.00036,-21.84767,-20.42114,-7.65107,0.3727413,3.322898,-4.040213,-16.1386,-24.77622,-21.72955,-19.9218,-19.89728,24,24,24,24,24,24,24,24,24,24,24,24,24,24,24,24,306,3060,-19.75792,-19.09682,4.452164,-8.144468,-1.183538,-0.2454778,0.3918115,-0.6519169,0.5177017,-0.7724766,-0.5256046,0.134668,-0.3839279,-0.2227113,-0.7226863,-1.926374E-05,24,24,24,24,24,24,24,24,24,24,24,24,24,24,24,24
307,3070,-20.08372,-20.67794,-20.68445,-0.2438115,-20.75897,-23.08181,-19.40022,-8.904946,1.859133,3.445969,-2.851929,-16.51682,-23.94304,-23.04245,-21.35257,-19.89728,24,24,24,24,24,24,24,24,24,24,24,24,24,24,24,24,307,3070,-19.75792,-19.22843,3.928377,-8.273746,0.2609883,0.4908432,-0.5223843,0.521479,-1.164793,-0.6437306,0.1313755,0.9429085,-0.1279642,-0.2227113,-0.1204469,0.3390546,24,24,24,24,24,24,24,24,24,24,24,24,24,24,24,24
308,3080,-20.80522,-20.31517,-20.19212,-0.6093184,-20.27621,-22.46474,-19.01737,-7.525682,1.6114,4.30746,-3.089586,-14.87785,-22.87182,-19.70052,-19.20642,-21.34355,24,24,24,24,24,24,24,24,24,24,24,24,24,24,24,24,308,3080,-18.81745,-20.1497,3.404589,-8.273745,-0.1329736,0.1226843,0.2612115,-0.9126709,0.2588564,0.1287468,-2.247436E-05,0.5387874,0.1279979,-1.002257,-0.6022386,-0.2260696,24,24,24,24,24,24,24,24,24,24,24,24,24,24,24,24
309,3090,-20.32422,-19.58963,-21.0537,-0.9748751,-21.00036,-21.60085,-20.03829,-8.278008,0.8682054,3.692109,-3.327243,-16.1386,-24.41914,-21.49084,-20.16026,-19.05362,24,24,24,24,24,24,24,24,24,24,24,24,24,24,24,24,309,3090,-19.75792,-19.62326,4.190274,-7.756635,-0.5269354,0.4908432,-0.6529829,-0.2607828,0.7765469,0.5149855,0.3941649,-0.2694531,-1.023834,-0.2227113,0.1204489,0.4520782,24,24,24,24,24,24,24,24,24,24,24,24,24,24,24,24
310,3100,-20.08372,-19.9524,-19.82287,-0.6093184,-19.91413,-23.32863,-19.65545,-8.403396,1.239803,2.953688,-2.257786,-15.38215,-23.46694,-21.8489,-20.04103,-20.25885,24,24,24,24,24,24,24,24,24,24,24,24,24,24,24,24,310,3100,-19.89227,-19.62326,4.190274,-8.015189,0.5236293,-0.2454264,0.130613,0.391102,-0.1294122,0.3862387,0.3941649,-0.8082823,0.5119434,-0.1113476,-0.6022386,-0.2260696,24,24,24,24,24,24,24,24,24,24,24,24,24,24,24,24
311,3110,-19.84322,-20.19425,-19.08438,-1.340432,-19.43137,-21.23061,-18.88975,-7.525682,1.487535,4.30746,-2.970757,-15.38215,-24.06207,-20.536,-20.16026,-20.0178,24,24,24,24,24,24,24,24,24,24,24,24,24,24,24,24,311,3110,-19.48921,-18.96521,3.928377,-7.756635,-0.6582555,-0.3681461,0.3918115,-2.88956E-05,-0.776526,-1.158715,-0.9197921,-0.1347466,0.2559797,-0.2227113,-0.240895,0.3390546,24,24,24,24,24,24,24,24,24,24,24,24,24,24,24,24
312,3120,-19.72297,-19.71055,-20.06904,-0.9748751,-20.27621,-22.0945,-20.03829,-7.776456,1.6114,4.5536,-2.020129,-13.74317,-22.63377,-19.34245,-19.32565,-19.29467,24,24,24,24,24,24,24,24,24,24,24,24,24,24,24,24,312,3120,-18.9518,-19.09682,4.190274,-8.919242,0.3923092,0.7363371,-0.3917843,0.1303481,0.1294331,-0.7724766,-0.1314172,0.808202,0.2559797,0.3341087,0.1204489,-0.2260696,24,24,24,24,24,24,24,24,24,24,24,24,24,24,24,24
313,3130,-19.00147,-19.34778,-18.34588,-0.7311704,-19.06929,-21.72426,-18.76214,-7.776456,1.611452,2.338337,-3.089586,-15.6343,-23.58597,-21.49084,-19.56411,-19.53571,24,24,24,24,24,24,24,24,24,24,24,24,24,24,24,24,313,3130,-19.08615,-18.43878,2.74986,-7.49808,0.1296674,0.2454553,0.3918115,-0.52154,0.2588564,0,0.2627702,-0.1347466,0.3839616,-1.224986,-0.240895,0.3390546,24,24,24,24,24,24,24,24,24,24,24,24,24,24,24,24
314,3140,-19.60272,-19.71055,-19.57671,-0.7311704,-19.67276,-21.97109,-19.01737,-7.651069,1.115988,4.799792,-2.614272,-14.49962,-23.70499,-20.77471,-20.63719,-19.65623,24,24,24,24,24,24,24,24,24,24,24,24,24,24,24,24,314,3140,-18.68309,-20.01809,4.452164,-7.756635,0.2609883,0.3681749,0.2612115,-1.303802,-0.258834,0.2574928,-0.7883941,0.808202,-0.5119081,-0.5568023,-0.240895,-0.113046,24,24,24,24,24,24,24,24,24,24,24,24,24,24,24,24
315,3150,-20.08372,-20.31517,-20.43829,-0.8530231,-20.03482,-22.0945,-20.03829,-7.274906,1.115988,4.799792,-2.495443,-14.6257,-23.46694,-20.05858,-19.68334,-20.62042,24,24,24,24,24,24,24,24,24,24,24,24,24,24,24,24,315,3150,-19.35486,-18.17556,4.845003,-7.239526,1.180233,-1.104467,-0.3917843,0.6518559,0.5177017,-0.128746,0.2627702,-0.8082823,-0.7678718,1.605311E-05,-0.1204469,-0.113046,24,24,24,24,24,24,24,24,24,24,24,24,24,24,24,24
316,3160,-19.96347,-20.55702,-19.82287,-0.7311704,-19.91413,-23.45204,-20.03829,-8.528783,0.8682567,3.19988,-3.446071,-15.88645,-24.89524,-23.40051,-20.75642,-20.25885,24,24,24,24,24,24,24,24,24,24,24,24,24,24,24,24,316,3160,-18.41439,-18.57039,3.535538,-7.885912,-0.9208973,-0.2454264,-0.1305857,0.2607251,-0.258834,0.2574928,-1.051187,0.1347193,0.1279979,-0.1113476,-0.6022386,-0.9042205,24,24,24,24,24,24,24,24,24,24,24,24,24,24,24,24
317,3170,-20.32422,-20.67794,-20.3152,-0.2437609,-20.75897,-23.45204,-19.91067,-8.528783,0.9921225,4.676722,-3.208415,-14.75177,-23.94304,-20.536,-19.80257,-21.5846,24,24,24,24,24,24,24,24,24,24,24,24,24,24,24,24,317,3170,-18.54874,-19.49165,4.583113,-8.661049,-0.1329736,0.1227357,1.284249E-05,-0.2607828,0.9059687,-1.416208,0.1313755,0.6735469,-0.6399446,0.1113813,-0.1204469,-0.2260696,24,24,24,24,24,24,24,24,24,24,24,24,24,24,24,24
318,3180,-20.44447,-20.67794,-20.56137,-0.3656137,-20.5176,-22.0945,-19.52783,-7.149518,0.9921225,4.061371,-3.208415,-15.6343,-24.30012,-22.68439,-20.75642,-20.86146,24,24,24,24,24,24,24,24,24,24,24,24,24,24,24,24,318,3180,-19.75792,-18.70199,3.01175,-8.661049,-0.2642936,0.4908946,-0.3917843,0.6518559,-0.5176808,0.1287468,0.3941649,1.123718E-05,-0.1280188,0.7795665,0.6022402,0.2260311,24,24,24,24,24,24,24,24,24,24,24,24,24,24,24,24
319,3190,-20.44447,-20.79887,-20.43829,-1.462285,-20.87967,-24.06911,-20.29352,-7.651069,1.239854,3.44602,-2.7331,-15.25607,-22.63377,-20.89406,-19.44488,-21.5846,24,24,24,24,24,24,24,24,24,24,24,24,24,24,24,24,319,3190,-18.9518,-19.49165,3.404589,-7.49808,0.2609883,-0.1227036,0.52241,-0.52154,-0.3882574,0.5149855,0.1313755,-0.1346953,-0.1280188,-0.89089,-0.9635825,-0.113046,24,24,24,24,24,24,24,24,24,24,24,24,24,24,24,24
320,3200,-19.84322,-19.22685,-20.3152,-0.3656137,-20.03482,-21.60085,-20.03829,-7.274906,0.9921225,4.184442,-4.159043,-15.76037,-24.30012,-21.13277,-19.56411,-19.29467,24,24,24,24,24,24,24,24,24,24,24,24,24,24,24,24,320,3200,-19.35486,-19.22843,4.714055,-7.368804,-0.2642936,0.6136174,-1.044782,-0.3911598,1.123718E-05,-0.2574919,-0.2628119,0.4041323,-0.2560006,0.4454755,0.7226883,0.4520782,24,24,24,24,24,24,24,24,24,24,24,24,24,24,24,24
321,3210,-19.84322,-19.34778,-19.82287,-5.61859E-05,-20.03482,-22.34133,-19.2726,-7.400293,1.735318,3.938301,-2.495443,-15.00392,-22.51474,-20.77471,-20.63719,-19.05362,24,24,24,24,24,24,24,24,24,24,24,24,24,24,24,24,321,3210,-19.2205,-18.8336,4.845003,-8.402856,0.7862711,-0.9817474,-0.2611858,-0.1304059,0.2588564,-0.3862379,0.2627702,-0.2694018,0.2559268,-0.4454354,-0.240895,-0.5651435,24,24,24,24,24,24,24,24,24,24,24,24,24,24,24,24
322,3220,-20.08372,-19.58963,-19.94596,-0.6093184,-19.43137,-21.35402,-18.63453,-7.400293,1.859184,4.184442,-2.851929,-14.87785,-23.82402,-19.81987,-19.9218,-20.13833,24,24,24,24,24,24,24,24,24,24,24,24,24,24,24,24,322,3220,-18.68309,-18.70199,4.190274,-7.368804,-0.6582555,-0.3681461,0.130613,1.173364,-0.5176808,0,-0.6569993,0.4041323,0.5118889,0.2227466,8.026557E-07,-0.9042205,24,24,24,24,24,24,24,24,24,24,24,24,24,24,24,24
323,3230,-20.68497,-19.71055,-20.56137,-0.8530231,-21.00036,-22.0945,-20.1659,-8.152619,1.98305,4.184442,-3.089586,-15.00392,-22.87182,-20.05858,-18.7295,-19.65623,24,24,24,24,24,24,24,24,24,24,24,24,24,24,24,24,323,3230,-18.9518,-19.22843,4.452164,-8.402856,-0.2642936,-0.2454264,0.2612115,-0.1304059,1.123718E-05,-0.7724766,0.1313755,0.2694258,-0.1280188,1.926374E-05,0.2408966,0.4520782,24,24,24,24,24,24,24,24,24,24,24,24,24,24,24,24
324,3240,-18.76097,-19.4687,-18.71513,-0.6093176,-18.46583,-21.72426,-18.63453,-7.651069,2.106917,3.19988,-3.089586,-16.1386,-22.75279,-21.37148,-18.49103,-18.81258,24,24,24,24,24,24,24,24,24,24,24,24,24,24,24,24,324,3240,-19.2205,-18.30717,3.404589,-8.273745,0.2609883,0.3681749,-0.2611858,-2.88956E-05,-0.3882574,0.1287468,0.2627702,0.4041323,-0.7679248,0.2227466,-0.1204469,0.3390546,24,24,24,24,24,24,24,24,24,24,24,24,24,24,24,24
325,3250,-19.24197,-19.9524,-19.45363,-0.4874648,-19.67275,-21.60085,-19.2726,-6.898743,1.487586,4.430582,-2.851929,-14.6257,-23.46694,-20.536,-19.80257,-19.41519,24,24,24,24,24,24,24,24,24,24,24,24,24,24,24,24,325,3250,-18.68309,-19.22843,2.618911,-8.273745,0.1296698,-0.2454264,0.6530101,-0.3911598,0.2588564,0.3862387,-2.247436E-05,1.123718E-05,0.2559268,-0.4454354,0.1204489,-0.3390931,24,24,24,24,24,24,24,24,24,24,24,24,24,24,24,24
326,3260,-19.36222,-19.10593,-19.69979,-0.4874648,-18.58652,-21.10719,-19.14498,-6.647969,1.36372,4.553652,-2.970757,-14.75177,-22.87182,-20.29729,-19.08719,-20.13833,24,24,24,24,24,24,24,24,24,24,24,24,24,24,24,24,326,3260,-19.35486,-19.36004,4.190274,-7.885912,-0.001651063,-0.1227549,-0.5223843,-0.3911598,0.2588564,0.5149855,-0.5256046,1.123718E-05,-1.791776,-0.3340717,0.1204489,0.6781285,24,24,24,24,24,24,24,24,24,24,24,24,24,24,24,24
327,3270,-19.72297,-20.79887,-20.80754,-1.705989,-20.3969,-22.34133,-19.52783,-8.152619,0.6205243,3.56909,-2.7331,-15.38215,-22.99084,-20.65536,-19.68334,-20.13833,24,24,24,24,24,24,24,24,24,24,24,24,24,24,24,24,327,3270,-19.75792,-19.36004,4.321216,-7.49808,0.2609899,-0.7363563,-0.2611344,0.2607251,-0.258834,0,-2.247436E-05,-0.4041098,0.1279449,-0.1113444,-0.7226863,-1.926374E-05,24,24,24,24,24,24,24,24,24,24,24,24,24,24,24,24
328,3280,-19.00147,-18.74315,-19.57671,-0.4874648,-19.67275,-20.49013,-19.40022,-6.773355,1.487586,4.307512,-3.446071,-15.00392,-23.46694,-19.70052,-19.08719,-19.05362,24,24,24,24,24,24,24,24,24,24,24,24,24,24,24,24,328,3280,-18.54874,-19.49165,4.714055,-7.110249,-0.6582539,-0.2454778,0.2612628,0.5215271,0.2588564,-0.128746,-2.247436E-05,-0.5388163,-0.1280188,-0.1113444,-0.7226863,-0.2260696,24,24,24,24,24,24,24,24,24,24,24,24,24,24,24,24
329,3290,-19.36222,-18.86408,-19.57671,-0.6093176,-18.82791,-21.23061,-18.76214,-7.02413,1.487535,3.56909,-2.376615,-15.25607,-22.75279,-20.77471,-19.44488,-19.17414,24,24,24,24,24,24,24,24,24,24,24,24,24,24,24,24,329,3290,-19.35486,-19.75487,3.928377,-8.790146,-0.3956129,0.1226843,0.2612628,-0.1303577,-0.1294106,-1.158715,-2.247436E-05,0.4041323,-0.2560006,0.1113829,8.026557E-07,0.2260311,24,24,24,24,24,24,24,24,24,24,24,24,24,24,24,24
330,3300,-19.72297,-19.4687,-19.33055,-0.4874648,-19.18998,-21.35402,-18.76214,-6.522582,1.735267,4.06132,-2.495443,-15.00392,-22.39572,-18.86504,-19.20642,-20.25885,24,24,24,24,24,24,24,24,24,24,24,24,24,24,24,24,330,3300,-19.35486,-18.30717,3.01175,-7.885912,-0.001651063,-0.1227549,6.421245E-05,-0.2607347,-0.7765244,-0.3862379,-0.1314172,-0.2694018,0.2559268,-0.1113444,0.2408966,0.4520782,24,24,24,24,24,24,24,24,24,24,24,24,24,24,24,24
331,3310,-19.72297,-19.10593,-20.19212,-1.218579,-20.27621,-21.10719,-19.14499,-7.400293,1.859133,4.5536,-2.851877,-14.75177,-22.15767,-18.74568,-18.3718,-18.57153,24,24,24,24,24,24,24,24,24,24,24,24,24,24,24,24,331,3310,-18.01133,-20.28131,3.273647,-7.627357,-0.132972,0.7362857,6.421245E-05,-0.9126227,0.6471251,-0.128746,-0.5256046,1.077668,-0.3839808,-1.113619,-0.240895,0.1130043,24,24,24,24,24,24,24,24,24,24,24,24,24,24,24,24
332,3320,-18.27998,-18.985,-18.09972,-1.096727,-18.10376,-21.23061,-18.50691,-7.651069,2.230731,3.322898,-2.020078,-15.38215,-22.39572,-20.41665,-19.08719,-18.57153,24,24,24,24,24,24,24,24,24,24,24,24,24,24,24,24,332,3320,-19.75792,-18.8336,4.452164,-7.368804,0.7862726,-0.7363563,0.2612628,0.5215271,0.3882799,-0.128746,0.2627702,-0.1347466,-0.2560006,0.7795665,0.4817924,-1.926374E-05,24,24,24,24,24,24,24,24,24,24,24,24,24,24,24,24
333,3330,-18.52047,-18.86408,-18.46897,-1.340432,-18.58652,-20.61355,-19.2726,-7.149518,1.363669,5.168951,-2.614221,-13.99532,-22.99084,-18.98439,-19.56411,-19.05362,24,24,24,24,24,24,24,24,24,24,24,24,24,24,24,24,333,3330,-18.28003,-17.78073,3.535538,-8.144467,0.1296698,-1.349958,0.1306643,0.5215271,0.2588581,0.1287468,-0.6569993,-1.077695,-0.3839841,0.7795665,-0.6022386,-0.6781702,24,24,24,24,24,24,24,24,24,24,24,24,24,24,24,24
334,3340,-18.88122,-18.62223,-18.9613,-0.7311696,-19.31067,-20.36672,-19.01737,-7.149518,1.239803,4.43053,-2.376563,-14.49962,-22.63377,-19.93923,-18.49103,-18.81258,24,24,24,24,24,24,24,24,24,24,24,24,24,24,24,24,334,3340,-18.54874,-18.70199,5.106894,-7.49808,-0.264292,-0.1227549,0.3918629,0.1303962,0.9059703,-0.5149847,-0.5256046,0.808202,0.1279417,-0.2227113,0.4817924,-0.113046,24,24,24,24,24,24,24,24,24,24,24,24,24,24,24,24
335,3350,-19.12172,-19.83147,-18.34589,-1.340432,-18.9486,-21.60085,-18.63453,-7.651069,1.735267,3.815179,-2.495391,-13.99532,-22.15767,-19.58116,-18.25257,-19.53571,24,24,24,24,24,24,24,24,24,24,24,24,24,24,24,24,335,3350,-18.28003,-18.04395,4.190274,-8.402856,-0.264292,0.613566,-0.522333,0.3911502,1.284249E-05,-0.5149847,0.5255629,0.404081,0.1279417,-0.2227113,-0.1204983,0.3390546,24,24,24,24,24,24,24,24,24,24,24,24,24,24,24,24
336,3360,-18.27998,-18.5013,-18.59205,-0.2437601,-18.9486,-20.73696,-19.65545,-6.898743,0.9920712,4.30746,-3.44602,-14.1214,-23.34792,-20.41665,-19.08719,-18.20996,24,24,24,24,24,24,24,24,24,24,24,24,24,24,24,24,336,3360,-18.41439,-19.36004,3.273647,-8.144467,-0.001651063,-3.531685E-05,0.1306643,-0.5214886,0.3882799,-0.128746,0.1313755,0.808202,-0.1280204,-1.113621,-1.324977,-0.2260118,24,24,24,24,24,24,24,24,24,24,24,24,24,24,24,24
337,3370,-18.52047,-19.10593,-18.9613,-0.3656129,-18.82791,-20.49013,-18.3793,-7.274906,1.982999,4.43053,-1.90125,-14.37355,-21.56254,-19.70052,-19.20642,-18.9331,24,24,24,24,24,24,24,24,24,24,24,24,24,24,24,24,337,3370,-18.54874,-18.96521,3.404589,-7.110249,-0.6582539,-0.1227549,6.421245E-05,-0.3911116,-0.5176792,0.5149855,-0.2628119,-4.013279E-05,-0.6399462,-0.1113476,0.4817411,0.2260856,24,24,24,24,24,24,24,24,24,24,24,24,24,24,24,24
338,3380,-19.48247,-19.4687,-18.83822,-0.8530223,-19.43136,-21.35402,-18.50691,-7.525681,1.239803,4.184389,-3.327192,-14.37355,-22.15767,-19.81987,-18.49103,-19.65623,24,24,24,24,24,24,24,24,24,24,24,24,24,24,24,24,338,3380,-19.35486,-18.8336,4.059325,-8.273745,0.5236309,-0.8590792,-0.2611344,0.2607732,-0.1294106,0.1287468,0.1313755,-0.5388677,0.1279417,0.1113813,-0.4818418,-0.3390386,24,24,24,24,24,24,24,24,24,24,24,24,24,24,24,24
339,3390,-18.40023,-18.5013,-18.71514,-0.7311696,-19.43136,-19.99648,-19.2726,-7.149518,1.115937,4.5536,-3.44602,-15.00392,-22.51474,-19.70052,-18.25257,-18.81258,24,24,24,24,24,24,24,24,24,24,24,24,24,24,24,24,339,3390,-18.14568,-18.30717,3.928428,-7.368804,-0.3956129,-0.1227549,6.421245E-05,0.1303962,0.2588581,0,-1.051187,0.404081,-4.013279E-05,1.605311E-05,-0.3613941,-0.3390386,24,24,24,24,24,24,24,24,24,24,24,24,24,24,24,24
340,3400,-19.12172,-19.22685,-19.45363,-0.2437609,-18.9486,-21.35402,-18.76214,-7.901844,1.363669,4.06132,-2.495391,-14.87785,-21.80059,-20.65536,-19.68334,-18.08944,24,24,24,24,24,24,24,24,24,24,24,24,24,24,24,24,340,3400,-18.81745,-19.09682,4.190325,-8.015189,-0.3956129,0.3681236,0.1306643,0.782281,0.3882799,-1.544954,-2.247436E-05,0.134668,-0.2560022,0.4454723,-0.3613941,-0.2260118,24,24,24,24,24,24,24,24,24,24,24,24,24,24,24,24
341,3410,-19.60272,-19.34778,-18.9613,-0.6093184,-18.70721,-20.98378,-18.50691,-7.274906,1.6114,4.184389,-2.614221,-14.87785,-22.39572,-19.58116,-19.80257,-19.41519,24,24,24,24,24,24,24,24,24,24,24,24,24,24,24,24,341,3410,-19.89227,-18.17556,2.749911,-8.531951,0.2609899,0.1226843,0.1306643,-0.1303577,-0.5176792,0,0.3941649,-4.013279E-05,0.1279417,-0.2227113,0.1203975,3.852747E-05,24,24,24,24,24,24,24,24,24,24,24,24,24,24,24,24
342,3420,-19.48247,-19.83147,-20.06904,-0.8530231,-19.79344,-21.84767,-19.52783,-7.525681,1.6114,4.79974,-3.089535,-14.49962,-22.87182,-19.70052,-18.61027,-19.29467,24,24,24,24,24,24,24,24,24,24,24,24,24,24,24,24,342,3420,-18.68309,-19.49165,4.190325,-6.98097,-0.132972,0.613566,0.3918629,-1.043,0.3882799,0.6437315,-0.3942067,0.6734955,-0.3839841,-0.2227113,-0.240946,-0.4520621,24,24,24,24,24,24,24,24,24,24,24,24,24,24,24,24
343,3430,-19.24197,-19.10593,-18.83822,-0.8530231,-18.22445,-21.72426,-18.88976,-8.403395,1.487535,3.076758,-3.089535,-15.50822,-22.75279,-21.01342,-18.96796,-18.45101,24,24,24,24,24,24,24,24,24,24,24,24,24,24,24,24,343,3430,-19.75792,-19.22843,3.666538,-8.015189,0.7862726,-0.8590792,-0.7835316,0.6519041,1.284249E-05,0.1287468,0.9197471,0.134668,-0.1280204,-0.1113476,-0.4818418,-0.1129882,24,24,24,24,24,24,24,24,24,24,24,24,24,24,24,24
344,3440,-18.88122,-18.985,-18.71514,-0.2437609,-18.22445,-20.36672,-18.25168,-6.898744,2.106865,4.43053,-2.851877,-14.49962,-23.10987,-19.10375,-19.44488,-18.81258,24,24,24,24,24,24,24,24,24,24,24,24,24,24,24,24,344,3440,-19.62356,-19.75487,3.666538,-8.144466,-0.001651063,-0.7363563,0.3918629,0.2607218,-0.7765244,0.1287468,-0.5256046,-1.212402,0.1279417,0.222745,-0.6022896,-0.6781124,24,24,24,24,24,24,24,24,24,24,24,24,24,24,24,24
345,3450,-18.64072,-19.58963,-19.20747,-1.096727,-18.9486,-20.98378,-19.01737,-7.02413,1.115988,4.5536,-2.376563,-13.86925,-21.80059,-18.38762,-18.13334,-19.53571,24,24,24,24,24,24,24,24,24,24,24,24,24,24,24,24,345,3450,-20.56403,-20.01809,4.059377,-7.756634,-0.9208949,-3.531685E-05,6.421245E-05,-0.260786,0.1294331,-1.029969,-0.7883941,0.2693745,-0.1280204,0.1113813,-5.056731E-05,-0.3390386,24,24,24,24,24,24,24,24,24,24,24,24,24,24,24,24
346,3460,-17.67873,-18.985,-18.71514,-1.340432,-19.06928,-21.47743,-18.88976,-7.400293,1.36372,3.692109,-3.208363,-14.6257,-22.39572,-19.58116,-18.96796,-19.17414,24,24,24,24,24,24,24,24,24,24,24,24,24,24,24,24,346,3460,-20.56403,-19.75487,4.059377,-8.015189,-0.526933,0.4908432,-0.522333,-3.210623E-05,-0.6471026,-0.6437306,0.3941649,-4.013279E-05,-0.5119659,0.4454723,0.1203975,0.3391124,24,24,24,24,24,24,24,24,24,24,24,24,24,24,24,24
347,3470,-19.36222,-18.74315,-19.20747,-0.8530231,-19.31067,-20.36672,-18.88976,-6.898744,1.115988,4.30746,-3.089586,-13.99532,-22.87182,-19.81987,-19.44488,-19.29467,24,24,24,24,24,24,24,24,24,24,24,24,24,24,24,24,347,3470,-19.62356,-19.49165,3.14275,-7.885911,0.5236309,-0.1227549,0.6530615,-0.7822971,0.1294331,0.2574928,0.2627766,0.404081,0.1279417,-0.3340749,-0.6022896,-0.5650889,24,24,24,24,24,24,24,24,24,24,24,24,24,24,24,24
348,3480,-18.52047,-18.86408,-19.33055,-0.6093184,-19.43136,-20.11989,-18.88976,-7.274905,1.36372,4.67667,-2.970757,-14.24747,-21.80059,-19.46181,-18.3718,-19.77676,24,24,24,24,24,24,24,24,24,24,24,24,24,24,24,24,348,3480,-20.69839,-20.80775,3.535589,-8.402856,-0.7895748,0.2454039,-0.522333,-1.043051,0.1294331,0.7724774,-0.6569929,0.6734971,-0.6399462,-0.2227113,0.7226369,0.2260856,24,24,24,24,24,24,24,24,24,24,24,24,24,24,24,24
349,3490,-19.00147,-19.71055,-18.9613,-1.340432,-19.06928,-21.47743,-19.14499,-7.149518,1.487586,4.184389,-2.257786,-14.37355,-21.91962,-19.34245,-19.08719,-19.41519,24,24,24,24,24,24,24,24,24,24,24,24,24,24,24,24,349,3490,-20.02662,-18.57039,3.666538,-8.144466,0.3923108,-0.8590792,-0.522333,-0.1304091,0.5177017,-0.128746,0.5255661,-0.404158,-0.2560022,1.002291,-0.6022896,-0.3390386,24,24,24,24,24,24,24,24,24,24,24,24,24,24,24,24
350,3500,-19.48247,-18.74315,-19.69979,-0.2437609,-19.79344,-20.36672,-18.76214,-6.647968,0.9921225,4.06132,-3.208415,-15.00392,-22.87182,-18.62633,-17.77565,-18.45101,24,24,24,24,24,24,24,24,24,24,24,24,24,24,24,24,350,3500,-19.08615,-18.57039,3.14275,-7.627357,-0.6582539,-0.3681974,0.6530615,0.3910988,-0.258834,-0.3862379,-0.6569929,0.1346696,-0.1280204,-0.2226599,-0.6022896,-0.3390386,24,24,24,24,24,24,24,24,24,24,24,24,24,24,24,24
351,3510,-17.91923,-17.89668,-18.83822,-0.2437609,-18.46583,-20.61355,-18.50691,-6.773356,1.735318,4.30746,-2.614272,-15.00392,-22.03864,-20.29729,-18.7295,-18.69205,24,24,24,24,24,24,24,24,24,24,24,24,24,24,24,24,351,3510,-18.41439,-18.96521,4.190325,-8.790145,-0.3956129,-3.531685E-05,0.5224614,0.2607218,0.6471235,-0.901223,-1.605311E-05,0.8082036,-0.2560022,0.4455237,0.1204489,0.2260856,24,24,24,24,24,24,24,24,24,24,24,24,24,24,24,24
352,3520,-18.64072,-18.985,-19.57671,-1.21858,-19.18998,-20.73696,-18.76214,-7.274905,1.98305,4.184389,-1.782472,-14.6257,-21.56254,-19.34245,-18.01411,-19.41519,24,24,24,24,24,24,24,24,24,24,24,24,24,24,24,24,352,3520,-19.62356,-18.70199,3.273699,-8.015189,0.6549518,0.8590053,-0.3917329,0.3910988,-0.6471026,0,-1.605311E-05,-0.404158,0.5118856,0.33416,0.1204489,0.452136,24,24,24,24,24,24,24,24,24,24,24,24,24,24,24,24
353,3530,-19.00147,-17.29206,-19.33055,-0.4874656,-19.18998,-19.99648,-18.63453,-7.651068,0.7443901,4.06132,-2.851929,-14.75177,-22.75279,-19.58116,-18.61027,-17.96892,24,24,24,24,24,24,24,24,24,24,24,24,24,24,24,24,353,3530,-18.01133,-19.22843,3.011802,-7.498079,0.6549518,-0.3681974,6.421245E-05,-1.434182,0.1294331,-0.2574919,0.1313787,0.4040841,-0.1280204,-0.4453872,-0.3613428,-0.6781124,24,24,24,24,24,24,24,24,24,24,24,24,24,24,24,24
354,3540,-18.40023,-18.01761,-18.59205,-0.8530231,-18.46583,-19.99648,-17.86884,-6.773356,1.859184,4.06132,-2.257786,-14.75177,-21.80059,-19.93923,-19.44488,-18.08944,24,24,24,24,24,24,24,24,24,24,24,24,24,24,24,24,354,3540,-19.2205,-18.96521,3.928428,-8.273744,-0.001651063,-0.1227549,-0.7835316,-0.1304091,0.2588564,-0.128746,-0.1314108,0.1346696,-1.023892,0.1114327,0.1204489,0.3391124,24,24,24,24,24,24,24,24,24,24,24,24,24,24,24,24
355,3550,-19.12172,-18.5013,-18.59205,-0.8530231,-18.22445,-20.49013,-18.50691,-7.274905,2.106917,4.43053,-2.257786,-14.1214,-21.68157,-18.98439,-18.25257,-20.0178,24,24,24,24,24,24,24,24,24,24,24,24,24,24,24,24,355,3550,-18.9518,-18.43878,3.666531,-8.402856,-0.132972,-1.349958,-0.1305343,0.1303449,1.123718E-05,0.1287468,-0.1314108,-0.134745,-4.013279E-05,6.742308E-05,-0.4817905,-1.243237,24,24,24,24,24,24,24,24,24,24,24,24,24,24,24,24
356,3560,-18.27998,-18.38038,-19.08438,-1.340432,-19.18998,-20.98378,-18.76214,-6.898744,2.106917,4.67667,-2.376615,-14.1214,-21.44352,-18.86504,-18.13334,-18.20996,24,24,24,24,24,24,24,24,24,24,24,24,24,24,24,24,356,3560,-18.81744,-17.78073,3.404634,-7.756635,-0.6582539,-0.1227549,-0.3917329,0.3910988,0.1294331,0.1287468,-0.6569929,0.2693761,0.8958312,6.742308E-05,-0.2408946,-0.4520621,24,24,24,24,24,24,24,24,24,24,24,24,24,24,24,24
357,3570,-18.88122,-19.10593,-18.34588,-1.218579,-18.22445,-20.98378,-18.63453,-8.278007,0.9921225,2.953688,-3.446071,-14.6257,-22.03864,-20.05858,-18.01411,-18.9331,24,24,24,24,24,24,24,24,24,24,24,24,24,24,24,24,357,3570,-18.68309,-18.8336,3.79748,-7.756635,0.129669,-0.2454778,-0.2611344,-0.260786,1.123718E-05,-1.158715,-0.2628087,-0.404158,0.2559235,0.33416,0.1204489,-0.3390386,24,24,24,24,24,24,24,24,24,24,24,24,24,24,24,24
358,3580,-17.07748,-18.5013,-17.85356,-0.4874648,-17.98307,-20.11989,-19.01737,-6.397193,1.611452,5.045881,-2.851929,-13.49102,-22.15767,-18.38762,-18.84873,-18.57153,24,24,24,24,24,24,24,24,24,24,24,24,24,24,24,24,358,3580,-19.62356,-18.70199,3.666531,-8.661049,0.2609891,0.613566,-0.1305343,0.7822297,-0.5176808,-0.128746,0.5255661,-0.134745,-0.1280204,6.742308E-05,0.4817924,-0.2260118,24,24,24,24,24,24,24,24,24,24,24,24,24,24,24,24
359,3590,-18.64073,-18.5013,-18.83821,-0.4874648,-18.10376,-19.99648,-18.50691,-6.773356,0.9921225,4.30746,-2.7331,-14.24747,-21.80059,-19.70052,-18.13334,-18.57153,24,24,24,24,24,24,24,24,24,24,24,24,24,24,24,24,359,3590,-18.54874,-19.36004,3.404634,-7.49808,0.2609891,0.613566,0.6530117,-1.043051,0.3882783,-0.128746,0.3941714,0.4040841,0.1279417,-0.5567509,-0.3613428,0.1130621,24,24,24,24,24,24,24,24,24,24,24,24,24,24,24,24
360,3600,-19.12172,-19.58963,-19.82287,-1.340432,-19.18998,-21.60085,-19.2726,-7.776457,0.8682567,3.938249,-2.495443,-14.37355,-22.15767,-19.81987,-18.84873,-19.53571,24,24,24,24,24,24,24,24,24,24,24,24,24,24,24,24,360,3600,-20.42968,-19.49165,3.666531,-8.144467,0.2609891,-0.2454778,-0.5223812,-0.3911116,-0.3882574,0.2574928,-0.2628087,-0.2694515,-0.5119659,0.2227964,0.2408966,0.452136,24,24,24,24,24,24,24,24,24,24,24,24,24,24,24,24
361,3610,-19.00147,-18.38038,-19.45363,-0.8530223,-20.03482,-20.2433,-19.14499,-7.776457,1.36372,4.43053,-3.5649,-15.13,-22.75279,-20.41665,-18.61027,-18.08944,24,24,24,24,24,24,24,24,24,24,24,24,24,24,24,24,361,3610,-19.75792,-19.49165,3.404634,-8.790146,0.129669,-0.7363563,0.3918132,0.5215271,-0.5176824,0.7724774,-0.3942035,-0.134745,0.7678493,6.742308E-05,-0.6022382,-0.6781124,24,24,24,24,24,24,24,24,24,24,24,24,24,24,24,24
362,3620,-19.24197,-18.985,-19.08438,-0.6093176,-19.79344,-21.60085,-18.76214,-7.901845,1.239854,4.184389,-2.257786,-15.13,-22.27669,-20.77471,-19.80257,-18.45101,24,24,24,24,24,24,24,24,24,24,24,24,24,24,24,24,362,3620,-19.62356,-18.96521,3.928422,-7.885912,-0.1329728,0.1226843,0.3918132,0.3911502,0.6471218,-0.3862379,-0.2628087,0.4040841,0.2559235,-0.2226599,-0.2408946,-0.1129882,24,24,24,24,24,24,24,24,24,24,24,24,24,24,24,24
363,3630,-19.00147,-19.58963,-19.69979,-0.6093176,-19.67276,-21.72426,-19.52783,-8.278008,1.487586,3.445969,-1.425934,-14.24747,-22.51474,-20.77471,-19.9218,-20.37937,24,24,24,24,24,24,24,24,24,24,24,24,24,24,24,24,363,3630,-19.2205,-19.36004,3.404634,-9.048338,0.39231,-0.1227549,-0.3917827,-0.2607347,-0.2588356,-1.029969,0.2627766,0.1346696,-0.3839841,6.742308E-05,0.3613448,0.2260856,24,24,24,24,24,24,24,24,24,24,24,24,24,24,24,24
364,3640,-19.84322,-19.71055,-20.56137,-0.6093176,-21.00036,-21.97108,-20.03829,-8.278008,0.9921225,3.815179,-3.32719,-15.50822,-24.30012,-21.37148,-19.56411,-19.53571,24,24,24,24,24,24,24,24,24,24,24,24,24,24,24,24,364,3640,-19.2205,-19.09682,3.142744,-7.49808,0.5236301,0.3681236,1.605311E-05,-0.2607347,-1.035373,0.1287468,0.3941714,-3.531685E-05,0.1279417,-0.5567509,0.4817924,3.852747E-05,24,24,24,24,24,24,24,24,24,24,24,24,24,24,24,24
365,3650,-19.84322,-20.67794,-20.19212,-0.6093176,-19.91413,-23.0818,-19.78306,-8.027232,1.611452,3.445969,-2.614219,-15.88645,-23.58597,-22.20697,-20.39873,-20.13833,24,24,24,24,24,24,24,24,24,24,24,24,24,24,24,24,365,3650,-19.2205,-19.62326,4.32126,-7.49808,-0.5269346,0.4908432,-0.6529813,-0.5214886,0.1294314,0.2574928,-0.5255982,0.1346712,-0.3839808,-0.1112962,0.843136,0.3391124,24,24,24,24,24,24,24,24,24,24,24,24,24,24,24,24
366,3660,-20.08372,-20.19425,-19.94596,-0.4874648,-19.55206,-21.60085,-19.14499,-7.400294,1.36372,4.06132,-2.970704,-14.87785,-22.87182,-20.17793,-19.32565,-20.49989,24,24,24,24,24,24,24,24,24,24,24,24,24,24,24,24,366,3660,-19.2205,-18.57039,4.05937,-8.661049,0.2609891,-0.7363563,-0.130584,-0.2607347,0.3882767,0.1287468,0.3941714,-0.8082775,-0.3839808,-0.4453872,0.2408966,0.1130621,24,24,24,24,24,24,24,24,24,24,24,24,24,24,24,24
367,3670,-20.32422,-19.83147,-20.56137,-1.096727,-20.5176,-21.60085,-19.14499,-8.15262,0.7443901,3.815179,-2.851876,-15.25607,-22.63377,-20.05858,-19.9218,-19.17414,24,24,24,24,24,24,24,24,24,24,24,24,24,24,24,24,367,3670,-18.81744,-18.30717,3.273692,-7.49808,-0.2642928,-0.8590792,0.5224133,0.1303962,-0.1294138,0.3862387,-0.2628087,-0.5388629,0.2559268,0.5568873,-0.7226863,-1.017186,24,24,24,24,24,24,24,24,24,24,24,24,24,24,24,24
368,3680,-18.88122,-19.83147,-19.33055,-1.705989,-18.94861,-22.34132,-19.01737,-8.779558,1.487586,3.445969,-2.970704,-15.38215,-22.27669,-20.17793,-18.3718,-19.77676,24,24,24,24,24,24,24,24,24,24,24,24,24,24,24,24,368,3680,-18.41438,-19.36004,4.190319,-8.402856,0.129669,0.3681236,0.1306145,-0.1303577,0.3882767,-1.029969,0.1313787,0.1346712,-0.1280188,6.742308E-05,-0.1204469,-0.2260118,24,24,24,24,24,24,24,24,24,24,24,24,24,24,24,24
369,3690,-18.64072,-19.10593,-18.71513,-0.2437601,-18.58653,-20.73696,-19.52783,-7.65107,1.115988,4.06132,-3.208362,-13.99532,-23.70499,-19.93923,-19.80257,-19.05362,24,24,24,24,24,24,24,24,24,24,24,24,24,24,24,24,369,3690,-19.62356,-17.78073,3.011795,-8.402856,-0.3956137,0.7362857,0.1306145,0.2607732,-0.5176824,-0.3862379,0.1313787,-0.8082775,-0.1280188,0.1114327,0.4817924,0.6781862,24,24,24,24,24,24,24,24,24,24,24,24,24,24,24,24
370,3700,-20.20397,-19.83147,-20.06904,-1.462284,-20.03482,-21.72426,-19.40022,-7.274907,1.115988,3.569039,-3.089533,-14.6257,-22.39572,-19.2231,-18.25257,-19.53571,24,24,24,24,24,24,24,24,24,24,24,24,24,24,24,24,370,3700,-17.87698,-18.70199,3.79748,-7.627357,-0.1329728,-0.1227549,0.1306145,-1.043,-0.1294138,-0.2574919,-0.3942035,0.6734987,-0.5119627,-0.6681145,-0.4817905,-0.2260118,24,24,24,24,24,24,24,24,24,24,24,24,24,24,24,24
371,3710,-18.64072,-19.58962,-18.34588,-1.218579,-18.58653,-21.84767,-18.63453,-7.776457,0.1250606,2.953688,-3.208362,-15.50822,-23.10987,-20.536,-18.7295,-19.05362,24,24,24,24,24,24,24,24,24,24,24,24,24,24,24,24,371,3710,-19.35486,-18.8336,3.666531,-8.661049,0.129669,0.2454039,1.605311E-05,1.926374E-05,9.631868E-06,0,-0.1314108,0.2693793,-0.3839808,6.742308E-05,8.026557E-07,0.9042366,24,24,24,24,24,24,24,24,24,24,24,24,24,24,24,24
372,3720,-18.52047,-18.5013,-19.08438,-0.7311704,-19.91413,-21.23061,-19.40022,-7.149519,0.4966584,4.30746,-2.970704,-14.1214,-22.15767,-18.86503,-19.32565,-19.05362,24,24,24,24,24,24,24,24,24,24,24,24,24,24,24,24,372,3720,-18.81744,-18.43878,3.404634,-7.368804,0.39231,-1.349958,1.605311E-05,0.5215271,-0.9059494,0.2574928,0.1313787,-0.4041564,0.1279449,0.1114327,-0.9635817,-1.130213,24,24,24,24,24,24,24,24,24,24,24,24,24,24,24,24
373,3730,-18.40022,-18.25945,-18.34588,-0.4874656,-18.58653,-19.13259,-18.3793,-7.024131,1.487586,4.5536,-2.970704,-14.49962,-21.80059,-19.58116,-18.13334,-18.9331,24,24,24,24,24,24,24,24,24,24,24,24,24,24,24,24,373,3730,-19.35486,-19.36004,2.226117,-8.919242,-0.3956145,0.1226843,-0.130584,-0.9126227,0.6471218,-0.901223,-0.2628087,-0.4041564,-0.2560006,-0.1112962,8.026557E-07,0.452136,24,24,24,24,24,24,24,24,24,24,24,24,24,24,24,24
374,3740,-19.24197,-19.4687,-18.9613,-1.827842,-19.55206,-21.60085,-19.40022,-8.15262,0.8682567,3.445969,-2.851876,-13.99532,-21.32449,-19.34245,-17.89488,-19.89728,24,24,24,24,24,24,24,24,24,24,24,24,24,24,24,24,374,3740,-19.48921,-18.8336,1.964227,-8.790146,0.5236293,0.4908464,-0.6529813,0.5215271,-0.388259,-0.2574919,0.2627766,1.07762,-0.2560006,0.33416,-0.1204469,0.1130621,24,24,24,24,24,24,24,24,24,24,24,24,24,24,24,24
375,3750,-18.40022,-18.86407,-19.45363,-0.9748751,-19.31067,-20.49013,-19.40022,-7.776457,0.8682567,4.06132,-3.802503,-15.13,-22.87182,-19.81987,-19.44488,-18.57153,24,24,24,24,24,24,24,24,24,24,24,24,24,24,24,24,375,3750,-18.9518,-20.1497,2.095169,-8.661049,0.2609883,-0.1227517,0.6530117,-0.5214886,0.1294314,0.1287468,1.051148,-3.531685E-05,0.6398707,-0.6681145,-0.3613428,0.1130621,24,24,24,24,24,24,24,24,24,24,24,24,24,24,24,24
376,3760,-18.40022,-18.38038,-18.9613,-0.3656137,-18.46583,-21.23061,-18.25168,-7.274906,1.239854,3.692109,-2.376562,-15.00392,-21.32449,-20.05858,-19.56411,-19.05362,24,24,24,24,24,24,24,24,24,24,24,24,24,24,24,24,376,3760,-20.16097,-20.93936,3.142744,-7.885912,-0.2642936,0.4908464,-0.3917827,-0.9126741,0.2588548,0.1287468,-0.1314108,0.5387923,-1.023888,6.742308E-05,0.2408966,0.2260856,24,24,24,24,24,24,24,24,24,24,24,24,24,24,24,24
377,3770,-19.36222,-19.83147,-19.20746,-0.9748751,-18.94861,-20.86037,-18.50691,-7.776456,1.239803,3.569039,-3.208362,-14.6257,-21.68157,-19.2231,-18.7295,-19.41519,24,24,24,24,24,24,24,24,24,24,24,24,24,24,24,24,377,3770,-19.75792,-19.75487,3.535583,-8.919242,-0.001652668,-0.859076,0.1306145,-0.1304091,-0.5176824,0.1287468,0.1313787,-0.4041564,0.1279449,-0.1112962,-0.1204469,-0.3390386,24,24,24,24,24,24,24,24,24,24,24,24,24,24,24,24
378,3780,-19.12172,-18.13853,-20.06904,-0.4874656,-20.03482,-21.23061,-20.03829,-8.152619,0.1250092,3.445969,-3.683675,-14.37355,-22.87182,-20.65536,-19.32565,-18.33048,24,24,24,24,24,24,24,24,24,24,24,24,24,24,24,24,378,3780,-19.75792,-20.1497,3.273692,-7.756635,-0.7895764,-0.9817956,0.1306145,-0.1304091,-0.388259,-0.2574919,-1.182578,0.1346712,0.383907,0.2227964,-0.2408946,-1.130213,24,24,24,24,24,24,24,24,24,24,24,24,24,24,24,24
379,3790,-18.76097,-19.10592,-18.71513,-0.8530231,-17.98307,-21.1072,-18.12407,-8.027232,0.7443388,2.461407,-2.970704,-15.50822,-21.91962,-19.93923,-19.20642,-19.65623,24,24,24,24,24,24,24,24,24,24,24,24,24,24,24,24,379,3790,-19.62356,-19.88648,3.535583,-9.048338,0.9175912,0.4908464,1.605311E-05,0.1303449,0.3882767,-1.158715,-0.1314172,0.5387923,0.2559268,0.1114327,8.026557E-07,0.2260856,24,24,24,24,24,24,24,24,24,24,24,24,24,24,24,24
380,3800,-19.12172,-19.22685,-19.57671,-0.6093184,-19.43137,-21.72426,-18.76214,-7.274906,0.7443388,4.43053,-3.089533,-14.87785,-23.82402,-19.93923,-20.16026,-19.65623,24,24,24,24,24,24,24,24,24,24,24,24,24,24,24,24,380,3800,-20.69838,-19.62326,2.357066,-7.885912,0.1296674,0.2454072,0.2612146,-0.1304091,-0.7765276,-0.2574919,0.7883524,-0.5388629,0.383907,-0.3340236,-0.1204469,-0.2260118,24,24,24,24,24,24,24,24,24,24,24,24,24,24,24,24
381,3810,-19.96347,-19.4687,-19.94596,-1.21858,-20.03482,-21.84768,-19.14499,-8.027232,1.239803,3.938249,-3.089533,-14.1214,-22.39572,-19.2231,-18.25257,-19.53571,24,24,24,24,24,24,24,24,24,24,24,24,24,24,24,24,381,3810,-20.16097,-20.1497,3.011795,-7.756635,0.3923092,0.2454072,-0.7835798,-0.391163,0.3882767,0.5149855,-0.6569993,0.9429134,-0.5119627,-0.1112962,-0.3613428,3.852747E-05,24,24,24,24,24,24,24,24,24,24,24,24,24,24,24,24
382,3820,-18.76097,-19.58962,-18.59205,-1.462285,-18.58653,-22.0945,-19.14499,-8.65417,0.4966071,2.584477,-3.802503,-15.38215,-23.22889,-21.37148,-18.61027,-19.65623,24,24,24,24,24,24,24,24,24,24,24,24,24,24,24,24,382,3820,-21.10144,-19.49165,3.011795,-7.239526,0.5236293,-0.2454746,-1.567176,-3.210623E-05,-0.1294138,0,0.3941649,0.1346712,-0.3839808,-0.1112962,-0.3613428,0.1130621,24,24,24,24,24,24,24,24,24,24,24,24,24,24,24,24
383,3830,-18.76097,-19.58962,-19.45363,-0.4874656,-19.79344,-21.47744,-19.14499,-7.525681,0.9920712,4.184389,-4.04016,-14.37355,-23.10987,-19.34245,-19.20642,-19.53571,24,24,24,24,24,24,24,24,24,24,24,24,24,24,24,24,383,3830,-19.08615,-19.49165,2.618956,-8.402856,-0.1329736,-1.104515,0.2612146,0.6518527,-0.6471042,0.2574928,-1.182582,-0.6735694,-0.2560006,0.2227964,-1.08403,-1.695337,24,24,24,24,24,24,24,24,24,24,24,24,24,24,24,24
384,3840,-19.00147,-18.74315,-19.33055,-0.6093184,-18.94861,-20.24331,-18.63453,-6.898743,1.487535,3.815179,-3.089533,-15.13,-22.75279,-19.93923,-18.3718,-19.65623,24,24,24,24,24,24,24,24,24,24,24,24,24,24,24,24,384,3840,-19.08615,-19.88648,4.05937,-7.885912,-0.9208973,0.2454072,0.9142104,-0.260786,0.2588548,-0.5149847,-2.247436E-05,-0.1347418,0.5118889,-0.1112962,-0.1204469,-1.926374E-05,24,24,24,24,24,24,24,24,24,24,24,24,24,24,24,24
385,3850,-18.76097,-20.07332,-18.83821,-1.827842,-19.43137,-21.23061,-19.14499,-8.152619,0.248875,2.707548,-2.495391,-14.75177,-21.91962,-19.46181,-17.77565,-20.0178,24,24,24,24,24,24,24,24,24,24,24,24,24,24,24,24,385,3850,-20.56403,-19.88648,2.357066,-8.661049,0.3923092,0.2454072,-0.130584,-3.210623E-05,-1.035373,0.1287468,-2.247436E-05,-3.531685E-05,-0.2560006,6.742308E-05,-0.3613428,0.3390546,24,24,24,24,24,24,24,24,24,24,24,24,24,24,24,24
386,3860,-18.40023,-18.25946,-18.9613,-0.4874656,-18.58653,-19.13259,-18.76214,-7.274906,0.248875,3.692109,-3.683675,-15.50822,-22.63377,-19.70052,-18.7295,-18.08944,24,24,24,24,24,24,24,24,24,24,24,24,24,24,24,24,386,3860,-19.35486,-19.49165,2.357066,-8.273745,0.3923092,-0.3681942,0.9142104,-1.434182,-0.2588356,0.5149855,-0.3942067,-3.531685E-05,-3.692216E-05,-0.7794782,-0.7226863,-0.2260696,24,24,24,24,24,24,24,24,24,24,24,24,24,24,24,24
387,3870,-18.15973,-18.13853,-18.9613,-0.2437609,-18.10376,-20.24331,-18.50691,-7.651069,0.7443388,3.199828,-2.376562,-14.87785,-21.08644,-19.93923,-18.25257,-17.96892,24,24,24,24,24,24,24,24,24,24,24,24,24,24,24,24,387,3870,-20.29533,-20.54453,3.666538,-7.627357,-0.001652668,0.3681268,-0.130584,-0.1304091,0.2588548,0.5149855,-0.2628119,-0.1347418,-1.023888,0.1114327,0.2408966,0.4520782,24,24,24,24,24,24,24,24,24,24,24,24,24,24,24,24
388,3880,-18.52047,-19.34778,-19.08438,-0.9749256,-18.94861,-21.1072,-18.63453,-8.027232,1.6114,3.322898,-3.208362,-14.37355,-21.44352,-19.10375,-18.49103,-19.65623,24,24,24,24,24,24,24,24,24,24,24,24,24,24,24,24,388,3880,-19.89227,-19.36004,3.011802,-8.790146,0.9175912,-0.859076,1.605311E-05,0.1303449,-0.2588356,0.1287468,0.6569576,-0.5388629,-0.3839808,0.4455237,-0.8431344,-0.7911938,24,24,24,24,24,24,24,24,24,24,24,24,24,24,24,24
389,3890,-18.88122,-18.38038,-19.57671,-0.9749256,-19.55206,-20.73696,-18.76214,-8.027232,0.1250092,3.322898,-3.564847,-15.13,-22.51474,-19.58116,-18.25257,-17.48683,24,24,24,24,24,24,24,24,24,24,24,24,24,24,24,24,389,3890,-20.02662,-18.96521,3.011802,-8.661049,-0.1329736,-3.210623E-05,1.605311E-05,-0.1304091,0.6471218,-0.3862379,-0.5256046,0.5387923,0.1279449,-0.1112962,-0.6022386,-0.3390931,24,24,24,24,24,24,24,24,24,24,24,24,24,24,24,24
390,3900,-18.40023,-18.74315,-18.71513,-0.4875162,-17.98307,-20.61355,-18.25168,-8.528783,0.9920712,2.953688,-3.32719,-15.88645,-22.39572,-19.93923,-18.49103,-18.57153,24,24,24,24,24,24,24,24,24,24,24,24,24,24,24,24,390,3900,-19.62356,-20.54453,3.273699,-8.402856,0.1296674,-0.1227549,0.3918132,-0.260786,0.1294314,-1.287462,0.1313755,-3.531685E-05,-0.5119627,0.668251,-0.240895,-0.2260696,24,24,24,24,24,24,24,24,24,24,24,24,24,24,24,24
391,3910,-18.15973,-18.985,-17.85356,-0.2438115,-19.06929,-21.35402,-18.3793,-7.651069,1.487535,3.815179,-3.683675,-13.86924,-22.39572,-19.10375,-19.20642,-19.05362,24,24,24,24,24,24,24,24,24,24,24,24,24,24,24,24,391,3910,-20.42968,-20.1497,2.618963,-8.661049,0.3923092,0.8590053,-0.2611825,0.1303449,-0.9059494,0.2574928,0.2627702,-3.531685E-05,-0.3839808,6.742308E-05,-0.3613428,0.4520782,24,24,24,24,24,24,24,24,24,24,24,24,24,24,24,24
392,3920,-19.60272,-19.58963,-20.06904,-1.218631,-19.18998,-20.86037,-18.63453,-8.027232,0.248875,3.815179,-3.208362,-14.49962,-22.87182,-20.29729,-18.96796,-19.17414,24,24,24,24,24,24,24,24,24,24,24,24,24,24,24,24,392,3920,-19.75792,-20.80775,3.666538,-7.627357,-0.3956145,0.1226843,1.605311E-05,-1.434182,9.631868E-06,0.6437315,-0.2628119,-3.531685E-05,-0.2560006,-0.1112962,0.1204489,-0.4521199,24,24,24,24,24,24,24,24,24,24,24,24,24,24,24,24
393,3930,-19.36222,-20.43609,-19.57671,-1.584188,-19.67276,-22.58815,-20.29352,-9.155721,-0.3704549,2.707548,-3.802503,-15.38215,-22.75279,-21.01342,-19.56411,-19.89728,24,24,24,24,24,24,24,24,24,24,24,24,24,24,24,24,393,3930,-20.02662,-19.62326,3.14275,-8.790146,0.9175912,-0.3681974,-0.7835798,0.1303449,0.3882767,0,0.1313755,-0.5388629,-3.692216E-05,6.742308E-05,0.1204489,-0.2260696,24,24,24,24,24,24,24,24,24,24,24,24,24,24,24,24
394,3940,-19.24197,-20.07332,-20.06904,-0.9749256,-20.27621,-21.60085,-19.52783,-7.776456,0.4966071,3.692109,-3.446018,-15.76037,-23.46694,-20.17794,-18.96796,-19.77676,24,24,24,24,24,24,24,24,24,24,24,24,24,24,24,24,394,3940,-20.29533,-19.36004,3.535589,-8.144467,0.1296674,-0.4909171,0.2612146,0.6518527,-0.2588356,0.2574928,-0.5256046,-0.4041564,-3.692216E-05,6.742308E-05,-0.9635825,-0.7911938,24,24,24,24,24,24,24,24,24,24,24,24,24,24,24,24
395,3950,-19.48247,-19.71055,-20.19212,0.121746,-19.67276,-21.72426,-19.14499,-7.776456,0.9920712,3.692109,-3.208362,-15.76037,-22.99084,-21.72955,-20.39873,-18.9331,24,24,24,24,24,24,24,24,24,24,24,24,24,24,24,24,395,3950,-19.08615,-18.57039,2.88086,-8.919242,-1.052217,-0.6136367,0.6530117,-3.210623E-05,0.9059671,-1.029969,-0.6569993,-3.531685E-05,0.8958328,-0.6681145,-0.1204469,0.4520782,24,24,24,24,24,24,24,24,24,24,24,24,24,24,24,24
396,3960,-19.84322,-20.55702,-19.94596,-1.827893,-20.27621,-22.83498,-19.2726,-8.152619,1.115937,2.830617,-3.208362,-15.00392,-22.63377,-20.65536,-19.44488,-20.25885,24,24,24,24,24,24,24,24,24,24,24,24,24,24,24,24,396,3960,-19.75792,-18.70199,2.618963,-8.919242,-0.001652668,0.2454039,-0.9141799,0.1303449,-0.388259,-1.029969,0.2627702,0.4040841,-0.3839808,0.2227964,0.1204489,0.1130043,24,24,24,24,24,24,24,24,24,24,24,24,24,24,24,24
397,3970,-19.96347,-19.34778,-20.43829,-0.9749256,-20.75897,-21.60085,-20.03829,-7.901844,0.3727413,3.076758,-4.15899,-16.76897,-24.1811,-20.89406,-19.68334,-19.05362,24,24,24,24,24,24,24,24,24,24,24,24,24,24,24,24,397,3970,-19.2205,-19.36004,2.618963,-7.756635,0.2609883,0.1226843,0.2612146,-0.52154,-0.6471042,-0.2574919,0.1313755,-0.404158,0.5118889,-0.8908418,-0.4817909,0.2260311,24,24,24,24,24,24,24,24,24,24,24,24,24,24,24,24
398,3980,-19.60272,-20.55702,-20.3152,-1.218631,-20.15552,-23.08181,-19.78306,-8.779558,0.7443388,2.338337,-3.32719,-15.50822,-22.63377,-22.20697,-20.51796,-19.29467,24,24,24,24,24,24,24,24,24,24,24,24,24,24,24,24,398,3980,-19.89227,-20.1497,2.88086,-8.273745,-0.3956145,0.613566,-0.3917827,-0.6519201,0.2588548,0.9012234,-0.1314172,0.6734971,-0.2560006,-0.2226599,8.026557E-07,0.1130043,24,24,24,24,24,24,24,24,24,24,24,24,24,24,24,24
399,3990,-19.96347,-19.34778,-19.08438,-1.827893,-18.94861,-22.0945,-18.88976,-8.278008,0.7443388,3.569039,-3.32719,-14.87785,-23.705,-20.05858,-19.9218,-20.25885,24,24,24,24,24,24,24,24,24,24,24,24,24,24,24,24,399,3990,-20.16097,-19.62326,3.797486,-8.144467,0.3923092,-1.227238,-0.130584,-3.210623E-05,0.1294314,0.3862387,0.2627702,-0.5388645,-0.3839808,0.1114327,-0.8431344,-0.4521199,24,24,24,24,24,24,24,24,24,24,24,24,24,24,24,24
400,4000,-20.56472,-19.71055,-21.0537,-1.70604,-20.75897,-21.97109,-20.29352,-8.779558,0.4966071,3.076758,-2.614219,-15.00392,-22.99084,-20.41665,-19.20642,-19.53571,24,24,24,24,24,24,24,24,24,24,24,24,24,24,24,24,400,4000,-20.02662,-19.49165,2.749911,-6.851695,-0.3956145,-0.1227549,0.5224133,0.2607218,0.2588548,0,-0.5256046,-0.134745,0.6398707,6.742308E-05,-0.8431344,-0.6781734,24,24,24,24,24,24,24,24,24,24,24,24,24,24,24,24
401,4010,-18.52048,-20.07332,-19.45363,-1.096778,-19.06929,-22.46474,-19.2726,-8.027232,0.4966071,2.461407,-3.921332,-16.01252,-24.30012,-21.72955,-19.08719,-20.25885,24,24,24,24,24,24,24,24,24,24,24,24,24,24,24,24,401,4010,-20.02662,-20.41292,3.535589,-9.306532,0.2609883,0.613566,0.5224133,0.2607218,-0.1294138,-1.029969,-0.2628119,0.2693761,-0.5119627,0.33416,0.1204489,0.2260246,24,24,24,24,24,24,24,24,24,24,24,24,24,24,24,24
402,4020,-19.48247,-20.19424,-19.69979,-0.3656642,-20.03482,-21.84767,-19.2726,-7.400293,0.7443388,4.30746,-4.396647,-15.13,-23.94304,-20.536,-19.68334,-19.65623,24,24,24,24,24,24,24,24,24,24,24,24,24,24,24,24,402,4020,-19.62356,-19.36004,2.357072,-7.756635,0.3923092,0.1226843,0.3918132,-0.52154,-0.5176824,0.2574928,0.1313755,-0.5388645,0.383907,-0.2226599,8.026557E-07,-2.568498E-05,24,24,24,24,24,24,24,24,24,24,24,24,24,24,24,24
403,4030,-19.24197,-19.34777,-19.82287,-0.8530737,-19.31067,-21.72426,-19.78306,-7.525681,0.8682054,3.692109,-2.733047,-14.87785,-22.99084,-21.61019,-19.80257,-20.13833,24,24,24,24,24,24,24,24,24,24,24,24,24,24,24,24,403,4030,-19.48921,-20.93936,3.535583,-8.273745,0.1296674,0.613566,0.1306145,-0.7822971,9.631868E-06,-0.2574919,-1.051187,0.2693761,-1.15187,-0.2226599,-0.240895,0.1130011,24,24,24,24,24,24,24,24,24,24,24,24,24,24,24,24
404,4040,-19.60272,-20.79886,-19.57671,-1.949745,-19.43137,-22.71157,-20.1659,-8.904945,0.6204729,2.830617,-4.04016,-15.25607,-23.34792,-21.37148,-19.32565,-20.74094,24,24,24,24,24,24,24,24,24,24,24,24,24,24,24,24,404,4040,-21.10144,-19.88648,3.666531,-8.531952,0.1296674,-0.8590792,-0.9141799,0.2607218,0.2588548,-0.2574919,-0.5256046,-0.9429856,0.383907,0.2227964,-0.4817909,-0.4521263,24,24,24,24,24,24,24,24,24,24,24,24,24,24,24,24
405,4050,-19.84322,-20.07332,-20.3152,-0.609369,-20.75897,-21.60085,-19.2726,-8.027232,0.001142982,4.06132,-3.802503,-15.38215,-23.58597,-20.41665,-19.68334,-19.77676,24,24,24,24,24,24,24,24,24,24,24,24,24,24,24,24,405,4050,-19.2205,-19.62326,2.618956,-7.368804,0.2609883,-0.3681974,-0.2611825,0.5214757,-0.2588356,1.158716,-0.7883941,0.1346696,0.5118889,0.33416,-0.240895,-1.243301,24,24,24,24,24,24,24,24,24,24,24,24,24,24,24,24
406,4060,-18.88122,-19.22685,-19.69979,-0.609369,-19.79344,-22.21791,-19.52783,-8.027232,0.6204729,3.076758,-3.683675,-15.88645,-22.63377,-20.77471,-19.68334,-20.49989,24,24,24,24,24,24,24,24,24,24,24,24,24,24,24,24,406,4060,-19.89227,-20.41292,3.404634,-9.048338,-0.5269354,0.3681236,0.5224133,-0.1304091,0.2588548,-1.158715,0.3941649,0.6734971,-0.1280188,-0.3340236,0.4817924,-0.1130492,24,24,24,24,24,24,24,24,24,24,24,24,24,24,24,24
407,4070,-20.20397,-20.55701,-20.80753,-1.70604,-20.63828,-22.71156,-20.03829,-8.027232,0.9920712,2.953688,-2.733047,-14.6257,-23.46695,-20.77471,-19.44488,-20.49989,24,24,24,24,24,24,24,24,24,24,24,24,24,24,24,24,407,4070,-20.29533,-18.96521,2.618956,-8.402856,0.2609883,0.613566,0.1306145,0.2607218,-0.388259,0.1287468,0.3941649,-0.404158,0.6398707,-0.4453872,-0.4817909,-0.226076,24,24,24,24,24,24,24,24,24,24,24,24,24,24,24,24
408,4080,-20.20397,-19.22685,-19.33055,-0.609369,-20.15552,-21.84767,-20.1659,-8.15262,0.248875,3.199828,-3.802503,-15.38215,-23.705,-20.29729,-19.32565,-19.53571,24,24,24,24,24,24,24,24,24,24,24,24,24,24,24,24,408,4080,-18.68309,-20.01809,3.404634,-8.144468,0.6549502,0.1226843,0.2612146,-1.694936,9.631868E-06,0.5149855,-0.6569993,0.4040841,-0.8959066,-1.002205,-0.9635825,-0.226076,24,24,24,24,24,24,24,24,24,24,24,24,24,24,24,24
409,4090,-19.96347,-19.83147,-19.94596,-1.70604,-19.55206,-22.58815,-19.52783,-8.403396,0.8682054,2.953688,-3.683675,-16.26468,-23.82402,-22.08761,-20.16026,-19.53571,24,24,24,24,24,24,24,24,24,24,24,24,24,24,24,24,409,4090,-20.29533,-19.22843,3.535583,-8.144468,-0.001652668,-0.3681974,-1.044778,-0.260786,-0.1294138,-0.2574919,0.1313755,0.4040841,-0.7679248,0.1114327,-0.1204469,0.3390482,24,24,24,24,24,24,24,24,24,24,24,24,24,24,24,24
410,4100,-19.84322,-19.71055,-19.57671,-1.096778,-19.43137,-21.97108,-19.40022,-7.901845,0.7443388,3.199829,-3.089533,-15.13,-23.94304,-19.70052,-20.04103,-20.74094,24,24,24,24,24,24,24,24,24,24,24,24,24,24,24,24,410,4100,-18.54874,-18.04395,3.142744,-7.368804,-0.001652668,-1.104518,1.605311E-05,0.2607218,-0.5176824,0.6437315,-0.3942067,-0.8082791,-0.6399446,0.2227964,-1.204478,-0.5651498,24,24,24,24,24,24,24,24,24,24,24,24,24,24,24,24
411,4110,-20.20397,-20.31516,-19.57671,-1.70604,-20.5176,-22.0945,-19.40022,-8.528783,0.4966071,3.692109,-3.446071,-15.38215,-23.82402,-21.01342,-19.68334,-19.53571,24,24,24,24,24,24,24,24,24,24,24,24,24,24,24,24,411,4110,-18.68309,-18.8336,3.79748,-8.790145,-0.7895764,0.2454039,0.6530117,-0.1304091,0.3882767,-0.7724766,-0.6569993,0.1346696,0.5118889,-0.2226599,-0.240895,0.1130011,24,24,24,24,24,24,24,24,24,24,24,24,24,24,24,24
412,4120,-19.72297,-20.43609,-19.69979,-1.462335,-19.31067,-22.21791,-19.91068,-9.155722,0.1250092,2.461407,-3.327243,-15.13,-22.7528,-20.29729,-18.25257,-19.89728,24,24,24,24,24,24,24,24,24,24,24,24,24,24,24,24,412,4120,-18.68309,-18.57039,3.011795,-8.144468,0.1296674,1.227167,-0.7835798,0.3910988,0.1294314,-0.3862379,0.1313755,0.5387906,-0.1280188,0.4455237,0.1204489,0.2260246,24,24,24,24,24,24,24,24,24,24,24,24,24,24,24,24
413,4130,-18.76097,-19.4687,-18.83821,-1.218631,-19.31067,-20.36672,-18.50691,-7.901845,0.6204729,4.18439,-3.921385,-14.49962,-23.22889,-19.2231,-19.56411,-18.81258,24,24,24,24,24,24,24,24,24,24,24,24,24,24,24,24,413,4130,-18.41438,-19.09682,2.618956,-7.627359,1.180233,-0.4909171,1.04481,-0.260786,0.1294314,0.1287468,0.2627702,-0.2694515,0.383907,-0.1112962,-0.6022386,-0.3390996,24,24,24,24,24,24,24,24,24,24,24,24,24,24,24,24
414,4140,-19.36222,-18.985,-19.69979,-0.9749256,-19.43137,-21.23061,-19.65545,-7.274907,0.9920712,4.06132,-2.7331,-14.87785,-21.91962,-20.05858,-18.61027,-19.53571,24,24,24,24,24,24,24,24,24,24,24,24,24,24,24,24,414,4140,-18.9518,-19.09682,3.928422,-7.239527,-0.1329736,0.3681236,-0.9141799,-0.52154,0.2588548,-0.3862379,-0.1314172,-0.134745,-0.7679248,0.33416,0.4817924,0.1130011,24,24,24,24,24,24,24,24,24,24,24,24,24,24,24,24
415,4150,-18.88122,-19.58962,-19.69979,-1.584188,-19.43137,-21.35402,-19.52783,-8.654171,0.248875,2.584477,-3.446071,-14.6257,-22.03864,-19.70052,-18.96796,-20.13833,24,24,24,24,24,24,24,24,24,24,24,24,24,24,24,24,415,4150,-19.48921,-18.8336,3.79748,-8.790145,0.1296674,-0.9817988,-0.130584,0.3910988,-0.1294138,0.1287468,-0.5256046,-1.481815,0.383907,6.742308E-05,-0.4817909,-0.4521263,24,24,24,24,24,24,24,24,24,24,24,24,24,24,24,24
416,4160,-18.15973,-18.38038,-19.33055,-0.8530737,-19.43137,-20.86037,-19.78306,-8.528783,-0.3704549,3.692109,-2.851929,-14.37355,-22.63377,-20.17793,-18.96796,-19.05362,24,24,24,24,24,24,24,24,24,24,24,24,24,24,24,24,416,4160,-20.02662,-19.09682,3.142744,-8.144468,-0.6582555,-3.531685E-05,0.1306145,0.1303449,9.631868E-06,-0.128746,-1.313976,-0.2694515,0.5118889,-0.1112962,-0.240895,-0.6781734,24,24,24,24,24,24,24,24,24,24,24,24,24,24,24,24
417,4170,-19.00147,-19.10592,-19.08438,-1.462335,-18.94861,-20.73696,-18.63453,-8.027232,0.9920712,2.461407,-2.970757,-15.13,-22.87182,-21.61019,-20.2795,-18.81258,24,24,24,24,24,24,24,24,24,24,24,24,24,24,24,24,417,4170,-19.48921,-19.88648,3.79748,-8.531952,-0.1329736,0.2454039,-0.130584,-0.391163,0.1294314,-1.158715,-0.2628119,-0.2694515,-0.3839808,0.5568873,-0.4817909,-0.1130492,24,24,24,24,24,24,24,24,24,24,24,24,24,24,24,24
418,4180,-20.08372,-19.71055,-19.94596,-1.218631,-20.27621,-22.34132,-19.52783,-9.030334,0.4966071,3.815179,-2.495443,-13.1128,-22.27669,-19.81987,-19.68334,-20.62042,24,24,24,24,24,24,24,24,24,24,24,24,24,24,24,24,418,4180,-20.16097,-19.22843,2.880853,-8.273746,0.3923092,0.4908432,-0.2611825,-0.260786,-0.7765276,0.1287468,0.3941649,-0.5388645,0.383907,-0.1112962,0.4817924,0.4520749,24,24,24,24,24,24,24,24,24,24,24,24,24,24,24,24
419,4190,-19.36222,-19.22685,-20.06904,-1.096778,-19.55206,-20.61354,-19.91068,-8.278008,0.4966071,2.953688,-3.802556,-15.6343,-23.22889,-20.77471,-19.80257,-18.69205,24,24,24,24,24,24,24,24,24,24,24,24,24,24,24,24,419,4190,-19.89227,-20.54453,3.273699,-8.015191,-0.001652668,0.613566,-0.130584,-1.173428,-0.2588356,0.5149855,-0.5256046,0.6734971,-0.6399446,-0.3340236,-0.3613428,0.1130011,24,24,24,24,24,24,24,24,24,24,24,24,24,24,24,24
420,4200,-19.60272,-20.55701,-19.94596,-1.584188,-20.03482,-23.69887,-19.52783,-9.155722,0.248875,2.707548,-3.5649,-16.51682,-23.10987,-21.8489,-19.9218,-20.13833,24,24,24,24,24,24,24,24,24,24,24,24,24,24,24,24,420,4200,-20.96709,-20.01809,3.273699,-7.239526,0.6549502,-0.6136367,-0.9141799,-0.260786,0.3882767,-0.3862379,0.3941649,-0.5388645,-0.6399446,0.33416,-0.4817909,-2.568498E-05,24,24,24,24,24,24,24,24,24,24,24,24,24,24,24,24
421,4210,-19.36222,-19.22685,-19.08438,-1.340483,-19.31067,-21.23061,-19.01737,-7.274907,1.239803,4.18439,-3.802556,-15.00392,-23.34792,-19.58116,-19.44488,-19.65623,24,24,24,24,24,24,24,24,24,24,24,24,24,24,24,24,421,4210,-20.16097,-20.41292,3.535589,-7.368804,-0.2642936,-0.7363563,0.2612146,0.3910988,-0.6471042,0,0.1313755,-0.404158,-0.1280188,0.668251,-0.6022386,-1.017251,24,24,24,24,24,24,24,24,24,24,24,24,24,24,24,24
422,4220,-20.56472,-20.19424,-20.43829,-1.340483,-20.51759,-22.21791,-19.52783,-8.027232,0.4966071,3.692109,-3.089586,-16.01253,-22.75279,-21.72955,-19.56411,-19.41519,24,24,24,24,24,24,24,24,24,24,24,24,24,24,24,24,422,4220,-19.75792,-20.01809,4.190325,-8.790146,-0.001652668,-0.1227549,0.6530117,0.2607218,0.7765453,-0.3862379,-0.3942067,0.1346696,-0.2560006,-0.6681145,0.4817924,-0.3390996,24,24,24,24,24,24,24,24,24,24,24,24,24,24,24,24
423,4230,-19.72297,-20.67794,-19.69979,-2.19345,-20.03482,-22.83498,-19.65545,-8.654171,0.4966071,2.338337,-4.515528,-16.01253,-23.34792,-20.65536,-19.44488,-20.49989,24,24,24,24,24,24,24,24,24,24,24,24,24,24,24,24,423,4230,-20.56403,-19.09682,2.88086,-9.177435,0.1296674,0.3681236,0.3918132,-3.210623E-05,-0.6471042,-0.3862379,-2.247436E-05,0.4040841,-3.692216E-05,0.1114327,-0.1204469,-0.1130492,24,24,24,24,24,24,24,24,24,24,24,24,24,24,24,24
424,4240,-20.32422,-20.31516,-20.56137,-1.340483,-21.00035,-21.60085,-20.54875,-8.152619,0.6204729,4.43053,-3.089586,-15.25607,-24.89524,-21.61019,-20.51796,-19.29467,24,24,24,24,24,24,24,24,24,24,24,24,24,24,24,24,424,4240,-18.9518,-19.62326,2.88086,-7.627357,0.5236293,0.1226843,0.6530117,-0.9126741,-0.6471042,0.2574928,-2.247436E-05,-3.692216E-05,-0.2560006,-0.8908418,-0.240895,-0.226076,24,24,24,24,24,24,24,24,24,24,24,24,24,24,24,24
425,4250,-20.44447,-19.34777,-20.43829,-0.9749256,-20.27621,-21.97109,-19.65545,-8.027232,1.487535,3.445969,-1.782472,-14.87785,-22.27669,-21.13277,-19.32565,-20.25885,24,24,24,24,24,24,24,24,24,24,24,24,24,24,24,24,425,4250,-20.69838,-20.67614,3.404641,-7.885912,-0.3956145,-3.531685E-05,-0.6529813,-0.260786,-0.1294138,0.6437315,0.1313755,-0.134745,-1.023888,0.1114327,8.026557E-07,0.2260246,24,24,24,24,24,24,24,24,24,24,24,24,24,24,24,24
426,4260,-19.72297,-19.83147,-20.19213,-1.827893,-20.27621,-21.23061,-19.65545,-8.528783,0.1250092,3.199828,-2.970757,-14.75177,-22.87182,-20.89406,-20.04103,-20.0178,24,24,24,24,24,24,24,24,24,24,24,24,24,24,24,24,426,4260,-20.69838,-20.93936,3.928428,-8.661049,0.5236293,-1.963559,-0.130584,0.5214757,9.631868E-06,0.7724774,-0.3942067,-0.5388645,-0.1280188,0.5568873,-0.6022386,-0.3390996,24,24,24,24,24,24,24,24,24,24,24,24,24,24,24,24
427,4270,-19.60272,-18.985,-20.68445,-1.462335,-20.63828,-21.23061,-19.78306,-7.901844,0.1250092,3.569039,-3.683677,-14.87785,-23.10987,-20.89406,-19.08719,-19.17414,24,24,24,24,24,24,24,24,24,24,24,24,24,24,24,24,427,4270,-20.96709,-20.67614,3.928428,-7.49808,-1.183538,-0.2454778,0.6530117,-0.260786,0.5177001,-0.901223,-0.6569993,-0.8082791,-0.3839808,-0.3340236,-0.4817909,-0.5651498,24,24,24,24,24,24,24,24,24,24,24,24,24,24,24,24
428,4280,-19.12172,-19.22685,-19.69979,-1.462335,-18.9486,-21.23061,-19.2726,-8.027232,1.363669,2.707548,-3.089535,-15.25607,-22.15767,-20.41665,-19.20642,-19.17414,24,24,24,24,24,24,24,24,24,24,24,24,24,24,24,24,428,4280,-20.29533,-20.28131,3.797486,-8.919242,0.2609883,0.1226843,1.605311E-05,0.5214757,0.2588548,-1.158715,0.5255629,0.1346696,-0.2560006,0.2227964,-0.1204469,-0.3390996,24,24,24,24,24,24,24,24,24,24,24,24,24,24,24,24
429,4290,-18.76097,-19.34777,-18.83822,-1.096778,-18.46583,-20.49013,-18.63453,-7.776456,1.239803,3.445969,-1.90125,-14.24747,-20.96742,-19.34245,-18.49103,-19.53571,24,24,24,24,24,24,24,24,24,24,24,24,24,24,24,24,429,4290,-20.29533,-21.46579,2.095182,-8.144467,0.5236293,-0.4909171,0.6530117,-0.260786,-0.2588356,0.3862387,0.3941649,-0.6735726,0.3839616,-1.002205,-0.3613428,0.2260246,24,24,24,24,24,24,24,24,24,24,24,24,24,24,24,24
430,4300,-19.24197,-18.25945,-18.9613,-1.096778,-19.43136,-20.36672,-19.40022,-7.651069,0.248875,3.322898,-3.921333,-15.38215,-22.51474,-19.2231,-18.61027,-18.08944,24,24,24,24,24,24,24,24,24,24,24,24,24,24,24,24,430,4300,-20.02662,-20.67614,3.535589,-7.885912,-0.2642936,-3.531685E-05,-1.044778,-0.52154,0.2588548,0.1287468,0.2627702,-3.692216E-05,-0.8958536,0.2227964,0.3613443,0.2260246,24,24,24,24,24,24,24,24,24,24,24,24,24,24,24,24
431,4310,-19.00147,-18.25945,-18.71514,-1.340483,-18.82791,-21.23061,-18.50691,-7.901844,1.487535,2.953688,-3.089535,-15.00392,-22.39572,-20.65536,-19.32565,-18.20996,24,24,24,24,24,24,24,24,24,24,24,24,24,24,24,24,431,4310,-20.56403,-20.28131,3.535589,-9.435629,0.7862711,-1.104518,0.3918132,0.1303449,-0.1294138,0.6437315,-0.3942067,-0.6735726,0.5119434,0.2227964,-0.4817909,-0.5651498,24,24,24,24,24,24,24,24,24,24,24,24,24,24,24,24
432,4320,-19.36222,-18.74315,-18.46897,-1.462335,-18.70721,-20.73696,-17.99645,-7.149518,1.363669,3.445969,-2.851877,-14.75177,-21.91962,-19.2231,-18.84873,-18.9331,24,24,24,24,24,24,24,24,24,24,24,24,24,24,24,24,432,4320,-20.69838,-20.1497,2.618963,-8.015189,-0.3956145,-0.7363563,0.1306145,-3.210623E-05,9.631868E-06,0.1287468,-1.313976,-0.2694515,1.765843E-05,0.4455237,-0.6022386,-0.113046,24,24,24,24,24,24,24,24,24,24,24,24,24,24,24,24
433,4330,-19.36222,-18.74315,-19.82288,-1.70604,-19.91413,-21.97109,-19.14499,-7.776456,0.8682054,2.953688,-2.733049,-14.6257,-22.39572,-19.81987,-18.49103,-18.81257,24,24,24,24,24,24,24,24,24,24,24,24,24,24,24,24,433,4330,-19.35486,-19.88648,3.928428,-9.177435,0.1296674,0.613566,1.605311E-05,0.6518527,-0.2588356,-0.5149847,-2.247436E-05,-0.134745,-0.3839279,-0.1112962,8.026557E-07,-0.2260696,24,24,24,24,24,24,24,24,24,24,24,24,24,24,24,24
434,4340,-19.12172,-19.46556,-18.59205,-1.949745,-18.58652,-21.47743,-18.76214,-8.65417,1.859133,3.076758,-3.089535,-15.88645,-22.51474,-21.25213,-19.32565,-19.29466,24,24,24,24,24,24,24,24,24,24,24,24,24,24,24,24,434,4340,-20.16097,-19.36004,2.618963,-8.402856,-0.001652668,0.2454039,0.5224133,0.3910988,-0.1294138,-0.2574919,0.7883524,-0.404158,0.6399236,-0.3340236,-0.240895,0.9041788,24,24,24,24,24,24,24,24,24,24,24,24,24,24,24,24
435,4350,-18.88122,-19.46556,-19.45362,-0.9749256,-19.06928,-21.47743,-18.25168,-7.525681,0.9920712,3.938249,-3.208363,-14.75177,-23.58597,-19.81987,-20.2795,-19.65623,24,24,24,24,24,24,24,24,24,24,24,24,24,24,24,24,435,4350,-19.2205,-20.1497,3.404641,-8.531952,0.6549502,-0.3681974,0.6530117,-0.52154,0.2588548,0.1287468,0.7883524,0.5387906,-0.63989,-0.7794782,0.1204489,-0.113046,24,24,24,24,24,24,24,24,24,24,24,24,24,24,24,24
436,4360,-19.96347,-20.19098,-20.80753,-1.340483,-20.27621,-22.34133,-19.52783,-8.027232,0.9920712,4.06132,-3.089535,-14.87785,-22.87182,-20.05858,-19.08719,-19.65623,24,24,24,24,24,24,24,24,24,24,24,24,24,24,24,24,436,4360,-20.29533,-19.22843,3.404641,-8.015189,0.2609883,0.1226843,-0.2611825,-0.1304091,-0.2588356,0.2574928,0.1313755,-0.6735726,-0.255946,0.1114327,0.4817924,0.5651049,24,24,24,24,24,24,24,24,24,24,24,24,24,24,24,24
437,4370,-19.36222,-19.94917,-19.33054,-2.437154,-19.55206,-22.95839,-18.88976,-8.65417,0.7443388,2.953688,-3.921333,-16.1386,-23.46694,-21.25213,-19.08719,-20.0178,24,24,24,24,24,24,24,24,24,24,24,24,24,24,24,24,437,4370,-18.01133,-17.91234,3.797486,-8.015189,-0.2642936,-1.472677,1.605311E-05,0.3910988,-0.9059494,-0.128746,-0.7883941,-0.5388645,-0.1279642,-0.1112962,-1.445374,-0.4521199,24,24,24,24,24,24,24,24,24,24,24,24,24,24,24,24
438,4380,-19.60272,-19.34466,-18.83821,-0.9749256,-20.39691,-21.97108,-20.1659,-8.278008,0.3727413,3.692109,-3.327192,-14.1214,-22.99084,-20.89406,-20.39873,-19.29466,24,24,24,24,24,24,24,24,24,24,24,24,24,24,24,24,438,4380,-18.81744,-18.96521,3.273699,-8.531952,-0.9208973,0.2454039,0.6530117,0.2607218,0.5177001,-0.6437306,0.1313755,0.8082036,0.3839616,-0.3340236,8.026557E-07,-0.5651435,24,24,24,24,24,24,24,24,24,24,24,24,24,24,24,24
439,4390,-20.20397,-19.94917,-19.82287,-1.827893,-20.15552,-21.47743,-19.2726,-7.525681,0.7443388,4.5536,-2.970706,-14.24747,-22.51474,-20.41665,-19.56411,-20.25885,24,24,24,24,24,24,24,24,24,24,24,24,24,24,24,24,439,4390,-19.35486,-19.36004,3.273699,-9.306532,0.5236293,0.4908432,-0.2611809,0.3910988,-0.5176824,-1.287462,0.3941649,0.4040841,-0.3839279,0.1114327,0.1204489,0.3390546,24,24,24,24,24,24,24,24,24,24,24,24,24,24,24,24
440,4400,-19.72297,-21.1582,-20.43828,-2.071597,-20.75897,-23.32863,-20.54875,-9.531884,0.001142982,2.707548,-3.44602,-15.76037,-24.30012,-22.80374,-19.68334,-20.62041,24,24,24,24,24,24,24,24,24,24,24,24,24,24,24,24,440,4400,-19.2205,-20.1497,2.226124,-8.402856,0.3923092,-3.531685E-05,0.3918148,-0.6519169,9.631868E-06,0.6437315,-2.247436E-05,-0.6735726,-0.3839279,-0.5567509,-0.3613428,0.1130043,24,24,24,24,24,24,24,24,24,24,24,24,24,24,24,24
441,4410,-20.32422,-20.31188,-20.06904,-1.096778,-20.27621,-22.46474,-20.03829,-7.65107,0.4966584,4.184389,-3.208363,-14.87785,-23.34792,-20.05858,-19.80257,-20.13832,24,24,24,24,24,24,24,24,24,24,24,24,24,24,24,24,441,4410,-20.29533,-21.46579,3.273699,-8.273745,-0.2642936,0.2454039,-1.044777,-0.7822939,0.2588548,0.2574928,-0.1314172,0.4040841,-0.8958536,6.742308E-05,0.6022402,0.1130043,24,24,24,24,24,24,24,24,24,24,24,24,24,24,24,24
442,4420,-20.20397,-20.31188,-20.43828,-0.7312209,-20.03482,-20.73696,-18.88976,-7.525682,0.4966584,4.06132,-3.327192,-15.38215,-23.70499,-21.13277,-20.04103,-20.0178,24,24,24,24,24,24,24,24,24,24,24,24,24,24,24,24,442,4420,-19.89227,-18.96521,2.488021,-8.015189,0.6549502,-1.349958,0.3918148,0.7822329,0.2588548,-0.128746,-0.3942067,-0.6735726,0.1279979,-0.1112962,-0.8431344,-0.4521199,24,24,24,24,24,24,24,24,24,24,24,24,24,24,24,24
443,4430,-20.08372,-20.67459,-19.57671,-1.70604,-20.15552,-22.46474,-20.03829,-8.528783,0.7443901,3.322898,-2.851876,-14.37355,-22.87182,-20.65536,-19.56411,-20.62041,24,24,24,24,24,24,24,24,24,24,24,24,24,24,24,24,443,4430,-18.9518,-18.57039,3.404641,-8.402856,-0.5269354,-0.4909171,0.2612163,0.7822329,-0.1294138,0.2574928,-1.051187,0.1346696,-0.255946,6.742308E-05,-0.1204469,-0.4521199,24,24,24,24,24,24,24,24,24,24,24,24,24,24,24,24
444,4440,-19.60272,-19.34466,-19.69979,-0.9749256,-19.91413,-20.11989,-19.52783,-8.15262,-0.2465373,3.445969,-3.921332,-15.13,-24.30012,-22.20697,-20.2795,-19.65623,24,24,24,24,24,24,24,24,24,24,24,24,24,24,24,24,444,4440,-19.2205,-18.96521,3.273699,-9.177435,-0.2642936,-0.3681974,-0.6529797,0.9126099,0.1294314,-1.287462,0.3941649,-3.692216E-05,-0.5119081,0.33416,8.026557E-07,0.4520782,24,24,24,24,24,24,24,24,24,24,24,24,24,24,24,24
445,4450,-20.08372,-19.82827,-20.3152,-1.096778,-20.63828,-22.71156,-19.91068,-8.15262,0.9921225,3.322898,-2.970704,-15.6343,-23.58597,-21.61019,-20.99488,-20.62041,24,24,24,24,24,24,24,24,24,24,24,24,24,24,24,24,445,4450,-19.89227,-20.01809,2.749911,-8.531952,0.5236293,0.3681236,1.765843E-05,-2.88956E-05,-0.6471042,0,0.1313755,-0.9429856,0.1279979,-0.1112962,0.2408966,0.1130043,24,24,24,24,24,24,24,24,24,24,24,24,24,24,24,24
446,4460,-21.04572,-21.27911,-20.56137,-1.827893,-20.87967,-22.46474,-20.03829,-8.528783,1.239854,3.569039,-2.733047,-15.13,-23.58597,-21.49084,-20.39873,-21.34355,24,24,24,24,24,24,24,24,24,24,24,24,24,24,24,24,446,4460,-19.08615,-19.88648,2.749911,-8.144467,-0.1329736,0.7362857,-0.1305825,-0.6519169,0.5177001,0.5149855,-0.9197921,0.8082036,-0.1279642,-0.1112962,0.3613443,-1.926374E-05,24,24,24,24,24,24,24,24,24,24,24,24,24,24,24,24
447,4470,-20.80522,-20.79549,-21.42295,-1.462335,-21.72451,-23.45204,-20.93159,-9.155722,-0.2465373,2.707548,-4.277819,-16.01252,-24.18109,-21.8489,-20.39873,-19.05362,24,24,24,24,24,24,24,24,24,24,24,24,24,24,24,24,447,4470,-21.2358,-19.49165,3.797486,-8.790146,0.2609883,-0.7363563,-0.9141766,-2.88956E-05,0.7765453,0.2574928,0.7883524,-0.134745,-0.1279642,-0.3340236,-0.3613428,0.3390546,24,24,24,24,24,24,24,24,24,24,24,24,24,24,24,24
448,4480,-20.08372,-19.70737,-19.57671,-1.096778,-19.91413,-22.21791,-19.52783,-8.904946,1.487586,3.076758,-2.614219,-16.39075,-22.99084,-21.37148,-19.56411,-20.49989,24,24,24,24,24,24,24,24,24,24,24,24,24,24,24,24,448,4480,-19.89227,-19.09682,2.749911,-8.144467,-0.6582555,-1.349958,1.765843E-05,0.391102,0.1294314,0,-1.051187,-0.404158,1.765843E-05,0.2227964,-0.3613428,-0.9042237,24,24,24,24,24,24,24,24,24,24,24,24,24,24,24,24
449,4490,-20.56472,-20.79549,-20.43828,-1.70604,-20.39691,-22.83498,-19.78306,-8.528783,0.7443901,4.184389,-2.020077,-14.37355,-23.22889,-20.77471,-20.39873,-20.25885,24,24,24,24,24,24,24,24,24,24,24,24,24,24,24,24,449,4490,-18.81744,-19.75487,3.14275,-9.435629,-0.3956145,0.3681236,0.5224149,-2.88956E-05,0.3882767,-1.287462,-0.3942067,0.4040841,0.1279979,6.742308E-05,-0.3613428,-0.226076,24,24,24,24,24,24,24,24,24,24,24,24,24,24,24,24
450,4500,-20.68497,-19.71055,-20.93061,-1.70604,-21.00036,-21.72426,-20.03829,-8.654171,0.001194352,2.830617,-3.683675,-15.88645,-23.94304,-21.13277,-20.2795,-19.89728,24,24,24,24,24,24,24,24,24,24,24,24,24,24,24,24,450,4500,-19.89227,-18.30717,2.618963,-8.661049,-0.3956145,0.3681236,-0.2611809,0.521479,9.631868E-06,-0.128746,-2.247436E-05,0.5387906,0.1279979,-0.1112962,0.3613443,-2.568498E-05,24,24,24,24,24,24,24,24,24,24,24,24,24,24,24,24
451,4510,-20.68497,-20.43609,-20.43829,-1.949745,-19.79344,-23.57545,-19.40022,-9.155722,0.9921225,2.461407,-3.683675,-16.76897,-23.58597,-22.20697,-20.2795,-20.25885,24,24,24,24,24,24,24,24,24,24,24,24,24,24,24,24,451,4510,-18.68309,-19.75487,2.488021,-9.048338,0.2609883,-0.1227549,0.1306178,-0.1304059,9.631868E-06,0,0.1313755,-3.692216E-05,0.7679055,-0.5567509,-0.240895,-0.226076,24,24,24,24,24,24,24,24,24,24,24,24,24,24,24,24
452,4520,-19.48247,-20.91979,-19.82287,-1.21858,-20.15552,-22.58815,-19.52783,-8.15262,1.239854,4.30746,-2.733047,-14.24747,-22.75279,-20.29729,-20.2795,-20.0178,24,24,24,24,24,24,24,24,24,24,24,24,24,24,24,24,452,4520,-20.16097,-19.88648,3.273699,-8.015189,-0.3956145,0.2454039,-0.3917795,-0.52154,-0.2588356,0.2574928,-2.247436E-05,-3.692216E-05,-1.023834,0.5568873,8.026557E-07,0.5650985,24,24,24,24,24,24,24,24,24,24,24,24,24,24,24,24
453,4530,-20.20397,-20.55702,-20.43829,-2.071547,-20.03482,-21.23061,-19.91068,-8.403396,0.9921225,3.322898,-3.208362,-14.87785,-22.51474,-20.17794,-19.44488,-19.77676,24,24,24,24,24,24,24,24,24,24,24,24,24,24,24,24,453,4530,-18.54874,-19.36004,2.749911,-8.661049,-0.1329736,-1.349958,1.765843E-05,-2.88956E-05,-0.388259,-0.3862379,-0.2628119,-0.404158,0.3839616,0.33416,-0.3613428,-0.4521263,24,24,24,24,24,24,24,24,24,24,24,24,24,24,24,24
454,4540,-19.00147,-19.4687,-18.9613,-2.193399,-18.94861,-22.0945,-19.14499,-8.403396,0.2489264,2.338337,-3.921332,-15.6343,-23.22889,-21.61019,-18.61027,-20.49989,24,24,24,24,24,24,24,24,24,24,24,24,24,24,24,24,454,4540,-19.35486,-19.09682,3.011802,-7.885912,-0.9208973,0.1227357,0.1306178,-2.88956E-05,0.5177001,-0.2574919,-1.313976,0.2693761,0.6399236,6.742308E-05,-0.240895,-0.5651498,24,24,24,24,24,24,24,24,24,24,24,24,24,24,24,24
455,4550,-18.64072,-19.22685,-18.9613,-1.462285,-19.31067,-21.23061,-19.40021,-7.776457,0.2489264,4.30746,-3.802503,-14.6257,-22.03864,-18.38762,-18.84873,-19.41519,24,24,24,24,24,24,24,24,24,24,24,24,24,24,24,24,455,4550,-20.42968,-19.88648,2.88086,-9.564724,-0.1329736,1.605311E-05,-0.130584,0.6518559,0.1294314,-0.5149847,0.1313755,-3.692216E-05,-0.3839279,0.1114327,0.1204489,-2.568498E-05,24,24,24,24,24,24,24,24,24,24,24,24,24,24,24,24
456,4560,-19.36222,-19.4687,-19.82287,-1.21858,-18.82791,-20.86037,-19.2726,-7.651069,0.9921225,3.445969,-3.446018,-14.6257,-21.68157,-19.34245,-18.25257,-19.05362,24,24,24,24,24,24,24,24,24,24,24,24,24,24,24,24,456,4560,-20.56403,-20.93936,2.618963,-8.531952,-0.001652668,0.3681749,0.6530117,-0.7822939,-0.7765276,0.5149855,-0.3942067,-3.692216E-05,0.3839616,-0.8908418,-0.3613428,-0.226076,24,24,24,24,24,24,24,24,24,24,24,24,24,24,24,24
457,4570,-18.76097,-18.74315,-18.34588,-1.705989,-17.86238,-21.1072,-18.12407,-8.403395,0.4966584,2.338337,-4.04016,-16.1386,-22.63377,-21.01342,-18.84873,-19.17414,24,24,24,24,24,24,24,24,24,24,24,24,24,24,24,24,457,4570,-20.42968,-20.67614,3.273699,-8.015189,-0.9208973,0.3681749,-0.5223812,-0.52154,9.631868E-06,-0.3862379,-0.1314172,0.6734971,-0.63989,-0.3340236,0.2408966,-0.4521263,24,24,24,24,24,24,24,24,24,24,24,24,24,24,24,24
458,4580,-19.36222,-20.07332,-19.82287,-0.8530231,-20.03482,-20.86037,-19.78306,-8.403395,0.1250606,2.953688,-3.683675,-15.38215,-23.46694,-19.46181,-19.56411,-18.81258,24,24,24,24,24,24,24,24,24,24,24,24,24,24,24,24,458,4580,-20.29533,-19.88648,3.797486,-9.435629,0.5236293,-0.8590278,1.605311E-05,-0.3911598,0.5177001,-0.5149847,0.5255629,-0.6735726,-0.3839279,0.2227964,-0.6022386,-0.1130492,24,24,24,24,24,24,24,24,24,24,24,24,24,24,24,24
459,4590,-19.96347,-19.58963,-20.3152,-1.584137,-19.67276,-21.35402,-18.88975,-7.400293,1.115988,3.938249,-3.683675,-15.25607,-22.99084,-20.536,-19.44488,-19.65623,24,24,24,24,24,24,24,24,24,24,24,24,24,24,24,24,459,4590,-20.29533,-19.22843,3.14275,-8.402856,-0.001652668,-0.4908657,0.2612146,0.521479,0.2588548,0.1287468,-0.5256046,0.2693761,1.765843E-05,-0.2226599,-0.7226863,-1.130274,24,24,24,24,24,24,24,24,24,24,24,24,24,24,24,24
460,4600,-19.36222,-19.83147,-19.45363,-1.584137,-20.39691,-22.71157,-19.91067,-8.904945,-0.1226715,2.338337,-4.277819,-15.88645,-22.87182,-20.29729,-19.08719,-20.37937,24,24,24,24,24,24,24,24,24,24,24,24,24,24,24,24,460,4600,-19.62356,-20.01809,3.14275,-8.919242,0.2609883,0.4908946,-0.3917827,-0.1304059,0.5177001,-0.6437306,0.3941649,0.5387906,1.765843E-05,0.4455237,0.4817924,-2.568498E-05,24,24,24,24,24,24,24,24,24,24,24,24,24,24,24,24
461,4610,-19.24197,-18.985,-19.82287,-1.096727,-19.67276,-21.1072,-19.14498,-7.651069,0.3727926,3.322899,-4.277819,-14.75177,-23.58597,-20.29729,-19.56411,-19.05362,24,24,24,24,24,24,24,24,24,24,24,24,24,24,24,24,461,4610,-20.02662,-20.28131,2.095182,-8.919242,0.7862711,0.1227357,0.3918132,-0.1304059,-0.7765276,0.6437315,0.3941649,-3.692216E-05,0.3839616,-0.3340236,-0.4817909,-0.3390996,24,24,24,24,24,24,24,24,24,24,24,24,24,24,24,24
462,4620,-19.24197,-19.34778,-19.45363,-1.340432,-19.43137,-21.47744,-19.52783,-7.901844,0.4966584,3.199829,-3.446018,-15.25607,-22.39572,-20.89406,-18.96796,-19.77676,24,24,24,24,24,24,24,24,24,24,24,24,24,24,24,24,462,4620,-18.9518,-19.62326,2.488021,-9.048338,0.2609883,-0.3681461,0.7836119,-1.173425,0.6471218,0.6437315,0.1313755,-3.692216E-05,1.765843E-05,-0.6681145,-0.8431344,-2.568498E-05,24,24,24,24,24,24,24,24,24,24,24,24,24,24,24,24
463,4630,-19.84322,-19.71055,-19.57671,-1.584137,-19.67276,-21.72426,-18.88975,-8.152619,0.4966584,3.569039,-3.208362,-15.38215,-22.27669,-20.41665,-19.20642,-20.37937,24,24,24,24,24,24,24,24,24,24,24,24,24,24,24,24,463,4630,-19.35486,-19.75487,3.14275,-8.402856,-0.1329736,0.1227357,-0.5223812,-2.88956E-05,1.164812,0.1287468,0.2627702,-0.134745,-0.63989,0.1114327,0.1204489,-0.1130492,24,24,24,24,24,24,24,24,24,24,24,24,24,24,24,24
464,4640,-19.48247,-19.10593,-19.94596,-0.9748751,-19.67276,-21.60085,-19.52783,-8.152619,0.1250606,3.569039,-4.87196,-16.1386,-24.30012,-21.13277,-19.20642,-19.29467,24,24,24,24,24,24,24,24,24,24,24,24,24,24,24,24,464,4640,-19.08615,-18.96521,3.273699,-8.273745,0.1296674,-1.718068,-0.130584,0.1303481,-0.6471042,0.1287468,-0.3942067,-0.5388645,-0.1279642,0.4455237,-0.7226863,-0.7912002,24,24,24,24,24,24,24,24,24,24,24,24,24,24,24,24
465,4650,-19.24197,-18.38038,-19.57671,-0.9748751,-19.67276,-21.1072,-19.01737,-8.278008,1.36372,3.445969,-2.733047,-16.39075,-22.27669,-20.65536,-19.56411,-19.77676,24,24,24,24,24,24,24,24,24,24,24,24,24,24,24,24,465,4650,-19.48921,-18.96521,3.273699,-8.661049,-0.6582555,-0.3681461,0.3918132,-2.88956E-05,0.3882767,0,0.1313755,-0.134745,0.3839616,-0.1112962,-0.4817909,-0.5651498,24,24,24,24,24,24,24,24,24,24,24,24,24,24,24,24
466,4660,-20.08372,-20.67794,-20.19212,-1.462285,-19.67276,-21.60085,-19.91067,-8.65417,0.8682567,2.830617,-2.970704,-15.6343,-23.34792,-20.41665,-19.68334,-20.49989,24,24,24,24,24,24,24,24,24,24,24,24,24,24,24,24,466,4660,-19.75792,-19.88648,2.749911,-9.564724,-0.001652668,-0.1227036,-0.3917827,0.1303481,-0.2588356,-0.7724766,0.1313755,0.2693761,-0.1279642,0.5568873,0.4817924,0.3390482,24,24,24,24,24,24,24,24,24,24,24,24,24,24,24,24
467,4670,-20.08372,-19.10593,-20.31521,-1.584137,-20.63828,-21.72426,-20.1659,-8.904945,0.3727926,2.953688,-4.04016,-15.6343,-22.99084,-20.17794,-18.7295,-19.17414,24,24,24,24,24,24,24,24,24,24,24,24,24,24,24,24,467,4670,-19.62356,-19.88648,2.488021,-8.919242,0.2609883,0.1227357,0.5224133,-0.3911598,-1.035373,-0.128746,0.5255629,-0.404158,0.1279979,6.742308E-05,-0.3613428,-2.568498E-05,24,24,24,24,24,24,24,24,24,24,24,24,24,24,24,24
468,4680,-19.36222,-19.58963,-20.06904,-1.218579,-20.15552,-21.23061,-19.14498,-8.904945,0.9921225,2.584477,-2.970704,-15.6343,-22.63377,-21.37148,-19.68334,-19.17414,24,24,24,24,24,24,24,24,24,24,24,24,24,24,24,24,468,4680,-19.75792,-21.07096,2.095182,-9.306532,-0.2642936,1.605311E-05,-0.6529813,-1.043048,-0.1294138,-0.128746,-0.2628119,0.6734971,-0.1279642,0.2227964,-0.1204469,-0.3390996,24,24,24,24,24,24,24,24,24,24,24,24,24,24,24,24
469,4690,-19.60272,-19.34778,-18.59205,-1.584136,-18.82791,-20.86037,-18.12407,-8.152619,0.6205243,2.830617,-2.970704,-14.87785,-22.51474,-19.70052,-18.7295,-19.77676,24,24,24,24,24,24,24,24,24,24,24,24,24,24,24,24,469,4690,-20.02662,-20.28131,3.011802,-8.919242,0.9175912,-0.6135853,-0.7835798,0.2607251,0.3882767,-0.5149847,0.7883524,-0.6735726,1.765843E-05,0.33416,0.6022402,-0.226076,24,24,24,24,24,24,24,24,24,24,24,24,24,24,24,24
470,4700,-19.96347,-19.4687,-20.06904,-1.705989,-20.51759,-21.97109,-19.40021,-8.528783,0.4966584,3.076758,-3.921332,-15.25607,-22.87182,-19.58116,-18.96796,-18.9331,24,24,24,24,24,24,24,24,24,24,24,24,24,24,24,24,470,4700,-19.62356,-19.22843,3.273699,-7.756635,0.5236293,-0.7363049,0.2612146,0.391102,-0.6471042,0.9012234,-0.5256046,0.1346696,0.3839616,-0.1112962,-1.204478,-0.6781734,24,24,24,24,24,24,24,24,24,24,24,24,24,24,24,24
471,4710,-19.00147,-19.4687,-18.9613,-1.705989,-19.67275,-22.34133,-19.40022,-9.155721,0.6205243,2.092197,-3.564847,-15.50822,-22.99084,-21.13277,-19.68334,-19.65623,24,24,24,24,24,24,24,24,24,24,24,24,24,24,24,24,471,4710,-20.16097,-20.1497,4.845055,-8.790146,-0.6582555,1.605311E-05,-0.2611858,-0.52154,-0.388259,-0.2574919,-0.2628119,0.1346696,0.5119434,0.2227964,-0.3613428,-0.3390996,24,24,24,24,24,24,24,24,24,24,24,24,24,24,24,24
472,4720,-19.72297,-19.34778,-19.33055,-1.462284,-18.82791,-21.10719,-18.63453,-8.152618,1.239854,3.445969,-2.970704,-14.37355,-23.22889,-19.93923,-19.56411,-19.65623,24,24,24,24,24,24,24,24,24,24,24,24,24,24,24,24,472,4720,-20.56403,-19.88648,3.14275,-8.661049,0.5236293,0.3681749,-0.6529829,0.2607251,-0.5176824,-0.128746,-2.247436E-05,-3.692216E-05,0.3839616,0.33416,-0.240895,0.5650985,24,24,24,24,24,24,24,24,24,24,24,24,24,24,24,24
473,4730,-19.72297,-19.58963,-19.82288,-1.462284,-19.79344,-20.98378,-19.01737,-8.403394,0.4966071,3.076758,-3.446018,-15.76037,-23.46694,-20.17794,-18.96796,-18.33048,24,24,24,24,24,24,24,24,24,24,24,24,24,24,24,24,473,4730,-18.9518,-20.01809,1.571394,-8.273745,0.3923092,1.605311E-05,0.2612115,-0.2607828,-0.6471042,0.5149855,0.7883524,-0.404158,-0.1279642,-1.336296,-0.8431344,-2.568498E-05,24,24,24,24,24,24,24,24,24,24,24,24,24,24,24,24
474,4740,-19.48247,-20.31517,-19.45363,-1.827841,-19.43136,-22.58815,-19.65545,-9.531883,-0.4943207,1.969126,-3.446018,-16.76897,-24.06207,-22.32632,-20.39873,-19.77676,24,24,24,24,24,24,24,24,24,24,24,24,24,24,24,24,474,4740,-19.75792,-20.01809,3.535589,-8.790146,0.2609883,0.3681749,-0.783583,-0.6519169,0.5177001,0.1287468,-0.2628119,0.9429117,-1.023834,-0.2226599,0.4817924,0.2260246,24,24,24,24,24,24,24,24,24,24,24,24,24,24,24,24
475,4750,-20.32422,-20.31517,-20.19213,-2.071546,-19.91413,-22.46474,-19.91068,-8.152618,0.248875,3.445969,-3.446018,-14.75177,-23.70499,-20.05858,-20.2795,-20.86146,24,24,24,24,24,24,24,24,24,24,24,24,24,24,24,24,475,4750,-20.56403,-19.22843,2.618963,-8.402856,1.048912,-0.1227036,0.130613,0.2607251,0.2588548,-0.5149847,-0.2628119,-0.6735726,0.5119434,0.33416,-0.4817909,-0.3390996,24,24,24,24,24,24,24,24,24,24,24,24,24,24,24,24
476,4760,-19.96347,-19.58963,-20.56137,-1.705989,-20.27621,-21.84767,-20.1659,-8.403394,0.248875,2.953688,-3.208362,-15.6343,-23.46694,-19.93923,-19.20642,-20.0178,24,24,24,24,24,24,24,24,24,24,24,24,24,24,24,24,476,4760,-20.56403,-19.62326,2.618963,-8.790146,-0.5269354,1.605311E-05,1.284249E-05,0.6518559,0.2588548,-0.6437306,-1.182582,0.4041323,0.7679055,-0.1112962,-0.7226863,-0.3390996,24,24,24,24,24,24,24,24,24,24,24,24,24,24,24,24
477,4770,-18.64072,-19.22685,-19.20747,-1.584136,-18.70721,-21.97109,-18.76214,-8.779557,0.6204729,2.215266,-3.683675,-16.26468,-23.46694,-21.61019,-19.80257,-19.53571,24,24,24,24,24,24,24,24,24,24,24,24,24,24,24,24,477,4770,-20.02662,-21.5974,3.928428,-8.919242,-0.5269354,1.605311E-05,-0.6529829,0.2607251,-0.388259,-1.158715,0.3941649,0.4041323,-0.3839279,0.1114327,0.4817924,0.2260246,24,24,24,24,24,24,24,24,24,24,24,24,24,24,24,24
478,4780,-20.32422,-19.83147,-19.82288,-1.096727,-20.03482,-22.0945,-19.14499,-8.654169,0.3727413,3.322898,-3.446018,-15.76037,-23.70499,-19.93923,-20.16026,-20.13833,24,24,24,24,24,24,24,24,24,24,24,24,24,24,24,24,478,4780,-21.2358,-20.54453,2.226124,-8.790146,0.2609883,0.2454553,0.130613,-2.88956E-05,-0.9059494,0.2574928,0.5255629,-0.6735228,0.1279979,-0.3340717,0.4817924,-2.568498E-05,24,24,24,24,24,24,24,24,24,24,24,24,24,24,24,24
479,4790,-20.80522,-19.9524,-20.80754,-1.705989,-20.75897,-22.21791,-19.91068,-9.15572,0.7443388,3.322898,-3.446018,-15.76037,-23.22889,-20.77471,-19.56411,-20.13833,24,24,24,24,24,24,24,24,24,24,24,24,24,24,24,24,479,4790,-20.56403,-22.25545,3.011802,-8.273745,0.1296674,-0.1227036,-0.1305857,-1.173425,0.3882767,0.1287468,-2.247436E-05,0.4041323,-0.3839279,-0.2227081,-0.3613428,-2.568498E-05,24,24,24,24,24,24,24,24,24,24,24,24,24,24,24,24
480,4800,-19.60272,-19.83147,-18.34589,-2.071546,-19.18998,-22.0945,-19.14499,-8.904944,-0.2465887,2.215266,-3.921332,-16.01252,-23.82402,-21.96826,-20.16026,-20.25885,24,24,24,24,24,24,24,24,24,24,24,24,24,24,24,24,480,4800,-23.11674,-21.99223,3.404641,-8.273745,0.6549502,-1.104467,-0.783583,0.1303481,0.5177001,0.1287468,0.6569576,-0.5388163,-0.3839279,0.2227466,8.026557E-07,-1.926374E-05,24,24,24,24,24,24,24,24,24,24,24,24,24,24,24,24
481,4810,-19.36222,-19.58963,-18.9613,-1.705989,-18.9486,-20.73696,-19.2726,-7.776456,0.4966071,3.569038,-3.802503,-14.87785,-23.34792,-19.70052,-20.16026,-19.89728,24,24,24,24,24,24,24,24,24,24,24,24,24,24,24,24,481,4810,-22.04192,-21.46579,3.797486,-8.144467,-0.2642936,-1.349906,0.2612115,-2.88956E-05,-0.1294138,1.02997,0.1313755,-1.21235,0.1279979,0.4454755,-0.4817909,-0.6781702,24,24,24,24,24,24,24,24,24,24,24,24,24,24,24,24
482,4820,-19.96347,-20.19424,-19.33055,-1.949694,-19.79344,-21.47743,-19.01737,-8.278007,0.9920712,3.445969,-3.208362,-14.75177,-23.22889,-20.41665,-18.7295,-19.05362,24,24,24,24,24,24,24,24,24,24,24,24,24,24,24,24,482,4820,-21.90756,-21.20257,3.666538,-8.661049,-0.9208973,1.605311E-05,0.3918115,-0.2607828,0.5177001,-0.128746,0.1313755,0.1347193,0.2559797,-0.5567991,-0.6022386,-0.6781702,24,24,24,24,24,24,24,24,24,24,24,24,24,24,24,24
483,4830,-19.00147,-19.9524,-19.45363,-2.193398,-18.46583,-21.60085,-19.14499,-8.779557,0.6204729,2.584477,-4.277819,-16.26468,-23.82402,-21.25213,-18.49103,-20.13833,24,24,24,24,24,24,24,24,24,24,24,24,24,24,24,24,483,4830,-21.5045,-20.41292,3.01175,-8.661049,-0.1329736,0.3681749,-0.3917843,0.1303481,-0.1294138,-0.5149847,-2.247436E-05,1.123718E-05,1.765843E-05,0.5568392,8.026557E-07,0.1130043,24,24,24,24,24,24,24,24,24,24,24,24,24,24,24,24
484,4840,-19.12172,-19.34777,-19.69979,-1.705989,-19.79344,-21.23061,-19.78306,-8.152618,-0.3704549,3.322898,-3.683675,-14.75177,-23.34792,-19.81987,-20.16026,-19.53571,24,24,24,24,24,24,24,24,24,24,24,24,24,24,24,24,484,4840,-21.10144,-21.20257,2.74986,-8.015189,0.5236293,1.605311E-05,0.6530101,-1.043048,0.2588548,0,0.6569576,-1.347059,0.6399236,-0.5567991,-0.1204469,-0.113046,24,24,24,24,24,24,24,24,24,24,24,24,24,24,24,24
485,4850,-19.96347,-20.43609,-19.94596,-1.462285,-19.79344,-21.35402,-19.52783,-8.027231,0.3727413,3.322898,-3.32719,-14.6257,-22.39572,-20.65536,-18.7295,-19.65623,24,24,24,24,24,24,24,24,24,24,24,24,24,24,24,24,485,4850,-19.75792,-20.93936,3.666486,-7.885912,-0.2642928,0.2454553,0.130613,-0.3911598,0.3882767,0,0.2627702,0.2694258,-0.5119081,-0.3340717,-0.1204469,-0.3390931,24,24,24,24,24,24,24,24,24,24,24,24,24,24,24,24
486,4860,-19.72297,-20.31516,-20.19212,-2.071547,-19.91413,-22.34133,-20.1659,-9.15572,-0.2465887,2.461407,-4.396647,-15.88645,-22.51474,-21.01342,-19.56411,-19.89728,24,24,24,24,24,24,24,24,24,24,24,24,24,24,24,24,486,4860,-21.2358,-20.1497,3.535538,-9.306532,0.654951,-0.4909171,-0.3917843,0.1303481,0.2588548,-0.6437306,-0.2628119,-0.8082309,-0.1279642,0.1113829,0.3613443,0.3390546,24,24,24,24,24,24,24,24,24,24,24,24,24,24,24,24
487,4870,-19.24197,-19.9524,-20.19212,-1.949694,-20.03482,-21.35402,-19.91068,-8.278007,-0.618187,3.569038,-4.277819,-15.76037,-24.30012,-20.41665,-19.68334,-19.65623,24,24,24,24,24,24,24,24,24,24,24,24,24,24,24,24,487,4870,-20.29533,-19.62326,3.535538,-7.627357,-0.2642928,-1.349958,0.3918629,1.303741,-0.388259,0.7724774,-0.9197921,0.4041323,1.765843E-05,0.2227466,-0.8431344,-0.4521199,24,24,24,24,24,24,24,24,24,24,24,24,24,24,24,24
488,4880,-19.72297,-19.58962,-20.19212,-0.6093184,-20.15552,-21.97109,-19.78306,-7.776456,0.4966071,3.815179,-3.32719,-14.6257,-22.51474,-20.536,-19.80257,-20.0178,24,24,24,24,24,24,24,24,24,24,24,24,24,24,24,24,488,4880,-19.89227,-20.01809,3.535538,-9.564724,-0.3956137,0.613566,0.5224614,-1.043048,0.6471218,-0.901223,0.3941649,1.123718E-05,-0.255946,0.5568392,0.2408966,-0.113046,24,24,24,24,24,24,24,24,24,24,24,24,24,24,24,24
489,4890,-19.72297,-20.43609,-19.57671,-2.315252,-20.03482,-21.72426,-19.65545,-8.65417,0.9920712,3.076758,-2.851876,-15.25607,-23.22889,-20.89406,-19.56411,-20.98199,24,24,24,24,24,24,24,24,24,24,24,24,24,24,24,24,489,4890,-20.69839,-19.75487,3.273647,-8.661049,0.5236301,0.8590053,-0.6529315,0.521479,-0.1294122,-0.5149847,-0.2628119,-0.4041098,1.765843E-05,0.7795665,0.1204489,0.2260311,24,24,24,24,24,24,24,24,24,24,24,24,24,24,24,24
490,4900,-20.08372,-19.34777,-20.56137,-1.705989,-20.63828,-21.35402,-19.78306,-8.904945,-0.3704549,3.199828,-4.04016,-16.26468,-24.06207,-20.89406,-19.32565,-19.41519,24,24,24,24,24,24,24,24,24,24,24,24,24,24,24,24,490,4900,-19.62356,-20.28131,2.74986,-7.885912,0.654951,-0.2454778,-0.1305343,-1.043048,-0.1294122,-0.128746,0.2627702,-0.1346953,0.2559797,-0.89089,-0.9635825,-0.4521199,24,24,24,24,24,24,24,24,24,24,24,24,24,24,24,24
491,4910,-19.24197,-19.71055,-20.3152,-1.827842,-20.03482,-22.58815,-20.03829,-9.281109,0.1250092,2.461407,-3.446018,-15.6343,-22.99084,-21.37148,-20.16026,-19.89728,24,24,24,24,24,24,24,24,24,24,24,24,24,24,24,24,491,4910,-20.96709,-20.93936,3.928377,-7.756635,-0.1329728,0.3681236,-0.522333,-0.1304059,0.5177017,0.1287468,0.1313787,0.6735469,-0.5119081,0.2227466,0.4817924,1.017206,24,24,24,24,24,24,24,24,24,24,24,24,24,24,24,24
492,4920,-20.20397,-20.43609,-19.57671,-2.071547,-19.55206,-21.97109,-19.65545,-7.776456,0.9920712,3.445969,-3.089533,-15.50822,-22.99084,-20.29729,-19.68334,-20.13833,24,24,24,24,24,24,24,24,24,24,24,24,24,24,24,24,492,4920,-20.96709,-21.33418,4.059325,-8.919242,0.7862719,-1.227238,6.421245E-05,0.1303481,0.1294331,0.5149855,-1.605311E-05,-0.9429888,-0.1279642,0.1113829,-0.8431344,-0.5651435,24,24,24,24,24,24,24,24,24,24,24,24,24,24,24,24
493,4930,-19.84322,-19.9524,-20.3152,-1.949694,-21.24175,-22.21792,-20.9316,-9.281109,0.001142982,2.338337,-3.921332,-15.76037,-23.10987,-20.536,-19.44488,-19.41519,24,24,24,24,24,24,24,24,24,24,24,24,24,24,24,24,493,4930,-20.69839,-20.28131,2.74986,-8.015189,-0.6582547,-0.7363563,6.421245E-05,0.2607251,-0.258834,-0.2574919,-1.05118,-4.013279E-05,0.2559268,0.2227466,-0.240895,-0.4521199,24,24,24,24,24,24,24,24,24,24,24,24,24,24,24,24
494,4940,-19.36222,-19.34777,-19.69979,-1.827842,-19.43137,-21.47744,-18.88976,-8.152619,1.363669,2.461407,-3.446018,-16.39075,-23.94304,-21.8489,-20.63719,-19.17414,24,24,24,24,24,24,24,24,24,24,24,24,24,24,24,24,494,4940,-20.16097,-20.80775,3.535538,-9.306532,0.129669,0.4908432,-0.522333,0.1303481,-0.258834,-0.7724766,0.2627766,-0.1347466,-0.6399446,0.1113829,0.1204489,0.2260311,24,24,24,24,24,24,24,24,24,24,24,24,24,24,24,24
495,4950,-20.92546,-20.55701,-20.19212,-1.949694,-20.87967,-22.83498,-19.52783,-8.403395,1.239803,3.815179,-3.32719,-15.25607,-23.58597,-20.77471,-20.63719,-20.74094,24,24,24,24,24,24,24,24,24,24,24,24,24,24,24,24,495,4950,-20.42968,-19.62326,2.226072,-7.756635,-0.1329728,0.2454039,0.3918629,-0.6519169,-0.6471026,-0.128746,0.1313787,-0.5388677,0.6398707,-0.6681627,0.4817924,-1.926374E-05,24,24,24,24,24,24,24,24,24,24,24,24,24,24,24,24
496,4960,-20.56471,-19.9524,-20.68445,-2.437104,-20.63828,-22.34133,-20.03829,-8.904945,0.8682054,3.938249,-2.851876,-14.49962,-22.7528,-20.536,-20.04103,-20.49989,24,24,24,24,24,24,24,24,24,24,24,24,24,24,24,24,496,4960,-19.48921,-20.01809,3.142699,-8.144467,0.39231,0.4908432,0.2612628,-1.173425,0.6471235,1.287462,-0.3942035,0.808202,-0.3839808,-0.7795264,-0.3613428,-0.1129882,24,24,24,24,24,24,24,24,24,24,24,24,24,24,24,24
497,4970,-20.68497,-21.64533,-20.56137,-1.827842,-20.5176,-23.20522,-20.42114,-9.406496,0.3727413,2.461407,-3.921332,-16.51682,-25.49037,-23.40051,-21.71026,-20.49989,24,24,24,24,24,24,24,24,24,24,24,24,24,24,24,24,497,4970,-19.89227,-18.57039,3.797435,-7.368804,-0.3956137,-0.7363563,-0.7835316,-2.88956E-05,0.3882783,-0.5149847,0.5255661,-0.9429888,-0.3839808,-0.1113444,-0.6022382,0.2260856,24,24,24,24,24,24,24,24,24,24,24,24,24,24,24,24
498,4980,-20.92547,-21.16164,-20.19212,-1.340432,-21.00036,-23.69887,-20.54875,-8.403395,0.248875,3.815179,-3.802503,-15.50822,-24.53817,-21.25213,-21.11411,-21.5846,24,24,24,24,24,24,24,24,24,24,24,24,24,24,24,24,498,4980,-18.68309,-19.22843,4.190274,-8.144467,-0.001651865,-1.227238,-0.1305343,0.7822329,-0.258834,0,-0.3942035,-0.1347466,0.2559268,0.1113829,-0.6022382,-0.9041627,24,24,24,24,24,24,24,24,24,24,24,24,24,24,24,24
499,4990,-21.52672,-22.12903,-22.16144,-2.193399,-21.60382,-23.45205,-20.67637,-8.904945,0.3727413,4.184389,-3.921332,-16.1386,-25.60939,-23.75858,-21.4718,-20.86146,24,24,24,24,24,24,24,24,24,24,24,24,24,24,24,24,499,4990,-18.54874,-19.49165,4.059377,-9.048338,-0.001651865,-3.531685E-05,0.7836601,0.9126099,0.9059687,-0.6437306,-0.1314108,0.134668,-0.2560006,-0.2227081,8.026557E-07,0.2260856,24,24,24,24,24,24,24,24,24,24,24,24,24,24,24,24
500,5000,-21.76722,-21.88718,-22.03836,-2.437103,-22.56936,-25.9203,-22.20775,-9.406496,0.248875,3.199828,-3.446018,-16.1386,-24.6572,-22.80374,-21.23334,-23.15139,24,24,24,24,24,24,24,24,24,24,24,24,24,24,24,24,500,5000,-19.2205,-18.96521,2.88086,-9.048338,0.2609891,0.3681236,-0.3917329,0.9126099,1.123718E-05,-0.7724766,0.5255661,0.808202,0.1279449,0.5568392,-0.2408946,0.1130621,24,24,24,24,24,24,24,24,24,24,24,24,24,24,24,24
501,5010,-22.12796,-21.64533,-21.91528,-1.340432,-21.9659,-23.32863,-21.69729,-9.030334,-0.2465887,3.322898,-3.802503,-15.6343,-26.32355,-22.56503,-20.87565,-21.70512,24,24,24,24,24,24,24,24,24,24,24,24,24,24,24,24,501,5010,-18.9518,-19.88648,3.273699,-8.531951,-0.2642928,-0.2454778,0.7836601,-1.303802,0.6471235,0.1287468,0.1313787,0.404081,-0.2560006,-0.5567991,-0.6022382,-0.1129882,24,24,24,24,24,24,24,24,24,24,24,24,24,24,24,24
502,5020,-20.68497,-20.67794,-21.0537,-1.584136,-20.5176,-22.83498,-19.91068,-7.776456,0.6204729,3.938249,-3.208362,-15.38215,-24.30012,-21.8489,-20.99488,-20.62042,24,24,24,24,24,24,24,24,24,24,24,24,24,24,24,24,502,5020,-20.96709,-20.67614,4.321267,-7.627357,-0.001651865,-3.210623E-05,-1.305929,-0.2607828,0.2588564,0.2574928,-0.5255982,-4.013279E-05,-0.8959066,1.926374E-05,0.6022406,0.1130621,24,24,24,24,24,24,24,24,24,24,24,24,24,24,24,24
503,5030,-20.68497,-21.52441,-20.80754,-2.315251,-20.75897,-23.45204,-20.93159,-9.531883,-0.1227228,3.199828,-2.733047,-15.50822,-24.06207,-21.25213,-20.39873,-21.70512,24,24,24,24,24,24,24,24,24,24,24,24,24,24,24,24,503,5030,-20.16097,-19.62326,3.666538,-9.177434,0.5236301,-0.859076,-0.2611344,-0.1304059,0.6471235,0.2574928,0.2627766,-0.4041612,0.1279449,0.1113829,-0.7226863,-0.6781124,24,24,24,24,24,24,24,24,24,24,24,24,24,24,24,24
504,5040,-20.08372,-20.19424,-20.68445,-1.462284,-20.63828,-21.23061,-20.54875,-8.027232,0.1250092,3.815179,-4.04016,-15.76037,-25.25232,-22.08761,-20.51796,-20.01781,24,24,24,24,24,24,24,24,24,24,24,24,24,24,24,24,504,5040,-19.75792,-18.96521,3.273699,-8.273744,-1.052217,-0.3681942,0.5224614,0.782281,0.1294331,0.2574928,-1.445368,0.134668,0.2559268,-0.2227081,-0.3613428,-0.791136,24,24,24,24,24,24,24,24,24,24,24,24,24,24,24,24
505,5050,-20.32422,-19.4687,-20.19212,-0.8530223,-19.91413,-22.83498,-20.1659,-8.904945,0.4966071,2.953688,-2.733047,-14.6257,-23.46695,-22.08761,-19.9218,-20.49989,24,24,24,24,24,24,24,24,24,24,24,24,24,24,24,24,505,5050,-19.35486,-19.36004,3.535589,-9.048338,-0.001651865,0.1226875,-0.2611344,0.2607732,-0.5176808,-0.6437306,0.9197535,0.6734955,-0.7679248,-0.2227081,-0.1204469,0.1130621,24,24,24,24,24,24,24,24,24,24,24,24,24,24,24,24
506,5060,-19.84322,-20.31516,-20.19212,-2.193398,-19.67276,-21.35402,-19.2726,-8.528783,1.6114,4.18439,-3.208362,-15.13,-23.10987,-20.65536,-19.80257,-20.49989,24,24,24,24,24,24,24,24,24,24,24,24,24,24,24,24,506,5060,-19.62356,-19.36004,2.749911,-8.402856,0.2609891,-0.3681942,0.1306643,-0.9126227,0.1294331,-0.3862379,-1.605311E-05,-0.5388677,0.5118889,-0.5567991,-0.1204469,0.2260856,24,24,24,24,24,24,24,24,24,24,24,24,24,24,24,24
507,5070,-20.80522,-19.9524,-21.0537,-1.584136,-21.00036,-22.83498,-19.91068,-8.528783,0.7443388,2.953688,-3.921333,-16.1386,-23.34792,-20.536,-19.9218,-19.41519,24,24,24,24,24,24,24,24,24,24,24,24,24,24,24,24,507,5070,-20.69839,-20.80775,4.059377,-6.98097,-0.5269346,0.2454072,-0.2611344,-0.5214886,1.123718E-05,0.2574928,-1.605311E-05,-4.013279E-05,-1.15187,1.926374E-05,-0.1204469,3.852747E-05,24,24,24,24,24,24,24,24,24,24,24,24,24,24,24,24
508,5080,-19.84322,-20.67794,-20.06904,-1.584136,-19.79344,-22.71156,-19.40022,-8.904945,0.8682054,3.076758,-3.564848,-16.39075,-24.41915,-21.49084,-19.9218,-20.86146,24,24,24,24,24,24,24,24,24,24,24,24,24,24,24,24,508,5080,-20.56403,-19.36004,4.321267,-8.273744,0.129669,-0.6136335,-0.6529315,0.3911502,0.5177017,-0.2574919,0.2627766,-0.404158,-0.1280188,0.5568392,-0.4817905,-0.4520621,24,24,24,24,24,24,24,24,24,24,24,24,24,24,24,24
509,5090,-19.84322,-20.43609,-20.43829,-1.705989,-20.39691,-22.34132,-20.42113,-8.027232,0.4966071,3.815179,-3.208363,-15.38215,-24.65719,-21.61019,-21.35257,-20.01781,24,24,24,24,24,24,24,24,24,24,24,24,24,24,24,24,509,5090,-19.62356,-18.8336,3.928428,-7.756634,-0.3956137,-0.4909138,0.5224614,0.3911502,0.2588564,0.3862387,-0.3942035,-0.134745,-0.1280204,-0.1113444,-0.1204469,-0.3390386,24,24,24,24,24,24,24,24,24,24,24,24,24,24,24,24
510,5100,-20.92547,-20.67794,-20.56137,-2.193398,-20.87967,-21.84767,-19.65545,-7.651069,0.6204729,4.18439,-3.208363,-15.13,-23.58597,-21.25213,-19.68334,-21.22303,24,24,24,24,24,24,24,24,24,24,24,24,24,24,24,24,510,5100,-18.28003,-18.8336,3.928428,-8.661048,0.2609891,-3.210623E-05,0.2612628,0.782281,1.123718E-05,-0.7724766,0.1313787,-3.692216E-05,-0.6399462,0.3341102,-0.3613428,0.1130621,24,24,24,24,24,24,24,24,24,24,24,24,24,24,24,24
511,5110,-20.44447,-21.16164,-20.93062,-2.315251,-21.12106,-23.57545,-21.31444,-9.531883,-0.2465887,2.461407,-3.683677,-15.88645,-24.30012,-21.96826,-20.39873,-20.62042,24,24,24,24,24,24,24,24,24,24,24,24,24,24,24,24,511,5110,-19.08615,-18.17556,2.88086,-8.531951,-0.1329728,0.7362889,0.1306643,-0.3911116,-0.258834,0.1287468,0.5255661,0.2693761,-4.013279E-05,1.926374E-05,0.2408966,0.3391124,24,24,24,24,24,24,24,24,24,24,24,24,24,24,24,24
512,5120,-19.96347,-20.19424,-20.56137,-1.218579,-21.24175,-22.71156,-21.18682,-8.027232,0.248875,4.18439,-4.040162,-16.1386,-24.65719,-20.89406,-19.9218,-20.25885,24,24,24,24,24,24,24,24,24,24,24,24,24,24,24,24,512,5120,-17.47392,-18.96521,3.535589,-7.498079,-0.1329728,0.6135693,-0.2611344,-0.6518688,0.6471235,0.3862387,-0.9197856,0.2693761,-0.3839841,0.3341102,0.2408966,0.452136,24,24,24,24,24,24,24,24,24,24,24,24,24,24,24,24
513,5130,-19.96347,-20.43609,-19.94596,-1.705989,-20.39691,-22.46474,-19.91068,-7.776456,0.9920712,3.569039,-3.208363,-16.26468,-23.46694,-21.37148,-20.16026,-20.0178,24,24,24,24,24,24,24,24,24,24,24,24,24,24,24,24,513,5130,-19.75792,-19.22843,4.321267,-8.273744,0.39231,-0.4909138,-0.3917329,0.2607732,0.3882783,-0.3862379,0.1313787,-0.6735726,0.2559235,1.926374E-05,-0.1204469,-1.130213,24,24,24,24,24,24,24,24,24,24,24,24,24,24,24,24
514,5140,-20.20397,-20.67794,-20.68445,-2.558955,-20.15552,-22.58815,-19.52783,-7.901844,1.363669,3.076758,-2.733049,-16.01252,-22.87182,-20.77471,-19.80257,-21.46408,24,24,24,24,24,24,24,24,24,24,24,24,24,24,24,24,514,5140,-18.81745,-18.17556,3.666538,-8.015189,-0.6582547,-0.1227517,-0.1305343,0.2607732,-0.258834,0,-0.9197856,-0.134745,0.1279417,-0.1113444,-1.08403,-1.017186,24,24,24,24,24,24,24,24,24,24,24,24,24,24,24,24
515,5150,-19.60272,-19.22685,-20.56137,-1.340432,-20.15552,-21.10719,-19.65545,-7.651069,0.4966071,3.938249,-3.564848,-15.6343,-23.22889,-19.70052,-18.3718,-19.53571,24,24,24,24,24,24,24,24,24,24,24,24,24,24,24,24,515,5150,-19.35486,-19.09682,4.321216,-8.402856,-0.7895756,-3.210623E-05,-0.1305343,-0.3911116,1.123718E-05,-1.029969,-0.3942035,0.4040841,-4.013279E-05,0.2227466,0.2408966,-0.4520621,24,24,24,24,24,24,24,24,24,24,24,24,24,24,24,24
516,5160,-18.76097,-18.985,-18.59205,-2.071597,-17.98307,-21.10719,-18.63453,-8.152619,1.487535,3.199829,-2.257735,-15.00392,-22.27669,-21.13277,-18.96796,-19.17414,24,24,24,24,24,24,24,24,24,24,24,24,24,24,24,24,516,5160,-19.35486,-18.70199,3.273647,-8.790146,0.129669,0.2454072,6.421245E-05,0.6519041,-0.5176808,0.3862387,0.1313787,0.5387906,0.6398675,0.4454755,8.026557E-07,3.852747E-05,24,24,24,24,24,24,24,24,24,24,24,24,24,24,24,24
517,5170,-19.24197,-18.86408,-19.45363,-2.437154,-18.46583,-20.49013,-18.76214,-7.274906,1.6114,3.938249,-3.208363,-14.1214,-22.27669,-19.34245,-18.7295,-19.89728,24,24,24,24,24,24,24,24,24,24,24,24,24,24,24,24,517,5170,-18.81745,-19.88648,4.321216,-7.239526,0.654951,-0.2454746,0.3918629,-1.303754,0.2588564,0,-0.6569929,0.1346696,-0.3839841,-0.7795264,-0.3613428,-0.6781124,24,24,24,24,24,24,24,24,24,24,24,24,24,24,24,24
518,5180,-19.12172,-19.58963,-19.82288,-2.315302,-20.27621,-21.72426,-19.65545,-8.403395,0.6204729,3.199829,-2.733049,-14.6257,-22.15767,-19.34245,-18.25257,-18.33048,24,24,24,24,24,24,24,24,24,24,24,24,24,24,24,24,518,5180,-20.29533,-19.36004,4.190274,-8.273745,0.2609891,-3.531685E-05,-0.9141301,0.2607732,0.1294331,-0.128746,0.9197535,0.4040841,-0.3839841,0.1113829,0.3613448,-0.6781124,24,24,24,24,24,24,24,24,24,24,24,24,24,24,24,24
519,5190,-18.03948,-18.5013,-18.59205,-2.315302,-18.22445,-21.35402,-18.63453,-8.403395,0.8682054,2.830617,-3.44602,-16.26468,-23.70499,-21.13277,-19.44488,-19.65623,24,24,24,24,24,24,24,24,24,24,24,24,24,24,24,24,519,5190,-20.29533,-19.62326,3.797435,-8.531952,-0.001651865,-1.349958,6.421245E-05,0.782281,-0.3882574,-0.128746,-0.1314108,-0.404158,0.2559235,0.3341102,-0.9635817,-0.9041627,24,24,24,24,24,24,24,24,24,24,24,24,24,24,24,24
520,5200,-18.88122,-19.22685,-19.94596,-1.70604,-20.15551,-21.35402,-20.03829,-7.901844,1.115937,4.18439,-3.921333,-14.37355,-23.10987,-20.41665,-20.2795,-18.9331,24,24,24,24,24,24,24,24,24,24,24,24,24,24,24,24,520,5200,-19.08615,-19.36004,3.797435,-7.627357,-1.314858,0.1226843,0.3918629,0.2607218,0.7765469,-0.5149847,-0.3942035,0.1346696,0.2559235,-0.5567991,0.2408966,-0.5650889,24,24,24,24,24,24,24,24,24,24,24,24,24,24,24,24
521,5210,-20.08372,-19.34778,-20.19212,-2.559007,-19.79344,-20.98379,-19.40022,-7.274905,0.6205243,4.43053,-3.208363,-14.6257,-23.34792,-20.41665,-19.56411,-19.89728,24,24,24,24,24,24,24,24,24,24,24,24,24,24,24,24,521,5210,-19.62356,-18.96521,3.535538,-8.919242,0.39231,0.4908432,-0.6529315,0.7822297,1.284249E-05,-0.6437306,0.3941714,-0.2694515,0.1279417,-0.1113444,-0.1204469,0.3391124,24,24,24,24,24,24,24,24,24,24,24,24,24,24,24,24
522,5220,-19.48247,-20.79887,-20.56137,-2.437154,-20.51759,-23.20522,-19.91068,-8.528782,-0.2465373,3.076758,-3.564848,-16.01252,-23.58597,-21.25213,-19.32565,-20.49989,24,24,24,24,24,24,24,24,24,24,24,24,24,24,24,24,522,5220,-19.2205,-19.36004,3.142699,-8.402856,0.39231,-0.2454778,0.9142601,-0.6519201,0.2588581,-0.3862379,0.5255661,0.4040841,0.2559235,-0.2227081,-0.1204469,-0.2260118,24,24,24,24,24,24,24,24,24,24,24,24,24,24,24,24
523,5230,-19.12172,-19.22685,-19.57671,-1.70604,-19.67275,-21.23061,-19.2726,-7.651068,0.8682567,4.30746,-3.32719,-15.00392,-23.58597,-19.34245,-19.56411,-20.13833,24,24,24,24,24,24,24,24,24,24,24,24,24,24,24,24,523,5230,-19.48921,-20.67614,3.928377,-8.015189,-0.2642928,0.7362857,0.2612628,-1.043051,1.284249E-05,0.6437315,-0.2628087,0.4040841,-4.013279E-05,-0.2227081,0.4817924,0.2260856,24,24,24,24,24,24,24,24,24,24,24,24,24,24,24,24
524,5240,-19.24197,-18.86408,-19.45363,-1.462335,-18.9486,-20.61355,-19.14499,-7.400293,1.487586,3.445969,-3.32719,-15.6343,-23.46694,-21.25213,-19.56411,-19.29467,24,24,24,24,24,24,24,24,24,24,24,24,24,24,24,24,524,5240,-20.56403,-19.62326,3.797435,-8.402856,0.5236301,-0.7363563,-0.6529315,-0.391163,0.1294346,0.1287468,-0.2628087,-0.6735742,0.1279417,-0.2227081,-0.4817905,-0.3390386,24,24,24,24,24,24,24,24,24,24,24,24,24,24,24,24
525,5250,-19.72297,-20.91979,-19.94596,-2.680859,-19.67275,-22.21792,-20.16591,-7.901844,1.115988,3.938249,-2.970704,-14.87785,-22.15767,-20.41665,-19.32565,-21.10251,24,24,24,24,24,24,24,24,24,24,24,24,24,24,24,24,525,5250,-18.68309,-18.30717,3.404589,-7.239526,-0.9208965,-0.6136367,-0.1305343,0.6518527,-0.5176792,-0.128746,-0.9197856,1.077617,0.5118856,0.3341102,-0.6022382,-0.791136,24,24,24,24,24,24,24,24,24,24,24,24,24,24,24,24
526,5260,-19.12172,-19.4687,-19.94596,-1.584188,-20.15551,-21.1072,-19.91068,-8.027231,0.2489264,3.815179,-3.564847,-15.88645,-23.94304,-21.37148,-19.80257,-19.29467,24,24,24,24,24,24,24,24,24,24,24,24,24,24,24,24,526,5260,-19.08615,-19.36004,3.928377,-9.306532,0.39231,0.1226843,-0.2611344,0.1303449,0.3882799,-1.287462,-0.1314108,-0.4041612,-1.023892,0.5568392,0.1204489,-0.4520621,24,24,24,24,24,24,24,24,24,24,24,24,24,24,24,24
527,5270,-20.08372,-19.22685,-20.3152,-1.218631,-20.51759,-21.97109,-18.88976,-8.528782,2.106917,3.815179,-2.376562,-15.6343,-22.27669,-21.13277,-19.56411,-19.29467,24,24,24,24,24,24,24,24,24,24,24,24,24,24,24,24,527,5270,-20.56403,-19.49165,3.928377,-8.273745,0.2609891,0.4908432,0.5224614,0.2607218,-0.647101,0.2574928,0.9197535,-0.1347466,-0.1280204,-0.2227081,0.2408966,0.6781862,24,24,24,24,24,24,24,24,24,24,24,24,24,24,24,24
528,5280,-19.48247,-19.9524,-19.20746,-1.949745,-18.9486,-20.86037,-18.76214,-7.400293,1.115988,3.938249,-3.446018,-14.87785,-22.87182,-19.81987,-19.32565,-19.53571,24,24,24,24,24,24,24,24,24,24,24,24,24,24,24,24,528,5280,-18.41439,-20.54453,3.535538,-7.756635,0.129669,-0.1227549,0.5224614,-1.825313,0.6471251,0.5149855,-1.605311E-05,0.2693745,-0.2560022,-0.5567991,-0.1204469,-0.1129882,24,24,24,24,24,24,24,24,24,24,24,24,24,24,24,24
529,5290,-19.72297,-18.5013,-19.94596,-2.437154,-20.27621,-20.98379,-19.14499,-8.027231,0.9921225,4.184389,-2.851876,-14.37355,-22.15767,-18.38762,-18.25257,-18.81257,24,24,24,24,24,24,24,24,24,24,24,24,24,24,24,24,529,5290,-21.77321,-20.1497,3.797435,-8.402856,0.39231,-0.1227549,-0.1305343,0.7822297,0.1294346,0,0.1313787,-0.1347466,-0.1280204,0.3341102,8.026557E-07,0.1130621,24,24,24,24,24,24,24,24,24,24,24,24,24,24,24,24
530,5300,-18.40023,-18.62223,-18.71513,-2.315302,-18.46583,-20.86037,-18.50691,-8.278007,1.611452,2.953688,-2.614219,-15.38215,-22.51474,-19.70052,-18.01411,-18.45101,24,24,24,24,24,24,24,24,24,24,24,24,24,24,24,24,530,5300,-19.75792,-19.49165,3.666486,-7.49808,0.129669,-1.349958,0.1306643,0.2607218,-0.5176792,-0.128746,-0.3942035,-0.4041612,0.1279417,0.1113829,-1.08403,-0.6781124,24,24,24,24,24,24,24,24,24,24,24,24,24,24,24,24
531,5310,-17.55848,-18.13853,-17.48431,-2.315302,-17.98306,-19.99648,-18.25168,-7.02413,1.859184,4.43053,-2.851876,-14.1214,-22.03864,-18.86504,-18.25257,-18.33048,24,24,24,24,24,24,24,24,24,24,24,24,24,24,24,24,531,5310,-20.29533,-19.88648,4.190325,-8.402856,-0.5269346,-0.2454778,6.421245E-05,0.1303449,0.9059703,-0.5149847,-0.6569929,0.5387874,0.1279417,-0.2227081,8.026557E-07,-0.5650889,24,24,24,24,24,24,24,24,24,24,24,24,24,24,24,24
532,5320,-18.27998,-18.74315,-18.46897,-2.071597,-18.46583,-20.11989,-18.25168,-7.02413,1.36372,4.67667,-2.495391,-13.99532,-21.68157,-19.2231,-18.3718,-18.69205,24,24,24,24,24,24,24,24,24,24,24,24,24,24,24,24,532,5320,-20.83274,-19.62326,3.273699,-8.790145,-0.001651865,0.3681236,-0.522333,0.1303449,1.284249E-05,-0.2574919,-1.605311E-05,0.134668,-4.013279E-05,0.3341102,-0.1204469,1.01726,24,24,24,24,24,24,24,24,24,24,24,24,24,24,24,24
533,5330,-18.27998,-19.10593,-18.34588,-2.315302,-18.58653,-21.72426,-18.76214,-7.901844,1.115988,2.953688,-3.32719,-14.75177,-22.87182,-20.17794,-18.7295,-19.17414,24,24,24,24,24,24,24,24,24,24,24,24,24,24,24,24,533,5330,-19.08615,-20.93936,2.618963,-8.402856,-0.132972,0.2454039,0.5224614,-1.173428,1.284249E-05,0.1287468,-0.3942035,-0.1347466,0.1279417,-1.002255,-0.3613428,3.852747E-05,24,24,24,24,24,24,24,24,24,24,24,24,24,24,24,24
534,5340,-18.76097,-18.5013,-19.08438,-1.949745,-19.18998,-20.86037,-18.88976,-7.651068,0.9921225,4.184389,-3.446018,-15.25607,-23.46694,-20.41665,-19.44488,-18.69205,24,24,24,24,24,24,24,24,24,24,24,24,24,24,24,24,534,5340,-20.42968,-20.28131,4.059377,-7.239525,-0.132972,0.613566,-0.2611344,-1.303805,0.2588581,0.5149855,-0.1314108,0.5387874,-1.023892,0.1113829,-0.1204469,0.452136,24,24,24,24,24,24,24,24,24,24,24,24,24,24,24,24
535,5350,-19.48247,-19.4687,-20.3152,-1.340483,-19.79344,-21.23061,-19.2726,-7.274905,1.611452,4.43053,-2.376562,-14.6257,-22.27669,-20.05858,-18.84873,-19.29466,24,24,24,24,24,24,24,24,24,24,24,24,24,24,24,24,535,5350,-19.35486,-18.57039,4.059377,-7.756634,0.6549518,-0.8590792,-0.9141301,0.2607218,0.1294346,0.6437315,0.6569608,-0.6735742,-0.767928,1.926374E-05,-0.7226863,-0.5650889,24,24,24,24,24,24,24,24,24,24,24,24,24,24,24,24
536,5360,-19.00147,-19.4687,-19.08438,-2.437154,-19.43137,-22.34132,-19.52783,-8.027232,0.8682567,3.076758,-3.802503,-15.13,-22.99084,-20.536,-19.08719,-19.89728,24,24,24,24,24,24,24,24,24,24,24,24,24,24,24,24,536,5360,-19.62356,-19.09682,2.749911,-7.885911,-1.183537,-0.7363563,0.2612628,-3.210623E-05,0.1294346,0.1287468,-1.313973,-0.4041612,0.2559235,0.1113829,0.3613443,-0.791136,24,24,24,24,24,24,24,24,24,24,24,24,24,24,24,24
537,5370,-19.96347,-19.83147,-19.94596,-1.340483,-20.03482,-20.36672,-19.65545,-7.149519,1.115937,4.5536,-3.564847,-15.25607,-24.18109,-21.49084,-19.68334,-18.9331,24,24,24,24,24,24,24,24,24,24,24,24,24,24,24,24,537,5370,-18.54874,-19.09682,4.321267,-7.885911,-0.001651063,0.1226843,-0.2611344,0.7822297,-0.3882574,-1.6737,-0.2628087,0.2693745,-0.8959098,0.2227466,-0.240895,0.5651627,24,24,24,24,24,24,24,24,24,24,24,24,24,24,24,24
538,5380,-19.48247,-18.86408,-20.19212,-1.462335,-19.91413,-22.21791,-19.52783,-8.15262,1.735267,3.322898,-2.376562,-15.13,-22.39572,-21.01342,-19.80257,-19.29466,24,24,24,24,24,24,24,24,24,24,24,24,24,24,24,24,538,5380,-20.42968,-19.22843,4.059377,-8.273744,0.2609899,-0.2454778,-0.1305343,-0.260786,-1.035371,-0.128746,0.6569608,-0.4041612,-0.1280204,0.1113829,-0.240895,0.5651627,24,24,24,24,24,24,24,24,24,24,24,24,24,24,24,24
539,5390,-19.72297,-20.19425,-19.45362,-2.559007,-20.15552,-21.72426,-18.76214,-7.400294,1.859133,4.43053,-2.851876,-15.13,-22.75279,-20.29729,-19.32565,-20.62041,24,24,24,24,24,24,24,24,24,24,24,24,24,24,24,24,539,5390,-20.42968,-21.33418,3.797486,-7.627357,0.3923108,-0.3681974,0.3918629,-0.52154,0.1294331,0.5149855,0.2627702,0.134668,0.1279417,-0.5567991,-0.240895,-0.2260118,24,24,24,24,24,24,24,24,24,24,24,24,24,24,24,24
540,5400,-19.48247,-19.83147,-20.43828,-1.949745,-20.5176,-21.47743,-20.29352,-7.776457,1.115937,2.953688,-3.32719,-15.88645,-23.82402,-20.41665,-19.56411,-18.81257,24,24,24,24,24,24,24,24,24,24,24,24,24,24,24,24,540,5400,-20.29533,-19.49165,3.273699,-7.498079,-0.001651063,0.2454039,-0.6529315,-3.210623E-05,0.3882783,-0.901223,0.6569576,0.404081,-0.3839841,-0.2227081,-0.3613428,0.2260856,24,24,24,24,24,24,24,24,24,24,24,24,24,24,24,24
541,5410,-19.00147,-18.985,-19.33054,-1.827893,-18.82791,-21.60085,-18.3793,-7.024131,1.859133,3.076758,-2.495391,-15.76037,-22.03864,-20.65536,-19.9218,-19.29466,24,24,24,24,24,24,24,24,24,24,24,24,24,24,24,24,541,5410,-22.44497,-21.07096,2.88086,-7.885911,0.1296698,-0.4909171,6.421245E-05,-0.1304091,-0.3882574,0,-1.313976,-0.2694531,-0.2560022,-0.1113444,-0.240895,-1.130213,24,24,24,24,24,24,24,24,24,24,24,24,24,24,24,24
542,5420,-19.36222,-19.10593,-19.20746,-2.680859,-18.70722,-20.98378,-18.63453,-8.027232,1.487535,4.5536,-2.376562,-14.75177,-23.10987,-19.70052,-19.56411,-19.29466,24,24,24,24,24,24,24,24,24,24,24,24,24,24,24,24,542,5420,-20.69839,-20.67614,3.273699,-7.885911,-0.6582539,0.3681236,-0.3917329,0.1303449,0.1294331,-0.3862379,-0.2628119,-0.4041612,-4.013279E-05,-0.3340749,0.1204489,3.852747E-05,24,24,24,24,24,24,24,24,24,24,24,24,24,24,24,24
543,5430,-19.72297,-19.71055,-20.19212,-1.827893,-19.55206,-21.47743,-19.65545,-7.525682,1.363669,4.43053,-3.208362,-14.49962,-22.15767,-19.34245,-18.3718,-19.29466,24,24,24,24,24,24,24,24,24,24,24,24,24,24,24,24,543,5430,-20.83274,-20.28131,3.011802,-8.790145,-0.001651063,0.1226843,-0.3917329,-0.1304091,-0.776526,-0.5149847,0.1313755,0.134668,0.2559235,0.1113813,-0.1204983,0.3391124,24,24,24,24,24,24,24,24,24,24,24,24,24,24,24,24
544,5440,-18.52048,-18.985,-18.71513,-2.437154,-18.82791,-21.72426,-18.50691,-8.027232,1.115937,3.199828,-3.208362,-16.01253,-22.99084,-21.37148,-18.96796,-18.81258,24,24,24,24,24,24,24,24,24,24,24,24,24,24,24,24,544,5440,-19.89227,-21.5974,3.011802,-8.144466,1.180234,-3.531685E-05,0.5224614,-1.173428,-0.5176808,0.2574928,0.3941649,-0.2694531,0.3839054,-0.8908932,-0.240946,-0.4521135,24,24,24,24,24,24,24,24,24,24,24,24,24,24,24,24
545,5450,-18.76097,-19.10593,-18.9613,-2.315302,-18.94861,-21.35402,-18.50691,-7.024131,1.611401,4.676671,-2.614219,-13.86925,-22.39572,-18.98439,-19.56411,-19.41519,24,24,24,24,24,24,24,24,24,24,24,24,24,24,24,24,545,5450,-19.2205,-19.22843,4.059377,-8.402856,0.3923108,-1.349958,0.3918629,-3.210623E-05,-0.3882574,0.1287468,-0.2628119,-0.2694531,0.1279417,0.6681996,0.3612934,-0.6781638,24,24,24,24,24,24,24,24,24,24,24,24,24,24,24,24
546,5460,-19.60272,-19.58963,-19.69979,-2.315302,-19.79344,-21.35402,-19.2726,-7.149519,1.363669,4.30746,-2.970704,-15.13,-23.34792,-21.01342,-20.04103,-19.29467,24,24,24,24,24,24,24,24,24,24,24,24,24,24,24,24,546,5460,-20.16097,-20.1497,3.273699,-8.790145,0.6549518,-1.104518,-0.522333,-0.1304091,0.5177017,-0.2574919,0.5255629,-0.6735742,-0.5119659,0.1113813,-0.9636331,-0.3390899,24,24,24,24,24,24,24,24,24,24,24,24,24,24,24,24
547,5470,-20.20397,-20.19425,-20.06904,-2.802711,-20.39691,-23.45204,-20.03829,-7.776457,0.8682054,3.322898,-3.683675,-14.75177,-23.10987,-21.25213,-19.44488,-20.74094,24,24,24,24,24,24,24,24,24,24,24,24,24,24,24,24,547,5470,-18.14568,-18.57039,3.011795,-8.015189,-1.314857,-0.8590792,0.2612628,0.7822297,0.2588564,0.3862387,-1.313976,0.134668,0.7678493,-0.2227113,-0.4818418,-1.243288,24,24,24,24,24,24,24,24,24,24,24,24,24,24,24,24
548,5480,-20.08372,-20.43609,-20.06904,-1.827893,-20.75897,-22.0945,-19.91068,-7.901845,1.239803,4.5536,-3.921332,-15.13,-24.41914,-21.13277,-20.2795,-20.01781,24,24,24,24,24,24,24,24,24,24,24,24,24,24,24,24,548,5480,-19.2205,-19.22843,3.666531,-9.048338,0.1296698,-0.4909171,-0.3917329,0.2607218,0.6471235,-1.544954,0.7883524,-0.4041612,-0.3839841,1.605311E-05,-0.4818418,0.339061,24,24,24,24,24,24,24,24,24,24,24,24,24,24,24,24
549,5490,-19.96347,-20.19425,-19.82287,-1.584188,-20.75897,-22.95839,-19.78306,-7.901845,0.9920712,4.30746,-2.851876,-15.13,-23.34792,-21.49084,-20.99488,-19.89728,24,24,24,24,24,24,24,24,24,24,24,24,24,24,24,24,549,5490,-18.9518,-18.04395,3.273692,-8.144466,0.5236309,0.3681236,-0.2611344,0.3910988,1.123718E-05,0,0.1313755,0.134668,0.2559235,0.222745,-5.056731E-05,0.2260343,24,24,24,24,24,24,24,24,24,24,24,24,24,24,24,24
550,5500,-21.16597,-20.67794,-20.80753,-3.046417,-20.5176,-22.71157,-19.91068,-8.027232,0.6204729,3.938249,-2.851876,-15.00392,-22.99084,-20.536,-19.32565,-22.06669,24,24,24,24,24,24,24,24,24,24,24,24,24,24,24,24,550,5500,-19.35486,-19.36004,3.79748,-7.239525,-0.001651063,-0.2454746,0.2612628,-1.303805,0.6471235,0.2574928,0.1313755,0.2693745,-0.767928,-0.5568023,-0.3613941,-0.9042141,24,24,24,24,24,24,24,24,24,24,24,24,24,24,24,24
551,5510,-20.20397,-19.58963,-20.43829,-1.949745,-21.48312,-23.20522,-20.67637,-7.525682,0.248875,4.06132,-3.921332,-16.89505,-25.13329,-22.56503,-21.4718,-19.29467,24,24,24,24,24,24,24,24,24,24,24,24,24,24,24,24,551,5510,-20.29533,-19.75487,4.190319,-8.015189,0.2609899,0.1226875,-0.783583,-3.210623E-05,0.1294331,0.1287468,-2.247436E-05,0.134668,-0.2560022,0.3341087,-5.056731E-05,0.339061,24,24,24,24,24,24,24,24,24,24,24,24,24,24,24,24
552,5520,-20.68497,-19.34778,-20.43829,-2.071597,-20.5176,-22.21791,-19.65545,-7.651069,1.239803,4.30746,-2.020077,-14.87785,-22.39572,-20.77471,-19.80257,-20.37937,24,24,24,24,24,24,24,24,24,24,24,24,24,24,24,24,552,5520,-19.62356,-19.36004,3.011795,-7.756634,0.2609899,-1.227235,0.130613,0.782281,-0.1294122,0.5149855,-0.5256046,0.2693745,-0.6399462,0.4454723,-0.9636331,-0.2260632,24,24,24,24,24,24,24,24,24,24,24,24,24,24,24,24
553,5530,-20.32422,-19.9524,-20.56137,-3.046417,-20.15552,-22.21791,-19.78306,-7.901844,1.487535,3.692109,-2.495391,-15.00392,-22.51474,-20.29729,-19.80257,-20.49989,24,24,24,24,24,24,24,24,24,24,24,24,24,24,24,24,553,5530,-18.9518,-19.09682,3.011795,-8.015189,-0.526933,0.3681268,1.284249E-05,1.926374E-05,0.7765469,-1.287461,-1.182582,0.2693745,0.1279417,0.1113813,-0.240946,-0.3390899,24,24,24,24,24,24,24,24,24,24,24,24,24,24,24,24
554,5540,-18.76097,-18.5013,-19.57671,-2.071597,-20.03482,-21.35402,-20.03829,-7.400293,0.8682054,3.815179,-2.614219,-15.13,-22.15767,-20.29729,-19.32565,-19.17414,24,24,24,24,24,24,24,24,24,24,24,24,24,24,24,24,554,5540,-19.48921,-18.43878,3.011795,-8.661048,-0.3956129,0.8590086,0.2612115,0.5215271,-0.3882574,-0.128746,0.1313755,-4.013279E-05,-0.6399462,0.4454723,-0.240946,0.5651113,24,24,24,24,24,24,24,24,24,24,24,24,24,24,24,24
555,5550,-19.48247,-19.22685,-19.45363,-1.949745,-19.18998,-21.10719,-19.14499,-7.651069,1.363669,3.445969,-2.257733,-14.75177,-22.99084,-21.01342,-19.68334,-19.05362,24,24,24,24,24,24,24,24,24,24,24,24,24,24,24,24,555,5550,-18.68309,-18.70199,3.011795,-7.885911,0.6549518,-0.3681942,0.2612115,-0.5214886,-0.5176808,0.1287468,0.2627702,-0.5388677,0.1279417,-0.2227113,-0.1204983,0.2260343,24,24,24,24,24,24,24,24,24,24,24,24,24,24,24,24
556,5560,-19.24197,-19.83147,-19.45363,-2.071597,-19.06929,-21.84767,-18.63453,-7.274906,1.6114,4.67667,-2.138905,-15.00392,-22.39572,-20.17793,-19.80257,-20.01781,24,24,24,24,24,24,24,24,24,24,24,24,24,24,24,24,556,5560,-19.08615,-20.28131,3.666531,-7.627357,-0.132972,0.3681268,1.284249E-05,-1.043,1.123718E-05,0.9012234,-2.247436E-05,-0.134745,-0.767928,-0.2227113,-0.3613941,0.2260343,24,24,24,24,24,24,24,24,24,24,24,24,24,24,24,24
557,5570,-20.20397,-19.4687,-20.19212,-2.19345,-20.39691,-21.23061,-20.16591,-8.779558,0.1250092,3.199828,-2.733047,-14.87785,-22.63377,-20.89406,-19.32565,-19.41519,24,24,24,24,24,24,24,24,24,24,24,24,24,24,24,24,557,5570,-20.02662,-19.62326,4.190319,-7.756634,-0.3956129,-3.210623E-05,-1.30598,-0.1303577,0.5177017,-0.128746,0.2627702,-0.134745,-0.5119659,0.1113813,-0.3613941,-1.284249E-05,24,24,24,24,24,24,24,24,24,24,24,24,24,24,24,24
558,5580,-20.20397,-19.4687,-19.20746,-2.680859,-18.94861,-21.60085,-18.63453,-8.278008,1.115937,2.092196,-3.32719,-16.1386,-24.06207,-22.20697,-19.9218,-20.01781,24,24,24,24,24,24,24,24,24,24,24,24,24,24,24,24,558,5580,-20.02662,-19.88648,3.011795,-8.144466,-0.132972,-1.227235,-0.5223843,0.2607732,1.123718E-05,0.7724774,-0.6569993,-0.134745,0.6398675,0.2227964,-0.4818418,-0.7911873,24,24,24,24,24,24,24,24,24,24,24,24,24,24,24,24
559,5590,-20.44447,-20.91979,-19.82287,-2.437154,-20.63828,-23.57545,-20.54875,-8.152619,1.239803,4.184389,-2.614219,-15.50822,-23.2289,-20.77471,-20.63719,-19.89728,24,24,24,24,24,24,24,24,24,24,24,24,24,24,24,24,559,5590,-20.02662,-19.88648,3.011795,-8.015189,-0.6582539,-0.2454746,0.3918115,1.926374E-05,0.6471235,0.1287468,-0.7883941,-3.692216E-05,-0.1280204,6.742308E-05,0.1204489,0.1130107,24,24,24,24,24,24,24,24,24,24,24,24,24,24,24,24
560,5600,-21.04572,-21.28256,-20.93062,-1.949745,-21.00036,-22.46474,-20.54875,-8.528783,1.363669,3.938249,-3.683675,-15.25607,-24.30012,-21.61019,-19.9218,-20.25885,24,24,24,24,24,24,24,24,24,24,24,24,24,24,24,24,560,5600,-19.2205,-18.43878,3.404634,-8.661048,0.2609899,-3.210623E-05,-0.5223843,0.6519041,-0.3882574,-0.7724766,-0.1314172,0.9429117,-0.5119659,0.5568873,-0.4817905,3.852747E-05,24,24,24,24,24,24,24,24,24,24,24,24,24,24,24,24
561,5610,-20.56472,-20.91979,-21.0537,-2.19345,-21.24175,-24.933,-20.80398,-9.155721,0.248875,1.969126,-3.802503,-16.1386,-25.13329,-23.63922,-21.4718,-20.37937,24,24,24,24,24,24,24,24,24,24,24,24,24,24,24,24,561,5610,-19.89227,-18.57039,3.273692,-8.144466,0.3923108,0.1226875,-0.3917843,0.1303962,-1.164793,-0.128746,-0.1314172,-0.404158,0.7678493,0.1114327,0.3613448,0.1130621,24,24,24,24,24,24,24,24,24,24,24,24,24,24,24,24
562,5620,-20.32422,-20.43609,-19.57671,-2.315302,-19.91413,-22.95839,-19.40022,-7.651069,0.8682054,4.06132,-3.208362,-15.00392,-23.94304,-19.58116,-20.16026,-21.34355,24,24,24,24,24,24,24,24,24,24,24,24,24,24,24,24,562,5620,-18.28003,-19.62326,3.79748,-6.98097,-0.001651063,0.1226875,1.284249E-05,-1.173377,0.5177017,0.6437315,-0.2628119,0.9429117,-0.2560022,-0.8908418,-0.2408946,-0.3390386,24,24,24,24,24,24,24,24,24,24,24,24,24,24,24,24
563,5630,-20.80522,-21.28256,-21.29987,-2.071597,-21.36243,-23.20522,-20.42114,-8.779558,0.6204729,3.815179,-2.970704,-15.6343,-24.6572,-21.72955,-20.63719,-19.89728,24,24,24,24,24,24,24,24,24,24,24,24,24,24,24,24,563,5630,-18.81744,-19.22843,4.321267,-7.756634,-0.132972,0.2454072,-0.5223843,0.1303962,0.3882783,0,0.1313755,-3.692216E-05,-1.151872,0.2227964,0.1204489,0.3391124,24,24,24,24,24,24,24,24,24,24,24,24,24,24,24,24
564,5640,-19.48247,-19.9524,-19.08438,-2.924513,-18.82791,-22.34133,-18.88976,-9.030334,1.115937,3.199828,-3.446018,-15.38215,-23.10987,-20.536,-19.32565,-20.98199,24,24,24,24,24,24,24,24,24,24,24,24,24,24,24,24,564,5640,-19.08615,-18.43878,4.321267,-8.144467,0.6549518,-0.9817956,-0.6529829,1.926374E-05,0.1294331,-0.6437306,-2.247436E-05,-0.2694515,-0.3839841,0.1114327,-0.1204469,-0.3390386,24,24,24,24,24,24,24,24,24,24,24,24,24,24,24,24
565,5650,-19.36222,-19.71055,-19.82288,-2.071546,-19.79344,-21.47743,-19.52783,-8.027232,0.8682054,4.184389,-3.089533,-14.6257,-23.58597,-19.46181,-19.32565,-19.77676,24,24,24,24,24,24,24,24,24,24,24,24,24,24,24,24,565,5650,-18.54874,-18.30717,3.14275,-7.239526,0.129669,-0.859076,0.52241,0.5215271,0.2588564,-0.3862379,-0.6569993,0.2693761,0.5118856,0.2227964,-0.4817905,-1.130213,24,24,24,24,24,24,24,24,24,24,24,24,24,24,24,24
566,5660,-19.00147,-19.34777,-18.9613,-1.705989,-18.82791,-20.86037,-18.88976,-7.02413,1.363669,4.06132,-2.495391,-14.49962,-21.56255,-19.93923,-18.7295,-19.53571,24,24,24,24,24,24,24,24,24,24,24,24,24,24,24,24,566,5660,-18.28003,-18.96521,3.535589,-8.919242,0.39231,0.3681236,0.3918115,0.3911502,-0.258834,-0.7724766,-0.1314172,-3.692216E-05,-0.2560022,0.4455237,-0.1204469,0.3391124,24,24,24,24,24,24,24,24,24,24,24,24,24,24,24,24
567,5670,-18.64073,-19.4687,-18.9613,-2.680808,-18.70722,-21.47743,-18.50691,-7.776456,0.7443388,3.199828,-4.04016,-15.00392,-22.39572,-20.29729,-18.3718,-18.81258,24,24,24,24,24,24,24,24,24,24,24,24,24,24,24,24,567,5670,-18.54874,-18.43878,2.88086,-7.239526,0.5236301,0.8590053,-0.2611825,0.1303962,-1.035371,-0.128746,0.1313755,-0.2694515,0.5118856,6.742308E-05,0.7226883,0.452136,24,24,24,24,24,24,24,24,24,24,24,24,24,24,24,24
568,5680,-18.52048,-18.0176,-18.83822,-2.437103,-19.31067,-20.36672,-18.88976,-6.647969,1.115937,4.43053,-3.683675,-15.00392,-23.2289,-18.98439,-18.96796,-19.29467,24,24,24,24,24,24,24,24,24,24,24,24,24,24,24,24,568,5680,-18.81744,-19.75487,3.404641,-7.368804,0.7862719,-3.531685E-05,0.3918132,-0.9126741,0.1294331,0.5149855,-0.3942067,0.1346696,-0.2560022,-1.002205,-0.4817905,-0.2260118,24,24,24,24,24,24,24,24,24,24,24,24,24,24,24,24
569,5690,-18.64073,-17.89668,-18.34589,-1.584136,-18.82791,-20.11989,-18.50691,-6.522582,1.611452,3.815179,-2.851876,-15.13,-22.39572,-20.29729,-18.84873,-18.57153,24,24,24,24,24,24,24,24,24,24,24,24,24,24,24,24,569,5690,-19.35485,-19.22843,4.845055,-7.239526,-0.1329728,-0.1227549,-0.5223812,0.1303449,-0.1294138,0.1287468,-2.247436E-05,-0.134745,-0.3839841,0.5568873,0.1204489,0.5651627,24,24,24,24,24,24,24,24,24,24,24,24,24,24,24,24
570,5700,-19.72297,-20.19424,-20.68445,-2.80266,-20.15552,-22.58815,-19.40022,-8.027232,0.9921225,3.938249,-2.376562,-15.00392,-22.03864,-20.05858,-18.84873,-20.13833,24,24,24,24,24,24,24,24,24,24,24,24,24,24,24,24,570,5700,-19.08615,-18.30717,3.928428,-7.756635,0.129669,-0.7363563,-0.2611825,0.3910988,9.631868E-06,0,-2.247436E-05,-0.9429856,-4.013279E-05,0.4455237,-0.8431344,-0.791136,24,24,24,24,24,24,24,24,24,24,24,24,24,24,24,24
571,5710,-18.88122,-19.10592,-19.82288,-2.071546,-19.79344,-20.73696,-19.65545,-7.651069,0.6205243,3.569039,-4.158992,-15.38215,-23.58597,-20.65536,-18.96796,-19.41519,24,24,24,24,24,24,24,24,24,24,24,24,24,24,24,24,571,5710,-18.14568,-18.43878,3.666538,-7.49808,-0.7895756,-0.4909171,0.3918132,0.1303449,-0.2588356,-0.128746,-1.051135,0.4040841,0.6398675,-0.2226599,-0.2408946,-0.2260118,24,24,24,24,24,24,24,24,24,24,24,24,24,24,24,24
572,5720,-19.00147,-19.22685,-19.57671,-2.071546,-18.94861,-21.35402,-18.88976,-7.901844,1.239854,3.322898,-2.851877,-15.00392,-22.15767,-20.65536,-19.44488,-18.9331,24,24,24,24,24,24,24,24,24,24,24,24,24,24,24,24,572,5720,-18.54874,-18.96521,3.797486,-8.531952,-0.1329728,-3.531685E-05,0.1306145,-0.52154,0.6471218,-0.901223,2.88956E-05,0.1346712,-1.023892,0.1114327,-0.3613428,0.3391124,24,24,24,24,24,24,24,24,24,24,24,24,24,24,24,24
573,5730,-19.00147,-19.22685,-19.08438,-2.437103,-18.70722,-20.86037,-18.50691,-7.901844,0.9921225,3.322898,-2.614221,-13.99532,-22.03864,-19.58116,-19.32565,-20.13833,24,24,24,24,24,24,24,24,24,24,24,24,24,24,24,24,573,5730,-18.9518,-18.17556,3.14275,-8.273745,-0.2642928,0.4908432,-0.130584,-3.210623E-05,-1.42364,0.1287468,0.3942163,-0.4041564,0.3839616,-0.4453872,8.026557E-07,0.452136,24,24,24,24,24,24,24,24,24,24,24,24,24,24,24,24
574,5740,-19.72297,-18.62223,-19.57671,-2.680808,-19.67276,-20.86037,-19.2726,-7.651069,0.8682567,4.06132,-3.089535,-15.50822,-22.75279,-20.29729,-19.08719,-18.20996,24,24,24,24,24,24,24,24,24,24,24,24,24,24,24,24,574,5740,-18.14568,-19.75487,3.797486,-7.239526,-0.1329728,-0.1227549,-0.2611825,-1.303805,-0.1294138,-0.2574919,-0.656948,0.2693793,-0.63989,-0.4454386,-0.4817905,-0.1129882,24,24,24,24,24,24,24,24,24,24,24,24,24,24,24,24
575,5750,-19.36222,-18.985,-18.9613,-1.584136,-18.70722,-21.47743,-18.76214,-8.027232,0.8682567,3.445969,-2.733049,-15.13,-22.39572,-20.29729,-19.08719,-19.29467,24,24,24,24,24,24,24,24,24,24,24,24,24,24,24,24,575,5750,-20.02662,-19.09682,5.106945,-7.239526,-0.3956137,-0.3681974,-1.175378,0.1303449,0.3882767,0.1287468,2.88956E-05,-0.1347418,-0.3839279,0.222745,0.2408966,3.852747E-05,24,24,24,24,24,24,24,24,24,24,24,24,24,24,24,24
576,5760,-18.76097,-18.985,-19.20746,-2.437103,-19.06929,-22.21791,-18.3793,-7.776456,1.36372,3.938249,-2.970706,-14.37355,-22.51474,-19.93923,-20.04103,-19.05362,24,24,24,24,24,24,24,24,24,24,24,24,24,24,24,24,576,5760,-19.62356,-18.43878,4.845055,-8.015189,0.654951,-0.9817988,0.2612146,0.1303449,-0.6471042,0.3862387,-0.3941553,-0.4041564,-0.255946,-0.2227113,-0.1204469,-0.9042237,24,24,24,24,24,24,24,24,24,24,24,24,24,24,24,24
577,5770,-20.08372,-20.31516,-20.80754,-2.437103,-21.00036,-22.0945,-19.91068,-7.525681,1.115988,4.06132,-2.851877,-15.00392,-23.10987,-19.81987,-18.96796,-19.89728,24,24,24,24,24,24,24,24,24,24,24,24,24,24,24,24,577,5770,-19.75792,-18.57039,3.273699,-7.239526,-0.7895756,-0.8590792,1.605311E-05,-0.52154,-0.6471042,-0.3862379,-1.18253,0.1346712,0.2559797,-0.4454386,-0.6022386,-0.4521263,24,24,24,24,24,24,24,24,24,24,24,24,24,24,24,24
578,5780,-19.36222,-19.70737,-19.45363,-2.193398,-18.82791,-21.84767,-19.01737,-7.901844,1.239854,3.445969,-2.614221,-15.50822,-23.22889,-21.13277,-18.61027,-19.77676,24,24,24,24,24,24,24,24,24,24,24,24,24,24,24,24,578,5780,-19.35486,-19.49165,4.321267,-9.048338,-0.001651865,0.3681236,-0.2611825,1.042984,9.631868E-06,-0.5149847,-0.2627606,0.8082069,-0.255946,0.222745,8.026557E-07,-0.1130492,24,24,24,24,24,24,24,24,24,24,24,24,24,24,24,24
579,5790,-18.27998,-19.34466,-18.34588,-1.949694,-18.70722,-21.10719,-18.63453,-7.274906,0.9921225,4.06132,-2.614221,-14.1214,-22.39572,-19.2231,-18.96796,-19.29467,24,24,24,24,24,24,24,24,24,24,24,24,24,24,24,24,579,5790,-19.35486,-19.75487,2.618963,-7.627357,0.654951,0.1226843,0.1306145,-3.210623E-05,-0.6471042,0.5149855,0.5256143,-0.5388629,0.6399236,-0.5568023,-0.240895,-2.568498E-05,24,24,24,24,24,24,24,24,24,24,24,24,24,24,24,24
580,5800,-19.36222,-19.34466,-19.69979,-2.315302,-19.67276,-20.73696,-18.50691,-7.776456,1.239854,3.445969,-2.970706,-13.86925,-22.15767,-19.46181,-18.49103,-19.41519,24,24,24,24,24,24,24,24,24,24,24,24,24,24,24,24,580,5800,-19.08615,-19.36004,4.059377,-6.722417,-0.001651865,-0.2454778,0.1306145,-0.9126741,0.1294314,0.1287468,-0.5255532,0.6734987,0.1279979,-0.2227113,-0.240895,0.1130011,24,24,24,24,24,24,24,24,24,24,24,24,24,24,24,24
581,5810,-18.15973,-18.49834,-18.2228,-2.19345,-18.58653,-21.47743,-18.12407,-8.027232,0.9921225,3.445969,-3.208363,-15.00392,-22.27669,-20.05858,-18.49103,-19.17414,24,24,24,24,24,24,24,24,24,24,24,24,24,24,24,24,581,5810,-19.62356,-18.96521,4.583164,-7.49808,0.7862711,-0.4909171,-0.9141799,-3.210623E-05,0.1294314,0.1287468,0.5256143,-0.4041564,-0.7678718,0.3341087,-0.3613428,-2.568498E-05,24,24,24,24,24,24,24,24,24,24,24,24,24,24,24,24
582,5820,-18.40023,-18.98195,-18.34588,-1.584188,-18.34514,-20.98378,-17.99645,-7.776456,0.9921225,5.045881,-2.851877,-14.24747,-22.75279,-18.98439,-18.7295,-18.57153,24,24,24,24,24,24,24,24,24,24,24,24,24,24,24,24,582,5820,-18.28003,-18.17556,3.666538,-7.49808,0.5236293,-1.104467,1.605311E-05,0.5214757,-0.2588356,-0.128746,-0.7883427,-0.6735694,0.3839616,0.222745,-0.4817909,-0.5651498,24,24,24,24,24,24,24,24,24,24,24,24,24,24,24,24
583,5830,-19.24197,-19.46556,-19.08438,-1.949745,-18.70722,-20.11989,-18.50691,-7.651069,1.115988,4.79974,-2.495391,-13.99532,-21.56254,-20.05858,-18.61027,-18.81258,24,24,24,24,24,24,24,24,24,24,24,24,24,24,24,24,583,5830,-18.14568,-18.43878,3.666538,-6.851695,-0.3956145,-0.3681461,0.6530101,0.3910988,-0.1294138,-0.2574919,-0.7883427,-3.531685E-05,1.765843E-05,1.605311E-05,0.1204489,-0.3390996,24,24,24,24,24,24,24,24,24,24,24,24,24,24,24,24
584,5840,-18.64073,-18.98195,-18.46897,-2.559007,-18.10376,-20.98378,-19.01737,-7.901845,0.8682567,3.569039,-2.851877,-14.75177,-21.80059,-19.70052,-18.25257,-19.65623,24,24,24,24,24,24,24,24,24,24,24,24,24,24,24,24,584,5840,-18.81745,-18.70199,3.273699,-9.048338,-0.2642936,-0.3681461,-0.6529829,-0.3911598,0.1294314,-0.3862379,0.3942163,0.4040858,-0.255946,0.222745,-0.1204469,-0.226076,24,24,24,24,24,24,24,24,24,24,24,24,24,24,24,24
585,5850,-18.03948,-18.37743,-18.46897,-1.462335,-19.06929,-19.99648,-18.88976,-6.773356,0.4966071,4.79974,-3.564848,-14.1214,-22.39572,-19.46181,-18.61027,-18.57153,24,24,24,24,24,24,24,24,24,24,24,24,24,24,24,24,585,5850,-18.14568,-18.04395,2.88086,-8.015189,-0.2642936,1.605311E-05,0.6530101,-2.88956E-05,-0.5176808,-0.2574919,0.2628216,-0.5388629,0.3839616,-0.2227113,-0.4817909,0.1130011,24,24,24,24,24,24,24,24,24,24,24,24,24,24,24,24
586,5860,-18.40023,-17.77291,-17.73047,-1.340483,-18.22445,-18.63894,-17.74122,-6.898744,1.6114,4.18439,-2.614221,-14.75177,-21.68157,-19.93923,-18.84873,-18.57153,24,24,24,24,24,24,24,24,24,24,24,24,24,24,24,24,586,5860,-17.87698,-19.36004,4.976003,-7.239526,0.5236293,0.1227357,-0.2611858,-1.043048,1.123718E-05,-0.3862379,-0.3941553,0.8082069,1.765843E-05,-0.2227113,8.026557E-07,0.1130011,24,24,24,24,24,24,24,24,24,24,24,24,24,24,24,24
587,5870,-19.36222,-19.82827,-18.9613,-2.315302,-19.31067,-21.60085,-18.88976,-7.274907,1.239803,3.815179,-3.327243,-14.75177,-22.51474,-20.29729,-18.49103,-20.25885,24,24,24,24,24,24,24,24,24,24,24,24,24,24,24,24,587,5870,-18.81745,-18.8336,4.845055,-7.368804,0.1296674,0.1227357,-0.783583,0.1303481,1.123718E-05,0.6437315,0.1313755,-0.6735694,-0.7678718,0.222745,8.026557E-07,0.3390482,24,24,24,24,24,24,24,24,24,24,24,24,24,24,24,24
588,5880,-18.64073,-18.37743,-19.08438,-1.949745,-19.18998,-20.73696,-19.01737,-7.400294,0.3727413,3.938249,-3.683728,-15.38215,-22.15767,-20.29729,-18.01411,-18.57153,24,24,24,24,24,24,24,24,24,24,24,24,24,24,24,24,588,5880,-18.81745,-18.17556,4.452216,-7.756635,-0.001652668,-1.472626,0.130613,0.6518559,-0.258834,0.3862387,0.1313755,-0.4041612,1.765843E-05,0.222745,-0.9635825,-0.4521263,24,24,24,24,24,24,24,24,24,24,24,24,24,24,24,24
589,5890,-18.52048,-18.13563,-18.2228,-1.340483,-18.34514,-20.36672,-18.25168,-7.901845,1.859133,3.692109,-2.495443,-14.6257,-22.15767,-20.65536,-19.44488,-18.45101,24,24,24,24,24,24,24,24,24,24,24,24,24,24,24,24,589,5890,-18.68309,-18.70199,3.404641,-8.015189,-0.9208973,1.605311E-05,0.130613,0.521479,0.5177017,-0.128746,-0.5256046,0.404081,0.383907,-0.3340749,-0.6022386,-0.6781734,24,24,24,24,24,24,24,24,24,24,24,24,24,24,24,24
590,5900,-19.72297,-19.58646,-18.71513,-1.827893,-18.82791,-20.61354,-17.99645,-8.027232,0.9920712,3.322899,-2.614272,-14.1214,-21.80059,-19.2231,-18.7295,-19.77676,24,24,24,24,24,24,24,24,24,24,24,24,24,24,24,24,590,5900,-19.35486,-19.88648,2.749911,-7.885912,-0.001652668,0.8590567,-0.3917843,0.2607251,0.1294331,-1.158715,0.3941649,0.5387874,-1.023888,1.926374E-05,-0.1204469,0.1130011,24,24,24,24,24,24,24,24,24,24,24,24,24,24,24,24
591,5910,-19.00147,-18.61924,-19.69979,-1.949745,-19.43137,-20.36672,-19.01737,-7.65107,1.115937,3.692109,-2.851929,-14.24747,-21.68157,-19.10374,-18.49104,-17.96892,24,24,24,24,24,24,24,24,24,24,24,24,24,24,24,24,591,5910,-19.62356,-18.96521,3.14275,-7.49808,0.2609883,0.2454553,-0.5223843,0.1303481,-0.6471026,0,-2.247436E-05,0.134668,0.383907,0.1113829,0.2408966,-2.568498E-05,24,24,24,24,24,24,24,24,24,24,24,24,24,24,24,24
592,5920,-18.27998,-19.22375,-18.2228,-2.071597,-18.58653,-21.10719,-18.25168,-7.274907,1.363669,3.692109,-2.376615,-15.00392,-21.91962,-20.536,-19.08719,-18.69205,24,24,24,24,24,24,24,24,24,24,24,24,24,24,24,24,592,5920,-19.48921,-20.1497,4.059377,-7.239526,0.2609883,1.605311E-05,0.3918115,-0.9126709,1.123718E-05,0.9012234,0.2627702,0.2693745,-0.6399446,-0.89089,-0.7226863,-0.4520621,24,24,24,24,24,24,24,24,24,24,24,24,24,24,24,24
593,5930,-18.15973,-18.86105,-18.59205,-1.584188,-18.10376,-20.61354,-18.3793,-6.773356,1.363669,4.79974,-2.851929,-14.75177,-22.87182,-19.10374,-19.20642,-18.45101,24,24,24,24,24,24,24,24,24,24,24,24,24,24,24,24,593,5930,-20.02662,-19.49165,3.797486,-7.368804,0.1296674,-0.2454264,-1.044782,0.391102,0.6471235,0.1287468,0.1313755,-0.4041612,-0.8959066,0.1113829,-0.3613428,0.5651627,24,24,24,24,24,24,24,24,24,24,24,24,24,24,24,24
594,5940,-19.84322,-19.34777,-20.19212,-1.949745,-19.91413,-21.72426,-19.52783,-7.776457,1.363669,4.676671,-2.495443,-13.36495,-22.39572,-19.46181,-18.96796,-18.45101,24,24,24,24,24,24,24,24,24,24,24,24,24,24,24,24,594,5940,-19.89227,-19.09682,4.190325,-8.015189,-0.001652668,-1.349906,0.130613,0.7822329,-0.3882574,0.3862387,-0.6569993,-0.6735742,-3.692216E-05,0.2227466,-0.2408946,-0.791136,24,24,24,24,24,24,24,24,24,24,24,24,24,24,24,24
595,5950,-18.03948,-19.9524,-18.83821,-2.19345,-18.94861,-21.60085,-18.63453,-8.278008,1.239803,3.322899,-3.5649,-15.25607,-22.39572,-20.536,-18.3718,-19.29467,24,24,24,24,24,24,24,24,24,24,24,24,24,24,24,24,595,5950,-18.28003,-18.70199,3.666538,-7.368804,-1.183538,-0.1227036,0.3918115,0.2607251,-0.5176808,0.1287468,-1.051187,0.134668,-3.692216E-05,-0.3340717,-0.6022382,0.1130621,24,24,24,24,24,24,24,24,24,24,24,24,24,24,24,24
596,5960,-18.76097,-19.58962,-19.57671,-2.071547,-18.94861,-21.72426,-19.01737,-7.901845,0.9920712,4.79974,-2.970757,-14.24747,-23.34792,-19.93923,-20.51796,-19.05362,24,24,24,24,24,24,24,24,24,24,24,24,24,24,24,24,596,5960,-19.08615,-19.62326,3.666538,-9.177435,-0.6582555,0.2454553,1.284249E-05,0.1303481,0.3882783,-0.901223,0.5255629,0.2693745,-0.5119627,0.3341102,8.026557E-07,0.3391124,24,24,24,24,24,24,24,24,24,24,24,24,24,24,24,24
597,5970,-19.72297,-19.4687,-20.3152,-2.071547,-19.91413,-21.72426,-19.01737,-7.525682,1.363669,3.815179,-2.851929,-14.49962,-22.39572,-19.46181,-18.84873,-20.01781,24,24,24,24,24,24,24,24,24,24,24,24,24,24,24,24,597,5970,-19.2205,-18.8336,3.404641,-7.110249,-0.3956137,1.605311E-05,0.2612115,-0.3911598,-0.6471026,0.1287468,-0.2628119,-0.4041612,0.5118889,-0.7795264,-0.2408946,0.1130621,24,24,24,24,24,24,24,24,24,24,24,24,24,24,24,24
598,5980,-19.12172,-20.07332,-19.57671,-2.437104,-19.06929,-22.46474,-18.50691,-8.278008,0.4966071,2.953688,-3.5649,-15.13,-23.10987,-20.29729,-18.96796,-19.65623,24,24,24,24,24,24,24,24,24,24,24,24,24,24,24,24,598,5980,-18.81745,-20.1497,4.190325,-8.015189,-0.1329728,0.613566,-0.6529829,-1.043048,-0.1294122,1.02997,-0.7883941,0.6734955,-0.2560006,-0.3340717,-0.4817905,0.2260856,24,24,24,24,24,24,24,24,24,24,24,24,24,24,24,24
599,5990,-18.88122,-18.62223,-18.83821,-1.827842,-18.82791,-20.98379,-18.88976,-6.898744,1.115937,4.922811,-3.327243,-13.86925,-22.63377,-19.70052,-19.08719,-19.17414,24,24,24,24,24,24,24,24,24,24,24,24,24,24,24,24,599,5990,-20.83274,-19.88648,4.190325,-8.015189,0.39231,-3.531685E-05,-0.783583,0.2607251,0.2588564,0,0.6569576,0.134668,-0.3839808,-0.2227081,0.3613448,0.1130621,24,24,24,24,24,24,24,24,24,24,24,24,24,24,24,24
600,6000,-19.00147,-18.74315,-19.08438,-1.340432,-18.70722,-20.24331,-18.50691,-7.274905,1.859133,4.18439,-2.851929,-14.87785,-22.03864,-20.05858,-18.96796,-19.17414,24,24,24,24,24,24,24,24,24,24,24,24,24,24,24,24,600,6000,-19.08615,-18.96521,3.928428,-6.851695,-0.2642928,-0.6136367,-0.2611858,0.1303962,-0.3882574,0.5149855,-0.7883941,-0.2694531,0.2559268,0.3341102,-1.565822,-1.017186,24,24,24,24,24,24,24,24,24,24,24,24,24,24,24,24
601,6010,-19.24197,-19.58962,-19.08438,-2.437104,-19.55206,-21.72426,-19.01737,-7.400293,0.9920712,4.5536,-3.208415,-14.37355,-22.27669,-19.58116,-18.01411,-19.41519,24,24,24,24,24,24,24,24,24,24,24,24,24,24,24,24,601,6010,-18.54874,-19.36004,5.237894,-7.756635,-0.6582547,-0.3681974,0.52241,-0.3911116,0.9059687,-0.7724766,-0.3942067,-0.2694531,-0.3839808,-0.6681627,-0.4817905,-0.791136,24,24,24,24,24,24,24,24,24,24,24,24,24,24,24,24
602,6020,-18.64072,-18.13853,-19.20746,-0.9748751,-18.82791,-19.87307,-18.76214,-7.02413,0.6204729,4.184389,-3.327243,-14.6257,-22.87182,-19.93923,-18.25257,-18.57153,24,24,24,24,24,24,24,24,24,24,24,24,24,24,24,24,602,6020,-19.08615,-19.49165,3.404641,-8.919242,0.39231,0.613566,0.2612115,0.782281,-0.258834,-0.3862379,-0.2628119,-4.013279E-05,-0.5119627,0.1113829,-0.2408946,3.852747E-05,24,24,24,24,24,24,24,24,24,24,24,24,24,24,24,24
603,6030,-18.27997,-18.13853,-18.46897,-0.8530231,-18.22445,-20.24331,-18.3793,-7.901844,1.6114,3.076758,-2.7331,-14.6257,-21.44352,-19.81987,-18.61027,-18.45101,24,24,24,24,24,24,24,24,24,24,24,24,24,24,24,24,603,6030,-19.89227,-19.36004,3.14275,-7.885912,0.129669,-3.531685E-05,0.2612115,-0.1303577,-0.1294122,-0.2574919,-1.605311E-05,-0.5388677,0.5118889,-0.3340717,-0.1204469,0.2260856,24,24,24,24,24,24,24,24,24,24,24,24,24,24,24,24
604,6040,-19.36222,-18.0176,-17.97664,-1.340432,-17.86238,-20.11989,-16.97553,-6.773356,1.735267,4.676671,-2.257786,-14.1214,-21.68157,-18.62633,-18.13334,-18.9331,24,24,24,24,24,24,24,24,24,24,24,24,24,24,24,24,604,6040,-20.16097,-20.80775,4.321267,-7.627357,0.129669,0.1226843,-0.5223843,-0.3911116,-0.258834,-0.2574919,-0.3942035,0.2693761,-1.023888,-0.5567991,8.026557E-07,0.1130621,24,24,24,24,24,24,24,24,24,24,24,24,24,24,24,24
605,6050,-18.76097,-18.5013,-19.69979,-1.584137,-19.18998,-21.1072,-19.01737,-7.651068,0.8682054,3.938249,-2.851929,-14.24747,-21.44352,-18.74568,-18.25257,-18.57153,24,24,24,24,24,24,24,24,24,24,24,24,24,24,24,24,605,6050,-19.48921,-18.8336,4.845055,-7.49808,0.39231,-0.4909171,-1.044782,0.2607732,1.123718E-05,-0.3862379,-1.605311E-05,-0.2694515,-0.1280204,0.7795665,0.4817924,-0.3390386,24,24,24,24,24,24,24,24,24,24,24,24,24,24,24,24
606,6060,-17.79898,-18.5013,-17.85356,-1.949694,-17.62099,-19.87307,-17.23076,-6.773356,2.230731,3.199828,-2.257786,-14.87785,-22.03864,-20.17794,-18.25257,-19.29467,24,24,24,24,24,24,24,24,24,24,24,24,24,24,24,24,606,6060,-19.62356,-19.49165,4.190325,-7.110249,0.129669,-1.349958,1.284249E-05,0.3911502,-0.1294122,0,-0.3942035,-0.134745,-4.013279E-05,0.4455237,-0.6022382,-0.791136,24,24,24,24,24,24,24,24,24,24,24,24,24,24,24,24
607,6070,-18.03948,-18.62223,-18.46897,-1.21858,-18.58653,-21.23061,-18.50691,-7.274905,1.487535,4.30746,-2.851929,-14.1214,-23.2289,-18.74568,-19.20642,-18.33048,24,24,24,24,24,24,24,24,24,24,24,24,24,24,24,24,607,6070,-18.9518,-19.49165,4.845055,-7.110249,-0.3956137,-0.1227549,-0.1305857,-0.2607347,0.3882783,-1.158715,-0.5255982,0.2693761,0.6398675,-0.4453872,0.3613448,-0.1129882,24,24,24,24,24,24,24,24,24,24,24,24,24,24,24,24
608,6080,-19.48247,-19.10592,-19.33055,-1.827842,-19.43137,-20.86037,-18.25168,-7.02413,1.487535,4.43053,-2.376615,-13.74317,-22.15767,-19.34245,-18.25257,-19.53571,24,24,24,24,24,24,24,24,24,24,24,24,24,24,24,24,608,6080,-19.62356,-18.8336,3.535589,-7.756635,-0.2642928,0.7362857,0.3918115,0.6519041,1.123718E-05,-0.2574919,-0.3942035,0.1346696,-4.013279E-05,6.742308E-05,0.1204489,3.852747E-05,24,24,24,24,24,24,24,24,24,24,24,24,24,24,24,24
609,6090,-18.76097,-19.71055,-19.20746,-2.802661,-18.82791,-21.47744,-18.76214,-8.403394,1.239803,3.322898,-3.327243,-14.87785,-23.10987,-20.77471,-19.32565,-18.9331,24,24,24,24,24,24,24,24,24,24,24,24,24,24,24,24,609,6090,-18.14568,-20.01809,3.14275,-8.015189,0.39231,0.3681236,0.9142088,-0.6518688,-0.1294122,-0.3862379,-1.605311E-05,-0.404158,-0.5119659,-0.7794782,0.1204489,-0.3390386,24,24,24,24,24,24,24,24,24,24,24,24,24,24,24,24
610,6100,-19.12172,-19.4687,-19.82287,-1.21858,-19.91413,-20.73696,-19.01737,-6.647968,0.9920712,4.30746,-3.327243,-15.00392,-23.46695,-20.536,-19.32565,-19.29467,24,24,24,24,24,24,24,24,24,24,24,24,24,24,24,24,610,6100,-18.68309,-19.22843,3.797486,-6.59314,0.2609891,0.1226843,-0.3917843,-0.7822458,1.123718E-05,0.1287468,-1.605311E-05,0.2693761,-0.1280204,-0.1112962,-0.3613428,0.1130621,24,24,24,24,24,24,24,24,24,24,24,24,24,24,24,24
611,6110,-19.12172,-18.74315,-19.33055,-0.7311704,-19.31067,-21.60085,-19.91068,-7.776456,0.8682054,3.692109,-1.782472,-14.87785,-22.63377,-21.37148,-19.9218,-19.05362,24,24,24,24,24,24,24,24,24,24,24,24,24,24,24,24,611,6110,-19.2205,-18.8336,4.714106,-8.015189,0.654951,-0.7363563,-0.783583,-0.2607347,1.123718E-05,-0.2574919,0.5255661,-0.6735726,-0.8959098,-0.2226599,-0.1204469,0.1130621,24,24,24,24,24,24,24,24,24,24,24,24,24,24,24,24
612,6120,-20.20397,-19.58962,-20.06904,-1.70604,-19.79344,-21.23061,-18.88976,-7.525681,2.230731,4.676671,-1.782472,-14.1214,-23.2289,-20.77471,-19.9218,-20.13833,24,24,24,24,24,24,24,24,24,24,24,24,24,24,24,24,612,6120,-19.08615,-18.8336,4.190325,-7.110249,-0.2642928,-0.8590792,0.6530101,0.2607732,-0.1294122,0.1287468,-0.5255982,-0.404158,-4.013279E-05,0.5568873,-0.4817905,-0.791136,24,24,24,24,24,24,24,24,24,24,24,24,24,24,24,24
613,6130,-20.20397,-19.58962,-20.19212,-1.462335,-20.15552,-21.35402,-19.91068,-8.779557,1.115937,3.692109,-2.7331,-14.49962,-22.7528,-19.34245,-18.96796,-19.41519,24,24,24,24,24,24,24,24,24,24,24,24,24,24,24,24,613,6130,-18.01133,-19.09682,4.452216,-8.144467,-0.3956137,0.3681236,0.52241,-0.2607347,0.5177017,-0.6437306,0.1313787,-0.404158,0.2559235,-0.1112962,0.2408966,-0.3390386,24,24,24,24,24,24,24,24,24,24,24,24,24,24,24,24
614,6140,-18.88122,-19.4687,-19.08438,-1.462335,-18.58653,-22.0945,-19.01737,-8.528782,1.859133,2.953688,-2.7331,-15.38215,-22.39572,-20.65536,-18.84873,-18.45101,24,24,24,24,24,24,24,24,24,24,24,24,24,24,24,24,614,6140,-18.9518,-17.91234,3.535589,-8.790146,-0.1329728,0.4908464,-0.783583,0.2607732,-0.1294122,-0.5149847,-1.605311E-05,-3.692216E-05,-0.2560022,0.4455237,8.026557E-07,0.3391124,24,24,24,24,24,24,24,24,24,24,24,24,24,24,24,24
615,6150,-18.15973,-19.4687,-18.59205,-1.827893,-18.58653,-20.73696,-18.3793,-6.773356,1.363669,4.676671,-2.138958,-13.74317,-22.15767,-18.86504,-18.61027,-19.29467,24,24,24,24,24,24,24,24,24,24,24,24,24,24,24,24,615,6150,-19.08615,-18.8336,3.404641,-7.49808,0.2609891,-0.3681942,-0.5223812,-0.3911116,-0.1294122,0.5149855,0.5255661,-0.404158,-0.1280204,-0.3340236,-0.2408946,3.852747E-05,24,24,24,24,24,24,24,24,24,24,24,24,24,24,24,24
616,6160,-18.76097,-19.10592,-19.08438,-1.949745,-18.70722,-20.61355,-18.50691,-7.525682,1.6114,4.30746,-2.376615,-14.6257,-22.99084,-20.29729,-18.84873,-18.33048,24,24,24,24,24,24,24,24,24,24,24,24,24,24,24,24,616,6160,-18.14568,-18.96521,4.059377,-7.756635,-0.001651865,0.6135693,0.5224133,-0.5214886,0.2588564,0.5149855,-0.7883909,0.2693761,-0.5119659,-0.1112962,8.026557E-07,0.452136,24,24,24,24,24,24,24,24,24,24,24,24,24,24,24,24
617,6170,-19.24197,-19.71055,-18.9613,-2.315302,-19.18998,-23.08181,-19.65544,-8.528783,0.6205243,3.322898,-2.614272,-14.75177,-22.2767,-20.77471,-18.13334,-20.25885,24,24,24,24,24,24,24,24,24,24,24,24,24,24,24,24,617,6170,-19.75792,-18.70199,4.583164,-7.885912,0.9175919,-0.7363531,-0.2611825,0.1303962,0.1294314,0.1287468,0.2627766,-0.9429856,-0.3839841,0.1114327,0.1204489,-0.1129882,24,24,24,24,24,24,24,24,24,24,24,24,24,24,24,24
618,6180,-19.60272,-19.83147,-19.57671,-1.218631,-19.43137,-21.23061,-19.2726,-6.271805,1.115988,5.045881,-3.5649,-15.50822,-24.41915,-21.25213,-19.80257,-18.81258,24,24,24,24,24,24,24,24,24,24,24,24,24,24,24,24,618,6180,-18.68309,-17.78073,3.928428,-6.59314,-0.3956137,-0.7363531,0.1306145,0.1303962,-0.2588356,0.3862387,-0.7883909,-0.404158,0.2559235,-0.1112962,8.026557E-07,-0.9041627,24,24,24,24,24,24,24,24,24,24,24,24,24,24,24,24
619,6190,-18.88122,-19.58962,-19.94596,-1.218631,-20.03482,-21.72426,-19.52783,-7.274907,1.735318,4.30746,-2.376562,-15.00392,-22.39572,-21.13277,-19.32565,-20.0178,24,24,24,24,24,24,24,24,24,24,24,24,24,24,24,24,619,6190,-18.81744,-19.09682,5.237894,-8.402856,-0.2642928,0.2454072,-0.2611825,-0.2607347,0.6471218,-1.416208,-2.247436E-05,0.1346696,0.5118856,0.1114327,-0.2408946,-0.2260118,24,24,24,24,24,24,24,24,24,24,24,24,24,24,24,24
620,6200,-19.48247,-20.43609,-19.57671,-1.949745,-19.43137,-21.97109,-18.88975,-6.898744,1.36372,4.5536,-2.495391,-14.75177,-22.7528,-20.77471,-19.20642,-20.62042,24,24,24,24,24,24,24,24,24,24,24,24,24,24,24,24,620,6200,-18.54874,-17.51751,3.404641,-7.627357,-0.1329728,0.2454072,1.605311E-05,-0.2607347,-0.9059494,-0.128746,-2.247436E-05,-0.942984,0.1279417,-0.3340236,0.6022406,3.852747E-05,24,24,24,24,24,24,24,24,24,24,24,24,24,24,24,24
621,6210,-19.84322,-19.71055,-20.3152,-0.3656642,-20.27621,-22.0945,-20.54875,-7.65107,0.9921225,3.815179,-3.32719,-15.13,-23.705,-20.41665,-19.56411,-18.20996,24,24,24,24,24,24,24,24,24,24,24,24,24,24,24,24,621,6210,-19.2205,-19.49165,3.666538,-7.885912,0.2609891,-0.2454746,0.6530117,-0.3911116,0.6471218,1.02997,-0.1314172,-0.6735694,-0.3839279,-1.002205,-0.4817905,-0.3390386,24,24,24,24,24,24,24,24,24,24,24,24,24,24,24,24
622,6220,-19.00147,-18.74315,-19.45363,-0.9749256,-18.82791,-21.47743,-18.63453,-7.274907,2.478514,4.06132,-1.901248,-15.13,-22.51475,-21.13277,-19.44488,-19.77676,24,24,24,24,24,24,24,24,24,24,24,24,24,24,24,24,622,6220,-19.89227,-19.36004,3.928428,-7.49808,0.39231,0.4908464,-0.9141799,1.926374E-05,9.631868E-06,0.1287468,0.1313755,-3.531685E-05,-0.7678718,0.7796146,0.4817924,0.3391124,24,24,24,24,24,24,24,24,24,24,24,24,24,24,24,24
623,6230,-20.08372,-20.43609,-19.69979,-1.340483,-20.15552,-22.34133,-19.2726,-7.525682,1.859184,4.43053,-1.78242,-14.87785,-22.99084,-20.29729,-19.56411,-20.37937,24,24,24,24,24,24,24,24,24,24,24,24,24,24,24,24,623,6230,-18.81744,-19.09682,4.059377,-7.627357,0.5236301,-1.349954,0.3918132,1.926374E-05,-0.9059494,0.2574928,-0.3942067,-1.212397,-0.255946,0.5568873,-1.08403,-0.4520621,24,24,24,24,24,24,24,24,24,24,24,24,24,24,24,24
624,6240,-19.48247,-18.985,-19.94596,-0.7312209,-19.79344,-21.10719,-19.52783,-7.776457,0.7443901,3.445969,-2.495391,-15.00392,-22.99084,-21.25213,-19.56411,-19.05362,24,24,24,24,24,24,24,24,24,24,24,24,24,24,24,24,624,6240,-18.81744,-19.36004,4.190325,-7.885912,-0.5269346,-0.7363531,0.6530117,0.1303962,9.631868E-06,0,-0.5256046,0.6734987,0.2559797,-0.2226599,-0.9635825,-0.6781702,24,24,24,24,24,24,24,24,24,24,24,24,24,24,24,24
625,6250,-18.40023,-19.22685,-18.9613,-1.827893,-18.46583,-21.72426,-18.12407,-8.779558,1.859184,2.953688,-2.495391,-14.87785,-22.7528,-21.01342,-18.96796,-20.13833,24,24,24,24,24,24,24,24,24,24,24,24,24,24,24,24,625,6250,-18.54874,-19.62326,3.928428,-8.402856,-0.001651865,-0.1227517,0.1306145,0.1303962,9.631868E-06,-1.416208,-2.247436E-05,0.6734987,-0.255946,0.1114327,0.1204489,0.4520782,24,24,24,24,24,24,24,24,24,24,24,24,24,24,24,24
626,6260,-18.64073,-19.58962,-19.20746,-1.462335,-19.79344,-22.21791,-19.40021,-6.522581,1.239854,4.79974,-3.208362,-14.6257,-22.51475,-19.58116,-19.44488,-18.81258,24,24,24,24,24,24,24,24,24,24,24,24,24,24,24,24,626,6260,-20.16097,-19.09682,2.749911,-7.627357,-0.001651865,0.2454072,-0.130584,-0.3911116,-0.388259,0.1287468,0.2627702,0.1346712,0.2559797,0.1114327,-0.240895,-0.113046,24,24,24,24,24,24,24,24,24,24,24,24,24,24,24,24
627,6270,-18.40023,-18.985,-19.33055,-1.584188,-18.46583,-19.50283,-17.99645,-7.274907,1.859184,4.79974,-2.851876,-14.37355,-22.7528,-19.93923,-18.49103,-19.05362,24,24,24,24,24,24,24,24,24,24,24,24,24,24,24,24,627,6270,-19.08615,-19.49165,4.059377,-7.885912,-0.001651865,0.1226875,0.3918132,-0.7822458,9.631868E-06,0.2574928,-0.3942067,0.9429134,-0.1279642,-0.2226599,-0.4817909,-1.926374E-05,24,24,24,24,24,24,24,24,24,24,24,24,24,24,24,24
628,6280,-18.88122,-19.83147,-19.20746,-1.827841,-19.18998,-21.97109,-19.65544,-8.027232,0.9921225,3.815179,-3.089533,-14.87785,-22.87182,-19.93923,-18.13334,-19.89728,24,24,24,24,24,24,24,24,24,24,24,24,24,24,24,24,628,6280,-19.89227,-18.57039,4.190325,-7.498082,0.654951,-3.210623E-05,-0.7835798,0.1303962,0.2588548,-0.7724766,-0.2628119,0.2693793,-0.3839279,-0.4453872,8.026557E-07,-1.926374E-05,24,24,24,24,24,24,24,24,24,24,24,24,24,24,24,24
629,6290,-18.27998,-18.74315,-18.09972,-1.218579,-18.10376,-19.50283,-18.25168,-6.647968,1.115988,4.676671,-2.851876,-13.49102,-22.87182,-19.46181,-18.7295,-18.57153,24,24,24,24,24,24,24,24,24,24,24,24,24,24,24,24,629,6290,-19.35485,-17.64912,3.535589,-8.144468,0.6549502,-1.227235,1.605311E-05,0.2607732,-0.2588356,0.3862387,0.2627702,-0.942984,0.5119434,6.742308E-05,-1.204478,-0.3390931,24,24,24,24,24,24,24,24,24,24,24,24,24,24,24,24
630,6300,-18.76097,-18.985,-18.71513,-1.340432,-19.06929,-19.74965,-18.3793,-7.024131,1.735318,4.30746,-2.614219,-14.49962,-22.03864,-19.81987,-18.96796,-18.57153,24,24,24,24,24,24,24,24,24,24,24,24,24,24,24,24,630,6300,-18.54874,-18.43878,3.797486,-7.239527,-0.1329736,0.2454553,0.1306145,0.5215271,0.6471218,-0.2574919,-1.051187,0.4040858,0.8958873,-0.1112962,0.3613443,-0.5651435,24,24,24,24,24,24,24,24,24,24,24,24,24,24,24,24
631,6310,-18.64073,-19.22685,-18.9613,-1.827841,-19.06929,-22.0945,-18.25168,-7.024131,0.8682567,4.676671,-2.733047,-14.24747,-21.56255,-19.2231,-18.13334,-20.25885,24,24,24,24,24,24,24,24,24,24,24,24,24,24,24,24,631,6310,-19.2205,-19.62326,4.714106,-9.177435,0.7862711,0.6136174,-0.130584,0.3911502,-0.1294138,-0.7724766,0.3941649,0.4040858,-0.63989,0.5568873,0.1204489,0.1130043,24,24,24,24,24,24,24,24,24,24,24,24,24,24,24,24
632,6320,-18.27998,-18.86407,-19.45363,-0.4874648,-19.55206,-20.49013,-19.2726,-6.14642,1.36372,4.79974,-3.32719,-14.37355,-23.10987,-19.93923,-18.7295,-18.08944,24,24,24,24,24,24,24,24,24,24,24,24,24,24,24,24,632,6320,-19.08615,-18.96521,3.404641,-7.627359,-0.1329736,1.605311E-05,0.6530117,-0.1304059,-0.6471042,0.5149855,0.1313755,-0.1347418,0.8958873,-0.2226599,0.1204489,-1.926374E-05,24,24,24,24,24,24,24,24,24,24,24,24,24,24,24,24
633,6330,-18.88122,-18.38038,-18.46897,-0.4874648,-18.82791,-20.11989,-18.63453,-6.397193,1.6114,4.18439,-1.901248,-14.75177,-21.20547,-19.93923,-18.49103,-19.17414,24,24,24,24,24,24,24,24,24,24,24,24,24,24,24,24,633,6330,-19.08615,-20.28131,3.273699,-7.368804,0.1296674,-0.4908657,1.605311E-05,-0.9126709,0.1294314,0.3862387,-0.5256046,0.5387923,-0.3839279,-0.5567509,-0.9635825,-0.113046,24,24,24,24,24,24,24,24,24,24,24,24,24,24,24,24
634,6340,-19.60272,-19.4687,-18.9613,-1.827841,-19.18998,-20.36672,-18.25168,-6.898744,1.363669,3.692109,-2.138905,-14.75177,-22.2767,-20.05858,-18.96796,-19.65623,24,24,24,24,24,24,24,24,24,24,24,24,24,24,24,24,634,6340,-19.48921,-18.8336,3.928428,-7.885914,-0.1329736,0.3681749,-0.6529813,-0.2607828,0.6471218,0,-0.2628119,-0.1347418,-0.63989,0.2227964,0.6022402,0.2260311,24,24,24,24,24,24,24,24,24,24,24,24,24,24,24,24
635,6350,-19.36222,-18.5013,-19.94596,-0.8530223,-19.55206,-20.73696,-18.88976,-7.024131,1.6114,4.06132,-2.970706,-15.00392,-22.03864,-19.70052,-18.13334,-18.20996,24,24,24,24,24,24,24,24,24,24,24,24,24,24,24,24,635,6350,-19.2205,-18.96521,3.404641,-7.11025,0.5236293,-0.9817474,0.3918132,0.1303481,-0.388259,0.3862387,-2.247436E-05,-0.942984,0.3839616,0.33416,-0.7226863,-0.6781702,24,24,24,24,24,24,24,24,24,24,24,24,24,24,24,24
636,6360,-18.27998,-18.0176,-18.71513,-1.096727,-18.58653,-20.36672,-17.61361,-7.525682,1.859133,3.692109,-2.733049,-15.13,-21.91962,-20.29729,-19.20642,-18.33048,24,24,24,24,24,24,24,24,24,24,24,24,24,24,24,24,636,6360,-18.68309,-19.36004,3.928428,-8.144468,-0.7895764,1.605311E-05,0.2612146,-0.2607828,9.631868E-06,-0.128746,-1.051187,-0.5388677,0.2559797,6.742308E-05,-0.6022386,-0.5651435,24,24,24,24,24,24,24,24,24,24,24,24,24,24,24,24
637,6370,-19.00147,-19.22685,-18.9613,-1.705989,-18.70722,-21.23061,-17.61361,-6.898744,2.106865,4.676671,-2.495391,-14.1214,-21.80059,-18.86504,-18.7295,-19.29467,24,24,24,24,24,24,24,24,24,24,24,24,24,24,24,24,637,6370,-18.41438,-19.36004,4.321267,-7.627359,-0.2642936,0.1227357,0.1306145,0.1303481,0.3882767,-0.5149847,0.3941649,0.134668,0.3839616,0.1114327,0.3613443,-1.926374E-05,24,24,24,24,24,24,24,24,24,24,24,24,24,24,24,24
638,6380,-19.12172,-18.74315,-19.20746,-1.218579,-19.91413,-21.10719,-19.01737,-7.149519,1.115937,4.184389,-3.089535,-14.37355,-22.39572,-18.50697,-18.13334,-18.81258,24,24,24,24,24,24,24,24,24,24,24,24,24,24,24,24,638,6380,-19.35485,-18.57039,3.273699,-7.756637,0.1296674,-0.3681461,0.3918132,-0.1304059,-0.5176824,0.1287468,-0.1314172,-0.4041612,0.2559797,-0.1113444,0.1204489,0.1130043,24,24,24,24,24,24,24,24,24,24,24,24,24,24,24,24
639,6390,-18.27998,-18.25945,-17.97664,-1.584136,-18.22445,-21.35402,-18.25168,-7.901845,1.735267,3.569039,-2.376563,-14.75177,-21.91962,-20.05858,-18.3718,-17.96892,24,24,24,24,24,24,24,24,24,24,24,24,24,24,24,24,639,6390,-19.89227,-20.28131,3.404641,-8.015191,0.1296674,0.1227357,0.2612146,-1.173425,0.3882767,0.5149855,-0.2628119,0.134668,-0.7678718,-0.4454354,-0.1204469,-0.2260696,24,24,24,24,24,24,24,24,24,24,24,24,24,24,24,24
640,6400,-18.40023,-18.74315,-18.59205,-1.462284,-18.58653,-20.49013,-18.12407,-7.024131,1.735267,4.922811,-2.970706,-13.99532,-22.27669,-18.62633,-19.08719,-19.53571,24,24,24,24,24,24,24,24,24,24,24,24,24,24,24,24,640,6400,-20.69838,-19.88648,4.452216,-7.627359,0.1296674,-0.1227036,-0.7835798,0.1303481,-0.1294138,0.3862387,0.7883524,-0.4041612,-0.8958536,0.5568392,0.3613443,0.2260311,24,24,24,24,24,24,24,24,24,24,24,24,24,24,24,24
641,6410,-19.00147,-19.83147,-20.19212,-1.340432,-19.06929,-21.23061,-18.50691,-7.274907,1.735267,4.79974,-1.90125,-14.49962,-22.27669,-20.29729,-18.7295,-18.33048,24,24,24,24,24,24,24,24,24,24,24,24,24,24,24,24,641,6410,-19.75792,-18.8336,3.797486,-7.11025,-0.5269354,-0.6135853,-0.2611825,0.1303481,-1.035373,0.7724774,-0.3942067,-1.077695,-0.5119081,1.926374E-05,-1.324926,-0.5651435,24,24,24,24,24,24,24,24,24,24,24,24,24,24,24,24
642,6420,-18.88122,-19.58646,-19.20746,-1.584136,-19.18998,-21.60085,-18.88976,-7.65107,0.7443388,3.569039,-3.208363,-14.24747,-22.03864,-19.58116,-17.53719,-19.05362,24,24,24,24,24,24,24,24,24,24,24,24,24,24,24,24,642,6420,-19.89227,-20.01809,4.321267,-8.015191,-0.2642936,-0.3681461,0.5224133,0.1303481,0.2588548,-0.7724766,-2.247436E-05,-0.1347466,0.1279979,1.926374E-05,-0.240895,0.1130043,24,24,24,24,24,24,24,24,24,24,24,24,24,24,24,24
643,6430,-18.40023,-18.98195,-18.83821,-0.7311696,-18.46583,-20.2433,-18.25168,-6.773356,1.735267,4.676671,-3.564848,-14.37355,-23.10987,-19.46181,-19.08719,-18.45101,24,24,24,24,24,24,24,24,24,24,24,24,24,24,24,24,643,6430,-19.48921,-18.43878,3.142699,-8.273746,0.3923092,-0.1227036,-0.6529813,0.6518559,-0.6471042,-0.3862379,0.2627702,0.134668,-0.1279642,0.3341102,0.3613443,0.1130043,24,24,24,24,24,24,24,24,24,24,24,24,24,24,24,24
644,6440,-19.00147,-19.34466,-19.82287,-0.9748751,-19.18998,-21.23061,-18.88976,-7.400294,1.487535,4.184389,-2.495391,-14.6257,-21.91962,-20.05858,-19.20642,-18.9331,24,24,24,24,24,24,24,24,24,24,24,24,24,24,24,24,644,6440,-19.75792,-19.75487,3.01175,-8.144466,-0.001652668,-0.2454264,0.3918132,-0.3911598,-0.1294138,0.3862387,-2.247436E-05,-0.8082823,1.151849,-0.2227081,-0.240895,0.2260311,24,24,24,24,24,24,24,24,24,24,24,24,24,24,24,24
645,6450,-19.00147,-19.82827,-19.08438,-1.827842,-18.94861,-21.35402,-19.01737,-7.901845,1.239803,4.43053,-3.327192,-15.13,-22.03864,-19.70052,-18.84873,-19.77675,24,24,24,24,24,24,24,24,24,24,24,24,24,24,24,24,645,6450,-18.68309,-19.09682,3.928377,-7.110248,0.39231,0.3681749,-0.3917827,-2.88956E-05,0.3882767,0.5149855,-0.2628119,0.6734955,-0.7678718,1.926374E-05,0.2408966,0.2260311,24,24,24,24,24,24,24,24,24,24,24,24,24,24,24,24
646,6460,-18.52048,-18.98195,-20.06904,-0.9748751,-19.79344,-20.86037,-19.2726,-7.274907,1.115937,3.938249,-3.802505,-14.87785,-22.99084,-19.93923,-18.84873,-18.08944,24,24,24,24,24,24,24,24,24,24,24,24,24,24,24,24,646,6460,-19.35486,-19.49165,4.975952,-8.531951,0.9175919,-0.9817988,0.2612146,0.1303481,0.1294314,0.1287468,-0.2628119,-0.6735742,0.8958873,0.2227466,-0.7226863,-0.2260696,24,24,24,24,24,24,24,24,24,24,24,24,24,24,24,24
647,6470,-18.52048,-18.74014,-18.46897,-1.21858,-18.10376,-20.11989,-17.74122,-7.274907,1.735267,4.43053,-2.614221,-14.37355,-22.03864,-20.05858,-19.20642,-18.9331,24,24,24,24,24,24,24,24,24,24,24,24,24,24,24,24,647,6470,-18.14568,-18.04395,3.01175,-7.239525,-0.5269346,-0.1227549,0.2612115,0.521479,0.2588548,-0.5149847,-1.445374,0.2693745,0.8958873,-0.2227081,-1.324926,-0.6781702,24,24,24,24,24,24,24,24,24,24,24,24,24,24,24,24
648,6480,-18.88122,-19.46556,-19.08438,-2.071547,-18.70722,-20.98378,-17.99645,-7.651068,1.363669,4.43053,-2.138906,-14.37355,-22.39572,-20.41665,-19.20642,-19.65623,24,24,24,24,24,24,24,24,24,24,24,24,24,24,24,24,648,6480,-18.9518,-19.22843,4.321216,-8.661048,-0.5269346,0.2454039,0.9142088,-0.3911598,0.1294314,-1.029969,-0.3942067,0.134668,-0.3839279,-0.3340717,-0.240895,0.2260311,24,24,24,24,24,24,24,24,24,24,24,24,24,24,24,24
649,6490,-18.88122,-18.13563,-19.33055,-1.705989,-19.55206,-20.2433,-18.3793,-7.901844,1.363669,3.938249,-2.376563,-14.37355,-22.75279,-19.2231,-18.7295,-18.81257,24,24,24,24,24,24,24,24,24,24,24,24,24,24,24,24,649,6490,-19.62356,-18.70199,3.01175,-8.015189,-0.001651865,0.2454039,0.130613,-0.1304059,-0.776526,-0.3862379,0.6569576,-4.013279E-05,0.5119434,-0.2227081,0.6022402,-0.113046,24,24,24,24,24,24,24,24,24,24,24,24,24,24,24,24
650,6500,-19.00147,-19.34466,-19.33055,-1.827842,-17.98307,-21.47743,-18.12407,-7.776456,1.611401,3.199828,-2.614221,-15.6343,-23.10987,-21.37148,-19.68334,-18.57153,24,24,24,24,24,24,24,24,24,24,24,24,24,24,24,24,650,6500,-18.41439,-18.96521,3.01175,-7.756634,-0.5269346,-3.531685E-05,0.130613,-1.173425,0.5177017,0.3862387,-0.2628119,0.9429085,0.1279979,-0.7795264,-0.3613428,-0.3390931,24,24,24,24,24,24,24,24,24,24,24,24,24,24,24,24
651,6510,-19.36222,-19.34466,-18.46897,-1.21858,-19.18998,-21.60085,-18.50691,-8.152618,1.487535,4.30746,-2.733046,-14.1214,-22.99084,-20.17794,-19.44488,-20.13832,24,24,24,24,24,24,24,24,24,24,24,24,24,24,24,24,651,6510,-19.75792,-19.09682,3.928377,-7.368802,-0.001651865,-0.1227549,-1.044782,0.9126099,0.1294331,-0.3862379,0.5255629,-0.2694531,1.765843E-05,0.5568392,0.3613443,0.5651049,24,24,24,24,24,24,24,24,24,24,24,24,24,24,24,24
652,6520,-19.48247,-20.07008,-20.3152,-2.193399,-19.55206,-21.23061,-18.88976,-7.02413,1.735267,4.922811,-2.733046,-14.49962,-22.03864,-19.70052,-18.61027,-18.81257,24,24,24,24,24,24,24,24,24,24,24,24,24,24,24,24,652,6520,-18.81745,-19.09682,4.583113,-7.368802,0.39231,-0.9817988,-0.2611858,0.521479,1.123718E-05,0,-2.247436E-05,-0.2694531,0.2559797,0.3341102,-0.3613428,-0.6781702,24,24,24,24,24,24,24,24,24,24,24,24,24,24,24,24
653,6530,-19.12172,-19.70737,-18.71513,-1.584137,-19.06929,-22.34132,-18.63453,-8.403394,1.115937,2.953688,-2.851875,-14.87785,-22.39572,-20.77471,-18.3718,-19.17414,24,24,24,24,24,24,24,24,24,24,24,24,24,24,24,24,653,6530,-19.62356,-18.8336,3.01175,-7.239525,-0.7895756,-0.1227549,1.284249E-05,-0.1304059,0.1294331,0,-1.182582,0.134668,0.1279449,-0.1113444,-0.4817909,-0.3390931,24,24,24,24,24,24,24,24,24,24,24,24,24,24,24,24
654,6540,-18.40023,-18.37743,-18.09972,-1.827842,-18.46583,-20.61354,-18.63453,-7.274905,1.115937,4.67667,-3.446017,-14.75177,-22.75279,-19.10374,-19.32565,-19.29466,24,24,24,24,24,24,24,24,24,24,24,24,24,24,24,24,654,6540,-19.48921,-19.88648,4.321216,-8.919242,-0.3956137,0.613566,0.3918115,0.391102,-0.1294122,-0.7724766,-2.247436E-05,0.808202,0.1279449,0.2227466,-0.1204469,-0.2260696,24,24,24,24,24,24,24,24,24,24,24,24,24,24,24,24
655,6550,-19.84322,-19.70737,-20.19212,-2.193399,-19.79344,-21.72426,-19.14499,-7.274905,1.363669,5.045881,-2.851875,-14.49962,-22.51474,-19.70052,-18.84873,-19.29466,24,24,24,24,24,24,24,24,24,24,24,24,24,24,24,24,655,6550,-20.16097,-19.36004,2.487969,-7.110248,0.129669,0.4908432,-0.1305857,-0.7822939,-1.035371,0,0.5255629,-0.2694531,0.5118889,1.926374E-05,-0.1204469,-0.2260696,24,24,24,24,24,24,24,24,24,24,24,24,24,24,24,24
656,6560,-18.52048,-19.46556,-18.46897,-2.071547,-18.46583,-22.58815,-19.14499,-8.528782,0.8682054,3.076758,-2.851875,-15.38215,-22.99084,-20.29729,-18.01411,-19.89728,24,24,24,24,24,24,24,24,24,24,24,24,24,24,24,24,656,6560,-18.54874,-19.62326,2.618911,-7.885911,0.5236301,-0.1227549,0.9142088,-1.043048,-0.258834,-0.128746,-0.2628119,0.134668,-0.2560006,-0.4454354,-0.8431344,-0.1129882,24,24,24,24,24,24,24,24,24,24,24,24,24,24,24,24
657,6570,-19.24197,-19.22375,-18.9613,-0.8530231,-19.43137,-21.10719,-18.76214,-6.647968,1.115937,4.79974,-2.851875,-14.87785,-22.75279,-19.70052,-19.08719,-18.81258,24,24,24,24,24,24,24,24,24,24,24,24,24,24,24,24,657,6570,-19.2205,-19.36004,3.928377,-7.756634,-0.5269346,0.1226843,-0.6529829,-0.2607828,1.123718E-05,0.2574928,-0.3942067,0.6734955,-0.3839808,0.3341102,0.2408966,0.3391124,24,24,24,24,24,24,24,24,24,24,24,24,24,24,24,24
658,6580,-19.24197,-19.83147,-19.69979,-1.705989,-19.31067,-21.35402,-19.52783,-7.274905,1.487535,4.30746,-2.614218,-14.87785,-22.63377,-20.17793,-19.08719,-19.41519,24,24,24,24,24,24,24,24,24,24,24,24,24,24,24,24,658,6580,-20.56403,-20.01809,4.321216,-7.885911,0.7862719,-0.7363563,-0.2611858,0.391102,-0.258834,-0.128746,0.3941649,-0.4041612,0.2559268,0.4454755,8.026557E-07,-0.5650889,24,24,24,24,24,24,24,24,24,24,24,24,24,24,24,24
659,6590,-19.36222,-20.19424,-20.3152,-2.680809,-19.43137,-22.58815,-19.40022,-8.027231,0.6204729,3.938249,-3.446017,-15.76037,-23.58597,-20.89406,-19.68334,-20.0178,24,24,24,24,24,24,24,24,24,24,24,24,24,24,24,24,659,6590,-18.81745,-18.8336,3.404641,-6.98097,-0.2642928,-1.104518,1.284249E-05,0.521479,-0.6471026,0.6437315,-0.6569993,-4.013279E-05,0.2559268,0.2227466,-1.445374,-0.6781124,24,24,24,24,24,24,24,24,24,24,24,24,24,24,24,24
660,6600,-19.12172,-19.4687,-19.33055,-1.462335,-20.39691,-20.98378,-20.03829,-8.027231,0.7443388,4.922811,-2.614218,-14.1214,-22.51474,-20.17793,-18.84873,-19.41519,24,24,24,24,24,24,24,24,24,24,24,24,24,24,24,24,660,6600,-18.41439,-19.22843,4.714106,-8.015189,-0.5269346,0.2454039,0.52241,-0.1304059,0.2588564,-0.6437306,-0.1314172,0.404081,0.7678509,-0.2227081,-0.6022382,-0.2260118,24,24,24,24,24,24,24,24,24,24,24,24,24,24,24,24
661,6610,-18.76097,-18.985,-19.69979,-0.8530737,-18.94861,-19.99648,-18.76214,-7.651068,1.735267,3.692109,-2.495389,-16.26468,-23.10987,-21.37148,-20.04103,-19.65623,24,24,24,24,24,24,24,24,24,24,24,24,24,24,24,24,661,6610,-19.62356,-18.30717,3.273699,-8.661049,0.6549518,0.8590053,-0.2611858,0.521479,-0.776526,-0.3862379,-2.247436E-05,-4.013279E-05,-0.6399446,-0.1113444,-0.1204469,0.452136,24,24,24,24,24,24,24,24,24,24,24,24,24,24,24,24
662,6620,-19.60272,-20.43609,-20.3152,-2.19345,-21.00036,-23.0818,-18.88976,-7.651068,1.982999,4.5536,-2.020075,-14.49962,-21.80059,-19.58116,-19.08719,-20.86146,24,24,24,24,24,24,24,24,24,24,24,24,24,24,24,24,662,6620,-18.01133,-19.09682,3.666538,-7.110249,0.1296698,-0.2454746,0.6530101,-0.6519169,1.123718E-05,0.5149855,0.5255629,-0.1347466,0.2559268,-0.5567991,8.026557E-07,-0.3390386,24,24,24,24,24,24,24,24,24,24,24,24,24,24,24,24
663,6630,-19.12172,-19.22685,-19.57671,-1.462335,-19.31067,-20.86037,-19.40022,-7.776456,0.248875,3.815179,-3.327188,-15.50822,-23.70499,-21.01342,-19.32565,-18.81258,24,24,24,24,24,24,24,24,24,24,24,24,24,24,24,24,663,6630,-18.81745,-19.22843,3.14275,-7.756635,-0.526933,-0.2454746,0.3918115,-1.173425,0.3882783,0,-0.7883941,0.404081,-0.1280188,-0.4454354,-0.2408946,-0.2260118,24,24,24,24,24,24,24,24,24,24,24,24,24,24,24,24
664,6640,-19.12172,-18.86407,-18.83821,-0.9749256,-18.46583,-21.60085,-18.50691,-7.525682,1.611401,3.938249,-2.257732,-15.25607,-22.27669,-20.536,-18.96796,-18.57153,24,24,24,24,24,24,24,24,24,24,24,24,24,24,24,24,664,6640,-19.62356,-18.17556,3.404641,-8.273745,-0.132972,-0.9817956,-0.6529829,1.926374E-05,-0.258834,0,0.6569576,-0.4041612,-0.3839808,-0.1113444,-0.2408946,0.3391124,24,24,24,24,24,24,24,24,24,24,24,24,24,24,24,24
665,6650,-19.36222,-19.9524,-18.83821,-1.827893,-18.70722,-20.98378,-18.3793,-7.274907,1.6114,4.30746,-2.851875,-14.6257,-22.75279,-18.74568,-19.44488,-19.53571,24,24,24,24,24,24,24,24,24,24,24,24,24,24,24,24,665,6650,-18.68309,-18.70199,3.273699,-7.368804,-0.264292,-1.718117,0.3918115,0.2607732,9.631868E-06,0.1287468,-0.6569993,-0.8082823,-0.1280188,0.1113829,-0.4817905,-1.017186,24,24,24,24,24,24,24,24,24,24,24,24,24,24,24,24
666,6660,-20.08372,-19.9524,-20.80753,-1.949745,-19.55206,-21.97108,-18.76214,-7.901845,1.735266,4.30746,-2.614218,-14.24747,-22.63377,-19.2231,-18.3718,-19.05362,24,24,24,24,24,24,24,24,24,24,24,24,24,24,24,24,666,6660,-18.81745,-18.70199,3.666538,-8.661049,-0.6582539,0.1226875,1.284249E-05,1.926374E-05,9.631868E-06,0,-0.9197921,0.5387874,0.2559268,-0.2227081,-0.3613428,-0.1129882,24,24,24,24,24,24,24,24,24,24,24,24,24,24,24,24
667,6670,-18.64072,-18.74315,-18.2228,-2.315302,-18.70722,-21.23061,-17.99645,-8.15262,0.9920712,2.953688,-3.089586,-15.50822,-22.39572,-20.17793,-18.25257,-19.41519,24,24,24,24,24,24,24,24,24,24,24,24,24,24,24,24,667,6670,-19.35486,-19.75487,4.059377,-7.756635,0.1296698,-0.1227517,-0.3917843,0.5215271,-0.5176824,-1.6737,-0.3942035,-0.1347466,0.1279449,0.6682028,-0.1204469,0.2260856,24,24,24,24,24,24,24,24,24,24,24,24,24,24,24,24
668,6680,-18.27998,-19.10592,-19.08438,-1.462335,-19.55206,-21.10719,-19.14499,-7.149519,1.363669,4.67667,-3.327243,-13.74317,-23.10987,-19.34245,-18.7295,-17.84839,24,24,24,24,24,24,24,24,24,24,24,24,24,24,24,24,668,6680,-18.81745,-19.22843,3.14275,-7.49808,-0.132972,0.3681268,1.284249E-05,-0.2607347,-0.1294138,0,0.5255661,-3.692216E-05,0.383907,0.2227466,0.6022406,3.852747E-05,24,24,24,24,24,24,24,24,24,24,24,24,24,24,24,24
669,6690,-18.52047,-18.25945,-18.34588,-1.70604,-18.70722,-20.2433,-18.25168,-6.397193,1.859133,4.43053,-3.327243,-14.87785,-21.68157,-19.70052,-18.01411,-19.05362,24,24,24,24,24,24,24,24,24,24,24,24,24,24,24,24,669,6690,-19.89227,-20.54453,3.797486,-7.368804,-0.3956129,0.4908464,-0.2611858,-0.7822458,0.2588548,0.7724774,-0.3942035,0.5387906,-0.2560006,-0.2227081,-0.1204469,0.5651627,24,24,24,24,24,24,24,24,24,24,24,24,24,24,24,24
670,6700,-18.40023,-19.34777,-19.20746,-3.046417,-18.94861,-21.84767,-18.76214,-7.149519,1.115937,3.938249,-2.7331,-14.87785,-21.56254,-19.93923,-18.13334,-18.81258,24,24,24,24,24,24,24,24,24,24,24,24,24,24,24,24,670,6700,-19.08615,-18.96521,3.797486,-7.885912,0.9175928,-0.6136335,-0.3917843,0.1303962,9.631868E-06,-0.5149847,0.1313787,-0.8082791,-0.3839808,-0.2226599,0.1204489,3.852747E-05,24,24,24,24,24,24,24,24,24,24,24,24,24,24,24,24
671,6710,-18.52047,-18.5013,-18.9613,-0.8530737,-19.06929,-20.2433,-19.14499,-7.274907,0.4966071,4.184389,-3.5649,-15.00392,-22.99084,-20.29729,-18.61027,-18.57153,24,24,24,24,24,24,24,24,24,24,24,24,24,24,24,24,671,6710,-19.08615,-19.09682,4.059377,-7.49808,-0.132972,-1.227235,1.284249E-05,0.782281,-0.388259,0.3862387,-1.313973,-3.692216E-05,0.383907,6.742308E-05,-0.7226863,-0.5650889,24,24,24,24,24,24,24,24,24,24,24,24,24,24,24,24
672,6720,-18.52047,-18.25945,-19.20746,-1.827893,-18.58653,-20.49013,-17.99645,-7.274907,2.23073,3.322898,-1.901301,-15.50822,-21.91962,-21.01342,-19.56411,-18.9331,24,24,24,24,24,24,24,24,24,24,24,24,24,24,24,24,672,6720,-18.54874,-19.09682,4.452216,-7.627357,0.1296698,0.2454072,0.7836087,1.926374E-05,0.7765453,-0.5149847,-0.3942035,0.4040841,0.5118889,-0.1112962,8.026557E-07,0.1130043,24,24,24,24,24,24,24,24,24,24,24,24,24,24,24,24
673,6730,-19.96347,-20.19424,-20.3152,-1.70604,-19.79344,-22.46474,-19.01737,-7.525682,2.106864,3.815179,-2.970757,-15.00392,-23.34792,-20.41665,-20.04103,-19.53571,24,24,24,24,24,24,24,24,24,24,24,24,24,24,24,24,673,6730,-18.9518,-18.30717,2.749911,-8.015189,0.1296698,0.2454072,-0.2611858,0.3911502,-1.035373,-0.5149847,0.1313787,0.2693761,-0.2560006,0.1114327,0.3613443,-1.926374E-05,24,24,24,24,24,24,24,24,24,24,24,24,24,24,24,24
674,6740,-19.72297,-19.10593,-19.57671,-1.949745,-19.43137,-21.72426,-19.14499,-7.400294,1.6114,3.938249,-3.446071,-15.13,-23.10987,-20.29729,-18.7295,-19.53571,24,24,24,24,24,24,24,24,24,24,24,24,24,24,24,24,674,6740,-18.41438,-19.36004,3.14275,-7.885912,0.1296698,-0.3681942,1.284249E-05,-0.7822458,0.3882767,0.3862387,0.5255661,0.1346696,-3.692216E-05,-0.5567509,0.1204489,-0.9042205,24,24,24,24,24,24,24,24,24,24,24,24,24,24,24,24
675,6750,-19.72297,-19.58963,-19.57671,-1.949745,-19.55206,-22.83498,-18.50691,-8.15262,2.106864,3.322898,-2.495443,-15.38215,-23.58597,-21.8489,-19.44488,-18.9331,24,24,24,24,24,24,24,24,24,24,24,24,24,24,24,24,675,6750,-18.68309,-19.62326,4.190325,-7.368804,-0.264292,0.4908464,-0.9141815,-1.564508,0.7765453,0.2574928,-0.1314108,0.5387906,-0.7679248,-0.3340236,8.026557E-07,0.5651049,24,24,24,24,24,24,24,24,24,24,24,24,24,24,24,24
676,6760,-19.12172,-18.74315,-18.46897,-1.949694,-18.58653,-20.86037,-17.86884,-6.898744,1.487535,4.79974,-2.495443,-13.99532,-22.39572,-19.34245,-19.44488,-20.0178,24,24,24,24,24,24,24,24,24,24,24,24,24,24,24,24,676,6760,-19.35486,-18.57039,4.059377,-8.273745,0.9175928,-0.7363531,-1.044782,0.1303962,0.1294314,0.1287468,-1.605311E-05,-0.8082791,-3.692216E-05,-0.1112962,0.1204489,-0.3390931,24,24,24,24,24,24,24,24,24,24,24,24,24,24,24,24
677,6770,-19.84322,-18.985,-20.06904,-1.949694,-20.27621,-21.10719,-18.88976,-7.400294,1.239803,4.43053,-2.970757,-14.75177,-23.10987,-20.65536,-18.84873,-18.45101,24,24,24,24,24,24,24,24,24,24,24,24,24,24,24,24,677,6770,-18.01133,-17.78073,3.273699,-6.980972,-0.3956137,-0.3681942,0.130613,0.3911502,-0.5176824,-0.128746,-1.05118,-0.2694515,0.383907,0.33416,-1.445374,-0.9042205,24,24,24,24,24,24,24,24,24,24,24,24,24,24,24,24
678,6780,-19.24197,-19.71055,-18.9613,-2.437104,-18.70722,-22.21792,-18.88976,-7.776457,1.239803,2.953688,-3.5649,-14.6257,-22.51474,-20.17794,-18.84873,-20.25885,24,24,24,24,24,24,24,24,24,24,24,24,24,24,24,24,678,6780,-17.87698,-18.30717,4.190325,-7.49808,-0.9208965,-0.6136367,0.2612115,0.2607732,0.6471218,-0.2574919,-0.6569929,-3.692216E-05,0.383907,0.2227964,-0.3613428,0.1130043,24,24,24,24,24,24,24,24,24,24,24,24,24,24,24,24
679,6790,-18.76097,-19.10593,-18.83821,-2.193399,-19.31067,-20.61355,-19.40022,-8.027232,-0.2465887,3.815179,-2.376615,-13.1128,-22.63377,-20.29729,-20.2795,-19.41519,24,24,24,24,24,24,24,24,24,24,24,24,24,24,24,24,679,6790,-19.2205,-17.91234,3.273699,-8.790146,0.2609891,0.613566,-0.2611825,0.782281,-0.2588356,-0.5149847,-0.1314108,0.2693761,-3.692216E-05,0.1114327,0.3613443,0.5651049,24,24,24,24,24,24,24,24,24,24,24,24,24,24,24,24
680,6800,-18.88122,-18.25946,-18.71513,-1.462285,-18.46583,-19.62624,-18.63453,-6.773355,0.9920712,3.692109,-2.257786,-13.1128,-21.80059,-20.17794,-18.49103,-19.77676,24,24,24,24,24,24,24,24,24,24,24,24,24,24,24,24,680,6800,-18.41438,-18.8336,3.666538,-6.463862,0.39231,0.2454039,0.3918132,-0.391163,-0.1294138,0.2574928,0.5255661,0.1346696,0.7678509,-0.8908418,-0.240895,-0.2260696,24,24,24,24,24,24,24,24,24,24,24,24,24,24,24,24
681,6810,-18.27997,-19.71055,-18.71513,-2.802661,-19.06929,-21.47744,-19.91068,-8.528783,0.3727926,3.076758,-3.327243,-14.6257,-22.27669,-20.05858,-18.7295,-18.69205,24,24,24,24,24,24,24,24,24,24,24,24,24,24,24,24,681,6810,-18.81744,-19.36004,3.928428,-7.368804,-0.3956137,0.1226843,-0.130584,-0.7822971,0.5177001,0.3862387,-1.605311E-05,0.1346696,-1.535816,-0.1112962,-0.7226863,-1.926374E-05,24,24,24,24,24,24,24,24,24,24,24,24,24,24,24,24
682,6820,-18.15973,-18.74315,-18.83821,-1.462285,-19.43137,-19.50283,-18.88976,-6.898743,0.4966584,4.06132,-3.208415,-13.74317,-22.75279,-19.70052,-18.7295,-19.05362,24,24,24,24,24,24,24,24,24,24,24,24,24,24,24,24,682,6820,-19.75792,-18.8336,4.714106,-7.756635,0.7862719,-0.6136367,-0.9141799,0.1303449,0.5177001,0.1287468,-1.605311E-05,-1.077694,0.383907,0.1114327,-0.4817909,-1.926374E-05,24,24,24,24,24,24,24,24,24,24,24,24,24,24,24,24
683,6830,-18.64072,-18.25946,-18.9613,-1.949694,-18.58653,-20.36672,-18.63453,-7.400293,1.36372,3.569039,-2.376562,-13.23887,-21.32449,-19.70052,-17.77565,-18.33048,24,24,24,24,24,24,24,24,24,24,24,24,24,24,24,24,683,6830,-18.41438,-18.43878,2.488021,-7.368804,-0.2642928,-1.104518,-0.130584,0.9126067,-0.1294138,0.5149855,-1.182582,-0.2694515,0.5118889,0.2227964,-0.8431344,-0.9042205,24,24,24,24,24,24,24,24,24,24,24,24,24,24,24,24
684,6840,-18.52047,-19.22685,-19.08438,-2.680809,-18.82791,-20.73696,-18.63453,-7.525681,1.115988,4.184389,-2.376562,-14.24747,-22.03864,-20.05858,-18.49103,-19.29467,24,24,24,24,24,24,24,24,24,24,24,24,24,24,24,24,684,6840,-18.54874,-18.30717,3.928428,-7.627357,-0.5269346,0.2454039,0.5224133,-0.7822971,0.1294314,-0.5149847,-1.182582,0.134668,-0.1280188,-0.2226599,0.2408966,-1.926374E-05,24,24,24,24,24,24,24,24,24,24,24,24,24,24,24,24
685,6850,-18.64072,-18.01761,-18.71513,-1.584137,-19.67276,-19.99648,-19.14499,-7.400293,0.3727926,3.569039,-3.446018,-14.75177,-22.03864,-19.34245,-18.61027,-18.08944,24,24,24,24,24,24,24,24,24,24,24,24,24,24,24,24,685,6850,-18.68309,-17.91234,3.797486,-8.015189,0.129669,0.2454039,-0.2611825,0.5214757,9.631868E-06,-0.5149847,0.1313755,0.5387874,-0.1279642,1.113706,-0.240895,-0.2260696,24,24,24,24,24,24,24,24,24,24,24,24,24,24,24,24
686,6860,-18.52047,-18.62223,-18.83821,-1.949694,-18.82791,-20.49013,-18.12407,-7.776456,1.115988,3.692109,-3.32719,-15.25607,-22.99084,-21.01342,-20.16026,-17.60735,24,24,24,24,24,24,24,24,24,24,24,24,24,24,24,24,686,6860,-18.54874,-17.64912,3.273699,-7.885912,-0.2642928,-0.1227549,0.3918132,-0.1304091,-0.9059494,0.1287468,0.6569576,-0.8082823,0.2559797,0.1113813,-0.1204469,0.4520782,24,24,24,24,24,24,24,24,24,24,24,24,24,24,24,24
687,6870,-19.36222,-19.83147,-19.45363,-1.949694,-19.67276,-21.47744,-18.63453,-7.651069,1.611452,4.06132,-1.901248,-13.61709,-21.68157,-19.34245,-18.7295,-20.0178,24,24,24,24,24,24,24,24,24,24,24,24,24,24,24,24,687,6870,-17.74262,-18.8336,3.928428,-7.756635,-0.2642928,0.4908432,-0.6529813,-0.7822971,0.6471218,0.2574928,-0.3942067,-4.013279E-05,-0.1279642,-0.4454386,-0.6022386,-0.4521199,24,24,24,24,24,24,24,24,24,24,24,24,24,24,24,24
688,6880,-18.88122,-18.985,-19.69979,-2.193399,-19.67276,-20.61355,-19.14499,-8.152619,0.9921225,3.569039,-2.733047,-14.87785,-22.63377,-19.58116,-18.96796,-18.57153,24,24,24,24,24,24,24,24,24,24,24,24,24,24,24,24,688,6880,-18.28003,-18.04395,4.059377,-7.49808,0.39231,-0.7363563,-0.2611825,-3.210623E-05,0.3882767,0.1287468,0.7883524,-0.4041612,-0.5119081,0.222745,8.026557E-07,-0.2260696,24,24,24,24,24,24,24,24,24,24,24,24,24,24,24,24
689,6890,-19.00147,-18.86408,-18.83821,-2.193399,-19.55206,-21.60085,-18.50691,-7.901844,1.859184,3.692109,-2.733047,-14.87785,-22.39572,-20.65536,-18.96796,-19.05362,24,24,24,24,24,24,24,24,24,24,24,24,24,24,24,24,689,6890,-18.54874,-18.30717,3.14275,-7.368804,0.129669,-0.7363563,0.2612146,0.5214757,-0.7765276,0.5149855,-1.313976,-0.5388677,0.5119434,0.222745,-0.9635825,-0.7911938,24,24,24,24,24,24,24,24,24,24,24,24,24,24,24,24
690,6900,-18.76097,-19.10592,-18.34588,-2.071547,-18.58653,-20.73696,-17.61361,-7.149518,1.487586,4.30746,-3.089533,-13.86925,-22.87182,-18.62633,-18.96796,-19.53571,24,24,24,24,24,24,24,24,24,24,24,24,24,24,24,24,690,6900,-17.74262,-18.57039,3.535589,-6.463862,-0.9208965,0.1226843,0.6530117,0.1303449,0.2588548,-0.3862379,-0.1314172,-0.1347466,0.7679055,-0.6681659,-0.4817909,-1.926374E-05,24,24,24,24,24,24,24,24,24,24,24,24,24,24,24,24
691,6910,-19.72297,-19.4687,-20.19212,-2.315252,-19.91413,-21.72426,-19.91068,-7.400293,1.36372,4.184389,-2.851876,-13.74317,-22.51475,-19.34245,-19.44488,-18.57153,24,24,24,24,24,24,24,24,24,24,24,24,24,24,24,24,691,6910,-19.48921,-18.43878,4.321222,-8.273745,0.39231,0.613566,-0.2611825,0.1303449,0.3882767,-0.6437306,0.3941649,0.5387874,-0.1279642,0.3341087,8.026557E-07,-0.113046,24,24,24,24,24,24,24,24,24,24,24,24,24,24,24,24
692,6920,-19.24197,-19.10592,-18.46897,-3.046365,-18.82791,-21.84768,-18.3793,-8.278008,0.001194352,3.445969,-2.970704,-14.6257,-22.51475,-19.81987,-18.25257,-20.25885,24,24,24,24,24,24,24,24,24,24,24,24,24,24,24,24,692,6920,-19.62356,-19.49165,2.618918,-7.627357,0.39231,-0.4909171,0.5224133,-0.1304091,-0.1294138,-0.128746,0.2627702,-0.6735742,1.765843E-05,-0.2227113,-0.4817909,-1.926374E-05,24,24,24,24,24,24,24,24,24,24,24,24,24,24,24,24
693,6930,-18.64072,-18.74315,-19.08438,-2.315251,-19.79344,-20.36672,-18.76214,-7.149518,0.9921225,4.184389,-2.851876,-14.24747,-22.2767,-19.58116,-18.49103,-18.20996,24,24,24,24,24,24,24,24,24,24,24,24,24,24,24,24,693,6930,-19.75792,-19.88648,4.321222,-8.015189,0.129669,0.2454039,-0.6529813,-0.6519201,9.631868E-06,0.5149855,-0.3942067,1.077617,-0.7678718,-0.2227113,-0.3613428,0.1130043,24,24,24,24,24,24,24,24,24,24,24,24,24,24,24,24
694,6940,-18.03948,-17.77575,-18.46897,-1.584136,-18.34513,-19.50283,-18.50691,-6.898743,1.115988,4.06132,-2.614219,-14.1214,-21.56255,-19.70052,-18.13334,-18.45101,24,24,24,24,24,24,24,24,24,24,24,24,24,24,24,24,694,6940,-20.02662,-19.22843,3.011757,-7.627357,1.311554,-0.3681974,-0.6529813,-0.260786,0.5177001,0,0.3941649,-4.013279E-05,1.765843E-05,0.222745,0.1204489,0.2260311,24,24,24,24,24,24,24,24,24,24,24,24,24,24,24,24
695,6950,-19.24197,-19.10592,-19.33055,-2.315251,-19.18998,-20.98378,-18.3793,-6.898743,1.611452,3.938249,-2.614219,-13.99532,-21.8006,-19.46181,-18.61026,-19.41519,24,24,24,24,24,24,24,24,24,24,24,24,24,24,24,24,695,6950,-18.81745,-18.70199,3.535544,-7.239525,-0.2642928,-0.8590792,1.284249E-05,1.042984,-0.2588356,-0.128746,-1.182582,-4.013279E-05,0.2559797,0.6681996,-0.9635825,-0.5651435,24,24,24,24,24,24,24,24,24,24,24,24,24,24,24,24
696,6960,-18.88122,-18.0176,-18.9613,-2.071546,-19.18998,-20.61355,-19.2726,-7.274907,0.6205243,3.815179,-3.802503,-14.37355,-21.8006,-19.2231,-17.41796,-18.45101,24,24,24,24,24,24,24,24,24,24,24,24,24,24,24,24,696,6960,-18.54874,-18.96521,3.928383,-7.885911,-0.001651865,0.1226843,0.52241,-0.3911598,0.6471218,-0.6437306,-2.247436E-05,-4.013279E-05,0.1279979,0.1113813,-0.1204469,0.4520782,24,24,24,24,24,24,24,24,24,24,24,24,24,24,24,24
697,6970,-18.15973,-17.77575,-17.97664,-1.705989,-17.86237,-19.87307,-17.99645,-7.024131,2.230731,3.938249,-2.495391,-14.75177,-22.2767,-19.81987,-17.89488,-17.48683,24,24,24,24,24,24,24,24,24,24,24,24,24,24,24,24,697,6970,-19.08615,-17.51751,4.059331,-8.015189,0.39231,0.3681236,-0.2611858,0.521479,-0.6471026,-0.7724766,0.5255629,0.2693745,-0.3839279,0.4454723,-0.7226863,0.4520782,24,24,24,24,24,24,24,24,24,24,24,24,24,24,24,24
698,6980,-18.15973,-19.22685,-18.22281,-2.437103,-18.34513,-20.36672,-18.3793,-7.525682,1.363669,4.06132,-1.901248,-13.86925,-21.56255,-18.74568,-18.96796,-18.69205,24,24,24,24,24,24,24,24,24,24,24,24,24,24,24,24,698,6980,-18.54874,-18.96521,3.273654,-8.144466,0.129669,-0.4909171,0.130613,-0.6519169,-0.3882574,-0.5149847,-2.247436E-05,-0.2694531,0.6399236,-0.6681659,-0.6022386,-0.7911938,24,24,24,24,24,24,24,24,24,24,24,24,24,24,24,24
699,6990,-19.00147,-19.22685,-18.83822,-2.924513,-19.06928,-20.11989,-18.12407,-7.274907,1.487535,4.30746,-2.7331,-13.36495,-21.8006,-19.10375,-18.25257,-18.33048,24,24,24,24,24,24,24,24,24,24,24,24,24,24,24,24,699,6990,-18.9518,-19.36004,3.142705,-7.627357,-0.001651865,0.3681236,-0.783583,-0.1304059,0.7765469,0.1287468,-0.3942067,0.5387874,-0.5119081,0.5568359,-0.4817909,-0.2260696,24,24,24,24,24,24,24,24,24,24,24,24,24,24,24,24
700,7000,-19.36222,-18.38038,-18.59205,-2.437103,-18.58652,-21.60085,-17.86884,-7.65107,1.115937,2.953688,-3.208415,-14.87785,-22.63377,-20.65536,-18.96796,-18.20996,24,24,24,24,24,24,24,24,24,24,24,24,24,24,24,24,700,7000,-19.75792,-18.43878,3.273654,-8.015189,0.5236301,-0.9817988,-0.3917843,0.2607251,0.9059687,-0.128746,1.18254,-0.4041612,-0.5119081,0.1113813,0.2408966,-1.926374E-05,24,24,24,24,24,24,24,24,24,24,24,24,24,24,24,24
701,7010,-18.88122,-18.985,-18.22281,-2.437103,-18.70721,-20.49013,-17.99645,-7.149519,1.115937,4.5536,-3.208415,-14.24747,-22.27669,-18.62633,-19.32565,-19.29467,24,24,24,24,24,24,24,24,24,24,24,24,24,24,24,24,701,7010,-18.28003,-17.25429,3.535544,-7.885911,-0.1329728,-1.227238,-0.2611858,-0.1304059,-0.6471026,0.6437315,-0.6569993,-0.5388677,0.2559235,1.605311E-05,-0.9635825,-1.356318,24,24,24,24,24,24,24,24,24,24,24,24,24,24,24,24
702,7020,-18.76097,-18.985,-19.94596,-2.437103,-18.9486,-20.11989,-18.12407,-7.024131,1.859133,4.30746,-3.208415,-13.99532,-22.27669,-19.34245,-18.49103,-19.29467,24,24,24,24,24,24,24,24,24,24,24,24,24,24,24,24,702,7020,-17.74262,-17.91234,4.059331,-7.498079,-0.6582547,-0.1227549,1.284249E-05,-2.88956E-05,0.2588564,-0.3862379,-0.7883941,0.2693745,0.6398675,1.605311E-05,8.026557E-07,-0.113046,24,24,24,24,24,24,24,24,24,24,24,24,24,24,24,24
703,7030,-18.27998,-19.10592,-18.59205,-2.80266,-18.82791,-21.10719,-18.76214,-7.65107,0.6204729,3.569039,-2.970757,-13.99532,-22.15767,-19.34245,-17.53719,-19.53571,24,24,24,24,24,24,24,24,24,24,24,24,24,24,24,24,703,7030,-17.33957,-17.91234,3.666493,-8.402856,-0.5269346,0.3681236,0.52241,0.521479,0.1294331,-1.029969,-0.2628119,0.404081,-0.6399462,-0.3340749,-0.240946,0.2260311,24,24,24,24,24,24,24,24,24,24,24,24,24,24,24,24
704,7040,-18.03948,-17.53391,-17.60739,-2.193398,-18.22445,-19.13259,-17.86884,-6.271805,0.9920712,4.79974,-2.851929,-13.99532,-21.91962,-19.34245,-18.7295,-17.84839,24,24,24,24,24,24,24,24,24,24,24,24,24,24,24,24,704,7040,-18.54874,-17.64912,2.749866,-7.885911,0.5236301,0.1226843,-0.1305857,-2.88956E-05,-0.1294122,0.1287468,0.1313755,-0.4041612,-0.1280204,-0.2227113,0.1203975,3.852747E-05,24,24,24,24,24,24,24,24,24,24,24,24,24,24,24,24
705,7050,-18.03948,-18.38038,-17.73047,-1.827841,-18.58652,-19.37942,-17.74122,-6.397193,1.982999,3.445969,-2.257786,-14.1214,-20.61034,-18.62633,-18.13334,-18.33048,24,24,24,24,24,24,24,24,24,24,24,24,24,24,24,24,705,7050,-17.33957,-18.43878,2.880815,-7.756634,0.2609891,-0.4909171,0.3918115,-1.303802,1.123718E-05,0.1287468,0.2627702,-0.4041612,-4.013279E-05,-0.7795296,-0.6022896,0.2260856,24,24,24,24,24,24,24,24,24,24,24,24,24,24,24,24
706,7060,-17.55848,-18.74315,-18.34589,-2.924513,-18.58652,-20.49013,-18.25168,-7.024131,1.6114,3.692109,-2.376615,-14.24747,-21.08644,-19.10375,-18.3718,-19.05362,24,24,24,24,24,24,24,24,24,24,24,24,24,24,24,24,706,7060,-18.54874,-18.70199,3.535544,-8.015189,0.129669,-0.1227549,1.284249E-05,-0.52154,-0.1294122,0.5149855,-0.2628119,-4.013279E-05,-1.023892,0.1113813,-0.1204983,0.452136,24,24,24,24,24,24,24,24,24,24,24,24,24,24,24,24
707,7070,-18.64072,-17.89668,-19.45363,-1.827841,-18.82791,-19.99648,-19.14499,-7.525682,0.7443388,3.322899,-2.970757,-14.6257,-21.44352,-18.74568,-18.13334,-17.3663,24,24,24,24,24,24,24,24,24,24,24,24,24,24,24,24,707,7070,-19.2205,-18.30717,4.05937,-8.402856,1.180233,-0.4909171,-0.3917843,0.1303481,0.1294331,-0.5149847,0.1313755,-0.9429888,0.1279417,0.1113813,0.2408453,-0.2260118,24,24,24,24,24,24,24,24,24,24,24,24,24,24,24,24
708,7080,-18.03948,-17.53391,-17.85356,-1.584188,-17.98306,-19.00918,-18.50691,-7.400294,1.6114,3.322899,-2.495443,-14.75177,-21.44352,-19.46181,-18.7295,-17.96892,24,24,24,24,24,24,24,24,24,24,24,24,24,24,24,24,708,7080,-18.68309,-18.43878,3.404634,-7.368804,-0.1329728,-0.8590792,-0.1305857,1.042987,0.1294331,0.2574928,-0.6569993,0.2693745,0.1279417,-0.1113476,-1.204529,-0.9041627,24,24,24,24,24,24,24,24,24,24,24,24,24,24,24,24
709,7090,-18.64072,-18.5013,-19.08438,-1.949745,-18.34513,-20.86037,-18.12407,-7.274907,1.487535,4.18439,-2.020129,-13.99532,-21.80059,-19.34245,-19.32565,-18.57153,24,24,24,24,24,24,24,24,24,24,24,24,24,24,24,24,709,7090,-18.68309,-18.70199,3.535583,-8.015189,-0.7895764,0.1226843,0.3918115,0.2607251,-0.5176808,0,-0.6569993,0.404081,0.1279417,-0.7795296,-0.6022896,-0.2260118,24,24,24,24,24,24,24,24,24,24,24,24,24,24,24,24
710,7100,-19.84322,-18.5013,-18.9613,-1.827893,-19.43136,-20.36672,-18.50691,-7.400294,1.487535,4.30746,-2.614272,-14.37355,-22.51474,-19.58116,-18.49103,-18.69205,24,24,24,24,24,24,24,24,24,24,24,24,24,24,24,24,710,7100,-19.08615,-18.8336,3.666531,-8.402856,0.3923092,0.1226875,0.52241,0.2607251,0.1294331,-0.5149847,-0.1314172,-0.1347466,-0.6399462,0.3341087,-0.3613941,-0.2260118,24,24,24,24,24,24,24,24,24,24,24,24,24,24,24,24
711,7110,-19.12172,-19.58963,-19.45363,-2.680859,-19.67275,-23.45204,-19.14499,-8.654171,0.7443388,3.199829,-3.5649,-14.75177,-23.22889,-21.01342,-18.96796,-19.29467,24,24,24,24,24,24,24,24,24,24,24,24,24,24,24,24,711,7110,-20.83274,-19.36004,2.618956,-8.661049,0.2609883,0.3681268,-0.130584,-0.52154,-0.776526,0.1287468,-0.2628119,-4.013279E-05,-0.2560022,-0.5568023,-0.3613941,-0.1129882,24,24,24,24,24,24,24,24,24,24,24,24,24,24,24,24
712,7120,-19.00147,-18.985,-18.83822,-2.559007,-18.70721,-20.98378,-18.76214,-7.149518,0.8682054,4.79974,-2.851929,-14.1214,-22.87182,-18.74568,-19.08719,-20.13833,24,24,24,24,24,24,24,24,24,24,24,24,24,24,24,24,712,7120,-19.08615,-20.01809,3.404634,-7.627357,-0.001652668,-3.210623E-05,-0.2611825,-1.173425,0.2588564,0.7724774,-0.6569993,-4.013279E-05,-0.1280204,-0.1113476,-0.3613941,-0.3390386,24,24,24,24,24,24,24,24,24,24,24,24,24,24,24,24
713,7130,-19.36222,-19.10593,-19.33055,-2.19345,-19.79344,-21.35402,-18.88976,-6.898744,1.611452,4.06132,-2.7331,-14.87785,-22.63377,-20.17794,-19.32565,-18.9331,24,24,24,24,24,24,24,24,24,24,24,24,24,24,24,24,713,7130,-20.16097,-20.01809,3.928422,-6.59314,-0.3956145,0.2454072,-1.175378,-0.1304059,0.2588548,0.1287468,-0.6569993,0.2693745,-0.6399462,0.3341087,0.6021892,0.5651627,24,24,24,24,24,24,24,24,24,24,24,24,24,24,24,24
714,7140,-19.36222,-19.71055,-19.20746,-2.802711,-18.9486,-21.72426,-19.01737,-7.525681,0.4966584,3.569038,-2.970757,-14.49962,-21.44352,-19.81987,-18.3718,-20.25885,24,24,24,24,24,24,24,24,24,24,24,24,24,24,24,24,714,7140,-19.48921,-18.96521,4.714099,-7.756635,0.2609883,-0.7363531,0.1306145,0.391102,0.1294314,0.1287468,-2.247436E-05,-0.4041612,-0.2560022,1.605311E-05,-0.6022896,-0.4520621,24,24,24,24,24,24,24,24,24,24,24,24,24,24,24,24
715,7150,-19.24197,-18.86408,-19.45363,-2.071597,-19.67275,-20.24331,-18.88976,-7.651068,1.115988,3.938249,-3.683728,-14.6257,-23.34792,-20.536,-18.49103,-18.08944,24,24,24,24,24,24,24,24,24,24,24,24,24,24,24,24,715,7150,-19.89227,-18.70199,3.404634,-7.239526,-0.5269354,-0.3681942,0.2612146,1.042987,-0.1294138,0.3862387,-1.051187,0.2693745,0.3839054,1.605311E-05,-1.084081,-1.017186,24,24,24,24,24,24,24,24,24,24,24,24,24,24,24,24
716,7160,-18.40023,-18.25946,-19.08438,-2.559007,-18.70721,-20.86037,-18.12407,-7.400293,1.735318,3.199828,-2.138958,-14.6257,-21.44352,-19.93923,-18.84873,-19.17414,24,24,24,24,24,24,24,24,24,24,24,24,24,24,24,24,716,7160,-18.9518,-19.22843,3.273692,-8.531952,-0.5269354,-0.2454746,0.1306145,-0.52154,0.6471218,-0.7724766,-0.1314172,0.1346696,-0.2560022,0.3341087,0.1203975,-0.1129882,24,24,24,24,24,24,24,24,24,24,24,24,24,24,24,24
717,7170,-19.12172,-18.985,-19.08438,-1.827893,-18.46583,-21.10719,-18.50691,-7.274905,1.487586,4.06132,-2.614272,-15.13,-22.03864,-19.34245,-19.68334,-18.9331,24,24,24,24,24,24,24,24,24,24,24,24,24,24,24,24,717,7170,-19.89227,-18.8336,2.880853,-7.885912,-0.3956145,0.4908464,-0.7835798,-0.2607828,-0.388259,-0.128746,0.3941649,1.212325,-0.3839279,0.1113813,0.6021892,3.852747E-05,24,24,24,24,24,24,24,24,24,24,24,24,24,24,24,24
718,7180,-19.36222,-19.10593,-19.57671,-2.924564,-19.91413,-20.98378,-18.63453,-7.525681,1.239854,4.06132,-2.495443,-14.1214,-22.27669,-19.34245,-18.3718,-18.9331,24,24,24,24,24,24,24,24,24,24,24,24,24,24,24,24,718,7180,-18.68309,-19.49165,3.666531,-7.49808,0.7862711,0.3681268,0.7836119,-1.173425,0.3882767,0.1287468,-0.1314172,0.5387906,-0.255946,-0.5568023,-0.7227377,-0.3390386,24,24,24,24,24,24,24,24,24,24,24,24,24,24,24,24
719,7190,-18.40023,-18.62223,-18.22281,-2.437154,-18.22445,-20.98378,-18.3793,-7.776456,1.239854,2.707547,-2.7331,-15.38215,-22.39572,-20.41665,-18.3718,-18.57153,24,24,24,24,24,24,24,24,24,24,24,24,24,24,24,24,719,7190,-19.48921,-20.28131,4.190319,-7.49808,-0.5269354,0.2454072,-0.6529813,-0.3911598,0.1294314,0.3862387,-2.247436E-05,0.1346696,-0.8958536,0.4454723,0.2408966,0.452136,24,24,24,24,24,24,24,24,24,24,24,24,24,24,24,24
720,7200,-18.64072,-18.01761,-17.73047,-2.19345,-18.10376,-19.62624,-17.86884,-6.647968,1.115988,4.79974,-2.851929,-13.86925,-21.68157,-17.43278,-18.7295,-18.45101,24,24,24,24,24,24,24,24,24,24,24,24,24,24,24,24,720,7200,-20.02662,-18.57039,4.190319,-7.49808,0.3923092,-0.6136335,-0.130584,-2.88956E-05,0.2588548,-0.2574919,0.2627702,-0.8082791,-0.3839279,0.1113813,-0.240895,-0.3390931,24,24,24,24,24,24,24,24,24,24,24,24,24,24,24,24
721,7210,-18.40023,-18.13853,-18.09972,-1.827893,-18.46583,-19.74965,-18.3793,-7.02413,1.239854,3.938249,-2.614272,-14.37355,-22.03864,-19.58116,-17.65642,-18.20996,24,24,24,24,24,24,24,24,24,24,24,24,24,24,24,24,721,7210,-19.48921,-18.96521,2.749905,-8.402856,-0.7895764,-0.9817956,0.2612146,0.521479,-0.7765276,0.3862387,-1.182582,-0.134745,0.5119434,1.605311E-05,-1.08403,-0.9042205,24,24,24,24,24,24,24,24,24,24,24,24,24,24,24,24
722,7220,-17.91923,-18.5013,-18.09972,-3.168269,-17.98306,-20.73696,-18.12407,-7.02413,1.115988,3.815179,-2.851929,-13.86925,-21.08644,-18.86504,-17.65642,-18.57153,24,24,24,24,24,24,24,24,24,24,24,24,24,24,24,24,722,7220,-18.9518,-19.36004,3.273692,-7.885912,0.7862711,0.3681268,0.7836119,-0.2607828,0.3882767,-0.901223,-0.3942067,0.1346696,0.2559797,0.4454723,0.1204489,-0.3390931,24,24,24,24,24,24,24,24,24,24,24,24,24,24,24,24
723,7230,-18.15973,-18.13853,-17.97664,-2.19345,-18.34513,-19.256,-18.3793,-7.02413,0.4966584,3.692109,-3.683728,-13.99532,-21.80059,-18.98439,-18.13334,-17.60735,24,24,24,24,24,24,24,24,24,24,24,24,24,24,24,24,723,7230,-19.35486,-18.30717,2.357021,-8.919242,-0.001652668,0.4908464,-0.5223812,0.2607251,-0.9059494,-0.3862379,0.5255629,0.1346696,1.765843E-05,-0.2227113,0.3613443,0.4520782,24,24,24,24,24,24,24,24,24,24,24,24,24,24,24,24
724,7240,-17.79898,-17.53391,-17.85356,-1.949694,-17.86237,-19.37942,-17.61361,-7.02413,1.36372,4.184389,-2.376615,-14.37355,-20.72937,-18.62633,-17.89488,-17.60735,24,24,24,24,24,24,24,24,24,24,24,24,24,24,24,24,724,7240,-18.9518,-19.88648,3.535538,-7.627357,0.1296674,-0.2454746,0.3918132,-0.2607828,-0.7765276,0.1287468,0.3941649,0.1346696,0.3839616,-0.6681659,-0.7226863,-0.5651435,24,24,24,24,24,24,24,24,24,24,24,24,24,24,24,24
725,7250,-18.27998,-18.38038,-18.71513,-2.924513,-18.10376,-20.73696,-18.50691,-7.274905,1.36372,4.184389,-2.257786,-13.86925,-21.08644,-19.10375,-18.61027,-18.69205,24,24,24,24,24,24,24,24,24,24,24,24,24,24,24,24,725,7250,-20.29533,-20.28131,4.452164,-7.49808,-0.5269346,0.6135693,-0.3917827,-0.52154,9.631868E-06,-0.128746,-0.3942067,0.5387906,-0.8958536,0.1113813,0.1204489,0.2260311,24,24,24,24,24,24,24,24,24,24,24,24,24,24,24,24
726,7260,-18.40023,-17.89668,-18.71513,-2.924513,-18.58652,-20.24331,-18.63453,-7.776456,1.611452,3.569038,-2.614272,-14.37355,-21.68157,-18.98439,-18.25257,-17.96891,24,24,24,24,24,24,24,24,24,24,24,24,24,24,24,24,726,7260,-19.89227,-18.8336,3.928377,-8.273745,0.654951,-0.6135853,-0.2611825,0.6518559,-0.1294138,0,0.1313755,-0.8082791,0.1279979,0.1113813,-0.3613428,-0.2260696,24,24,24,24,24,24,24,24,24,24,24,24,24,24,24,24
727,7270,-18.15973,-18.25946,-18.09972,-1.827842,-18.22445,-20.36672,-17.99645,-7.776456,1.487586,2.830617,-2.970757,-15.13,-22.15767,-20.41665,-18.7295,-18.08944,24,24,24,24,24,24,24,24,24,24,24,24,24,24,24,24,727,7270,-19.2205,-19.09682,2.357021,-7.885912,-0.3956137,-0.7363049,0.130613,0.6518559,-0.388259,0.1287468,-0.6569993,0.1346696,1.765843E-05,1.605311E-05,-0.7226863,-0.2260696,24,24,24,24,24,24,24,24,24,24,24,24,24,24,24,24
728,7280,-18.88122,-19.10593,-19.20746,-2.315252,-19.06928,-21.35402,-18.76214,-7.901844,1.859184,4.184389,-3.089586,-14.37355,-22.51474,-18.74568,-19.56411,-18.45101,24,24,24,24,24,24,24,24,24,24,24,24,24,24,24,24,728,7280,-18.68309,-18.8336,3.797435,-7.756635,-0.3956137,0.1227357,0.130613,0.1303449,0.2588548,-0.7724766,-0.3942067,0.1346696,0.5119434,-0.2227113,0.2408966,-0.3390931,24,24,24,24,24,24,24,24,24,24,24,24,24,24,24,24
729,7290,-19.12172,-18.86408,-19.08438,-2.437104,-19.06928,-20.11989,-19.01737,-6.773356,1.36372,4.184389,-2.495443,-13.74317,-21.80059,-19.93923,-18.61027,-18.69205,24,24,24,24,24,24,24,24,24,24,24,24,24,24,24,24,729,7290,-20.16097,-19.88648,2.74986,-8.919242,0.2609891,0.2454553,-0.3917843,-0.260786,-0.2588324,-0.2574919,0.3941649,-0.2694515,-0.5119081,0.6681996,0.6022402,0.2260311,24,24,24,24,24,24,24,24,24,24,24,24,24,24,24,24
730,7300,-19.48247,-20.19425,-19.20746,-3.411923,-18.82791,-22.58815,-19.14499,-9.281108,0.4966584,2.830617,-3.5649,-15.88645,-23.58597,-22.08761,-19.56411,-19.77675,24,24,24,24,24,24,24,24,24,24,24,24,24,24,24,24,730,7300,-18.28003,-19.22843,3.666486,-6.334585,0.2609891,-0.1227036,0.130613,-1.173428,0.1294346,0.1287468,-2.247436E-05,-0.404158,0.2559797,-0.7795296,-0.3613428,-0.2260696,24,24,24,24,24,24,24,24,24,24,24,24,24,24,24,24
731,7310,-19.00147,-19.4687,-19.94596,-1.827842,-18.9486,-21.97109,-19.40022,-7.525681,0.4966584,4.06132,-3.208362,-15.00392,-23.22889,-20.05858,-19.20642,-19.17414,24,24,24,24,24,24,24,24,24,24,24,24,24,24,24,24,731,7310,-20.02662,-20.01809,4.583113,-8.144467,-0.6582547,-0.1227036,-0.3917843,-0.52154,0.3882799,0.3862387,-1.605311E-05,0.6734971,-1.151816,0.1113813,-0.3613428,0.1130043,24,24,24,24,24,24,24,24,24,24,24,24,24,24,24,24
732,7320,-19.96347,-19.10593,-19.33055,-1.584137,-19.67275,-21.60085,-18.63453,-6.898744,1.859184,3.692109,-2.495391,-16.1386,-22.63377,-21.61019,-19.80257,-19.05362,24,24,24,24,24,24,24,24,24,24,24,24,24,24,24,24,732,7320,-19.89227,-19.09682,3.666486,-7.756635,0.654951,-0.6135853,-0.5223843,-0.260786,0.1294346,0,0.1313787,-0.4041612,-0.3839279,0.222745,-0.8431344,-0.2260696,24,24,24,24,24,24,24,24,24,24,24,24,24,24,24,24
733,7330,-19.84322,-20.31517,-20.3152,-2.558956,-19.79344,-22.58815,-19.2726,-8.027231,1.239854,3.815179,-2.614219,-14.37355,-22.27669,-19.93923,-18.84873,-20.37937,24,24,24,24,24,24,24,24,24,24,24,24,24,24,24,24,733,7330,-19.35486,-18.8336,2.357021,-7.885912,0.2609891,-1.104467,0.52241,0.5214757,-0.5176792,0,-1.313973,-0.4041612,0.3839054,1.605311E-05,-1.08403,-0.6781702,24,24,24,24,24,24,24,24,24,24,24,24,24,24,24,24
734,7340,-19.48247,-19.22685,-19.82287,-2.315252,-19.91413,-20.98378,-19.14499,-7.400293,0.001194352,3.692109,-4.277819,-15.25607,-23.10987,-20.65536,-19.44488,-19.29466,24,24,24,24,24,24,24,24,24,24,24,24,24,24,24,24,734,7340,-18.81745,-19.62326,4.190274,-8.144467,-0.001651865,0.3681749,1.284249E-05,-0.260786,0.5177033,-1.287461,-0.6569929,0.6734955,-0.3839841,0.1113829,8.026557E-07,-0.113046,24,24,24,24,24,24,24,24,24,24,24,24,24,24,24,24
735,7350,-19.36222,-19.34778,-19.69979,-2.680809,-19.43136,-22.0945,-19.01737,-8.027231,1.735318,2.953688,-2.733047,-15.50822,-22.63377,-20.65536,-19.44488,-19.29466,24,24,24,24,24,24,24,24,24,24,24,24,24,24,24,24,735,7350,-20.42968,-18.8336,4.059325,-8.402856,0.5236301,0.7363371,-0.2611858,0.9126067,-0.3882558,-0.901223,0.1313787,0.2693745,0.1279417,0.2227466,0.3612934,0.2260311,24,24,24,24,24,24,24,24,24,24,24,24,24,24,24,24
736,7360,-18.15973,-18.74315,-18.34588,-2.315252,-18.82791,-20.73696,-17.61361,-7.400293,1.98305,4.06132,-3.089533,-14.75177,-23.22889,-19.58116,-19.08719,-19.77675,24,24,24,24,24,24,24,24,24,24,24,24,24,24,24,24,736,7360,-18.81745,-19.75487,3.797435,-8.015189,0.5236301,-0.6135853,0.9142088,-1.173428,-0.2588324,0.1287468,0.3941714,0.404081,-4.013279E-05,-0.3340717,-0.240946,-0.791136,24,24,24,24,24,24,24,24,24,24,24,24,24,24,24,24
737,7370,-19.24197,-19.9524,-19.33055,-3.046366,-19.79344,-20.98378,-18.88976,-7.149518,1.115988,4.06132,-2.851876,-14.1214,-22.15767,-19.46181,-19.08719,-19.29466,24,24,24,24,24,24,24,24,24,24,24,24,24,24,24,24,737,7370,-20.02662,-19.62326,4.583113,-7.49808,-0.3956137,0.4908946,-0.5223843,-0.260786,1.035394,0.5149855,-0.1314108,0.2693745,-1.151872,-0.1113444,-0.1204983,0.7912098,24,24,24,24,24,24,24,24,24,24,24,24,24,24,24,24
738,7380,-18.76097,-19.58963,-18.83821,-3.168218,-18.9486,-21.97109,-19.2726,-8.027231,0.1250606,2.461407,-3.564847,-15.6343,-22.63377,-20.29729,-18.49103,-19.65623,24,24,24,24,24,24,24,24,24,24,24,24,24,24,24,24,738,7380,-19.75792,-19.22843,4.583113,-7.885912,0.7862719,-0.6135853,-0.5223843,-0.260786,-0.1294106,0.1287468,-0.1314108,-0.2694531,-0.5119659,0.3341102,-0.1204983,-0.4520621,24,24,24,24,24,24,24,24,24,24,24,24,24,24,24,24
739,7390,-18.03948,-18.5013,-19.20746,-2.193399,-19.18998,-20.36672,-17.99645,-7.149518,1.36372,4.30746,-3.564847,-14.37355,-23.58597,-19.70052,-18.84873,-18.9331,24,24,24,24,24,24,24,24,24,24,24,24,24,24,24,24,739,7390,-19.89227,-19.62326,2.749911,-8.273745,-0.5269346,-1.104467,0.52241,0.6518527,0.2588581,0.3862387,-0.6569929,-0.4041612,0.3839054,-0.2227081,-0.9636331,-0.791136,24,24,24,24,24,24,24,24,24,24,24,24,24,24,24,24
740,7400,-18.64073,-18.985,-19.20746,-1.705989,-19.43136,-20.86037,-19.14499,-7.149518,1.487586,4.184389,-3.089533,-15.25607,-22.27669,-20.29729,-18.61027,-19.53571,24,24,24,24,24,24,24,24,24,24,24,24,24,24,24,24,740,7400,-19.2205,-18.8336,3.797486,-6.980972,-0.3956137,-0.1227036,0.3918115,-3.210623E-05,0.3882799,-0.6437306,-0.7883909,-0.2694531,0.3839054,-0.3340717,-5.056731E-05,-0.3390386,24,24,24,24,24,24,24,24,24,24,24,24,24,24,24,24
741,7410,-19.48247,-19.4687,-18.9613,-2.802661,-19.06928,-21.47743,-18.76214,-7.525681,1.239854,3.692109,-2.614219,-14.49962,-22.27669,-20.536,-19.44488,-20.13832,24,24,24,24,24,24,24,24,24,24,24,24,24,24,24,24,741,7410,-18.81745,-18.70199,3.273699,-7.756635,0.39231,0.7363371,-0.783583,0.2607218,1.284249E-05,-1.287461,0.1313787,0.808202,-0.6399462,1.926374E-05,0.7226369,3.852747E-05,24,24,24,24,24,24,24,24,24,24,24,24,24,24,24,24
742,7420,-19.24197,-18.86408,-20.3152,-1.827842,-19.91413,-20.98378,-19.65545,-7.776456,0.4966584,3.692109,-4.277819,-15.25607,-22.87182,-20.05858,-18.84873,-19.77675,24,24,24,24,24,24,24,24,24,24,24,24,24,24,24,24,742,7420,-18.81745,-19.09682,3.404641,-7.756635,0.39231,0.3681268,1.284249E-05,-0.1304091,-0.1294106,-0.128746,0.1313787,0.404081,1.279775,-0.1113444,-0.3613941,-0.1129882,24,24,24,24,24,24,24,24,24,24,24,24,24,24,24,24
743,7430,-18.88122,-18.62223,-18.71513,-1.827842,-18.46583,-21.60085,-18.25168,-8.027231,0.8682567,3.199828,-2.614219,-15.25607,-22.87182,-21.37148,-19.68334,-19.17414,24,24,24,24,24,24,24,24,24,24,24,24,24,24,24,24,743,7430,-18.81745,-19.36004,4.714106,-6.980972,-0.6582547,-3.210623E-05,-0.130584,-1.173428,0.5177033,0.3862387,-1.605311E-05,0.5387874,-0.5119659,-0.3340717,-0.3613941,3.852747E-05,24,24,24,24,24,24,24,24,24,24,24,24,24,24,24,24
744,7440,-19.24197,-19.83147,-20.3152,-2.193399,-20.03482,-21.97109,-19.2726,-7.651069,1.611452,3.445969,-3.564847,-14.87785,-23.58597,-20.77471,-20.51796,-19.89728,24,24,24,24,24,24,24,24,24,24,24,24,24,24,24,24,744,7440,-19.62356,-19.22843,3.928428,-7.885912,0.129669,-0.3681942,-0.130584,-0.5214886,0.2588581,0.1287468,0.2627766,-0.2694531,-0.3839841,-0.2227081,-5.056731E-05,3.852747E-05,24,24,24,24,24,24,24,24,24,24,24,24,24,24,24,24
745,7450,-19.84322,-19.83147,-19.69979,-3.046366,-20.03482,-21.35402,-19.78306,-8.152619,1.239854,3.815179,-3.32719,-15.00392,-22.39572,-19.70052,-18.7295,-20.13832,24,24,24,24,24,24,24,24,24,24,24,24,24,24,24,24,745,7450,-19.08615,-18.8336,3.404641,-7.110249,0.39231,-1.349954,0.2612146,0.782281,-0.5176824,0.5149855,-1.605311E-05,-0.5388677,0.2559235,0.3341102,-0.9636331,-0.9041627,24,24,24,24,24,24,24,24,24,24,24,24,24,24,24,24
746,7460,-18.52048,-19.58963,-19.45363,-2.802661,-19.55206,-22.34133,-18.76214,-8.779558,0.9921225,2.338337,-3.208362,-15.25607,-23.22889,-21.8489,-19.32565,-19.29466,24,24,24,24,24,24,24,24,24,24,24,24,24,24,24,24,746,7460,-19.62356,-18.8336,3.797486,-8.144467,-0.5269346,0.3681268,0.3918132,-0.1303577,0.3882767,0.2574928,-1.05118,-4.013279E-05,-4.013279E-05,-0.2227081,-0.4818418,0.1130621,24,24,24,24,24,24,24,24,24,24,24,24,24,24,24,24
747,7470,-19.24197,-19.10593,-18.71513,-2.558956,-19.43136,-21.47743,-19.01737,-7.274906,0.7443901,4.184389,-2.851875,-14.1214,-22.51474,-18.86504,-19.20642,-19.89728,24,24,24,24,24,24,24,24,24,24,24,24,24,24,24,24,747,7470,-19.08615,-19.36004,4.583164,-8.402856,0.129669,-0.2454746,-0.5223812,0.912658,-0.388259,-0.3862379,0.6569608,0.134668,0.2559235,0.4454755,-0.4818418,3.852747E-05,24,24,24,24,24,24,24,24,24,24,24,24,24,24,24,24
748,7480,-19.36222,-19.58963,-19.69979,-1.705989,-19.79344,-21.10719,-18.76214,-7.400293,0.3727926,3.938249,-3.089532,-15.6343,-22.87182,-20.41665,-19.08719,-19.29466,24,24,24,24,24,24,24,24,24,24,24,24,24,24,24,24,748,7480,-18.68309,-18.8336,3.14275,-7.239526,0.2609891,0.1226875,0.5224133,-0.6518688,-0.5176824,0,0.6569608,-0.404158,0.7678493,0.3341102,0.1203975,0.1130621,24,24,24,24,24,24,24,24,24,24,24,24,24,24,24,24
749,7490,-18.40023,-19.4687,-18.71513,-2.680809,-18.82791,-22.46474,-19.01737,-8.027232,0.6205243,2.830617,-3.089532,-15.00392,-23.10987,-20.41665,-18.7295,-19.65623,24,24,24,24,24,24,24,24,24,24,24,24,24,24,24,24,749,7490,-19.2205,-20.28131,3.797486,-8.015189,0.39231,0.4908464,-0.2611825,-0.9126227,-0.1294138,0.1287468,-0.3942035,0.4040841,-0.5119627,-0.5567991,-5.056731E-05,-0.1129882,24,24,24,24,24,24,24,24,24,24,24,24,24,24,24,24
750,7500,-18.88122,-19.4687,-19.20746,-2.437104,-20.03482,-21.47743,-19.01737,-7.149518,0.7443901,4.06132,-4.158988,-15.6343,-23.34792,-20.29729,-19.20642,-18.9331,24,24,24,24,24,24,24,24,24,24,24,24,24,24,24,24,750,7500,-19.35486,-17.91234,4.059377,-7.110249,0.129669,-0.4909138,-0.6529813,0.1303962,0.5177001,0,0.5255661,-0.2694515,-0.2560006,-0.1112962,0.3612934,-0.2260118,24,24,24,24,24,24,24,24,24,24,24,24,24,24,24,24
751,7510,-18.88122,-18.86408,-19.45363,-1.705989,-19.31067,-21.10719,-19.01737,-7.400293,0.7443901,3.445969,-2.257732,-15.13,-22.39572,-20.29729,-18.49103,-18.9331,24,24,24,24,24,24,24,24,24,24,24,24,24,24,24,24,751,7510,-19.48921,-19.36004,3.928428,-8.273745,0.2609891,-0.6136335,0.1306145,0.5215271,-0.388259,0.1287468,-0.3942035,-1.481815,-3.692216E-05,0.1114327,-0.8431344,-0.4520621,24,24,24,24,24,24,24,24,24,24,24,24,24,24,24,24
752,7520,-19.00147,-19.71055,-18.9613,-2.680809,-19.06928,-21.35402,-17.99645,-7.400293,1.239854,3.569038,-2.970703,-15.00392,-22.15767,-19.58116,-18.61026,-20.13833,24,24,24,24,24,24,24,24,24,24,24,24,24,24,24,24,752,7520,-19.48921,-19.09682,3.535589,-7.110249,-0.3956137,-0.6136335,-0.130584,0.1303962,9.631868E-06,-0.2574919,-0.6569929,-3.692216E-05,-3.692216E-05,-0.6681145,-0.240895,-0.9042205,24,24,24,24,24,24,24,24,24,24,24,24,24,24,24,24
753,7530,-18.88122,-18.86408,-19.69979,-1.827842,-20.27621,-21.60085,-20.03829,-7.651069,0.6205243,4.184389,-3.564845,-15.50822,-23.46694,-20.89406,-18.96796,-18.08944,24,24,24,24,24,24,24,24,24,24,24,24,24,24,24,24,753,7530,-18.54874,-18.30717,4.321267,-7.885912,0.129669,-0.1227517,0.3918132,0.2607732,0.6471218,-1.029969,-1.605311E-05,0.1346696,0.2559268,0.1114327,-0.240895,-1.926374E-05,24,24,24,24,24,24,24,24,24,24,24,24,24,24,24,24
754,7540,-19.24197,-19.22685,-19.20746,-1.462285,-19.18998,-21.23061,-18.88976,-7.274906,1.611452,3.692109,-2.733046,-15.00392,-22.51474,-21.13277,-19.68334,-19.41519,24,24,24,24,24,24,24,24,24,24,24,24,24,24,24,24,754,7540,-20.02662,-19.09682,3.666538,-7.239526,-0.1329728,0.8590086,-0.2611825,0.1303962,-1.294218,0.1287468,0.6569608,0.2693761,-3.692216E-05,0.5568873,0.3613443,-1.926374E-05,24,24,24,24,24,24,24,24,24,24,24,24,24,24,24,24
755,7550,-20.08372,-20.07332,-19.94596,-2.315252,-19.55206,-21.72426,-19.14499,-7.149518,1.859184,3.938249,-2.614218,-14.6257,-22.63377,-19.70052,-19.56411,-20.13833,24,24,24,24,24,24,24,24,24,24,24,24,24,24,24,24,755,7550,-18.81744,-19.62326,3.666538,-7.885912,0.129669,0.3681268,0.3918132,-0.7822458,0.3882767,0,-1.605311E-05,-0.5388645,0.2559268,-0.6681145,-0.6022386,-0.7911938,24,24,24,24,24,24,24,24,24,24,24,24,24,24,24,24
756,7560,-19.48247,-19.34777,-21.0537,-1.827893,-20.3969,-22.0945,-19.14499,-7.525681,1.239854,3.815179,-2.733046,-15.00392,-22.87182,-19.70052,-19.32565,-19.29467,24,24,24,24,24,24,24,24,24,24,24,24,24,24,24,24,756,7560,-20.29533,-19.88648,4.059377,-7.885912,-0.3956137,0.7362889,-0.5223812,-0.1303577,0.2588548,-0.2574919,-0.3942035,-0.134745,-1.15187,-0.4453872,0.3613443,0.3390546,24,24,24,24,24,24,24,24,24,24,24,24,24,24,24,24
757,7570,-19.12172,-19.34777,-19.08438,-2.071597,-19.06929,-20.86037,-18.3793,-7.525681,0.7443901,3.569038,-2.733046,-15.00392,-22.51474,-21.37148,-19.56411,-19.05362,24,24,24,24,24,24,24,24,24,24,24,24,24,24,24,24,757,7570,-19.2205,-18.96521,3.666538,-7.885912,0.2609883,-0.9817956,0.5224133,0.5215271,-0.2588356,-0.128746,-0.1314108,-0.5388645,-3.692216E-05,0.1114327,0.1204489,-0.6781702,24,24,24,24,24,24,24,24,24,24,24,24,24,24,24,24
758,7580,-19.36222,-19.83147,-20.06904,-2.19345,-19.55206,-22.21791,-19.01737,-7.901844,0.9921225,3.815179,-3.089532,-15.00392,-22.63377,-20.17793,-20.27949,-19.89728,24,24,24,24,24,24,24,24,24,24,24,24,24,24,24,24,758,7580,-19.48921,-18.8336,3.404641,-7.110249,-0.9208973,-0.6135853,-0.130584,0.1303962,9.631868E-06,0.1287468,-0.7883909,0.4040841,0.1279449,6.742308E-05,-0.3613428,-0.9042205,24,24,24,24,24,24,24,24,24,24,24,24,24,24,24,24
759,7590,-20.08372,-18.86407,-19.94596,-2.315302,-19.79344,-21.47743,-18.63453,-6.773355,2.230783,4.43053,-3.089532,-14.24747,-22.27669,-19.46181,-18.96796,-19.65623,24,24,24,24,24,24,24,24,24,24,24,24,24,24,24,24,759,7590,-18.81744,-19.88648,4.190325,-9.048338,-0.001652668,0.2454553,-0.130584,0.1303962,-0.5176824,-1.158715,-1.605311E-05,0.1346696,-0.5119627,0.2227964,-0.3613428,-0.2260696,24,24,24,24,24,24,24,24,24,24,24,24,24,24,24,24
760,7600,-18.40023,-19.71055,-19.45363,-2.19345,-18.94861,-22.95839,-18.88976,-7.525682,0.9921225,2.584477,-3.327188,-14.75177,-22.51474,-20.41665,-18.7295,-19.17414,24,24,24,24,24,24,24,24,24,24,24,24,24,24,24,24,760,7600,-18.9518,-18.57039,3.797486,-6.722417,0.1296674,0.2454553,1.605311E-05,-0.2607828,9.631868E-06,-0.2574919,0.9197535,-0.134745,0.5118889,-0.8908418,0.3613443,-1.926374E-05,24,24,24,24,24,24,24,24,24,24,24,24,24,24,24,24
761,7610,-18.52048,-18.5013,-18.9613,-2.19345,-19.06929,-20.61354,-18.12407,-6.898744,1.487535,4.67667,-3.564845,-14.49962,-22.39572,-18.98439,-18.84872,-19.05362,24,24,24,24,24,24,24,24,24,24,24,24,24,24,24,24,761,7610,-18.54874,-20.28131,4.976003,-7.110249,-0.9208973,-0.2454264,-0.130584,-0.9126709,0.2588548,0.6437315,-1.605311E-05,-0.134745,-0.2560006,-0.2226599,-0.3613428,-0.113046,24,24,24,24,24,24,24,24,24,24,24,24,24,24,24,24
762,7620,-18.64073,-18.74315,-18.83821,-1.70604,-19.06929,-20.49013,-18.25168,-7.274907,1.487535,4.184389,-3.446017,-14.37355,-21.80059,-20.17793,-18.7295,-18.45101,24,24,24,24,24,24,24,24,24,24,24,24,24,24,24,24,762,7620,-19.2205,-19.09682,4.714106,-7.627357,-0.1329736,-0.4908657,-1.305977,-0.6519169,0.5177001,0.1287468,0.3941714,-0.134745,-0.7679248,-0.2226599,-0.240895,0.1130043,24,24,24,24,24,24,24,24,24,24,24,24,24,24,24,24
763,7630,-18.64073,-19.58962,-18.34588,-2.802711,-19.06929,-21.60085,-18.63453,-7.400294,0.7443388,3.938249,-2.970704,-14.6257,-21.56254,-18.98439,-17.89488,-19.77676,24,24,24,24,24,24,24,24,24,24,24,24,24,24,24,24,763,7630,-18.9518,-18.04395,3.928428,-7.368804,-0.1329736,-1.104467,-0.2611825,-0.1304059,-0.388259,0.6437315,-0.3942067,-1.077694,0.1279449,0.4455237,-1.08403,-0.4521199,24,24,24,24,24,24,24,24,24,24,24,24,24,24,24,24
764,7640,-18.88122,-18.985,-18.83821,-1.827893,-19.43137,-20.73696,-19.52783,-7.525682,0.6204729,3.569039,-3.32719,-15.76037,-23.82402,-21.25213,-19.68334,-18.45101,24,24,24,24,24,24,24,24,24,24,24,24,24,24,24,24,764,7640,-20.02662,-20.1497,4.583164,-8.144467,-0.9208973,0.1227357,1.605311E-05,-0.2607828,0.3882767,-0.6437306,-1.051187,-0.2694515,-3.692216E-05,0.1114327,-0.1204469,0.3390546,24,24,24,24,24,24,24,24,24,24,24,24,24,24,24,24
765,7650,-18.88122,-18.62223,-19.08438,-1.584188,-19.06929,-21.35402,-19.01737,-6.898744,1.487535,4.676671,-2.733047,-15.13,-21.68157,-20.536,-18.96796,-19.77676,24,24,24,24,24,24,24,24,24,24,24,24,24,24,24,24,765,7650,-19.89227,-19.22843,3.666538,-7.627357,0.6549502,0.8590567,-0.130584,-0.1304059,9.631868E-06,-0.2574919,0.2627702,0.2693761,-0.3839792,0.5568873,8.026557E-07,0.2260311,24,24,24,24,24,24,24,24,24,24,24,24,24,24,24,24
766,7660,-19.36222,-19.83147,-18.9613,-2.19345,-18.82791,-21.35402,-18.50691,-7.400294,1.982999,3.445969,-2.851876,-15.6343,-22.75279,-19.93923,-19.32565,-19.89728,24,24,24,24,24,24,24,24,24,24,24,24,24,24,24,24,766,7660,-20.69838,-20.41292,3.666538,-7.49808,0.3923092,1.605311E-05,0.2612146,-0.6519169,0.2588548,-0.3862379,-0.1314172,-0.404158,0.6398723,-0.2227113,-0.240895,-0.4521199,24,24,24,24,24,24,24,24,24,24,24,24,24,24,24,24
767,7670,-19.84322,-19.34777,-19.94596,-2.19345,-19.79344,-21.35402,-19.40022,-7.901845,0.9920712,3.938249,-3.208362,-14.75177,-22.03864,-19.2231,-18.49103,-18.57153,24,24,24,24,24,24,24,24,24,24,24,24,24,24,24,24,767,7670,-19.62356,-19.88648,4.059377,-7.368804,-0.001652668,0.1227357,-0.130584,-0.7822939,9.631868E-06,1.02997,-0.5256046,-3.692216E-05,-0.6399413,-0.5568023,-0.240895,0.2260311,24,24,24,24,24,24,24,24,24,24,24,24,24,24,24,24
768,7680,-18.27998,-19.22685,-18.46897,-1.827893,-18.22445,-20.73696,-18.50691,-7.400294,1.487535,3.569039,-2.970704,-15.13,-21.91962,-20.41665,-18.61027,-18.69205,24,24,24,24,24,24,24,24,24,24,24,24,24,24,24,24,768,7680,-20.56403,-19.49165,5.368842,-8.273745,0.5236293,-0.6135853,-1.305977,0.391102,0.3882767,0,0.1313755,-0.6735726,0.1279465,1.605311E-05,-0.240895,-0.4521199,24,24,24,24,24,24,24,24,24,24,24,24,24,24,24,24
769,7690,-18.03948,-18.5013,-18.59205,-2.071597,-18.70722,-19.87306,-17.48599,-7.400294,1.735267,4.5536,-3.446018,-13.99532,-22.51474,-19.2231,-19.08719,-18.45101,24,24,24,24,24,24,24,24,24,24,24,24,24,24,24,24,769,7690,-19.75792,-20.1497,3.797486,-7.239526,-0.3956145,-0.4908657,1.605311E-05,0.6518559,-0.388259,0.5149855,-0.6569993,-0.134745,-3.371154E-05,1.605311E-05,-1.204478,-0.9042205,24,24,24,24,24,24,24,24,24,24,24,24,24,24,24,24
770,7700,-19.00147,-19.22685,-19.45363,-2.315302,-19.55206,-20.11989,-18.50691,-6.647968,1.859133,4.43053,-2.851876,-14.75177,-22.51474,-20.05858,-19.20642,-19.53571,24,24,24,24,24,24,24,24,24,24,24,24,24,24,24,24,770,7700,-19.89227,-19.75487,4.190325,-7.239526,-0.3956145,-0.4908657,0.5224133,-0.1304059,0.3882767,-0.5149847,-0.2628119,-0.2694515,0.895836,-0.6681659,-0.1204469,0.1130043,24,24,24,24,24,24,24,24,24,24,24,24,24,24,24,24
771,7710,-19.00147,-19.58962,-18.83821,-3.290121,-19.79344,-22.58815,-20.03829,-8.403396,0.3727413,3.322898,-3.32719,-15.25607,-22.75279,-19.93923,-18.96796,-19.77676,24,24,24,24,24,24,24,24,24,24,24,24,24,24,24,24,771,7710,-19.89227,-20.01809,4.452164,-8.144467,0.3923092,0.2454553,-0.5223812,0.521479,-0.5176824,-0.5149847,0.1313755,0.4040841,-0.5119595,0.3341087,0.2408966,0.2260311,24,24,24,24,24,24,24,24,24,24,24,24,24,24,24,24
772,7720,-18.27997,-18.74315,-19.82287,-1.827893,-19.55206,-20.36672,-18.63453,-6.271805,0.8682054,4.79974,-3.921332,-15.25607,-22.87182,-20.05858,-18.61027,-19.17414,24,24,24,24,24,24,24,24,24,24,24,24,24,24,24,24,772,7720,-19.35486,-20.01809,3.535538,-7.239526,0.2609883,-0.3681461,0.5224133,-1.043048,9.631868E-06,0,0.1313755,0.1346696,0.5118921,-0.4454386,-0.240895,-0.7911938,24,24,24,24,24,24,24,24,24,24,24,24,24,24,24,24
773,7730,-18.76097,-18.985,-19.57671,-1.827893,-19.43137,-21.47743,-18.76214,-7.400294,1.859133,3.815179,-2.970704,-15.38215,-22.27669,-21.25213,-19.9218,-18.45101,24,24,24,24,24,24,24,24,24,24,24,24,24,24,24,24,773,7730,-19.35486,-20.67614,4.452164,-7.239526,-0.001651865,0.1227357,0.1306145,-1.043048,9.631868E-06,0.5149855,-0.5256046,0.8082036,-0.2559974,-0.1113476,-0.1204469,-0.2260696,24,24,24,24,24,24,24,24,24,24,24,24,24,24,24,24
774,7740,-19.36222,-18.86407,-19.57671,-2.19345,-19.18998,-21.35402,-18.63453,-7.400294,1.735267,4.30746,-2.020077,-14.87785,-22.51474,-19.46181,-19.20642,-19.89728,24,24,24,24,24,24,24,24,24,24,24,24,24,24,24,24,774,7740,-20.02662,-19.88648,4.845003,-8.015189,0.2609891,-0.6135853,-0.6529813,-2.88956E-05,0.5177001,-0.7724766,0.3941649,-0.404158,-0.2559974,1.605311E-05,-0.4817909,0.1130043,24,24,24,24,24,24,24,24,24,24,24,24,24,24,24,24
775,7750,-19.96347,-19.4687,-20.06904,-2.437154,-20.5176,-21.35402,-19.65545,-7.776457,1.487535,4.30746,-2.851876,-14.87785,-23.22889,-20.17793,-19.56411,-19.41519,24,24,24,24,24,24,24,24,24,24,24,24,24,24,24,24,775,7750,-19.08615,-19.22843,4.059325,-7.110249,0.129669,-0.7363049,0.5224614,0.9126099,-1.294218,0.1287468,-0.9197921,-0.134745,-3.371154E-05,0.222745,-0.6022386,-1.017244,24,24,24,24,24,24,24,24,24,24,24,24,24,24,24,24
776,7760,-18.76097,-18.86407,-18.9613,-2.19345,-18.70722,-20.86037,-18.12407,-8.403396,1.363669,3.322898,-2.733047,-15.00392,-22.63377,-21.13277,-18.7295,-18.69205,24,24,24,24,24,24,24,24,24,24,24,24,24,24,24,24,776,7760,-19.08615,-19.36004,4.321216,-8.402856,-0.6582547,-0.4908657,0.6530615,-2.88956E-05,9.631868E-06,-0.901223,-0.1314172,0.8082036,0.1279465,-0.1113476,0.1204489,-0.3390931,24,24,24,24,24,24,24,24,24,24,24,24,24,24,24,24
777,7770,-18.88122,-18.62223,-18.59205,-2.19345,-18.70722,-20.11989,-17.10315,-7.400294,1.735267,5.045881,-3.208362,-14.37355,-22.51474,-19.2231,-19.56411,-19.29467,24,24,24,24,24,24,24,24,24,24,24,24,24,24,24,24,777,7770,-19.75792,-19.36004,3.928377,-8.661049,-0.001651865,0.6136174,-0.1305343,0.2607251,-0.258834,-0.7724766,-0.1314172,0.1346696,-0.1280155,0.222745,-0.1204469,0.3390546,24,24,24,24,24,24,24,24,24,24,24,24,24,24,24,24
778,7780,-19.12172,-19.9524,-19.82287,-1.949745,-20.03482,-21.23061,-18.63453,-7.274907,1.735267,3.445969,-2.733047,-14.87785,-22.15767,-18.26826,-18.3718,-18.9331,24,24,24,24,24,24,24,24,24,24,24,24,24,24,24,24,778,7780,-18.81745,-19.49165,3.666486,-7.110249,0.7862719,-0.3681461,0.1306643,-0.2607828,-0.1294122,0.1287468,1.051145,-0.5388645,0.3839102,-0.3340749,-0.3613428,-1.926374E-05,24,24,24,24,24,24,24,24,24,24,24,24,24,24,24,24
779,7790,-18.40022,-19.22685,-18.71513,-2.924564,-18.58653,-22.0945,-18.63453,-8.15262,0.7443388,3.199828,-3.089586,-15.25607,-22.63377,-20.17793,-18.49103,-18.9331,24,24,24,24,24,24,24,24,24,24,24,24,24,24,24,24,779,7790,-20.83274,-20.93936,4.321216,-8.273745,-0.001651865,0.4908946,6.421245E-05,0.2607251,0.3882783,0.2574928,0.2627766,-0.134745,-0.3839792,-0.2227113,-0.1204469,0.4520782,24,24,24,24,24,24,24,24,24,24,24,24,24,24,24,24
780,7800,-18.64072,-19.10592,-18.59205,-1.584188,-19.06929,-20.49013,-18.3793,-7.525682,1.239803,5.045881,-2.495443,-13.23887,-22.63377,-18.62633,-18.96796,-19.05362,24,24,24,24,24,24,24,24,24,24,24,24,24,24,24,24,780,7800,-20.02662,-19.75487,4.321216,-7.756635,0.129669,-1.472626,0.3918629,-0.52154,0.3882783,0,0.2627766,-0.9429888,-0.1280155,1.605311E-05,-0.3613428,-0.4521199,24,24,24,24,24,24,24,24,24,24,24,24,24,24,24,24
781,7810,-18.52047,-18.86407,-19.33055,-2.071597,-19.06929,-20.36672,-18.88976,-7.400294,1.735267,3.692109,-2.614272,-15.00392,-21.91962,-20.536,-19.32565,-18.81258,24,24,24,24,24,24,24,24,24,24,24,24,24,24,24,24,781,7810,-20.02662,-20.54453,3.535538,-7.368804,-0.2642928,-0.9817474,0.3918629,0.9126099,-0.3882574,0,-0.6569929,-0.1347466,0.1279449,0.3341087,-0.1204469,-0.5651435,24,24,24,24,24,24,24,24,24,24,24,24,24,24,24,24
782,7820,-18.88122,-20.07332,-19.08438,-2.315302,-19.31067,-22.46474,-18.76214,-7.525682,0.8682054,3.692109,-2.020129,-14.6257,-21.91962,-20.17794,-18.7295,-19.53571,24,24,24,24,24,24,24,24,24,24,24,24,24,24,24,24,782,7820,-21.5045,-21.46579,4.059325,-7.885912,-0.6582547,0.1227357,0.7836601,-0.1304059,0.5177017,-0.901223,-0.1314108,0.2693745,0.2559268,1.926374E-05,-0.3613428,-0.2260696,24,24,24,24,24,24,24,24,24,24,24,24,24,24,24,24
783,7830,-19.24197,-19.4687,-19.33055,-1.462335,-20.27621,-21.84767,-20.42114,-7.525682,0.7443388,4.676671,-3.683728,-15.00392,-24.65719,-20.77471,-20.04103,-18.57153,24,24,24,24,24,24,24,24,24,24,24,24,24,24,24,24,783,7830,-20.83274,-20.41292,3.142699,-8.402856,0.129669,0.7363371,-0.6529315,0.391102,-0.5176808,-0.128746,0.1313787,0.5387874,-0.3839808,1.926374E-05,0.1204489,-0.5651435,24,24,24,24,24,24,24,24,24,24,24,24,24,24,24,24
784,7840,-19.48247,-19.10592,-20.3152,-1.584188,-20.27621,-22.34132,-19.52783,-7.024131,1.859133,3.815179,-1.663644,-14.24747,-22.27669,-21.37148,-19.80257,-19.65623,24,24,24,24,24,24,24,24,24,24,24,24,24,24,24,24,784,7840,-20.16097,-20.67614,3.273647,-7.627357,0.2609891,-0.2454264,0.1306643,-0.7822939,0.1294331,0.1287468,0.1313787,-0.1347466,0.383907,-1.002255,-0.6022382,-0.4520621,24,24,24,24,24,24,24,24,24,24,24,24,24,24,24,24
785,7850,-20.56472,-20.31516,-20.56137,-2.071597,-19.91413,-22.21791,-19.2726,-7.400294,0.7443388,4.30746,-2.495443,-14.49962,-22.99084,-20.65536,-20.16026,-20.98199,24,24,24,24,24,24,24,24,24,24,24,24,24,24,24,24,785,7850,-20.29533,-21.07096,4.452164,-7.49808,-0.3956137,0.4908946,-0.1305343,-0.6519169,0.5177017,0,-0.2628087,0.5387874,-1.023888,0.1113829,0.2408966,-0.2260118,24,24,24,24,24,24,24,24,24,24,24,24,24,24,24,24
786,7860,-20.56472,-19.71055,-20.80753,-1.584188,-21.36243,-22.0945,-20.29352,-8.15262,0.7443388,4.184389,-3.327243,-15.6343,-23.94304,-20.65536,-19.44488,-19.05362,24,24,24,24,24,24,24,24,24,24,24,24,24,24,24,24,786,7860,-20.56403,-20.01809,4.452164,-8.790146,0.5236301,-0.8590278,-0.522333,-2.88956E-05,0.3882783,-0.5149847,0.2627766,-0.4041612,-0.2560006,-0.1113444,8.026557E-07,-0.2260118,24,24,24,24,24,24,24,24,24,24,24,24,24,24,24,24
787,7870,-19.12172,-18.985,-19.33055,-1.949745,-19.06929,-20.73696,-19.14499,-7.901845,2.230731,4.676671,-2.970757,-15.50822,-22.75279,-21.25213,-19.68334,-19.65623,24,24,24,24,24,24,24,24,24,24,24,24,24,24,24,24,787,7870,-19.75792,-18.43878,3.928428,-7.627357,0.129669,-0.9817474,0.6530615,0.521479,-0.1294122,0,-0.6569929,0.2693745,0.6398707,0.2227466,-0.7226863,-0.9041627,24,24,24,24,24,24,24,24,24,24,24,24,24,24,24,24
788,7880,-20.08372,-20.19425,-19.82287,-1.827842,-20.39691,-22.58815,-19.14499,-7.776457,1.735267,4.5536,-3.089586,-14.87785,-24.06207,-20.536,-19.9218,-20.37937,24,24,24,24,24,24,24,24,24,24,24,24,24,24,24,24,788,7880,-19.08615,-18.8336,4.714106,-8.015189,-0.7895756,-0.2454264,0.6530615,-0.2607828,0.2588564,-1.029969,0.1313787,0.404081,-3.692216E-05,0.1113829,8.026557E-07,0.1130621,24,24,24,24,24,24,24,24,24,24,24,24,24,24,24,24
789,7890,-20.92547,-19.83147,-21.29986,-2.924513,-20.87967,-22.46474,-19.91068,-7.525682,1.859133,4.43053,-2.851929,-15.00392,-23.58597,-19.58116,-19.44488,-20.37937,24,24,24,24,24,24,24,24,24,24,24,24,24,24,24,24,789,7890,-20.16097,-19.09682,3.535589,-9.177435,-0.3956137,0.9817763,6.421245E-05,1.173364,-0.3882574,-0.5149847,-0.3942035,0.5387874,-0.3839808,0.2227466,-0.3613428,0.1130621,24,24,24,24,24,24,24,24,24,24,24,24,24,24,24,24
790,7900,-19.36222,-20.91979,-19.82287,-2.071547,-19.31067,-22.21791,-19.2726,-8.654171,0.9920712,3.199828,-2.851929,-16.01252,-23.58597,-20.89406,-19.44488,-20.86146,24,24,24,24,24,24,24,24,24,24,24,24,24,24,24,24,790,7900,-19.08615,-19.88648,3.535589,-7.239526,0.39231,-0.3681942,0.3918629,-0.6519169,0.2588564,0.3862387,-0.2628087,-4.013279E-05,0.6398707,-0.3340717,-0.3613428,-0.3390386,24,24,24,24,24,24,24,24,24,24,24,24,24,24,24,24
791,7910,-18.76097,-19.4687,-19.33055,-2.315252,-19.43137,-21.47743,-19.65545,-8.027232,1.239803,5.168951,-2.376615,-13.74317,-22.63377,-19.10375,-19.32565,-19.65623,24,24,24,24,24,24,24,24,24,24,24,24,24,24,24,24,791,7910,-20.69839,-20.1497,4.452216,-7.885912,-0.6582547,-0.2454746,-0.783583,-0.52154,0.2588564,0.3862387,-0.2628087,0.5387874,-0.6399446,0.5568392,0.4817924,0.3391124,24,24,24,24,24,24,24,24,24,24,24,24,24,24,24,24
792,7920,-19.72297,-19.34778,-19.69979,-2.071547,-18.82791,-20.36672,-18.63453,-7.02413,1.239803,4.43053,-2.614272,-14.75177,-22.87182,-21.01342,-19.32565,-19.89728,24,24,24,24,24,24,24,24,24,24,24,24,24,24,24,24,792,7920,-20.56403,-19.36004,3.928428,-8.531952,0.5236301,-0.9817956,0.2612115,0.6519041,0.5177017,0,0.3941714,-0.8082823,0.1279449,0.1113829,-0.3613428,3.852747E-05,24,24,24,24,24,24,24,24,24,24,24,24,24,24,24,24
793,7930,-19.84322,-20.07332,-19.94596,-2.924513,-20.27621,-22.95839,-19.91068,-8.278008,0.9921225,3.692109,-2.851929,-14.6257,-22.51474,-20.05858,-19.08719,-20.62042,24,24,24,24,24,24,24,24,24,24,24,24,24,24,24,24,793,7930,-18.54874,-18.70199,3.928428,-7.49808,-0.6582547,-1.104515,1.284249E-05,0.1303962,-0.2588356,0,-1.05118,-0.1347466,0.383907,0.4454755,-0.9635817,-0.6781124,24,24,24,24,24,24,24,24,24,24,24,24,24,24,24,24
794,7940,-19.60272,-18.985,-19.82287,-1.705989,-20.15552,-20.98378,-19.78306,-6.898743,1.239854,4.30746,-3.5649,-16.01252,-23.58597,-20.536,-19.68334,-19.05362,24,24,24,24,24,24,24,24,24,24,24,24,24,24,24,24,794,7940,-19.75792,-20.54453,3.928428,-8.531952,-0.2642928,0.2454072,0.52241,1.926374E-05,0.3882767,-0.7724766,0.3941714,0.5387874,0.1279449,0.2227466,0.1204489,-0.4520621,24,24,24,24,24,24,24,24,24,24,24,24,24,24,24,24
795,7950,-19.48247,-19.4687,-20.06904,-1.21858,-20.03482,-21.84767,-19.65545,-6.898743,1.859184,4.06132,-2.495391,-15.13,-22.87182,-21.37148,-20.16026,-19.65623,24,24,24,24,24,24,24,24,24,24,24,24,24,24,24,24,795,7950,-20.42968,-19.49165,3.666538,-7.239526,-0.1329728,0.3681268,0.6530101,0.5215271,-0.6471042,0,0.2627766,-0.1347466,0.383907,0.2227466,-0.1204469,0.1130621,24,24,24,24,24,24,24,24,24,24,24,24,24,24,24,24
796,7960,-20.44447,-20.55702,-19.57671,-2.193399,-20.27621,-22.58815,-19.14499,-7.525681,2.106917,3.815179,-2.138905,-14.49962,-22.27669,-20.17794,-19.56411,-20.98199,24,24,24,24,24,24,24,24,24,24,24,24,24,24,24,24,796,7960,-19.75792,-20.41292,3.535589,-8.661049,0.129669,-0.4909138,0.7836087,-0.9126227,-0.388259,0.1287468,-0.2628087,0.2693761,1.023815,-0.5567991,-0.8431344,-0.5650889,24,24,24,24,24,24,24,24,24,24,24,24,24,24,24,24
797,7970,-20.20397,-20.07332,-20.93062,-2.315252,-21.00036,-21.97109,-20.54875,-8.403395,0.8682567,3.938249,-3.208362,-15.25607,-23.46695,-21.25213,-19.68334,-19.05362,24,24,24,24,24,24,24,24,24,24,24,24,24,24,24,24,797,7970,-20.56403,-20.54453,4.190325,-7.49808,-0.1329728,0.3681268,-0.9141815,-0.6518688,0.5177001,0.2574928,-1.605311E-05,-0.134745,-0.7679248,0.2227466,0.2408966,0.1130621,24,24,24,24,24,24,24,24,24,24,24,24,24,24,24,24
798,7980,-19.60272,-19.34778,-19.45363,-1.949694,-19.91413,-22.71157,-19.40022,-8.278008,1.115988,2.707548,-3.208362,-15.76037,-23.46695,-21.61019,-19.44488,-20.13833,24,24,24,24,24,24,24,24,24,24,24,24,24,24,24,24,798,7980,-19.89227,-19.62326,3.797486,-8.144467,0.39231,-0.7363531,0.2612115,0.3911502,9.631868E-06,0,-1.605311E-05,-1.2124,0.6398707,0.668251,-0.1204469,-0.5650889,24,24,24,24,24,24,24,24,24,24,24,24,24,24,24,24
799,7990,-20.20397,-20.31517,-19.82287,-1.949694,-19.06929,-21.97109,-18.63453,-7.525681,1.735318,5.045881,-2.495391,-15.38215,-23.82402,-20.89406,-20.51795,-20.25885,24,24,24,24,24,24,24,24,24,24,24,24,24,24,24,24,799,7990,-19.89227,-20.1497,3.666538,-7.756635,-0.6582547,-3.210623E-05,-0.5223843,0.912658,0.2588548,-0.6437306,-0.9197856,0.6734971,0.2559268,-0.2226599,-1.204478,-0.5650889,24,24,24,24,24,24,24,24,24,24,24,24,24,24,24,24
800,8000,-21.52671,-21.04072,-22.16144,-2.558956,-21.36243,-23.82228,-20.54875,-8.403395,1.611452,4.184389,-3.089533,-15.76037,-23.94304,-21.37148,-20.63719,-20.37937,24,24,24,24,24,24,24,24,24,24,24,24,24,24,24,24,800,8000,-18.9518,-18.96521,4.452216,-8.790146,-0.1329728,-0.2454746,-0.1305857,-0.1303577,0.3882767,-0.901223,-0.2628087,0.2693761,-0.2560006,0.2227964,-0.1204469,0.6781862,24,24,24,24,24,24,24,24,24,24,24,24,24,24,24,24
801,8010,-20.32422,-21.28256,-20.19212,-2.315252,-20.15552,-23.82228,-19.78306,-8.528783,0.7443901,2.953688,-3.921332,-16.26468,-24.53817,-21.96826,-19.9218,-21.70512,24,24,24,24,24,24,24,24,24,24,24,24,24,24,24,24,801,8010,-20.16097,-19.36004,3.273699,-8.402856,-0.1329728,0.2454072,-0.3917843,1.926374E-05,-1.164795,0.6437315,0.1313787,0.2693761,-0.1280188,0.4455237,-0.1204469,-0.2260118,24,24,24,24,24,24,24,24,24,24,24,24,24,24,24,24
802,8020,-20.20397,-20.79886,-20.80753,-2.193399,-20.63828,-23.20522,-20.42113,-7.400293,0.8682567,4.5536,-4.04016,-15.50822,-25.13329,-21.49084,-22.06796,-20.25885,24,24,24,24,24,24,24,24,24,24,24,24,24,24,24,24,802,8020,-19.62356,-20.1497,3.666538,-8.015189,0.39231,-0.1227517,-0.1305857,-1.173377,9.631868E-06,0.5149855,-0.6569929,0.4040841,0.1279449,-0.2226599,0.1204489,0.1130621,24,24,24,24,24,24,24,24,24,24,24,24,24,24,24,24
803,8030,-20.80522,-20.43609,-20.19212,-1.827842,-20.5176,-22.46474,-19.91068,-7.02413,1.611452,4.676671,-2.614219,-15.13,-23.82402,-20.77471,-20.16026,-21.34355,24,24,24,24,24,24,24,24,24,24,24,24,24,24,24,24,803,8030,-20.02662,-18.8336,4.05937,-7.885912,0.654951,-0.2454746,-1.17538,1.926374E-05,0.5177001,-0.6437306,0.6569608,-0.404158,-0.3839808,0.1114327,0.6022402,-0.2260118,24,24,24,24,24,24,24,24,24,24,24,24,24,24,24,24
804,8040,-19.60272,-20.55701,-20.68445,-2.802711,-20.75897,-23.08181,-19.78306,-8.027232,0.7443901,3.815179,-2.733047,-16.01252,-23.2289,-21.49084,-20.39873,-20.98199,24,24,24,24,24,24,24,24,24,24,24,24,24,24,24,24,804,8040,-20.69838,-19.36004,3.535583,-8.531952,0.654951,-1.472674,-0.3917843,0.912658,9.631868E-06,0.5149855,-0.3942035,-1.2124,0.1279449,0.1114327,-0.8431344,-0.6781124,24,24,24,24,24,24,24,24,24,24,24,24,24,24,24,24
805,8050,-20.32422,-19.22685,-20.19212,-1.70604,-21.00036,-21.60085,-20.03829,-7.901844,1.115988,4.184389,-3.564847,-15.50822,-22.87182,-19.70052,-19.08719,-19.65623,24,24,24,24,24,24,24,24,24,24,24,24,24,24,24,24,805,8050,-18.9518,-19.09682,3.142744,-7.756635,-0.5269346,-0.6136335,-0.1305857,0.3911502,0.5177001,0.1287468,-0.6569929,0.1346696,0.2559268,-0.6681145,-0.240895,-0.1129882,24,24,24,24,24,24,24,24,24,24,24,24,24,24,24,24
806,8060,-19.24197,-18.74315,-19.57671,-2.071597,-18.82791,-21.23061,-19.2726,-6.647969,1.859184,4.06132,-2.614219,-15.88645,-22.63377,-20.65536,-19.44488,-19.17414,24,24,24,24,24,24,24,24,24,24,24,24,24,24,24,24,806,8060,-19.48921,-18.70199,3.928422,-9.952014,0.2609891,0.2454072,-0.783583,0.1303962,-0.6471042,-0.6437306,0.3941714,0.1346696,0.383907,0.7796146,-0.6022386,0.2260856,24,24,24,24,24,24,24,24,24,24,24,24,24,24,24,24
807,8070,-19.36222,-19.83147,-19.33055,-1.827893,-19.31067,-20.98378,-19.14499,-7.651069,1.611452,4.922811,-2.257733,-15.38215,-22.2767,-19.70052,-19.32565,-19.65623,24,24,24,24,24,24,24,24,24,24,24,24,24,24,24,24,807,8070,-18.68309,-19.88648,3.79748,-8.015189,0.2609891,0.2454072,0.3918132,-1.434131,0.2588548,-0.128746,0.1313787,-0.2694515,0.383907,-0.6681145,-0.3613428,3.852747E-05,24,24,24,24,24,24,24,24,24,24,24,24,24,24,24,24
808,8080,-19.60272,-19.71055,-20.68445,-2.071597,-20.27621,-21.10719,-19.91068,-8.278008,0.3727926,4.30746,-3.089533,-15.00392,-22.99084,-19.34245,-18.96796,-18.45101,24,24,24,24,24,24,24,24,24,24,24,24,24,24,24,24,808,8080,-19.48921,-20.41292,4.583158,-7.885912,-0.3956137,0.1226875,0.3918132,-1.564559,-0.2588356,0,0.1313787,-3.692216E-05,-0.5119627,-0.4453872,-0.6022386,0.1130621,24,24,24,24,24,24,24,24,24,24,24,24,24,24,24,24
809,8090,-19.12172,-19.22685,-18.9613,-2.559007,-19.06929,-21.60085,-18.88976,-8.654171,1.363669,3.445969,-1.901248,-14.75177,-22.7528,-20.77471,-19.20642,-19.17414,24,24,24,24,24,24,24,24,24,24,24,24,24,24,24,24,809,8090,-20.29533,-19.49165,4.05937,-8.531952,0.129669,0.1226875,-0.9141799,-0.1304091,0.2588548,-0.2574919,-1.605311E-05,-0.134745,-0.2560006,-0.2226599,-0.6022386,0.3391124,24,24,24,24,24,24,24,24,24,24,24,24,24,24,24,24
810,8100,-19.24197,-19.71055,-19.33055,-2.071597,-19.31067,-21.97109,-18.76214,-8.403396,2.106865,4.676671,-2.138905,-14.87785,-22.2767,-20.05858,-19.80257,-19.89728,24,24,24,24,24,24,24,24,24,24,24,24,24,24,24,24,810,8100,-20.02662,-19.88648,3.011795,-7.756635,-0.001651865,-0.9817956,0.5224133,0.2607218,-0.2588356,0.6437315,-0.2628087,-0.5388645,-0.3839808,-0.1112962,-0.6022386,-0.6781124,24,24,24,24,24,24,24,24,24,24,24,24,24,24,24,24
811,8110,-20.08372,-19.9524,-20.68445,-2.315302,-21.00036,-21.84767,-20.29352,-8.278008,0.8682054,3.569039,-2.970707,-15.25607,-23.58597,-20.536,-19.80257,-18.9331,24,24,24,24,24,24,24,24,24,24,24,24,24,24,24,24,811,8110,-20.42968,-20.28131,3.535583,-8.273745,-0.6582547,-0.2454746,0.2612146,0.2607218,-0.2588356,-0.128746,-0.7883941,0.1346696,0.2559268,-0.4453872,0.843136,3.852747E-05,24,24,24,24,24,24,24,24,24,24,24,24,24,24,24,24
812,8120,-18.64073,-19.4687,-19.33055,-2.315302,-18.82791,-21.97109,-18.50691,-7.901845,1.239803,3.692109,-2.614221,-15.50822,-22.63377,-20.17794,-18.7295,-19.65623,24,24,24,24,24,24,24,24,24,24,24,24,24,24,24,24,812,8120,-20.96709,-18.96521,3.666531,-8.919242,0.39231,0.4908464,-0.130584,0.2607218,-0.388259,-0.3862379,0.1313755,-0.2694483,-0.5119627,0.4455237,0.3613443,0.2260856,24,24,24,24,24,24,24,24,24,24,24,24,24,24,24,24
813,8130,-19.00147,-19.10592,-19.08438,-2.071597,-19.55206,-21.60085,-19.2726,-7.525682,0.9920712,4.18439,-3.683678,-15.00392,-24.06207,-20.29729,-20.39873,-20.0178,24,24,24,24,24,24,24,24,24,24,24,24,24,24,24,24,813,8130,-19.35485,-20.1497,3.928422,-7.885912,0.129669,-3.210623E-05,0.2612146,-1.043051,0.1294314,-0.3862379,-2.247436E-05,-0.1347418,0.2559797,-0.4453872,-0.9635825,-0.4520621,24,24,24,24,24,24,24,24,24,24,24,24,24,24,24,24
814,8140,-20.68497,-19.9524,-20.56137,-2.680859,-21.24175,-22.46474,-19.78306,-8.027232,1.6114,4.30746,-3.208365,-15.00392,-23.58597,-20.89406,-20.27949,-19.29467,24,24,24,24,24,24,24,24,24,24,24,24,24,24,24,24,814,8140,-20.02662,-19.88648,4.32126,-8.402856,0.2609891,-0.2454746,-0.6529813,-0.260786,0.3882767,0.2574928,-0.6569993,-3.531685E-05,-0.8958536,0.4455237,0.4817924,3.852747E-05,24,24,24,24,24,24,24,24,24,24,24,24,24,24,24,24
815,8150,-19.72297,-19.71055,-19.57671,-2.437154,-19.67276,-23.45204,-20.03829,-8.654171,1.115937,3.815179,-3.089536,-15.50822,-23.70499,-20.65536,-18.96796,-20.86146,24,24,24,24,24,24,24,24,24,24,24,24,24,24,24,24,815,8150,-20.56403,-19.75487,3.79748,-8.273745,0.39231,-0.7363531,-0.5223812,0.2607218,0.2588548,0,-0.2628119,-0.8082775,-0.5119081,0.2227964,-0.3613428,-0.1129882,24,24,24,24,24,24,24,24,24,24,24,24,24,24,24,24
816,8160,-19.48247,-19.71055,-20.19212,-1.827893,-20.5176,-22.46474,-19.91068,-7.901845,1.115937,4.30746,-3.446022,-15.38215,-24.89524,-21.13277,-20.99488,-19.41519,24,24,24,24,24,24,24,24,24,24,24,24,24,24,24,24,816,8160,-20.16097,-18.96521,3.928422,-8.015189,-0.001651865,0.1226875,1.605311E-05,0.1303449,-0.2588356,0,-0.7883941,0.5387923,-0.255946,-0.3340236,-0.3613428,0.1130043,24,24,24,24,24,24,24,24,24,24,24,24,24,24,24,24
817,8170,-19.84322,-19.9524,-19.20746,-1.949745,-19.67276,-21.84767,-19.52783,-7.400294,1.6114,4.18439,-2.614221,-15.50822,-22.51474,-20.05858,-19.20642,-20.49989,24,24,24,24,24,24,24,24,24,24,24,24,24,24,24,24,817,8170,-19.75792,-20.28131,4.05937,-9.048338,-0.2642928,-3.210623E-05,-0.130584,-0.1304091,-0.5176824,-1.416208,-2.247436E-05,0.1346712,-0.1279642,0.1114327,0.2408966,0.5651049,24,24,24,24,24,24,24,24,24,24,24,24,24,24,24,24
818,8180,-19.96347,-20.55702,-19.20746,-2.559007,-20.03482,-23.45204,-19.91068,-9.030334,0.248875,2.707548,-4.158992,-16.26468,-23.82402,-20.89406,-19.08719,-19.53571,24,24,24,24,24,24,24,24,24,24,24,24,24,24,24,24,818,8180,-19.75792,-18.43877,2.488014,-8.402856,0.129669,0.2454072,0.1306145,-0.6519201,-0.5176824,-0.2574919,0.5255629,-0.4041564,0.5119434,-0.4453872,0.3613443,0.2260311,24,24,24,24,24,24,24,24,24,24,24,24,24,24,24,24
819,8190,-19.36222,-19.22685,-19.45362,-1.340483,-19.18998,-21.10719,-19.40022,-7.400294,1.6114,4.79974,-3.089536,-14.6257,-23.70499,-19.58116,-19.20642,-19.05362,24,24,24,24,24,24,24,24,24,24,24,24,24,24,24,24,819,8190,-19.08615,-20.93935,4.583164,-7.756635,0.654951,0.3681268,0.9142104,-1.043051,0.9059671,0,0.1313755,0.6734987,-0.63989,-1.002205,-0.6022386,-0.2260696,24,24,24,24,24,24,24,24,24,24,24,24,24,24,24,24
820,8200,-19.72297,-19.4687,-19.57671,-1.462285,-19.31067,-20.86037,-19.40022,-7.149519,1.363669,3.938249,-3.208365,-15.13,-22.99084,-20.89406,-19.56411,-19.53571,24,24,24,24,24,24,24,24,24,24,24,24,24,24,24,24,820,8200,-19.62356,-19.09682,4.583164,-6.980972,0.129669,-0.1227517,-1.175378,-0.391163,0.5177001,0.7724774,-2.247436E-05,-0.4041564,-0.7678718,0.2227964,0.3613443,0.2260311,24,24,24,24,24,24,24,24,24,24,24,24,24,24,24,24
821,8210,-19.60272,-19.71055,-19.82287,-2.315252,-20.15552,-22.83498,-20.29352,-8.654171,0.4966071,3.445969,-3.56485,-15.38215,-22.87182,-20.536,-18.96796,-20.37937,24,24,24,24,24,24,24,24,24,24,24,24,24,24,24,24,821,8210,-20.16097,-19.22843,5.237894,-8.015189,-0.001652668,-1.718117,0.7836119,-0.1304091,0.1294314,0.3862387,-0.3942067,-0.5388629,0.2559797,0.4455237,-1.08403,-0.9042205,24,24,24,24,24,24,24,24,24,24,24,24,24,24,24,24
822,8220,-19.72297,-19.10593,-19.08438,-1.827842,-19.67276,-20.86037,-19.14499,-6.773356,0.8682054,4.43053,-3.089536,-15.76037,-24.30012,-20.77471,-19.32565,-19.29466,24,24,24,24,24,24,24,24,24,24,24,24,24,24,24,24,822,8220,-18.81744,-18.70199,3.273699,-8.015189,-0.6582555,1.605311E-05,0.2612146,-3.210623E-05,0.6471218,-0.128746,-0.6569993,0.2693793,0.6399236,-0.2226599,-0.8431344,-0.3390931,24,24,24,24,24,24,24,24,24,24,24,24,24,24,24,24
823,8230,-19.60272,-19.58963,-19.82287,-1.827842,-20.39691,-21.97109,-19.52783,-8.15262,1.487535,3.445969,-3.089536,-16.26468,-23.46694,-22.32632,-20.99488,-19.89728,24,24,24,24,24,24,24,24,24,24,24,24,24,24,24,24,823,8230,-18.68309,-19.22843,3.797486,-9.435629,-0.3956145,0.9817763,0.3918148,-0.260786,9.631868E-06,-1.029969,-0.3942067,0.6734987,-0.3839279,-0.2226599,0.2408966,0.2260311,24,24,24,24,24,24,24,24,24,24,24,24,24,24,24,24
824,8240,-20.08372,-19.9524,-19.82287,-1.949694,-19.91413,-22.46474,-18.76214,-7.274905,1.487535,4.922811,-2.733051,-15.13,-23.10987,-19.93923,-20.04103,-20.62041,24,24,24,24,24,24,24,24,24,24,24,24,24,24,24,24,824,8240,-19.89227,-19.09682,3.14275,-8.531952,0.6549502,0.2454553,0.1306178,-0.1304027,-0.7765276,-0.2574919,0.1313755,-0.2694483,0.2559797,0.2227964,0.3613443,0.1130043,24,24,24,24,24,24,24,24,24,24,24,24,24,24,24,24
825,8250,-20.80522,-20.19425,-20.80753,-1.949694,-20.63828,-22.21791,-20.54875,-8.152618,1.115937,4.18439,-2.733051,-15.13,-23.10987,-20.41665,-19.20642,-18.69205,24,24,24,24,24,24,24,24,24,24,24,24,24,24,24,24,825,8250,-19.2205,-20.28131,4.059377,-7.885912,-0.2642936,-0.2454264,-0.1305825,-0.6519137,0.2588548,0.3862387,-0.5256046,0.5387923,1.765843E-05,-0.5567509,-0.240895,-0.113046,24,24,24,24,24,24,24,24,24,24,24,24,24,24,24,24
826,8260,-19.48247,-19.10593,-18.83821,-2.071547,-19.43137,-21.84767,-18.63453,-7.901844,1.735267,2.830617,-2.614221,-15.6343,-22.87182,-20.77471,-18.96796,-19.29466,24,24,24,24,24,24,24,24,24,24,24,24,24,24,24,24,826,8260,-19.89227,-19.49165,4.452216,-7.368804,-0.001652668,-0.4908657,-0.9141766,-0.3911598,-0.2588356,0.3862387,-0.2628119,0.1346712,-0.255946,0.5568873,-0.9635825,0.2260311,24,24,24,24,24,24,24,24,24,24,24,24,24,24,24,24
827,8270,-18.15973,-19.4687,-19.45362,-1.949694,-18.82791,-21.23061,-18.88976,-7.651068,0.6204729,4.184389,-2.851876,-14.87785,-24.18109,-19.81987,-20.16026,-20.13832,24,24,24,24,24,24,24,24,24,24,24,24,24,24,24,24,827,8270,-19.75792,-19.36004,4.452216,-7.627357,0.1296674,-0.9817474,0.1306178,-2.568498E-05,-0.388259,-0.2574919,-0.5256046,-0.942984,0.2559797,0.33416,-0.8431344,-0.7911938,24,24,24,24,24,24,24,24,24,24,24,24,24,24,24,24
828,8280,-20.08372,-19.9524,-20.43828,-1.705989,-20.87967,-21.97109,-19.40022,-7.274905,1.363669,4.30746,-3.446018,-14.75177,-22.63377,-20.65536,-19.08719,-20.49989,24,24,24,24,24,24,24,24,24,24,24,24,24,24,24,24,828,8280,-19.75792,-19.22843,3.535589,-8.015189,-0.7895764,1.605311E-05,0.5224149,-0.1304027,0.5177001,-0.901223,-1.182582,-0.4041612,-0.1279642,-0.1112962,0.1204489,-0.113046,24,24,24,24,24,24,24,24,24,24,24,24,24,24,24,24
829,8290,-19.36222,-19.9524,-19.20746,-2.802661,-19.67276,-22.21791,-19.52783,-8.027231,0.9920712,3.199828,-3.921332,-16.39075,-24.18109,-21.01342,-19.32565,-20.49989,24,24,24,24,24,24,24,24,24,24,24,24,24,24,24,24,829,8290,-20.02662,-19.62326,3.797486,-9.048338,-0.3956145,-0.1227036,-0.1305825,0.9126131,0.1294314,-0.3862379,-0.3942067,0.134668,-0.5119081,0.2227964,-0.240895,0.1130043,24,24,24,24,24,24,24,24,24,24,24,24,24,24,24,24
830,8300,-19.84322,-20.19425,-20.80753,-2.193399,-20.63828,-21.84767,-20.1659,-8.278007,0.4966071,4.67667,-3.564847,-15.13,-24.53817,-20.89406,-19.68334,-20.0178,24,24,24,24,24,24,24,24,24,24,24,24,24,24,24,24,830,8300,-20.42968,-19.88648,3.14275,-7.368804,-0.001652668,0.2454553,-0.2611809,-0.5215368,-0.2588356,0.1287468,0.5255629,0.2693745,0.5119434,1.605311E-05,0.3613443,-0.113046,24,24,24,24,24,24,24,24,24,24,24,24,24,24,24,24
831,8310,-20.56472,-19.71055,-19.57671,-1.340432,-19.06929,-20.98378,-19.14499,-7.149518,1.239803,3.815179,-3.208362,-15.88645,-22.99084,-21.13277,-20.75642,-20.13832,24,24,24,24,24,24,24,24,24,24,24,24,24,24,24,24,831,8310,-20.96709,-21.86062,4.714106,-7.756635,-0.3956145,0.6136174,-0.2611809,-1.434175,9.631868E-06,0.7724774,-0.6569993,0.5387874,-0.63989,-0.2227113,8.026557E-07,0.2260311,24,24,24,24,24,24,24,24,24,24,24,24,24,24,24,24
832,8320,-20.20397,-20.31517,-20.43828,-2.437104,-20.27621,-22.58815,-19.40022,-8.152618,2.478463,4.5536,-2.851876,-15.00392,-22.99084,-20.65536,-20.04103,-20.86146,24,24,24,24,24,24,24,24,24,24,24,24,24,24,24,24,832,8320,-21.5045,-20.41291,4.583164,-8.402856,0.9175912,-1.227187,-0.5223796,-2.568498E-05,9.631868E-06,-0.3862379,-0.1314172,-0.9429888,-0.255946,0.3341087,-0.3613428,-1.926374E-05,24,24,24,24,24,24,24,24,24,24,24,24,24,24,24,24
833,8330,-19.72297,-19.71055,-20.68445,-1.827842,-20.27621,-21.60085,-19.78306,-7.525681,1.115937,3.692109,-3.683675,-16.6429,-23.58597,-21.25213,-19.44488,-19.53571,24,24,24,24,24,24,24,24,24,24,24,24,24,24,24,24,833,8330,-20.29533,-20.41291,3.011802,-7.239526,-0.7895764,-0.6135853,0.1306178,0.9126131,-0.388259,-0.128746,-1.313976,-0.1347466,-0.255946,0.1113813,-0.8431344,-0.2260696,24,24,24,24,24,24,24,24,24,24,24,24,24,24,24,24
834,8340,-20.32422,-19.58962,-19.57671,-2.071547,-19.79344,-22.21791,-19.52783,-8.528782,1.859133,3.815179,-2.257733,-15.6343,-23.34792,-22.44567,-20.2795,-19.53571,24,24,24,24,24,24,24,24,24,24,24,24,24,24,24,24,834,8340,-19.75792,-19.88648,4.321267,-8.144467,-0.6582555,-0.1227036,-0.1305825,0.3911052,0.7765453,-0.7724766,-0.6569993,0.404081,0.2559797,-0.1113476,-0.1204469,0.4520782,24,24,24,24,24,24,24,24,24,24,24,24,24,24,24,24
835,8350,-19.96347,-19.83147,-20.19212,-2.193399,-19.31067,-21.84767,-19.01737,-7.901844,1.611401,4.5536,-2.614219,-14.75177,-23.46694,-19.81987,-20.16026,-20.74094,24,24,24,24,24,24,24,24,24,24,24,24,24,24,24,24,835,8350,-20.02662,-18.43878,3.142699,-8.144467,0.3923092,0.3681749,0.1306178,-2.568498E-05,-0.1294138,-0.2574919,0.1313755,-0.1347466,0.3839616,-0.3340749,0.1204489,0.2260311,24,24,24,24,24,24,24,24,24,24,24,24,24,24,24,24
836,8360,-20.20397,-19.71055,-20.93061,-2.802711,-21.00036,-22.46474,-19.65545,-7.651068,1.239803,4.06132,-3.446018,-15.25607,-22.99084,-20.77471,-19.56411,-19.17414,24,24,24,24,24,24,24,24,24,24,24,24,24,24,24,24,836,8360,-18.9518,-20.1497,3.01175,-8.015189,-0.1329736,0.3681749,-0.6529797,-1.043045,0.3882767,0.5149855,-0.1314172,0.134668,-0.3839279,-0.3340749,-0.9635825,-0.5651435,24,24,24,24,24,24,24,24,24,24,24,24,24,24,24,24
837,8370,-19.72297,-20.43609,-19.94596,-2.802711,-19.18998,-22.71157,-19.40022,-8.278007,1.735267,3.076758,-3.089533,-15.50822,-23.58597,-21.25213,-19.08719,-20.62041,24,24,24,24,24,24,24,24,24,24,24,24,24,24,24,24,837,8370,-19.89227,-18.70199,3.928377,-8.144467,0.129669,1.605311E-05,-0.5223796,-0.5215368,0.3882767,-0.7724766,0.1313755,0.404081,-1.023834,0.3341087,0.1204489,0.1130043,24,24,24,24,24,24,24,24,24,24,24,24,24,24,24,24
838,8380,-18.76097,-20.07332,-19.20746,-1.827893,-19.43137,-21.23061,-19.91068,-7.274905,1.115937,4.5536,-3.208362,-14.87785,-23.82402,-20.17793,-19.80257,-19.53571,24,24,24,24,24,24,24,24,24,24,24,24,24,24,24,24,838,8380,-18.68309,-18.8336,4.452164,-8.015189,0.2609891,-1.963508,0.3918148,0.5214822,0.3882767,0.1287468,-2.247436E-05,-1.34711,1.765843E-05,0.4454723,-0.4817909,-0.5651435,24,24,24,24,24,24,24,24,24,24,24,24,24,24,24,24
839,8390,-19.60272,-19.83147,-19.69979,-1.70604,-19.43137,-21.47743,-19.01737,-7.274905,1.735267,4.30746,-2.851876,-15.00392,-22.87182,-20.17793,-19.08719,-19.77675,24,24,24,24,24,24,24,24,24,24,24,24,24,24,24,24,839,8390,-19.89227,-19.36004,3.928377,-8.144467,-0.9208965,-0.1227036,0.2612115,0.2607282,0.1294314,-0.7724766,-0.2628119,-4.013279E-05,-0.255946,-0.4454386,-0.1204469,-0.3390931,24,24,24,24,24,24,24,24,24,24,24,24,24,24,24,24
840,8400,-19.00147,-19.83147,-19.57671,-2.802711,-19.91413,-22.21791,-20.03829,-8.15262,1.239803,3.938249,-3.089533,-15.38215,-22.87182,-20.17793,-19.56411,-19.89728,24,24,24,24,24,24,24,24,24,24,24,24,24,24,24,24,840,8400,-19.75792,-19.22843,3.404589,-8.790146,0.39231,0.9817763,-0.5223843,0.521479,-0.388259,-0.6437306,-0.3942067,0.9429085,-0.63989,0.3341087,0.6022402,-1.926374E-05,24,24,24,24,24,24,24,24,24,24,24,24,24,24,24,24
841,8410,-19.60272,-19.22685,-19.94596,-2.071597,-19.79344,-21.35402,-20.03829,-7.525682,0.9921225,3.815179,-3.802503,-15.76037,-22.75279,-20.536,-19.20642,-19.53571,24,24,24,24,24,24,24,24,24,24,24,24,24,24,24,24,841,8410,-18.68309,-19.75487,2.357021,-8.144467,0.5236301,1.605311E-05,0.130613,-0.7822939,-0.3882574,0.1287468,0.1313755,-4.013279E-05,-0.1279642,-0.4454386,8.026557E-07,-1.926374E-05,24,24,24,24,24,24,24,24,24,24,24,24,24,24,24,24
842,8420,-19.48247,-18.74315,-18.9613,-2.071597,-18.34514,-20.73696,-18.63453,-7.65107,1.735318,4.184389,-2.495391,-15.13,-22.03864,-20.65536,-19.44488,-18.69205,24,24,24,24,24,24,24,24,24,24,24,24,24,24,24,24,842,8420,-18.01133,-19.09682,3.142699,-8.402856,0.129669,0.2454553,-0.1305857,-0.6519169,0.3882783,0.3862387,-1.051187,0.5387874,-0.63989,0.222745,-0.1204469,0.2260311,24,24,24,24,24,24,24,24,24,24,24,24,24,24,24,24
843,8430,-19.24197,-18.985,-18.46897,-1.949745,-18.58653,-21.10719,-18.12407,-7.400294,1.36372,4.5536,-2.257732,-14.87785,-22.99084,-19.93923,-19.56411,-19.77675,24,24,24,24,24,24,24,24,24,24,24,24,24,24,24,24,843,8430,-18.81745,-18.57039,4.190274,-8.015189,-0.5269346,-0.8590278,-0.783583,0.1303481,0.3882783,0,0.6569608,-4.013279E-05,-0.3839279,-0.1113476,-0.4817909,-1.926374E-05,24,24,24,24,24,24,24,24,24,24,24,24,24,24,24,24
844,8440,-19.72297,-19.22685,-20.56137,-2.071597,-20.39691,-21.84767,-19.65545,-7.65107,1.487586,3.692109,-2.733046,-15.13,-23.46694,-20.17793,-19.08719,-19.41519,24,24,24,24,24,24,24,24,24,24,24,24,24,24,24,24,844,8440,-19.08615,-18.8336,3.666486,-7.756635,-0.001651865,-1.227187,-0.1305857,0.2607251,-0.3882574,0.5149855,-0.7883909,1.123718E-05,-0.3839279,-0.1113476,-1.08403,-1.926374E-05,24,24,24,24,24,24,24,24,24,24,24,24,24,24,24,24
845,8450,-19.24197,-19.22685,-19.33054,-2.071597,-19.06929,-21.84767,-18.63453,-8.403396,1.487586,3.569039,-2.020075,-15.38215,-23.46694,-20.536,-18.7295,-19.89728,24,24,24,24,24,24,24,24,24,24,24,24,24,24,24,24,845,8450,-19.08615,-18.8336,3.404589,-8.015189,-0.6582547,-0.2454264,0.3918115,-0.1304059,0.1294331,-0.2574919,-0.3942035,-0.2694018,0.5119434,-0.1113476,0.1204489,-0.7911938,24,24,24,24,24,24,24,24,24,24,24,24,24,24,24,24
846,8460,-18.64073,-19.58962,-18.59205,-1.949745,-19.31067,-21.23061,-18.76214,-7.274907,1.487586,4.676671,-3.20836,-14.87785,-23.22889,-19.70052,-19.32565,-18.9331,24,24,24,24,24,24,24,24,24,24,24,24,24,24,24,24,846,8460,-20.29533,-19.75487,3.797435,-9.306532,0.2609891,0.4908946,-0.2611858,1.042987,1.123718E-05,-0.5149847,0.6569608,-0.1346953,-0.255946,0.2227466,8.026557E-07,0.2260311,24,24,24,24,24,24,24,24,24,24,24,24,24,24,24,24
847,8470,-19.84322,-19.58962,-19.94596,-2.19345,-19.67276,-20.98378,-19.2726,-6.647968,1.735318,4.79974,-2.257732,-14.6257,-22.87182,-20.05858,-18.96796,-19.53571,24,24,24,24,24,24,24,24,24,24,24,24,24,24,24,24,847,8470,-19.35486,-20.01809,2.880808,-7.885912,0.5236301,-0.6135853,0.7836087,-1.043048,0.2588564,0.5149855,0.5255661,-0.4041098,0.5119434,-0.5567991,-0.4817909,-0.6781702,24,24,24,24,24,24,24,24,24,24,24,24,24,24,24,24
848,8480,-19.24197,-20.07332,-19.57671,-2.802711,-19.43137,-22.71156,-19.52783,-8.403396,0.6205243,3.938249,-2.733046,-14.49962,-22.87182,-21.61019,-19.68334,-19.89728,24,24,24,24,24,24,24,24,24,24,24,24,24,24,24,24,848,8480,-20.29533,-20.67614,3.535538,-8.015189,-0.001651865,0.4908946,-1.17538,-0.1304059,0.5177017,0.2574928,-0.6569929,0.6735469,-1.151816,0.2227466,0.3613443,0.2260856,24,24,24,24,24,24,24,24,24,24,24,24,24,24,24,24
849,8490,-19.36222,-19.22685,-19.94596,-1.949745,-19.79344,-20.61354,-20.1659,-7.149519,0.4966584,5.045881,-3.20836,-15.00392,-24.18109,-21.25213,-19.56411,-19.77676,24,24,24,24,24,24,24,24,24,24,24,24,24,24,24,24,849,8490,-20.42968,-19.75487,4.059325,-8.531952,0.129669,-0.6135853,1.284249E-05,0.1303481,0.2588564,-0.3862379,0.1313787,-0.4041098,0.1279979,0.8909301,-0.4817909,-0.2260118,24,24,24,24,24,24,24,24,24,24,24,24,24,24,24,24
850,8500,-20.32422,-20.31516,-20.3152,-1.949745,-20.63828,-23.0818,-19.40022,-8.15262,1.239854,3.322898,-2.614218,-15.6343,-23.70499,-23.28115,-22.06796,-19.65623,24,24,24,24,24,24,24,24,24,24,24,24,24,24,24,24,850,8500,-21.37015,-20.54453,3.273647,-8.402856,-0.5269346,-0.4908657,0.52241,0.1303481,-0.6471026,0.3862387,-0.9197856,-0.1346953,1.765843E-05,1.926374E-05,-0.4817909,-0.6781124,24,24,24,24,24,24,24,24,24,24,24,24,24,24,24,24
851,8510,-21.40647,-20.55701,-20.56137,-1.949745,-20.39691,-22.46474,-19.78306,-8.278008,1.36372,4.184389,-2.970703,-15.13,-23.70499,-21.13277,-20.87565,-22.30773,24,24,24,24,24,24,24,24,24,24,24,24,24,24,24,24,851,8510,-20.56403,-20.54453,4.321216,-8.661049,-0.3956137,0.1227357,-0.6529829,0.391102,0.1294331,-1.287461,-1.605311E-05,0.4041323,-0.255946,0.1113829,1.20448,-0.1129882,24,24,24,24,24,24,24,24,24,24,24,24,24,24,24,24
852,8520,-21.04572,-20.55701,-21.42295,-1.827893,-21.60382,-22.95839,-20.29352,-7.65107,1.487586,4.184389,-3.683673,-16.1386,-24.53817,-20.65536,-19.9218,-20.13833,24,24,24,24,24,24,24,24,24,24,24,24,24,24,24,24,852,8520,-21.63886,-20.80775,3.273647,-8.919242,0.39231,0.4908946,0.52241,0.1303481,-1.294217,-0.3862379,-0.1314108,-0.1346953,0.5119434,-0.2227081,0.1204489,3.852747E-05,24,24,24,24,24,24,24,24,24,24,24,24,24,24,24,24
853,8530,-19.72297,-20.31516,-20.19212,-1.949745,-20.03482,-22.95839,-19.2726,-8.278008,1.735318,3.199828,-3.089532,-15.50822,-22.75279,-21.13277,-19.80257,-19.89728,24,24,24,24,24,24,24,24,24,24,24,24,24,24,24,24,853,8530,-20.16097,-21.5974,3.142699,-7.498079,0.2609891,-0.1227036,0.130613,-1.564556,0.1294331,0.1287468,-0.1314108,0.6735469,-0.255946,-0.2227081,-0.8431344,-0.3390386,24,24,24,24,24,24,24,24,24,24,24,24,24,24,24,24
854,8540,-19.84322,-19.58962,-18.71513,-2.19345,-18.70722,-21.23061,-18.88976,-7.525682,1.98305,4.676671,-2.851875,-15.00392,-23.46694,-19.93923,-20.39873,-20.37937,24,24,24,24,24,24,24,24,24,24,24,24,24,24,24,24,854,8540,-20.69839,-20.80775,3.666486,-8.919242,-0.1329728,-0.3681974,-0.783583,0.391102,0.1294331,0,-0.1314108,-0.5388163,-0.7678718,-0.1113444,0.1204489,0.2260856,24,24,24,24,24,24,24,24,24,24,24,24,24,24,24,24
855,8550,-18.88122,-19.10592,-19.08438,-2.437154,-19.31067,-21.35402,-19.01737,-7.776457,1.859184,4.5536,-2.376561,-14.24747,-22.39572,-18.98439,-18.7295,-19.17414,24,24,24,24,24,24,24,24,24,24,24,24,24,24,24,24,855,8550,-20.29533,-20.54453,3.797435,-7.627357,-0.3956137,-1.472677,0.1306643,0.6518559,-0.5176808,0.5149855,-0.5255982,-0.6735228,-0.3839279,-0.1113444,-1.445374,-0.9041627,24,24,24,24,24,24,24,24,24,24,24,24,24,24,24,24
856,8560,-18.76097,-19.10592,-18.46897,-2.437154,-17.98307,-20.98378,-17.86884,-8.15262,0.9921225,3.692109,-2.970703,-15.6343,-23.34792,-20.65536,-18.25257,-19.05362,24,24,24,24,24,24,24,24,24,24,24,24,24,24,24,24,856,8560,-18.41439,-19.36004,3.535538,-8.790145,-0.3956137,-0.1227549,6.421245E-05,-2.88956E-05,0.7765469,-0.7724766,-0.5255982,-0.6735228,1.765843E-05,-0.5567991,8.026557E-07,0.5651627,24,24,24,24,24,24,24,24,24,24,24,24,24,24,24,24
857,8570,-17.43823,-19.10592,-19.08438,-2.071597,-18.70722,-21.23061,-18.63453,-6.773356,0.9920712,4.676671,-2.851875,-13.99532,-22.99084,-19.93923,-19.20642,-19.29467,24,24,24,24,24,24,24,24,24,24,24,24,24,24,24,24,857,8570,-20.29533,-19.62326,3.404589,-8.661048,0.129669,-0.1227549,-0.2611344,0.521479,-0.9059478,-0.6437306,-1.605311E-05,1.077668,-0.1279642,0.2227466,-0.3613428,0.2260856,24,24,24,24,24,24,24,24,24,24,24,24,24,24,24,24
858,8580,-19.48247,-18.86407,-18.83821,-2.315302,-18.10376,-20.2433,-18.25168,-7.149519,1.363669,5.045881,-3.327188,-15.13,-22.75279,-19.70052,-18.84873,-19.89728,24,24,24,24,24,24,24,24,24,24,24,24,24,24,24,24,858,8580,-19.08615,-19.49165,2.880808,-8.402856,0.39231,-3.531685E-05,0.6530615,-2.88956E-05,1.123718E-05,0.5149855,0.2627766,-0.4041098,0.2559797,-0.2227081,-0.1204469,-0.3390386,24,24,24,24,24,24,24,24,24,24,24,24,24,24,24,24
859,8590,-18.88122,-19.9524,-19.33054,-3.168269,-19.67276,-22.46474,-19.40022,-8.403396,0.3727413,3.076758,-3.208415,-15.13,-22.75279,-20.41665,-19.08719,-19.65623,24,24,24,24,24,24,24,24,24,24,24,24,24,24,24,24,859,8590,-20.42968,-20.28131,3.273647,-8.144466,-0.3956137,0.1226843,-1.04473,-0.7822939,1.123718E-05,0,-0.3942035,0.4041323,-1.023834,0.1113829,0.2408966,0.6781862,24,24,24,24,24,24,24,24,24,24,24,24,24,24,24,24
860,8600,-18.76097,-18.38038,-19.20746,-1.70604,-19.06929,-20.2433,-18.76214,-7.024131,1.115937,4.30746,-3.683728,-15.50822,-22.63377,-19.58116,-18.3718,-19.05362,24,24,24,24,24,24,24,24,24,24,24,24,24,24,24,24,860,8600,-19.62356,-19.22843,3.928377,-8.531951,0.654951,-0.6136367,0.3918629,-0.1304059,0.7765469,0.5149855,-1.605311E-05,-0.6735742,0.1279979,1.926374E-05,-0.240895,-0.3390386,24,24,24,24,24,24,24,24,24,24,24,24,24,24,24,24
861,8610,-19.00147,-18.5013,-18.9613,-2.071597,-19.06929,-20.73696,-18.50691,-7.776457,1.363669,3.938249,-2.495443,-14.37355,-22.27669,-20.41665,-18.84873,-18.45101,24,24,24,24,24,24,24,24,24,24,24,24,24,24,24,24,861,8610,-18.54874,-18.43878,3.01175,-7.498079,-0.3956137,-0.7363563,0.2612628,0.9126099,1.123718E-05,-0.3862379,-1.313973,0.2693745,0.1279449,1.926374E-05,-0.3613428,-0.1129882,24,24,24,24,24,24,24,24,24,24,24,24,24,24,24,24
862,8620,-18.64072,-19.10592,-18.83821,-2.924564,-19.31067,-20.36672,-18.76214,-6.773356,1.6114,4.06132,-2.495443,-14.49962,-21.91962,-19.58116,-18.49103,-19.53571,24,24,24,24,24,24,24,24,24,24,24,24,24,24,24,24,862,8620,-18.68309,-18.96521,3.404589,-9.048338,0.129669,-3.531685E-05,-0.3917329,0.391102,-0.3882574,-1.029969,-1.605311E-05,-4.013279E-05,-0.6399446,0.3341102,-0.240895,0.2260856,24,24,24,24,24,24,24,24,24,24,24,24,24,24,24,24
863,8630,-19.24197,-18.985,-20.3152,-1.949745,-20.03482,-21.10719,-20.1659,-7.901845,0.6204729,4.06132,-3.683728,-15.50822,-23.82402,-20.05858,-18.96796,-18.57153,24,24,24,24,24,24,24,24,24,24,24,24,24,24,24,24,863,8630,-18.54874,-19.22843,2.487969,-8.402856,-0.001651865,-0.2454778,0.6530615,-0.3911598,-0.3882574,0,0.3941714,-0.2694531,-3.692216E-05,-0.4454354,-0.1204469,0.3391124,24,24,24,24,24,24,24,24,24,24,24,24,24,24,24,24
864,8640,-19.24197,-18.74315,-19.08438,-1.949745,-18.58653,-21.47743,-18.88976,-7.65107,1.363669,3.199828,-2.376615,-15.00392,-22.15767,-21.37148,-19.9218,-19.53571,24,24,24,24,24,24,24,24,24,24,24,24,24,24,24,24,864,8640,-18.41439,-20.01809,3.404589,-8.144466,0.9175919,0.2454039,0.6530615,-0.9126709,0.2588564,0.1287468,0.2627766,0.6734955,-3.692216E-05,-0.5567991,-1.08403,-0.3390386,24,24,24,24,24,24,24,24,24,24,24,24,24,24,24,24
865,8650,-19.84322,-19.71055,-19.08438,-2.315302,-19.55206,-21.35402,-18.88976,-7.525682,1.363669,3.815179,-2.7331,-15.25607,-23.94304,-20.65536,-20.51796,-20.37937,24,24,24,24,24,24,24,24,24,24,24,24,24,24,24,24,865,8650,-19.48921,-19.22843,4.190274,-6.98097,-0.001651865,0.1226843,0.1306643,0.6518559,0.1294331,0,0.2627766,-0.1347466,-0.3839808,0.4454755,-0.1204469,0.1130621,24,24,24,24,24,24,24,24,24,24,24,24,24,24,24,24
866,8660,-20.08372,-20.19425,-21.66911,-2.315302,-20.39691,-22.58815,-20.03829,-8.528783,1.487535,4.43053,-2.851929,-15.38215,-23.70499,-20.17793,-19.56411,-20.0178,24,24,24,24,24,24,24,24,24,24,24,24,24,24,24,24,866,8660,-20.02662,-19.75487,3.535538,-7.885911,0.2609891,-0.8590792,-0.1305343,0.2607251,-0.3882574,1.02997,-0.6569929,-0.1347466,-0.1280188,0.7795665,-0.9635817,-0.6781124,24,24,24,24,24,24,24,24,24,24,24,24,24,24,24,24
867,8670,-19.84322,-20.43609,-19.82287,-2.437154,-20.15552,-22.34132,-19.14499,-8.528783,1.487535,3.322898,-2.851929,-16.1386,-23.58597,-21.96826,-19.80257,-19.77676,24,24,24,24,24,24,24,24,24,24,24,24,24,24,24,24,867,8670,-20.56403,-19.75487,3.535538,-7.627357,-0.9208965,-0.6136367,-0.2611344,-0.1304059,-0.258834,-0.128746,-0.7883909,-0.2694531,0.5118889,1.926374E-05,-0.3613428,-0.1129882,24,24,24,24,24,24,24,24,24,24,24,24,24,24,24,24
868,8680,-19.96347,-19.83147,-19.82287,-2.315252,-19.79344,-22.83498,-19.78306,-8.528783,1.487535,3.938249,-2.495443,-14.87785,-22.99084,-20.536,-20.2795,-20.49989,24,24,24,24,24,24,24,24,24,24,24,24,24,24,24,24,868,8680,-20.16097,-20.28131,3.797435,-8.661048,-0.001651865,0.4908432,6.421245E-05,0.2607251,0.2588564,-1.029969,0.1313787,-4.013279E-05,-0.5119627,0.2227466,8.026557E-07,-0.2260118,24,24,24,24,24,24,24,24,24,24,24,24,24,24,24,24
869,8690,-20.44447,-20.43609,-20.93062,-2.680809,-20.39691,-22.58815,-19.65545,-7.901845,1.982999,4.30746,-3.327243,-16.01252,-24.65719,-20.89406,-20.16026,-20.49989,24,24,24,24,24,24,24,24,24,24,24,24,24,24,24,24,869,8690,-20.29533,-19.62326,2.226072,-8.402856,0.2609899,0.1226843,0.1306643,-0.3911598,-0.5176808,0,0.1313787,0.5387874,0.6398707,0.1113829,-0.3613428,-0.2260118,24,24,24,24,24,24,24,24,24,24,24,24,24,24,24,24
870,8700,-20.44447,-21.28256,-20.93062,-2.924513,-21.12106,-24.56276,-20.80398,-8.779558,0.248875,3.815179,-2.851929,-15.76037,-24.53817,-22.92309,-20.75642,-20.86146,24,24,24,24,24,24,24,24,24,24,24,24,24,24,24,24,870,8700,-19.48921,-20.80775,3.273647,-7.110248,0.2609899,0.4908464,6.421245E-05,-0.6519169,1.123718E-05,0.9012234,-1.05118,0.5387874,-0.2560006,-0.3340717,8.026557E-07,0.1130621,24,24,24,24,24,24,24,24,24,24,24,24,24,24,24,24
871,8710,-20.32422,-20.67794,-20.06904,-2.193399,-20.15552,-22.34133,-20.03829,-7.65107,0.1250092,4.5536,-3.208415,-15.13,-24.77622,-21.13277,-20.51796,-20.74094,24,24,24,24,24,24,24,24,24,24,24,24,24,24,24,24,871,8710,-20.96709,-19.36004,3.666486,-8.531951,-0.132972,-0.6136335,-0.522333,0.1303481,0.1294331,-0.2574919,0.2627766,0.134668,-0.5119627,0.3341102,-0.3613428,-0.1129882,24,24,24,24,24,24,24,24,24,24,24,24,24,24,24,24
872,8720,-21.52671,-20.79887,-21.17678,-2.437104,-21.00036,-22.71157,-19.78306,-7.400293,1.735266,4.30746,-2.851929,-15.25607,-24.89524,-21.61019,-20.75642,-21.22303,24,24,24,24,24,24,24,24,24,24,24,24,24,24,24,24,872,8720,-19.75792,-19.88648,3.142699,-7.627357,0.5236309,-0.6136335,0.5224614,1.042984,-0.5176808,0.2574928,-0.5255982,-0.5388677,-3.692216E-05,0.3341102,-0.9635817,-0.6781124,24,24,24,24,24,24,24,24,24,24,24,24,24,24,24,24
873,8730,-20.44447,-20.43609,-20.56137,-2.680809,-21.12106,-24.19252,-19.91068,-8.904945,0.9921225,3.322898,-3.327243,-16.01252,-23.34792,-21.13277,-19.68334,-21.22303,24,24,24,24,24,24,24,24,24,24,24,24,24,24,24,24,873,8730,-20.56403,-20.54453,4.321216,-7.885911,-1.052216,-0.1227517,0.3918629,-0.1304091,0.2588564,-1.416208,-0.2628087,-0.1347466,-3.692216E-05,-1.002255,-0.1204469,-0.3390386,24,24,24,24,24,24,24,24,24,24,24,24,24,24,24,24
874,8740,-19.60272,-20.07332,-19.82287,-1.340432,-20.27621,-22.0945,-20.03829,-7.149518,0.8682567,4.06132,-4.159043,-16.1386,-24.65719,-21.01342,-20.16026,-19.89728,24,24,24,24,24,24,24,24,24,24,24,24,24,24,24,24,874,8740,-19.62356,-19.09682,3.797435,-8.531951,0.5236309,0.4908464,-0.522333,0.5214757,-0.776526,-0.3862379,0.3941714,-4.013279E-05,-0.3839808,-0.2227081,0.3613448,0.452136,24,24,24,24,24,24,24,24,24,24,24,24,24,24,24,24
875,8750,-19.36222,-19.58963,-19.69979,-1.462285,-20.15552,-21.84768,-19.2726,-7.400293,1.611452,4.30746,-2.733046,-15.00392,-22.15767,-20.536,-18.96796,-20.37937,24,24,24,24,24,24,24,24,24,24,24,24,24,24,24,24,875,8750,-19.62356,-20.28131,2.880808,-7.368802,-0.132972,0.1226875,0.1306643,-0.9126741,0.7765469,-0.3862379,-0.3942035,-4.013279E-05,0.1279449,-0.5567991,-0.6022382,-0.2260118,24,24,24,24,24,24,24,24,24,24,24,24,24,24,24,24
876,8760,-19.36222,-19.83147,-19.94596,-2.680809,-19.43137,-21.47744,-18.88976,-7.651069,1.36372,3.815179,-2.851875,-15.25607,-22.99084,-19.93923,-18.84873,-20.37937,24,24,24,24,24,24,24,24,24,24,24,24,24,24,24,24,876,8760,-18.81744,-20.54453,2.880808,-8.015189,-0.526933,-3.210623E-05,6.421245E-05,-0.7822971,0.3882783,0.7724774,-0.5255982,0.9429117,-0.5119627,-0.2227081,-0.3613428,-0.1129882,24,24,24,24,24,24,24,24,24,24,24,24,24,24,24,24
877,8770,-18.40022,-18.62223,-20.56137,-1.949694,-20.27621,-21.60085,-20.1659,-7.525681,0.6205243,3.815179,-3.20836,-15.88645,-22.99084,-20.536,-19.20642,-18.69205,24,24,24,24,24,24,24,24,24,24,24,24,24,24,24,24,877,8770,-20.96709,-20.80775,4.190274,-8.531951,0.5236309,-0.9817956,-0.3917329,-3.210623E-05,0.2588564,-0.5149847,0.1313787,-0.8082791,-0.2560022,0.5568392,-0.2408946,-0.2260118,24,24,24,24,24,24,24,24,24,24,24,24,24,24,24,24
878,8780,-19.12172,-18.62223,-19.20746,-1.705989,-18.94861,-21.1072,-18.12407,-7.400293,1.735318,3.692109,-3.089532,-15.00392,-22.27669,-20.77471,-19.9218,-19.29467,24,24,24,24,24,24,24,24,24,24,24,24,24,24,24,24,878,8780,-20.16097,-20.80775,3.142699,-7.110248,-0.6582539,-0.9817956,0.3918629,0.3910988,0.5177017,0.2574928,-0.7883909,-0.2694515,0.5118856,0.2227964,-0.8431344,-0.791136,24,24,24,24,24,24,24,24,24,24,24,24,24,24,24,24
879,8790,-19.84322,-19.10593,-20.06904,-2.924513,-19.91413,-22.83498,-18.63453,-7.525681,1.487586,3.938249,-2.376561,-14.6257,-22.75279,-20.05858,-19.68334,-19.89728,24,24,24,24,24,24,24,24,24,24,24,24,24,24,24,24,879,8790,-20.29533,-21.5974,4.059325,-8.402856,-0.132972,0.3681268,0.9142601,-0.1304091,0.1294331,-1.287461,0.1313787,-3.692216E-05,-4.013279E-05,0.33416,0.2408966,3.852747E-05,24,24,24,24,24,24,24,24,24,24,24,24,24,24,24,24
880,8800,-19.60272,-18.62223,-19.82287,-2.558956,-20.15552,-21.35402,-19.65545,-7.525681,0.8682567,3.815179,-3.089532,-15.00392,-22.15767,-19.58116,-18.61026,-18.81258,24,24,24,24,24,24,24,24,24,24,24,24,24,24,24,24,880,8800,-20.29533,-19.75487,3.01175,-8.144466,-0.132972,0.6135693,-0.6529315,0.2607218,-0.1294122,-0.2574919,0.2627766,0.1346696,-4.013279E-05,0.33416,0.6022406,-0.3390386,24,24,24,24,24,24,24,24,24,24,24,24,24,24,24,24
881,8810,-18.64072,-18.985,-18.9613,-3.046366,-18.70722,-21.35402,-18.3793,-8.278008,0.9921225,2.707548,-3.564845,-15.25607,-22.39572,-20.41665,-19.32565,-18.45101,24,24,24,24,24,24,24,24,24,24,24,24,24,24,24,24,881,8810,-18.9518,-19.75487,3.928377,-7.885911,0.1296698,-0.4909138,0.1306643,-0.7822971,0.1294331,0.1287468,-0.3942035,-3.692216E-05,-0.5119659,-0.6681145,-0.7226863,-0.3390386,24,24,24,24,24,24,24,24,24,24,24,24,24,24,24,24
882,8820,-18.27998,-18.5013,-18.34588,-2.680809,-17.98307,-19.99648,-17.48599,-7.400293,1.859184,4.30746,-2.495389,-14.37355,-21.80059,-18.98439,-18.96796,-19.17414,24,24,24,24,24,24,24,24,24,24,24,24,24,24,24,24,882,8820,-21.10144,-20.41292,3.01175,-7.627357,0.1296698,0.2454072,-0.1305343,0.2607218,-0.1294122,0.5149855,-1.605311E-05,-0.404158,-0.5119659,0.2227964,0.4817924,0.2260856,24,24,24,24,24,24,24,24,24,24,24,24,24,24,24,24
883,8830,-19.48247,-18.25945,-19.57671,-3.168218,-19.18998,-20.86037,-19.01737,-7.02413,0.9921225,4.30746,-2.851875,-15.25607,-22.51474,-19.46181,-18.7295,-18.9331,24,24,24,24,24,24,24,24,24,24,24,24,24,24,24,24,883,8830,-20.29533,-20.1497,3.011795,-8.273744,1.180234,-1.104515,-0.2611344,-0.260786,0.3882783,-0.5149847,0.1313787,-0.5388645,1.023811,0.2227964,-0.9635817,-0.4520621,24,24,24,24,24,24,24,24,24,24,24,24,24,24,24,24
884,8840,-18.76097,-19.4687,-18.09972,-3.29007,-18.82791,-21.97109,-18.76214,-8.528783,1.487586,3.076758,-2.495389,-14.87785,-21.80059,-20.29729,-18.25257,-19.53571,24,24,24,24,24,24,24,24,24,24,24,24,24,24,24,24,884,8840,-19.2205,-19.62326,2.749905,-7.885912,-1.183537,-0.3681942,0.5224614,-0.52154,1.123718E-05,0.5149855,-0.9197856,0.4040841,0.5118856,-0.5567509,-0.4817905,-0.1129882,24,24,24,24,24,24,24,24,24,24,24,24,24,24,24,24
885,8850,-18.52047,-18.985,-18.59205,-2.193398,-18.10376,-19.74965,-18.50691,-7.776456,1.239854,4.06132,-3.20836,-15.38215,-23.58597,-20.05858,-20.04103,-19.41519,24,24,24,24,24,24,24,24,24,24,24,24,24,24,24,24,885,8850,-18.54874,-19.22843,4.452209,-8.273745,-0.3956137,0.9817281,0.3918629,0.1303449,0.5177017,-0.6437306,-0.1314108,-0.134745,-0.1280204,0.4455237,-0.9635817,0.3391124,24,24,24,24,24,24,24,24,24,24,24,24,24,24,24,24
886,8860,-20.20397,-19.9524,-20.68445,-2.80266,-20.51759,-22.34132,-20.29352,-8.278008,1.487586,4.5536,-2.257732,-13.86925,-23.22889,-21.13277,-19.56411,-19.53571,24,24,24,24,24,24,24,24,24,24,24,24,24,24,24,24,886,8860,-19.89227,-19.49165,3.142744,-8.015189,0.129669,0.2454072,-0.1305343,-0.6519201,-0.5176808,-0.3862379,0.1313787,-0.134745,0.3839054,0.2227964,-0.7226863,0.452136,24,24,24,24,24,24,24,24,24,24,24,24,24,24,24,24
887,8870,-19.24197,-19.9524,-19.69979,-2.80266,-19.31067,-22.83498,-19.2726,-8.152619,0.9921225,3.445969,-3.683673,-15.50822,-23.46694,-21.13277,-18.84872,-20.62042,24,24,24,24,24,24,24,24,24,24,24,24,24,24,24,24,887,8870,-19.35486,-20.54453,4.32126,-7.627357,0.654951,-0.2454746,0.7836119,-1.303805,0.2588564,0.1287468,0.2627766,0.4040841,-4.013279E-05,-0.2226599,-0.8431344,-0.1129882,24,24,24,24,24,24,24,24,24,24,24,24,24,24,24,24
888,8880,-20.32422,-19.22685,-20.56137,-2.193398,-20.63828,-21.97108,-20.54875,-8.403394,0.9921225,4.922811,-2.733046,-15.13,-24.18109,-21.72955,-20.51795,-19.53571,24,24,24,24,24,24,24,24,24,24,24,24,24,24,24,24,888,8880,-20.29533,-20.80775,3.928422,-7.110249,0.5236301,-0.6136335,-1.044778,-0.5214886,0.5177017,-0.128746,0.3941714,-0.404158,-0.2560022,-0.2226599,-0.2408946,3.852747E-05,24,24,24,24,24,24,24,24,24,24,24,24,24,24,24,24
889,8890,-20.32422,-19.34777,-19.82288,-2.315251,-19.43136,-21.10719,-19.14499,-7.901844,1.239803,4.06132,-1.901247,-14.87785,-22.75279,-22.08761,-20.39873,-20.0178,24,24,24,24,24,24,24,24,24,24,24,24,24,24,24,24,889,8890,-20.02662,-19.62326,3.011795,-8.144467,-0.1329728,-0.9817956,0.1306145,0.782281,-0.6471042,0.1287468,-0.3942035,-0.5388645,0.1279417,6.742308E-05,-0.9635817,-0.791136,24,24,24,24,24,24,24,24,24,24,24,24,24,24,24,24
890,8900,-20.20397,-20.67794,-20.93062,-2.924513,-20.27621,-22.34132,-21.05921,-10.03343,0.6204729,5.784302,0.4753231,-13.49102,-23.94304,-22.92309,-20.75642,-20.62042,24,24,24,24,24,24,24,24,24,24,24,24,24,24,24,24,890,8900,-18.54874,-19.22843,3.273692,-7.756635,-0.1329728,0.2454072,0.1306145,-0.6518688,-0.388259,-0.901223,-0.5255982,-3.692216E-05,0.2559235,-0.4453872,0.6022406,3.852747E-05,24,24,24,24,24,24,24,24,24,24,24,24,24,24,24,24
891,8910,-20.92547,-19.34777,-20.06904,-2.193398,-21.24174,-21.97108,-20.29352,-8.779557,-0.2465887,3.076758,-4.396648,-14.37355,-23.34792,-20.77471,-20.16026,-20.0178,24,24,24,24,24,24,24,24,24,24,24,24,24,24,24,24,891,8910,-18.9518,-19.09682,3.404634,-8.531952,0.39231,0.2454072,-0.3917827,0.3911502,-0.1294138,-0.7724766,0.2627766,0.1346696,-0.5119659,0.2227964,0.3613448,0.3391124,24,24,24,24,24,24,24,24,24,24,24,24,24,24,24,24
892,8920,-19.96347,-19.34777,-20.3152,-2.193398,-19.43136,-21.84767,-19.2726,-7.651068,2.478463,3.938249,-1.663592,-14.75177,-22.63377,-21.13277,-20.16026,-20.25885,24,24,24,24,24,24,24,24,24,24,24,24,24,24,24,24,892,8920,-18.41438,-18.8336,3.142744,-7.49808,0.5236301,-0.1227517,0.2612146,-0.1303577,-0.5176824,0.7724774,0.1313787,-0.8082775,0.1279417,-0.8908418,-0.1204469,-0.5650889,24,24,24,24,24,24,24,24,24,24,24,24,24,24,24,24
893,8930,-19.48247,-19.71055,-20.06904,-2.315251,-19.18998,-21.97108,-18.88976,-8.403394,0.8682054,2.830617,-3.44602,-15.38215,-23.46694,-21.13277,-20.63719,-19.65623,24,24,24,24,24,24,24,24,24,24,24,24,24,24,24,24,893,8930,-18.81744,-20.1497,4.452209,-7.239526,-0.1329728,0.4908464,-0.5223812,-1.043,0.2588548,1.158716,-0.7883909,0.4040858,-3.692216E-05,-0.3340236,0.3613448,0.452136,24,24,24,24,24,24,24,24,24,24,24,24,24,24,24,24
894,8940,-20.56472,-20.19424,-21.0537,-2.315251,-20.75897,-21.84767,-19.65545,-8.403394,1.115937,3.076758,-2.970706,-15.38215,-23.82402,-20.17794,-19.44488,-20.13833,24,24,24,24,24,24,24,24,24,24,24,24,24,24,24,24,894,8940,-20.69838,-18.8336,4.190319,-8.402856,0.5236301,-0.3681942,-0.6529813,-0.1303577,-0.1294138,-0.5149847,0.1313787,-0.5388629,0.1279449,6.742308E-05,-0.7226863,-0.791136,24,24,24,24,24,24,24,24,24,24,24,24,24,24,24,24
895,8950,-19.36222,-20.07332,-20.06904,-2.80266,-19.79344,-22.83498,-20.1659,-9.15572,1.115937,2.461407,-2.614221,-15.76037,-23.70499,-22.68439,-20.87565,-19.53571,24,24,24,24,24,24,24,24,24,24,24,24,24,24,24,24,895,8950,-19.08615,-19.75487,3.142744,-7.49808,-0.1329728,-1.227235,0.5224133,1.043035,0.1294314,0.1287468,-0.9197856,-0.4041564,0.5118889,-0.2226599,-1.08403,-1.469287,24,24,24,24,24,24,24,24,24,24,24,24,24,24,24,24
896,8960,-19.96347,-19.4687,-19.45363,-2.193398,-19.91413,-22.58815,-19.14499,-7.901844,0.9920712,3.445969,-3.327192,-14.87785,-23.70499,-20.77471,-20.99488,-21.34355,24,24,24,24,24,24,24,24,24,24,24,24,24,24,24,24,896,8960,-19.62356,-19.49165,3.142744,-8.661049,-0.9208965,-0.1227517,0.2612146,-0.1303577,0.3882767,-0.128746,-0.6569929,0.2693793,0.1279449,-0.4453872,-0.1204469,0.4520782,24,24,24,24,24,24,24,24,24,24,24,24,24,24,24,24
897,8970,-21.28622,-20.67794,-22.16144,-2.680808,-21.8452,-23.69887,-20.93159,-8.528782,1.487535,4.06132,-2.851877,-15.38215,-23.58597,-22.20697,-21.35257,-20.0178,24,24,24,24,24,24,24,24,24,24,24,24,24,24,24,24,897,8970,-18.9518,-18.8336,3.535583,-8.144467,0.654951,-0.1227517,-0.7835798,0.2607732,-0.1294138,-1.416208,0.2627766,-0.1347418,0.1279449,0.2227964,0.1204489,-1.926374E-05,24,24,24,24,24,24,24,24,24,24,24,24,24,24,24,24
898,8980,-20.44447,-21.28256,-20.68445,-2.924513,-20.03482,-23.45204,-20.42113,-9.030333,0.8682054,2.707548,-3.44602,-15.6343,-23.22889,-21.37148,-19.56411,-21.1025,24,24,24,24,24,24,24,24,24,24,24,24,24,24,24,24,898,8980,-19.08615,-19.49165,2.618956,-7.239526,0.7862719,-0.2454746,0.6530117,-1.043,-0.1294138,0.5149855,0.1313787,-0.1347418,0.6398707,-0.1112962,-0.8431344,-1.926374E-05,24,24,24,24,24,24,24,24,24,24,24,24,24,24,24,24
899,8990,-20.32422,-20.19424,-19.94596,-2.437103,-19.67275,-21.47743,-19.14499,-7.149518,0.248875,4.676671,-3.089535,-14.87785,-24.30012,-20.77471,-19.80257,-19.65623,24,24,24,24,24,24,24,24,24,24,24,24,24,24,24,24,899,8990,-19.08615,-20.1497,3.79748,-7.627357,-0.6582547,0.8590086,-0.130584,-0.9126227,9.631868E-06,0.1287468,-0.5255982,0.6734987,-0.6399446,-0.4453872,-0.3613428,0.1130043,24,24,24,24,24,24,24,24,24,24,24,24,24,24,24,24
900,9000,-20.20397,-19.9524,-19.57671,-2.071547,-19.67275,-21.47743,-19.52783,-7.400293,1.6114,4.30746,-2.495391,-14.49962,-22.87182,-20.89406,-19.56411,-19.77675,24,24,24,24,24,24,24,24,24,24,24,24,24,24,24,24,900,9000,-20.83274,-19.88648,4.190319,-8.273745,0.5236301,-0.2454746,-0.7835798,0.1303962,0.2588548,0.1287468,0.2627766,-0.942984,0.2559268,0.4455237,0.2408966,-0.4521199,24,24,24,24,24,24,24,24,24,24,24,24,24,24,24,24
901,9010,-19.60272,-19.71055,-19.45362,-2.802661,-20.27621,-22.46474,-19.52783,-9.030333,0.3727413,2.830617,-4.515477,-16.39075,-24.18109,-22.56503,-20.16026,-20.74094,24,24,24,24,24,24,24,24,24,24,24,24,24,24,24,24,901,9010,-19.48921,-18.96521,3.535583,-7.239526,-0.3956137,-1.227235,0.1306145,0.912658,-0.6471042,0.2574928,-0.2628087,-3.531685E-05,-0.1280188,0.1114327,-0.9635825,-1.243294,24,24,24,24,24,24,24,24,24,24,24,24,24,24,24,24
902,9020,-20.08372,-20.19424,-20.68445,-2.558956,-20.75897,-22.71156,-19.91068,-7.274905,0.6204729,4.5536,-3.44602,-14.49962,-23.70499,-20.89406,-19.68334,-19.77675,24,24,24,24,24,24,24,24,24,24,24,24,24,24,24,24,902,9020,-19.2205,-20.1497,3.273692,-7.627357,-0.6582547,0.4908432,0.3918132,-0.2607347,0.5177001,0.1287468,-1.313973,0.1346712,1.151796,0.1114327,0.2408966,-0.113046,24,24,24,24,24,24,24,24,24,24,24,24,24,24,24,24
903,9030,-19.84322,-19.4687,-20.06904,-2.071547,-19.67276,-22.21791,-19.14499,-7.400293,1.487535,3.692109,-3.208363,-15.50822,-22.87182,-21.01342,-19.44488,-20.25885,24,24,24,24,24,24,24,24,24,24,24,24,24,24,24,24,903,9030,-18.81744,-18.17556,2.749905,-8.919242,0.129669,0.3681236,0.3918132,-0.1303577,-0.2588356,-0.6437306,0.2627766,0.1346712,-0.1280188,0.33416,0.1204489,0.6781285,24,24,24,24,24,24,24,24,24,24,24,24,24,24,24,24
904,9040,-20.08372,-20.31516,-20.56137,-2.680809,-20.63828,-22.34132,-19.65545,-8.152619,0.9920712,4.30746,-2.851877,-15.38215,-23.10987,-20.17794,-19.44488,-20.0178,24,24,24,24,24,24,24,24,24,24,24,24,24,24,24,24,904,9040,-19.08615,-19.49165,2.749905,-7.885912,0.129669,-0.4909171,0.2612146,-0.2607828,-0.2588356,0,0.9197535,-0.4041564,0.7678509,-0.2226599,0.6022402,-1.926374E-05,24,24,24,24,24,24,24,24,24,24,24,24,24,24,24,24
905,9050,-19.72297,-18.86407,-19.69979,-2.193399,-19.91413,-20.49013,-18.76214,-7.400293,0.1250092,4.184389,-3.683677,-15.76037,-23.46694,-20.41665,-19.20642,-19.65623,24,24,24,24,24,24,24,24,24,24,24,24,24,24,24,24,905,9050,-19.75791,-20.41292,3.535583,-7.368804,-0.6582547,0.1226843,-0.3917827,-1.043048,0.2588548,0.6437315,-0.1314108,0.5387923,-0.8959066,-0.6681145,-0.1204469,0.1130043,24,24,24,24,24,24,24,24,24,24,24,24,24,24,24,24
906,9060,-19.60272,-19.9524,-20.3152,-1.949694,-20.75897,-22.71156,-19.01737,-8.278008,1.239803,2.953688,-3.089535,-16.26468,-23.46694,-22.44567,-20.51796,-18.9331,24,24,24,24,24,24,24,24,24,24,24,24,24,24,24,24,906,9060,-20.83274,-20.1497,4.32126,-8.144467,0.39231,-0.4909171,-0.9141799,-0.3911598,0.5177001,-0.3862379,0.3941714,-0.2694483,-0.7679248,0.33416,-0.1204469,-0.2260696,24,24,24,24,24,24,24,24,24,24,24,24,24,24,24,24
907,9070,-20.56472,-20.07332,-20.06904,-2.315252,-20.39691,-22.71156,-18.50691,-7.901844,1.611401,4.06132,-3.089533,-14.75177,-22.27669,-20.05858,-19.80257,-21.22303,24,24,24,24,24,24,24,24,24,24,24,24,24,24,24,24,907,9070,-18.68309,-17.91234,3.535583,-7.49808,0.39231,-0.6136367,1.605311E-05,0.6518559,-0.2588356,0,-0.1314172,-1.07769,0.2559268,0.2227964,-0.8431344,-0.6781702,24,24,24,24,24,24,24,24,24,24,24,24,24,24,24,24
908,9080,-20.56472,-20.19424,-21.0537,-2.193399,-20.75897,-22.71156,-20.03829,-8.027232,0.7443388,3.199829,-3.32719,-15.00392,-23.58597,-20.41665,-19.32565,-19.29466,24,24,24,24,24,24,24,24,24,24,24,24,24,24,24,24,908,9080,-19.48921,-19.49165,4.452209,-8.273745,-0.7895756,-0.2454778,-0.3917827,-0.1304059,0.3882767,-0.3862379,-0.5256046,0.1346696,0.5118889,-0.2226599,-0.7226863,-1.926374E-05,24,24,24,24,24,24,24,24,24,24,24,24,24,24,24,24
909,9090,-19.12172,-19.71055,-19.57671,-2.071547,-19.67276,-22.83498,-18.3793,-8.152619,1.487535,3.076758,-3.208362,-15.50822,-22.99084,-21.61019,-19.56411,-19.53571,24,24,24,24,24,24,24,24,24,24,24,24,24,24,24,24,909,9090,-20.02662,-19.88648,3.535583,-8.790146,-0.2642928,0.2454039,-0.2611825,0.9126099,-0.7765276,-0.901223,-0.1314172,0.4040841,-0.5119081,0.5568873,-0.1204469,-0.113046,24,24,24,24,24,24,24,24,24,24,24,24,24,24,24,24
910,9100,-19.48247,-19.22685,-19.20746,-1.949694,-19.06929,-20.98378,-18.50691,-7.400293,1.611401,4.43053,-3.208362,-15.00392,-22.75279,-18.98439,-19.08719,-20.25885,24,24,24,24,24,24,24,24,24,24,24,24,24,24,24,24,910,9100,-19.08615,-19.88648,2.488014,-7.49808,0.5236301,0.1226843,0.1306145,-2.88956E-05,-0.6471042,-0.128746,-0.2628119,-0.6735726,0.1279979,-0.4454354,-0.240895,0.1130043,24,24,24,24,24,24,24,24,24,24,24,24,24,24,24,24
911,9110,-18.76097,-19.58962,-19.82287,-2.315252,-19.55206,-21.23061,-19.01737,-7.525681,1.611401,3.938249,-3.564847,-14.49962,-22.15767,-18.98439,-19.08719,-19.17414,24,24,24,24,24,24,24,24,24,24,24,24,24,24,24,24,911,9110,-20.02662,-20.28131,3.404634,-7.885912,-0.2642928,0.4908432,-0.5223812,-1.043048,0.1294314,0.2574928,-2.247436E-05,0.4040841,-0.7678718,-0.2227081,-0.240895,-0.3390931,24,24,24,24,24,24,24,24,24,24,24,24,24,24,24,24
912,9120,-19.24197,-19.4687,-18.34588,-2.924513,-18.58653,-21.35402,-18.63453,-8.027232,0.9920712,3.199829,-3.208362,-14.6257,-22.39572,-19.58116,-18.61027,-19.53571,24,24,24,24,24,24,24,24,24,24,24,24,24,24,24,24,912,9120,-20.29533,-19.22843,4.32126,-7.627357,0.654951,-3.531685E-05,-0.6529813,0.391102,0.2588548,-0.3862379,0.3941649,-0.134745,0.2559797,0.5568392,-0.1204469,-0.2260696,24,24,24,24,24,24,24,24,24,24,24,24,24,24,24,24
913,9130,-19.12172,-18.985,-19.57671,-1.949694,-20.5176,-20.73696,-19.65545,-7.776456,0.6204729,4.30746,-3.208362,-14.75177,-23.70499,-20.77471,-19.32565,-19.05362,24,24,24,24,24,24,24,24,24,24,24,24,24,24,24,24,913,9130,-19.08615,-18.70199,3.273692,-8.273745,-0.001651865,-1.104518,0.5224133,0.2607251,-0.2588356,0,-0.7883941,-3.692216E-05,0.3839616,0.2227466,-1.204478,-0.5651435,24,24,24,24,24,24,24,24,24,24,24,24,24,24,24,24
914,9140,-19.48247,-18.985,-19.45362,-2.437104,-19.67276,-20.73696,-18.50691,-7.776456,1.239803,3.199829,-2.970704,-15.25607,-22.51474,-21.37148,-20.2795,-20.0178,24,24,24,24,24,24,24,24,24,24,24,24,24,24,24,24,914,9140,-18.54874,-18.57039,3.666531,-7.885912,-0.9208965,-0.1227549,0.2612146,-0.3911598,0.2588548,-0.6437306,-0.6569993,-0.134745,1.765843E-05,0.2227466,0.3613443,-0.3390931,24,24,24,24,24,24,24,24,24,24,24,24,24,24,24,24
915,9150,-20.32422,-20.43609,-20.56137,-2.437104,-20.39691,-22.34132,-19.14499,-7.776456,1.115937,4.18439,-3.089533,-15.13,-23.46694,-20.65536,-19.56411,-20.62042,24,24,24,24,24,24,24,24,24,24,24,24,24,24,24,24,915,9150,-19.2205,-18.57039,3.797435,-8.144467,0.2609891,0.981725,-0.2611825,0.2607251,-0.388259,-1.029969,0.3941649,0.4040841,-0.255946,0.5568392,8.026557E-07,0.1130043,24,24,24,24,24,24,24,24,24,24,24,24,24,24,24,24
916,9160,-20.08372,-19.9524,-20.93062,-2.071597,-20.39691,-22.46474,-20.1659,-8.779558,0.6204729,4.06132,-1.901248,-13.36495,-21.44352,-18.98439,-18.13334,-19.05362,24,24,24,24,24,24,24,24,24,24,24,24,24,24,24,24,916,9160,-18.54874,-19.09682,3.273647,-8.015189,0.5236301,-3.531685E-05,0.1306145,-1.043048,-0.1294138,0.2574928,-0.1314172,-0.134745,0.3839616,-0.1113444,-0.6022386,-1.926374E-05,24,24,24,24,24,24,24,24,24,24,24,24,24,24,24,24
917,9170,-18.52047,-18.62223,-18.83821,-2.437154,-18.10376,-19.87306,-17.74122,-7.274906,1.487535,2.953688,-2.376562,-15.76037,-22.99084,-21.61019,-20.2795,-18.08944,24,24,24,24,24,24,24,24,24,24,24,24,24,24,24,24,917,9170,-18.68309,-19.09682,4.059325,-6.851695,-0.3956137,0.613566,-0.2611825,-0.7822939,0.1294314,0,-0.3942067,0.5387906,-0.3839279,-0.1113444,8.026557E-07,0.6781285,24,24,24,24,24,24,24,24,24,24,24,24,24,24,24,24
918,9180,-19.48247,-18.74315,-19.33055,-2.19345,-19.79344,-21.84767,-19.01737,-8.152619,1.363669,4.06132,-2.851876,-14.37355,-22.51474,-19.58116,-19.32565,-20.25885,24,24,24,24,24,24,24,24,24,24,24,24,24,24,24,24,918,9180,-19.75792,-18.43878,4.583113,-8.015189,0.129669,-0.7363563,-0.6529813,-2.88956E-05,0.5177001,0,-0.2628119,-0.404158,-0.5119081,0.1113829,-0.3613428,-0.2260696,24,24,24,24,24,24,24,24,24,24,24,24,24,24,24,24
919,9190,-20.56472,-19.9524,-19.69979,-2.802711,-19.91413,-20.86037,-19.2726,-8.278008,0.7443388,4.06132,-2.495391,-14.24747,-23.58597,-20.77471,-18.96796,-18.9331,24,24,24,24,24,24,24,24,24,24,24,24,24,24,24,24,919,9190,-18.81745,-18.96521,3.142699,-7.627357,-0.9208965,-1.104518,0.130613,0.2607251,-0.2588356,0,-0.9197921,-0.404158,0.3839616,1.926374E-05,-0.7226863,-0.7911938,24,24,24,24,24,24,24,24,24,24,24,24,24,24,24,24
920,9200,-19.72297,-19.22685,-18.83821,-2.315302,-19.55206,-22.71156,-19.01737,-8.654171,1.487535,3.076758,-3.089533,-15.6343,-22.99084,-21.13277,-18.7295,-19.41519,24,24,24,24,24,24,24,24,24,24,24,24,24,24,24,24,920,9200,-18.54874,-19.22843,3.797435,-8.531952,-0.6582547,-3.531685E-05,0.3918115,-0.1304091,0.5177001,-1.158715,-0.3942067,-0.134745,-0.63989,0.1113829,0.2408966,0.3390546,24,24,24,24,24,24,24,24,24,24,24,24,24,24,24,24
921,9210,-18.27998,-19.34777,-17.97664,-2.315302,-18.34514,-20.61354,-18.50691,-7.024131,1.735266,4.06132,-2.851876,-14.24747,-22.87182,-19.10374,-18.7295,-19.41519,24,24,24,24,24,24,24,24,24,24,24,24,24,24,24,24,921,9210,-18.81745,-19.22843,3.273647,-8.402856,0.129669,0.3681236,-0.6529829,-3.210623E-05,0.3882783,-0.2574919,-0.1314172,0.8082036,-0.1279642,0.1113829,-0.1204469,0.6781285,24,24,24,24,24,24,24,24,24,24,24,24,24,24,24,24
922,9220,-19.96347,-19.71055,-20.3152,-3.290121,-20.15552,-21.23061,-18.88976,-7.65107,1.115937,4.5536,-2.733047,-13.99532,-22.15767,-19.2231,-18.01411,-19.41519,24,24,24,24,24,24,24,24,24,24,24,24,24,24,24,24,922,9220,-18.68309,-19.36004,3.142699,-6.980972,0.39231,-0.1227549,0.130613,-1.173428,1.123718E-05,0,-2.247436E-05,0.1346696,0.6399236,-0.4454354,-0.7226863,-0.3390931,24,24,24,24,24,24,24,24,24,24,24,24,24,24,24,24
923,9230,-18.64072,-20.31516,-18.9613,-3.046417,-19.06929,-21.23061,-18.50691,-8.654171,0.4966071,2.953688,-3.327243,-14.75177,-22.27669,-20.17793,-18.96796,-19.29467,24,24,24,24,24,24,24,24,24,24,24,24,24,24,24,24,923,9230,-18.9518,-19.09682,3.797435,-7.49808,-0.1329728,0.4908432,-0.5223843,-0.260786,0.3882783,-0.2574919,-0.5255982,-3.692216E-05,-0.5119081,1.926374E-05,0.2408966,1.017206,24,24,24,24,24,24,24,24,24,24,24,24,24,24,24,24
924,9240,-18.52047,-19.10592,-18.46897,-3.168269,-19.31067,-20.61354,-19.14499,-7.400294,0.8682045,4.30746,-3.683728,-14.87785,-23.46694,-20.41665,-19.68334,-19.17414,24,24,24,24,24,24,24,24,24,24,24,24,24,24,24,24,924,9240,-19.35486,-18.70199,4.190274,-7.885912,0.5236301,-0.7363563,0.130613,0.6518527,1.123718E-05,-0.128746,-0.1314108,-1.616523,-0.63989,0.2227466,-0.6022386,-0.4521199,24,24,24,24,24,24,24,24,24,24,24,24,24,24,24,24
925,9250,-19.84322,-19.9524,-19.57671,-2.071597,-19.55206,-20.98378,-19.52783,-7.149519,1.115937,3.815179,-2.614272,-14.49962,-22.51474,-20.17793,-19.08719,-19.77676,24,24,24,24,24,24,24,24,24,24,24,24,24,24,24,24,925,9250,-19.08615,-18.04395,3.404589,-6.722417,-0.001651865,-0.7363563,0.130613,0.1303449,0.1294331,-0.2574919,-1.05118,0.2693745,0.2559268,0.2227466,-0.9635825,-0.4521199,24,24,24,24,24,24,24,24,24,24,24,24,24,24,24,24
926,9260,-19.00147,-19.71055,-19.94596,-2.680859,-19.55206,-22.46474,-19.14499,-8.027232,0.9920712,3.445969,-2.7331,-14.6257,-22.27669,-20.65536,-19.20642,-19.65623,24,24,24,24,24,24,24,24,24,24,24,24,24,24,24,24,926,9260,-20.02662,-19.88648,4.190274,-8.144467,-0.3956137,-0.2454778,-0.1305857,-0.1304091,0.2588564,-0.901223,0.1313787,0.134668,-0.2560006,0.3341102,0.4817924,-0.3390931,24,24,24,24,24,24,24,24,24,24,24,24,24,24,24,24
927,9270,-19.60272,-18.62223,-19.82287,-1.949745,-20.15552,-20.98378,-19.40022,-7.776457,0.4966071,3.938249,-3.446071,-14.87785,-23.10987,-20.29729,-18.7295,-19.05362,24,24,24,24,24,24,24,24,24,24,24,24,24,24,24,24,927,9270,-19.2205,-18.96521,3.273647,-8.015189,0.39231,-3.531685E-05,-0.5223843,0.6518527,-1.035371,-0.7724766,0.3941714,-0.2694531,-0.2560006,-0.1113444,-0.2408946,0.2260311,24,24,24,24,24,24,24,24,24,24,24,24,24,24,24,24
928,9280,-20.08372,-18.86407,-20.19212,-2.315302,-20.15552,-21.72426,-19.01737,-8.027232,1.487535,3.322898,-3.208415,-14.87785,-23.22889,-21.96826,-20.39873,-19.17414,24,24,24,24,24,24,24,24,24,24,24,24,24,24,24,24,928,9280,-19.08615,-19.75487,4.190274,-7.368804,0.129669,0.2454039,1.284249E-05,-0.52154,0.2588564,0.5149855,0.2627766,0.808202,0.2559268,-0.2227081,-0.8431344,-0.1129882,24,24,24,24,24,24,24,24,24,24,24,24,24,24,24,24
929,9290,-19.60272,-19.71055,-19.69979,-2.437154,-19.55206,-22.34132,-18.88976,-7.776457,1.239803,4.43053,-2.376615,-14.1214,-23.10987,-20.05858,-19.80257,-20.86146,24,24,24,24,24,24,24,24,24,24,24,24,24,24,24,24,929,9290,-20.16097,-20.01809,4.190274,-7.49808,-0.001651865,0.3681236,-0.5223843,-0.6519201,0.3882783,0.1287468,0.3941714,-0.1347466,-0.6399446,-0.1113444,-0.2408946,-0.1129882,24,24,24,24,24,24,24,24,24,24,24,24,24,24,24,24
930,9300,-20.08372,-19.9524,-20.56137,-1.949745,-19.91413,-21.72426,-19.2726,-8.403396,1.735266,3.569039,-3.089586,-14.75177,-23.46694,-20.65536,-19.44488,-20.0178,24,24,24,24,24,24,24,24,24,24,24,24,24,24,24,24,930,9300,-18.9518,-18.70199,3.797435,-8.015189,-0.001651865,-0.7363563,-0.2611858,0.5214757,-0.3882574,0.2574928,0.1313787,-0.8082823,0.6398707,-0.1113444,-0.6022382,-0.791136,24,24,24,24,24,24,24,24,24,24,24,24,24,24,24,24
931,9310,-19.00147,-19.9524,-19.69979,-2.559007,-19.18998,-22.83498,-19.52783,-8.15262,0.248875,2.953688,-3.5649,-15.13,-22.63377,-20.17794,-18.49103,-19.89728,24,24,24,24,24,24,24,24,24,24,24,24,24,24,24,24,931,9310,-19.2205,-19.75487,3.797486,-8.144467,0.654951,-0.1227549,1.044807,-0.260786,0.5177017,-0.6437306,-0.1314108,0.808202,0.2559268,0.3341102,8.026557E-07,-0.3390386,24,24,24,24,24,24,24,24,24,24,24,24,24,24,24,24
932,9320,-18.88122,-18.74315,-18.59205,-1.949694,-18.82791,-21.23061,-18.3793,-6.647968,1.735266,4.184389,-2.970757,-14.49962,-22.99084,-19.58116,-19.20642,-19.41519,24,24,24,24,24,24,24,24,24,24,24,24,24,24,24,24,932,9320,-19.75792,-19.49165,3.404641,-7.88591,0.39231,0.7362857,-0.2611858,0.1303449,-0.776526,-0.3862379,0.5255661,-0.5388677,0.1279449,1.926374E-05,0.3613448,0.5651627,24,24,24,24,24,24,24,24,24,24,24,24,24,24,24,24
933,9330,-19.00147,-18.62223,-20.06904,-2.437104,-19.91413,-20.98378,-18.50691,-6.773356,0.9920712,4.06132,-2.614272,-14.37355,-21.56254,-19.46181,-18.61027,-19.05362,24,24,24,24,24,24,24,24,24,24,24,24,24,24,24,24,933,9330,-18.81745,-19.36004,3.273699,-7.368801,0.2609891,-0.1227549,0.2612115,-0.52154,0.5177017,0,-0.1314108,-0.2694531,-0.1280188,-0.6681627,-0.1204469,-0.2260118,24,24,24,24,24,24,24,24,24,24,24,24,24,24,24,24
934,9340,-18.76097,-19.34778,-18.59205,-2.924513,-18.82791,-21.23061,-18.63453,-7.274907,0.6204729,3.815179,-2.7331,-15.00392,-22.15767,-19.93923,-18.01411,-19.53571,24,24,24,24,24,24,24,24,24,24,24,24,24,24,24,24,934,9340,-19.35486,-19.62326,3.535589,-8.144464,0.39231,-0.1227549,-0.6529829,-0.7822971,0.7765469,0.5149855,0.1313787,-0.1347466,-0.3839808,0.8909301,0.3613448,0.7912098,24,24,24,24,24,24,24,24,24,24,24,24,24,24,24,24
935,9350,-19.12172,-19.10593,-19.82287,-1.21858,-19.67276,-21.23061,-19.65545,-7.525682,0.248875,3.938249,-3.208415,-15.25607,-22.75279,-19.81987,-18.96796,-18.9331,24,24,24,24,24,24,24,24,24,24,24,24,24,24,24,24,935,9350,-19.75792,-19.36004,3.404641,-7.239524,0.5236301,-1.104518,0.7836601,0.7822297,-0.3882574,1.02997,-1.445368,-0.5388677,0.2559268,0.2227466,-0.4817905,-0.9041627,24,24,24,24,24,24,24,24,24,24,24,24,24,24,24,24
936,9360,-18.88122,-18.38038,-18.9613,-2.071547,-18.58653,-19.99648,-18.63453,-7.274906,1.735266,3.692109,-2.495443,-14.87785,-22.15767,-20.05858,-19.08719,-18.08944,24,24,24,24,24,24,24,24,24,24,24,24,24,24,24,24,936,9360,-18.9518,-19.36004,3.928428,-8.273742,-0.2642928,0.3681236,0.3918629,0.1303481,0.3882783,-0.5149847,-1.05118,0.5387874,-0.3839808,-0.5567991,-0.6022382,0.2260856,24,24,24,24,24,24,24,24,24,24,24,24,24,24,24,24
937,9370,-19.24197,-18.74315,-19.33055,-2.193399,-19.31067,-21.72426,-18.12407,-7.149518,1.6114,3.815179,-2.970757,-13.86925,-22.51474,-19.81987,-19.44488,-19.65623,24,24,24,24,24,24,24,24,24,24,24,24,24,24,24,24,937,9370,-19.89227,-18.43878,3.14275,-8.790145,-0.001651865,0.4908432,0.5224614,-0.2607828,0.2588581,-1.158715,0.1313787,0.2693745,-1.407834,0.6682028,0.1204489,-0.2260118,24,24,24,24,24,24,24,24,24,24,24,24,24,24,24,24
938,9380,-19.60272,-18.74315,-20.06904,-1.827842,-20.03482,-21.84767,-19.14499,-8.278008,0.8682054,3.445969,-3.208415,-15.00392,-22.51474,-19.34245,-18.13334,-18.69205,24,24,24,24,24,24,24,24,24,24,24,24,24,24,24,24,938,9380,-18.81745,-19.09682,2.88086,-7.627356,1.048913,0.4908432,0.3918629,-0.3911598,-0.3882558,0.1287468,0.1313787,-0.1347466,0.383907,-0.2227081,-0.7226863,0.1130621,24,24,24,24,24,24,24,24,24,24,24,24,24,24,24,24
939,9390,-19.00147,-18.985,-19.33055,-2.315252,-18.82791,-21.72426,-18.63453,-8.278008,1.6114,2.953688,-2.970757,-15.76037,-22.51474,-20.89406,-19.32565,-18.57153,24,24,24,24,24,24,24,24,24,24,24,24,24,24,24,24,939,9390,-20.16097,-20.80775,3.928428,-7.368801,-0.6582547,-3.531685E-05,-0.2611344,-0.52154,0.5177033,0.1287468,-0.2628119,0.134668,-0.5119627,1.926374E-05,8.026557E-07,-0.2260118,24,24,24,24,24,24,24,24,24,24,24,24,24,24,24,24
940,9400,-18.64072,-18.74315,-18.46897,-2.071547,-18.94861,-20.61355,-17.61361,-7.651069,1.363669,3.938249,-2.138958,-13.86924,-22.51474,-18.86504,-19.08719,-19.89728,24,24,24,24,24,24,24,24,24,24,24,24,24,24,24,24,940,9400,-19.75792,-18.96521,4.452216,-7.368801,1.048913,-0.6136367,-0.522333,0.391102,0.6471251,0.3862387,0.5255629,-0.1347466,-0.2560006,-0.4454354,-0.2408946,-0.2260118,24,24,24,24,24,24,24,24,24,24,24,24,24,24,24,24
941,9410,-19.60272,-19.10593,-19.45363,-2.437104,-19.43137,-20.86037,-18.63453,-7.651069,1.115937,3.569038,-3.208415,-13.86924,-22.51474,-19.81987,-18.84873,-18.69205,24,24,24,24,24,24,24,24,24,24,24,24,24,24,24,24,941,9410,-19.89227,-19.36004,3.666538,-7.756633,-0.5269346,-0.2454778,0.2612628,0.2607251,0.2588581,0,-0.2628119,0.2693745,0.3839054,1.926374E-05,-0.2408946,-0.4520621,24,24,24,24,24,24,24,24,24,24,24,24,24,24,24,24
942,9420,-18.15973,-18.86408,-18.34588,-3.046366,-18.22445,-21.60085,-18.88976,-8.027232,0.8682054,2.953688,-3.327243,-14.75177,-22.27669,-19.58116,-18.13334,-20.0178,24,24,24,24,24,24,24,24,24,24,24,24,24,24,24,24,942,9420,-19.75792,-19.22843,3.666538,-8.919242,0.129669,0.981725,-0.1305343,0.6518559,0.1294346,-0.901223,0.3941649,0.404081,0.2559235,0.4454755,-0.4817905,0.452136,24,24,24,24,24,24,24,24,24,24,24,24,24,24,24,24
943,9430,-18.27997,-18.985,-18.46897,-2.315252,-18.82791,-20.61355,-19.2726,-7.274906,0.3727413,3.445969,-3.802556,-15.25607,-23.70499,-20.29729,-19.9218,-18.69205,24,24,24,24,24,24,24,24,24,24,24,24,24,24,24,24,943,9430,-18.68309,-19.88648,2.618963,-7.627356,0.2609891,-0.6136367,0.6530615,-1.043048,-0.2588324,0.2574928,0.1313755,-0.8082823,0.2559235,-0.6681627,0.4817924,-0.4520621,24,24,24,24,24,24,24,24,24,24,24,24,24,24,24,24
944,9440,-18.15973,-19.34778,-19.45363,-1.705989,-20.03482,-21.23061,-19.52783,-7.525681,1.239803,4.67667,-1.425987,-12.35635,-20.84839,-19.58116,-19.08719,-19.41519,24,24,24,24,24,24,24,24,24,24,24,24,24,24,24,24,944,9440,-19.08615,-19.62326,3.797486,-7.368801,-0.2642928,0.7362857,-0.7835316,-0.2607828,1.284249E-05,0.2574928,-2.247436E-05,-4.013279E-05,-0.8959098,0.1113829,-0.2408946,0.1130621,24,24,24,24,24,24,24,24,24,24,24,24,24,24,24,24
945,9450,-18.76097,-19.71055,-18.9613,-2.558956,-18.70722,-20.61355,-17.99645,-8.403395,0.4966071,3.322898,-2.257786,-13.99532,-22.63377,-20.77471,-18.7295,-19.89728,24,24,24,24,24,24,24,24,24,24,24,24,24,24,24,24,945,9450,-19.2205,-19.09682,4.583164,-8.402856,0.654951,-0.3681974,-0.2611344,-2.88956E-05,-0.1294106,0,0.2627702,-0.2694531,0.6398675,0.4454755,-0.3613428,3.852747E-05,24,24,24,24,24,24,24,24,24,24,24,24,24,24,24,24
946,9460,-19.72297,-18.62223,-20.19212,-1.705989,-20.5176,-21.72426,-20.42113,-7.901844,-0.1227228,3.692109,-3.5649,-15.38215,-22.87182,-19.93923,-19.20642,-18.69205,24,24,24,24,24,24,24,24,24,24,24,24,24,24,24,24,946,9460,-18.54874,-18.57039,3.535589,-7.110247,-0.6582547,-0.1227549,0.1306643,-0.1304059,0.3882799,0.1287468,-0.5256046,-0.2694531,0.5118856,-0.3340717,-0.2408946,-0.4520621,24,24,24,24,24,24,24,24,24,24,24,24,24,24,24,24
947,9470,-19.24197,-19.22685,-19.20746,-2.071547,-19.18998,-20.86037,-18.76214,-7.149518,1.239803,3.445969,-2.7331,-14.87785,-22.63377,-21.61019,-19.80257,-18.81258,24,24,24,24,24,24,24,24,24,24,24,24,24,24,24,24,947,9470,-18.81745,-18.8336,3.797441,-7.88591,-0.001651865,0.2454039,-0.7835316,0.6518559,-0.5176792,-0.901223,-2.247436E-05,-0.2694531,-0.6399462,0.8909301,-0.2408946,0.3391124,24,24,24,24,24,24,24,24,24,24,24,24,24,24,24,24
948,9480,-20.44447,-19.9524,-20.3152,-2.680809,-20.15552,-22.21791,-18.88976,-7.901844,0.8682054,4.184389,-2.257786,-13.99532,-22.39572,-20.05858,-19.32565,-20.25885,24,24,24,24,24,24,24,24,24,24,24,24,24,24,24,24,948,9480,-18.68309,-18.57039,3.666493,-7.11025,0.129669,-3.531685E-05,0.9142601,-0.52154,-0.3882558,0.1287468,0.3941649,0.134668,-0.2560022,-0.2227081,-0.1204469,-0.5650889,24,24,24,24,24,24,24,24,24,24,24,24,24,24,24,24
949,9490,-19.84322,-18.985,-19.94596,-2.193399,-19.55206,-21.47743,-18.76214,-8.278008,1.115937,3.692109,-3.208415,-15.13,-23.22889,-19.34245,-19.08719,-19.41519,24,24,24,24,24,24,24,24,24,24,24,24,24,24,24,24,949,9490,-18.9518,-19.75487,3.535544,-7.498082,0.39231,0.4908432,-0.2611344,-0.52154,0.7765485,0.2574928,-0.2628119,0.2693745,-0.767928,-0.2227081,0.3613448,0.1130621,24,24,24,24,24,24,24,24,24,24,24,24,24,24,24,24
950,9500,-18.88122,-20.19425,-18.9613,-2.315252,-19.06929,-21.84768,-18.63453,-8.152619,0.9920712,3.199828,-3.446071,-15.6343,-23.34792,-21.01342,-19.08719,-19.41519,24,24,24,24,24,24,24,24,24,24,24,24,24,24,24,24,950,9500,-19.75792,-19.09682,4.059331,-7.885914,0.39231,-0.6136367,0.1306643,0.1303481,0.1294346,-0.5149847,0.5255629,-0.9429888,-4.013279E-05,1.926374E-05,-1.204478,-0.2260118,24,24,24,24,24,24,24,24,24,24,24,24,24,24,24,24
951,9510,-19.00147,-19.22685,-18.9613,-1.584137,-18.70722,-21.1072,-19.52783,-7.525681,1.487535,3.938249,-2.138958,-13.99532,-22.99084,-19.70052,-19.20642,-19.65623,24,24,24,24,24,24,24,24,24,24,24,24,24,24,24,24,951,9510,-19.08615,-18.57039,3.666493,-7.498082,-0.5269346,-0.2454778,6.421245E-05,0.521479,0.5177033,0.1287468,-0.9197921,-0.2694531,-0.1280204,-0.4454354,-0.6022382,-0.2260118,24,24,24,24,24,24,24,24,24,24,24,24,24,24,24,24
952,9520,-19.24197,-19.4687,-19.45363,-2.437104,-19.06929,-20.49013,-19.01737,-7.651069,0.3727413,3.938249,-1.901301,-13.49102,-22.51474,-20.29729,-19.56411,-19.77676,24,24,24,24,24,24,24,24,24,24,24,24,24,24,24,24,952,9520,-19.08615,-19.09682,4.845009,-8.144468,0.129669,0.4908432,0.1306643,0.521479,0.1294346,-0.7724766,0.1313755,0.2693745,-0.2560022,0.4454755,0.2408966,3.852747E-05,24,24,24,24,24,24,24,24,24,24,24,24,24,24,24,24
953,9530,-19.12172,-20.19425,-18.83821,-3.29007,-19.67276,-22.58815,-19.2726,-8.779558,0.1250606,3.076758,-2.614272,-13.99532,-22.15767,-19.58116,-18.25257,-20.37937,24,24,24,24,24,24,24,24,24,24,24,24,24,24,24,24,953,9530,-19.48921,-18.70199,2.357027,-7.368804,0.39231,-0.1227549,1.044859,-2.88956E-05,-0.6471026,0.5149855,0.2627702,-0.6735742,0.5118856,0.1113829,0.1204489,0.452136,24,24,24,24,24,24,24,24,24,24,24,24,24,24,24,24
954,9540,-19.60272,-18.985,-19.82287,-1.827842,-19.18998,-20.61355,-19.52783,-7.274906,0.001194352,4.06132,-4.040213,-14.75177,-23.58597,-20.77471,-19.80257,-18.33048,24,24,24,24,24,24,24,24,24,24,24,24,24,24,24,24,954,9540,-18.54874,-19.75487,4.321222,-7.11025,-0.2642928,0.4908432,-0.522333,-0.9126709,0.5177017,0.1287468,-0.2628119,0.6734955,-1.279854,-0.5567991,0.4817924,-0.2260118,24,24,24,24,24,24,24,24,24,24,24,24,24,24,24,24
955,9550,-19.36222,-19.10593,-18.9613,-1.827842,-19.18998,-21.35402,-19.14498,-7.149518,1.611452,4.06132,-2.376562,-14.1214,-22.03864,-20.17794,-19.20642,-19.77676,24,24,24,24,24,24,24,24,24,24,24,24,24,24,24,24,955,9550,-19.35486,-18.43878,4.19028,-8.015191,0.39231,-0.6136367,-0.2611344,0.521479,-0.1294122,0.1287468,-2.247436E-05,-1.077695,0.2559235,0.3341102,0.1204489,-0.3390386,24,24,24,24,24,24,24,24,24,24,24,24,24,24,24,24
956,9560,-20.32422,-19.9524,-20.19212,-2.802661,-19.79344,-22.34133,-19.01737,-8.152619,0.9921225,3.938249,-2.614219,-14.6257,-22.39572,-19.93923,-19.20642,-20.0178,24,24,24,24,24,24,24,24,24,24,24,24,24,24,24,24,956,9560,-19.35486,-19.09682,3.666493,-7.498082,-0.3956137,-0.2454778,0.3918629,0.391102,-0.1294122,0.1287468,-1.445374,-0.8082823,0.2559235,0.2227466,-0.8431344,-1.017186,24,24,24,24,24,24,24,24,24,24,24,24,24,24,24,24
957,9570,-19.48247,-19.10593,-19.94596,-2.315252,-20.15552,-21.84768,-20.03829,-7.651069,0.8682567,3.445969,-2.851876,-14.75177,-22.87182,-20.17794,-18.96796,-18.69205,24,24,24,24,24,24,24,24,24,24,24,24,24,24,24,24,957,9570,-19.08615,-19.62326,4.059331,-7.756637,0.2609891,0.3681236,-0.1305343,-0.1304059,-0.258834,-1.802446,0.1313755,-4.013279E-05,-0.3839279,0.3341102,0.1204489,-0.3390386,24,24,24,24,24,24,24,24,24,24,24,24,24,24,24,24
958,9580,-19.24197,-18.62223,-19.82287,-2.315252,-19.31067,-21.23061,-18.50691,-7.901844,1.239854,3.199829,-2.376562,-15.88645,-23.10987,-21.13277,-19.44488,-19.29467,24,24,24,24,24,24,24,24,24,24,24,24,24,24,24,24,958,9580,-19.48921,-18.96521,3.273654,-7.498082,-0.001651865,0.1226843,0.2612628,-0.2607828,-0.3882574,0.1287468,0.1313755,-0.2694531,0.5119434,-0.6681627,0.7226883,-0.1129882,24,24,24,24,24,24,24,24,24,24,24,24,24,24,24,24
959,9590,-19.12172,-19.22685,-19.69979,-2.315252,-20.03482,-22.0945,-18.88975,-7.776456,1.611452,4.676671,-2.495391,-14.1214,-22.51475,-20.41665,-20.2795,-19.77676,24,24,24,24,24,24,24,24,24,24,24,24,24,24,24,24,959,9590,-19.48921,-20.67614,3.666493,-7.498082,-0.1329728,0.4908432,-0.2611344,-1.564556,0.6471235,0.6437315,-0.5256046,0.404081,1.765843E-05,-0.5567991,0.1204489,3.852747E-05,24,24,24,24,24,24,24,24,24,24,24,24,24,24,24,24
960,9600,-19.60272,-19.4687,-19.69979,-3.533775,-19.67276,-21.60085,-19.2726,-7.400293,1.239854,4.06132,-2.733047,-13.61709,-22.51475,-19.93923,-18.7295,-20.25885,24,24,24,24,24,24,24,24,24,24,24,24,24,24,24,24,960,9600,-20.02662,-19.62326,4.45217,-7.885914,0.5236301,-0.6136367,-0.9141301,0.521479,0.6471235,0.1287468,0.2627702,-0.2694531,-0.255946,-0.4454354,-0.1204469,-1.926374E-05,24,24,24,24,24,24,24,24,24,24,24,24,24,24,24,24
961,9610,-18.64073,-19.83147,-19.69979,-2.680809,-19.79344,-21.84768,-19.91067,-8.65417,0.7443901,3.199829,-3.208362,-14.75177,-23.10987,-20.536,-18.7295,-19.89728,24,24,24,24,24,24,24,24,24,24,24,24,24,24,24,24,961,9610,-19.2205,-19.22843,3.535544,-7.627359,-0.1329728,-0.7363563,6.421245E-05,-0.1304059,-0.258834,0,-0.6569993,-4.013279E-05,0.3839616,0.5568392,8.026557E-07,-1.017244,24,24,24,24,24,24,24,24,24,24,24,24,24,24,24,24
962,9620,-18.64073,-19.22685,-19.45363,-2.558956,-19.18998,-21.23061,-19.01737,-7.02413,0.8682567,4.79974,-3.446018,-14.6257,-22.87182,-19.58116,-18.84873,-19.65623,24,24,24,24,24,24,24,24,24,24,24,24,24,24,24,24,962,9620,-19.89227,-20.41292,3.797441,-8.402856,-0.2642928,-0.4909171,6.421245E-05,0.391102,-0.1294122,-0.901223,0.6569576,0.134668,1.765843E-05,0.5568392,0.2408966,-0.3390931,24,24,24,24,24,24,24,24,24,24,24,24,24,24,24,24
963,9630,-19.24197,-19.4687,-18.83821,-1.827842,-19.67276,-20.86037,-19.01737,-7.02413,2.106917,4.18439,-2.614219,-14.24747,-22.39572,-20.29729,-19.20642,-18.81258,24,24,24,24,24,24,24,24,24,24,24,24,24,24,24,24,963,9630,-19.35486,-18.57039,3.404589,-8.015191,0.2609891,0.2454039,-0.6529315,0.6518559,-0.258834,-0.6437306,-0.2628119,-4.013279E-05,0.1279979,-0.3340717,0.6022402,-0.113046,24,24,24,24,24,24,24,24,24,24,24,24,24,24,24,24
964,9640,-19.12172,-18.985,-19.69979,-2.924564,-19.43137,-21.47744,-18.50691,-8.027232,0.7443901,3.692109,-2.376562,-13.74317,-21.56255,-19.58116,-18.49103,-19.53571,24,24,24,24,24,24,24,24,24,24,24,24,24,24,24,24,964,9640,-18.9518,-20.1497,3.666486,-7.49808,0.654951,-0.1227549,0.3918629,-1.303802,0.5177017,0.6437315,-0.7883941,-0.1347466,-0.3839279,-1.224983,8.026557E-07,-0.3390931,24,24,24,24,24,24,24,24,24,24,24,24,24,24,24,24
965,9650,-18.64073,-18.62223,-19.45363,-2.19345,-19.43137,-19.62624,-18.63453,-7.525681,1.239854,3.569039,-2.970704,-15.13,-22.15767,-19.81987,-18.49103,-17.72787,24,24,24,24,24,24,24,24,24,24,24,24,24,24,24,24,965,9650,-19.35486,-18.96521,4.583113,-7.239526,-0.001651865,-0.2454778,-0.522333,-0.1304059,1.123718E-05,-0.2574919,0.6569576,-0.4041612,-0.5119081,0.4454755,8.026557E-07,0.2260311,24,24,24,24,24,24,24,24,24,24,24,24,24,24,24,24
966,9660,-18.40023,-18.38038,-19.08438,-2.315302,-18.82791,-21.47743,-18.50691,-7.400293,1.239854,3.322899,-2.020077,-14.75177,-22.03864,-20.41665,-19.44488,-17.96892,24,24,24,24,24,24,24,24,24,24,24,24,24,24,24,24,966,9660,-18.01133,-17.64912,3.01175,-7.239526,-0.001651865,-0.9817474,0.5224614,0.6518559,-0.9059478,0.3862387,-0.7883941,0.5387874,1.765843E-05,1.926374E-05,-0.8431344,-0.4521199,24,24,24,24,24,24,24,24,24,24,24,24,24,24,24,24
967,9670,-18.52048,-19.10592,-19.08438,-2.680859,-18.22445,-20.73696,-17.74122,-6.898743,2.354648,4.30746,-2.970704,-14.1214,-22.39572,-19.46181,-19.44488,-19.77676,24,24,24,24,24,24,24,24,24,24,24,24,24,24,24,24,967,9670,-18.41439,-18.43878,4.059325,-8.144467,-0.3956137,-0.1227036,0.3918115,-0.1304059,0.2588564,-0.7724766,-0.3942067,0.404081,-0.1279642,-0.1113444,0.1204489,-1.926374E-05,24,24,24,24,24,24,24,24,24,24,24,24,24,24,24,24
968,9680,-19.60272,-19.34777,-20.43829,-2.437154,-19.91413,-21.72426,-19.40021,-7.400294,0.9921225,4.30746,-2.376562,-13.99532,-22.15767,-19.70052,-18.49103,-18.81258,24,24,24,24,24,24,24,24,24,24,24,24,24,24,24,24,968,9680,-18.14568,-18.17556,2.74986,-8.531952,0.129669,0.7363371,0.130613,0.2607282,-0.776526,-0.128746,0.3941649,-4.013279E-05,0.5119434,1.926374E-05,8.026557E-07,0.5651049,24,24,24,24,24,24,24,24,24,24,24,24,24,24,24,24
969,9690,-19.00147,-19.10592,-18.59205,-2.315302,-18.10376,-20.98378,-18.76214,-7.65107,0.6205243,3.199829,-2.376562,-15.00392,-23.34792,-20.65536,-18.49103,-19.17414,24,24,24,24,24,24,24,24,24,24,24,24,24,24,24,24,969,9690,-18.28003,-18.57039,3.666486,-7.49808,0.2609891,1.605311E-05,-0.1305857,-1.173422,0.5177001,0.3862387,0.2627702,0.134668,-0.255946,-0.6681627,-0.4817909,-0.3390931,24,24,24,24,24,24,24,24,24,24,24,24,24,24,24,24
970,9700,-18.88122,-19.34777,-18.9613,-2.437154,-18.82791,-20.98378,-18.88975,-7.400294,0.9921225,4.5536,-2.495391,-13.74317,-23.10987,-19.70052,-19.68334,-19.05362,24,24,24,24,24,24,24,24,24,24,24,24,24,24,24,24,970,9700,-18.68309,-18.57039,4.583113,-6.722417,0.2609891,-0.3681461,-1.17538,-0.1304027,0.5177001,-0.3862379,-2.247436E-05,0.134668,-0.3839279,1.926374E-05,8.026557E-07,-0.4521199,24,24,24,24,24,24,24,24,24,24,24,24,24,24,24,24
971,9710,-19.48247,-19.34777,-18.9613,-2.315302,-19.55206,-21.23061,-19.01737,-6.522581,1.487586,4.922811,-2.970757,-14.6257,-21.8006,-19.58116,-18.3718,-19.89728,24,24,24,24,24,24,24,24,24,24,24,24,24,24,24,24,971,9710,-18.81745,-18.04395,4.452164,-8.661049,0.129669,-1.227187,-0.1305857,0.3911052,0.1294314,-0.128746,0.6569576,-0.4041612,-0.3839279,0.4454755,-0.7226863,-0.5651435,24,24,24,24,24,24,24,24,24,24,24,24,24,24,24,24
972,9720,-19.12172,-19.4687,-18.59205,-2.924564,-19.06929,-21.35402,-19.14498,-7.65107,0.7443901,3.692109,-2.376615,-14.49962,-22.51475,-19.81987,-18.84873,-19.41519,24,24,24,24,24,24,24,24,24,24,24,24,24,24,24,24,972,9720,-18.41439,-18.30717,3.928377,-7.239526,-0.6582547,-0.2454264,-0.1305857,0.3911052,-0.1294138,-0.6437306,-0.7883941,-0.2694531,0.1279979,-0.6681627,-0.7226863,-0.4521199,24,24,24,24,24,24,24,24,24,24,24,24,24,24,24,24
973,9730,-18.52048,-18.25945,-19.45363,-1.462335,-19.67276,-20.49013,-19.2726,-7.400294,0.8682567,3.938249,-3.5649,-14.75177,-22.87182,-20.05858,-18.49103,-18.57153,24,24,24,24,24,24,24,24,24,24,24,24,24,24,24,24,973,9730,-18.81745,-18.30717,3.535538,-8.273745,-0.001651865,0.2454553,-0.783583,0.9126131,-0.388259,-0.6437306,-0.1314172,0.6734955,-0.7679232,0.3341102,-0.240895,-1.926374E-05,24,24,24,24,24,24,24,24,24,24,24,24,24,24,24,24
974,9740,-19.24197,-18.5013,-19.08438,-2.315302,-18.82791,-20.49013,-18.12407,-7.525682,1.611452,3.938249,-2.138958,-14.75177,-21.68157,-21.25213,-19.80257,-18.45101,24,24,24,24,24,24,24,24,24,24,24,24,24,24,24,24,974,9740,-18.28003,-18.96521,3.666486,-7.756635,0.129669,0.1227357,0.6530101,-1.043045,-0.388259,0.5149855,0.3941649,-0.5388677,-0.1280155,-0.3340717,-0.240895,-1.926374E-05,24,24,24,24,24,24,24,24,24,24,24,24,24,24,24,24
975,9750,-19.24197,-19.10592,-19.08438,-2.559007,-19.43137,-21.72426,-18.63453,-7.274907,1.239854,3.938249,-2.495443,-14.49962,-22.99084,-20.41665,-19.32565,-20.49989,24,24,24,24,24,24,24,24,24,24,24,24,24,24,24,24,975,9750,-18.68309,-20.01809,3.666486,-7.368804,-0.5269346,0.7363371,-0.3917843,-1.173422,9.631868E-06,0.2574928,-0.6569993,0.808202,-0.6399413,-0.3340717,-0.3613428,0.1130043,24,24,24,24,24,24,24,24,24,24,24,24,24,24,24,24
976,9760,-19.48247,-19.10592,-19.69979,-2.437154,-20.5176,-22.0945,-19.65544,-7.901845,1.36372,3.569039,-3.208415,-15.6343,-22.87182,-20.05858,-19.08719,-19.17414,24,24,24,24,24,24,24,24,24,24,24,24,24,24,24,24,976,9760,-20.02662,-18.70199,4.845003,-7.239526,0.5236301,-0.2454264,-0.6529829,0.1303513,0.2588548,0,-2.247436E-05,0.134668,-0.3839792,0.4454755,-0.1204469,-0.113046,24,24,24,24,24,24,24,24,24,24,24,24,24,24,24,24
977,9770,-19.84322,-19.83147,-19.94596,-1.949745,-19.79344,-22.58815,-19.01737,-8.15262,1.735318,3.445969,-2.495443,-14.87785,-22.75279,-21.72955,-20.16026,-19.05362,24,24,24,24,24,24,24,24,24,24,24,24,24,24,24,24,977,9770,-18.9518,-18.57039,3.797435,-6.722417,-0.001651865,-0.3681461,-0.3917843,0.9126131,9.631868E-06,0.1287468,-0.2628119,-0.2694531,-3.371154E-05,-0.1113444,-1.204478,-0.9042205,24,24,24,24,24,24,24,24,24,24,24,24,24,24,24,24
978,9780,-19.84322,-19.83147,-19.82287,-2.437154,-19.67276,-21.84767,-19.2726,-7.776457,1.36372,3.938249,-2.970757,-14.75177,-23.22889,-19.93923,-19.44488,-20.74094,24,24,24,24,24,24,24,24,24,24,24,24,24,24,24,24,978,9780,-17.74262,-18.43878,4.583113,-7.49808,-0.9208965,-0.1227036,0.2612115,-0.3911598,0.3882767,-0.5149847,-0.7883941,0.134668,0.7678542,-0.2227081,0.6022406,0.1130043,24,24,24,24,24,24,24,24,24,24,24,24,24,24,24,24
979,9790,-20.44447,-20.19424,-20.19213,-2.437154,-20.27621,-21.84767,-19.40021,-7.901845,0.7443901,3.815179,-3.089586,-14.75177,-23.46694,-20.29729,-19.68334,-19.29467,24,24,24,24,24,24,24,24,24,24,24,24,24,24,24,24,979,9790,-19.08615,-18.57039,3.273654,-8.402856,0.5236301,0.6136174,-0.783583,0.9126131,9.631868E-06,-0.2574919,0.1313755,-4.013279E-05,-0.1280155,0.3341102,0.4817924,0.4520782,24,24,24,24,24,24,24,24,24,24,24,24,24,24,24,24
980,9800,-18.88122,-20.19424,-19.33055,-2.924564,-19.79344,-22.71156,-19.14498,-8.403396,0.6205243,2.953688,-3.446071,-15.50822,-23.70499,-21.37148,-19.68334,-19.77676,24,24,24,24,24,24,24,24,24,24,24,24,24,24,24,24,980,9800,-17.87698,-18.17556,3.404602,-6.722417,0.5236301,-0.8590278,1.284249E-05,-0.7822907,-0.1294138,0.1287468,1.051145,-1.077695,0.2559284,-0.5567991,-0.4817905,-1.926374E-05,24,24,24,24,24,24,24,24,24,24,24,24,24,24,24,24
981,9810,-18.76097,-19.34777,-18.9613,-2.19345,-18.9486,-21.97108,-19.14498,-6.647968,1.239854,4.43053,-3.5649,-15.25607,-23.22889,-19.70052,-19.80257,-19.53572,24,24,24,24,24,24,24,24,24,24,24,24,24,24,24,24,981,9810,-18.68309,-19.36004,3.535544,-7.110249,-0.1329728,1.605311E-05,-0.5223843,-0.5215368,9.631868E-06,0.2574928,-0.1314172,-4.013279E-05,-0.6399413,0.1113829,-0.2408946,0.1130043,24,24,24,24,24,24,24,24,24,24,24,24,24,24,24,24
982,9820,-19.72297,-19.83147,-19.94596,-2.19345,-19.55206,-21.97108,-19.14498,-7.274907,1.859184,5.045881,-1.901301,-14.1214,-22.51474,-20.536,-19.20642,-19.53572,24,24,24,24,24,24,24,24,24,24,24,24,24,24,24,24,982,9820,-19.48921,-18.43878,3.928383,-8.661049,1.048913,-0.2454778,-0.2611858,0.2607282,0.1294314,-0.2574919,0.3941649,-1.077695,0.2559284,1.926374E-05,-0.1204469,-0.113046,24,24,24,24,24,24,24,24,24,24,24,24,24,24,24,24
983,9830,-19.36222,-19.34777,-18.83822,-2.680859,-19.18998,-22.46474,-19.78306,-8.278008,0.4966584,3.199829,-3.683728,-15.25607,-23.22889,-20.17793,-18.61026,-19.77676,24,24,24,24,24,24,24,24,24,24,24,24,24,24,24,24,983,9830,-18.41439,-18.30717,3.142705,-6.463862,-0.1329728,-0.8590792,0.2612628,0.2607282,-0.9059494,0.2574928,-0.7883941,0.2693745,0.2559284,-0.1113444,-0.7226863,-0.9042205,24,24,24,24,24,24,24,24,24,24,24,24,24,24,24,24
984,9840,-18.88122,-18.5013,-18.71514,-2.315302,-19.31067,-20.86037,-19.01737,-6.898744,1.115988,4.676671,-2.851929,-14.37355,-22.15767,-19.2231,-18.3718,-19.29467,24,24,24,24,24,24,24,24,24,24,24,24,24,24,24,24,984,9840,-18.28003,-19.49165,4.321222,-8.661049,-0.5269346,-0.3681974,6.421245E-05,-0.1304059,0.6471218,-0.7724766,-0.6569993,0.2693745,0.1279465,1.926374E-05,-0.6022382,0.1130043,24,24,24,24,24,24,24,24,24,24,24,24,24,24,24,24
985,9850,-18.40023,-17.29206,-18.22281,-1.218631,-18.22445,-19.87306,-17.86884,-6.522581,1.982999,4.43053,-2.7331,-14.1214,-21.56254,-19.10374,-18.61026,-18.57153,24,24,24,24,24,24,24,24,24,24,24,24,24,24,24,24,985,9850,-18.01133,-18.30717,2.487976,-7.756635,-0.001651865,-3.531685E-05,-0.522333,0.6518559,-0.647101,0.1287468,0.5255629,0.2693745,0.3839102,-0.3340717,-0.6022382,0.3390546,24,24,24,24,24,24,24,24,24,24,24,24,24,24,24,24
986,9860,-18.88122,-19.10592,-19.20747,-2.924564,-19.18998,-21.23061,-18.25168,-6.898744,1.115937,4.5536,-2.376615,-14.49962,-21.91962,-19.58116,-19.08719,-18.9331,24,24,24,24,24,24,24,24,24,24,24,24,24,24,24,24,986,9860,-18.9518,-19.36004,3.535544,-8.402856,-0.1329728,-3.531685E-05,0.7836601,-0.6519169,-0.2588324,0.1287468,0.9197471,-0.2694531,0.2559284,-0.89089,-0.3613428,-0.4521199,24,24,24,24,24,24,24,24,24,24,24,24,24,24,24,24
987,9870,-18.88122,-17.65483,-19.08438,-2.802711,-19.43136,-20.61354,-18.63453,-7.651068,1.487535,4.184389,-2.257786,-15.13,-21.80059,-18.98439,-18.61026,-18.33048,24,24,24,24,24,24,24,24,24,24,24,24,24,24,24,24,987,9870,-19.35486,-19.36004,3.928383,-7.49808,-0.001651865,0.3681236,-0.3917329,0.2607251,0.2588581,0,-0.1314108,0.9429085,-0.6399413,0.2227466,0.4817924,0.3390546,24,24,24,24,24,24,24,24,24,24,24,24,24,24,24,24
988,9880,-18.03948,-18.86407,-18.71514,-2.19345,-17.98306,-21.35402,-17.74122,-7.274905,1.735267,2.461407,-2.7331,-14.75177,-21.91962,-19.58116,-18.25257,-17.96892,24,24,24,24,24,24,24,24,24,24,24,24,24,24,24,24,988,9880,-20.56403,-19.09682,4.845009,-7.756635,0.654951,-1.227238,-0.1305343,0.1303481,-0.1294106,-0.128746,0.5255661,-0.6735742,-0.2559974,0.1113829,-1.08403,-1.926374E-05,24,24,24,24,24,24,24,24,24,24,24,24,24,24,24,24
989,9890,-17.43823,-17.53391,-17.48431,-2.315302,-17.98306,-19.62624,-17.10315,-7.149518,2.106865,5.045881,-2.138958,-12.86065,-21.80059,-18.26826,-18.13334,-18.33048,24,24,24,24,24,24,24,24,24,24,24,24,24,24,24,24,989,9890,-19.48921,-19.36004,2.880815,-8.273745,-0.5269346,-0.1227549,0.1306643,0.1303481,-0.1294106,0.1287468,-1.05118,0.2693745,-0.6399462,-0.2227081,-0.7226863,-0.6781702,24,24,24,24,24,24,24,24,24,24,24,24,24,24,24,24
990,9900,-18.15973,-18.74315,-19.20747,-2.315302,-18.46583,-20.73696,-18.88976,-7.149518,2.106865,4.30746,-2.495443,-13.99532,-21.80059,-18.98439,-18.13334,-18.45101,24,24,24,24,24,24,24,24,24,24,24,24,24,24,24,24,990,9900,-19.48921,-19.75487,3.666493,-8.144467,-0.3956137,0.3681236,-0.2611344,-0.3911598,0.5177033,-1.158715,-0.1314108,-0.1347466,-0.1280204,0.1113829,8.026557E-07,-1.926374E-05,24,24,24,24,24,24,24,24,24,24,24,24,24,24,24,24
991,9910,-18.03948,-19.58962,-18.09972,-2.559007,-18.70721,-21.35402,-18.63453,-7.525681,0.6204729,3.322898,-3.446071,-14.24747,-21.91962,-19.2231,-17.65642,-19.53572,24,24,24,24,24,24,24,24,24,24,24,24,24,24,24,24,991,9910,-19.75792,-19.22843,3.142705,-8.015189,0.39231,0.2454039,-0.3917329,0.2607251,-1.294215,-0.3862379,0.2627766,-0.2694531,-0.2560022,1.926374E-05,0.3613448,0.2260311,24,24,24,24,24,24,24,24,24,24,24,24,24,24,24,24
992,9920,-18.64072,-18.38038,-18.59205,-1.827893,-18.70721,-19.62624,-18.3793,-6.898744,1.239803,4.30746,-3.089586,-14.37355,-22.39572,-19.46181,-18.49103,-17.48683,24,24,24,24,24,24,24,24,24,24,24,24,24,24,24,24,992,9920,-19.48921,-19.75487,3.666493,-8.273745,-0.001651865,0.2454039,0.1306643,-0.7822939,0.2588581,0.3862387,0.1313787,0.134668,-0.1280204,-0.6681627,-0.6022382,-0.3390899,24,24,24,24,24,24,24,24,24,24,24,24,24,24,24,24
993,9930,-18.27998,-17.77575,-18.09972,-2.19345,-18.58652,-20.49013,-18.12407,-7.149518,1.239803,3.445969,-2.376615,-14.49962,-21.08644,-20.17794,-18.49103,-18.57153,24,24,24,24,24,24,24,24,24,24,24,24,24,24,24,24,993,9930,-19.75792,-19.75487,3.928383,-7.756635,-0.1329728,0.1226843,-0.7835316,0.391102,1.284249E-05,-0.2574919,-0.6569929,-0.1347466,-1.279854,-0.1113444,0.4817924,0.2260343,24,24,24,24,24,24,24,24,24,24,24,24,24,24,24,24
994,9940,-19.36222,-19.71055,-19.69979,-2.437154,-18.46583,-20.73696,-17.86884,-7.02413,1.6114,4.79974,-1.901301,-14.6257,-22.15767,-19.70052,-18.61027,-19.53571,24,24,24,24,24,24,24,24,24,24,24,24,24,24,24,24,994,9940,-19.89227,-18.8336,4.321222,-9.048338,0.9175919,-1.104518,-0.2611344,0.2607251,1.284249E-05,0.1287468,0.5255661,-0.6735742,0.1279417,0.4454755,-0.1204469,-0.1130396,24,24,24,24,24,24,24,24,24,24,24,24,24,24,24,24
995,9950,-19.12172,-18.74315,-19.57671,-2.19345,-19.06928,-21.35402,-19.14499,-8.403394,0.6204729,3.569039,-1.901301,-14.24747,-22.51474,-19.58116,-18.96796,-18.69205,24,24,24,24,24,24,24,24,24,24,24,24,24,24,24,24,995,9950,-19.2205,-19.22843,3.011802,-7.49808,-0.2642928,-0.8590792,6.421245E-05,0.521479,-0.2588324,0.1287468,-0.9197856,0.2693745,0.2559235,-0.2227081,-0.6022382,-0.3390899,24,24,24,24,24,24,24,24,24,24,24,24,24,24,24,24
996,9960,-19.48247,-19.10593,-18.09972,-1.827893,-18.34513,-20.61354,-17.99645,-7.149518,1.735267,3.445969,-2.7331,-15.50822,-22.99084,-20.65536,-18.61027,-18.20996,24,24,24,24,24,24,24,24,24,24,24,24,24,24,24,24,996,9960,-17.87698,-19.09682,3.273699,-8.790145,-0.7895756,0.1226843,0.6530615,0.2607251,0.1294346,-0.7724766,-0.2628087,0.404081,-0.2560022,0.1113829,0.2408966,0.2260343,24,24,24,24,24,24,24,24,24,24,24,24,24,24,24,24
997,9970,-19.24197,-18.74315,-18.34589,-2.19345,-18.82791,-21.35402,-18.25168,-7.525681,1.239803,4.184389,-2.851929,-13.74317,-21.20547,-18.74568,-19.32565,-18.57153,24,24,24,24,24,24,24,24,24,24,24,24,24,24,24,24,997,9970,-20.42968,-18.70199,2.618963,-8.015187,0.1296698,0.4908432,-0.7835316,0.2607251,-0.2588324,-0.5149847,-0.3942035,0.2693745,-0.8959098,0.5568392,-0.4817905,0.339061,24,24,24,24,24,24,24,24,24,24,24,24,24,24,24,24
998,9980,-19.12172,-18.74315,-19.20746,-2.924564,-19.06928,-19.99648,-18.25168,-7.149518,1.239803,4.184389,-2.376615,-13.49102,-21.56254,-18.74568,-17.77565,-18.81258,24,24,24,24,24,24,24,24,24,24,24,24,24,24,24,24,998,9980,-18.14568,-19.22843,2.488021,-7.756633,0.1296698,-0.1227517,0.2612628,-0.52154,-0.2588324,0,-1.605311E-05,-0.1347466,-4.013279E-05,-0.2227081,-0.4817905,-0.4521135,24,24,24,24,24,24,24,24,24,24,24,24,24,24,24,24
999,9990,-17.67873,-18.74315,-18.34589,-3.290121,-18.82791,-21.60085,-18.63453,-8.654169,0.7443388,3.569039,-2.495443,-14.6257,-21.68157,-19.2231,-18.13334,-18.08944,24,24,24,24,24,24,24,24,24,24,24,24,24,24,24,24,999,9990,-19.75792,-20.54453,4.190325,-7.88591,0.1296698,0.4908464,-0.2611858,-0.3911598,0.2588581,0.5149855,0.1313787,-4.013279E-05,-0.3839841,-0.3340717,-0.2408946,0.2260343,24,24,24,24,24,24,24,24,24,24,24,24,24,24,24,24
